[33mNextflow 25.10.2 is available - Please consider updating your version to it(B[m

 N E X T F L O W   ~  version 25.04.6

WARN: It appears you have never run this project before -- Option `-resume` is ignored
Launching `/data/ucct/bi/pipelines/nf-core-taxprofiler/nf-core-taxprofiler-1.2.4/main.nf` [dreamy_celsius] DSL2 - revision: bba6c867d1


------------------------------------------------------
                                        ,--./,-.
        ___     __   __   __   ___     /,-._.--~'
  |\ | |__  __ /  ` /  \ |__) |__         }  {
  | \| |       \__, \__/ |  \ |___     \`-._,-`-,
                                        `._,._,'
  nf-core/taxprofiler 1.2.4
------------------------------------------------------
Input/output options
  input                             : samplesheet.csv
  databases                         : ../../DOC/databasesheet.csv
  outdir                            : ./results
  multiqc_title                     : ERP015409

Preprocessing short-read QC options
  perform_shortread_qc              : true
  shortread_qc_minlength            : 50
  perform_shortread_complexityfilter: true
  shortread_complexityfilter_entropy: 0.5
  save_complexityfiltered_reads     : true

Preprocessing host removal options
  perform_shortread_hostremoval     : true
  hostremoval_reference             : /data/ucct/bi/references/eukaria/homo_sapiens/hg38/NCBI/genome/GCF_000001405.40_GRCh38.p14/GCF_000001405.40_GRCh38.p14_genomic.fna.gz
  shortread_hostremoval_index       : ../../REFERENCES/bowtie2/

Profiling options
  run_diamond                       : true
  kaiju_taxon_rank                  : genus
  ganon_report_rank                 : genus

Postprocessing and visualisation options
  run_profile_standardisation       : true
  run_krona                         : true
  krona_taxonomy_directory          : /data/ucct/bi/research/20250625_TFM_CIBORRA_IC-SM_T/REFERENCES/krona/taxonomy_db
  taxpasta_taxonomy_dir             : ../../REFERENCES/taxdump/2025-09-01_taxdump/
  taxpasta_add_name                 : true
  taxpasta_add_rank                 : true

Generic options
  trace_report_suffix               : 2025-12-17_09-09-22

Core Nextflow options
  runName                           : dreamy_celsius
  containerEngine                   : singularity
  launchDir                         : /data/ucct/bi/research/20250625_TFM_CIBORRA_IC-SM_T/ANALYSIS/20251216_ANALYSIS22_diamond5
  workDir                           : /data/ucct/bi/research/20250625_TFM_CIBORRA_IC-SM_T/ANALYSIS/20251216_ANALYSIS22_diamond5/work
  projectDir                        : /data/ucct/bi/pipelines/nf-core-taxprofiler/nf-core-taxprofiler-1.2.4
  userName                          : carmen.iborra
  profile                           : singularity
  configFiles                       : /data/ucct/bi/pipelines/nf-core-taxprofiler/nf-core-taxprofiler-1.2.4/nextflow.config, /data/ucct/bi/research/20250625_TFM_CIBORRA_IC-SM_T/ANALYSIS/20251216_ANALYSIS22_diamond5/../../DOC/taxprofiler.config

!! Only displaying parameters that differ from the pipeline defaults !!
------------------------------------------------------
* The pipeline
    https://doi.org/10.1101/2023.10.20.563221

* The nf-core framework
    https://doi.org/10.1038/s41587-020-0439-x

* Software dependencies
    https://github.com/nf-core/taxprofiler/blob/master/CITATIONS.md

WARN: The following invalid input values have been detected:

* --max_cpus: 32
* --max_time: 24.h
* --run_krona_combined: true
* --max_memory: 376 GB


[-        ] NFC…PROFILER:TAXPROFILER:UNTAR -

[-        ] NFC…PROFILER:TAXPROFILER:UNTAR -
[-        ] NFC…ROFILER:TAXPROFILER:FASTQC -
[-        ] NFC…ORTREAD_FASTP:FASTP_SINGLE -
[-        ] NFC…ORTREAD_FASTP:FASTP_PAIRED -
[-        ] NFC…ROCESSING:FASTQC_PROCESSED -
[-        ] NFC…EXITYFILTERING:BBMAP_BBDUK -
[-        ] NFC…_HOSTREMOVAL:BOWTIE2_ALIGN -
[-        ] NFC…HOSTREMOVAL:SAMTOOLS_INDEX -
[-        ] NFC…HOSTREMOVAL:SAMTOOLS_STATS -
[-        ] NFC…R:PROFILING:DIAMOND_BLASTX -

[-        ] NFC…PROFILER:TAXPROFILER:UNTAR -
[-        ] NFC…ROFILER:TAXPROFILER:FASTQC -
[-        ] NFC…ORTREAD_FASTP:FASTP_SINGLE -
[-        ] NFC…ORTREAD_FASTP:FASTP_PAIRED -
[-        ] NFC…ROCESSING:FASTQC_PROCESSED -
[-        ] NFC…EXITYFILTERING:BBMAP_BBDUK -
[-        ] NFC…_HOSTREMOVAL:BOWTIE2_ALIGN -
[-        ] NFC…HOSTREMOVAL:SAMTOOLS_INDEX -
[-        ] NFC…HOSTREMOVAL:SAMTOOLS_STATS -
[-        ] NFC…R:PROFILING:DIAMOND_BLASTX -
[-        ] NFC…:KRAKENTOOLS_KREPORT2KRONA -
[-        ] NFC…ON_KRONA:KAIJU_KAIJU2KRONA -
[-        ] NFC…ZATION_KRONA:KRONA_CLEANUP -
[-        ] NFC…N_KRONA:KRONA_KTIMPORTTEXT -
[-        ] NFC…KRONA:MEGAN_RMA2INFO_KRONA -
[-        ] NFC…VISUALIZATION_KRONA:GUNZIP -
[-        ] NFC…ONA:KRONA_KTIMPORTTAXONOMY -
[-        ] NFC…ON_PROFILES:TAXPASTA_MERGE -
[-        ] NFC…FILES:TAXPASTA_STANDARDISE -
[-        ] NFC…CKEN_COMBINEBRACKENOUTPUTS -
Plus 1 more processes waiting for tasks…

[-        ] NFC…PROFILER:TAXPROFILER:UNTAR -
[-        ] NFC…ROFILER:TAXPROFILER:FASTQC -
[-        ] NFC…ORTREAD_FASTP:FASTP_SINGLE -
[-        ] NFC…ORTREAD_FASTP:FASTP_PAIRED -
[-        ] NFC…ROCESSING:FASTQC_PROCESSED -
[-        ] NFC…EXITYFILTERING:BBMAP_BBDUK -
[-        ] NFC…_HOSTREMOVAL:BOWTIE2_ALIGN -
[-        ] NFC…HOSTREMOVAL:SAMTOOLS_INDEX -
[-        ] NFC…HOSTREMOVAL:SAMTOOLS_STATS -
[-        ] NFC…R:PROFILING:DIAMOND_BLASTX -
[-        ] NFC…:KRAKENTOOLS_KREPORT2KRONA -
[-        ] NFC…ON_KRONA:KAIJU_KAIJU2KRONA -
[-        ] NFC…ZATION_KRONA:KRONA_CLEANUP -
[-        ] NFC…N_KRONA:KRONA_KTIMPORTTEXT -
[-        ] NFC…KRONA:MEGAN_RMA2INFO_KRONA -
[-        ] NFC…VISUALIZATION_KRONA:GUNZIP -
[-        ] NFC…ONA:KRONA_KTIMPORTTAXONOMY -
[-        ] NFC…ON_PROFILES:TAXPASTA_MERGE -
[-        ] NFC…FILES:TAXPASTA_STANDARDISE -
[-        ] NFC…CKEN_COMBINEBRACKENOUTPUTS -
Plus 6 more processes waiting for tasks…

[-        ] NFC…PROFILER:TAXPROFILER:UNTAR -
[-        ] NFC…ROFILER:TAXPROFILER:FASTQC | 0 of 6
[-        ] NFC…ORTREAD_FASTP:FASTP_SINGLE -
[-        ] NFC…ORTREAD_FASTP:FASTP_PAIRED | 0 of 8
[-        ] NFC…ROCESSING:FASTQC_PROCESSED -
[-        ] NFC…EXITYFILTERING:BBMAP_BBDUK -
[-        ] NFC…_HOSTREMOVAL:BOWTIE2_ALIGN -
[-        ] NFC…HOSTREMOVAL:SAMTOOLS_INDEX -
[-        ] NFC…HOSTREMOVAL:SAMTOOLS_STATS -
[-        ] NFC…R:PROFILING:DIAMOND_BLASTX -
[-        ] NFC…:KRAKENTOOLS_KREPORT2KRONA -
[-        ] NFC…ON_KRONA:KAIJU_KAIJU2KRONA -
[-        ] NFC…ZATION_KRONA:KRONA_CLEANUP -
[-        ] NFC…N_KRONA:KRONA_KTIMPORTTEXT -
[-        ] NFC…KRONA:MEGAN_RMA2INFO_KRONA -
[-        ] NFC…VISUALIZATION_KRONA:GUNZIP -
[-        ] NFC…ONA:KRONA_KTIMPORTTAXONOMY -
[-        ] NFC…ON_PROFILES:TAXPASTA_MERGE -
[-        ] NFC…FILES:TAXPASTA_STANDARDISE -
[-        ] NFC…CKEN_COMBINEBRACKENOUTPUTS -
Plus 7 more processes waiting for tasks…

executor >  slurm (9)
[-        ] NFC…PROFILER:TAXPROFILER:UNTAR -
[f6/efcdf0] NFC…TAXPROFILER:FASTQC (SVK.9) | 0 of 10
[-        ] NFC…ORTREAD_FASTP:FASTP_SINGLE -
[92/f4867d] NFC…ASTP:FASTP_PAIRED (SWE.41) | 0 of 10
[-        ] NFC…ROCESSING:FASTQC_PROCESSED -
[-        ] NFC…EXITYFILTERING:BBMAP_BBDUK -
[-        ] NFC…_HOSTREMOVAL:BOWTIE2_ALIGN -
[-        ] NFC…HOSTREMOVAL:SAMTOOLS_INDEX -
[-        ] NFC…HOSTREMOVAL:SAMTOOLS_STATS -
[-        ] NFC…R:PROFILING:DIAMOND_BLASTX -
[-        ] NFC…:KRAKENTOOLS_KREPORT2KRONA -
[-        ] NFC…ON_KRONA:KAIJU_KAIJU2KRONA -
[-        ] NFC…ZATION_KRONA:KRONA_CLEANUP -
[-        ] NFC…N_KRONA:KRONA_KTIMPORTTEXT -
[-        ] NFC…KRONA:MEGAN_RMA2INFO_KRONA -
[-        ] NFC…VISUALIZATION_KRONA:GUNZIP -
[-        ] NFC…ONA:KRONA_KTIMPORTTAXONOMY -
[-        ] NFC…ON_PROFILES:TAXPASTA_MERGE -
[-        ] NFC…FILES:TAXPASTA_STANDARDISE -
[-        ] NFC…CKEN_COMBINEBRACKENOUTPUTS -
Plus 7 more processes waiting for tasks…

executor >  slurm (20)
[-        ] NFC…PROFILER:TAXPROFILER:UNTAR -
[48/5f54c2] NFC…AXPROFILER:FASTQC (TZA.15) | 0 of 10
[-        ] NFC…ORTREAD_FASTP:FASTP_SINGLE -
[a7/3b2f51] NFC…ASTP:FASTP_PAIRED (TZA.15) | 0 of 10
[-        ] NFC…ROCESSING:FASTQC_PROCESSED -
[-        ] NFC…EXITYFILTERING:BBMAP_BBDUK -
[-        ] NFC…_HOSTREMOVAL:BOWTIE2_ALIGN -
[-        ] NFC…HOSTREMOVAL:SAMTOOLS_INDEX -
[-        ] NFC…HOSTREMOVAL:SAMTOOLS_STATS -
[-        ] NFC…R:PROFILING:DIAMOND_BLASTX -
[-        ] NFC…:KRAKENTOOLS_KREPORT2KRONA -
[-        ] NFC…ON_KRONA:KAIJU_KAIJU2KRONA -
[-        ] NFC…ZATION_KRONA:KRONA_CLEANUP -
[-        ] NFC…N_KRONA:KRONA_KTIMPORTTEXT -
[-        ] NFC…KRONA:MEGAN_RMA2INFO_KRONA -
[-        ] NFC…VISUALIZATION_KRONA:GUNZIP -
[-        ] NFC…ONA:KRONA_KTIMPORTTAXONOMY -
[-        ] NFC…ON_PROFILES:TAXPASTA_MERGE -
[-        ] NFC…FILES:TAXPASTA_STANDARDISE -
[-        ] NFC…CKEN_COMBINEBRACKENOUTPUTS -
Plus 7 more processes waiting for tasks…

executor >  slurm (20)
[-        ] NFC…PROFILER:TAXPROFILER:UNTAR -
[48/5f54c2] NFC…AXPROFILER:FASTQC (TZA.15) | 0 of 10
[-        ] NFC…ORTREAD_FASTP:FASTP_SINGLE -
[a7/3b2f51] NFC…ASTP:FASTP_PAIRED (TZA.15) | 0 of 10
[-        ] NFC…ROCESSING:FASTQC_PROCESSED -
[-        ] NFC…EXITYFILTERING:BBMAP_BBDUK -
[-        ] NFC…_HOSTREMOVAL:BOWTIE2_ALIGN -
[-        ] NFC…HOSTREMOVAL:SAMTOOLS_INDEX -
[-        ] NFC…HOSTREMOVAL:SAMTOOLS_STATS -
[-        ] NFC…R:PROFILING:DIAMOND_BLASTX -
[-        ] NFC…:KRAKENTOOLS_KREPORT2KRONA -
[-        ] NFC…ON_KRONA:KAIJU_KAIJU2KRONA -
[-        ] NFC…ZATION_KRONA:KRONA_CLEANUP -
[-        ] NFC…N_KRONA:KRONA_KTIMPORTTEXT -
[-        ] NFC…KRONA:MEGAN_RMA2INFO_KRONA -
[-        ] NFC…VISUALIZATION_KRONA:GUNZIP -
[-        ] NFC…ONA:KRONA_KTIMPORTTAXONOMY -
[-        ] NFC…ON_PROFILES:TAXPASTA_MERGE -
[-        ] NFC…FILES:TAXPASTA_STANDARDISE -
[-        ] NFC…CKEN_COMBINEBRACKENOUTPUTS -
Plus 7 more processes waiting for tasks…

executor >  slurm (20)
[-        ] NFC…PROFILER:TAXPROFILER:UNTAR -
[48/5f54c2] NFC…AXPROFILER:FASTQC (TZA.15) | 0 of 10
[-        ] NFC…ORTREAD_FASTP:FASTP_SINGLE -
[a7/3b2f51] NFC…ASTP:FASTP_PAIRED (TZA.15) | 0 of 10
[-        ] NFC…ROCESSING:FASTQC_PROCESSED | 0 of 1
[-        ] NFC…EXITYFILTERING:BBMAP_BBDUK | 0 of 1
[-        ] NFC…_HOSTREMOVAL:BOWTIE2_ALIGN -
[-        ] NFC…HOSTREMOVAL:SAMTOOLS_INDEX -
[-        ] NFC…HOSTREMOVAL:SAMTOOLS_STATS -
[-        ] NFC…R:PROFILING:DIAMOND_BLASTX -
[-        ] NFC…:KRAKENTOOLS_KREPORT2KRONA -
[-        ] NFC…ON_KRONA:KAIJU_KAIJU2KRONA -
[-        ] NFC…ZATION_KRONA:KRONA_CLEANUP -
[-        ] NFC…N_KRONA:KRONA_KTIMPORTTEXT -
[-        ] NFC…KRONA:MEGAN_RMA2INFO_KRONA -
[-        ] NFC…VISUALIZATION_KRONA:GUNZIP -
[-        ] NFC…ONA:KRONA_KTIMPORTTAXONOMY -
[-        ] NFC…ON_PROFILES:TAXPASTA_MERGE -
[-        ] NFC…FILES:TAXPASTA_STANDARDISE -
[-        ] NFC…CKEN_COMBINEBRACKENOUTPUTS -
Plus 7 more processes waiting for tasks…

executor >  slurm (20)
[-        ] NFC…PROFILER:TAXPROFILER:UNTAR -
[48/5f54c2] NFC…AXPROFILER:FASTQC (TZA.15) | 0 of 10
[-        ] NFC…ORTREAD_FASTP:FASTP_SINGLE -
[1d/696dcd] NFC…FASTP:FASTP_PAIRED (TCD.1) | 1 of 10
[-        ] NFC…ROCESSING:FASTQC_PROCESSED | 0 of 1
[-        ] NFC…EXITYFILTERING:BBMAP_BBDUK | 0 of 1
[-        ] NFC…_HOSTREMOVAL:BOWTIE2_ALIGN -
[-        ] NFC…HOSTREMOVAL:SAMTOOLS_INDEX -
[-        ] NFC…HOSTREMOVAL:SAMTOOLS_STATS -
[-        ] NFC…R:PROFILING:DIAMOND_BLASTX -
[-        ] NFC…:KRAKENTOOLS_KREPORT2KRONA -
[-        ] NFC…ON_KRONA:KAIJU_KAIJU2KRONA -
[-        ] NFC…ZATION_KRONA:KRONA_CLEANUP -
[-        ] NFC…N_KRONA:KRONA_KTIMPORTTEXT -
[-        ] NFC…KRONA:MEGAN_RMA2INFO_KRONA -
[-        ] NFC…VISUALIZATION_KRONA:GUNZIP -
[-        ] NFC…ONA:KRONA_KTIMPORTTAXONOMY -
[-        ] NFC…ON_PROFILES:TAXPASTA_MERGE -
[-        ] NFC…FILES:TAXPASTA_STANDARDISE -
[-        ] NFC…CKEN_COMBINEBRACKENOUTPUTS -
Plus 7 more processes waiting for tasks…

executor >  slurm (22)
[-        ] NFC…PROFILER:TAXPROFILER:UNTAR -
[48/5f54c2] NFC…AXPROFILER:FASTQC (TZA.15) | 0 of 10
[-        ] NFC…ORTREAD_FASTP:FASTP_SINGLE -
[1d/696dcd] NFC…FASTP:FASTP_PAIRED (TCD.1) | 1 of 10
[fc/fd610b] NFC…G:FASTQC_PROCESSED (TCD.1) | 0 of 1
[5e/9fb531] NFC…TERING:BBMAP_BBDUK (TCD.1) | 0 of 1
[-        ] NFC…_HOSTREMOVAL:BOWTIE2_ALIGN -
[-        ] NFC…HOSTREMOVAL:SAMTOOLS_INDEX -
[-        ] NFC…HOSTREMOVAL:SAMTOOLS_STATS -
[-        ] NFC…R:PROFILING:DIAMOND_BLASTX -
[-        ] NFC…:KRAKENTOOLS_KREPORT2KRONA -
[-        ] NFC…ON_KRONA:KAIJU_KAIJU2KRONA -
[-        ] NFC…ZATION_KRONA:KRONA_CLEANUP -
[-        ] NFC…N_KRONA:KRONA_KTIMPORTTEXT -
[-        ] NFC…KRONA:MEGAN_RMA2INFO_KRONA -
[-        ] NFC…VISUALIZATION_KRONA:GUNZIP -
[-        ] NFC…ONA:KRONA_KTIMPORTTAXONOMY -
[-        ] NFC…ON_PROFILES:TAXPASTA_MERGE -
[-        ] NFC…FILES:TAXPASTA_STANDARDISE -
[-        ] NFC…CKEN_COMBINEBRACKENOUTPUTS -
Plus 7 more processes waiting for tasks…

executor >  slurm (22)
[-        ] NFC…PROFILER:TAXPROFILER:UNTAR -
[48/5f54c2] NFC…AXPROFILER:FASTQC (TZA.15) | 0 of 10
[-        ] NFC…ORTREAD_FASTP:FASTP_SINGLE -
[1d/696dcd] NFC…FASTP:FASTP_PAIRED (TCD.1) | 1 of 10
[fc/fd610b] NFC…G:FASTQC_PROCESSED (TCD.1) | 0 of 1
[5e/9fb531] NFC…TERING:BBMAP_BBDUK (TCD.1) | 0 of 1
[-        ] NFC…_HOSTREMOVAL:BOWTIE2_ALIGN -
[-        ] NFC…HOSTREMOVAL:SAMTOOLS_INDEX -
[-        ] NFC…HOSTREMOVAL:SAMTOOLS_STATS -
[-        ] NFC…R:PROFILING:DIAMOND_BLASTX -
[-        ] NFC…:KRAKENTOOLS_KREPORT2KRONA -
[-        ] NFC…ON_KRONA:KAIJU_KAIJU2KRONA -
[-        ] NFC…ZATION_KRONA:KRONA_CLEANUP -
[-        ] NFC…N_KRONA:KRONA_KTIMPORTTEXT -
[-        ] NFC…KRONA:MEGAN_RMA2INFO_KRONA -
[-        ] NFC…VISUALIZATION_KRONA:GUNZIP -
[-        ] NFC…ONA:KRONA_KTIMPORTTAXONOMY -
[-        ] NFC…ON_PROFILES:TAXPASTA_MERGE -
[-        ] NFC…FILES:TAXPASTA_STANDARDISE -
[-        ] NFC…CKEN_COMBINEBRACKENOUTPUTS -
Plus 7 more processes waiting for tasks…

executor >  slurm (22)
[-        ] NFC…PROFILER:TAXPROFILER:UNTAR -
[23/4af99e] NFC…TAXPROFILER:FASTQC (TCD.1) | 1 of 10
[-        ] NFC…ORTREAD_FASTP:FASTP_SINGLE -
[1d/696dcd] NFC…FASTP:FASTP_PAIRED (TCD.1) | 1 of 10
[fc/fd610b] NFC…G:FASTQC_PROCESSED (TCD.1) | 0 of 1
[5e/9fb531] NFC…TERING:BBMAP_BBDUK (TCD.1) | 0 of 1
[-        ] NFC…_HOSTREMOVAL:BOWTIE2_ALIGN -
[-        ] NFC…HOSTREMOVAL:SAMTOOLS_INDEX -
[-        ] NFC…HOSTREMOVAL:SAMTOOLS_STATS -
[-        ] NFC…R:PROFILING:DIAMOND_BLASTX -
[-        ] NFC…:KRAKENTOOLS_KREPORT2KRONA -
[-        ] NFC…ON_KRONA:KAIJU_KAIJU2KRONA -
[-        ] NFC…ZATION_KRONA:KRONA_CLEANUP -
[-        ] NFC…N_KRONA:KRONA_KTIMPORTTEXT -
[-        ] NFC…KRONA:MEGAN_RMA2INFO_KRONA -
[-        ] NFC…VISUALIZATION_KRONA:GUNZIP -
[-        ] NFC…ONA:KRONA_KTIMPORTTAXONOMY -
[-        ] NFC…ON_PROFILES:TAXPASTA_MERGE -
[-        ] NFC…FILES:TAXPASTA_STANDARDISE -
[-        ] NFC…CKEN_COMBINEBRACKENOUTPUTS -
Plus 7 more processes waiting for tasks…

executor >  slurm (22)
[-        ] NFC…PROFILER:TAXPROFILER:UNTAR -
[23/4af99e] NFC…TAXPROFILER:FASTQC (TCD.1) | 1 of 10
[-        ] NFC…ORTREAD_FASTP:FASTP_SINGLE -
[1d/696dcd] NFC…FASTP:FASTP_PAIRED (TCD.1) | 1 of 10
[fc/fd610b] NFC…G:FASTQC_PROCESSED (TCD.1) | 1 of 1
[5e/9fb531] NFC…TERING:BBMAP_BBDUK (TCD.1) | 0 of 1
[-        ] NFC…_HOSTREMOVAL:BOWTIE2_ALIGN -
[-        ] NFC…HOSTREMOVAL:SAMTOOLS_INDEX -
[-        ] NFC…HOSTREMOVAL:SAMTOOLS_STATS -
[-        ] NFC…R:PROFILING:DIAMOND_BLASTX -
[-        ] NFC…:KRAKENTOOLS_KREPORT2KRONA -
[-        ] NFC…ON_KRONA:KAIJU_KAIJU2KRONA -
[-        ] NFC…ZATION_KRONA:KRONA_CLEANUP -
[-        ] NFC…N_KRONA:KRONA_KTIMPORTTEXT -
[-        ] NFC…KRONA:MEGAN_RMA2INFO_KRONA -
[-        ] NFC…VISUALIZATION_KRONA:GUNZIP -
[-        ] NFC…ONA:KRONA_KTIMPORTTAXONOMY -
[-        ] NFC…ON_PROFILES:TAXPASTA_MERGE -
[-        ] NFC…FILES:TAXPASTA_STANDARDISE -
[-        ] NFC…CKEN_COMBINEBRACKENOUTPUTS -
Plus 7 more processes waiting for tasks…

executor >  slurm (23)
[-        ] NFC…PROFILER:TAXPROFILER:UNTAR -
[23/4af99e] NFC…TAXPROFILER:FASTQC (TCD.1) | 1 of 10
[-        ] NFC…ORTREAD_FASTP:FASTP_SINGLE -
[1d/696dcd] NFC…FASTP:FASTP_PAIRED (TCD.1) | 1 of 10
[fc/fd610b] NFC…G:FASTQC_PROCESSED (TCD.1) | 1 of 1
[5e/9fb531] NFC…TERING:BBMAP_BBDUK (TCD.1) | 0 of 1
[e1/94415e] NFC…OVAL:BOWTIE2_ALIGN (TCD.1) | 0 of 1
[-        ] NFC…HOSTREMOVAL:SAMTOOLS_INDEX -
[-        ] NFC…HOSTREMOVAL:SAMTOOLS_STATS -
[-        ] NFC…R:PROFILING:DIAMOND_BLASTX -
[-        ] NFC…:KRAKENTOOLS_KREPORT2KRONA -
[-        ] NFC…ON_KRONA:KAIJU_KAIJU2KRONA -
[-        ] NFC…ZATION_KRONA:KRONA_CLEANUP -
[-        ] NFC…N_KRONA:KRONA_KTIMPORTTEXT -
[-        ] NFC…KRONA:MEGAN_RMA2INFO_KRONA -
[-        ] NFC…VISUALIZATION_KRONA:GUNZIP -
[-        ] NFC…ONA:KRONA_KTIMPORTTAXONOMY -
[-        ] NFC…ON_PROFILES:TAXPASTA_MERGE -
[-        ] NFC…FILES:TAXPASTA_STANDARDISE -
[-        ] NFC…CKEN_COMBINEBRACKENOUTPUTS -
Plus 7 more processes waiting for tasks…

executor >  slurm (23)
[-        ] NFC…PROFILER:TAXPROFILER:UNTAR -
[23/4af99e] NFC…TAXPROFILER:FASTQC (TCD.1) | 1 of 10
[-        ] NFC…ORTREAD_FASTP:FASTP_SINGLE -
[1d/696dcd] NFC…FASTP:FASTP_PAIRED (TCD.1) | 1 of 10
[fc/fd610b] NFC…G:FASTQC_PROCESSED (TCD.1) | 1 of 1
[5e/9fb531] NFC…TERING:BBMAP_BBDUK (TCD.1) | 1 of 1
[e1/94415e] NFC…OVAL:BOWTIE2_ALIGN (TCD.1) | 0 of 1
[-        ] NFC…HOSTREMOVAL:SAMTOOLS_INDEX -
[-        ] NFC…HOSTREMOVAL:SAMTOOLS_STATS -
[-        ] NFC…R:PROFILING:DIAMOND_BLASTX -
[-        ] NFC…:KRAKENTOOLS_KREPORT2KRONA -
[-        ] NFC…ON_KRONA:KAIJU_KAIJU2KRONA -
[-        ] NFC…ZATION_KRONA:KRONA_CLEANUP -
[-        ] NFC…N_KRONA:KRONA_KTIMPORTTEXT -
[-        ] NFC…KRONA:MEGAN_RMA2INFO_KRONA -
[-        ] NFC…VISUALIZATION_KRONA:GUNZIP -
[-        ] NFC…ONA:KRONA_KTIMPORTTAXONOMY -
[-        ] NFC…ON_PROFILES:TAXPASTA_MERGE -
[-        ] NFC…FILES:TAXPASTA_STANDARDISE -
[-        ] NFC…CKEN_COMBINEBRACKENOUTPUTS -
Plus 7 more processes waiting for tasks…

executor >  slurm (23)
[-        ] NFC…PROFILER:TAXPROFILER:UNTAR -
[23/4af99e] NFC…TAXPROFILER:FASTQC (TCD.1) | 1 of 10
[-        ] NFC…ORTREAD_FASTP:FASTP_SINGLE -
[1d/696dcd] NFC…FASTP:FASTP_PAIRED (TCD.1) | 1 of 10
[fc/fd610b] NFC…G:FASTQC_PROCESSED (TCD.1) | 1 of 1
[5e/9fb531] NFC…TERING:BBMAP_BBDUK (TCD.1) | 1 of 1
[e1/94415e] NFC…OVAL:BOWTIE2_ALIGN (TCD.1) | 0 of 1
[-        ] NFC…HOSTREMOVAL:SAMTOOLS_INDEX -
[-        ] NFC…HOSTREMOVAL:SAMTOOLS_STATS -
[-        ] NFC…R:PROFILING:DIAMOND_BLASTX -
[-        ] NFC…:KRAKENTOOLS_KREPORT2KRONA -
[-        ] NFC…ON_KRONA:KAIJU_KAIJU2KRONA -
[-        ] NFC…ZATION_KRONA:KRONA_CLEANUP -
[-        ] NFC…N_KRONA:KRONA_KTIMPORTTEXT -
[-        ] NFC…KRONA:MEGAN_RMA2INFO_KRONA -
[-        ] NFC…VISUALIZATION_KRONA:GUNZIP -
[-        ] NFC…ONA:KRONA_KTIMPORTTAXONOMY -
[-        ] NFC…ON_PROFILES:TAXPASTA_MERGE -
[-        ] NFC…FILES:TAXPASTA_STANDARDISE -
[-        ] NFC…CKEN_COMBINEBRACKENOUTPUTS -
Plus 7 more processes waiting for tasks…

executor >  slurm (24)
[-        ] NFC…PROFILER:TAXPROFILER:UNTAR -
[23/4af99e] NFC…TAXPROFILER:FASTQC (TCD.1) | 1 of 10
[-        ] NFC…ORTREAD_FASTP:FASTP_SINGLE -
[3e/b21f1e] NFC…FASTP:FASTP_PAIRED (SVK.9) | 2 of 10
[fc/fd610b] NFC…G:FASTQC_PROCESSED (TCD.1) | 1 of 2
[bf/d6670e] NFC…TERING:BBMAP_BBDUK (SVK.9) | 1 of 2
[e1/94415e] NFC…OVAL:BOWTIE2_ALIGN (TCD.1) | 0 of 1
[-        ] NFC…HOSTREMOVAL:SAMTOOLS_INDEX -
[-        ] NFC…HOSTREMOVAL:SAMTOOLS_STATS -
[-        ] NFC…R:PROFILING:DIAMOND_BLASTX -
[-        ] NFC…:KRAKENTOOLS_KREPORT2KRONA -
[-        ] NFC…ON_KRONA:KAIJU_KAIJU2KRONA -
[-        ] NFC…ZATION_KRONA:KRONA_CLEANUP -
[-        ] NFC…N_KRONA:KRONA_KTIMPORTTEXT -
[-        ] NFC…KRONA:MEGAN_RMA2INFO_KRONA -
[-        ] NFC…VISUALIZATION_KRONA:GUNZIP -
[-        ] NFC…ONA:KRONA_KTIMPORTTAXONOMY -
[-        ] NFC…ON_PROFILES:TAXPASTA_MERGE -
[-        ] NFC…FILES:TAXPASTA_STANDARDISE -
[-        ] NFC…CKEN_COMBINEBRACKENOUTPUTS -
Plus 7 more processes waiting for tasks…

executor >  slurm (25)
[-        ] NFC…PROFILER:TAXPROFILER:UNTAR -
[23/4af99e] NFC…TAXPROFILER:FASTQC (TCD.1) | 1 of 10
[-        ] NFC…ORTREAD_FASTP:FASTP_SINGLE -
[3e/b21f1e] NFC…FASTP:FASTP_PAIRED (SVK.9) | 2 of 10
[93/133a38] NFC…G:FASTQC_PROCESSED (SVK.9) | 1 of 2
[bf/d6670e] NFC…TERING:BBMAP_BBDUK (SVK.9) | 1 of 2
[e1/94415e] NFC…OVAL:BOWTIE2_ALIGN (TCD.1) | 0 of 1
[-        ] NFC…HOSTREMOVAL:SAMTOOLS_INDEX -
[-        ] NFC…HOSTREMOVAL:SAMTOOLS_STATS -
[-        ] NFC…R:PROFILING:DIAMOND_BLASTX -
[-        ] NFC…:KRAKENTOOLS_KREPORT2KRONA -
[-        ] NFC…ON_KRONA:KAIJU_KAIJU2KRONA -
[-        ] NFC…ZATION_KRONA:KRONA_CLEANUP -
[-        ] NFC…N_KRONA:KRONA_KTIMPORTTEXT -
[-        ] NFC…KRONA:MEGAN_RMA2INFO_KRONA -
[-        ] NFC…VISUALIZATION_KRONA:GUNZIP -
[-        ] NFC…ONA:KRONA_KTIMPORTTAXONOMY -
[-        ] NFC…ON_PROFILES:TAXPASTA_MERGE -
[-        ] NFC…FILES:TAXPASTA_STANDARDISE -
[-        ] NFC…CKEN_COMBINEBRACKENOUTPUTS -
Plus 7 more processes waiting for tasks…

executor >  slurm (25)
[-        ] NFC…PROFILER:TAXPROFILER:UNTAR -
[f6/efcdf0] NFC…TAXPROFILER:FASTQC (SVK.9) | 2 of 10
[-        ] NFC…ORTREAD_FASTP:FASTP_SINGLE -
[3e/b21f1e] NFC…FASTP:FASTP_PAIRED (SVK.9) | 2 of 10
[93/133a38] NFC…G:FASTQC_PROCESSED (SVK.9) | 1 of 2
[bf/d6670e] NFC…TERING:BBMAP_BBDUK (SVK.9) | 1 of 2
[e1/94415e] NFC…OVAL:BOWTIE2_ALIGN (TCD.1) | 0 of 1
[-        ] NFC…HOSTREMOVAL:SAMTOOLS_INDEX -
[-        ] NFC…HOSTREMOVAL:SAMTOOLS_STATS -
[-        ] NFC…R:PROFILING:DIAMOND_BLASTX -
[-        ] NFC…:KRAKENTOOLS_KREPORT2KRONA -
[-        ] NFC…ON_KRONA:KAIJU_KAIJU2KRONA -
[-        ] NFC…ZATION_KRONA:KRONA_CLEANUP -
[-        ] NFC…N_KRONA:KRONA_KTIMPORTTEXT -
[-        ] NFC…KRONA:MEGAN_RMA2INFO_KRONA -
[-        ] NFC…VISUALIZATION_KRONA:GUNZIP -
[-        ] NFC…ONA:KRONA_KTIMPORTTAXONOMY -
[-        ] NFC…ON_PROFILES:TAXPASTA_MERGE -
[-        ] NFC…FILES:TAXPASTA_STANDARDISE -
[-        ] NFC…CKEN_COMBINEBRACKENOUTPUTS -
Plus 7 more processes waiting for tasks…

executor >  slurm (25)
[-        ] NFC…PROFILER:TAXPROFILER:UNTAR -
[f6/efcdf0] NFC…TAXPROFILER:FASTQC (SVK.9) | 2 of 10
[-        ] NFC…ORTREAD_FASTP:FASTP_SINGLE -
[3e/b21f1e] NFC…FASTP:FASTP_PAIRED (SVK.9) | 2 of 10
[93/133a38] NFC…G:FASTQC_PROCESSED (SVK.9) | 1 of 2
[bf/d6670e] NFC…TERING:BBMAP_BBDUK (SVK.9) | 1 of 2
[e1/94415e] NFC…OVAL:BOWTIE2_ALIGN (TCD.1) | 0 of 1
[-        ] NFC…HOSTREMOVAL:SAMTOOLS_INDEX -
[-        ] NFC…HOSTREMOVAL:SAMTOOLS_STATS -
[-        ] NFC…R:PROFILING:DIAMOND_BLASTX -
[-        ] NFC…:KRAKENTOOLS_KREPORT2KRONA -
[-        ] NFC…ON_KRONA:KAIJU_KAIJU2KRONA -
[-        ] NFC…ZATION_KRONA:KRONA_CLEANUP -
[-        ] NFC…N_KRONA:KRONA_KTIMPORTTEXT -
[-        ] NFC…KRONA:MEGAN_RMA2INFO_KRONA -
[-        ] NFC…VISUALIZATION_KRONA:GUNZIP -
[-        ] NFC…ONA:KRONA_KTIMPORTTAXONOMY -
[-        ] NFC…ON_PROFILES:TAXPASTA_MERGE -
[-        ] NFC…FILES:TAXPASTA_STANDARDISE -
[-        ] NFC…CKEN_COMBINEBRACKENOUTPUTS -
Plus 7 more processes waiting for tasks…

executor >  slurm (25)
[-        ] NFC…PROFILER:TAXPROFILER:UNTAR -
[51/39f456] NFC…AXPROFILER:FASTQC (SGP.52) | 3 of 10
[-        ] NFC…ORTREAD_FASTP:FASTP_SINGLE -
[3e/b21f1e] NFC…FASTP:FASTP_PAIRED (SVK.9) | 2 of 10
[93/133a38] NFC…G:FASTQC_PROCESSED (SVK.9) | 1 of 2
[bf/d6670e] NFC…TERING:BBMAP_BBDUK (SVK.9) | 1 of 2
[e1/94415e] NFC…OVAL:BOWTIE2_ALIGN (TCD.1) | 0 of 1
[-        ] NFC…HOSTREMOVAL:SAMTOOLS_INDEX -
[-        ] NFC…HOSTREMOVAL:SAMTOOLS_STATS -
[-        ] NFC…R:PROFILING:DIAMOND_BLASTX -
[-        ] NFC…:KRAKENTOOLS_KREPORT2KRONA -
[-        ] NFC…ON_KRONA:KAIJU_KAIJU2KRONA -
[-        ] NFC…ZATION_KRONA:KRONA_CLEANUP -
[-        ] NFC…N_KRONA:KRONA_KTIMPORTTEXT -
[-        ] NFC…KRONA:MEGAN_RMA2INFO_KRONA -
[-        ] NFC…VISUALIZATION_KRONA:GUNZIP -
[-        ] NFC…ONA:KRONA_KTIMPORTTAXONOMY -
[-        ] NFC…ON_PROFILES:TAXPASTA_MERGE -
[-        ] NFC…FILES:TAXPASTA_STANDARDISE -
[-        ] NFC…CKEN_COMBINEBRACKENOUTPUTS -
Plus 7 more processes waiting for tasks…

executor >  slurm (25)
[-        ] NFC…PROFILER:TAXPROFILER:UNTAR -
[51/39f456] NFC…AXPROFILER:FASTQC (SGP.52) | 3 of 10
[-        ] NFC…ORTREAD_FASTP:FASTP_SINGLE -
[3e/b21f1e] NFC…FASTP:FASTP_PAIRED (SVK.9) | 2 of 10
[93/133a38] NFC…G:FASTQC_PROCESSED (SVK.9) | 1 of 3
[bf/d6670e] NFC…TERING:BBMAP_BBDUK (SVK.9) | 1 of 2
[e1/94415e] NFC…OVAL:BOWTIE2_ALIGN (TCD.1) | 0 of 1
[-        ] NFC…HOSTREMOVAL:SAMTOOLS_INDEX -
[-        ] NFC…HOSTREMOVAL:SAMTOOLS_STATS -
[-        ] NFC…R:PROFILING:DIAMOND_BLASTX -
[-        ] NFC…:KRAKENTOOLS_KREPORT2KRONA -
[-        ] NFC…ON_KRONA:KAIJU_KAIJU2KRONA -
[-        ] NFC…ZATION_KRONA:KRONA_CLEANUP -
[-        ] NFC…N_KRONA:KRONA_KTIMPORTTEXT -
[-        ] NFC…KRONA:MEGAN_RMA2INFO_KRONA -
[-        ] NFC…VISUALIZATION_KRONA:GUNZIP -
[-        ] NFC…ONA:KRONA_KTIMPORTTAXONOMY -
[-        ] NFC…ON_PROFILES:TAXPASTA_MERGE -
[-        ] NFC…FILES:TAXPASTA_STANDARDISE -
[-        ] NFC…CKEN_COMBINEBRACKENOUTPUTS -
Plus 7 more processes waiting for tasks…

executor >  slurm (25)
[-        ] NFC…PROFILER:TAXPROFILER:UNTAR -
[51/39f456] NFC…AXPROFILER:FASTQC (SGP.52) | 3 of 10
[-        ] NFC…ORTREAD_FASTP:FASTP_SINGLE -
[f6/6297d0] NFC…ASTP:FASTP_PAIRED (SGP.52) | 3 of 10
[93/133a38] NFC…G:FASTQC_PROCESSED (SVK.9) | 1 of 3
[bf/d6670e] NFC…TERING:BBMAP_BBDUK (SVK.9) | 1 of 2
[e1/94415e] NFC…OVAL:BOWTIE2_ALIGN (TCD.1) | 0 of 1
[-        ] NFC…HOSTREMOVAL:SAMTOOLS_INDEX -
[-        ] NFC…HOSTREMOVAL:SAMTOOLS_STATS -
[-        ] NFC…R:PROFILING:DIAMOND_BLASTX -
[-        ] NFC…:KRAKENTOOLS_KREPORT2KRONA -
[-        ] NFC…ON_KRONA:KAIJU_KAIJU2KRONA -
[-        ] NFC…ZATION_KRONA:KRONA_CLEANUP -
[-        ] NFC…N_KRONA:KRONA_KTIMPORTTEXT -
[-        ] NFC…KRONA:MEGAN_RMA2INFO_KRONA -
[-        ] NFC…VISUALIZATION_KRONA:GUNZIP -
[-        ] NFC…ONA:KRONA_KTIMPORTTAXONOMY -
[-        ] NFC…ON_PROFILES:TAXPASTA_MERGE -
[-        ] NFC…FILES:TAXPASTA_STANDARDISE -
[-        ] NFC…CKEN_COMBINEBRACKENOUTPUTS -
Plus 7 more processes waiting for tasks…

executor >  slurm (26)
[-        ] NFC…PROFILER:TAXPROFILER:UNTAR -
[51/39f456] NFC…AXPROFILER:FASTQC (SGP.52) | 3 of 10
[-        ] NFC…ORTREAD_FASTP:FASTP_SINGLE -
[f6/6297d0] NFC…ASTP:FASTP_PAIRED (SGP.52) | 3 of 10
[35/6bb678] NFC…:FASTQC_PROCESSED (SGP.52) | 1 of 3
[bf/d6670e] NFC…TERING:BBMAP_BBDUK (SVK.9) | 1 of 2
[e1/94415e] NFC…OVAL:BOWTIE2_ALIGN (TCD.1) | 0 of 1
[-        ] NFC…HOSTREMOVAL:SAMTOOLS_INDEX -
[-        ] NFC…HOSTREMOVAL:SAMTOOLS_STATS -
[-        ] NFC…R:PROFILING:DIAMOND_BLASTX -
[-        ] NFC…:KRAKENTOOLS_KREPORT2KRONA -
[-        ] NFC…ON_KRONA:KAIJU_KAIJU2KRONA -
[-        ] NFC…ZATION_KRONA:KRONA_CLEANUP -
[-        ] NFC…N_KRONA:KRONA_KTIMPORTTEXT -
[-        ] NFC…KRONA:MEGAN_RMA2INFO_KRONA -
[-        ] NFC…VISUALIZATION_KRONA:GUNZIP -
[-        ] NFC…ONA:KRONA_KTIMPORTTAXONOMY -
[-        ] NFC…ON_PROFILES:TAXPASTA_MERGE -
[-        ] NFC…FILES:TAXPASTA_STANDARDISE -
[-        ] NFC…CKEN_COMBINEBRACKENOUTPUTS -
Plus 7 more processes waiting for tasks…

executor >  slurm (27)
[-        ] NFC…PROFILER:TAXPROFILER:UNTAR -
[51/39f456] NFC…AXPROFILER:FASTQC (SGP.52) | 3 of 10
[-        ] NFC…ORTREAD_FASTP:FASTP_SINGLE -
[f6/6297d0] NFC…ASTP:FASTP_PAIRED (SGP.52) | 3 of 10
[35/6bb678] NFC…:FASTQC_PROCESSED (SGP.52) | 1 of 3
[bd/2f38ab] NFC…ERING:BBMAP_BBDUK (SGP.52) | 1 of 3
[e1/94415e] NFC…OVAL:BOWTIE2_ALIGN (TCD.1) | 0 of 1
[-        ] NFC…HOSTREMOVAL:SAMTOOLS_INDEX -
[-        ] NFC…HOSTREMOVAL:SAMTOOLS_STATS -
[-        ] NFC…R:PROFILING:DIAMOND_BLASTX -
[-        ] NFC…:KRAKENTOOLS_KREPORT2KRONA -
[-        ] NFC…ON_KRONA:KAIJU_KAIJU2KRONA -
[-        ] NFC…ZATION_KRONA:KRONA_CLEANUP -
[-        ] NFC…N_KRONA:KRONA_KTIMPORTTEXT -
[-        ] NFC…KRONA:MEGAN_RMA2INFO_KRONA -
[-        ] NFC…VISUALIZATION_KRONA:GUNZIP -
[-        ] NFC…ONA:KRONA_KTIMPORTTAXONOMY -
[-        ] NFC…ON_PROFILES:TAXPASTA_MERGE -
[-        ] NFC…FILES:TAXPASTA_STANDARDISE -
[-        ] NFC…CKEN_COMBINEBRACKENOUTPUTS -
Plus 7 more processes waiting for tasks…

executor >  slurm (27)
[-        ] NFC…PROFILER:TAXPROFILER:UNTAR -
[51/39f456] NFC…AXPROFILER:FASTQC (SGP.52) | 3 of 10
[-        ] NFC…ORTREAD_FASTP:FASTP_SINGLE -
[f6/6297d0] NFC…ASTP:FASTP_PAIRED (SGP.52) | 3 of 10
[35/6bb678] NFC…:FASTQC_PROCESSED (SGP.52) | 1 of 3
[bd/2f38ab] NFC…ERING:BBMAP_BBDUK (SGP.52) | 1 of 3
[e1/94415e] NFC…OVAL:BOWTIE2_ALIGN (TCD.1) | 0 of 1
[-        ] NFC…HOSTREMOVAL:SAMTOOLS_INDEX -
[-        ] NFC…HOSTREMOVAL:SAMTOOLS_STATS -
[-        ] NFC…R:PROFILING:DIAMOND_BLASTX -
[-        ] NFC…:KRAKENTOOLS_KREPORT2KRONA -
[-        ] NFC…ON_KRONA:KAIJU_KAIJU2KRONA -
[-        ] NFC…ZATION_KRONA:KRONA_CLEANUP -
[-        ] NFC…N_KRONA:KRONA_KTIMPORTTEXT -
[-        ] NFC…KRONA:MEGAN_RMA2INFO_KRONA -
[-        ] NFC…VISUALIZATION_KRONA:GUNZIP -
[-        ] NFC…ONA:KRONA_KTIMPORTTAXONOMY -
[-        ] NFC…ON_PROFILES:TAXPASTA_MERGE -
[-        ] NFC…FILES:TAXPASTA_STANDARDISE -
[-        ] NFC…CKEN_COMBINEBRACKENOUTPUTS -
Plus 7 more processes waiting for tasks…

executor >  slurm (27)
[-        ] NFC…PROFILER:TAXPROFILER:UNTAR -
[66/b58608] NFC…AXPROFILER:FASTQC (SRB.37) | 4 of 10
[-        ] NFC…ORTREAD_FASTP:FASTP_SINGLE -
[f6/6297d0] NFC…ASTP:FASTP_PAIRED (SGP.52) | 3 of 10
[35/6bb678] NFC…:FASTQC_PROCESSED (SGP.52) | 1 of 3
[bd/2f38ab] NFC…ERING:BBMAP_BBDUK (SGP.52) | 1 of 3
[e1/94415e] NFC…OVAL:BOWTIE2_ALIGN (TCD.1) | 0 of 1
[-        ] NFC…HOSTREMOVAL:SAMTOOLS_INDEX -
[-        ] NFC…HOSTREMOVAL:SAMTOOLS_STATS -
[-        ] NFC…R:PROFILING:DIAMOND_BLASTX -
[-        ] NFC…:KRAKENTOOLS_KREPORT2KRONA -
[-        ] NFC…ON_KRONA:KAIJU_KAIJU2KRONA -
[-        ] NFC…ZATION_KRONA:KRONA_CLEANUP -
[-        ] NFC…N_KRONA:KRONA_KTIMPORTTEXT -
[-        ] NFC…KRONA:MEGAN_RMA2INFO_KRONA -
[-        ] NFC…VISUALIZATION_KRONA:GUNZIP -
[-        ] NFC…ONA:KRONA_KTIMPORTTAXONOMY -
[-        ] NFC…ON_PROFILES:TAXPASTA_MERGE -
[-        ] NFC…FILES:TAXPASTA_STANDARDISE -
[-        ] NFC…CKEN_COMBINEBRACKENOUTPUTS -
Plus 7 more processes waiting for tasks…

executor >  slurm (27)
[-        ] NFC…PROFILER:TAXPROFILER:UNTAR -
[6d/54ca62] NFC…XPROFILER:FASTQC (SWE.41a) | 5 of 10
[-        ] NFC…ORTREAD_FASTP:FASTP_SINGLE -
[f6/6297d0] NFC…ASTP:FASTP_PAIRED (SGP.52) | 3 of 10
[35/6bb678] NFC…:FASTQC_PROCESSED (SGP.52) | 1 of 3
[bd/2f38ab] NFC…ERING:BBMAP_BBDUK (SGP.52) | 1 of 3
[e1/94415e] NFC…OVAL:BOWTIE2_ALIGN (TCD.1) | 0 of 1
[-        ] NFC…HOSTREMOVAL:SAMTOOLS_INDEX -
[-        ] NFC…HOSTREMOVAL:SAMTOOLS_STATS -
[-        ] NFC…R:PROFILING:DIAMOND_BLASTX -
[-        ] NFC…:KRAKENTOOLS_KREPORT2KRONA -
[-        ] NFC…ON_KRONA:KAIJU_KAIJU2KRONA -
[-        ] NFC…ZATION_KRONA:KRONA_CLEANUP -
[-        ] NFC…N_KRONA:KRONA_KTIMPORTTEXT -
[-        ] NFC…KRONA:MEGAN_RMA2INFO_KRONA -
[-        ] NFC…VISUALIZATION_KRONA:GUNZIP -
[-        ] NFC…ONA:KRONA_KTIMPORTTAXONOMY -
[-        ] NFC…ON_PROFILES:TAXPASTA_MERGE -
[-        ] NFC…FILES:TAXPASTA_STANDARDISE -
[-        ] NFC…CKEN_COMBINEBRACKENOUTPUTS -
Plus 7 more processes waiting for tasks…

executor >  slurm (27)
[-        ] NFC…PROFILER:TAXPROFILER:UNTAR -
[6d/54ca62] NFC…XPROFILER:FASTQC (SWE.41a) | 5 of 10
[-        ] NFC…ORTREAD_FASTP:FASTP_SINGLE -
[05/da3588] NFC…ASTP:FASTP_PAIRED (SRB.37) | 4 of 10
[35/6bb678] NFC…:FASTQC_PROCESSED (SGP.52) | 1 of 3
[bd/2f38ab] NFC…ERING:BBMAP_BBDUK (SGP.52) | 1 of 3
[e1/94415e] NFC…OVAL:BOWTIE2_ALIGN (TCD.1) | 0 of 1
[-        ] NFC…HOSTREMOVAL:SAMTOOLS_INDEX -
[-        ] NFC…HOSTREMOVAL:SAMTOOLS_STATS -
[-        ] NFC…R:PROFILING:DIAMOND_BLASTX -
[-        ] NFC…:KRAKENTOOLS_KREPORT2KRONA -
[-        ] NFC…ON_KRONA:KAIJU_KAIJU2KRONA -
[-        ] NFC…ZATION_KRONA:KRONA_CLEANUP -
[-        ] NFC…N_KRONA:KRONA_KTIMPORTTEXT -
[-        ] NFC…KRONA:MEGAN_RMA2INFO_KRONA -
[-        ] NFC…VISUALIZATION_KRONA:GUNZIP -
[-        ] NFC…ONA:KRONA_KTIMPORTTAXONOMY -
[-        ] NFC…ON_PROFILES:TAXPASTA_MERGE -
[-        ] NFC…FILES:TAXPASTA_STANDARDISE -
[-        ] NFC…CKEN_COMBINEBRACKENOUTPUTS -
Plus 7 more processes waiting for tasks…

executor >  slurm (27)
[-        ] NFC…PROFILER:TAXPROFILER:UNTAR -
[6d/54ca62] NFC…XPROFILER:FASTQC (SWE.41a) | 5 of 10
[-        ] NFC…ORTREAD_FASTP:FASTP_SINGLE -
[e2/cd3ff7] NFC…STP:FASTP_PAIRED (SWE.41a) | 5 of 10
[35/6bb678] NFC…:FASTQC_PROCESSED (SGP.52) | 1 of 3
[bd/2f38ab] NFC…ERING:BBMAP_BBDUK (SGP.52) | 1 of 3
[e1/94415e] NFC…OVAL:BOWTIE2_ALIGN (TCD.1) | 0 of 1
[-        ] NFC…HOSTREMOVAL:SAMTOOLS_INDEX -
[-        ] NFC…HOSTREMOVAL:SAMTOOLS_STATS -
[-        ] NFC…R:PROFILING:DIAMOND_BLASTX -
[-        ] NFC…:KRAKENTOOLS_KREPORT2KRONA -
[-        ] NFC…ON_KRONA:KAIJU_KAIJU2KRONA -
[-        ] NFC…ZATION_KRONA:KRONA_CLEANUP -
[-        ] NFC…N_KRONA:KRONA_KTIMPORTTEXT -
[-        ] NFC…KRONA:MEGAN_RMA2INFO_KRONA -
[-        ] NFC…VISUALIZATION_KRONA:GUNZIP -
[-        ] NFC…ONA:KRONA_KTIMPORTTAXONOMY -
[-        ] NFC…ON_PROFILES:TAXPASTA_MERGE -
[-        ] NFC…FILES:TAXPASTA_STANDARDISE -
[-        ] NFC…CKEN_COMBINEBRACKENOUTPUTS -
Plus 7 more processes waiting for tasks…

executor >  slurm (31)
[-        ] NFC…PROFILER:TAXPROFILER:UNTAR -
[6d/54ca62] NFC…XPROFILER:FASTQC (SWE.41a) | 5 of 10
[-        ] NFC…ORTREAD_FASTP:FASTP_SINGLE -
[e2/cd3ff7] NFC…STP:FASTP_PAIRED (SWE.41a) | 5 of 10
[b2/10aa7d] NFC…FASTQC_PROCESSED (SWE.41a) | 1 of 5
[0b/925c72] NFC…RING:BBMAP_BBDUK (SWE.41a) | 1 of 5
[e1/94415e] NFC…OVAL:BOWTIE2_ALIGN (TCD.1) | 0 of 1
[-        ] NFC…HOSTREMOVAL:SAMTOOLS_INDEX -
[-        ] NFC…HOSTREMOVAL:SAMTOOLS_STATS -
[-        ] NFC…R:PROFILING:DIAMOND_BLASTX -
[-        ] NFC…:KRAKENTOOLS_KREPORT2KRONA -
[-        ] NFC…ON_KRONA:KAIJU_KAIJU2KRONA -
[-        ] NFC…ZATION_KRONA:KRONA_CLEANUP -
[-        ] NFC…N_KRONA:KRONA_KTIMPORTTEXT -
[-        ] NFC…KRONA:MEGAN_RMA2INFO_KRONA -
[-        ] NFC…VISUALIZATION_KRONA:GUNZIP -
[-        ] NFC…ONA:KRONA_KTIMPORTTAXONOMY -
[-        ] NFC…ON_PROFILES:TAXPASTA_MERGE -
[-        ] NFC…FILES:TAXPASTA_STANDARDISE -
[-        ] NFC…CKEN_COMBINEBRACKENOUTPUTS -
Plus 7 more processes waiting for tasks…

executor >  slurm (31)
[-        ] NFC…PROFILER:TAXPROFILER:UNTAR -
[6d/54ca62] NFC…XPROFILER:FASTQC (SWE.41a) | 5 of 10
[-        ] NFC…ORTREAD_FASTP:FASTP_SINGLE -
[e2/cd3ff7] NFC…STP:FASTP_PAIRED (SWE.41a) | 5 of 10
[b2/10aa7d] NFC…FASTQC_PROCESSED (SWE.41a) | 1 of 5
[0b/925c72] NFC…RING:BBMAP_BBDUK (SWE.41a) | 1 of 5
[e1/94415e] NFC…OVAL:BOWTIE2_ALIGN (TCD.1) | 0 of 1
[-        ] NFC…HOSTREMOVAL:SAMTOOLS_INDEX -
[-        ] NFC…HOSTREMOVAL:SAMTOOLS_STATS -
[-        ] NFC…R:PROFILING:DIAMOND_BLASTX -
[-        ] NFC…:KRAKENTOOLS_KREPORT2KRONA -
[-        ] NFC…ON_KRONA:KAIJU_KAIJU2KRONA -
[-        ] NFC…ZATION_KRONA:KRONA_CLEANUP -
[-        ] NFC…N_KRONA:KRONA_KTIMPORTTEXT -
[-        ] NFC…KRONA:MEGAN_RMA2INFO_KRONA -
[-        ] NFC…VISUALIZATION_KRONA:GUNZIP -
[-        ] NFC…ONA:KRONA_KTIMPORTTAXONOMY -
[-        ] NFC…ON_PROFILES:TAXPASTA_MERGE -
[-        ] NFC…FILES:TAXPASTA_STANDARDISE -
[-        ] NFC…CKEN_COMBINEBRACKENOUTPUTS -
Plus 7 more processes waiting for tasks…

executor >  slurm (31)
[-        ] NFC…PROFILER:TAXPROFILER:UNTAR -
[e0/06220f] NFC…AXPROFILER:FASTQC (SVN.38) | 6 of 10
[-        ] NFC…ORTREAD_FASTP:FASTP_SINGLE -
[e2/cd3ff7] NFC…STP:FASTP_PAIRED (SWE.41a) | 5 of 10
[b2/10aa7d] NFC…FASTQC_PROCESSED (SWE.41a) | 1 of 5
[0b/925c72] NFC…RING:BBMAP_BBDUK (SWE.41a) | 1 of 5
[e1/94415e] NFC…OVAL:BOWTIE2_ALIGN (TCD.1) | 0 of 1
[-        ] NFC…HOSTREMOVAL:SAMTOOLS_INDEX -
[-        ] NFC…HOSTREMOVAL:SAMTOOLS_STATS -
[-        ] NFC…R:PROFILING:DIAMOND_BLASTX -
[-        ] NFC…:KRAKENTOOLS_KREPORT2KRONA -
[-        ] NFC…ON_KRONA:KAIJU_KAIJU2KRONA -
[-        ] NFC…ZATION_KRONA:KRONA_CLEANUP -
[-        ] NFC…N_KRONA:KRONA_KTIMPORTTEXT -
[-        ] NFC…KRONA:MEGAN_RMA2INFO_KRONA -
[-        ] NFC…VISUALIZATION_KRONA:GUNZIP -
[-        ] NFC…ONA:KRONA_KTIMPORTTAXONOMY -
[-        ] NFC…ON_PROFILES:TAXPASTA_MERGE -
[-        ] NFC…FILES:TAXPASTA_STANDARDISE -
[-        ] NFC…CKEN_COMBINEBRACKENOUTPUTS -
Plus 7 more processes waiting for tasks…

executor >  slurm (33)
[-        ] NFC…PROFILER:TAXPROFILER:UNTAR -
[e0/06220f] NFC…AXPROFILER:FASTQC (SVN.38) | 6 of 10
[-        ] NFC…ORTREAD_FASTP:FASTP_SINGLE -
[17/abf6e2] NFC…ASTP:FASTP_PAIRED (SVN.38) | 6 of 10
[fb/2c7ed9] NFC…:FASTQC_PROCESSED (SVN.38) | 1 of 6
[ac/26306d] NFC…ERING:BBMAP_BBDUK (SVN.38) | 1 of 6
[e1/94415e] NFC…OVAL:BOWTIE2_ALIGN (TCD.1) | 0 of 1
[-        ] NFC…HOSTREMOVAL:SAMTOOLS_INDEX -
[-        ] NFC…HOSTREMOVAL:SAMTOOLS_STATS -
[-        ] NFC…R:PROFILING:DIAMOND_BLASTX -
[-        ] NFC…:KRAKENTOOLS_KREPORT2KRONA -
[-        ] NFC…ON_KRONA:KAIJU_KAIJU2KRONA -
[-        ] NFC…ZATION_KRONA:KRONA_CLEANUP -
[-        ] NFC…N_KRONA:KRONA_KTIMPORTTEXT -
[-        ] NFC…KRONA:MEGAN_RMA2INFO_KRONA -
[-        ] NFC…VISUALIZATION_KRONA:GUNZIP -
[-        ] NFC…ONA:KRONA_KTIMPORTTAXONOMY -
[-        ] NFC…ON_PROFILES:TAXPASTA_MERGE -
[-        ] NFC…FILES:TAXPASTA_STANDARDISE -
[-        ] NFC…CKEN_COMBINEBRACKENOUTPUTS -
Plus 7 more processes waiting for tasks…

executor >  slurm (33)
[-        ] NFC…PROFILER:TAXPROFILER:UNTAR -
[e0/06220f] NFC…AXPROFILER:FASTQC (SVN.38) | 6 of 10
[-        ] NFC…ORTREAD_FASTP:FASTP_SINGLE -
[17/abf6e2] NFC…ASTP:FASTP_PAIRED (SVN.38) | 6 of 10
[fb/2c7ed9] NFC…:FASTQC_PROCESSED (SVN.38) | 1 of 6
[ac/26306d] NFC…ERING:BBMAP_BBDUK (SVN.38) | 1 of 6
[e1/94415e] NFC…OVAL:BOWTIE2_ALIGN (TCD.1) | 0 of 1
[-        ] NFC…HOSTREMOVAL:SAMTOOLS_INDEX -
[-        ] NFC…HOSTREMOVAL:SAMTOOLS_STATS -
[-        ] NFC…R:PROFILING:DIAMOND_BLASTX -
[-        ] NFC…:KRAKENTOOLS_KREPORT2KRONA -
[-        ] NFC…ON_KRONA:KAIJU_KAIJU2KRONA -
[-        ] NFC…ZATION_KRONA:KRONA_CLEANUP -
[-        ] NFC…N_KRONA:KRONA_KTIMPORTTEXT -
[-        ] NFC…KRONA:MEGAN_RMA2INFO_KRONA -
[-        ] NFC…VISUALIZATION_KRONA:GUNZIP -
[-        ] NFC…ONA:KRONA_KTIMPORTTAXONOMY -
[-        ] NFC…ON_PROFILES:TAXPASTA_MERGE -
[-        ] NFC…FILES:TAXPASTA_STANDARDISE -
[-        ] NFC…CKEN_COMBINEBRACKENOUTPUTS -
Plus 7 more processes waiting for tasks…

executor >  slurm (33)
[-        ] NFC…PROFILER:TAXPROFILER:UNTAR -
[38/0a5ef3] NFC…AXPROFILER:FASTQC (SWE.41) | 7 of 10
[-        ] NFC…ORTREAD_FASTP:FASTP_SINGLE -
[17/abf6e2] NFC…ASTP:FASTP_PAIRED (SVN.38) | 6 of 10
[fb/2c7ed9] NFC…:FASTQC_PROCESSED (SVN.38) | 1 of 6
[ac/26306d] NFC…ERING:BBMAP_BBDUK (SVN.38) | 1 of 6
[e1/94415e] NFC…OVAL:BOWTIE2_ALIGN (TCD.1) | 0 of 1
[-        ] NFC…HOSTREMOVAL:SAMTOOLS_INDEX -
[-        ] NFC…HOSTREMOVAL:SAMTOOLS_STATS -
[-        ] NFC…R:PROFILING:DIAMOND_BLASTX -
[-        ] NFC…:KRAKENTOOLS_KREPORT2KRONA -
[-        ] NFC…ON_KRONA:KAIJU_KAIJU2KRONA -
[-        ] NFC…ZATION_KRONA:KRONA_CLEANUP -
[-        ] NFC…N_KRONA:KRONA_KTIMPORTTEXT -
[-        ] NFC…KRONA:MEGAN_RMA2INFO_KRONA -
[-        ] NFC…VISUALIZATION_KRONA:GUNZIP -
[-        ] NFC…ONA:KRONA_KTIMPORTTAXONOMY -
[-        ] NFC…ON_PROFILES:TAXPASTA_MERGE -
[-        ] NFC…FILES:TAXPASTA_STANDARDISE -
[-        ] NFC…CKEN_COMBINEBRACKENOUTPUTS -
Plus 7 more processes waiting for tasks…

executor >  slurm (33)
[-        ] NFC…PROFILER:TAXPROFILER:UNTAR -
[f5/c5b4db] NFC…AXPROFILER:FASTQC (TUR.46) | 8 of 10
[-        ] NFC…ORTREAD_FASTP:FASTP_SINGLE -
[17/abf6e2] NFC…ASTP:FASTP_PAIRED (SVN.38) | 6 of 10
[fb/2c7ed9] NFC…:FASTQC_PROCESSED (SVN.38) | 1 of 6
[ac/26306d] NFC…ERING:BBMAP_BBDUK (SVN.38) | 1 of 6
[e1/94415e] NFC…OVAL:BOWTIE2_ALIGN (TCD.1) | 0 of 1
[-        ] NFC…HOSTREMOVAL:SAMTOOLS_INDEX -
[-        ] NFC…HOSTREMOVAL:SAMTOOLS_STATS -
[-        ] NFC…R:PROFILING:DIAMOND_BLASTX -
[-        ] NFC…:KRAKENTOOLS_KREPORT2KRONA -
[-        ] NFC…ON_KRONA:KAIJU_KAIJU2KRONA -
[-        ] NFC…ZATION_KRONA:KRONA_CLEANUP -
[-        ] NFC…N_KRONA:KRONA_KTIMPORTTEXT -
[-        ] NFC…KRONA:MEGAN_RMA2INFO_KRONA -
[-        ] NFC…VISUALIZATION_KRONA:GUNZIP -
[-        ] NFC…ONA:KRONA_KTIMPORTTAXONOMY -
[-        ] NFC…ON_PROFILES:TAXPASTA_MERGE -
[-        ] NFC…FILES:TAXPASTA_STANDARDISE -
[-        ] NFC…CKEN_COMBINEBRACKENOUTPUTS -
Plus 7 more processes waiting for tasks…

executor >  slurm (33)
[-        ] NFC…PROFILER:TAXPROFILER:UNTAR -
[f5/c5b4db] NFC…AXPROFILER:FASTQC (TUR.46) | 8 of 10
[-        ] NFC…ORTREAD_FASTP:FASTP_SINGLE -
[17/abf6e2] NFC…ASTP:FASTP_PAIRED (SVN.38) | 6 of 10
[fb/2c7ed9] NFC…:FASTQC_PROCESSED (SVN.38) | 1 of 7
[ac/26306d] NFC…ERING:BBMAP_BBDUK (SVN.38) | 1 of 7
[e1/94415e] NFC…OVAL:BOWTIE2_ALIGN (TCD.1) | 0 of 1
[-        ] NFC…HOSTREMOVAL:SAMTOOLS_INDEX -
[-        ] NFC…HOSTREMOVAL:SAMTOOLS_STATS -
[-        ] NFC…R:PROFILING:DIAMOND_BLASTX -
[-        ] NFC…:KRAKENTOOLS_KREPORT2KRONA -
[-        ] NFC…ON_KRONA:KAIJU_KAIJU2KRONA -
[-        ] NFC…ZATION_KRONA:KRONA_CLEANUP -
[-        ] NFC…N_KRONA:KRONA_KTIMPORTTEXT -
[-        ] NFC…KRONA:MEGAN_RMA2INFO_KRONA -
[-        ] NFC…VISUALIZATION_KRONA:GUNZIP -
[-        ] NFC…ONA:KRONA_KTIMPORTTAXONOMY -
[-        ] NFC…ON_PROFILES:TAXPASTA_MERGE -
[-        ] NFC…FILES:TAXPASTA_STANDARDISE -
[-        ] NFC…CKEN_COMBINEBRACKENOUTPUTS -
Plus 7 more processes waiting for tasks…

executor >  slurm (35)
[-        ] NFC…PROFILER:TAXPROFILER:UNTAR -
[f5/c5b4db] NFC…AXPROFILER:FASTQC (TUR.46) | 8 of 10
[-        ] NFC…ORTREAD_FASTP:FASTP_SINGLE -
[92/f4867d] NFC…ASTP:FASTP_PAIRED (SWE.41) | 7 of 10
[e8/ea2bba] NFC…:FASTQC_PROCESSED (SWE.41) | 1 of 7
[2f/d07144] NFC…ERING:BBMAP_BBDUK (SWE.41) | 1 of 7
[e1/94415e] NFC…OVAL:BOWTIE2_ALIGN (TCD.1) | 0 of 1
[-        ] NFC…HOSTREMOVAL:SAMTOOLS_INDEX -
[-        ] NFC…HOSTREMOVAL:SAMTOOLS_STATS -
[-        ] NFC…R:PROFILING:DIAMOND_BLASTX -
[-        ] NFC…:KRAKENTOOLS_KREPORT2KRONA -
[-        ] NFC…ON_KRONA:KAIJU_KAIJU2KRONA -
[-        ] NFC…ZATION_KRONA:KRONA_CLEANUP -
[-        ] NFC…N_KRONA:KRONA_KTIMPORTTEXT -
[-        ] NFC…KRONA:MEGAN_RMA2INFO_KRONA -
[-        ] NFC…VISUALIZATION_KRONA:GUNZIP -
[-        ] NFC…ONA:KRONA_KTIMPORTTAXONOMY -
[-        ] NFC…ON_PROFILES:TAXPASTA_MERGE -
[-        ] NFC…FILES:TAXPASTA_STANDARDISE -
[-        ] NFC…CKEN_COMBINEBRACKENOUTPUTS -
Plus 7 more processes waiting for tasks…

executor >  slurm (35)
[-        ] NFC…PROFILER:TAXPROFILER:UNTAR -
[f5/c5b4db] NFC…AXPROFILER:FASTQC (TUR.46) | 8 of 10
[-        ] NFC…ORTREAD_FASTP:FASTP_SINGLE -
[92/f4867d] NFC…ASTP:FASTP_PAIRED (SWE.41) | 7 of 10
[e8/ea2bba] NFC…:FASTQC_PROCESSED (SWE.41) | 1 of 8
[2f/d07144] NFC…ERING:BBMAP_BBDUK (SWE.41) | 1 of 8
[e1/94415e] NFC…OVAL:BOWTIE2_ALIGN (TCD.1) | 0 of 1
[-        ] NFC…HOSTREMOVAL:SAMTOOLS_INDEX -
[-        ] NFC…HOSTREMOVAL:SAMTOOLS_STATS -
[-        ] NFC…R:PROFILING:DIAMOND_BLASTX -
[-        ] NFC…:KRAKENTOOLS_KREPORT2KRONA -
[-        ] NFC…ON_KRONA:KAIJU_KAIJU2KRONA -
[-        ] NFC…ZATION_KRONA:KRONA_CLEANUP -
[-        ] NFC…N_KRONA:KRONA_KTIMPORTTEXT -
[-        ] NFC…KRONA:MEGAN_RMA2INFO_KRONA -
[-        ] NFC…VISUALIZATION_KRONA:GUNZIP -
[-        ] NFC…ONA:KRONA_KTIMPORTTAXONOMY -
[-        ] NFC…ON_PROFILES:TAXPASTA_MERGE -
[-        ] NFC…FILES:TAXPASTA_STANDARDISE -
[-        ] NFC…CKEN_COMBINEBRACKENOUTPUTS -
Plus 7 more processes waiting for tasks…

executor >  slurm (37)
[-        ] NFC…PROFILER:TAXPROFILER:UNTAR -
[f5/c5b4db] NFC…AXPROFILER:FASTQC (TUR.46) | 8 of 10
[-        ] NFC…ORTREAD_FASTP:FASTP_SINGLE -
[e0/8a71d9] NFC…ASTP:FASTP_PAIRED (TUR.46) | 8 of 10
[ba/d61839] NFC…:FASTQC_PROCESSED (TUR.46) | 1 of 8
[73/cb5d88] NFC…ERING:BBMAP_BBDUK (TUR.46) | 1 of 8
[e1/94415e] NFC…OVAL:BOWTIE2_ALIGN (TCD.1) | 0 of 1
[-        ] NFC…HOSTREMOVAL:SAMTOOLS_INDEX -
[-        ] NFC…HOSTREMOVAL:SAMTOOLS_STATS -
[-        ] NFC…R:PROFILING:DIAMOND_BLASTX -
[-        ] NFC…:KRAKENTOOLS_KREPORT2KRONA -
[-        ] NFC…ON_KRONA:KAIJU_KAIJU2KRONA -
[-        ] NFC…ZATION_KRONA:KRONA_CLEANUP -
[-        ] NFC…N_KRONA:KRONA_KTIMPORTTEXT -
[-        ] NFC…KRONA:MEGAN_RMA2INFO_KRONA -
[-        ] NFC…VISUALIZATION_KRONA:GUNZIP -
[-        ] NFC…ONA:KRONA_KTIMPORTTAXONOMY -
[-        ] NFC…ON_PROFILES:TAXPASTA_MERGE -
[-        ] NFC…FILES:TAXPASTA_STANDARDISE -
[-        ] NFC…CKEN_COMBINEBRACKENOUTPUTS -
Plus 7 more processes waiting for tasks…

executor >  slurm (37)
[-        ] NFC…PROFILER:TAXPROFILER:UNTAR -
[f5/c5b4db] NFC…AXPROFILER:FASTQC (TUR.46) | 8 of 10
[-        ] NFC…ORTREAD_FASTP:FASTP_SINGLE -
[e0/8a71d9] NFC…ASTP:FASTP_PAIRED (TUR.46) | 8 of 10
[ba/d61839] NFC…:FASTQC_PROCESSED (TUR.46) | 1 of 8
[73/cb5d88] NFC…ERING:BBMAP_BBDUK (TUR.46) | 1 of 8
[e1/94415e] NFC…OVAL:BOWTIE2_ALIGN (TCD.1) | 0 of 1
[-        ] NFC…HOSTREMOVAL:SAMTOOLS_INDEX -
[-        ] NFC…HOSTREMOVAL:SAMTOOLS_STATS -
[-        ] NFC…R:PROFILING:DIAMOND_BLASTX -
[-        ] NFC…:KRAKENTOOLS_KREPORT2KRONA -
[-        ] NFC…ON_KRONA:KAIJU_KAIJU2KRONA -
[-        ] NFC…ZATION_KRONA:KRONA_CLEANUP -
[-        ] NFC…N_KRONA:KRONA_KTIMPORTTEXT -
[-        ] NFC…KRONA:MEGAN_RMA2INFO_KRONA -
[-        ] NFC…VISUALIZATION_KRONA:GUNZIP -
[-        ] NFC…ONA:KRONA_KTIMPORTTAXONOMY -
[-        ] NFC…ON_PROFILES:TAXPASTA_MERGE -
[-        ] NFC…FILES:TAXPASTA_STANDARDISE -
[-        ] NFC…CKEN_COMBINEBRACKENOUTPUTS -
Plus 7 more processes waiting for tasks…

executor >  slurm (37)
[-        ] NFC…PROFILER:TAXPROFILER:UNTAR -
[f5/c5b4db] NFC…AXPROFILER:FASTQC (TUR.46) | 8 of 10
[-        ] NFC…ORTREAD_FASTP:FASTP_SINGLE -
[e0/8a71d9] NFC…ASTP:FASTP_PAIRED (TUR.46) | 8 of 10
[93/133a38] NFC…G:FASTQC_PROCESSED (SVK.9) | 2 of 8
[73/cb5d88] NFC…ERING:BBMAP_BBDUK (TUR.46) | 1 of 8
[e1/94415e] NFC…OVAL:BOWTIE2_ALIGN (TCD.1) | 0 of 1
[-        ] NFC…HOSTREMOVAL:SAMTOOLS_INDEX -
[-        ] NFC…HOSTREMOVAL:SAMTOOLS_STATS -
[-        ] NFC…R:PROFILING:DIAMOND_BLASTX -
[-        ] NFC…:KRAKENTOOLS_KREPORT2KRONA -
[-        ] NFC…ON_KRONA:KAIJU_KAIJU2KRONA -
[-        ] NFC…ZATION_KRONA:KRONA_CLEANUP -
[-        ] NFC…N_KRONA:KRONA_KTIMPORTTEXT -
[-        ] NFC…KRONA:MEGAN_RMA2INFO_KRONA -
[-        ] NFC…VISUALIZATION_KRONA:GUNZIP -
[-        ] NFC…ONA:KRONA_KTIMPORTTAXONOMY -
[-        ] NFC…ON_PROFILES:TAXPASTA_MERGE -
[-        ] NFC…FILES:TAXPASTA_STANDARDISE -
[-        ] NFC…CKEN_COMBINEBRACKENOUTPUTS -
Plus 7 more processes waiting for tasks…

executor >  slurm (37)
[-        ] NFC…PROFILER:TAXPROFILER:UNTAR -
[f5/c5b4db] NFC…AXPROFILER:FASTQC (TUR.46) | 8 of 10
[-        ] NFC…ORTREAD_FASTP:FASTP_SINGLE -
[e0/8a71d9] NFC…ASTP:FASTP_PAIRED (TUR.46) | 8 of 10
[35/6bb678] NFC…:FASTQC_PROCESSED (SGP.52) | 3 of 8
[73/cb5d88] NFC…ERING:BBMAP_BBDUK (TUR.46) | 1 of 8
[e1/94415e] NFC…OVAL:BOWTIE2_ALIGN (TCD.1) | 0 of 1
[-        ] NFC…HOSTREMOVAL:SAMTOOLS_INDEX -
[-        ] NFC…HOSTREMOVAL:SAMTOOLS_STATS -
[-        ] NFC…R:PROFILING:DIAMOND_BLASTX -
[-        ] NFC…:KRAKENTOOLS_KREPORT2KRONA -
[-        ] NFC…ON_KRONA:KAIJU_KAIJU2KRONA -
[-        ] NFC…ZATION_KRONA:KRONA_CLEANUP -
[-        ] NFC…N_KRONA:KRONA_KTIMPORTTEXT -
[-        ] NFC…KRONA:MEGAN_RMA2INFO_KRONA -
[-        ] NFC…VISUALIZATION_KRONA:GUNZIP -
[-        ] NFC…ONA:KRONA_KTIMPORTTAXONOMY -
[-        ] NFC…ON_PROFILES:TAXPASTA_MERGE -
[-        ] NFC…FILES:TAXPASTA_STANDARDISE -
[-        ] NFC…CKEN_COMBINEBRACKENOUTPUTS -
Plus 7 more processes waiting for tasks…

executor >  slurm (37)
[-        ] NFC…PROFILER:TAXPROFILER:UNTAR -
[f5/c5b4db] NFC…AXPROFILER:FASTQC (TUR.46) | 8 of 10
[-        ] NFC…ORTREAD_FASTP:FASTP_SINGLE -
[e0/8a71d9] NFC…ASTP:FASTP_PAIRED (TUR.46) | 8 of 10
[35/6bb678] NFC…:FASTQC_PROCESSED (SGP.52) | 3 of 8
[bf/d6670e] NFC…TERING:BBMAP_BBDUK (SVK.9) | 2 of 8
[e1/94415e] NFC…OVAL:BOWTIE2_ALIGN (TCD.1) | 0 of 2
[-        ] NFC…HOSTREMOVAL:SAMTOOLS_INDEX -
[-        ] NFC…HOSTREMOVAL:SAMTOOLS_STATS -
[-        ] NFC…R:PROFILING:DIAMOND_BLASTX -
[-        ] NFC…:KRAKENTOOLS_KREPORT2KRONA -
[-        ] NFC…ON_KRONA:KAIJU_KAIJU2KRONA -
[-        ] NFC…ZATION_KRONA:KRONA_CLEANUP -
[-        ] NFC…N_KRONA:KRONA_KTIMPORTTEXT -
[-        ] NFC…KRONA:MEGAN_RMA2INFO_KRONA -
[-        ] NFC…VISUALIZATION_KRONA:GUNZIP -
[-        ] NFC…ONA:KRONA_KTIMPORTTAXONOMY -
[-        ] NFC…ON_PROFILES:TAXPASTA_MERGE -
[-        ] NFC…FILES:TAXPASTA_STANDARDISE -
[-        ] NFC…CKEN_COMBINEBRACKENOUTPUTS -
Plus 7 more processes waiting for tasks…

executor >  slurm (38)
[-        ] NFC…PROFILER:TAXPROFILER:UNTAR -
[f5/c5b4db] NFC…AXPROFILER:FASTQC (TUR.46) | 8 of 10
[-        ] NFC…ORTREAD_FASTP:FASTP_SINGLE -
[e0/8a71d9] NFC…ASTP:FASTP_PAIRED (TUR.46) | 8 of 10
[35/6bb678] NFC…:FASTQC_PROCESSED (SGP.52) | 3 of 8
[bf/d6670e] NFC…TERING:BBMAP_BBDUK (SVK.9) | 2 of 8
[ec/c06f35] NFC…OVAL:BOWTIE2_ALIGN (SVK.9) | 0 of 2
[-        ] NFC…HOSTREMOVAL:SAMTOOLS_INDEX -
[-        ] NFC…HOSTREMOVAL:SAMTOOLS_STATS -
[-        ] NFC…R:PROFILING:DIAMOND_BLASTX -
[-        ] NFC…:KRAKENTOOLS_KREPORT2KRONA -
[-        ] NFC…ON_KRONA:KAIJU_KAIJU2KRONA -
[-        ] NFC…ZATION_KRONA:KRONA_CLEANUP -
[-        ] NFC…N_KRONA:KRONA_KTIMPORTTEXT -
[-        ] NFC…KRONA:MEGAN_RMA2INFO_KRONA -
[-        ] NFC…VISUALIZATION_KRONA:GUNZIP -
[-        ] NFC…ONA:KRONA_KTIMPORTTAXONOMY -
[-        ] NFC…ON_PROFILES:TAXPASTA_MERGE -
[-        ] NFC…FILES:TAXPASTA_STANDARDISE -
[-        ] NFC…CKEN_COMBINEBRACKENOUTPUTS -
Plus 7 more processes waiting for tasks…

executor >  slurm (38)
[-        ] NFC…PROFILER:TAXPROFILER:UNTAR -
[f5/c5b4db] NFC…AXPROFILER:FASTQC (TUR.46) | 8 of 10
[-        ] NFC…ORTREAD_FASTP:FASTP_SINGLE -
[e0/8a71d9] NFC…ASTP:FASTP_PAIRED (TUR.46) | 8 of 10
[35/6bb678] NFC…:FASTQC_PROCESSED (SGP.52) | 3 of 8
[bf/d6670e] NFC…TERING:BBMAP_BBDUK (SVK.9) | 2 of 8
[ec/c06f35] NFC…OVAL:BOWTIE2_ALIGN (SVK.9) | 0 of 2
[-        ] NFC…HOSTREMOVAL:SAMTOOLS_INDEX -
[-        ] NFC…HOSTREMOVAL:SAMTOOLS_STATS -
[-        ] NFC…R:PROFILING:DIAMOND_BLASTX -
[-        ] NFC…:KRAKENTOOLS_KREPORT2KRONA -
[-        ] NFC…ON_KRONA:KAIJU_KAIJU2KRONA -
[-        ] NFC…ZATION_KRONA:KRONA_CLEANUP -
[-        ] NFC…N_KRONA:KRONA_KTIMPORTTEXT -
[-        ] NFC…KRONA:MEGAN_RMA2INFO_KRONA -
[-        ] NFC…VISUALIZATION_KRONA:GUNZIP -
[-        ] NFC…ONA:KRONA_KTIMPORTTAXONOMY -
[-        ] NFC…ON_PROFILES:TAXPASTA_MERGE -
[-        ] NFC…FILES:TAXPASTA_STANDARDISE -
[-        ] NFC…CKEN_COMBINEBRACKENOUTPUTS -
Plus 7 more processes waiting for tasks…

executor >  slurm (38)
[-        ] NFC…PROFILER:TAXPROFILER:UNTAR -
[f5/c5b4db] NFC…AXPROFILER:FASTQC (TUR.46) | 8 of 10
[-        ] NFC…ORTREAD_FASTP:FASTP_SINGLE -
[e0/8a71d9] NFC…ASTP:FASTP_PAIRED (TUR.46) | 8 of 10
[35/6bb678] NFC…:FASTQC_PROCESSED (SGP.52) | 3 of 8
[bf/d6670e] NFC…TERING:BBMAP_BBDUK (SVK.9) | 2 of 8
[ec/c06f35] NFC…OVAL:BOWTIE2_ALIGN (SVK.9) | 0 of 3
[-        ] NFC…HOSTREMOVAL:SAMTOOLS_INDEX -
[-        ] NFC…HOSTREMOVAL:SAMTOOLS_STATS -
[-        ] NFC…R:PROFILING:DIAMOND_BLASTX -
[-        ] NFC…:KRAKENTOOLS_KREPORT2KRONA -
[-        ] NFC…ON_KRONA:KAIJU_KAIJU2KRONA -
[-        ] NFC…ZATION_KRONA:KRONA_CLEANUP -
[-        ] NFC…N_KRONA:KRONA_KTIMPORTTEXT -
[-        ] NFC…KRONA:MEGAN_RMA2INFO_KRONA -
[-        ] NFC…VISUALIZATION_KRONA:GUNZIP -
[-        ] NFC…ONA:KRONA_KTIMPORTTAXONOMY -
[-        ] NFC…ON_PROFILES:TAXPASTA_MERGE -
[-        ] NFC…FILES:TAXPASTA_STANDARDISE -
[-        ] NFC…CKEN_COMBINEBRACKENOUTPUTS -
Plus 7 more processes waiting for tasks…

executor >  slurm (38)
[-        ] NFC…PROFILER:TAXPROFILER:UNTAR -
[f5/c5b4db] NFC…AXPROFILER:FASTQC (TUR.46) | 8 of 10
[-        ] NFC…ORTREAD_FASTP:FASTP_SINGLE -
[e0/8a71d9] NFC…ASTP:FASTP_PAIRED (TUR.46) | 8 of 10
[35/6bb678] NFC…:FASTQC_PROCESSED (SGP.52) | 3 of 8
[bd/2f38ab] NFC…ERING:BBMAP_BBDUK (SGP.52) | 3 of 8
[ec/c06f35] NFC…OVAL:BOWTIE2_ALIGN (SVK.9) | 0 of 3
[-        ] NFC…HOSTREMOVAL:SAMTOOLS_INDEX -
[-        ] NFC…HOSTREMOVAL:SAMTOOLS_STATS -
[-        ] NFC…R:PROFILING:DIAMOND_BLASTX -
[-        ] NFC…:KRAKENTOOLS_KREPORT2KRONA -
[-        ] NFC…ON_KRONA:KAIJU_KAIJU2KRONA -
[-        ] NFC…ZATION_KRONA:KRONA_CLEANUP -
[-        ] NFC…N_KRONA:KRONA_KTIMPORTTEXT -
[-        ] NFC…KRONA:MEGAN_RMA2INFO_KRONA -
[-        ] NFC…VISUALIZATION_KRONA:GUNZIP -
[-        ] NFC…ONA:KRONA_KTIMPORTTAXONOMY -
[-        ] NFC…ON_PROFILES:TAXPASTA_MERGE -
[-        ] NFC…FILES:TAXPASTA_STANDARDISE -
[-        ] NFC…CKEN_COMBINEBRACKENOUTPUTS -
Plus 7 more processes waiting for tasks…

executor >  slurm (39)
[-        ] NFC…PROFILER:TAXPROFILER:UNTAR -
[f5/c5b4db] NFC…AXPROFILER:FASTQC (TUR.46) | 8 of 10
[-        ] NFC…ORTREAD_FASTP:FASTP_SINGLE -
[e0/8a71d9] NFC…ASTP:FASTP_PAIRED (TUR.46) | 8 of 10
[35/6bb678] NFC…:FASTQC_PROCESSED (SGP.52) | 3 of 8
[bd/2f38ab] NFC…ERING:BBMAP_BBDUK (SGP.52) | 3 of 8
[02/aa151e] NFC…VAL:BOWTIE2_ALIGN (SGP.52) | 0 of 3
[-        ] NFC…HOSTREMOVAL:SAMTOOLS_INDEX -
[-        ] NFC…HOSTREMOVAL:SAMTOOLS_STATS -
[-        ] NFC…R:PROFILING:DIAMOND_BLASTX -
[-        ] NFC…:KRAKENTOOLS_KREPORT2KRONA -
[-        ] NFC…ON_KRONA:KAIJU_KAIJU2KRONA -
[-        ] NFC…ZATION_KRONA:KRONA_CLEANUP -
[-        ] NFC…N_KRONA:KRONA_KTIMPORTTEXT -
[-        ] NFC…KRONA:MEGAN_RMA2INFO_KRONA -
[-        ] NFC…VISUALIZATION_KRONA:GUNZIP -
[-        ] NFC…ONA:KRONA_KTIMPORTTAXONOMY -
[-        ] NFC…ON_PROFILES:TAXPASTA_MERGE -
[-        ] NFC…FILES:TAXPASTA_STANDARDISE -
[-        ] NFC…CKEN_COMBINEBRACKENOUTPUTS -
Plus 7 more processes waiting for tasks…

executor >  slurm (39)
[-        ] NFC…PROFILER:TAXPROFILER:UNTAR -
[f5/c5b4db] NFC…AXPROFILER:FASTQC (TUR.46) | 8 of 10
[-        ] NFC…ORTREAD_FASTP:FASTP_SINGLE -
[e0/8a71d9] NFC…ASTP:FASTP_PAIRED (TUR.46) | 8 of 10
[35/6bb678] NFC…:FASTQC_PROCESSED (SGP.52) | 3 of 8
[bd/2f38ab] NFC…ERING:BBMAP_BBDUK (SGP.52) | 3 of 8
[02/aa151e] NFC…VAL:BOWTIE2_ALIGN (SGP.52) | 0 of 3
[-        ] NFC…HOSTREMOVAL:SAMTOOLS_INDEX -
[-        ] NFC…HOSTREMOVAL:SAMTOOLS_STATS -
[-        ] NFC…R:PROFILING:DIAMOND_BLASTX -
[-        ] NFC…:KRAKENTOOLS_KREPORT2KRONA -
[-        ] NFC…ON_KRONA:KAIJU_KAIJU2KRONA -
[-        ] NFC…ZATION_KRONA:KRONA_CLEANUP -
[-        ] NFC…N_KRONA:KRONA_KTIMPORTTEXT -
[-        ] NFC…KRONA:MEGAN_RMA2INFO_KRONA -
[-        ] NFC…VISUALIZATION_KRONA:GUNZIP -
[-        ] NFC…ONA:KRONA_KTIMPORTTAXONOMY -
[-        ] NFC…ON_PROFILES:TAXPASTA_MERGE -
[-        ] NFC…FILES:TAXPASTA_STANDARDISE -
[-        ] NFC…CKEN_COMBINEBRACKENOUTPUTS -
Plus 7 more processes waiting for tasks…

executor >  slurm (39)
[-        ] NFC…PROFILER:TAXPROFILER:UNTAR -
[f5/c5b4db] NFC…AXPROFILER:FASTQC (TUR.46) | 8 of 10
[-        ] NFC…ORTREAD_FASTP:FASTP_SINGLE -
[e0/8a71d9] NFC…ASTP:FASTP_PAIRED (TUR.46) | 8 of 10
[35/6bb678] NFC…:FASTQC_PROCESSED (SGP.52) | 3 of 8
[8c/f7ee45] NFC…ERING:BBMAP_BBDUK (SRB.37) | 4 of 8
[02/aa151e] NFC…VAL:BOWTIE2_ALIGN (SGP.52) | 0 of 4
[-        ] NFC…HOSTREMOVAL:SAMTOOLS_INDEX -
[-        ] NFC…HOSTREMOVAL:SAMTOOLS_STATS -
[-        ] NFC…R:PROFILING:DIAMOND_BLASTX -
[-        ] NFC…:KRAKENTOOLS_KREPORT2KRONA -
[-        ] NFC…ON_KRONA:KAIJU_KAIJU2KRONA -
[-        ] NFC…ZATION_KRONA:KRONA_CLEANUP -
[-        ] NFC…N_KRONA:KRONA_KTIMPORTTEXT -
[-        ] NFC…KRONA:MEGAN_RMA2INFO_KRONA -
[-        ] NFC…VISUALIZATION_KRONA:GUNZIP -
[-        ] NFC…ONA:KRONA_KTIMPORTTAXONOMY -
[-        ] NFC…ON_PROFILES:TAXPASTA_MERGE -
[-        ] NFC…FILES:TAXPASTA_STANDARDISE -
[-        ] NFC…CKEN_COMBINEBRACKENOUTPUTS -
Plus 7 more processes waiting for tasks…

executor >  slurm (40)
[-        ] NFC…PROFILER:TAXPROFILER:UNTAR -
[f5/c5b4db] NFC…AXPROFILER:FASTQC (TUR.46) | 8 of 10
[-        ] NFC…ORTREAD_FASTP:FASTP_SINGLE -
[e0/8a71d9] NFC…ASTP:FASTP_PAIRED (TUR.46) | 8 of 10
[35/6bb678] NFC…:FASTQC_PROCESSED (SGP.52) | 3 of 8
[8c/f7ee45] NFC…ERING:BBMAP_BBDUK (SRB.37) | 4 of 8
[6b/4fbc40] NFC…VAL:BOWTIE2_ALIGN (SRB.37) | 0 of 4
[-        ] NFC…HOSTREMOVAL:SAMTOOLS_INDEX -
[-        ] NFC…HOSTREMOVAL:SAMTOOLS_STATS -
[-        ] NFC…R:PROFILING:DIAMOND_BLASTX -
[-        ] NFC…:KRAKENTOOLS_KREPORT2KRONA -
[-        ] NFC…ON_KRONA:KAIJU_KAIJU2KRONA -
[-        ] NFC…ZATION_KRONA:KRONA_CLEANUP -
[-        ] NFC…N_KRONA:KRONA_KTIMPORTTEXT -
[-        ] NFC…KRONA:MEGAN_RMA2INFO_KRONA -
[-        ] NFC…VISUALIZATION_KRONA:GUNZIP -
[-        ] NFC…ONA:KRONA_KTIMPORTTAXONOMY -
[-        ] NFC…ON_PROFILES:TAXPASTA_MERGE -
[-        ] NFC…FILES:TAXPASTA_STANDARDISE -
[-        ] NFC…CKEN_COMBINEBRACKENOUTPUTS -
Plus 7 more processes waiting for tasks…

executor >  slurm (40)
[-        ] NFC…PROFILER:TAXPROFILER:UNTAR -
[f5/c5b4db] NFC…AXPROFILER:FASTQC (TUR.46) | 8 of 10
[-        ] NFC…ORTREAD_FASTP:FASTP_SINGLE -
[e0/8a71d9] NFC…ASTP:FASTP_PAIRED (TUR.46) | 8 of 10
[35/6bb678] NFC…:FASTQC_PROCESSED (SGP.52) | 3 of 8
[8c/f7ee45] NFC…ERING:BBMAP_BBDUK (SRB.37) | 4 of 8
[6b/4fbc40] NFC…VAL:BOWTIE2_ALIGN (SRB.37) | 0 of 4
[-        ] NFC…HOSTREMOVAL:SAMTOOLS_INDEX -
[-        ] NFC…HOSTREMOVAL:SAMTOOLS_STATS -
[-        ] NFC…R:PROFILING:DIAMOND_BLASTX -
[-        ] NFC…:KRAKENTOOLS_KREPORT2KRONA -
[-        ] NFC…ON_KRONA:KAIJU_KAIJU2KRONA -
[-        ] NFC…ZATION_KRONA:KRONA_CLEANUP -
[-        ] NFC…N_KRONA:KRONA_KTIMPORTTEXT -
[-        ] NFC…KRONA:MEGAN_RMA2INFO_KRONA -
[-        ] NFC…VISUALIZATION_KRONA:GUNZIP -
[-        ] NFC…ONA:KRONA_KTIMPORTTAXONOMY -
[-        ] NFC…ON_PROFILES:TAXPASTA_MERGE -
[-        ] NFC…FILES:TAXPASTA_STANDARDISE -
[-        ] NFC…CKEN_COMBINEBRACKENOUTPUTS -
Plus 7 more processes waiting for tasks…

executor >  slurm (40)
[-        ] NFC…PROFILER:TAXPROFILER:UNTAR -
[f5/c5b4db] NFC…AXPROFILER:FASTQC (TUR.46) | 8 of 10
[-        ] NFC…ORTREAD_FASTP:FASTP_SINGLE -
[e0/8a71d9] NFC…ASTP:FASTP_PAIRED (TUR.46) | 8 of 10
[b2/2cc31c] NFC…:FASTQC_PROCESSED (SRB.37) | 4 of 8
[8c/f7ee45] NFC…ERING:BBMAP_BBDUK (SRB.37) | 4 of 8
[6b/4fbc40] NFC…VAL:BOWTIE2_ALIGN (SRB.37) | 0 of 4
[-        ] NFC…HOSTREMOVAL:SAMTOOLS_INDEX -
[-        ] NFC…HOSTREMOVAL:SAMTOOLS_STATS -
[-        ] NFC…R:PROFILING:DIAMOND_BLASTX -
[-        ] NFC…:KRAKENTOOLS_KREPORT2KRONA -
[-        ] NFC…ON_KRONA:KAIJU_KAIJU2KRONA -
[-        ] NFC…ZATION_KRONA:KRONA_CLEANUP -
[-        ] NFC…N_KRONA:KRONA_KTIMPORTTEXT -
[-        ] NFC…KRONA:MEGAN_RMA2INFO_KRONA -
[-        ] NFC…VISUALIZATION_KRONA:GUNZIP -
[-        ] NFC…ONA:KRONA_KTIMPORTTAXONOMY -
[-        ] NFC…ON_PROFILES:TAXPASTA_MERGE -
[-        ] NFC…FILES:TAXPASTA_STANDARDISE -
[-        ] NFC…CKEN_COMBINEBRACKENOUTPUTS -
Plus 7 more processes waiting for tasks…

executor >  slurm (40)
[-        ] NFC…PROFILER:TAXPROFILER:UNTAR -
[f5/c5b4db] NFC…AXPROFILER:FASTQC (TUR.46) | 8 of 10
[-        ] NFC…ORTREAD_FASTP:FASTP_SINGLE -
[e0/8a71d9] NFC…ASTP:FASTP_PAIRED (TUR.46) | 8 of 10
[b2/10aa7d] NFC…FASTQC_PROCESSED (SWE.41a) | 5 of 8
[8c/f7ee45] NFC…ERING:BBMAP_BBDUK (SRB.37) | 4 of 8
[6b/4fbc40] NFC…VAL:BOWTIE2_ALIGN (SRB.37) | 0 of 4
[-        ] NFC…HOSTREMOVAL:SAMTOOLS_INDEX -
[-        ] NFC…HOSTREMOVAL:SAMTOOLS_STATS -
[-        ] NFC…R:PROFILING:DIAMOND_BLASTX -
[-        ] NFC…:KRAKENTOOLS_KREPORT2KRONA -
[-        ] NFC…ON_KRONA:KAIJU_KAIJU2KRONA -
[-        ] NFC…ZATION_KRONA:KRONA_CLEANUP -
[-        ] NFC…N_KRONA:KRONA_KTIMPORTTEXT -
[-        ] NFC…KRONA:MEGAN_RMA2INFO_KRONA -
[-        ] NFC…VISUALIZATION_KRONA:GUNZIP -
[-        ] NFC…ONA:KRONA_KTIMPORTTAXONOMY -
[-        ] NFC…ON_PROFILES:TAXPASTA_MERGE -
[-        ] NFC…FILES:TAXPASTA_STANDARDISE -
[-        ] NFC…CKEN_COMBINEBRACKENOUTPUTS -
Plus 7 more processes waiting for tasks…

executor >  slurm (40)
[-        ] NFC…PROFILER:TAXPROFILER:UNTAR -
[f5/c5b4db] NFC…AXPROFILER:FASTQC (TUR.46) | 8 of 10
[-        ] NFC…ORTREAD_FASTP:FASTP_SINGLE -
[e0/8a71d9] NFC…ASTP:FASTP_PAIRED (TUR.46) | 8 of 10
[b2/10aa7d] NFC…FASTQC_PROCESSED (SWE.41a) | 5 of 8
[0b/925c72] NFC…RING:BBMAP_BBDUK (SWE.41a) | 5 of 8
[6b/4fbc40] NFC…VAL:BOWTIE2_ALIGN (SRB.37) | 0 of 4
[-        ] NFC…HOSTREMOVAL:SAMTOOLS_INDEX -
[-        ] NFC…HOSTREMOVAL:SAMTOOLS_STATS -
[-        ] NFC…R:PROFILING:DIAMOND_BLASTX -
[-        ] NFC…:KRAKENTOOLS_KREPORT2KRONA -
[-        ] NFC…ON_KRONA:KAIJU_KAIJU2KRONA -
[-        ] NFC…ZATION_KRONA:KRONA_CLEANUP -
[-        ] NFC…N_KRONA:KRONA_KTIMPORTTEXT -
[-        ] NFC…KRONA:MEGAN_RMA2INFO_KRONA -
[-        ] NFC…VISUALIZATION_KRONA:GUNZIP -
[-        ] NFC…ONA:KRONA_KTIMPORTTAXONOMY -
[-        ] NFC…ON_PROFILES:TAXPASTA_MERGE -
[-        ] NFC…FILES:TAXPASTA_STANDARDISE -
[-        ] NFC…CKEN_COMBINEBRACKENOUTPUTS -
Plus 7 more processes waiting for tasks…

executor >  slurm (41)
[-        ] NFC…PROFILER:TAXPROFILER:UNTAR -
[f5/c5b4db] NFC…AXPROFILER:FASTQC (TUR.46) | 8 of 10
[-        ] NFC…ORTREAD_FASTP:FASTP_SINGLE -
[e0/8a71d9] NFC…ASTP:FASTP_PAIRED (TUR.46) | 8 of 10
[b2/10aa7d] NFC…FASTQC_PROCESSED (SWE.41a) | 5 of 8
[0b/925c72] NFC…RING:BBMAP_BBDUK (SWE.41a) | 5 of 8
[6d/7974a2] NFC…AL:BOWTIE2_ALIGN (SWE.41a) | 0 of 5
[-        ] NFC…HOSTREMOVAL:SAMTOOLS_INDEX -
[-        ] NFC…HOSTREMOVAL:SAMTOOLS_STATS -
[-        ] NFC…R:PROFILING:DIAMOND_BLASTX -
[-        ] NFC…:KRAKENTOOLS_KREPORT2KRONA -
[-        ] NFC…ON_KRONA:KAIJU_KAIJU2KRONA -
[-        ] NFC…ZATION_KRONA:KRONA_CLEANUP -
[-        ] NFC…N_KRONA:KRONA_KTIMPORTTEXT -
[-        ] NFC…KRONA:MEGAN_RMA2INFO_KRONA -
[-        ] NFC…VISUALIZATION_KRONA:GUNZIP -
[-        ] NFC…ONA:KRONA_KTIMPORTTAXONOMY -
[-        ] NFC…ON_PROFILES:TAXPASTA_MERGE -
[-        ] NFC…FILES:TAXPASTA_STANDARDISE -
[-        ] NFC…CKEN_COMBINEBRACKENOUTPUTS -
Plus 7 more processes waiting for tasks…

executor >  slurm (41)
[-        ] NFC…PROFILER:TAXPROFILER:UNTAR -
[f5/c5b4db] NFC…AXPROFILER:FASTQC (TUR.46) | 8 of 10
[-        ] NFC…ORTREAD_FASTP:FASTP_SINGLE -
[e0/8a71d9] NFC…ASTP:FASTP_PAIRED (TUR.46) | 8 of 10
[b2/10aa7d] NFC…FASTQC_PROCESSED (SWE.41a) | 5 of 8
[0b/925c72] NFC…RING:BBMAP_BBDUK (SWE.41a) | 5 of 8
[6d/7974a2] NFC…AL:BOWTIE2_ALIGN (SWE.41a) | 0 of 5
[-        ] NFC…HOSTREMOVAL:SAMTOOLS_INDEX -
[-        ] NFC…HOSTREMOVAL:SAMTOOLS_STATS -
[-        ] NFC…R:PROFILING:DIAMOND_BLASTX -
[-        ] NFC…:KRAKENTOOLS_KREPORT2KRONA -
[-        ] NFC…ON_KRONA:KAIJU_KAIJU2KRONA -
[-        ] NFC…ZATION_KRONA:KRONA_CLEANUP -
[-        ] NFC…N_KRONA:KRONA_KTIMPORTTEXT -
[-        ] NFC…KRONA:MEGAN_RMA2INFO_KRONA -
[-        ] NFC…VISUALIZATION_KRONA:GUNZIP -
[-        ] NFC…ONA:KRONA_KTIMPORTTAXONOMY -
[-        ] NFC…ON_PROFILES:TAXPASTA_MERGE -
[-        ] NFC…FILES:TAXPASTA_STANDARDISE -
[-        ] NFC…CKEN_COMBINEBRACKENOUTPUTS -
Plus 7 more processes waiting for tasks…

executor >  slurm (41)
[-        ] NFC…PROFILER:TAXPROFILER:UNTAR -
[f5/c5b4db] NFC…AXPROFILER:FASTQC (TUR.46) | 8 of 10
[-        ] NFC…ORTREAD_FASTP:FASTP_SINGLE -
[e0/8a71d9] NFC…ASTP:FASTP_PAIRED (TUR.46) | 8 of 10
[fb/2c7ed9] NFC…:FASTQC_PROCESSED (SVN.38) | 6 of 8
[0b/925c72] NFC…RING:BBMAP_BBDUK (SWE.41a) | 5 of 8
[6d/7974a2] NFC…AL:BOWTIE2_ALIGN (SWE.41a) | 0 of 5
[-        ] NFC…HOSTREMOVAL:SAMTOOLS_INDEX -
[-        ] NFC…HOSTREMOVAL:SAMTOOLS_STATS -
[-        ] NFC…R:PROFILING:DIAMOND_BLASTX -
[-        ] NFC…:KRAKENTOOLS_KREPORT2KRONA -
[-        ] NFC…ON_KRONA:KAIJU_KAIJU2KRONA -
[-        ] NFC…ZATION_KRONA:KRONA_CLEANUP -
[-        ] NFC…N_KRONA:KRONA_KTIMPORTTEXT -
[-        ] NFC…KRONA:MEGAN_RMA2INFO_KRONA -
[-        ] NFC…VISUALIZATION_KRONA:GUNZIP -
[-        ] NFC…ONA:KRONA_KTIMPORTTAXONOMY -
[-        ] NFC…ON_PROFILES:TAXPASTA_MERGE -
[-        ] NFC…FILES:TAXPASTA_STANDARDISE -
[-        ] NFC…CKEN_COMBINEBRACKENOUTPUTS -
Plus 7 more processes waiting for tasks…

executor >  slurm (41)
[-        ] NFC…PROFILER:TAXPROFILER:UNTAR -
[f5/c5b4db] NFC…AXPROFILER:FASTQC (TUR.46) | 8 of 10
[-        ] NFC…ORTREAD_FASTP:FASTP_SINGLE -
[e0/8a71d9] NFC…ASTP:FASTP_PAIRED (TUR.46) | 8 of 10
[fb/2c7ed9] NFC…:FASTQC_PROCESSED (SVN.38) | 6 of 8
[ac/26306d] NFC…ERING:BBMAP_BBDUK (SVN.38) | 6 of 8
[6d/7974a2] NFC…AL:BOWTIE2_ALIGN (SWE.41a) | 0 of 5
[-        ] NFC…HOSTREMOVAL:SAMTOOLS_INDEX -
[-        ] NFC…HOSTREMOVAL:SAMTOOLS_STATS -
[-        ] NFC…R:PROFILING:DIAMOND_BLASTX -
[-        ] NFC…:KRAKENTOOLS_KREPORT2KRONA -
[-        ] NFC…ON_KRONA:KAIJU_KAIJU2KRONA -
[-        ] NFC…ZATION_KRONA:KRONA_CLEANUP -
[-        ] NFC…N_KRONA:KRONA_KTIMPORTTEXT -
[-        ] NFC…KRONA:MEGAN_RMA2INFO_KRONA -
[-        ] NFC…VISUALIZATION_KRONA:GUNZIP -
[-        ] NFC…ONA:KRONA_KTIMPORTTAXONOMY -
[-        ] NFC…ON_PROFILES:TAXPASTA_MERGE -
[-        ] NFC…FILES:TAXPASTA_STANDARDISE -
[-        ] NFC…CKEN_COMBINEBRACKENOUTPUTS -
Plus 7 more processes waiting for tasks…

executor >  slurm (42)
[-        ] NFC…PROFILER:TAXPROFILER:UNTAR -
[f5/c5b4db] NFC…AXPROFILER:FASTQC (TUR.46) | 8 of 10
[-        ] NFC…ORTREAD_FASTP:FASTP_SINGLE -
[e0/8a71d9] NFC…ASTP:FASTP_PAIRED (TUR.46) | 8 of 10
[fb/2c7ed9] NFC…:FASTQC_PROCESSED (SVN.38) | 6 of 8
[ac/26306d] NFC…ERING:BBMAP_BBDUK (SVN.38) | 6 of 8
[f5/b96f50] NFC…VAL:BOWTIE2_ALIGN (SVN.38) | 0 of 6
[-        ] NFC…HOSTREMOVAL:SAMTOOLS_INDEX -
[-        ] NFC…HOSTREMOVAL:SAMTOOLS_STATS -
[-        ] NFC…R:PROFILING:DIAMOND_BLASTX -
[-        ] NFC…:KRAKENTOOLS_KREPORT2KRONA -
[-        ] NFC…ON_KRONA:KAIJU_KAIJU2KRONA -
[-        ] NFC…ZATION_KRONA:KRONA_CLEANUP -
[-        ] NFC…N_KRONA:KRONA_KTIMPORTTEXT -
[-        ] NFC…KRONA:MEGAN_RMA2INFO_KRONA -
[-        ] NFC…VISUALIZATION_KRONA:GUNZIP -
[-        ] NFC…ONA:KRONA_KTIMPORTTAXONOMY -
[-        ] NFC…ON_PROFILES:TAXPASTA_MERGE -
[-        ] NFC…FILES:TAXPASTA_STANDARDISE -
[-        ] NFC…CKEN_COMBINEBRACKENOUTPUTS -
Plus 7 more processes waiting for tasks…

executor >  slurm (42)
[-        ] NFC…PROFILER:TAXPROFILER:UNTAR -
[f5/c5b4db] NFC…AXPROFILER:FASTQC (TUR.46) | 8 of 10
[-        ] NFC…ORTREAD_FASTP:FASTP_SINGLE -
[e0/8a71d9] NFC…ASTP:FASTP_PAIRED (TUR.46) | 8 of 10
[fb/2c7ed9] NFC…:FASTQC_PROCESSED (SVN.38) | 6 of 8
[ac/26306d] NFC…ERING:BBMAP_BBDUK (SVN.38) | 6 of 8
[f5/b96f50] NFC…VAL:BOWTIE2_ALIGN (SVN.38) | 0 of 6
[-        ] NFC…HOSTREMOVAL:SAMTOOLS_INDEX -
[-        ] NFC…HOSTREMOVAL:SAMTOOLS_STATS -
[-        ] NFC…R:PROFILING:DIAMOND_BLASTX -
[-        ] NFC…:KRAKENTOOLS_KREPORT2KRONA -
[-        ] NFC…ON_KRONA:KAIJU_KAIJU2KRONA -
[-        ] NFC…ZATION_KRONA:KRONA_CLEANUP -
[-        ] NFC…N_KRONA:KRONA_KTIMPORTTEXT -
[-        ] NFC…KRONA:MEGAN_RMA2INFO_KRONA -
[-        ] NFC…VISUALIZATION_KRONA:GUNZIP -
[-        ] NFC…ONA:KRONA_KTIMPORTTAXONOMY -
[-        ] NFC…ON_PROFILES:TAXPASTA_MERGE -
[-        ] NFC…FILES:TAXPASTA_STANDARDISE -
[-        ] NFC…CKEN_COMBINEBRACKENOUTPUTS -
Plus 7 more processes waiting for tasks…

executor >  slurm (44)
[-        ] NFC…PROFILER:TAXPROFILER:UNTAR -
[f5/c5b4db] NFC…AXPROFILER:FASTQC (TUR.46) | 8 of 10
[-        ] NFC…ORTREAD_FASTP:FASTP_SINGLE -
[a7/3b2f51] NFC…ASTP:FASTP_PAIRED (TZA.15) | 9 of 10
[a0/5094f4] NFC…:FASTQC_PROCESSED (TZA.15) | 6 of 9
[ac/211119] NFC…ERING:BBMAP_BBDUK (TZA.15) | 6 of 9
[f5/b96f50] NFC…VAL:BOWTIE2_ALIGN (SVN.38) | 0 of 6
[-        ] NFC…HOSTREMOVAL:SAMTOOLS_INDEX -
[-        ] NFC…HOSTREMOVAL:SAMTOOLS_STATS -
[-        ] NFC…R:PROFILING:DIAMOND_BLASTX -
[-        ] NFC…:KRAKENTOOLS_KREPORT2KRONA -
[-        ] NFC…ON_KRONA:KAIJU_KAIJU2KRONA -
[-        ] NFC…ZATION_KRONA:KRONA_CLEANUP -
[-        ] NFC…N_KRONA:KRONA_KTIMPORTTEXT -
[-        ] NFC…KRONA:MEGAN_RMA2INFO_KRONA -
[-        ] NFC…VISUALIZATION_KRONA:GUNZIP -
[-        ] NFC…ONA:KRONA_KTIMPORTTAXONOMY -
[-        ] NFC…ON_PROFILES:TAXPASTA_MERGE -
[-        ] NFC…FILES:TAXPASTA_STANDARDISE -
[-        ] NFC…CKEN_COMBINEBRACKENOUTPUTS -
Plus 7 more processes waiting for tasks…

executor >  slurm (44)
[-        ] NFC…PROFILER:TAXPROFILER:UNTAR -
[f5/c5b4db] NFC…AXPROFILER:FASTQC (TUR.46) | 8 of 10
[-        ] NFC…ORTREAD_FASTP:FASTP_SINGLE -
[a7/3b2f51] NFC…ASTP:FASTP_PAIRED (TZA.15) | 9 of 10
[a0/5094f4] NFC…:FASTQC_PROCESSED (TZA.15) | 6 of 9
[ac/211119] NFC…ERING:BBMAP_BBDUK (TZA.15) | 6 of 9
[f5/b96f50] NFC…VAL:BOWTIE2_ALIGN (SVN.38) | 0 of 6
[-        ] NFC…HOSTREMOVAL:SAMTOOLS_INDEX -
[-        ] NFC…HOSTREMOVAL:SAMTOOLS_STATS -
[-        ] NFC…R:PROFILING:DIAMOND_BLASTX -
[-        ] NFC…:KRAKENTOOLS_KREPORT2KRONA -
[-        ] NFC…ON_KRONA:KAIJU_KAIJU2KRONA -
[-        ] NFC…ZATION_KRONA:KRONA_CLEANUP -
[-        ] NFC…N_KRONA:KRONA_KTIMPORTTEXT -
[-        ] NFC…KRONA:MEGAN_RMA2INFO_KRONA -
[-        ] NFC…VISUALIZATION_KRONA:GUNZIP -
[-        ] NFC…ONA:KRONA_KTIMPORTTAXONOMY -
[-        ] NFC…ON_PROFILES:TAXPASTA_MERGE -
[-        ] NFC…FILES:TAXPASTA_STANDARDISE -
[-        ] NFC…CKEN_COMBINEBRACKENOUTPUTS -
Plus 7 more processes waiting for tasks…

executor >  slurm (44)
[-        ] NFC…PROFILER:TAXPROFILER:UNTAR -
[48/5f54c2] NFC…AXPROFILER:FASTQC (TZA.15) | 9 of 10
[-        ] NFC…ORTREAD_FASTP:FASTP_SINGLE -
[a7/3b2f51] NFC…ASTP:FASTP_PAIRED (TZA.15) | 9 of 10
[a0/5094f4] NFC…:FASTQC_PROCESSED (TZA.15) | 6 of 9
[ac/211119] NFC…ERING:BBMAP_BBDUK (TZA.15) | 6 of 9
[f5/b96f50] NFC…VAL:BOWTIE2_ALIGN (SVN.38) | 0 of 6
[-        ] NFC…HOSTREMOVAL:SAMTOOLS_INDEX -
[-        ] NFC…HOSTREMOVAL:SAMTOOLS_STATS -
[-        ] NFC…R:PROFILING:DIAMOND_BLASTX -
[-        ] NFC…:KRAKENTOOLS_KREPORT2KRONA -
[-        ] NFC…ON_KRONA:KAIJU_KAIJU2KRONA -
[-        ] NFC…ZATION_KRONA:KRONA_CLEANUP -
[-        ] NFC…N_KRONA:KRONA_KTIMPORTTEXT -
[-        ] NFC…KRONA:MEGAN_RMA2INFO_KRONA -
[-        ] NFC…VISUALIZATION_KRONA:GUNZIP -
[-        ] NFC…ONA:KRONA_KTIMPORTTAXONOMY -
[-        ] NFC…ON_PROFILES:TAXPASTA_MERGE -
[-        ] NFC…FILES:TAXPASTA_STANDARDISE -
[-        ] NFC…CKEN_COMBINEBRACKENOUTPUTS -
Plus 7 more processes waiting for tasks…

executor >  slurm (44)
[-        ] NFC…PROFILER:TAXPROFILER:UNTAR -
[48/5f54c2] NFC…AXPROFILER:FASTQC (TZA.15) | 9 of 10
[-        ] NFC…ORTREAD_FASTP:FASTP_SINGLE -
[a7/3b2f51] NFC…ASTP:FASTP_PAIRED (TZA.15) | 9 of 10
[ba/d61839] NFC…:FASTQC_PROCESSED (TUR.46) | 7 of 9
[ac/211119] NFC…ERING:BBMAP_BBDUK (TZA.15) | 6 of 9
[f5/b96f50] NFC…VAL:BOWTIE2_ALIGN (SVN.38) | 0 of 6
[-        ] NFC…HOSTREMOVAL:SAMTOOLS_INDEX -
[-        ] NFC…HOSTREMOVAL:SAMTOOLS_STATS -
[-        ] NFC…R:PROFILING:DIAMOND_BLASTX -
[-        ] NFC…:KRAKENTOOLS_KREPORT2KRONA -
[-        ] NFC…ON_KRONA:KAIJU_KAIJU2KRONA -
[-        ] NFC…ZATION_KRONA:KRONA_CLEANUP -
[-        ] NFC…N_KRONA:KRONA_KTIMPORTTEXT -
[-        ] NFC…KRONA:MEGAN_RMA2INFO_KRONA -
[-        ] NFC…VISUALIZATION_KRONA:GUNZIP -
[-        ] NFC…ONA:KRONA_KTIMPORTTAXONOMY -
[-        ] NFC…ON_PROFILES:TAXPASTA_MERGE -
[-        ] NFC…FILES:TAXPASTA_STANDARDISE -
[-        ] NFC…CKEN_COMBINEBRACKENOUTPUTS -
Plus 7 more processes waiting for tasks…

executor >  slurm (45)
[-        ] NFC…PROFILER:TAXPROFILER:UNTAR -
[48/5f54c2] NFC…AXPROFILER:FASTQC (TZA.15) | 9 of 10
[-        ] NFC…ORTREAD_FASTP:FASTP_SINGLE -
[a7/3b2f51] NFC…ASTP:FASTP_PAIRED (TZA.15) | 9 of 10
[ba/d61839] NFC…:FASTQC_PROCESSED (TUR.46) | 7 of 9
[ac/211119] NFC…ERING:BBMAP_BBDUK (TZA.15) | 6 of 9
[ea/0c0b9a] NFC…VAL:BOWTIE2_ALIGN (TUR.46) | 0 of 7
[-        ] NFC…HOSTREMOVAL:SAMTOOLS_INDEX -
[-        ] NFC…HOSTREMOVAL:SAMTOOLS_STATS -
[-        ] NFC…R:PROFILING:DIAMOND_BLASTX -
[-        ] NFC…:KRAKENTOOLS_KREPORT2KRONA -
[-        ] NFC…ON_KRONA:KAIJU_KAIJU2KRONA -
[-        ] NFC…ZATION_KRONA:KRONA_CLEANUP -
[-        ] NFC…N_KRONA:KRONA_KTIMPORTTEXT -
[-        ] NFC…KRONA:MEGAN_RMA2INFO_KRONA -
[-        ] NFC…VISUALIZATION_KRONA:GUNZIP -
[-        ] NFC…ONA:KRONA_KTIMPORTTAXONOMY -
[-        ] NFC…ON_PROFILES:TAXPASTA_MERGE -
[-        ] NFC…FILES:TAXPASTA_STANDARDISE -
[-        ] NFC…CKEN_COMBINEBRACKENOUTPUTS -
Plus 7 more processes waiting for tasks…

executor >  slurm (45)
[-        ] NFC…PROFILER:TAXPROFILER:UNTAR -
[48/5f54c2] NFC…AXPROFILER:FASTQC (TZA.15) | 9 of 10
[-        ] NFC…ORTREAD_FASTP:FASTP_SINGLE -
[a7/3b2f51] NFC…ASTP:FASTP_PAIRED (TZA.15) | 9 of 10
[ba/d61839] NFC…:FASTQC_PROCESSED (TUR.46) | 7 of 9
[73/cb5d88] NFC…ERING:BBMAP_BBDUK (TUR.46) | 7 of 9
[ea/0c0b9a] NFC…VAL:BOWTIE2_ALIGN (TUR.46) | 0 of 7
[-        ] NFC…HOSTREMOVAL:SAMTOOLS_INDEX -
[-        ] NFC…HOSTREMOVAL:SAMTOOLS_STATS -
[-        ] NFC…R:PROFILING:DIAMOND_BLASTX -
[-        ] NFC…:KRAKENTOOLS_KREPORT2KRONA -
[-        ] NFC…ON_KRONA:KAIJU_KAIJU2KRONA -
[-        ] NFC…ZATION_KRONA:KRONA_CLEANUP -
[-        ] NFC…N_KRONA:KRONA_KTIMPORTTEXT -
[-        ] NFC…KRONA:MEGAN_RMA2INFO_KRONA -
[-        ] NFC…VISUALIZATION_KRONA:GUNZIP -
[-        ] NFC…ONA:KRONA_KTIMPORTTAXONOMY -
[-        ] NFC…ON_PROFILES:TAXPASTA_MERGE -
[-        ] NFC…FILES:TAXPASTA_STANDARDISE -
[-        ] NFC…CKEN_COMBINEBRACKENOUTPUTS -
Plus 7 more processes waiting for tasks…

executor >  slurm (45)
[-        ] NFC…PROFILER:TAXPROFILER:UNTAR -
[48/5f54c2] NFC…AXPROFILER:FASTQC (TZA.15) | 9 of 10
[-        ] NFC…ORTREAD_FASTP:FASTP_SINGLE -
[a7/3b2f51] NFC…ASTP:FASTP_PAIRED (TZA.15) | 9 of 10
[ba/d61839] NFC…:FASTQC_PROCESSED (TUR.46) | 7 of 9
[73/cb5d88] NFC…ERING:BBMAP_BBDUK (TUR.46) | 7 of 9
[ea/0c0b9a] NFC…VAL:BOWTIE2_ALIGN (TUR.46) | 0 of 7
[-        ] NFC…HOSTREMOVAL:SAMTOOLS_INDEX -
[-        ] NFC…HOSTREMOVAL:SAMTOOLS_STATS -
[-        ] NFC…R:PROFILING:DIAMOND_BLASTX -
[-        ] NFC…:KRAKENTOOLS_KREPORT2KRONA -
[-        ] NFC…ON_KRONA:KAIJU_KAIJU2KRONA -
[-        ] NFC…ZATION_KRONA:KRONA_CLEANUP -
[-        ] NFC…N_KRONA:KRONA_KTIMPORTTEXT -
[-        ] NFC…KRONA:MEGAN_RMA2INFO_KRONA -
[-        ] NFC…VISUALIZATION_KRONA:GUNZIP -
[-        ] NFC…ONA:KRONA_KTIMPORTTAXONOMY -
[-        ] NFC…ON_PROFILES:TAXPASTA_MERGE -
[-        ] NFC…FILES:TAXPASTA_STANDARDISE -
[-        ] NFC…CKEN_COMBINEBRACKENOUTPUTS -
Plus 7 more processes waiting for tasks…

executor >  slurm (45)
[-        ] NFC…PROFILER:TAXPROFILER:UNTAR -
[48/5f54c2] NFC…AXPROFILER:FASTQC (TZA.15) | 9 of 10
[-        ] NFC…ORTREAD_FASTP:FASTP_SINGLE -
[a7/3b2f51] NFC…ASTP:FASTP_PAIRED (TZA.15) | 9 of 10
[e8/ea2bba] NFC…:FASTQC_PROCESSED (SWE.41) | 8 of 9
[73/cb5d88] NFC…ERING:BBMAP_BBDUK (TUR.46) | 7 of 9
[ea/0c0b9a] NFC…VAL:BOWTIE2_ALIGN (TUR.46) | 0 of 7
[-        ] NFC…HOSTREMOVAL:SAMTOOLS_INDEX -
[-        ] NFC…HOSTREMOVAL:SAMTOOLS_STATS -
[-        ] NFC…R:PROFILING:DIAMOND_BLASTX -
[-        ] NFC…:KRAKENTOOLS_KREPORT2KRONA -
[-        ] NFC…ON_KRONA:KAIJU_KAIJU2KRONA -
[-        ] NFC…ZATION_KRONA:KRONA_CLEANUP -
[-        ] NFC…N_KRONA:KRONA_KTIMPORTTEXT -
[-        ] NFC…KRONA:MEGAN_RMA2INFO_KRONA -
[-        ] NFC…VISUALIZATION_KRONA:GUNZIP -
[-        ] NFC…ONA:KRONA_KTIMPORTTAXONOMY -
[-        ] NFC…ON_PROFILES:TAXPASTA_MERGE -
[-        ] NFC…FILES:TAXPASTA_STANDARDISE -
[-        ] NFC…CKEN_COMBINEBRACKENOUTPUTS -
Plus 7 more processes waiting for tasks…

executor >  slurm (45)
[-        ] NFC…PROFILER:TAXPROFILER:UNTAR -
[48/5f54c2] NFC…AXPROFILER:FASTQC (TZA.15) | 9 of 10
[-        ] NFC…ORTREAD_FASTP:FASTP_SINGLE -
[a7/3b2f51] NFC…ASTP:FASTP_PAIRED (TZA.15) | 9 of 10
[e8/ea2bba] NFC…:FASTQC_PROCESSED (SWE.41) | 8 of 9
[2f/d07144] NFC…ERING:BBMAP_BBDUK (SWE.41) | 8 of 9
[ea/0c0b9a] NFC…VAL:BOWTIE2_ALIGN (TUR.46) | 0 of 8
[-        ] NFC…HOSTREMOVAL:SAMTOOLS_INDEX -
[-        ] NFC…HOSTREMOVAL:SAMTOOLS_STATS -
[-        ] NFC…R:PROFILING:DIAMOND_BLASTX -
[-        ] NFC…:KRAKENTOOLS_KREPORT2KRONA -
[-        ] NFC…ON_KRONA:KAIJU_KAIJU2KRONA -
[-        ] NFC…ZATION_KRONA:KRONA_CLEANUP -
[-        ] NFC…N_KRONA:KRONA_KTIMPORTTEXT -
[-        ] NFC…KRONA:MEGAN_RMA2INFO_KRONA -
[-        ] NFC…VISUALIZATION_KRONA:GUNZIP -
[-        ] NFC…ONA:KRONA_KTIMPORTTAXONOMY -
[-        ] NFC…ON_PROFILES:TAXPASTA_MERGE -
[-        ] NFC…FILES:TAXPASTA_STANDARDISE -
[-        ] NFC…CKEN_COMBINEBRACKENOUTPUTS -
Plus 7 more processes waiting for tasks…

executor >  slurm (46)
[-        ] NFC…PROFILER:TAXPROFILER:UNTAR -
[48/5f54c2] NFC…AXPROFILER:FASTQC (TZA.15) | 9 of 10
[-        ] NFC…ORTREAD_FASTP:FASTP_SINGLE -
[a7/3b2f51] NFC…ASTP:FASTP_PAIRED (TZA.15) | 9 of 10
[e8/ea2bba] NFC…:FASTQC_PROCESSED (SWE.41) | 8 of 9
[2f/d07144] NFC…ERING:BBMAP_BBDUK (SWE.41) | 8 of 9
[69/a3b7f0] NFC…VAL:BOWTIE2_ALIGN (SWE.41) | 0 of 8
[-        ] NFC…HOSTREMOVAL:SAMTOOLS_INDEX -
[-        ] NFC…HOSTREMOVAL:SAMTOOLS_STATS -
[-        ] NFC…R:PROFILING:DIAMOND_BLASTX -
[-        ] NFC…:KRAKENTOOLS_KREPORT2KRONA -
[-        ] NFC…ON_KRONA:KAIJU_KAIJU2KRONA -
[-        ] NFC…ZATION_KRONA:KRONA_CLEANUP -
[-        ] NFC…N_KRONA:KRONA_KTIMPORTTEXT -
[-        ] NFC…KRONA:MEGAN_RMA2INFO_KRONA -
[-        ] NFC…VISUALIZATION_KRONA:GUNZIP -
[-        ] NFC…ONA:KRONA_KTIMPORTTAXONOMY -
[-        ] NFC…ON_PROFILES:TAXPASTA_MERGE -
[-        ] NFC…FILES:TAXPASTA_STANDARDISE -
[-        ] NFC…CKEN_COMBINEBRACKENOUTPUTS -
Plus 7 more processes waiting for tasks…

executor >  slurm (46)
[-        ] NFC…PROFILER:TAXPROFILER:UNTAR -
[48/5f54c2] NFC…AXPROFILER:FASTQC (TZA.15) | 9 of 10
[-        ] NFC…ORTREAD_FASTP:FASTP_SINGLE -
[a7/3b2f51] NFC…ASTP:FASTP_PAIRED (TZA.15) | 9 of 10
[e8/ea2bba] NFC…:FASTQC_PROCESSED (SWE.41) | 8 of 9
[2f/d07144] NFC…ERING:BBMAP_BBDUK (SWE.41) | 8 of 9
[69/a3b7f0] NFC…VAL:BOWTIE2_ALIGN (SWE.41) | 0 of 8
[-        ] NFC…HOSTREMOVAL:SAMTOOLS_INDEX -
[-        ] NFC…HOSTREMOVAL:SAMTOOLS_STATS -
[-        ] NFC…R:PROFILING:DIAMOND_BLASTX -
[-        ] NFC…:KRAKENTOOLS_KREPORT2KRONA -
[-        ] NFC…ON_KRONA:KAIJU_KAIJU2KRONA -
[-        ] NFC…ZATION_KRONA:KRONA_CLEANUP -
[-        ] NFC…N_KRONA:KRONA_KTIMPORTTEXT -
[-        ] NFC…KRONA:MEGAN_RMA2INFO_KRONA -
[-        ] NFC…VISUALIZATION_KRONA:GUNZIP -
[-        ] NFC…ONA:KRONA_KTIMPORTTAXONOMY -
[-        ] NFC…ON_PROFILES:TAXPASTA_MERGE -
[-        ] NFC…FILES:TAXPASTA_STANDARDISE -
[-        ] NFC…CKEN_COMBINEBRACKENOUTPUTS -
Plus 7 more processes waiting for tasks…

executor >  slurm (47)
[-        ] NFC…PROFILER:TAXPROFILER:UNTAR -
[48/5f54c2] NFC…AXPROFILER:FASTQC (TZA.15) | 9 of 10
[-        ] NFC…ORTREAD_FASTP:FASTP_SINGLE -
[a7/3b2f51] NFC…ASTP:FASTP_PAIRED (TZA.15) | 9 of 10
[e8/ea2bba] NFC…:FASTQC_PROCESSED (SWE.41) | 8 of 9
[ac/211119] NFC…ERING:BBMAP_BBDUK (TZA.15) | 9 of 9
[04/612101] NFC…VAL:BOWTIE2_ALIGN (TZA.15) | 0 of 9
[-        ] NFC…HOSTREMOVAL:SAMTOOLS_INDEX -
[-        ] NFC…HOSTREMOVAL:SAMTOOLS_STATS -
[-        ] NFC…R:PROFILING:DIAMOND_BLASTX -
[-        ] NFC…:KRAKENTOOLS_KREPORT2KRONA -
[-        ] NFC…ON_KRONA:KAIJU_KAIJU2KRONA -
[-        ] NFC…ZATION_KRONA:KRONA_CLEANUP -
[-        ] NFC…N_KRONA:KRONA_KTIMPORTTEXT -
[-        ] NFC…KRONA:MEGAN_RMA2INFO_KRONA -
[-        ] NFC…VISUALIZATION_KRONA:GUNZIP -
[-        ] NFC…ONA:KRONA_KTIMPORTTAXONOMY -
[-        ] NFC…ON_PROFILES:TAXPASTA_MERGE -
[-        ] NFC…FILES:TAXPASTA_STANDARDISE -
[-        ] NFC…CKEN_COMBINEBRACKENOUTPUTS -
Plus 7 more processes waiting for tasks…

executor >  slurm (47)
[-        ] NFC…PROFILER:TAXPROFILER:UNTAR -
[48/5f54c2] NFC…AXPROFILER:FASTQC (TZA.15) | 9 of 10
[-        ] NFC…ORTREAD_FASTP:FASTP_SINGLE -
[a7/3b2f51] NFC…ASTP:FASTP_PAIRED (TZA.15) | 9 of 10
[e8/ea2bba] NFC…:FASTQC_PROCESSED (SWE.41) | 8 of 9
[ac/211119] NFC…ERING:BBMAP_BBDUK (TZA.15) | 9 of 9
[04/612101] NFC…VAL:BOWTIE2_ALIGN (TZA.15) | 0 of 9
[-        ] NFC…HOSTREMOVAL:SAMTOOLS_INDEX -
[-        ] NFC…HOSTREMOVAL:SAMTOOLS_STATS -
[-        ] NFC…R:PROFILING:DIAMOND_BLASTX -
[-        ] NFC…:KRAKENTOOLS_KREPORT2KRONA -
[-        ] NFC…ON_KRONA:KAIJU_KAIJU2KRONA -
[-        ] NFC…ZATION_KRONA:KRONA_CLEANUP -
[-        ] NFC…N_KRONA:KRONA_KTIMPORTTEXT -
[-        ] NFC…KRONA:MEGAN_RMA2INFO_KRONA -
[-        ] NFC…VISUALIZATION_KRONA:GUNZIP -
[-        ] NFC…ONA:KRONA_KTIMPORTTAXONOMY -
[-        ] NFC…ON_PROFILES:TAXPASTA_MERGE -
[-        ] NFC…FILES:TAXPASTA_STANDARDISE -
[-        ] NFC…CKEN_COMBINEBRACKENOUTPUTS -
Plus 7 more processes waiting for tasks…

executor >  slurm (47)
[-        ] NFC…PROFILER:TAXPROFILER:UNTAR -
[48/5f54c2] NFC…AXPROFILER:FASTQC (TZA.15) | 9 of 10
[-        ] NFC…ORTREAD_FASTP:FASTP_SINGLE -
[a7/3b2f51] NFC…ASTP:FASTP_PAIRED (TZA.15) | 9 of 10
[a0/5094f4] NFC…:FASTQC_PROCESSED (TZA.15) | 9 of 9
[ac/211119] NFC…ERING:BBMAP_BBDUK (TZA.15) | 9 of 9
[04/612101] NFC…VAL:BOWTIE2_ALIGN (TZA.15) | 0 of 9
[-        ] NFC…HOSTREMOVAL:SAMTOOLS_INDEX -
[-        ] NFC…HOSTREMOVAL:SAMTOOLS_STATS -
[-        ] NFC…R:PROFILING:DIAMOND_BLASTX -
[-        ] NFC…:KRAKENTOOLS_KREPORT2KRONA -
[-        ] NFC…ON_KRONA:KAIJU_KAIJU2KRONA -
[-        ] NFC…ZATION_KRONA:KRONA_CLEANUP -
[-        ] NFC…N_KRONA:KRONA_KTIMPORTTEXT -
[-        ] NFC…KRONA:MEGAN_RMA2INFO_KRONA -
[-        ] NFC…VISUALIZATION_KRONA:GUNZIP -
[-        ] NFC…ONA:KRONA_KTIMPORTTAXONOMY -
[-        ] NFC…ON_PROFILES:TAXPASTA_MERGE -
[-        ] NFC…FILES:TAXPASTA_STANDARDISE -
[-        ] NFC…CKEN_COMBINEBRACKENOUTPUTS -
Plus 7 more processes waiting for tasks…

executor >  slurm (47)
[-        ] NFC…PROFILER:TAXPROFILER:UNTAR -
[48/5f54c2] NFC…AXPROFILER:FASTQC (TZA.15) | 9 of 10
[-        ] NFC…ORTREAD_FASTP:FASTP_SINGLE -
[a7/3b2f51] NFC…ASTP:FASTP_PAIRED (TZA.15) | 9 of 10
[a0/5094f4] NFC…:FASTQC_PROCESSED (TZA.15) | 9 of 9
[ac/211119] NFC…ERING:BBMAP_BBDUK (TZA.15) | 9 of 9
[04/612101] NFC…VAL:BOWTIE2_ALIGN (TZA.15) | 0 of 9
[-        ] NFC…HOSTREMOVAL:SAMTOOLS_INDEX | 0 of 1
[-        ] NFC…HOSTREMOVAL:SAMTOOLS_STATS -
[-        ] NFC…R:PROFILING:DIAMOND_BLASTX -
[-        ] NFC…:KRAKENTOOLS_KREPORT2KRONA -
[-        ] NFC…ON_KRONA:KAIJU_KAIJU2KRONA -
[-        ] NFC…ZATION_KRONA:KRONA_CLEANUP -
[-        ] NFC…N_KRONA:KRONA_KTIMPORTTEXT -
[-        ] NFC…KRONA:MEGAN_RMA2INFO_KRONA -
[-        ] NFC…VISUALIZATION_KRONA:GUNZIP -
[-        ] NFC…ONA:KRONA_KTIMPORTTAXONOMY -
[-        ] NFC…ON_PROFILES:TAXPASTA_MERGE -
[-        ] NFC…FILES:TAXPASTA_STANDARDISE -
[-        ] NFC…CKEN_COMBINEBRACKENOUTPUTS -
Plus 7 more processes waiting for tasks…
WARN: [nf-core/taxprofiler] DIAMOND does not accept paired-end files as input. Only read 1 will be used for profiling. Running DIAMOND for sample TCD.1 using only read 1.

executor >  slurm (49)
[-        ] NFC…PROFILER:TAXPROFILER:UNTAR -
[48/5f54c2] NFC…AXPROFILER:FASTQC (TZA.15) | 9 of 10
[-        ] NFC…ORTREAD_FASTP:FASTP_SINGLE -
[a7/3b2f51] NFC…ASTP:FASTP_PAIRED (TZA.15) | 9 of 10
[a0/5094f4] NFC…:FASTQC_PROCESSED (TZA.15) | 9 of 9
[ac/211119] NFC…ERING:BBMAP_BBDUK (TZA.15) | 9 of 9
[e1/94415e] NFC…OVAL:BOWTIE2_ALIGN (TCD.1) | 1 of 9
[cc/786ac1] NFC…VAL:SAMTOOLS_INDEX (TCD.1) | 0 of 1
[-        ] NFC…HOSTREMOVAL:SAMTOOLS_STATS -
[60/cdad15] NFC…DIAMOND_BLASTX (db6|TCD.1) | 0 of 1
[-        ] NFC…:KRAKENTOOLS_KREPORT2KRONA -
[-        ] NFC…ON_KRONA:KAIJU_KAIJU2KRONA -
[-        ] NFC…ZATION_KRONA:KRONA_CLEANUP -
[-        ] NFC…N_KRONA:KRONA_KTIMPORTTEXT -
[-        ] NFC…KRONA:MEGAN_RMA2INFO_KRONA -
[-        ] NFC…VISUALIZATION_KRONA:GUNZIP -
[-        ] NFC…ONA:KRONA_KTIMPORTTAXONOMY -
[-        ] NFC…ON_PROFILES:TAXPASTA_MERGE -
[-        ] NFC…FILES:TAXPASTA_STANDARDISE -
[-        ] NFC…CKEN_COMBINEBRACKENOUTPUTS -
Plus 7 more processes waiting for tasks…
WARN: [nf-core/taxprofiler] DIAMOND does not accept paired-end files as input. Only read 1 will be used for profiling. Running DIAMOND for sample TCD.1 using only read 1.

executor >  slurm (49)
[-        ] NFC…PROFILER:TAXPROFILER:UNTAR -
[48/5f54c2] NFC…AXPROFILER:FASTQC (TZA.15) | 9 of 10
[-        ] NFC…ORTREAD_FASTP:FASTP_SINGLE -
[a7/3b2f51] NFC…ASTP:FASTP_PAIRED (TZA.15) | 9 of 10
[a0/5094f4] NFC…:FASTQC_PROCESSED (TZA.15) | 9 of 9
[ac/211119] NFC…ERING:BBMAP_BBDUK (TZA.15) | 9 of 9
[e1/94415e] NFC…OVAL:BOWTIE2_ALIGN (TCD.1) | 1 of 9
[cc/786ac1] NFC…VAL:SAMTOOLS_INDEX (TCD.1) | 0 of 1
[-        ] NFC…HOSTREMOVAL:SAMTOOLS_STATS -
[60/cdad15] NFC…DIAMOND_BLASTX (db6|TCD.1) | 0 of 1
[-        ] NFC…:KRAKENTOOLS_KREPORT2KRONA -
[-        ] NFC…ON_KRONA:KAIJU_KAIJU2KRONA -
[-        ] NFC…ZATION_KRONA:KRONA_CLEANUP -
[-        ] NFC…N_KRONA:KRONA_KTIMPORTTEXT -
[-        ] NFC…KRONA:MEGAN_RMA2INFO_KRONA -
[-        ] NFC…VISUALIZATION_KRONA:GUNZIP -
[-        ] NFC…ONA:KRONA_KTIMPORTTAXONOMY -
[-        ] NFC…ON_PROFILES:TAXPASTA_MERGE -
[-        ] NFC…FILES:TAXPASTA_STANDARDISE -
[-        ] NFC…CKEN_COMBINEBRACKENOUTPUTS -
Plus 7 more processes waiting for tasks…
WARN: [nf-core/taxprofiler] DIAMOND does not accept paired-end files as input. Only read 1 will be used for profiling. Running DIAMOND for sample TCD.1 using only read 1.

executor >  slurm (50)
[-        ] NFC…PROFILER:TAXPROFILER:UNTAR -
[48/5f54c2] NFC…AXPROFILER:FASTQC (TZA.15) | 9 of 10
[-        ] NFC…ORTREAD_FASTP:FASTP_SINGLE -
[a7/3b2f51] NFC…ASTP:FASTP_PAIRED (TZA.15) | 9 of 10
[a0/5094f4] NFC…:FASTQC_PROCESSED (TZA.15) | 9 of 9
[ac/211119] NFC…ERING:BBMAP_BBDUK (TZA.15) | 9 of 9
[e1/94415e] NFC…OVAL:BOWTIE2_ALIGN (TCD.1) | 1 of 9
[cc/786ac1] NFC…VAL:SAMTOOLS_INDEX (TCD.1) | 1 of 1
[f7/ae6bb8] NFC…VAL:SAMTOOLS_STATS (TCD.1) | 0 of 1
[60/cdad15] NFC…DIAMOND_BLASTX (db6|TCD.1) | 0 of 1
[-        ] NFC…:KRAKENTOOLS_KREPORT2KRONA -
[-        ] NFC…ON_KRONA:KAIJU_KAIJU2KRONA -
[-        ] NFC…ZATION_KRONA:KRONA_CLEANUP -
[-        ] NFC…N_KRONA:KRONA_KTIMPORTTEXT -
[-        ] NFC…KRONA:MEGAN_RMA2INFO_KRONA -
[-        ] NFC…VISUALIZATION_KRONA:GUNZIP -
[-        ] NFC…ONA:KRONA_KTIMPORTTAXONOMY -
[-        ] NFC…ON_PROFILES:TAXPASTA_MERGE -
[-        ] NFC…FILES:TAXPASTA_STANDARDISE -
[-        ] NFC…CKEN_COMBINEBRACKENOUTPUTS -
Plus 7 more processes waiting for tasks…
WARN: [nf-core/taxprofiler] DIAMOND does not accept paired-end files as input. Only read 1 will be used for profiling. Running DIAMOND for sample TCD.1 using only read 1.

executor >  slurm (52)
[-        ] NFC…PROFILER:TAXPROFILER:UNTAR -
[91/04a369] NFC…AXPROFILER:FASTQC (TGO.44) | 10 of 10 ✔
[-        ] NFC…ORTREAD_FASTP:FASTP_SINGLE -
[8d/4e1a3c] NFC…ASTP:FASTP_PAIRED (TGO.44) | 10 of 10 ✔
[92/ec2295] NFC…:FASTQC_PROCESSED (TGO.44) | 9 of 10
[54/06d8f4] NFC…ERING:BBMAP_BBDUK (TGO.44) | 9 of 10
[e1/94415e] NFC…OVAL:BOWTIE2_ALIGN (TCD.1) | 1 of 9
[cc/786ac1] NFC…VAL:SAMTOOLS_INDEX (TCD.1) | 1 of 1
[f7/ae6bb8] NFC…VAL:SAMTOOLS_STATS (TCD.1) | 0 of 1
[60/cdad15] NFC…DIAMOND_BLASTX (db6|TCD.1) | 0 of 1
[-        ] NFC…:KRAKENTOOLS_KREPORT2KRONA -
[-        ] NFC…ON_KRONA:KAIJU_KAIJU2KRONA -
[-        ] NFC…ZATION_KRONA:KRONA_CLEANUP -
[-        ] NFC…N_KRONA:KRONA_KTIMPORTTEXT -
[-        ] NFC…KRONA:MEGAN_RMA2INFO_KRONA -
[-        ] NFC…VISUALIZATION_KRONA:GUNZIP -
[-        ] NFC…ONA:KRONA_KTIMPORTTAXONOMY -
[-        ] NFC…ON_PROFILES:TAXPASTA_MERGE -
[-        ] NFC…FILES:TAXPASTA_STANDARDISE -
[-        ] NFC…CKEN_COMBINEBRACKENOUTPUTS -
Plus 7 more processes waiting for tasks…
WARN: [nf-core/taxprofiler] DIAMOND does not accept paired-end files as input. Only read 1 will be used for profiling. Running DIAMOND for sample TCD.1 using only read 1.

executor >  slurm (52)
[-        ] NFC…PROFILER:TAXPROFILER:UNTAR -
[91/04a369] NFC…AXPROFILER:FASTQC (TGO.44) | 10 of 10 ✔
[-        ] NFC…ORTREAD_FASTP:FASTP_SINGLE -
[8d/4e1a3c] NFC…ASTP:FASTP_PAIRED (TGO.44) | 10 of 10 ✔
[92/ec2295] NFC…:FASTQC_PROCESSED (TGO.44) | 9 of 10
[54/06d8f4] NFC…ERING:BBMAP_BBDUK (TGO.44) | 9 of 10
[e1/94415e] NFC…OVAL:BOWTIE2_ALIGN (TCD.1) | 1 of 9
[cc/786ac1] NFC…VAL:SAMTOOLS_INDEX (TCD.1) | 1 of 1
[f7/ae6bb8] NFC…VAL:SAMTOOLS_STATS (TCD.1) | 0 of 1
[60/cdad15] NFC…DIAMOND_BLASTX (db6|TCD.1) | 0 of 1
[-        ] NFC…:KRAKENTOOLS_KREPORT2KRONA -
[-        ] NFC…ON_KRONA:KAIJU_KAIJU2KRONA -
[-        ] NFC…ZATION_KRONA:KRONA_CLEANUP -
[-        ] NFC…N_KRONA:KRONA_KTIMPORTTEXT -
[-        ] NFC…KRONA:MEGAN_RMA2INFO_KRONA -
[-        ] NFC…VISUALIZATION_KRONA:GUNZIP -
[-        ] NFC…ONA:KRONA_KTIMPORTTAXONOMY -
[-        ] NFC…ON_PROFILES:TAXPASTA_MERGE -
[-        ] NFC…FILES:TAXPASTA_STANDARDISE -
[-        ] NFC…CKEN_COMBINEBRACKENOUTPUTS -
Plus 7 more processes waiting for tasks…
WARN: [nf-core/taxprofiler] DIAMOND does not accept paired-end files as input. Only read 1 will be used for profiling. Running DIAMOND for sample TCD.1 using only read 1.

executor >  slurm (52)
[-        ] NFC…PROFILER:TAXPROFILER:UNTAR -
[91/04a369] NFC…AXPROFILER:FASTQC (TGO.44) | 10 of 10 ✔
[-        ] NFC…ORTREAD_FASTP:FASTP_SINGLE -
[8d/4e1a3c] NFC…ASTP:FASTP_PAIRED (TGO.44) | 10 of 10 ✔
[92/ec2295] NFC…:FASTQC_PROCESSED (TGO.44) | 9 of 10
[54/06d8f4] NFC…ERING:BBMAP_BBDUK (TGO.44) | 9 of 10
[e1/94415e] NFC…OVAL:BOWTIE2_ALIGN (TCD.1) | 1 of 9
[cc/786ac1] NFC…VAL:SAMTOOLS_INDEX (TCD.1) | 1 of 1
[f7/ae6bb8] NFC…VAL:SAMTOOLS_STATS (TCD.1) | 1 of 1
[60/cdad15] NFC…DIAMOND_BLASTX (db6|TCD.1) | 0 of 1
[-        ] NFC…:KRAKENTOOLS_KREPORT2KRONA -
[-        ] NFC…ON_KRONA:KAIJU_KAIJU2KRONA -
[-        ] NFC…ZATION_KRONA:KRONA_CLEANUP -
[-        ] NFC…N_KRONA:KRONA_KTIMPORTTEXT -
[-        ] NFC…KRONA:MEGAN_RMA2INFO_KRONA -
[-        ] NFC…VISUALIZATION_KRONA:GUNZIP -
[-        ] NFC…ONA:KRONA_KTIMPORTTAXONOMY -
[-        ] NFC…ON_PROFILES:TAXPASTA_MERGE -
[-        ] NFC…FILES:TAXPASTA_STANDARDISE -
[-        ] NFC…CKEN_COMBINEBRACKENOUTPUTS -
Plus 7 more processes waiting for tasks…


executor >  slurm (53)
[-        ] NFC…PROFILER:TAXPROFILER:UNTAR -
[91/04a369] NFC…AXPROFILER:FASTQC (TGO.44) | 10 of 10 ✔
[-        ] NFC…ORTREAD_FASTP:FASTP_SINGLE -
[8d/4e1a3c] NFC…ASTP:FASTP_PAIRED (TGO.44) | 10 of 10 ✔
[92/ec2295] NFC…:FASTQC_PROCESSED (TGO.44) | 9 of 10
[54/06d8f4] NFC…ERING:BBMAP_BBDUK (TGO.44) | 10 of 10 ✔
[67/d12777] NFC…VAL:BOWTIE2_ALIGN (TGO.44) | 1 of 10
[cc/786ac1] NFC…VAL:SAMTOOLS_INDEX (TCD.1) | 1 of 1
[f7/ae6bb8] NFC…VAL:SAMTOOLS_STATS (TCD.1) | 1 of 1
[60/cdad15] NFC…DIAMOND_BLASTX (db6|TCD.1) | 0 of 1
[-        ] NFC…:KRAKENTOOLS_KREPORT2KRONA -
[-        ] NFC…ON_KRONA:KAIJU_KAIJU2KRONA -
[-        ] NFC…ZATION_KRONA:KRONA_CLEANUP -
[-        ] NFC…N_KRONA:KRONA_KTIMPORTTEXT -
[-        ] NFC…KRONA:MEGAN_RMA2INFO_KRONA -
[-        ] NFC…VISUALIZATION_KRONA:GUNZIP -
[-        ] NFC…ONA:KRONA_KTIMPORTTAXONOMY -
[-        ] NFC…ON_PROFILES:TAXPASTA_MERGE -
[-        ] NFC…FILES:TAXPASTA_STANDARDISE -
[-        ] NFC…CKEN_COMBINEBRACKENOUTPUTS -
Plus 7 more processes waiting for tasks…


executor >  slurm (53)
[-        ] NFC…PROFILER:TAXPROFILER:UNTAR -
[91/04a369] NFC…AXPROFILER:FASTQC (TGO.44) | 10 of 10 ✔
[-        ] NFC…ORTREAD_FASTP:FASTP_SINGLE -
[8d/4e1a3c] NFC…ASTP:FASTP_PAIRED (TGO.44) | 10 of 10 ✔
[92/ec2295] NFC…:FASTQC_PROCESSED (TGO.44) | 9 of 10
[54/06d8f4] NFC…ERING:BBMAP_BBDUK (TGO.44) | 10 of 10 ✔
[67/d12777] NFC…VAL:BOWTIE2_ALIGN (TGO.44) | 1 of 10
[cc/786ac1] NFC…VAL:SAMTOOLS_INDEX (TCD.1) | 1 of 1
[f7/ae6bb8] NFC…VAL:SAMTOOLS_STATS (TCD.1) | 1 of 1
[60/cdad15] NFC…DIAMOND_BLASTX (db6|TCD.1) | 0 of 1
[-        ] NFC…:KRAKENTOOLS_KREPORT2KRONA -
[-        ] NFC…ON_KRONA:KAIJU_KAIJU2KRONA -
[-        ] NFC…ZATION_KRONA:KRONA_CLEANUP -
[-        ] NFC…N_KRONA:KRONA_KTIMPORTTEXT -
[-        ] NFC…KRONA:MEGAN_RMA2INFO_KRONA -
[-        ] NFC…VISUALIZATION_KRONA:GUNZIP -
[-        ] NFC…ONA:KRONA_KTIMPORTTAXONOMY -
[-        ] NFC…ON_PROFILES:TAXPASTA_MERGE -
[-        ] NFC…FILES:TAXPASTA_STANDARDISE -
[-        ] NFC…CKEN_COMBINEBRACKENOUTPUTS -
Plus 7 more processes waiting for tasks…

executor >  slurm (53)
[-        ] NFC…PROFILER:TAXPROFILER:UNTAR -
[91/04a369] NFC…AXPROFILER:FASTQC (TGO.44) | 10 of 10 ✔
[-        ] NFC…ORTREAD_FASTP:FASTP_SINGLE -
[8d/4e1a3c] NFC…ASTP:FASTP_PAIRED (TGO.44) | 10 of 10 ✔
[92/ec2295] NFC…:FASTQC_PROCESSED (TGO.44) | 10 of 10 ✔
[54/06d8f4] NFC…ERING:BBMAP_BBDUK (TGO.44) | 10 of 10 ✔
[67/d12777] NFC…VAL:BOWTIE2_ALIGN (TGO.44) | 1 of 10
[cc/786ac1] NFC…VAL:SAMTOOLS_INDEX (TCD.1) | 1 of 1
[f7/ae6bb8] NFC…VAL:SAMTOOLS_STATS (TCD.1) | 1 of 1
[60/cdad15] NFC…DIAMOND_BLASTX (db6|TCD.1) | 0 of 1
[-        ] NFC…:KRAKENTOOLS_KREPORT2KRONA -
[-        ] NFC…ON_KRONA:KAIJU_KAIJU2KRONA -
[-        ] NFC…ZATION_KRONA:KRONA_CLEANUP -
[-        ] NFC…N_KRONA:KRONA_KTIMPORTTEXT -
[-        ] NFC…KRONA:MEGAN_RMA2INFO_KRONA -
[-        ] NFC…VISUALIZATION_KRONA:GUNZIP -
[-        ] NFC…ONA:KRONA_KTIMPORTTAXONOMY -
[-        ] NFC…ON_PROFILES:TAXPASTA_MERGE -
[-        ] NFC…FILES:TAXPASTA_STANDARDISE -
[-        ] NFC…CKEN_COMBINEBRACKENOUTPUTS -
Plus 7 more processes waiting for tasks…

executor >  slurm (55)
[-        ] NFC…PROFILER:TAXPROFILER:UNTAR -
[91/04a369] NFC…AXPROFILER:FASTQC (TGO.44) | 10 of 10 ✔
[-        ] NFC…ORTREAD_FASTP:FASTP_SINGLE -
[8d/4e1a3c] NFC…ASTP:FASTP_PAIRED (TGO.44) | 10 of 10 ✔
[92/ec2295] NFC…:FASTQC_PROCESSED (TGO.44) | 10 of 10 ✔
[54/06d8f4] NFC…ERING:BBMAP_BBDUK (TGO.44) | 10 of 10 ✔
[02/aa151e] NFC…VAL:BOWTIE2_ALIGN (SGP.52) | 2 of 10
[e5/94b94e] NFC…AL:SAMTOOLS_INDEX (SGP.52) | 1 of 2
[f7/ae6bb8] NFC…VAL:SAMTOOLS_STATS (TCD.1) | 1 of 1
[61/566ab2] NFC…IAMOND_BLASTX (db6|SGP.52) | 0 of 2
[-        ] NFC…:KRAKENTOOLS_KREPORT2KRONA -
[-        ] NFC…ON_KRONA:KAIJU_KAIJU2KRONA -
[-        ] NFC…ZATION_KRONA:KRONA_CLEANUP -
[-        ] NFC…N_KRONA:KRONA_KTIMPORTTEXT -
[-        ] NFC…KRONA:MEGAN_RMA2INFO_KRONA -
[-        ] NFC…VISUALIZATION_KRONA:GUNZIP -
[-        ] NFC…ONA:KRONA_KTIMPORTTAXONOMY -
[-        ] NFC…ON_PROFILES:TAXPASTA_MERGE -
[-        ] NFC…FILES:TAXPASTA_STANDARDISE -
[-        ] NFC…CKEN_COMBINEBRACKENOUTPUTS -
Plus 7 more processes waiting for tasks…
WARN: [nf-core/taxprofiler] DIAMOND does not accept paired-end files as input. Only read 1 will be used for profiling. Running DIAMOND for sample SGP.52 using only read 1.

executor >  slurm (55)
[-        ] NFC…PROFILER:TAXPROFILER:UNTAR -
[91/04a369] NFC…AXPROFILER:FASTQC (TGO.44) | 10 of 10 ✔
[-        ] NFC…ORTREAD_FASTP:FASTP_SINGLE -
[8d/4e1a3c] NFC…ASTP:FASTP_PAIRED (TGO.44) | 10 of 10 ✔
[92/ec2295] NFC…:FASTQC_PROCESSED (TGO.44) | 10 of 10 ✔
[54/06d8f4] NFC…ERING:BBMAP_BBDUK (TGO.44) | 10 of 10 ✔
[02/aa151e] NFC…VAL:BOWTIE2_ALIGN (SGP.52) | 2 of 10
[e5/94b94e] NFC…AL:SAMTOOLS_INDEX (SGP.52) | 1 of 2
[f7/ae6bb8] NFC…VAL:SAMTOOLS_STATS (TCD.1) | 1 of 1
[61/566ab2] NFC…IAMOND_BLASTX (db6|SGP.52) | 0 of 2
[-        ] NFC…:KRAKENTOOLS_KREPORT2KRONA -
[-        ] NFC…ON_KRONA:KAIJU_KAIJU2KRONA -
[-        ] NFC…ZATION_KRONA:KRONA_CLEANUP -
[-        ] NFC…N_KRONA:KRONA_KTIMPORTTEXT -
[-        ] NFC…KRONA:MEGAN_RMA2INFO_KRONA -
[-        ] NFC…VISUALIZATION_KRONA:GUNZIP -
[-        ] NFC…ONA:KRONA_KTIMPORTTAXONOMY -
[-        ] NFC…ON_PROFILES:TAXPASTA_MERGE -
[-        ] NFC…FILES:TAXPASTA_STANDARDISE -
[-        ] NFC…CKEN_COMBINEBRACKENOUTPUTS -
Plus 7 more processes waiting for tasks…
WARN: [nf-core/taxprofiler] DIAMOND does not accept paired-end files as input. Only read 1 will be used for profiling. Running DIAMOND for sample SGP.52 using only read 1.

executor >  slurm (56)
[-        ] NFC…PROFILER:TAXPROFILER:UNTAR -
[91/04a369] NFC…AXPROFILER:FASTQC (TGO.44) | 10 of 10 ✔
[-        ] NFC…ORTREAD_FASTP:FASTP_SINGLE -
[8d/4e1a3c] NFC…ASTP:FASTP_PAIRED (TGO.44) | 10 of 10 ✔
[92/ec2295] NFC…:FASTQC_PROCESSED (TGO.44) | 10 of 10 ✔
[54/06d8f4] NFC…ERING:BBMAP_BBDUK (TGO.44) | 10 of 10 ✔
[02/aa151e] NFC…VAL:BOWTIE2_ALIGN (SGP.52) | 2 of 10
[e5/94b94e] NFC…AL:SAMTOOLS_INDEX (SGP.52) | 2 of 2
[0d/82611f] NFC…AL:SAMTOOLS_STATS (SGP.52) | 1 of 2
[61/566ab2] NFC…IAMOND_BLASTX (db6|SGP.52) | 0 of 2
[-        ] NFC…:KRAKENTOOLS_KREPORT2KRONA -
[-        ] NFC…ON_KRONA:KAIJU_KAIJU2KRONA -
[-        ] NFC…ZATION_KRONA:KRONA_CLEANUP -
[-        ] NFC…N_KRONA:KRONA_KTIMPORTTEXT -
[-        ] NFC…KRONA:MEGAN_RMA2INFO_KRONA -
[-        ] NFC…VISUALIZATION_KRONA:GUNZIP -
[-        ] NFC…ONA:KRONA_KTIMPORTTAXONOMY -
[-        ] NFC…ON_PROFILES:TAXPASTA_MERGE -
[-        ] NFC…FILES:TAXPASTA_STANDARDISE -
[-        ] NFC…CKEN_COMBINEBRACKENOUTPUTS -
Plus 7 more processes waiting for tasks…


executor >  slurm (56)
[-        ] NFC…PROFILER:TAXPROFILER:UNTAR -
[91/04a369] NFC…AXPROFILER:FASTQC (TGO.44) | 10 of 10 ✔
[-        ] NFC…ORTREAD_FASTP:FASTP_SINGLE -
[8d/4e1a3c] NFC…ASTP:FASTP_PAIRED (TGO.44) | 10 of 10 ✔
[92/ec2295] NFC…:FASTQC_PROCESSED (TGO.44) | 10 of 10 ✔
[54/06d8f4] NFC…ERING:BBMAP_BBDUK (TGO.44) | 10 of 10 ✔
[02/aa151e] NFC…VAL:BOWTIE2_ALIGN (SGP.52) | 2 of 10
[e5/94b94e] NFC…AL:SAMTOOLS_INDEX (SGP.52) | 2 of 2
[0d/82611f] NFC…AL:SAMTOOLS_STATS (SGP.52) | 1 of 2
[61/566ab2] NFC…IAMOND_BLASTX (db6|SGP.52) | 0 of 2
[-        ] NFC…:KRAKENTOOLS_KREPORT2KRONA -
[-        ] NFC…ON_KRONA:KAIJU_KAIJU2KRONA -
[-        ] NFC…ZATION_KRONA:KRONA_CLEANUP -
[-        ] NFC…N_KRONA:KRONA_KTIMPORTTEXT -
[-        ] NFC…KRONA:MEGAN_RMA2INFO_KRONA -
[-        ] NFC…VISUALIZATION_KRONA:GUNZIP -
[-        ] NFC…ONA:KRONA_KTIMPORTTAXONOMY -
[-        ] NFC…ON_PROFILES:TAXPASTA_MERGE -
[-        ] NFC…FILES:TAXPASTA_STANDARDISE -
[-        ] NFC…CKEN_COMBINEBRACKENOUTPUTS -
Plus 7 more processes waiting for tasks…


executor >  slurm (58)
[-        ] NFC…PROFILER:TAXPROFILER:UNTAR -
[91/04a369] NFC…AXPROFILER:FASTQC (TGO.44) | 10 of 10 ✔
[-        ] NFC…ORTREAD_FASTP:FASTP_SINGLE -
[8d/4e1a3c] NFC…ASTP:FASTP_PAIRED (TGO.44) | 10 of 10 ✔
[92/ec2295] NFC…:FASTQC_PROCESSED (TGO.44) | 10 of 10 ✔
[54/06d8f4] NFC…ERING:BBMAP_BBDUK (TGO.44) | 10 of 10 ✔
[6b/4fbc40] NFC…VAL:BOWTIE2_ALIGN (SRB.37) | 3 of 10
[98/e88268] NFC…AL:SAMTOOLS_INDEX (SRB.37) | 2 of 3
[0d/82611f] NFC…AL:SAMTOOLS_STATS (SGP.52) | 1 of 2
[f4/81f63c] NFC…IAMOND_BLASTX (db6|SRB.37) | 0 of 3
[-        ] NFC…:KRAKENTOOLS_KREPORT2KRONA -
[-        ] NFC…ON_KRONA:KAIJU_KAIJU2KRONA -
[-        ] NFC…ZATION_KRONA:KRONA_CLEANUP -
[-        ] NFC…N_KRONA:KRONA_KTIMPORTTEXT -
[-        ] NFC…KRONA:MEGAN_RMA2INFO_KRONA -
[-        ] NFC…VISUALIZATION_KRONA:GUNZIP -
[-        ] NFC…ONA:KRONA_KTIMPORTTAXONOMY -
[-        ] NFC…ON_PROFILES:TAXPASTA_MERGE -
[-        ] NFC…FILES:TAXPASTA_STANDARDISE -
[-        ] NFC…CKEN_COMBINEBRACKENOUTPUTS -
Plus 7 more processes waiting for tasks…
WARN: [nf-core/taxprofiler] DIAMOND does not accept paired-end files as input. Only read 1 will be used for profiling. Running DIAMOND for sample SRB.37 using only read 1.

executor >  slurm (58)
[-        ] NFC…PROFILER:TAXPROFILER:UNTAR -
[91/04a369] NFC…AXPROFILER:FASTQC (TGO.44) | 10 of 10 ✔
[-        ] NFC…ORTREAD_FASTP:FASTP_SINGLE -
[8d/4e1a3c] NFC…ASTP:FASTP_PAIRED (TGO.44) | 10 of 10 ✔
[92/ec2295] NFC…:FASTQC_PROCESSED (TGO.44) | 10 of 10 ✔
[54/06d8f4] NFC…ERING:BBMAP_BBDUK (TGO.44) | 10 of 10 ✔
[6b/4fbc40] NFC…VAL:BOWTIE2_ALIGN (SRB.37) | 3 of 10
[98/e88268] NFC…AL:SAMTOOLS_INDEX (SRB.37) | 2 of 3
[0d/82611f] NFC…AL:SAMTOOLS_STATS (SGP.52) | 1 of 2
[f4/81f63c] NFC…IAMOND_BLASTX (db6|SRB.37) | 0 of 3
[-        ] NFC…:KRAKENTOOLS_KREPORT2KRONA -
[-        ] NFC…ON_KRONA:KAIJU_KAIJU2KRONA -
[-        ] NFC…ZATION_KRONA:KRONA_CLEANUP -
[-        ] NFC…N_KRONA:KRONA_KTIMPORTTEXT -
[-        ] NFC…KRONA:MEGAN_RMA2INFO_KRONA -
[-        ] NFC…VISUALIZATION_KRONA:GUNZIP -
[-        ] NFC…ONA:KRONA_KTIMPORTTAXONOMY -
[-        ] NFC…ON_PROFILES:TAXPASTA_MERGE -
[-        ] NFC…FILES:TAXPASTA_STANDARDISE -
[-        ] NFC…CKEN_COMBINEBRACKENOUTPUTS -
Plus 7 more processes waiting for tasks…
WARN: [nf-core/taxprofiler] DIAMOND does not accept paired-end files as input. Only read 1 will be used for profiling. Running DIAMOND for sample SRB.37 using only read 1.

executor >  slurm (58)
[-        ] NFC…PROFILER:TAXPROFILER:UNTAR -
[91/04a369] NFC…AXPROFILER:FASTQC (TGO.44) | 10 of 10 ✔
[-        ] NFC…ORTREAD_FASTP:FASTP_SINGLE -
[8d/4e1a3c] NFC…ASTP:FASTP_PAIRED (TGO.44) | 10 of 10 ✔
[92/ec2295] NFC…:FASTQC_PROCESSED (TGO.44) | 10 of 10 ✔
[54/06d8f4] NFC…ERING:BBMAP_BBDUK (TGO.44) | 10 of 10 ✔
[6b/4fbc40] NFC…VAL:BOWTIE2_ALIGN (SRB.37) | 3 of 10
[98/e88268] NFC…AL:SAMTOOLS_INDEX (SRB.37) | 2 of 3
[0d/82611f] NFC…AL:SAMTOOLS_STATS (SGP.52) | 2 of 2
[f4/81f63c] NFC…IAMOND_BLASTX (db6|SRB.37) | 0 of 3
[-        ] NFC…:KRAKENTOOLS_KREPORT2KRONA -
[-        ] NFC…ON_KRONA:KAIJU_KAIJU2KRONA -
[-        ] NFC…ZATION_KRONA:KRONA_CLEANUP -
[-        ] NFC…N_KRONA:KRONA_KTIMPORTTEXT -
[-        ] NFC…KRONA:MEGAN_RMA2INFO_KRONA -
[-        ] NFC…VISUALIZATION_KRONA:GUNZIP -
[-        ] NFC…ONA:KRONA_KTIMPORTTAXONOMY -
[-        ] NFC…ON_PROFILES:TAXPASTA_MERGE -
[-        ] NFC…FILES:TAXPASTA_STANDARDISE -
[-        ] NFC…CKEN_COMBINEBRACKENOUTPUTS -
Plus 7 more processes waiting for tasks…
WARN: [nf-core/taxprofiler] DIAMOND does not accept paired-end files as input. Only read 1 will be used for profiling. Running DIAMOND for sample SRB.37 using only read 1.

executor >  slurm (58)
[-        ] NFC…PROFILER:TAXPROFILER:UNTAR -
[91/04a369] NFC…AXPROFILER:FASTQC (TGO.44) | 10 of 10 ✔
[-        ] NFC…ORTREAD_FASTP:FASTP_SINGLE -
[8d/4e1a3c] NFC…ASTP:FASTP_PAIRED (TGO.44) | 10 of 10 ✔
[92/ec2295] NFC…:FASTQC_PROCESSED (TGO.44) | 10 of 10 ✔
[54/06d8f4] NFC…ERING:BBMAP_BBDUK (TGO.44) | 10 of 10 ✔
[6b/4fbc40] NFC…VAL:BOWTIE2_ALIGN (SRB.37) | 3 of 10
[98/e88268] NFC…AL:SAMTOOLS_INDEX (SRB.37) | 3 of 3
[0d/82611f] NFC…AL:SAMTOOLS_STATS (SGP.52) | 2 of 3
[f4/81f63c] NFC…IAMOND_BLASTX (db6|SRB.37) | 0 of 3
[-        ] NFC…:KRAKENTOOLS_KREPORT2KRONA -
[-        ] NFC…ON_KRONA:KAIJU_KAIJU2KRONA -
[-        ] NFC…ZATION_KRONA:KRONA_CLEANUP -
[-        ] NFC…N_KRONA:KRONA_KTIMPORTTEXT -
[-        ] NFC…KRONA:MEGAN_RMA2INFO_KRONA -
[-        ] NFC…VISUALIZATION_KRONA:GUNZIP -
[-        ] NFC…ONA:KRONA_KTIMPORTTAXONOMY -
[-        ] NFC…ON_PROFILES:TAXPASTA_MERGE -
[-        ] NFC…FILES:TAXPASTA_STANDARDISE -
[-        ] NFC…CKEN_COMBINEBRACKENOUTPUTS -
Plus 7 more processes waiting for tasks…


executor >  slurm (59)
[-        ] NFC…PROFILER:TAXPROFILER:UNTAR -
[91/04a369] NFC…AXPROFILER:FASTQC (TGO.44) | 10 of 10 ✔
[-        ] NFC…ORTREAD_FASTP:FASTP_SINGLE -
[8d/4e1a3c] NFC…ASTP:FASTP_PAIRED (TGO.44) | 10 of 10 ✔
[92/ec2295] NFC…:FASTQC_PROCESSED (TGO.44) | 10 of 10 ✔
[54/06d8f4] NFC…ERING:BBMAP_BBDUK (TGO.44) | 10 of 10 ✔
[6b/4fbc40] NFC…VAL:BOWTIE2_ALIGN (SRB.37) | 3 of 10
[98/e88268] NFC…AL:SAMTOOLS_INDEX (SRB.37) | 3 of 3
[dd/4257ec] NFC…AL:SAMTOOLS_STATS (SRB.37) | 2 of 3
[f4/81f63c] NFC…IAMOND_BLASTX (db6|SRB.37) | 0 of 3
[-        ] NFC…:KRAKENTOOLS_KREPORT2KRONA -
[-        ] NFC…ON_KRONA:KAIJU_KAIJU2KRONA -
[-        ] NFC…ZATION_KRONA:KRONA_CLEANUP -
[-        ] NFC…N_KRONA:KRONA_KTIMPORTTEXT -
[-        ] NFC…KRONA:MEGAN_RMA2INFO_KRONA -
[-        ] NFC…VISUALIZATION_KRONA:GUNZIP -
[-        ] NFC…ONA:KRONA_KTIMPORTTAXONOMY -
[-        ] NFC…ON_PROFILES:TAXPASTA_MERGE -
[-        ] NFC…FILES:TAXPASTA_STANDARDISE -
[-        ] NFC…CKEN_COMBINEBRACKENOUTPUTS -
Plus 7 more processes waiting for tasks…


executor >  slurm (59)
[-        ] NFC…PROFILER:TAXPROFILER:UNTAR -
[91/04a369] NFC…AXPROFILER:FASTQC (TGO.44) | 10 of 10 ✔
[-        ] NFC…ORTREAD_FASTP:FASTP_SINGLE -
[8d/4e1a3c] NFC…ASTP:FASTP_PAIRED (TGO.44) | 10 of 10 ✔
[92/ec2295] NFC…:FASTQC_PROCESSED (TGO.44) | 10 of 10 ✔
[54/06d8f4] NFC…ERING:BBMAP_BBDUK (TGO.44) | 10 of 10 ✔
[6b/4fbc40] NFC…VAL:BOWTIE2_ALIGN (SRB.37) | 3 of 10
[98/e88268] NFC…AL:SAMTOOLS_INDEX (SRB.37) | 3 of 3
[dd/4257ec] NFC…AL:SAMTOOLS_STATS (SRB.37) | 2 of 3
[f4/81f63c] NFC…IAMOND_BLASTX (db6|SRB.37) | 0 of 3
[-        ] NFC…:KRAKENTOOLS_KREPORT2KRONA -
[-        ] NFC…ON_KRONA:KAIJU_KAIJU2KRONA -
[-        ] NFC…ZATION_KRONA:KRONA_CLEANUP -
[-        ] NFC…N_KRONA:KRONA_KTIMPORTTEXT -
[-        ] NFC…KRONA:MEGAN_RMA2INFO_KRONA -
[-        ] NFC…VISUALIZATION_KRONA:GUNZIP -
[-        ] NFC…ONA:KRONA_KTIMPORTTAXONOMY -
[-        ] NFC…ON_PROFILES:TAXPASTA_MERGE -
[-        ] NFC…FILES:TAXPASTA_STANDARDISE -
[-        ] NFC…CKEN_COMBINEBRACKENOUTPUTS -
Plus 7 more processes waiting for tasks…

executor >  slurm (59)
[-        ] NFC…PROFILER:TAXPROFILER:UNTAR -
[91/04a369] NFC…AXPROFILER:FASTQC (TGO.44) | 10 of 10 ✔
[-        ] NFC…ORTREAD_FASTP:FASTP_SINGLE -
[8d/4e1a3c] NFC…ASTP:FASTP_PAIRED (TGO.44) | 10 of 10 ✔
[92/ec2295] NFC…:FASTQC_PROCESSED (TGO.44) | 10 of 10 ✔
[54/06d8f4] NFC…ERING:BBMAP_BBDUK (TGO.44) | 10 of 10 ✔
[6b/4fbc40] NFC…VAL:BOWTIE2_ALIGN (SRB.37) | 3 of 10
[98/e88268] NFC…AL:SAMTOOLS_INDEX (SRB.37) | 3 of 3
[dd/4257ec] NFC…AL:SAMTOOLS_STATS (SRB.37) | 3 of 3
[f4/81f63c] NFC…IAMOND_BLASTX (db6|SRB.37) | 0 of 3
[-        ] NFC…:KRAKENTOOLS_KREPORT2KRONA -
[-        ] NFC…ON_KRONA:KAIJU_KAIJU2KRONA -
[-        ] NFC…ZATION_KRONA:KRONA_CLEANUP -
[-        ] NFC…N_KRONA:KRONA_KTIMPORTTEXT -
[-        ] NFC…KRONA:MEGAN_RMA2INFO_KRONA -
[-        ] NFC…VISUALIZATION_KRONA:GUNZIP -
[-        ] NFC…ONA:KRONA_KTIMPORTTAXONOMY -
[-        ] NFC…ON_PROFILES:TAXPASTA_MERGE -
[-        ] NFC…FILES:TAXPASTA_STANDARDISE -
[-        ] NFC…CKEN_COMBINEBRACKENOUTPUTS -
Plus 7 more processes waiting for tasks…

executor >  slurm (60)
[-        ] NFC…PROFILER:TAXPROFILER:UNTAR -
[91/04a369] NFC…AXPROFILER:FASTQC (TGO.44) | 10 of 10 ✔
[-        ] NFC…ORTREAD_FASTP:FASTP_SINGLE -
[8d/4e1a3c] NFC…ASTP:FASTP_PAIRED (TGO.44) | 10 of 10 ✔
[92/ec2295] NFC…:FASTQC_PROCESSED (TGO.44) | 10 of 10 ✔
[54/06d8f4] NFC…ERING:BBMAP_BBDUK (TGO.44) | 10 of 10 ✔
[ec/c06f35] NFC…OVAL:BOWTIE2_ALIGN (SVK.9) | 4 of 10
[93/28892f] NFC…VAL:SAMTOOLS_INDEX (SVK.9) | 3 of 4
[dd/4257ec] NFC…AL:SAMTOOLS_STATS (SRB.37) | 3 of 3
[f4/81f63c] NFC…IAMOND_BLASTX (db6|SRB.37) | 0 of 4
[-        ] NFC…:KRAKENTOOLS_KREPORT2KRONA -
[-        ] NFC…ON_KRONA:KAIJU_KAIJU2KRONA -
[-        ] NFC…ZATION_KRONA:KRONA_CLEANUP -
[-        ] NFC…N_KRONA:KRONA_KTIMPORTTEXT -
[-        ] NFC…KRONA:MEGAN_RMA2INFO_KRONA -
[-        ] NFC…VISUALIZATION_KRONA:GUNZIP -
[-        ] NFC…ONA:KRONA_KTIMPORTTAXONOMY -
[-        ] NFC…ON_PROFILES:TAXPASTA_MERGE -
[-        ] NFC…FILES:TAXPASTA_STANDARDISE -
[-        ] NFC…CKEN_COMBINEBRACKENOUTPUTS -
Plus 7 more processes waiting for tasks…
WARN: [nf-core/taxprofiler] DIAMOND does not accept paired-end files as input. Only read 1 will be used for profiling. Running DIAMOND for sample SVK.9 using only read 1.

executor >  slurm (61)
[-        ] NFC…PROFILER:TAXPROFILER:UNTAR -
[91/04a369] NFC…AXPROFILER:FASTQC (TGO.44) | 10 of 10 ✔
[-        ] NFC…ORTREAD_FASTP:FASTP_SINGLE -
[8d/4e1a3c] NFC…ASTP:FASTP_PAIRED (TGO.44) | 10 of 10 ✔
[92/ec2295] NFC…:FASTQC_PROCESSED (TGO.44) | 10 of 10 ✔
[54/06d8f4] NFC…ERING:BBMAP_BBDUK (TGO.44) | 10 of 10 ✔
[ec/c06f35] NFC…OVAL:BOWTIE2_ALIGN (SVK.9) | 4 of 10
[93/28892f] NFC…VAL:SAMTOOLS_INDEX (SVK.9) | 3 of 4
[dd/4257ec] NFC…AL:SAMTOOLS_STATS (SRB.37) | 3 of 3
[f6/9fa9c8] NFC…DIAMOND_BLASTX (db6|SVK.9) | 0 of 4
[-        ] NFC…:KRAKENTOOLS_KREPORT2KRONA -
[-        ] NFC…ON_KRONA:KAIJU_KAIJU2KRONA -
[-        ] NFC…ZATION_KRONA:KRONA_CLEANUP -
[-        ] NFC…N_KRONA:KRONA_KTIMPORTTEXT -
[-        ] NFC…KRONA:MEGAN_RMA2INFO_KRONA -
[-        ] NFC…VISUALIZATION_KRONA:GUNZIP -
[-        ] NFC…ONA:KRONA_KTIMPORTTAXONOMY -
[-        ] NFC…ON_PROFILES:TAXPASTA_MERGE -
[-        ] NFC…FILES:TAXPASTA_STANDARDISE -
[-        ] NFC…CKEN_COMBINEBRACKENOUTPUTS -
Plus 7 more processes waiting for tasks…
WARN: [nf-core/taxprofiler] DIAMOND does not accept paired-end files as input. Only read 1 will be used for profiling. Running DIAMOND for sample SVK.9 using only read 1.

executor >  slurm (61)
[-        ] NFC…PROFILER:TAXPROFILER:UNTAR -
[91/04a369] NFC…AXPROFILER:FASTQC (TGO.44) | 10 of 10 ✔
[-        ] NFC…ORTREAD_FASTP:FASTP_SINGLE -
[8d/4e1a3c] NFC…ASTP:FASTP_PAIRED (TGO.44) | 10 of 10 ✔
[92/ec2295] NFC…:FASTQC_PROCESSED (TGO.44) | 10 of 10 ✔
[54/06d8f4] NFC…ERING:BBMAP_BBDUK (TGO.44) | 10 of 10 ✔
[ec/c06f35] NFC…OVAL:BOWTIE2_ALIGN (SVK.9) | 4 of 10
[93/28892f] NFC…VAL:SAMTOOLS_INDEX (SVK.9) | 3 of 4
[dd/4257ec] NFC…AL:SAMTOOLS_STATS (SRB.37) | 3 of 3
[f6/9fa9c8] NFC…DIAMOND_BLASTX (db6|SVK.9) | 0 of 4
[-        ] NFC…:KRAKENTOOLS_KREPORT2KRONA -
[-        ] NFC…ON_KRONA:KAIJU_KAIJU2KRONA -
[-        ] NFC…ZATION_KRONA:KRONA_CLEANUP -
[-        ] NFC…N_KRONA:KRONA_KTIMPORTTEXT -
[-        ] NFC…KRONA:MEGAN_RMA2INFO_KRONA -
[-        ] NFC…VISUALIZATION_KRONA:GUNZIP -
[-        ] NFC…ONA:KRONA_KTIMPORTTAXONOMY -
[-        ] NFC…ON_PROFILES:TAXPASTA_MERGE -
[-        ] NFC…FILES:TAXPASTA_STANDARDISE -
[-        ] NFC…CKEN_COMBINEBRACKENOUTPUTS -
Plus 7 more processes waiting for tasks…
WARN: [nf-core/taxprofiler] DIAMOND does not accept paired-end files as input. Only read 1 will be used for profiling. Running DIAMOND for sample SVK.9 using only read 1.

executor >  slurm (62)
[-        ] NFC…PROFILER:TAXPROFILER:UNTAR -
[91/04a369] NFC…AXPROFILER:FASTQC (TGO.44) | 10 of 10 ✔
[-        ] NFC…ORTREAD_FASTP:FASTP_SINGLE -
[8d/4e1a3c] NFC…ASTP:FASTP_PAIRED (TGO.44) | 10 of 10 ✔
[92/ec2295] NFC…:FASTQC_PROCESSED (TGO.44) | 10 of 10 ✔
[54/06d8f4] NFC…ERING:BBMAP_BBDUK (TGO.44) | 10 of 10 ✔
[ec/c06f35] NFC…OVAL:BOWTIE2_ALIGN (SVK.9) | 4 of 10
[93/28892f] NFC…VAL:SAMTOOLS_INDEX (SVK.9) | 4 of 4
[24/018f73] NFC…VAL:SAMTOOLS_STATS (SVK.9) | 3 of 4
[f6/9fa9c8] NFC…DIAMOND_BLASTX (db6|SVK.9) | 0 of 4
[-        ] NFC…:KRAKENTOOLS_KREPORT2KRONA -
[-        ] NFC…ON_KRONA:KAIJU_KAIJU2KRONA -
[-        ] NFC…ZATION_KRONA:KRONA_CLEANUP -
[-        ] NFC…N_KRONA:KRONA_KTIMPORTTEXT -
[-        ] NFC…KRONA:MEGAN_RMA2INFO_KRONA -
[-        ] NFC…VISUALIZATION_KRONA:GUNZIP -
[-        ] NFC…ONA:KRONA_KTIMPORTTAXONOMY -
[-        ] NFC…ON_PROFILES:TAXPASTA_MERGE -
[-        ] NFC…FILES:TAXPASTA_STANDARDISE -
[-        ] NFC…CKEN_COMBINEBRACKENOUTPUTS -
Plus 7 more processes waiting for tasks…


executor >  slurm (62)
[-        ] NFC…PROFILER:TAXPROFILER:UNTAR -
[91/04a369] NFC…AXPROFILER:FASTQC (TGO.44) | 10 of 10 ✔
[-        ] NFC…ORTREAD_FASTP:FASTP_SINGLE -
[8d/4e1a3c] NFC…ASTP:FASTP_PAIRED (TGO.44) | 10 of 10 ✔
[92/ec2295] NFC…:FASTQC_PROCESSED (TGO.44) | 10 of 10 ✔
[54/06d8f4] NFC…ERING:BBMAP_BBDUK (TGO.44) | 10 of 10 ✔
[ec/c06f35] NFC…OVAL:BOWTIE2_ALIGN (SVK.9) | 4 of 10
[93/28892f] NFC…VAL:SAMTOOLS_INDEX (SVK.9) | 4 of 4
[24/018f73] NFC…VAL:SAMTOOLS_STATS (SVK.9) | 3 of 4
[f6/9fa9c8] NFC…DIAMOND_BLASTX (db6|SVK.9) | 0 of 4
[-        ] NFC…:KRAKENTOOLS_KREPORT2KRONA -
[-        ] NFC…ON_KRONA:KAIJU_KAIJU2KRONA -
[-        ] NFC…ZATION_KRONA:KRONA_CLEANUP -
[-        ] NFC…N_KRONA:KRONA_KTIMPORTTEXT -
[-        ] NFC…KRONA:MEGAN_RMA2INFO_KRONA -
[-        ] NFC…VISUALIZATION_KRONA:GUNZIP -
[-        ] NFC…ONA:KRONA_KTIMPORTTAXONOMY -
[-        ] NFC…ON_PROFILES:TAXPASTA_MERGE -
[-        ] NFC…FILES:TAXPASTA_STANDARDISE -
[-        ] NFC…CKEN_COMBINEBRACKENOUTPUTS -
Plus 7 more processes waiting for tasks…


executor >  slurm (62)
[-        ] NFC…PROFILER:TAXPROFILER:UNTAR -
[91/04a369] NFC…AXPROFILER:FASTQC (TGO.44) | 10 of 10 ✔
[-        ] NFC…ORTREAD_FASTP:FASTP_SINGLE -
[8d/4e1a3c] NFC…ASTP:FASTP_PAIRED (TGO.44) | 10 of 10 ✔
[92/ec2295] NFC…:FASTQC_PROCESSED (TGO.44) | 10 of 10 ✔
[54/06d8f4] NFC…ERING:BBMAP_BBDUK (TGO.44) | 10 of 10 ✔
[ec/c06f35] NFC…OVAL:BOWTIE2_ALIGN (SVK.9) | 4 of 10
[93/28892f] NFC…VAL:SAMTOOLS_INDEX (SVK.9) | 4 of 4
[24/018f73] NFC…VAL:SAMTOOLS_STATS (SVK.9) | 4 of 4
[f6/9fa9c8] NFC…DIAMOND_BLASTX (db6|SVK.9) | 0 of 4
[-        ] NFC…:KRAKENTOOLS_KREPORT2KRONA -
[-        ] NFC…ON_KRONA:KAIJU_KAIJU2KRONA -
[-        ] NFC…ZATION_KRONA:KRONA_CLEANUP -
[-        ] NFC…N_KRONA:KRONA_KTIMPORTTEXT -
[-        ] NFC…KRONA:MEGAN_RMA2INFO_KRONA -
[-        ] NFC…VISUALIZATION_KRONA:GUNZIP -
[-        ] NFC…ONA:KRONA_KTIMPORTTAXONOMY -
[-        ] NFC…ON_PROFILES:TAXPASTA_MERGE -
[-        ] NFC…FILES:TAXPASTA_STANDARDISE -
[-        ] NFC…CKEN_COMBINEBRACKENOUTPUTS -
Plus 7 more processes waiting for tasks…

executor >  slurm (64)
[-        ] NFC…PROFILER:TAXPROFILER:UNTAR -
[91/04a369] NFC…AXPROFILER:FASTQC (TGO.44) | 10 of 10 ✔
[-        ] NFC…ORTREAD_FASTP:FASTP_SINGLE -
[8d/4e1a3c] NFC…ASTP:FASTP_PAIRED (TGO.44) | 10 of 10 ✔
[92/ec2295] NFC…:FASTQC_PROCESSED (TGO.44) | 10 of 10 ✔
[54/06d8f4] NFC…ERING:BBMAP_BBDUK (TGO.44) | 10 of 10 ✔
[6d/7974a2] NFC…AL:BOWTIE2_ALIGN (SWE.41a) | 5 of 10
[f5/74b2af] NFC…L:SAMTOOLS_INDEX (SWE.41a) | 4 of 5
[24/018f73] NFC…VAL:SAMTOOLS_STATS (SVK.9) | 4 of 4
[30/d5312e] NFC…AMOND_BLASTX (db6|SWE.41a) | 0 of 5
[-        ] NFC…:KRAKENTOOLS_KREPORT2KRONA -
[-        ] NFC…ON_KRONA:KAIJU_KAIJU2KRONA -
[-        ] NFC…ZATION_KRONA:KRONA_CLEANUP -
[-        ] NFC…N_KRONA:KRONA_KTIMPORTTEXT -
[-        ] NFC…KRONA:MEGAN_RMA2INFO_KRONA -
[-        ] NFC…VISUALIZATION_KRONA:GUNZIP -
[-        ] NFC…ONA:KRONA_KTIMPORTTAXONOMY -
[-        ] NFC…ON_PROFILES:TAXPASTA_MERGE -
[-        ] NFC…FILES:TAXPASTA_STANDARDISE -
[-        ] NFC…CKEN_COMBINEBRACKENOUTPUTS -
Plus 7 more processes waiting for tasks…
WARN: [nf-core/taxprofiler] DIAMOND does not accept paired-end files as input. Only read 1 will be used for profiling. Running DIAMOND for sample SWE.41a using only read 1.

executor >  slurm (64)
[-        ] NFC…PROFILER:TAXPROFILER:UNTAR -
[91/04a369] NFC…AXPROFILER:FASTQC (TGO.44) | 10 of 10 ✔
[-        ] NFC…ORTREAD_FASTP:FASTP_SINGLE -
[8d/4e1a3c] NFC…ASTP:FASTP_PAIRED (TGO.44) | 10 of 10 ✔
[92/ec2295] NFC…:FASTQC_PROCESSED (TGO.44) | 10 of 10 ✔
[54/06d8f4] NFC…ERING:BBMAP_BBDUK (TGO.44) | 10 of 10 ✔
[6d/7974a2] NFC…AL:BOWTIE2_ALIGN (SWE.41a) | 5 of 10
[f5/74b2af] NFC…L:SAMTOOLS_INDEX (SWE.41a) | 4 of 5
[24/018f73] NFC…VAL:SAMTOOLS_STATS (SVK.9) | 4 of 4
[30/d5312e] NFC…AMOND_BLASTX (db6|SWE.41a) | 0 of 5
[-        ] NFC…:KRAKENTOOLS_KREPORT2KRONA -
[-        ] NFC…ON_KRONA:KAIJU_KAIJU2KRONA -
[-        ] NFC…ZATION_KRONA:KRONA_CLEANUP -
[-        ] NFC…N_KRONA:KRONA_KTIMPORTTEXT -
[-        ] NFC…KRONA:MEGAN_RMA2INFO_KRONA -
[-        ] NFC…VISUALIZATION_KRONA:GUNZIP -
[-        ] NFC…ONA:KRONA_KTIMPORTTAXONOMY -
[-        ] NFC…ON_PROFILES:TAXPASTA_MERGE -
[-        ] NFC…FILES:TAXPASTA_STANDARDISE -
[-        ] NFC…CKEN_COMBINEBRACKENOUTPUTS -
Plus 7 more processes waiting for tasks…
WARN: [nf-core/taxprofiler] DIAMOND does not accept paired-end files as input. Only read 1 will be used for profiling. Running DIAMOND for sample SWE.41a using only read 1.

executor >  slurm (64)
[-        ] NFC…PROFILER:TAXPROFILER:UNTAR -
[91/04a369] NFC…AXPROFILER:FASTQC (TGO.44) | 10 of 10 ✔
[-        ] NFC…ORTREAD_FASTP:FASTP_SINGLE -
[8d/4e1a3c] NFC…ASTP:FASTP_PAIRED (TGO.44) | 10 of 10 ✔
[92/ec2295] NFC…:FASTQC_PROCESSED (TGO.44) | 10 of 10 ✔
[54/06d8f4] NFC…ERING:BBMAP_BBDUK (TGO.44) | 10 of 10 ✔
[6d/7974a2] NFC…AL:BOWTIE2_ALIGN (SWE.41a) | 5 of 10
[f5/74b2af] NFC…L:SAMTOOLS_INDEX (SWE.41a) | 4 of 5
[24/018f73] NFC…VAL:SAMTOOLS_STATS (SVK.9) | 4 of 4
[30/d5312e] NFC…AMOND_BLASTX (db6|SWE.41a) | 0 of 5
[-        ] NFC…:KRAKENTOOLS_KREPORT2KRONA -
[-        ] NFC…ON_KRONA:KAIJU_KAIJU2KRONA -
[-        ] NFC…ZATION_KRONA:KRONA_CLEANUP -
[-        ] NFC…N_KRONA:KRONA_KTIMPORTTEXT -
[-        ] NFC…KRONA:MEGAN_RMA2INFO_KRONA -
[-        ] NFC…VISUALIZATION_KRONA:GUNZIP -
[-        ] NFC…ONA:KRONA_KTIMPORTTAXONOMY -
[-        ] NFC…ON_PROFILES:TAXPASTA_MERGE -
[-        ] NFC…FILES:TAXPASTA_STANDARDISE -
[-        ] NFC…CKEN_COMBINEBRACKENOUTPUTS -
Plus 7 more processes waiting for tasks…
WARN: [nf-core/taxprofiler] DIAMOND does not accept paired-end files as input. Only read 1 will be used for profiling. Running DIAMOND for sample SWE.41a using only read 1.

executor >  slurm (64)
[-        ] NFC…PROFILER:TAXPROFILER:UNTAR -
[91/04a369] NFC…AXPROFILER:FASTQC (TGO.44) | 10 of 10 ✔
[-        ] NFC…ORTREAD_FASTP:FASTP_SINGLE -
[8d/4e1a3c] NFC…ASTP:FASTP_PAIRED (TGO.44) | 10 of 10 ✔
[92/ec2295] NFC…:FASTQC_PROCESSED (TGO.44) | 10 of 10 ✔
[54/06d8f4] NFC…ERING:BBMAP_BBDUK (TGO.44) | 10 of 10 ✔
[6d/7974a2] NFC…AL:BOWTIE2_ALIGN (SWE.41a) | 5 of 10
[f5/74b2af] NFC…L:SAMTOOLS_INDEX (SWE.41a) | 5 of 5
[24/018f73] NFC…VAL:SAMTOOLS_STATS (SVK.9) | 4 of 4
[30/d5312e] NFC…AMOND_BLASTX (db6|SWE.41a) | 0 of 5
[-        ] NFC…:KRAKENTOOLS_KREPORT2KRONA -
[-        ] NFC…ON_KRONA:KAIJU_KAIJU2KRONA -
[-        ] NFC…ZATION_KRONA:KRONA_CLEANUP -
[-        ] NFC…N_KRONA:KRONA_KTIMPORTTEXT -
[-        ] NFC…KRONA:MEGAN_RMA2INFO_KRONA -
[-        ] NFC…VISUALIZATION_KRONA:GUNZIP -
[-        ] NFC…ONA:KRONA_KTIMPORTTAXONOMY -
[-        ] NFC…ON_PROFILES:TAXPASTA_MERGE -
[-        ] NFC…FILES:TAXPASTA_STANDARDISE -
[-        ] NFC…CKEN_COMBINEBRACKENOUTPUTS -
Plus 7 more processes waiting for tasks…


executor >  slurm (65)
[-        ] NFC…PROFILER:TAXPROFILER:UNTAR -
[91/04a369] NFC…AXPROFILER:FASTQC (TGO.44) | 10 of 10 ✔
[-        ] NFC…ORTREAD_FASTP:FASTP_SINGLE -
[8d/4e1a3c] NFC…ASTP:FASTP_PAIRED (TGO.44) | 10 of 10 ✔
[92/ec2295] NFC…:FASTQC_PROCESSED (TGO.44) | 10 of 10 ✔
[54/06d8f4] NFC…ERING:BBMAP_BBDUK (TGO.44) | 10 of 10 ✔
[6d/7974a2] NFC…AL:BOWTIE2_ALIGN (SWE.41a) | 5 of 10
[f5/74b2af] NFC…L:SAMTOOLS_INDEX (SWE.41a) | 5 of 5
[f9/ac39bd] NFC…L:SAMTOOLS_STATS (SWE.41a) | 4 of 5
[30/d5312e] NFC…AMOND_BLASTX (db6|SWE.41a) | 0 of 5
[-        ] NFC…:KRAKENTOOLS_KREPORT2KRONA -
[-        ] NFC…ON_KRONA:KAIJU_KAIJU2KRONA -
[-        ] NFC…ZATION_KRONA:KRONA_CLEANUP -
[-        ] NFC…N_KRONA:KRONA_KTIMPORTTEXT -
[-        ] NFC…KRONA:MEGAN_RMA2INFO_KRONA -
[-        ] NFC…VISUALIZATION_KRONA:GUNZIP -
[-        ] NFC…ONA:KRONA_KTIMPORTTAXONOMY -
[-        ] NFC…ON_PROFILES:TAXPASTA_MERGE -
[-        ] NFC…FILES:TAXPASTA_STANDARDISE -
[-        ] NFC…CKEN_COMBINEBRACKENOUTPUTS -
Plus 7 more processes waiting for tasks…


executor >  slurm (65)
[-        ] NFC…PROFILER:TAXPROFILER:UNTAR -
[91/04a369] NFC…AXPROFILER:FASTQC (TGO.44) | 10 of 10 ✔
[-        ] NFC…ORTREAD_FASTP:FASTP_SINGLE -
[8d/4e1a3c] NFC…ASTP:FASTP_PAIRED (TGO.44) | 10 of 10 ✔
[92/ec2295] NFC…:FASTQC_PROCESSED (TGO.44) | 10 of 10 ✔
[54/06d8f4] NFC…ERING:BBMAP_BBDUK (TGO.44) | 10 of 10 ✔
[6d/7974a2] NFC…AL:BOWTIE2_ALIGN (SWE.41a) | 5 of 10
[f5/74b2af] NFC…L:SAMTOOLS_INDEX (SWE.41a) | 5 of 5
[f9/ac39bd] NFC…L:SAMTOOLS_STATS (SWE.41a) | 4 of 5
[30/d5312e] NFC…AMOND_BLASTX (db6|SWE.41a) | 0 of 5
[-        ] NFC…:KRAKENTOOLS_KREPORT2KRONA -
[-        ] NFC…ON_KRONA:KAIJU_KAIJU2KRONA -
[-        ] NFC…ZATION_KRONA:KRONA_CLEANUP -
[-        ] NFC…N_KRONA:KRONA_KTIMPORTTEXT -
[-        ] NFC…KRONA:MEGAN_RMA2INFO_KRONA -
[-        ] NFC…VISUALIZATION_KRONA:GUNZIP -
[-        ] NFC…ONA:KRONA_KTIMPORTTAXONOMY -
[-        ] NFC…ON_PROFILES:TAXPASTA_MERGE -
[-        ] NFC…FILES:TAXPASTA_STANDARDISE -
[-        ] NFC…CKEN_COMBINEBRACKENOUTPUTS -
Plus 7 more processes waiting for tasks…

executor >  slurm (65)
[-        ] NFC…PROFILER:TAXPROFILER:UNTAR -
[91/04a369] NFC…AXPROFILER:FASTQC (TGO.44) | 10 of 10 ✔
[-        ] NFC…ORTREAD_FASTP:FASTP_SINGLE -
[8d/4e1a3c] NFC…ASTP:FASTP_PAIRED (TGO.44) | 10 of 10 ✔
[92/ec2295] NFC…:FASTQC_PROCESSED (TGO.44) | 10 of 10 ✔
[54/06d8f4] NFC…ERING:BBMAP_BBDUK (TGO.44) | 10 of 10 ✔
[6d/7974a2] NFC…AL:BOWTIE2_ALIGN (SWE.41a) | 5 of 10
[f5/74b2af] NFC…L:SAMTOOLS_INDEX (SWE.41a) | 5 of 5
[f9/ac39bd] NFC…L:SAMTOOLS_STATS (SWE.41a) | 5 of 5
[30/d5312e] NFC…AMOND_BLASTX (db6|SWE.41a) | 0 of 5
[-        ] NFC…:KRAKENTOOLS_KREPORT2KRONA -
[-        ] NFC…ON_KRONA:KAIJU_KAIJU2KRONA -
[-        ] NFC…ZATION_KRONA:KRONA_CLEANUP -
[-        ] NFC…N_KRONA:KRONA_KTIMPORTTEXT -
[-        ] NFC…KRONA:MEGAN_RMA2INFO_KRONA -
[-        ] NFC…VISUALIZATION_KRONA:GUNZIP -
[-        ] NFC…ONA:KRONA_KTIMPORTTAXONOMY -
[-        ] NFC…ON_PROFILES:TAXPASTA_MERGE -
[-        ] NFC…FILES:TAXPASTA_STANDARDISE -
[-        ] NFC…CKEN_COMBINEBRACKENOUTPUTS -
Plus 7 more processes waiting for tasks…

executor >  slurm (67)
[-        ] NFC…PROFILER:TAXPROFILER:UNTAR -
[91/04a369] NFC…AXPROFILER:FASTQC (TGO.44) | 10 of 10 ✔
[-        ] NFC…ORTREAD_FASTP:FASTP_SINGLE -
[8d/4e1a3c] NFC…ASTP:FASTP_PAIRED (TGO.44) | 10 of 10 ✔
[92/ec2295] NFC…:FASTQC_PROCESSED (TGO.44) | 10 of 10 ✔
[54/06d8f4] NFC…ERING:BBMAP_BBDUK (TGO.44) | 10 of 10 ✔
[ea/0c0b9a] NFC…VAL:BOWTIE2_ALIGN (TUR.46) | 6 of 10
[3b/10595d] NFC…AL:SAMTOOLS_INDEX (TUR.46) | 5 of 6
[f9/ac39bd] NFC…L:SAMTOOLS_STATS (SWE.41a) | 5 of 5
[0a/a89fc4] NFC…IAMOND_BLASTX (db6|TUR.46) | 0 of 6
[-        ] NFC…:KRAKENTOOLS_KREPORT2KRONA -
[-        ] NFC…ON_KRONA:KAIJU_KAIJU2KRONA -
[-        ] NFC…ZATION_KRONA:KRONA_CLEANUP -
[-        ] NFC…N_KRONA:KRONA_KTIMPORTTEXT -
[-        ] NFC…KRONA:MEGAN_RMA2INFO_KRONA -
[-        ] NFC…VISUALIZATION_KRONA:GUNZIP -
[-        ] NFC…ONA:KRONA_KTIMPORTTAXONOMY -
[-        ] NFC…ON_PROFILES:TAXPASTA_MERGE -
[-        ] NFC…FILES:TAXPASTA_STANDARDISE -
[-        ] NFC…CKEN_COMBINEBRACKENOUTPUTS -
Plus 7 more processes waiting for tasks…
WARN: [nf-core/taxprofiler] DIAMOND does not accept paired-end files as input. Only read 1 will be used for profiling. Running DIAMOND for sample TUR.46 using only read 1.

executor >  slurm (67)
[-        ] NFC…PROFILER:TAXPROFILER:UNTAR -
[91/04a369] NFC…AXPROFILER:FASTQC (TGO.44) | 10 of 10 ✔
[-        ] NFC…ORTREAD_FASTP:FASTP_SINGLE -
[8d/4e1a3c] NFC…ASTP:FASTP_PAIRED (TGO.44) | 10 of 10 ✔
[92/ec2295] NFC…:FASTQC_PROCESSED (TGO.44) | 10 of 10 ✔
[54/06d8f4] NFC…ERING:BBMAP_BBDUK (TGO.44) | 10 of 10 ✔
[ea/0c0b9a] NFC…VAL:BOWTIE2_ALIGN (TUR.46) | 6 of 10
[3b/10595d] NFC…AL:SAMTOOLS_INDEX (TUR.46) | 5 of 6
[f9/ac39bd] NFC…L:SAMTOOLS_STATS (SWE.41a) | 5 of 5
[0a/a89fc4] NFC…IAMOND_BLASTX (db6|TUR.46) | 0 of 6
[-        ] NFC…:KRAKENTOOLS_KREPORT2KRONA -
[-        ] NFC…ON_KRONA:KAIJU_KAIJU2KRONA -
[-        ] NFC…ZATION_KRONA:KRONA_CLEANUP -
[-        ] NFC…N_KRONA:KRONA_KTIMPORTTEXT -
[-        ] NFC…KRONA:MEGAN_RMA2INFO_KRONA -
[-        ] NFC…VISUALIZATION_KRONA:GUNZIP -
[-        ] NFC…ONA:KRONA_KTIMPORTTAXONOMY -
[-        ] NFC…ON_PROFILES:TAXPASTA_MERGE -
[-        ] NFC…FILES:TAXPASTA_STANDARDISE -
[-        ] NFC…CKEN_COMBINEBRACKENOUTPUTS -
Plus 7 more processes waiting for tasks…
WARN: [nf-core/taxprofiler] DIAMOND does not accept paired-end files as input. Only read 1 will be used for profiling. Running DIAMOND for sample TUR.46 using only read 1.

executor >  slurm (68)
[-        ] NFC…PROFILER:TAXPROFILER:UNTAR -
[91/04a369] NFC…AXPROFILER:FASTQC (TGO.44) | 10 of 10 ✔
[-        ] NFC…ORTREAD_FASTP:FASTP_SINGLE -
[8d/4e1a3c] NFC…ASTP:FASTP_PAIRED (TGO.44) | 10 of 10 ✔
[92/ec2295] NFC…:FASTQC_PROCESSED (TGO.44) | 10 of 10 ✔
[54/06d8f4] NFC…ERING:BBMAP_BBDUK (TGO.44) | 10 of 10 ✔
[ea/0c0b9a] NFC…VAL:BOWTIE2_ALIGN (TUR.46) | 6 of 10
[3b/10595d] NFC…AL:SAMTOOLS_INDEX (TUR.46) | 6 of 6
[bc/c4125a] NFC…AL:SAMTOOLS_STATS (TUR.46) | 5 of 6
[0a/a89fc4] NFC…IAMOND_BLASTX (db6|TUR.46) | 0 of 6
[-        ] NFC…:KRAKENTOOLS_KREPORT2KRONA -
[-        ] NFC…ON_KRONA:KAIJU_KAIJU2KRONA -
[-        ] NFC…ZATION_KRONA:KRONA_CLEANUP -
[-        ] NFC…N_KRONA:KRONA_KTIMPORTTEXT -
[-        ] NFC…KRONA:MEGAN_RMA2INFO_KRONA -
[-        ] NFC…VISUALIZATION_KRONA:GUNZIP -
[-        ] NFC…ONA:KRONA_KTIMPORTTAXONOMY -
[-        ] NFC…ON_PROFILES:TAXPASTA_MERGE -
[-        ] NFC…FILES:TAXPASTA_STANDARDISE -
[-        ] NFC…CKEN_COMBINEBRACKENOUTPUTS -
Plus 7 more processes waiting for tasks…


executor >  slurm (68)
[-        ] NFC…PROFILER:TAXPROFILER:UNTAR -
[91/04a369] NFC…AXPROFILER:FASTQC (TGO.44) | 10 of 10 ✔
[-        ] NFC…ORTREAD_FASTP:FASTP_SINGLE -
[8d/4e1a3c] NFC…ASTP:FASTP_PAIRED (TGO.44) | 10 of 10 ✔
[92/ec2295] NFC…:FASTQC_PROCESSED (TGO.44) | 10 of 10 ✔
[54/06d8f4] NFC…ERING:BBMAP_BBDUK (TGO.44) | 10 of 10 ✔
[ea/0c0b9a] NFC…VAL:BOWTIE2_ALIGN (TUR.46) | 6 of 10
[3b/10595d] NFC…AL:SAMTOOLS_INDEX (TUR.46) | 6 of 6
[bc/c4125a] NFC…AL:SAMTOOLS_STATS (TUR.46) | 5 of 6
[0a/a89fc4] NFC…IAMOND_BLASTX (db6|TUR.46) | 0 of 6
[-        ] NFC…:KRAKENTOOLS_KREPORT2KRONA -
[-        ] NFC…ON_KRONA:KAIJU_KAIJU2KRONA -
[-        ] NFC…ZATION_KRONA:KRONA_CLEANUP -
[-        ] NFC…N_KRONA:KRONA_KTIMPORTTEXT -
[-        ] NFC…KRONA:MEGAN_RMA2INFO_KRONA -
[-        ] NFC…VISUALIZATION_KRONA:GUNZIP -
[-        ] NFC…ONA:KRONA_KTIMPORTTAXONOMY -
[-        ] NFC…ON_PROFILES:TAXPASTA_MERGE -
[-        ] NFC…FILES:TAXPASTA_STANDARDISE -
[-        ] NFC…CKEN_COMBINEBRACKENOUTPUTS -
Plus 7 more processes waiting for tasks…


executor >  slurm (69)
[-        ] NFC…PROFILER:TAXPROFILER:UNTAR -
[91/04a369] NFC…AXPROFILER:FASTQC (TGO.44) | 10 of 10 ✔
[-        ] NFC…ORTREAD_FASTP:FASTP_SINGLE -
[8d/4e1a3c] NFC…ASTP:FASTP_PAIRED (TGO.44) | 10 of 10 ✔
[92/ec2295] NFC…:FASTQC_PROCESSED (TGO.44) | 10 of 10 ✔
[54/06d8f4] NFC…ERING:BBMAP_BBDUK (TGO.44) | 10 of 10 ✔
[f5/b96f50] NFC…VAL:BOWTIE2_ALIGN (SVN.38) | 7 of 10
[3b/10595d] NFC…AL:SAMTOOLS_INDEX (TUR.46) | 6 of 7
[bc/c4125a] NFC…AL:SAMTOOLS_STATS (TUR.46) | 5 of 6
[1e/c84940] NFC…IAMOND_BLASTX (db6|SVN.38) | 0 of 7
[-        ] NFC…:KRAKENTOOLS_KREPORT2KRONA -
[-        ] NFC…ON_KRONA:KAIJU_KAIJU2KRONA -
[-        ] NFC…ZATION_KRONA:KRONA_CLEANUP -
[-        ] NFC…N_KRONA:KRONA_KTIMPORTTEXT -
[-        ] NFC…KRONA:MEGAN_RMA2INFO_KRONA -
[-        ] NFC…VISUALIZATION_KRONA:GUNZIP -
[-        ] NFC…ONA:KRONA_KTIMPORTTAXONOMY -
[-        ] NFC…ON_PROFILES:TAXPASTA_MERGE -
[-        ] NFC…FILES:TAXPASTA_STANDARDISE -
[-        ] NFC…CKEN_COMBINEBRACKENOUTPUTS -
Plus 7 more processes waiting for tasks…
WARN: [nf-core/taxprofiler] DIAMOND does not accept paired-end files as input. Only read 1 will be used for profiling. Running DIAMOND for sample SVN.38 using only read 1.

executor >  slurm (70)
[-        ] NFC…PROFILER:TAXPROFILER:UNTAR -
[91/04a369] NFC…AXPROFILER:FASTQC (TGO.44) | 10 of 10 ✔
[-        ] NFC…ORTREAD_FASTP:FASTP_SINGLE -
[8d/4e1a3c] NFC…ASTP:FASTP_PAIRED (TGO.44) | 10 of 10 ✔
[92/ec2295] NFC…:FASTQC_PROCESSED (TGO.44) | 10 of 10 ✔
[54/06d8f4] NFC…ERING:BBMAP_BBDUK (TGO.44) | 10 of 10 ✔
[f5/b96f50] NFC…VAL:BOWTIE2_ALIGN (SVN.38) | 7 of 10
[a5/518c08] NFC…AL:SAMTOOLS_INDEX (SVN.38) | 6 of 7
[bc/c4125a] NFC…AL:SAMTOOLS_STATS (TUR.46) | 5 of 6
[1e/c84940] NFC…IAMOND_BLASTX (db6|SVN.38) | 0 of 7
[-        ] NFC…:KRAKENTOOLS_KREPORT2KRONA -
[-        ] NFC…ON_KRONA:KAIJU_KAIJU2KRONA -
[-        ] NFC…ZATION_KRONA:KRONA_CLEANUP -
[-        ] NFC…N_KRONA:KRONA_KTIMPORTTEXT -
[-        ] NFC…KRONA:MEGAN_RMA2INFO_KRONA -
[-        ] NFC…VISUALIZATION_KRONA:GUNZIP -
[-        ] NFC…ONA:KRONA_KTIMPORTTAXONOMY -
[-        ] NFC…ON_PROFILES:TAXPASTA_MERGE -
[-        ] NFC…FILES:TAXPASTA_STANDARDISE -
[-        ] NFC…CKEN_COMBINEBRACKENOUTPUTS -
Plus 7 more processes waiting for tasks…
WARN: [nf-core/taxprofiler] DIAMOND does not accept paired-end files as input. Only read 1 will be used for profiling. Running DIAMOND for sample SVN.38 using only read 1.

executor >  slurm (70)
[-        ] NFC…PROFILER:TAXPROFILER:UNTAR -
[91/04a369] NFC…AXPROFILER:FASTQC (TGO.44) | 10 of 10 ✔
[-        ] NFC…ORTREAD_FASTP:FASTP_SINGLE -
[8d/4e1a3c] NFC…ASTP:FASTP_PAIRED (TGO.44) | 10 of 10 ✔
[92/ec2295] NFC…:FASTQC_PROCESSED (TGO.44) | 10 of 10 ✔
[54/06d8f4] NFC…ERING:BBMAP_BBDUK (TGO.44) | 10 of 10 ✔
[f5/b96f50] NFC…VAL:BOWTIE2_ALIGN (SVN.38) | 7 of 10
[a5/518c08] NFC…AL:SAMTOOLS_INDEX (SVN.38) | 6 of 7
[bc/c4125a] NFC…AL:SAMTOOLS_STATS (TUR.46) | 5 of 6
[1e/c84940] NFC…IAMOND_BLASTX (db6|SVN.38) | 0 of 7
[-        ] NFC…:KRAKENTOOLS_KREPORT2KRONA -
[-        ] NFC…ON_KRONA:KAIJU_KAIJU2KRONA -
[-        ] NFC…ZATION_KRONA:KRONA_CLEANUP -
[-        ] NFC…N_KRONA:KRONA_KTIMPORTTEXT -
[-        ] NFC…KRONA:MEGAN_RMA2INFO_KRONA -
[-        ] NFC…VISUALIZATION_KRONA:GUNZIP -
[-        ] NFC…ONA:KRONA_KTIMPORTTAXONOMY -
[-        ] NFC…ON_PROFILES:TAXPASTA_MERGE -
[-        ] NFC…FILES:TAXPASTA_STANDARDISE -
[-        ] NFC…CKEN_COMBINEBRACKENOUTPUTS -
Plus 7 more processes waiting for tasks…
WARN: [nf-core/taxprofiler] DIAMOND does not accept paired-end files as input. Only read 1 will be used for profiling. Running DIAMOND for sample SVN.38 using only read 1.

executor >  slurm (70)
[-        ] NFC…PROFILER:TAXPROFILER:UNTAR -
[91/04a369] NFC…AXPROFILER:FASTQC (TGO.44) | 10 of 10 ✔
[-        ] NFC…ORTREAD_FASTP:FASTP_SINGLE -
[8d/4e1a3c] NFC…ASTP:FASTP_PAIRED (TGO.44) | 10 of 10 ✔
[92/ec2295] NFC…:FASTQC_PROCESSED (TGO.44) | 10 of 10 ✔
[54/06d8f4] NFC…ERING:BBMAP_BBDUK (TGO.44) | 10 of 10 ✔
[f5/b96f50] NFC…VAL:BOWTIE2_ALIGN (SVN.38) | 7 of 10
[a5/518c08] NFC…AL:SAMTOOLS_INDEX (SVN.38) | 6 of 7
[bc/c4125a] NFC…AL:SAMTOOLS_STATS (TUR.46) | 6 of 6
[1e/c84940] NFC…IAMOND_BLASTX (db6|SVN.38) | 0 of 7
[-        ] NFC…:KRAKENTOOLS_KREPORT2KRONA -
[-        ] NFC…ON_KRONA:KAIJU_KAIJU2KRONA -
[-        ] NFC…ZATION_KRONA:KRONA_CLEANUP -
[-        ] NFC…N_KRONA:KRONA_KTIMPORTTEXT -
[-        ] NFC…KRONA:MEGAN_RMA2INFO_KRONA -
[-        ] NFC…VISUALIZATION_KRONA:GUNZIP -
[-        ] NFC…ONA:KRONA_KTIMPORTTAXONOMY -
[-        ] NFC…ON_PROFILES:TAXPASTA_MERGE -
[-        ] NFC…FILES:TAXPASTA_STANDARDISE -
[-        ] NFC…CKEN_COMBINEBRACKENOUTPUTS -
Plus 7 more processes waiting for tasks…


executor >  slurm (70)
[-        ] NFC…PROFILER:TAXPROFILER:UNTAR -
[91/04a369] NFC…AXPROFILER:FASTQC (TGO.44) | 10 of 10 ✔
[-        ] NFC…ORTREAD_FASTP:FASTP_SINGLE -
[8d/4e1a3c] NFC…ASTP:FASTP_PAIRED (TGO.44) | 10 of 10 ✔
[92/ec2295] NFC…:FASTQC_PROCESSED (TGO.44) | 10 of 10 ✔
[54/06d8f4] NFC…ERING:BBMAP_BBDUK (TGO.44) | 10 of 10 ✔
[f5/b96f50] NFC…VAL:BOWTIE2_ALIGN (SVN.38) | 7 of 10
[a5/518c08] NFC…AL:SAMTOOLS_INDEX (SVN.38) | 7 of 7
[bc/c4125a] NFC…AL:SAMTOOLS_STATS (TUR.46) | 6 of 7
[1e/c84940] NFC…IAMOND_BLASTX (db6|SVN.38) | 0 of 7
[-        ] NFC…:KRAKENTOOLS_KREPORT2KRONA -
[-        ] NFC…ON_KRONA:KAIJU_KAIJU2KRONA -
[-        ] NFC…ZATION_KRONA:KRONA_CLEANUP -
[-        ] NFC…N_KRONA:KRONA_KTIMPORTTEXT -
[-        ] NFC…KRONA:MEGAN_RMA2INFO_KRONA -
[-        ] NFC…VISUALIZATION_KRONA:GUNZIP -
[-        ] NFC…ONA:KRONA_KTIMPORTTAXONOMY -
[-        ] NFC…ON_PROFILES:TAXPASTA_MERGE -
[-        ] NFC…FILES:TAXPASTA_STANDARDISE -
[-        ] NFC…CKEN_COMBINEBRACKENOUTPUTS -
Plus 7 more processes waiting for tasks…


executor >  slurm (71)
[-        ] NFC…PROFILER:TAXPROFILER:UNTAR -
[91/04a369] NFC…AXPROFILER:FASTQC (TGO.44) | 10 of 10 ✔
[-        ] NFC…ORTREAD_FASTP:FASTP_SINGLE -
[8d/4e1a3c] NFC…ASTP:FASTP_PAIRED (TGO.44) | 10 of 10 ✔
[92/ec2295] NFC…:FASTQC_PROCESSED (TGO.44) | 10 of 10 ✔
[54/06d8f4] NFC…ERING:BBMAP_BBDUK (TGO.44) | 10 of 10 ✔
[f5/b96f50] NFC…VAL:BOWTIE2_ALIGN (SVN.38) | 7 of 10
[a5/518c08] NFC…AL:SAMTOOLS_INDEX (SVN.38) | 7 of 7
[91/840edc] NFC…AL:SAMTOOLS_STATS (SVN.38) | 6 of 7
[1e/c84940] NFC…IAMOND_BLASTX (db6|SVN.38) | 0 of 7
[-        ] NFC…:KRAKENTOOLS_KREPORT2KRONA -
[-        ] NFC…ON_KRONA:KAIJU_KAIJU2KRONA -
[-        ] NFC…ZATION_KRONA:KRONA_CLEANUP -
[-        ] NFC…N_KRONA:KRONA_KTIMPORTTEXT -
[-        ] NFC…KRONA:MEGAN_RMA2INFO_KRONA -
[-        ] NFC…VISUALIZATION_KRONA:GUNZIP -
[-        ] NFC…ONA:KRONA_KTIMPORTTAXONOMY -
[-        ] NFC…ON_PROFILES:TAXPASTA_MERGE -
[-        ] NFC…FILES:TAXPASTA_STANDARDISE -
[-        ] NFC…CKEN_COMBINEBRACKENOUTPUTS -
Plus 7 more processes waiting for tasks…

executor >  slurm (71)
[-        ] NFC…PROFILER:TAXPROFILER:UNTAR -
[91/04a369] NFC…AXPROFILER:FASTQC (TGO.44) | 10 of 10 ✔
[-        ] NFC…ORTREAD_FASTP:FASTP_SINGLE -
[8d/4e1a3c] NFC…ASTP:FASTP_PAIRED (TGO.44) | 10 of 10 ✔
[92/ec2295] NFC…:FASTQC_PROCESSED (TGO.44) | 10 of 10 ✔
[54/06d8f4] NFC…ERING:BBMAP_BBDUK (TGO.44) | 10 of 10 ✔
[f5/b96f50] NFC…VAL:BOWTIE2_ALIGN (SVN.38) | 7 of 10
[a5/518c08] NFC…AL:SAMTOOLS_INDEX (SVN.38) | 7 of 7
[91/840edc] NFC…AL:SAMTOOLS_STATS (SVN.38) | 6 of 7
[1e/c84940] NFC…IAMOND_BLASTX (db6|SVN.38) | 0 of 7
[-        ] NFC…:KRAKENTOOLS_KREPORT2KRONA -
[-        ] NFC…ON_KRONA:KAIJU_KAIJU2KRONA -
[-        ] NFC…ZATION_KRONA:KRONA_CLEANUP -
[-        ] NFC…N_KRONA:KRONA_KTIMPORTTEXT -
[-        ] NFC…KRONA:MEGAN_RMA2INFO_KRONA -
[-        ] NFC…VISUALIZATION_KRONA:GUNZIP -
[-        ] NFC…ONA:KRONA_KTIMPORTTAXONOMY -
[-        ] NFC…ON_PROFILES:TAXPASTA_MERGE -
[-        ] NFC…FILES:TAXPASTA_STANDARDISE -
[-        ] NFC…CKEN_COMBINEBRACKENOUTPUTS -
Plus 7 more processes waiting for tasks…

executor >  slurm (71)
[-        ] NFC…PROFILER:TAXPROFILER:UNTAR -
[91/04a369] NFC…AXPROFILER:FASTQC (TGO.44) | 10 of 10 ✔
[-        ] NFC…ORTREAD_FASTP:FASTP_SINGLE -
[8d/4e1a3c] NFC…ASTP:FASTP_PAIRED (TGO.44) | 10 of 10 ✔
[92/ec2295] NFC…:FASTQC_PROCESSED (TGO.44) | 10 of 10 ✔
[54/06d8f4] NFC…ERING:BBMAP_BBDUK (TGO.44) | 10 of 10 ✔
[f5/b96f50] NFC…VAL:BOWTIE2_ALIGN (SVN.38) | 7 of 10
[a5/518c08] NFC…AL:SAMTOOLS_INDEX (SVN.38) | 7 of 7
[91/840edc] NFC…AL:SAMTOOLS_STATS (SVN.38) | 7 of 7
[1e/c84940] NFC…IAMOND_BLASTX (db6|SVN.38) | 0 of 7
[-        ] NFC…:KRAKENTOOLS_KREPORT2KRONA -
[-        ] NFC…ON_KRONA:KAIJU_KAIJU2KRONA -
[-        ] NFC…ZATION_KRONA:KRONA_CLEANUP -
[-        ] NFC…N_KRONA:KRONA_KTIMPORTTEXT -
[-        ] NFC…KRONA:MEGAN_RMA2INFO_KRONA -
[-        ] NFC…VISUALIZATION_KRONA:GUNZIP -
[-        ] NFC…ONA:KRONA_KTIMPORTTAXONOMY -
[-        ] NFC…ON_PROFILES:TAXPASTA_MERGE -
[-        ] NFC…FILES:TAXPASTA_STANDARDISE -
[-        ] NFC…CKEN_COMBINEBRACKENOUTPUTS -
Plus 7 more processes waiting for tasks…

executor >  slurm (73)
[-        ] NFC…PROFILER:TAXPROFILER:UNTAR -
[91/04a369] NFC…AXPROFILER:FASTQC (TGO.44) | 10 of 10 ✔
[-        ] NFC…ORTREAD_FASTP:FASTP_SINGLE -
[8d/4e1a3c] NFC…ASTP:FASTP_PAIRED (TGO.44) | 10 of 10 ✔
[92/ec2295] NFC…:FASTQC_PROCESSED (TGO.44) | 10 of 10 ✔
[54/06d8f4] NFC…ERING:BBMAP_BBDUK (TGO.44) | 10 of 10 ✔
[69/a3b7f0] NFC…VAL:BOWTIE2_ALIGN (SWE.41) | 8 of 10
[d9/5a4e90] NFC…AL:SAMTOOLS_INDEX (SWE.41) | 7 of 8
[91/840edc] NFC…AL:SAMTOOLS_STATS (SVN.38) | 7 of 7
[40/032776] NFC…IAMOND_BLASTX (db6|SWE.41) | 0 of 8
[-        ] NFC…:KRAKENTOOLS_KREPORT2KRONA -
[-        ] NFC…ON_KRONA:KAIJU_KAIJU2KRONA -
[-        ] NFC…ZATION_KRONA:KRONA_CLEANUP -
[-        ] NFC…N_KRONA:KRONA_KTIMPORTTEXT -
[-        ] NFC…KRONA:MEGAN_RMA2INFO_KRONA -
[-        ] NFC…VISUALIZATION_KRONA:GUNZIP -
[-        ] NFC…ONA:KRONA_KTIMPORTTAXONOMY -
[-        ] NFC…ON_PROFILES:TAXPASTA_MERGE -
[-        ] NFC…FILES:TAXPASTA_STANDARDISE -
[-        ] NFC…CKEN_COMBINEBRACKENOUTPUTS -
Plus 7 more processes waiting for tasks…
WARN: [nf-core/taxprofiler] DIAMOND does not accept paired-end files as input. Only read 1 will be used for profiling. Running DIAMOND for sample SWE.41 using only read 1.

executor >  slurm (73)
[-        ] NFC…PROFILER:TAXPROFILER:UNTAR -
[91/04a369] NFC…AXPROFILER:FASTQC (TGO.44) | 10 of 10 ✔
[-        ] NFC…ORTREAD_FASTP:FASTP_SINGLE -
[8d/4e1a3c] NFC…ASTP:FASTP_PAIRED (TGO.44) | 10 of 10 ✔
[92/ec2295] NFC…:FASTQC_PROCESSED (TGO.44) | 10 of 10 ✔
[54/06d8f4] NFC…ERING:BBMAP_BBDUK (TGO.44) | 10 of 10 ✔
[69/a3b7f0] NFC…VAL:BOWTIE2_ALIGN (SWE.41) | 8 of 10
[d9/5a4e90] NFC…AL:SAMTOOLS_INDEX (SWE.41) | 7 of 8
[91/840edc] NFC…AL:SAMTOOLS_STATS (SVN.38) | 7 of 7
[40/032776] NFC…IAMOND_BLASTX (db6|SWE.41) | 0 of 8
[-        ] NFC…:KRAKENTOOLS_KREPORT2KRONA -
[-        ] NFC…ON_KRONA:KAIJU_KAIJU2KRONA -
[-        ] NFC…ZATION_KRONA:KRONA_CLEANUP -
[-        ] NFC…N_KRONA:KRONA_KTIMPORTTEXT -
[-        ] NFC…KRONA:MEGAN_RMA2INFO_KRONA -
[-        ] NFC…VISUALIZATION_KRONA:GUNZIP -
[-        ] NFC…ONA:KRONA_KTIMPORTTAXONOMY -
[-        ] NFC…ON_PROFILES:TAXPASTA_MERGE -
[-        ] NFC…FILES:TAXPASTA_STANDARDISE -
[-        ] NFC…CKEN_COMBINEBRACKENOUTPUTS -
Plus 7 more processes waiting for tasks…
WARN: [nf-core/taxprofiler] DIAMOND does not accept paired-end files as input. Only read 1 will be used for profiling. Running DIAMOND for sample SWE.41 using only read 1.

executor >  slurm (74)
[-        ] NFC…PROFILER:TAXPROFILER:UNTAR -
[91/04a369] NFC…AXPROFILER:FASTQC (TGO.44) | 10 of 10 ✔
[-        ] NFC…ORTREAD_FASTP:FASTP_SINGLE -
[8d/4e1a3c] NFC…ASTP:FASTP_PAIRED (TGO.44) | 10 of 10 ✔
[92/ec2295] NFC…:FASTQC_PROCESSED (TGO.44) | 10 of 10 ✔
[54/06d8f4] NFC…ERING:BBMAP_BBDUK (TGO.44) | 10 of 10 ✔
[69/a3b7f0] NFC…VAL:BOWTIE2_ALIGN (SWE.41) | 8 of 10
[d9/5a4e90] NFC…AL:SAMTOOLS_INDEX (SWE.41) | 8 of 8
[b1/ba214c] NFC…AL:SAMTOOLS_STATS (SWE.41) | 7 of 8
[40/032776] NFC…IAMOND_BLASTX (db6|SWE.41) | 0 of 8
[-        ] NFC…:KRAKENTOOLS_KREPORT2KRONA -
[-        ] NFC…ON_KRONA:KAIJU_KAIJU2KRONA -
[-        ] NFC…ZATION_KRONA:KRONA_CLEANUP -
[-        ] NFC…N_KRONA:KRONA_KTIMPORTTEXT -
[-        ] NFC…KRONA:MEGAN_RMA2INFO_KRONA -
[-        ] NFC…VISUALIZATION_KRONA:GUNZIP -
[-        ] NFC…ONA:KRONA_KTIMPORTTAXONOMY -
[-        ] NFC…ON_PROFILES:TAXPASTA_MERGE -
[-        ] NFC…FILES:TAXPASTA_STANDARDISE -
[-        ] NFC…CKEN_COMBINEBRACKENOUTPUTS -
Plus 7 more processes waiting for tasks…


executor >  slurm (74)
[-        ] NFC…PROFILER:TAXPROFILER:UNTAR -
[91/04a369] NFC…AXPROFILER:FASTQC (TGO.44) | 10 of 10 ✔
[-        ] NFC…ORTREAD_FASTP:FASTP_SINGLE -
[8d/4e1a3c] NFC…ASTP:FASTP_PAIRED (TGO.44) | 10 of 10 ✔
[92/ec2295] NFC…:FASTQC_PROCESSED (TGO.44) | 10 of 10 ✔
[54/06d8f4] NFC…ERING:BBMAP_BBDUK (TGO.44) | 10 of 10 ✔
[69/a3b7f0] NFC…VAL:BOWTIE2_ALIGN (SWE.41) | 8 of 10
[d9/5a4e90] NFC…AL:SAMTOOLS_INDEX (SWE.41) | 8 of 8
[b1/ba214c] NFC…AL:SAMTOOLS_STATS (SWE.41) | 7 of 8
[40/032776] NFC…IAMOND_BLASTX (db6|SWE.41) | 0 of 8
[-        ] NFC…:KRAKENTOOLS_KREPORT2KRONA -
[-        ] NFC…ON_KRONA:KAIJU_KAIJU2KRONA -
[-        ] NFC…ZATION_KRONA:KRONA_CLEANUP -
[-        ] NFC…N_KRONA:KRONA_KTIMPORTTEXT -
[-        ] NFC…KRONA:MEGAN_RMA2INFO_KRONA -
[-        ] NFC…VISUALIZATION_KRONA:GUNZIP -
[-        ] NFC…ONA:KRONA_KTIMPORTTAXONOMY -
[-        ] NFC…ON_PROFILES:TAXPASTA_MERGE -
[-        ] NFC…FILES:TAXPASTA_STANDARDISE -
[-        ] NFC…CKEN_COMBINEBRACKENOUTPUTS -
Plus 7 more processes waiting for tasks…


executor >  slurm (74)
[-        ] NFC…PROFILER:TAXPROFILER:UNTAR -
[91/04a369] NFC…AXPROFILER:FASTQC (TGO.44) | 10 of 10 ✔
[-        ] NFC…ORTREAD_FASTP:FASTP_SINGLE -
[8d/4e1a3c] NFC…ASTP:FASTP_PAIRED (TGO.44) | 10 of 10 ✔
[92/ec2295] NFC…:FASTQC_PROCESSED (TGO.44) | 10 of 10 ✔
[54/06d8f4] NFC…ERING:BBMAP_BBDUK (TGO.44) | 10 of 10 ✔
[69/a3b7f0] NFC…VAL:BOWTIE2_ALIGN (SWE.41) | 8 of 10
[d9/5a4e90] NFC…AL:SAMTOOLS_INDEX (SWE.41) | 8 of 8
[b1/ba214c] NFC…AL:SAMTOOLS_STATS (SWE.41) | 8 of 8
[40/032776] NFC…IAMOND_BLASTX (db6|SWE.41) | 0 of 8
[-        ] NFC…:KRAKENTOOLS_KREPORT2KRONA -
[-        ] NFC…ON_KRONA:KAIJU_KAIJU2KRONA -
[-        ] NFC…ZATION_KRONA:KRONA_CLEANUP -
[-        ] NFC…N_KRONA:KRONA_KTIMPORTTEXT -
[-        ] NFC…KRONA:MEGAN_RMA2INFO_KRONA -
[-        ] NFC…VISUALIZATION_KRONA:GUNZIP -
[-        ] NFC…ONA:KRONA_KTIMPORTTAXONOMY -
[-        ] NFC…ON_PROFILES:TAXPASTA_MERGE -
[-        ] NFC…FILES:TAXPASTA_STANDARDISE -
[-        ] NFC…CKEN_COMBINEBRACKENOUTPUTS -
Plus 7 more processes waiting for tasks…

executor >  slurm (76)
[-        ] NFC…PROFILER:TAXPROFILER:UNTAR -
[91/04a369] NFC…AXPROFILER:FASTQC (TGO.44) | 10 of 10 ✔
[-        ] NFC…ORTREAD_FASTP:FASTP_SINGLE -
[8d/4e1a3c] NFC…ASTP:FASTP_PAIRED (TGO.44) | 10 of 10 ✔
[92/ec2295] NFC…:FASTQC_PROCESSED (TGO.44) | 10 of 10 ✔
[54/06d8f4] NFC…ERING:BBMAP_BBDUK (TGO.44) | 10 of 10 ✔
[04/612101] NFC…VAL:BOWTIE2_ALIGN (TZA.15) | 9 of 10
[f9/18a794] NFC…AL:SAMTOOLS_INDEX (TZA.15) | 8 of 9
[b1/ba214c] NFC…AL:SAMTOOLS_STATS (SWE.41) | 8 of 8
[b9/988344] NFC…IAMOND_BLASTX (db6|TZA.15) | 0 of 9
[-        ] NFC…:KRAKENTOOLS_KREPORT2KRONA -
[-        ] NFC…ON_KRONA:KAIJU_KAIJU2KRONA -
[-        ] NFC…ZATION_KRONA:KRONA_CLEANUP -
[-        ] NFC…N_KRONA:KRONA_KTIMPORTTEXT -
[-        ] NFC…KRONA:MEGAN_RMA2INFO_KRONA -
[-        ] NFC…VISUALIZATION_KRONA:GUNZIP -
[-        ] NFC…ONA:KRONA_KTIMPORTTAXONOMY -
[-        ] NFC…ON_PROFILES:TAXPASTA_MERGE -
[-        ] NFC…FILES:TAXPASTA_STANDARDISE -
[-        ] NFC…CKEN_COMBINEBRACKENOUTPUTS -
Plus 7 more processes waiting for tasks…
WARN: [nf-core/taxprofiler] DIAMOND does not accept paired-end files as input. Only read 1 will be used for profiling. Running DIAMOND for sample TZA.15 using only read 1.

executor >  slurm (76)
[-        ] NFC…PROFILER:TAXPROFILER:UNTAR -
[91/04a369] NFC…AXPROFILER:FASTQC (TGO.44) | 10 of 10 ✔
[-        ] NFC…ORTREAD_FASTP:FASTP_SINGLE -
[8d/4e1a3c] NFC…ASTP:FASTP_PAIRED (TGO.44) | 10 of 10 ✔
[92/ec2295] NFC…:FASTQC_PROCESSED (TGO.44) | 10 of 10 ✔
[54/06d8f4] NFC…ERING:BBMAP_BBDUK (TGO.44) | 10 of 10 ✔
[04/612101] NFC…VAL:BOWTIE2_ALIGN (TZA.15) | 9 of 10
[f9/18a794] NFC…AL:SAMTOOLS_INDEX (TZA.15) | 8 of 9
[b1/ba214c] NFC…AL:SAMTOOLS_STATS (SWE.41) | 8 of 8
[b9/988344] NFC…IAMOND_BLASTX (db6|TZA.15) | 0 of 9
[-        ] NFC…:KRAKENTOOLS_KREPORT2KRONA -
[-        ] NFC…ON_KRONA:KAIJU_KAIJU2KRONA -
[-        ] NFC…ZATION_KRONA:KRONA_CLEANUP -
[-        ] NFC…N_KRONA:KRONA_KTIMPORTTEXT -
[-        ] NFC…KRONA:MEGAN_RMA2INFO_KRONA -
[-        ] NFC…VISUALIZATION_KRONA:GUNZIP -
[-        ] NFC…ONA:KRONA_KTIMPORTTAXONOMY -
[-        ] NFC…ON_PROFILES:TAXPASTA_MERGE -
[-        ] NFC…FILES:TAXPASTA_STANDARDISE -
[-        ] NFC…CKEN_COMBINEBRACKENOUTPUTS -
Plus 7 more processes waiting for tasks…
WARN: [nf-core/taxprofiler] DIAMOND does not accept paired-end files as input. Only read 1 will be used for profiling. Running DIAMOND for sample TZA.15 using only read 1.

executor >  slurm (77)
[-        ] NFC…PROFILER:TAXPROFILER:UNTAR -
[91/04a369] NFC…AXPROFILER:FASTQC (TGO.44) | 10 of 10 ✔
[-        ] NFC…ORTREAD_FASTP:FASTP_SINGLE -
[8d/4e1a3c] NFC…ASTP:FASTP_PAIRED (TGO.44) | 10 of 10 ✔
[92/ec2295] NFC…:FASTQC_PROCESSED (TGO.44) | 10 of 10 ✔
[54/06d8f4] NFC…ERING:BBMAP_BBDUK (TGO.44) | 10 of 10 ✔
[04/612101] NFC…VAL:BOWTIE2_ALIGN (TZA.15) | 9 of 10
[f9/18a794] NFC…AL:SAMTOOLS_INDEX (TZA.15) | 9 of 9
[af/8deecf] NFC…AL:SAMTOOLS_STATS (TZA.15) | 8 of 9
[b9/988344] NFC…IAMOND_BLASTX (db6|TZA.15) | 0 of 9
[-        ] NFC…:KRAKENTOOLS_KREPORT2KRONA -
[-        ] NFC…ON_KRONA:KAIJU_KAIJU2KRONA -
[-        ] NFC…ZATION_KRONA:KRONA_CLEANUP -
[-        ] NFC…N_KRONA:KRONA_KTIMPORTTEXT -
[-        ] NFC…KRONA:MEGAN_RMA2INFO_KRONA -
[-        ] NFC…VISUALIZATION_KRONA:GUNZIP -
[-        ] NFC…ONA:KRONA_KTIMPORTTAXONOMY -
[-        ] NFC…ON_PROFILES:TAXPASTA_MERGE -
[-        ] NFC…FILES:TAXPASTA_STANDARDISE -
[-        ] NFC…CKEN_COMBINEBRACKENOUTPUTS -
Plus 7 more processes waiting for tasks…


executor >  slurm (77)
[-        ] NFC…PROFILER:TAXPROFILER:UNTAR -
[91/04a369] NFC…AXPROFILER:FASTQC (TGO.44) | 10 of 10 ✔
[-        ] NFC…ORTREAD_FASTP:FASTP_SINGLE -
[8d/4e1a3c] NFC…ASTP:FASTP_PAIRED (TGO.44) | 10 of 10 ✔
[92/ec2295] NFC…:FASTQC_PROCESSED (TGO.44) | 10 of 10 ✔
[54/06d8f4] NFC…ERING:BBMAP_BBDUK (TGO.44) | 10 of 10 ✔
[04/612101] NFC…VAL:BOWTIE2_ALIGN (TZA.15) | 9 of 10
[f9/18a794] NFC…AL:SAMTOOLS_INDEX (TZA.15) | 9 of 9
[af/8deecf] NFC…AL:SAMTOOLS_STATS (TZA.15) | 8 of 9
[b9/988344] NFC…IAMOND_BLASTX (db6|TZA.15) | 0 of 9
[-        ] NFC…:KRAKENTOOLS_KREPORT2KRONA -
[-        ] NFC…ON_KRONA:KAIJU_KAIJU2KRONA -
[-        ] NFC…ZATION_KRONA:KRONA_CLEANUP -
[-        ] NFC…N_KRONA:KRONA_KTIMPORTTEXT -
[-        ] NFC…KRONA:MEGAN_RMA2INFO_KRONA -
[-        ] NFC…VISUALIZATION_KRONA:GUNZIP -
[-        ] NFC…ONA:KRONA_KTIMPORTTAXONOMY -
[-        ] NFC…ON_PROFILES:TAXPASTA_MERGE -
[-        ] NFC…FILES:TAXPASTA_STANDARDISE -
[-        ] NFC…CKEN_COMBINEBRACKENOUTPUTS -
Plus 7 more processes waiting for tasks…


executor >  slurm (77)
[-        ] NFC…PROFILER:TAXPROFILER:UNTAR -
[91/04a369] NFC…AXPROFILER:FASTQC (TGO.44) | 10 of 10 ✔
[-        ] NFC…ORTREAD_FASTP:FASTP_SINGLE -
[8d/4e1a3c] NFC…ASTP:FASTP_PAIRED (TGO.44) | 10 of 10 ✔
[92/ec2295] NFC…:FASTQC_PROCESSED (TGO.44) | 10 of 10 ✔
[54/06d8f4] NFC…ERING:BBMAP_BBDUK (TGO.44) | 10 of 10 ✔
[04/612101] NFC…VAL:BOWTIE2_ALIGN (TZA.15) | 9 of 10
[f9/18a794] NFC…AL:SAMTOOLS_INDEX (TZA.15) | 9 of 9
[af/8deecf] NFC…AL:SAMTOOLS_STATS (TZA.15) | 9 of 9
[b9/988344] NFC…IAMOND_BLASTX (db6|TZA.15) | 0 of 9
[-        ] NFC…:KRAKENTOOLS_KREPORT2KRONA -
[-        ] NFC…ON_KRONA:KAIJU_KAIJU2KRONA -
[-        ] NFC…ZATION_KRONA:KRONA_CLEANUP -
[-        ] NFC…N_KRONA:KRONA_KTIMPORTTEXT -
[-        ] NFC…KRONA:MEGAN_RMA2INFO_KRONA -
[-        ] NFC…VISUALIZATION_KRONA:GUNZIP -
[-        ] NFC…ONA:KRONA_KTIMPORTTAXONOMY -
[-        ] NFC…ON_PROFILES:TAXPASTA_MERGE -
[-        ] NFC…FILES:TAXPASTA_STANDARDISE -
[-        ] NFC…CKEN_COMBINEBRACKENOUTPUTS -
Plus 7 more processes waiting for tasks…

executor >  slurm (79)
[-        ] NFC…PROFILER:TAXPROFILER:UNTAR -
[91/04a369] NFC…AXPROFILER:FASTQC (TGO.44) | 10 of 10 ✔
[-        ] NFC…ORTREAD_FASTP:FASTP_SINGLE -
[8d/4e1a3c] NFC…ASTP:FASTP_PAIRED (TGO.44) | 10 of 10 ✔
[92/ec2295] NFC…:FASTQC_PROCESSED (TGO.44) | 10 of 10 ✔
[54/06d8f4] NFC…ERING:BBMAP_BBDUK (TGO.44) | 10 of 10 ✔
[67/d12777] NFC…VAL:BOWTIE2_ALIGN (TGO.44) | 10 of 10 ✔
[8f/29bdd6] NFC…AL:SAMTOOLS_INDEX (TGO.44) | 9 of 10
[af/8deecf] NFC…AL:SAMTOOLS_STATS (TZA.15) | 9 of 9
[f6/72ffa2] NFC…IAMOND_BLASTX (db6|TGO.44) | 0 of 10
[-        ] NFC…:KRAKENTOOLS_KREPORT2KRONA -
[-        ] NFC…ON_KRONA:KAIJU_KAIJU2KRONA -
[-        ] NFC…ZATION_KRONA:KRONA_CLEANUP -
[-        ] NFC…N_KRONA:KRONA_KTIMPORTTEXT -
[-        ] NFC…KRONA:MEGAN_RMA2INFO_KRONA -
[-        ] NFC…VISUALIZATION_KRONA:GUNZIP -
[-        ] NFC…ONA:KRONA_KTIMPORTTAXONOMY -
[-        ] NFC…ON_PROFILES:TAXPASTA_MERGE -
[-        ] NFC…FILES:TAXPASTA_STANDARDISE -
[-        ] NFC…CKEN_COMBINEBRACKENOUTPUTS -
Plus 7 more processes waiting for tasks…
WARN: [nf-core/taxprofiler] DIAMOND does not accept paired-end files as input. Only read 1 will be used for profiling. Running DIAMOND for sample TGO.44 using only read 1.

executor >  slurm (79)
[-        ] NFC…PROFILER:TAXPROFILER:UNTAR -
[91/04a369] NFC…AXPROFILER:FASTQC (TGO.44) | 10 of 10 ✔
[-        ] NFC…ORTREAD_FASTP:FASTP_SINGLE -
[8d/4e1a3c] NFC…ASTP:FASTP_PAIRED (TGO.44) | 10 of 10 ✔
[92/ec2295] NFC…:FASTQC_PROCESSED (TGO.44) | 10 of 10 ✔
[54/06d8f4] NFC…ERING:BBMAP_BBDUK (TGO.44) | 10 of 10 ✔
[67/d12777] NFC…VAL:BOWTIE2_ALIGN (TGO.44) | 10 of 10 ✔
[8f/29bdd6] NFC…AL:SAMTOOLS_INDEX (TGO.44) | 9 of 10
[af/8deecf] NFC…AL:SAMTOOLS_STATS (TZA.15) | 9 of 9
[f6/72ffa2] NFC…IAMOND_BLASTX (db6|TGO.44) | 0 of 10
[-        ] NFC…:KRAKENTOOLS_KREPORT2KRONA -
[-        ] NFC…ON_KRONA:KAIJU_KAIJU2KRONA -
[-        ] NFC…ZATION_KRONA:KRONA_CLEANUP -
[-        ] NFC…N_KRONA:KRONA_KTIMPORTTEXT -
[-        ] NFC…KRONA:MEGAN_RMA2INFO_KRONA -
[-        ] NFC…VISUALIZATION_KRONA:GUNZIP -
[-        ] NFC…ONA:KRONA_KTIMPORTTAXONOMY -
[-        ] NFC…ON_PROFILES:TAXPASTA_MERGE -
[-        ] NFC…FILES:TAXPASTA_STANDARDISE -
[-        ] NFC…CKEN_COMBINEBRACKENOUTPUTS -
Plus 7 more processes waiting for tasks…
WARN: [nf-core/taxprofiler] DIAMOND does not accept paired-end files as input. Only read 1 will be used for profiling. Running DIAMOND for sample TGO.44 using only read 1.

executor >  slurm (79)
[-        ] NFC…PROFILER:TAXPROFILER:UNTAR -
[91/04a369] NFC…AXPROFILER:FASTQC (TGO.44) | 10 of 10 ✔
[-        ] NFC…ORTREAD_FASTP:FASTP_SINGLE -
[8d/4e1a3c] NFC…ASTP:FASTP_PAIRED (TGO.44) | 10 of 10 ✔
[92/ec2295] NFC…:FASTQC_PROCESSED (TGO.44) | 10 of 10 ✔
[54/06d8f4] NFC…ERING:BBMAP_BBDUK (TGO.44) | 10 of 10 ✔
[67/d12777] NFC…VAL:BOWTIE2_ALIGN (TGO.44) | 10 of 10 ✔
[8f/29bdd6] NFC…AL:SAMTOOLS_INDEX (TGO.44) | 10 of 10 ✔
[af/8deecf] NFC…AL:SAMTOOLS_STATS (TZA.15) | 9 of 10
[f6/72ffa2] NFC…IAMOND_BLASTX (db6|TGO.44) | 0 of 10
[-        ] NFC…:KRAKENTOOLS_KREPORT2KRONA -
[-        ] NFC…ON_KRONA:KAIJU_KAIJU2KRONA -
[-        ] NFC…ZATION_KRONA:KRONA_CLEANUP -
[-        ] NFC…N_KRONA:KRONA_KTIMPORTTEXT -
[-        ] NFC…KRONA:MEGAN_RMA2INFO_KRONA -
[-        ] NFC…VISUALIZATION_KRONA:GUNZIP -
[-        ] NFC…ONA:KRONA_KTIMPORTTAXONOMY -
[-        ] NFC…ON_PROFILES:TAXPASTA_MERGE -
[-        ] NFC…FILES:TAXPASTA_STANDARDISE -
[-        ] NFC…CKEN_COMBINEBRACKENOUTPUTS -
Plus 7 more processes waiting for tasks…


executor >  slurm (80)
[-        ] NFC…PROFILER:TAXPROFILER:UNTAR -
[91/04a369] NFC…AXPROFILER:FASTQC (TGO.44) | 10 of 10 ✔
[-        ] NFC…ORTREAD_FASTP:FASTP_SINGLE -
[8d/4e1a3c] NFC…ASTP:FASTP_PAIRED (TGO.44) | 10 of 10 ✔
[92/ec2295] NFC…:FASTQC_PROCESSED (TGO.44) | 10 of 10 ✔
[54/06d8f4] NFC…ERING:BBMAP_BBDUK (TGO.44) | 10 of 10 ✔
[67/d12777] NFC…VAL:BOWTIE2_ALIGN (TGO.44) | 10 of 10 ✔
[8f/29bdd6] NFC…AL:SAMTOOLS_INDEX (TGO.44) | 10 of 10 ✔
[69/8ef523] NFC…AL:SAMTOOLS_STATS (TGO.44) | 9 of 10
[f6/72ffa2] NFC…IAMOND_BLASTX (db6|TGO.44) | 0 of 10
[-        ] NFC…:KRAKENTOOLS_KREPORT2KRONA -
[-        ] NFC…ON_KRONA:KAIJU_KAIJU2KRONA -
[-        ] NFC…ZATION_KRONA:KRONA_CLEANUP -
[-        ] NFC…N_KRONA:KRONA_KTIMPORTTEXT -
[-        ] NFC…KRONA:MEGAN_RMA2INFO_KRONA -
[-        ] NFC…VISUALIZATION_KRONA:GUNZIP -
[-        ] NFC…ONA:KRONA_KTIMPORTTAXONOMY -
[-        ] NFC…ON_PROFILES:TAXPASTA_MERGE -
[-        ] NFC…FILES:TAXPASTA_STANDARDISE -
[-        ] NFC…CKEN_COMBINEBRACKENOUTPUTS -
Plus 7 more processes waiting for tasks…


executor >  slurm (80)
[-        ] NFC…PROFILER:TAXPROFILER:UNTAR -
[91/04a369] NFC…AXPROFILER:FASTQC (TGO.44) | 10 of 10 ✔
[-        ] NFC…ORTREAD_FASTP:FASTP_SINGLE -
[8d/4e1a3c] NFC…ASTP:FASTP_PAIRED (TGO.44) | 10 of 10 ✔
[92/ec2295] NFC…:FASTQC_PROCESSED (TGO.44) | 10 of 10 ✔
[54/06d8f4] NFC…ERING:BBMAP_BBDUK (TGO.44) | 10 of 10 ✔
[67/d12777] NFC…VAL:BOWTIE2_ALIGN (TGO.44) | 10 of 10 ✔
[8f/29bdd6] NFC…AL:SAMTOOLS_INDEX (TGO.44) | 10 of 10 ✔
[69/8ef523] NFC…AL:SAMTOOLS_STATS (TGO.44) | 9 of 10
[f6/72ffa2] NFC…IAMOND_BLASTX (db6|TGO.44) | 0 of 10
[-        ] NFC…:KRAKENTOOLS_KREPORT2KRONA -
[-        ] NFC…ON_KRONA:KAIJU_KAIJU2KRONA -
[-        ] NFC…ZATION_KRONA:KRONA_CLEANUP -
[-        ] NFC…N_KRONA:KRONA_KTIMPORTTEXT -
[-        ] NFC…KRONA:MEGAN_RMA2INFO_KRONA -
[-        ] NFC…VISUALIZATION_KRONA:GUNZIP -
[-        ] NFC…ONA:KRONA_KTIMPORTTAXONOMY -
[-        ] NFC…ON_PROFILES:TAXPASTA_MERGE -
[-        ] NFC…FILES:TAXPASTA_STANDARDISE -
[-        ] NFC…CKEN_COMBINEBRACKENOUTPUTS -
Plus 7 more processes waiting for tasks…

executor >  slurm (80)
[-        ] NFC…PROFILER:TAXPROFILER:UNTAR -
[91/04a369] NFC…AXPROFILER:FASTQC (TGO.44) | 10 of 10 ✔
[-        ] NFC…ORTREAD_FASTP:FASTP_SINGLE -
[8d/4e1a3c] NFC…ASTP:FASTP_PAIRED (TGO.44) | 10 of 10 ✔
[92/ec2295] NFC…:FASTQC_PROCESSED (TGO.44) | 10 of 10 ✔
[54/06d8f4] NFC…ERING:BBMAP_BBDUK (TGO.44) | 10 of 10 ✔
[67/d12777] NFC…VAL:BOWTIE2_ALIGN (TGO.44) | 10 of 10 ✔
[8f/29bdd6] NFC…AL:SAMTOOLS_INDEX (TGO.44) | 10 of 10 ✔
[69/8ef523] NFC…AL:SAMTOOLS_STATS (TGO.44) | 10 of 10 ✔
[f6/72ffa2] NFC…IAMOND_BLASTX (db6|TGO.44) | 0 of 10
[-        ] NFC…:KRAKENTOOLS_KREPORT2KRONA -
[-        ] NFC…ON_KRONA:KAIJU_KAIJU2KRONA -
[-        ] NFC…ZATION_KRONA:KRONA_CLEANUP -
[-        ] NFC…N_KRONA:KRONA_KTIMPORTTEXT -
[-        ] NFC…KRONA:MEGAN_RMA2INFO_KRONA -
[-        ] NFC…VISUALIZATION_KRONA:GUNZIP -
[-        ] NFC…ONA:KRONA_KTIMPORTTAXONOMY -
[-        ] NFC…ON_PROFILES:TAXPASTA_MERGE -
[-        ] NFC…FILES:TAXPASTA_STANDARDISE -
[-        ] NFC…CKEN_COMBINEBRACKENOUTPUTS -
Plus 7 more processes waiting for tasks…

executor >  slurm (80)
[-        ] NFC…PROFILER:TAXPROFILER:UNTAR -
[91/04a369] NFC…AXPROFILER:FASTQC (TGO.44) | 10 of 10 ✔
[-        ] NFC…ORTREAD_FASTP:FASTP_SINGLE -
[8d/4e1a3c] NFC…ASTP:FASTP_PAIRED (TGO.44) | 10 of 10 ✔
[92/ec2295] NFC…:FASTQC_PROCESSED (TGO.44) | 10 of 10 ✔
[54/06d8f4] NFC…ERING:BBMAP_BBDUK (TGO.44) | 10 of 10 ✔
[67/d12777] NFC…VAL:BOWTIE2_ALIGN (TGO.44) | 10 of 10 ✔
[8f/29bdd6] NFC…AL:SAMTOOLS_INDEX (TGO.44) | 10 of 10 ✔
[69/8ef523] NFC…AL:SAMTOOLS_STATS (TGO.44) | 10 of 10 ✔
[60/cdad15] NFC…DIAMOND_BLASTX (db6|TCD.1) | 1 of 10
[-        ] NFC…:KRAKENTOOLS_KREPORT2KRONA -
[-        ] NFC…ON_KRONA:KAIJU_KAIJU2KRONA -
[-        ] NFC…ZATION_KRONA:KRONA_CLEANUP -
[-        ] NFC…N_KRONA:KRONA_KTIMPORTTEXT -
[-        ] NFC…KRONA:MEGAN_RMA2INFO_KRONA -
[-        ] NFC…VISUALIZATION_KRONA:GUNZIP -
[-        ] NFC…ONA:KRONA_KTIMPORTTAXONOMY -
[-        ] NFC…ON_PROFILES:TAXPASTA_MERGE -
[-        ] NFC…FILES:TAXPASTA_STANDARDISE -
[-        ] NFC…CKEN_COMBINEBRACKENOUTPUTS -
Plus 7 more processes waiting for tasks…

executor >  slurm (81)
[-        ] NFC…PROFILER:TAXPROFILER:UNTAR -
[91/04a369] NFC…AXPROFILER:FASTQC (TGO.44) | 10 of 10 ✔
[-        ] NFC…ORTREAD_FASTP:FASTP_SINGLE -
[8d/4e1a3c] NFC…ASTP:FASTP_PAIRED (TGO.44) | 10 of 10 ✔
[92/ec2295] NFC…:FASTQC_PROCESSED (TGO.44) | 10 of 10 ✔
[54/06d8f4] NFC…ERING:BBMAP_BBDUK (TGO.44) | 10 of 10 ✔
[67/d12777] NFC…VAL:BOWTIE2_ALIGN (TGO.44) | 10 of 10 ✔
[8f/29bdd6] NFC…AL:SAMTOOLS_INDEX (TGO.44) | 10 of 10 ✔
[69/8ef523] NFC…AL:SAMTOOLS_STATS (TGO.44) | 10 of 10 ✔
[86/1c4307] NFC…IAMOND_BLASTX (db6|TGO.44) | 1 of 10, retries: 1
[-        ] NFC…:KRAKENTOOLS_KREPORT2KRONA -
[-        ] NFC…ON_KRONA:KAIJU_KAIJU2KRONA -
[-        ] NFC…ZATION_KRONA:KRONA_CLEANUP -
[-        ] NFC…N_KRONA:KRONA_KTIMPORTTEXT -
[-        ] NFC…KRONA:MEGAN_RMA2INFO_KRONA -
[-        ] NFC…VISUALIZATION_KRONA:GUNZIP -
[-        ] NFC…ONA:KRONA_KTIMPORTTAXONOMY -
[-        ] NFC…ON_PROFILES:TAXPASTA_MERGE -
[-        ] NFC…FILES:TAXPASTA_STANDARDISE -
[-        ] NFC…CKEN_COMBINEBRACKENOUTPUTS -
Plus 7 more processes waiting for tasks…
[f6/72ffa2] NOTE: Process `NFCORE_TAXPROFILER:TAXPROFILER:PROFILING:DIAMOND_BLASTX (db6|TGO.44)` terminated with an error exit status (134) -- Execution is retried (1)

executor >  slurm (81)
[-        ] NFC…PROFILER:TAXPROFILER:UNTAR -
[91/04a369] NFC…AXPROFILER:FASTQC (TGO.44) | 10 of 10 ✔
[-        ] NFC…ORTREAD_FASTP:FASTP_SINGLE -
[8d/4e1a3c] NFC…ASTP:FASTP_PAIRED (TGO.44) | 10 of 10 ✔
[92/ec2295] NFC…:FASTQC_PROCESSED (TGO.44) | 10 of 10 ✔
[54/06d8f4] NFC…ERING:BBMAP_BBDUK (TGO.44) | 10 of 10 ✔
[67/d12777] NFC…VAL:BOWTIE2_ALIGN (TGO.44) | 10 of 10 ✔
[8f/29bdd6] NFC…AL:SAMTOOLS_INDEX (TGO.44) | 10 of 10 ✔
[69/8ef523] NFC…AL:SAMTOOLS_STATS (TGO.44) | 10 of 10 ✔
[40/032776] NFC…IAMOND_BLASTX (db6|SWE.41) | 1 of 10, retries: 2
[-        ] NFC…:KRAKENTOOLS_KREPORT2KRONA -
[-        ] NFC…ON_KRONA:KAIJU_KAIJU2KRONA -
[-        ] NFC…ZATION_KRONA:KRONA_CLEANUP -
[-        ] NFC…N_KRONA:KRONA_KTIMPORTTEXT -
[-        ] NFC…KRONA:MEGAN_RMA2INFO_KRONA -
[-        ] NFC…VISUALIZATION_KRONA:GUNZIP -
[-        ] NFC…ONA:KRONA_KTIMPORTTAXONOMY -
[-        ] NFC…ON_PROFILES:TAXPASTA_MERGE -
[-        ] NFC…FILES:TAXPASTA_STANDARDISE -
[-        ] NFC…CKEN_COMBINEBRACKENOUTPUTS -
Plus 7 more processes waiting for tasks…
[f6/72ffa2] NOTE: Process `NFCORE_TAXPROFILER:TAXPROFILER:PROFILING:DIAMOND_BLASTX (db6|TGO.44)` terminated with an error exit status (134) -- Execution is retried (1)
[40/032776] NOTE: Process `NFCORE_TAXPROFILER:TAXPROFILER:PROFILING:DIAMOND_BLASTX (db6|SWE.41)` terminated with an error exit status (134) -- Execution is retried (1)

executor >  slurm (82)
[-        ] NFC…PROFILER:TAXPROFILER:UNTAR -
[91/04a369] NFC…AXPROFILER:FASTQC (TGO.44) | 10 of 10 ✔
[-        ] NFC…ORTREAD_FASTP:FASTP_SINGLE -
[8d/4e1a3c] NFC…ASTP:FASTP_PAIRED (TGO.44) | 10 of 10 ✔
[92/ec2295] NFC…:FASTQC_PROCESSED (TGO.44) | 10 of 10 ✔
[54/06d8f4] NFC…ERING:BBMAP_BBDUK (TGO.44) | 10 of 10 ✔
[67/d12777] NFC…VAL:BOWTIE2_ALIGN (TGO.44) | 10 of 10 ✔
[8f/29bdd6] NFC…AL:SAMTOOLS_INDEX (TGO.44) | 10 of 10 ✔
[69/8ef523] NFC…AL:SAMTOOLS_STATS (TGO.44) | 10 of 10 ✔
[4d/0cf29f] NFC…IAMOND_BLASTX (db6|SWE.41) | 1 of 10, retries: 2
[-        ] NFC…:KRAKENTOOLS_KREPORT2KRONA -
[-        ] NFC…ON_KRONA:KAIJU_KAIJU2KRONA -
[-        ] NFC…ZATION_KRONA:KRONA_CLEANUP -
[-        ] NFC…N_KRONA:KRONA_KTIMPORTTEXT -
[-        ] NFC…KRONA:MEGAN_RMA2INFO_KRONA -
[-        ] NFC…VISUALIZATION_KRONA:GUNZIP -
[-        ] NFC…ONA:KRONA_KTIMPORTTAXONOMY -
[-        ] NFC…ON_PROFILES:TAXPASTA_MERGE -
[-        ] NFC…FILES:TAXPASTA_STANDARDISE -
[-        ] NFC…CKEN_COMBINEBRACKENOUTPUTS -
Plus 7 more processes waiting for tasks…
[f6/72ffa2] NOTE: Process `NFCORE_TAXPROFILER:TAXPROFILER:PROFILING:DIAMOND_BLASTX (db6|TGO.44)` terminated with an error exit status (134) -- Execution is retried (1)
[40/032776] NOTE: Process `NFCORE_TAXPROFILER:TAXPROFILER:PROFILING:DIAMOND_BLASTX (db6|SWE.41)` terminated with an error exit status (134) -- Execution is retried (1)

executor >  slurm (82)
[-        ] NFC…PROFILER:TAXPROFILER:UNTAR -
[91/04a369] NFC…AXPROFILER:FASTQC (TGO.44) | 10 of 10 ✔
[-        ] NFC…ORTREAD_FASTP:FASTP_SINGLE -
[8d/4e1a3c] NFC…ASTP:FASTP_PAIRED (TGO.44) | 10 of 10 ✔
[92/ec2295] NFC…:FASTQC_PROCESSED (TGO.44) | 10 of 10 ✔
[54/06d8f4] NFC…ERING:BBMAP_BBDUK (TGO.44) | 10 of 10 ✔
[67/d12777] NFC…VAL:BOWTIE2_ALIGN (TGO.44) | 10 of 10 ✔
[8f/29bdd6] NFC…AL:SAMTOOLS_INDEX (TGO.44) | 10 of 10 ✔
[69/8ef523] NFC…AL:SAMTOOLS_STATS (TGO.44) | 10 of 10 ✔
[4d/0cf29f] NFC…IAMOND_BLASTX (db6|SWE.41) | 1 of 10, retries: 2
[-        ] NFC…:KRAKENTOOLS_KREPORT2KRONA -
[-        ] NFC…ON_KRONA:KAIJU_KAIJU2KRONA -
[-        ] NFC…ZATION_KRONA:KRONA_CLEANUP -
[-        ] NFC…N_KRONA:KRONA_KTIMPORTTEXT -
[-        ] NFC…KRONA:MEGAN_RMA2INFO_KRONA -
[-        ] NFC…VISUALIZATION_KRONA:GUNZIP -
[-        ] NFC…ONA:KRONA_KTIMPORTTAXONOMY -
[-        ] NFC…ON_PROFILES:TAXPASTA_MERGE -
[-        ] NFC…FILES:TAXPASTA_STANDARDISE -
[-        ] NFC…CKEN_COMBINEBRACKENOUTPUTS -
Plus 7 more processes waiting for tasks…
[40/032776] NOTE: Process `NFCORE_TAXPROFILER:TAXPROFILER:PROFILING:DIAMOND_BLASTX (db6|SWE.41)` terminated with an error exit status (134) -- Execution is retried (1)


executor >  slurm (82)
[-        ] NFC…PROFILER:TAXPROFILER:UNTAR -
[91/04a369] NFC…AXPROFILER:FASTQC (TGO.44) | 10 of 10 ✔
[-        ] NFC…ORTREAD_FASTP:FASTP_SINGLE -
[8d/4e1a3c] NFC…ASTP:FASTP_PAIRED (TGO.44) | 10 of 10 ✔
[92/ec2295] NFC…:FASTQC_PROCESSED (TGO.44) | 10 of 10 ✔
[54/06d8f4] NFC…ERING:BBMAP_BBDUK (TGO.44) | 10 of 10 ✔
[67/d12777] NFC…VAL:BOWTIE2_ALIGN (TGO.44) | 10 of 10 ✔
[8f/29bdd6] NFC…AL:SAMTOOLS_INDEX (TGO.44) | 10 of 10 ✔
[69/8ef523] NFC…AL:SAMTOOLS_STATS (TGO.44) | 10 of 10 ✔
[f6/9fa9c8] NFC…DIAMOND_BLASTX (db6|SVK.9) | 2 of 10, retries: 2
[-        ] NFC…:KRAKENTOOLS_KREPORT2KRONA -
[-        ] NFC…ON_KRONA:KAIJU_KAIJU2KRONA -
[-        ] NFC…ZATION_KRONA:KRONA_CLEANUP -
[-        ] NFC…N_KRONA:KRONA_KTIMPORTTEXT -
[-        ] NFC…KRONA:MEGAN_RMA2INFO_KRONA -
[-        ] NFC…VISUALIZATION_KRONA:GUNZIP -
[-        ] NFC…ONA:KRONA_KTIMPORTTAXONOMY -
[-        ] NFC…ON_PROFILES:TAXPASTA_MERGE -
[-        ] NFC…FILES:TAXPASTA_STANDARDISE -
[-        ] NFC…CKEN_COMBINEBRACKENOUTPUTS -
Plus 7 more processes waiting for tasks…



executor >  slurm (82)
[-        ] NFC…PROFILER:TAXPROFILER:UNTAR -
[91/04a369] NFC…AXPROFILER:FASTQC (TGO.44) | 10 of 10 ✔
[-        ] NFC…ORTREAD_FASTP:FASTP_SINGLE -
[8d/4e1a3c] NFC…ASTP:FASTP_PAIRED (TGO.44) | 10 of 10 ✔
[92/ec2295] NFC…:FASTQC_PROCESSED (TGO.44) | 10 of 10 ✔
[54/06d8f4] NFC…ERING:BBMAP_BBDUK (TGO.44) | 10 of 10 ✔
[67/d12777] NFC…VAL:BOWTIE2_ALIGN (TGO.44) | 10 of 10 ✔
[8f/29bdd6] NFC…AL:SAMTOOLS_INDEX (TGO.44) | 10 of 10 ✔
[69/8ef523] NFC…AL:SAMTOOLS_STATS (TGO.44) | 10 of 10 ✔
[61/566ab2] NFC…IAMOND_BLASTX (db6|SGP.52) | 3 of 10, retries: 2
[-        ] NFC…:KRAKENTOOLS_KREPORT2KRONA -
[-        ] NFC…ON_KRONA:KAIJU_KAIJU2KRONA -
[-        ] NFC…ZATION_KRONA:KRONA_CLEANUP -
[-        ] NFC…N_KRONA:KRONA_KTIMPORTTEXT -
[-        ] NFC…KRONA:MEGAN_RMA2INFO_KRONA -
[-        ] NFC…VISUALIZATION_KRONA:GUNZIP -
[-        ] NFC…ONA:KRONA_KTIMPORTTAXONOMY -
[-        ] NFC…ON_PROFILES:TAXPASTA_MERGE -
[-        ] NFC…FILES:TAXPASTA_STANDARDISE -
[-        ] NFC…CKEN_COMBINEBRACKENOUTPUTS -
Plus 7 more processes waiting for tasks…


executor >  slurm (82)
[-        ] NFC…PROFILER:TAXPROFILER:UNTAR -
[91/04a369] NFC…AXPROFILER:FASTQC (TGO.44) | 10 of 10 ✔
[-        ] NFC…ORTREAD_FASTP:FASTP_SINGLE -
[8d/4e1a3c] NFC…ASTP:FASTP_PAIRED (TGO.44) | 10 of 10 ✔
[92/ec2295] NFC…:FASTQC_PROCESSED (TGO.44) | 10 of 10 ✔
[54/06d8f4] NFC…ERING:BBMAP_BBDUK (TGO.44) | 10 of 10 ✔
[67/d12777] NFC…VAL:BOWTIE2_ALIGN (TGO.44) | 10 of 10 ✔
[8f/29bdd6] NFC…AL:SAMTOOLS_INDEX (TGO.44) | 10 of 10 ✔
[69/8ef523] NFC…AL:SAMTOOLS_STATS (TGO.44) | 10 of 10 ✔
[f4/81f63c] NFC…IAMOND_BLASTX (db6|SRB.37) | 4 of 10, retries: 2
[-        ] NFC…:KRAKENTOOLS_KREPORT2KRONA -
[-        ] NFC…ON_KRONA:KAIJU_KAIJU2KRONA -
[-        ] NFC…ZATION_KRONA:KRONA_CLEANUP -
[-        ] NFC…N_KRONA:KRONA_KTIMPORTTEXT -
[-        ] NFC…KRONA:MEGAN_RMA2INFO_KRONA -
[-        ] NFC…VISUALIZATION_KRONA:GUNZIP -
[-        ] NFC…ONA:KRONA_KTIMPORTTAXONOMY -
[-        ] NFC…ON_PROFILES:TAXPASTA_MERGE -
[-        ] NFC…FILES:TAXPASTA_STANDARDISE -
[-        ] NFC…CKEN_COMBINEBRACKENOUTPUTS -
Plus 7 more processes waiting for tasks…

executor >  slurm (82)
[-        ] NFC…PROFILER:TAXPROFILER:UNTAR -
[91/04a369] NFC…AXPROFILER:FASTQC (TGO.44) | 10 of 10 ✔
[-        ] NFC…ORTREAD_FASTP:FASTP_SINGLE -
[8d/4e1a3c] NFC…ASTP:FASTP_PAIRED (TGO.44) | 10 of 10 ✔
[92/ec2295] NFC…:FASTQC_PROCESSED (TGO.44) | 10 of 10 ✔
[54/06d8f4] NFC…ERING:BBMAP_BBDUK (TGO.44) | 10 of 10 ✔
[67/d12777] NFC…VAL:BOWTIE2_ALIGN (TGO.44) | 10 of 10 ✔
[8f/29bdd6] NFC…AL:SAMTOOLS_INDEX (TGO.44) | 10 of 10 ✔
[69/8ef523] NFC…AL:SAMTOOLS_STATS (TGO.44) | 10 of 10 ✔
[1e/c84940] NFC…IAMOND_BLASTX (db6|SVN.38) | 5 of 10, retries: 2
[-        ] NFC…:KRAKENTOOLS_KREPORT2KRONA -
[-        ] NFC…ON_KRONA:KAIJU_KAIJU2KRONA -
[-        ] NFC…ZATION_KRONA:KRONA_CLEANUP -
[-        ] NFC…N_KRONA:KRONA_KTIMPORTTEXT -
[-        ] NFC…KRONA:MEGAN_RMA2INFO_KRONA -
[-        ] NFC…VISUALIZATION_KRONA:GUNZIP -
[-        ] NFC…ONA:KRONA_KTIMPORTTAXONOMY -
[-        ] NFC…ON_PROFILES:TAXPASTA_MERGE -
[-        ] NFC…FILES:TAXPASTA_STANDARDISE -
[-        ] NFC…CKEN_COMBINEBRACKENOUTPUTS -
Plus 7 more processes waiting for tasks…

executor >  slurm (82)
[-        ] NFC…PROFILER:TAXPROFILER:UNTAR -
[91/04a369] NFC…AXPROFILER:FASTQC (TGO.44) | 10 of 10 ✔
[-        ] NFC…ORTREAD_FASTP:FASTP_SINGLE -
[8d/4e1a3c] NFC…ASTP:FASTP_PAIRED (TGO.44) | 10 of 10 ✔
[92/ec2295] NFC…:FASTQC_PROCESSED (TGO.44) | 10 of 10 ✔
[54/06d8f4] NFC…ERING:BBMAP_BBDUK (TGO.44) | 10 of 10 ✔
[67/d12777] NFC…VAL:BOWTIE2_ALIGN (TGO.44) | 10 of 10 ✔
[8f/29bdd6] NFC…AL:SAMTOOLS_INDEX (TGO.44) | 10 of 10 ✔
[69/8ef523] NFC…AL:SAMTOOLS_STATS (TGO.44) | 10 of 10 ✔
[0a/a89fc4] NFC…IAMOND_BLASTX (db6|TUR.46) | 6 of 10, retries: 2
[-        ] NFC…:KRAKENTOOLS_KREPORT2KRONA -
[-        ] NFC…ON_KRONA:KAIJU_KAIJU2KRONA -
[-        ] NFC…ZATION_KRONA:KRONA_CLEANUP -
[-        ] NFC…N_KRONA:KRONA_KTIMPORTTEXT -
[-        ] NFC…KRONA:MEGAN_RMA2INFO_KRONA -
[-        ] NFC…VISUALIZATION_KRONA:GUNZIP -
[-        ] NFC…ONA:KRONA_KTIMPORTTAXONOMY -
[-        ] NFC…ON_PROFILES:TAXPASTA_MERGE -
[-        ] NFC…FILES:TAXPASTA_STANDARDISE -
[-        ] NFC…CKEN_COMBINEBRACKENOUTPUTS -
Plus 7 more processes waiting for tasks…

executor >  slurm (82)
[-        ] NFC…PROFILER:TAXPROFILER:UNTAR -
[91/04a369] NFC…AXPROFILER:FASTQC (TGO.44) | 10 of 10 ✔
[-        ] NFC…ORTREAD_FASTP:FASTP_SINGLE -
[8d/4e1a3c] NFC…ASTP:FASTP_PAIRED (TGO.44) | 10 of 10 ✔
[92/ec2295] NFC…:FASTQC_PROCESSED (TGO.44) | 10 of 10 ✔
[54/06d8f4] NFC…ERING:BBMAP_BBDUK (TGO.44) | 10 of 10 ✔
[67/d12777] NFC…VAL:BOWTIE2_ALIGN (TGO.44) | 10 of 10 ✔
[8f/29bdd6] NFC…AL:SAMTOOLS_INDEX (TGO.44) | 10 of 10 ✔
[69/8ef523] NFC…AL:SAMTOOLS_STATS (TGO.44) | 10 of 10 ✔
[30/d5312e] NFC…AMOND_BLASTX (db6|SWE.41a) | 7 of 10, retries: 2
[-        ] NFC…:KRAKENTOOLS_KREPORT2KRONA -
[-        ] NFC…ON_KRONA:KAIJU_KAIJU2KRONA -
[-        ] NFC…ZATION_KRONA:KRONA_CLEANUP -
[-        ] NFC…N_KRONA:KRONA_KTIMPORTTEXT -
[-        ] NFC…KRONA:MEGAN_RMA2INFO_KRONA -
[-        ] NFC…VISUALIZATION_KRONA:GUNZIP -
[-        ] NFC…ONA:KRONA_KTIMPORTTAXONOMY -
[-        ] NFC…ON_PROFILES:TAXPASTA_MERGE -
[-        ] NFC…FILES:TAXPASTA_STANDARDISE -
[-        ] NFC…CKEN_COMBINEBRACKENOUTPUTS -
Plus 7 more processes waiting for tasks…

executor >  slurm (82)
[-        ] NFC…PROFILER:TAXPROFILER:UNTAR -
[91/04a369] NFC…AXPROFILER:FASTQC (TGO.44) | 10 of 10 ✔
[-        ] NFC…ORTREAD_FASTP:FASTP_SINGLE -
[8d/4e1a3c] NFC…ASTP:FASTP_PAIRED (TGO.44) | 10 of 10 ✔
[92/ec2295] NFC…:FASTQC_PROCESSED (TGO.44) | 10 of 10 ✔
[54/06d8f4] NFC…ERING:BBMAP_BBDUK (TGO.44) | 10 of 10 ✔
[67/d12777] NFC…VAL:BOWTIE2_ALIGN (TGO.44) | 10 of 10 ✔
[8f/29bdd6] NFC…AL:SAMTOOLS_INDEX (TGO.44) | 10 of 10 ✔
[69/8ef523] NFC…AL:SAMTOOLS_STATS (TGO.44) | 10 of 10 ✔
[b9/988344] NFC…IAMOND_BLASTX (db6|TZA.15) | 8 of 10, retries: 2
[-        ] NFC…:KRAKENTOOLS_KREPORT2KRONA -
[-        ] NFC…ON_KRONA:KAIJU_KAIJU2KRONA -
[-        ] NFC…ZATION_KRONA:KRONA_CLEANUP -
[-        ] NFC…N_KRONA:KRONA_KTIMPORTTEXT -
[-        ] NFC…KRONA:MEGAN_RMA2INFO_KRONA -
[-        ] NFC…VISUALIZATION_KRONA:GUNZIP -
[-        ] NFC…ONA:KRONA_KTIMPORTTAXONOMY -
[-        ] NFC…ON_PROFILES:TAXPASTA_MERGE -
[-        ] NFC…FILES:TAXPASTA_STANDARDISE -
[-        ] NFC…CKEN_COMBINEBRACKENOUTPUTS -
Plus 7 more processes waiting for tasks…

executor >  slurm (82)
[-        ] NFC…PROFILER:TAXPROFILER:UNTAR -
[91/04a369] NFC…AXPROFILER:FASTQC (TGO.44) | 10 of 10 ✔
[-        ] NFC…ORTREAD_FASTP:FASTP_SINGLE -
[8d/4e1a3c] NFC…ASTP:FASTP_PAIRED (TGO.44) | 10 of 10 ✔
[92/ec2295] NFC…:FASTQC_PROCESSED (TGO.44) | 10 of 10 ✔
[54/06d8f4] NFC…ERING:BBMAP_BBDUK (TGO.44) | 10 of 10 ✔
[67/d12777] NFC…VAL:BOWTIE2_ALIGN (TGO.44) | 10 of 10 ✔
[8f/29bdd6] NFC…AL:SAMTOOLS_INDEX (TGO.44) | 10 of 10 ✔
[69/8ef523] NFC…AL:SAMTOOLS_STATS (TGO.44) | 10 of 10 ✔
[4d/0cf29f] NFC…IAMOND_BLASTX (db6|SWE.41) | 9 of 10, retries: 2
[-        ] NFC…:KRAKENTOOLS_KREPORT2KRONA -
[-        ] NFC…ON_KRONA:KAIJU_KAIJU2KRONA -
[-        ] NFC…ZATION_KRONA:KRONA_CLEANUP -
[-        ] NFC…N_KRONA:KRONA_KTIMPORTTEXT -
[-        ] NFC…KRONA:MEGAN_RMA2INFO_KRONA -
[-        ] NFC…VISUALIZATION_KRONA:GUNZIP -
[-        ] NFC…ONA:KRONA_KTIMPORTTAXONOMY -
[-        ] NFC…ON_PROFILES:TAXPASTA_MERGE -
[-        ] NFC…FILES:TAXPASTA_STANDARDISE -
[-        ] NFC…CKEN_COMBINEBRACKENOUTPUTS -
Plus 7 more processes waiting for tasks…

executor >  slurm (82)
[-        ] NFC…PROFILER:TAXPROFILER:UNTAR -
[91/04a369] NFC…AXPROFILER:FASTQC (TGO.44) | 10 of 10 ✔
[-        ] NFC…ORTREAD_FASTP:FASTP_SINGLE -
[8d/4e1a3c] NFC…ASTP:FASTP_PAIRED (TGO.44) | 10 of 10 ✔
[92/ec2295] NFC…:FASTQC_PROCESSED (TGO.44) | 10 of 10 ✔
[54/06d8f4] NFC…ERING:BBMAP_BBDUK (TGO.44) | 10 of 10 ✔
[67/d12777] NFC…VAL:BOWTIE2_ALIGN (TGO.44) | 10 of 10 ✔
[8f/29bdd6] NFC…AL:SAMTOOLS_INDEX (TGO.44) | 10 of 10 ✔
[69/8ef523] NFC…AL:SAMTOOLS_STATS (TGO.44) | 10 of 10 ✔
[86/1c4307] NFC…IAMOND_BLASTX (db6|TGO.44) | 10 of 10, retries: 2 ✔
[-        ] NFC…:KRAKENTOOLS_KREPORT2KRONA -
[-        ] NFC…ON_KRONA:KAIJU_KAIJU2KRONA -
[-        ] NFC…ZATION_KRONA:KRONA_CLEANUP -
[-        ] NFC…N_KRONA:KRONA_KTIMPORTTEXT -
[-        ] NFC…KRONA:MEGAN_RMA2INFO_KRONA -
[-        ] NFC…VISUALIZATION_KRONA:GUNZIP -
[-        ] NFC…ONA:KRONA_KTIMPORTTAXONOMY -
[-        ] NFC…ON_PROFILES:TAXPASTA_MERGE | 0 of 1
[-        ] NFC…FILES:TAXPASTA_STANDARDISE -
[-        ] NFC…CKEN_COMBINEBRACKENOUTPUTS -
Plus 7 more processes waiting for tasks…

executor >  slurm (83)
[-        ] NFC…PROFILER:TAXPROFILER:UNTAR -
[91/04a369] NFC…AXPROFILER:FASTQC (TGO.44) | 10 of 10 ✔
[-        ] NFC…ORTREAD_FASTP:FASTP_SINGLE -
[8d/4e1a3c] NFC…ASTP:FASTP_PAIRED (TGO.44) | 10 of 10 ✔
[92/ec2295] NFC…:FASTQC_PROCESSED (TGO.44) | 10 of 10 ✔
[54/06d8f4] NFC…ERING:BBMAP_BBDUK (TGO.44) | 10 of 10 ✔
[67/d12777] NFC…VAL:BOWTIE2_ALIGN (TGO.44) | 10 of 10 ✔
[8f/29bdd6] NFC…AL:SAMTOOLS_INDEX (TGO.44) | 10 of 10 ✔
[69/8ef523] NFC…AL:SAMTOOLS_STATS (TGO.44) | 10 of 10 ✔
[86/1c4307] NFC…IAMOND_BLASTX (db6|TGO.44) | 10 of 10, retries: 2 ✔
[-        ] NFC…:KRAKENTOOLS_KREPORT2KRONA -
[-        ] NFC…ON_KRONA:KAIJU_KAIJU2KRONA -
[-        ] NFC…ZATION_KRONA:KRONA_CLEANUP -
[-        ] NFC…N_KRONA:KRONA_KTIMPORTTEXT -
[-        ] NFC…KRONA:MEGAN_RMA2INFO_KRONA -
[-        ] NFC…VISUALIZATION_KRONA:GUNZIP -
[-        ] NFC…ONA:KRONA_KTIMPORTTAXONOMY -
[0f/32d918] NFC…XPASTA_MERGE (diamond|db6) | 0 of 1
[-        ] NFC…FILES:TAXPASTA_STANDARDISE -
[-        ] NFC…CKEN_COMBINEBRACKENOUTPUTS -
Plus 7 more processes waiting for tasks…

executor >  slurm (83)
[-        ] NFC…PROFILER:TAXPROFILER:UNTAR -
[91/04a369] NFC…AXPROFILER:FASTQC (TGO.44) | 10 of 10 ✔
[-        ] NFC…ORTREAD_FASTP:FASTP_SINGLE -
[8d/4e1a3c] NFC…ASTP:FASTP_PAIRED (TGO.44) | 10 of 10 ✔
[92/ec2295] NFC…:FASTQC_PROCESSED (TGO.44) | 10 of 10 ✔
[54/06d8f4] NFC…ERING:BBMAP_BBDUK (TGO.44) | 10 of 10 ✔
[67/d12777] NFC…VAL:BOWTIE2_ALIGN (TGO.44) | 10 of 10 ✔
[8f/29bdd6] NFC…AL:SAMTOOLS_INDEX (TGO.44) | 10 of 10 ✔
[69/8ef523] NFC…AL:SAMTOOLS_STATS (TGO.44) | 10 of 10 ✔
[86/1c4307] NFC…IAMOND_BLASTX (db6|TGO.44) | 10 of 10, retries: 2 ✔
[-        ] NFC…:KRAKENTOOLS_KREPORT2KRONA -
[-        ] NFC…ON_KRONA:KAIJU_KAIJU2KRONA -
[-        ] NFC…ZATION_KRONA:KRONA_CLEANUP -
[-        ] NFC…N_KRONA:KRONA_KTIMPORTTEXT -
[-        ] NFC…KRONA:MEGAN_RMA2INFO_KRONA -
[-        ] NFC…VISUALIZATION_KRONA:GUNZIP -
[-        ] NFC…ONA:KRONA_KTIMPORTTAXONOMY -
[0f/32d918] NFC…XPASTA_MERGE (diamond|db6) | 0 of 1
[-        ] NFC…FILES:TAXPASTA_STANDARDISE -
[-        ] NFC…CKEN_COMBINEBRACKENOUTPUTS -
Plus 7 more processes waiting for tasks…

executor >  slurm (83)
[-        ] NFC…PROFILER:TAXPROFILER:UNTAR -
[91/04a369] NFC…AXPROFILER:FASTQC (TGO.44) | 10 of 10 ✔
[-        ] NFC…ORTREAD_FASTP:FASTP_SINGLE -
[8d/4e1a3c] NFC…ASTP:FASTP_PAIRED (TGO.44) | 10 of 10 ✔
[92/ec2295] NFC…:FASTQC_PROCESSED (TGO.44) | 10 of 10 ✔
[54/06d8f4] NFC…ERING:BBMAP_BBDUK (TGO.44) | 10 of 10 ✔
[67/d12777] NFC…VAL:BOWTIE2_ALIGN (TGO.44) | 10 of 10 ✔
[8f/29bdd6] NFC…AL:SAMTOOLS_INDEX (TGO.44) | 10 of 10 ✔
[69/8ef523] NFC…AL:SAMTOOLS_STATS (TGO.44) | 10 of 10 ✔
[86/1c4307] NFC…IAMOND_BLASTX (db6|TGO.44) | 10 of 10, retries: 2 ✔
[-        ] NFC…:KRAKENTOOLS_KREPORT2KRONA -
[-        ] NFC…ON_KRONA:KAIJU_KAIJU2KRONA -
[-        ] NFC…ZATION_KRONA:KRONA_CLEANUP -
[-        ] NFC…N_KRONA:KRONA_KTIMPORTTEXT -
[-        ] NFC…KRONA:MEGAN_RMA2INFO_KRONA -
[-        ] NFC…VISUALIZATION_KRONA:GUNZIP -
[-        ] NFC…ONA:KRONA_KTIMPORTTAXONOMY -
[0f/32d918] NFC…XPASTA_MERGE (diamond|db6) | 1 of 1 ✔
[-        ] NFC…FILES:TAXPASTA_STANDARDISE -
[-        ] NFC…CKEN_COMBINEBRACKENOUTPUTS -
[-        ] NFC…OFILER:TAXPROFILER:MULTIQC | 0 of 1
Plus 6 more processes waiting for tasks…

executor >  slurm (84)
[-        ] NFC…PROFILER:TAXPROFILER:UNTAR -
[91/04a369] NFC…AXPROFILER:FASTQC (TGO.44) | 10 of 10 ✔
[-        ] NFC…ORTREAD_FASTP:FASTP_SINGLE -
[8d/4e1a3c] NFC…ASTP:FASTP_PAIRED (TGO.44) | 10 of 10 ✔
[92/ec2295] NFC…:FASTQC_PROCESSED (TGO.44) | 10 of 10 ✔
[54/06d8f4] NFC…ERING:BBMAP_BBDUK (TGO.44) | 10 of 10 ✔
[67/d12777] NFC…VAL:BOWTIE2_ALIGN (TGO.44) | 10 of 10 ✔
[8f/29bdd6] NFC…AL:SAMTOOLS_INDEX (TGO.44) | 10 of 10 ✔
[69/8ef523] NFC…AL:SAMTOOLS_STATS (TGO.44) | 10 of 10 ✔
[86/1c4307] NFC…IAMOND_BLASTX (db6|TGO.44) | 10 of 10, retries: 2 ✔
[-        ] NFC…:KRAKENTOOLS_KREPORT2KRONA -
[-        ] NFC…ON_KRONA:KAIJU_KAIJU2KRONA -
[-        ] NFC…ZATION_KRONA:KRONA_CLEANUP -
[-        ] NFC…N_KRONA:KRONA_KTIMPORTTEXT -
[-        ] NFC…KRONA:MEGAN_RMA2INFO_KRONA -
[-        ] NFC…VISUALIZATION_KRONA:GUNZIP -
[-        ] NFC…ONA:KRONA_KTIMPORTTAXONOMY -
[0f/32d918] NFC…XPASTA_MERGE (diamond|db6) | 1 of 1 ✔
[-        ] NFC…FILES:TAXPASTA_STANDARDISE -
[-        ] NFC…CKEN_COMBINEBRACKENOUTPUTS -
[26/03d7aa] NFC…OFILER:TAXPROFILER:MULTIQC | 0 of 1
Plus 6 more processes waiting for tasks…

executor >  slurm (84)
[-        ] NFC…PROFILER:TAXPROFILER:UNTAR -
[91/04a369] NFC…AXPROFILER:FASTQC (TGO.44) | 10 of 10 ✔
[-        ] NFC…ORTREAD_FASTP:FASTP_SINGLE -
[8d/4e1a3c] NFC…ASTP:FASTP_PAIRED (TGO.44) | 10 of 10 ✔
[92/ec2295] NFC…:FASTQC_PROCESSED (TGO.44) | 10 of 10 ✔
[54/06d8f4] NFC…ERING:BBMAP_BBDUK (TGO.44) | 10 of 10 ✔
[67/d12777] NFC…VAL:BOWTIE2_ALIGN (TGO.44) | 10 of 10 ✔
[8f/29bdd6] NFC…AL:SAMTOOLS_INDEX (TGO.44) | 10 of 10 ✔
[69/8ef523] NFC…AL:SAMTOOLS_STATS (TGO.44) | 10 of 10 ✔
[86/1c4307] NFC…IAMOND_BLASTX (db6|TGO.44) | 10 of 10, retries: 2 ✔
[-        ] NFC…:KRAKENTOOLS_KREPORT2KRONA -
[-        ] NFC…ON_KRONA:KAIJU_KAIJU2KRONA -
[-        ] NFC…ZATION_KRONA:KRONA_CLEANUP -
[-        ] NFC…N_KRONA:KRONA_KTIMPORTTEXT -
[-        ] NFC…KRONA:MEGAN_RMA2INFO_KRONA -
[-        ] NFC…VISUALIZATION_KRONA:GUNZIP -
[-        ] NFC…ONA:KRONA_KTIMPORTTAXONOMY -
[0f/32d918] NFC…XPASTA_MERGE (diamond|db6) | 1 of 1 ✔
[-        ] NFC…FILES:TAXPASTA_STANDARDISE -
[-        ] NFC…CKEN_COMBINEBRACKENOUTPUTS -
[26/03d7aa] NFC…OFILER:TAXPROFILER:MULTIQC | 0 of 1
Plus 6 more processes waiting for tasks…

executor >  slurm (84)
[-        ] NFC…PROFILER:TAXPROFILER:UNTAR -
[91/04a369] NFC…AXPROFILER:FASTQC (TGO.44) | 10 of 10 ✔
[-        ] NFC…ORTREAD_FASTP:FASTP_SINGLE -
[8d/4e1a3c] NFC…ASTP:FASTP_PAIRED (TGO.44) | 10 of 10 ✔
[92/ec2295] NFC…:FASTQC_PROCESSED (TGO.44) | 10 of 10 ✔
[54/06d8f4] NFC…ERING:BBMAP_BBDUK (TGO.44) | 10 of 10 ✔
[67/d12777] NFC…VAL:BOWTIE2_ALIGN (TGO.44) | 10 of 10 ✔
[8f/29bdd6] NFC…AL:SAMTOOLS_INDEX (TGO.44) | 10 of 10 ✔
[69/8ef523] NFC…AL:SAMTOOLS_STATS (TGO.44) | 10 of 10 ✔
[86/1c4307] NFC…IAMOND_BLASTX (db6|TGO.44) | 10 of 10, retries: 2 ✔
[-        ] NFC…:KRAKENTOOLS_KREPORT2KRONA -
[-        ] NFC…ON_KRONA:KAIJU_KAIJU2KRONA -
[-        ] NFC…ZATION_KRONA:KRONA_CLEANUP -
[-        ] NFC…N_KRONA:KRONA_KTIMPORTTEXT -
[-        ] NFC…KRONA:MEGAN_RMA2INFO_KRONA -
[-        ] NFC…VISUALIZATION_KRONA:GUNZIP -
[-        ] NFC…ONA:KRONA_KTIMPORTTAXONOMY -
[0f/32d918] NFC…XPASTA_MERGE (diamond|db6) | 1 of 1 ✔
[-        ] NFC…FILES:TAXPASTA_STANDARDISE -
[-        ] NFC…CKEN_COMBINEBRACKENOUTPUTS -
[26/03d7aa] NFC…OFILER:TAXPROFILER:MULTIQC | 1 of 1 ✔
Plus 6 more processes waiting for tasks…

executor >  slurm (84)
[-        ] NFC…PROFILER:TAXPROFILER:UNTAR -
[91/04a369] NFC…AXPROFILER:FASTQC (TGO.44) | 10 of 10 ✔
[-        ] NFC…ORTREAD_FASTP:FASTP_SINGLE -
[8d/4e1a3c] NFC…ASTP:FASTP_PAIRED (TGO.44) | 10 of 10 ✔
[92/ec2295] NFC…:FASTQC_PROCESSED (TGO.44) | 10 of 10 ✔
[54/06d8f4] NFC…ERING:BBMAP_BBDUK (TGO.44) | 10 of 10 ✔
[67/d12777] NFC…VAL:BOWTIE2_ALIGN (TGO.44) | 10 of 10 ✔
[8f/29bdd6] NFC…AL:SAMTOOLS_INDEX (TGO.44) | 10 of 10 ✔
[69/8ef523] NFC…AL:SAMTOOLS_STATS (TGO.44) | 10 of 10 ✔
[86/1c4307] NFC…IAMOND_BLASTX (db6|TGO.44) | 10 of 10, retries: 2 ✔
[-        ] NFC…:KRAKENTOOLS_KREPORT2KRONA -
[-        ] NFC…ON_KRONA:KAIJU_KAIJU2KRONA -
[-        ] NFC…ZATION_KRONA:KRONA_CLEANUP -
[-        ] NFC…N_KRONA:KRONA_KTIMPORTTEXT -
[-        ] NFC…KRONA:MEGAN_RMA2INFO_KRONA -
[-        ] NFC…VISUALIZATION_KRONA:GUNZIP -
[-        ] NFC…ONA:KRONA_KTIMPORTTAXONOMY -
[0f/32d918] NFC…XPASTA_MERGE (diamond|db6) | 1 of 1 ✔
[-        ] NFC…FILES:TAXPASTA_STANDARDISE -
[-        ] NFC…CKEN_COMBINEBRACKENOUTPUTS -
[26/03d7aa] NFC…OFILER:TAXPROFILER:MULTIQC | 1 of 1 ✔
Plus 6 more processes waiting for tasks…
-[nf-core/taxprofiler] Pipeline completed successfully-

executor >  slurm (84)
[-        ] NFC…PROFILER:TAXPROFILER:UNTAR -
[91/04a369] NFC…AXPROFILER:FASTQC (TGO.44) | 10 of 10 ✔
[-        ] NFC…ORTREAD_FASTP:FASTP_SINGLE -
[8d/4e1a3c] NFC…ASTP:FASTP_PAIRED (TGO.44) | 10 of 10 ✔
[92/ec2295] NFC…:FASTQC_PROCESSED (TGO.44) | 10 of 10 ✔
[54/06d8f4] NFC…ERING:BBMAP_BBDUK (TGO.44) | 10 of 10 ✔
[67/d12777] NFC…VAL:BOWTIE2_ALIGN (TGO.44) | 10 of 10 ✔
[8f/29bdd6] NFC…AL:SAMTOOLS_INDEX (TGO.44) | 10 of 10 ✔
[69/8ef523] NFC…AL:SAMTOOLS_STATS (TGO.44) | 10 of 10 ✔
[86/1c4307] NFC…IAMOND_BLASTX (db6|TGO.44) | 10 of 10, retries: 2 ✔
[-        ] NFC…:KRAKENTOOLS_KREPORT2KRONA -
[-        ] NFC…ON_KRONA:KAIJU_KAIJU2KRONA -
[-        ] NFC…ZATION_KRONA:KRONA_CLEANUP -
[-        ] NFC…N_KRONA:KRONA_KTIMPORTTEXT -
[-        ] NFC…KRONA:MEGAN_RMA2INFO_KRONA -
[-        ] NFC…VISUALIZATION_KRONA:GUNZIP -
[-        ] NFC…ONA:KRONA_KTIMPORTTAXONOMY -
[0f/32d918] NFC…XPASTA_MERGE (diamond|db6) | 1 of 1 ✔
[-        ] NFC…FILES:TAXPASTA_STANDARDISE -
[-        ] NFC…CKEN_COMBINEBRACKENOUTPUTS -
[26/03d7aa] NFC…OFILER:TAXPROFILER:MULTIQC | 1 of 1 ✔
Plus 6 more processes waiting for tasks…
-[nf-core/taxprofiler] Pipeline completed successfully-
Completed at: 21-Dec-2025 11:50:55
Duration    : 4d 2h 41m 27s
CPU hours   : 5'759.5 (8.5% failed)
Succeeded   : 82
Failed      : 2


