taxonomy_id	name	rank	CAN.22a	CAN.22	ISR.29	HUN.61	AUS.18a	TCD.1	NLD.43	LVA.31	CHE.67	DEU.27	USA.74g	USA.74f	AUS.18	MYS.54	HRV.68	ECU.14a	ESP.75	CAN.22b	BRA.53	AUT.70	BWA.19	ISL.28	FIN.25	IRN.12	MKD.62	USA.74b	BGR.66	NGA.50	DNK.71_RL	MLT.63	GEO.59	MDA.65	COL.2	SGP.52	ZAF.39	CIV.13	POL.36	ZMB.49b	USA.74a	USA.74e	SRB.37	USA.74d	NOR.34	IRL.69	PER.35	ZMB.49	ALB.17	USA.74c	SVK.9	BRA.53a	SWE.41a	CZE.23	KEN.72	IND.11	CAN.22c	KHM.21	SVN.38	LUX.32	GHA.4	TUR.46	NPL.33	XK.60	KAZ.6	USA.74	ETH.24	SWE.41	USA.74i	CHN.64	DNK.71_RA	PAK.7	DNK.71_RD	LKA.40	ITA.30	TZA.15	SEN.8	USA.74h	ECU.14	VNM.48	NZL.56	TGO.44
469	Acinetobacter	genus	0.09424533458265011	0.06731458937393289	0.0884640171858217	0.04251271842512718	0.05006773756531837	0.4263233595057886	0.03702420608483233	0.0823402337891343	0.0547041227727923	0.06517890361399413	0.06375392796712594	0.03501565209557913	0.19625350140056022	0.04043396866109465	0.10207309485989785	0.03805551731474413	0.06185038949951979	0.04917701180426044	0.0867730187281215	0.16371023368379922	0.029746067783271015	0.13498037896742293	0.041308915806818156	0.11500396844679851	0.15556145893164847	0.025385916080478122	0.18791801144666098	0.023893587964664897	0.05893488346978023	0.16833238372322398	0.20703782156710251	0.4412009588205215	0.009733658693238228	0.03883317299276907	0.05508578762614417	0.06151076683086541	0.04869101954229879	0.02984671123095944	0.13677116875353232	0.09941373752387535	0.21027071071368428	0.02921486965910844	0.1876920662298208	0.3252216616354406	0.0813970413426036	0.034003102690114174	0.3569204851088145	0.03181439359290992	0.0663576672112765	0.012527035681057503	0.24502573477856665	0.1457916085903352	0.07190316991265548	0.008177476575574556	0.0230685979605661	0.25103022843556505	0.07374550179928029	0.11010476851243754	0.013855015425212853	0.13421456060145437	0.013909871384574645	0.40644513834641827	0.13945584046759824	0.03475308075902281	0.04432484014820595	0.10675344219610272	0.03224968862513243	0.02024725454358636	0.04761510053080952	0.03953355529732914	0.07508853839592318	0.006778342870130971	0.11668729276607669	0.14480117678463375	0.27291156680996	0.036363335163958045	0.182221961020995	0.09249796984697985	0.06865295514494017	0.14745664147612034
497	Psychrobacter	genus	0.051643632388537516	0.0956628916076498	0.026680988184747585	0.01937624419376244	0.01694406812463712	0.011845983353375304	0.023042416166999778	0.025438313959352053	0.07367928209129926	0.01249567013483521	0.021989901431525797	0.013017138481634124	0.12025122549019608	0.005843667675357411	0.03238225367059338	0.006032314180944395	0.008195496745277985	0.012363595127505322	0.017360102005817682	0.014022622792643007	0.009521850866439849	0.005015714582652229	0.03202327561874112	0.010713456544157745	0.005854394026421596	0.0467270691234857	0.017318507030067917	0.009842769115730754	0.03059671115209364	0.038300941077380836	0.004005150780539958	0.009401915740129984	0.006572028848176183	0.005187435631970235	0.014288927911887852	0.023324920742720044	0.03651324247878632	0.005549873091639202	0.008562392562204608	0.008467315334420494	0.007184853337573049	0.0043915761584596815	0.020210731247949414	0.08457730453653645	0.03042351788148874	0.006320708038348357	0.027239342679526712	0.013438729152056591	0.018791089171830894	0.006980945131160813	0.02718555182186305	0.016240510440207315	0.011232275202872358	0.003079620914675665	0.017543595559858086	0.07251190906264965	0.12193143575902972	0.01449689258870279	0.005037057788913502	0.13498395651040054	0.024996862917911207	0.022296493216498108	0.03330882695410861	0.015624373987807843	0.010471474484034383	0.07129479359512338	0.10628262146396869	0.0036056008244931765	0.02573886054030698	0.005479105903874524	0.04243298715840271	0.0009078916481945389	0.0045659568175096124	0.007194023442443458	0.011226769439665158	0.012605708537103282	0.014031479552359291	0.020903918885041162	0.5300188838912204	0.005579150723247117
475	Moraxella	genus	6.24658389943e-05	0.0001414384288211107	0.00014321518080916577	8.847600088476001e-05	0.0014079736791174763	2.3578788521845746e-05	3.553186764379303e-05	0.00013013589440773527	4.942125113798934e-05	9.942653341372985e-05	0.0003290092122579432	0.00025673940949935817	0.0013012416505063563	0.00011792626660180722	8.984710734695054e-05	2.8159142960840017e-05	9.522011442830993e-05	0.00014711268371845698	0.004075258090951697	5.316130335567437e-05	0.00031901439127357995	0.0002684378691673517	9.288052669289838e-05	0.00046703489533559024	0.00014933946008041356	4.4693514226193874e-05	0.0003986994424188298	9.542417610609917e-05	7.476542348381951e-05	5.137987065117564e-05	8.13536766094216e-05	9.789701993867655e-05	1.583076460331496e-05	0.00011805045775082669	0.00026157422342972637	0.0010854317853573473	0.0001506653381331962	9.642969070176707e-05	0.00011877709194521635	0.00042247820746165154	0.00019455273268140734	0.0001433613704621136	0.00012773108682458015	0.00013110615381980084	0.0003359905291911483	0.00013268898569811149	6.95792242593815e-05	0.00042178654551737455	5.637429250262909e-05	2.869709162528244e-05	0.0004830140074062148	0.00017084590714102062	0.0011392762936291035	3.2020523271857067e-05	5.0349984298071904e-05	8.821527888630311e-05	0.00013432127149140343	4.1421250300440316e-05	8.020432900041684e-05	3.385918325886714e-05	3.2605892576428706e-05	4.972887403469003e-05	0.00042625771081332685	0.0006018620329225655	0.0002994334132909308	8.945712846424316e-05	7.220286784237003e-05	8.562523546939754e-05	6.417201522588015e-05	6.940082177691017e-05	9.906080495644687e-05	2.0633901095330433e-05	0.0003234989648033126	0.0011692017303365837	6.62590597693259e-05	5.3713942633509266e-05	0.00012789386514444547	8.996246765849288e-05	6.354600227148074e-05	2.239260202714119e-05
46225	Moraxella	genus	0.0	0.0	0.0	0.0	0.0	0.0	0.0	0.0	0.0	0.0	0.0	0.0	0.0	0.0	0.0	0.0	0.0	0.0	0.0	0.0	0.0	0.0	0.0	0.0	0.0	0.0	0.0	0.0	0.0	0.0	0.0	0.0	0.0	0.0	0.0	0.0	0.0	0.0	0.0	0.0	0.0	0.0	0.0	0.0	0.0	0.0	0.0	0.0	0.0	0.0	0.0	0.0	0.0	0.0	0.0	0.0	0.0	0.0	0.0	0.0	0.0	0.0	0.0	0.0	0.0	0.0	0.0	0.0	0.0	0.0	0.0	0.0	0.0	0.0	0.0	0.0	0.0	0.0	0.0	0.0
46226	Moraxella	genus	3.123291949715e-05	6.061646949476173e-05	0.00010025062656641604	3.3178500331785e-05	0.00011612154054577124	5.187333474806065e-05	2.664890073284477e-05	5.530775512328749e-05	1.820782936662765e-05	5.4524228001077655e-05	0.0005035855289662396	9.909240366641894e-05	9.931857358327947e-05	3.369321902908778e-05	4.746639633423802e-05	3.7545523947786694e-05	2.9551069994992735e-05	6.589422291555886e-05	0.0002853858862279055	3.455484718118834e-05	0.0003594984510798718	6.058130899496653e-05	5.669330850086005e-05	0.0008611799515147588	2.2975301550832854e-05	4.4693514226193874e-05	8.073663708981303e-05	3.910826889594228e-05	4.3613163698894715e-05	0.00018533453342031212	2.3070445605656874e-05	4.3720999195913795e-05	5.427690721136559e-05	9.362622511272462e-05	0.00018310195640080845	0.0023843911350472876	7.633710465415273e-05	6.199051545113598e-05	3.393631198434753e-05	0.0005680379259988592	3.9747332483298276e-05	5.262632586583916e-05	6.595265267412961e-05	2.503534595553986e-05	0.0013827769071404659	0.00020089360451489775	6.034304404795918e-05	0.001504202620158348	2.4599691273874513e-05	6.343567622430856e-05	9.262096557789423e-05	2.537315452589415e-05	0.0001763498931170357	9.135266933441575e-05	2.0243808119843344e-05	9.346618834382115e-05	0.0001332800213248034	3.215597062797341e-05	0.0001163527589724357	1.4047959011657645e-05	2.766560582242436e-05	3.522461910790544e-05	0.00016861646651813482	0.0008876574657156772	7.390733975964899e-05	5.1390265287969477e-05	7.081435115309368e-05	5.21535525131785e-05	2.1390671741960047e-05	0.00017884057919434544	3.720383172572439e-05	4.148052282050963e-06	3.502545182832859e-05	0.0005318279562179552	5.164309070256284e-05	3.66459608621138e-05	3.867266874605851e-05	1.943189301423446e-05	2.3437746292338348e-05	2.985680270285492e-05
286	Pseudomonas	genus	0.20532521277426408	0.10937231645838175	0.13704260651629072	0.07454103074541031	0.04976775691890846	0.08062530947159935	0.11252942482789252	0.08089897875856863	0.08545454545454545	0.08194670737809025	0.06984395563075767	0.10874940882372813	0.08425918444300798	0.054559850739039704	0.06830414432496851	0.08109833172721925	0.05345952734705269	0.10447452422072419	0.05307522929054116	0.2131170199899791	0.08741804002092216	0.07878912586393647	0.06838298621749483	0.05236460037470777	0.06031591039632395	0.10436183869117527	0.06273934425902705	0.08046604541877916	0.07491806955676565	0.14389208025168795	0.5670351259676686	0.09086079043764721	0.09169857319580169	0.05853810112446453	0.07880185055043935	0.073827155367994	0.09183152802777063	0.08101127194205954	0.19614013608461106	0.06492791835401544	0.05451555846571113	0.08641424177259983	0.07365408585031753	0.07918943455694685	0.0800421625660458	0.06800868554818533	0.17699230564613855	0.07977482696588102	0.0739835715061776	0.0922218798709537	0.06277104616679045	0.11821183539250578	0.06128858586980153	0.06350423188886241	0.20380946943055206	0.06589996387374293	0.05427412368385979	0.07235583906100206	0.11088417930073122	0.42836729577509436	0.06181187980875162	0.04224398781366315	0.08181848732163355	0.0696040976476632	0.08277676396712863	0.09129385461249837	0.08571799503744135	0.0858112757537356	0.09700990495055012	0.07148640544671886	0.07936115193820757	0.7163747980084669	0.07361668923862451	0.05231537295332057	0.5282525464063108	0.07075431443439219	0.32887755167292787	0.23563833168801976	0.24612390017962887	0.08025915704746078
352	Azotobacter	genus	0.00029671273522292494	0.00037380156188436395	0.00022914428929466524	0.00042026100420261006	0.00015482872072769498	6.130485015679894e-05	0.0008349988896291361	0.0003643805043416588	0.0004109767199895955	0.0003431819056538417	0.0002618644750624446	0.0002792604103326352	0.00018348685628097393	0.00039168367121314543	0.0002847983780054281	0.0004912206049835425	0.00021342439440828086	0.00019308539738047478	0.00015971136752203886	0.0002711226471139393	0.0004841893552832508	0.0004188466363272686	0.0002508980461314658	0.00022676838848664497	0.0002972429638139001	0.000471764872387602	0.00021230745308802685	0.0005193578109381136	0.00034786690093166023	0.0005110462134411577	0.00027623823027825994	0.00015397395368995729	0.0004523075600947132	0.00036636348957153113	0.0002371606292429519	0.0004468261994367222	0.0003435169709436873	0.00048214845350883536	0.00022711224174140268	0.00018106208891213637	0.00016526522453581913	0.00017965538830062334	0.00027382873515334824	0.00021807103977062353	0.00027412945702960114	0.0004241087206425619	0.00019703851117700954	0.00023884298360622415	0.00031979598656036866	0.0005950870579137516	0.0002293883726929156	0.00019706483348444457	0.00026499137378432875	0.0007769685793906494	0.0002875658897023901	0.0005376931284498476	0.00026031254165000665	0.0003226497391823772	0.0009726186939346324	0.0004657438718480342	0.00020057564221257659	0.00015333069494029427	0.00020045314201456586	0.0004077704305895488	0.0002271563824965682	0.0002544135355614291	0.0006116416016262307	0.0007768544090768977	0.00046150374283278805	0.0004644516534300911	0.0003429027863877007	0.00023367361188887092	0.00035463269976182695	0.0003386688622929368	0.00019341799065016458	0.00032579765204810763	0.0003425728530654789	0.00021039222436399535	0.0001226355316563901	0.0005211369199043768
1849530	Thiopseudomonas	genus	0.0	0.0	0.0	0.0	0.0	0.0	0.0	0.0	0.0	0.0	0.0	0.0	0.0	0.0	0.0	0.0	0.0	0.0	0.0	0.0	0.0	0.0	0.0	0.0	0.0	0.0	0.0	0.0	0.0	0.0	0.0	0.0	0.0	0.0	0.0	0.0	0.0	0.0	0.0	0.0	0.0	0.0	0.0	0.0	0.0	0.0	0.0	0.0	0.0	0.0	0.0	0.0	0.0	0.0	0.0	0.0	0.0	0.0	0.0	0.0	0.0	0.0	0.0	0.0	0.0	0.0	0.0	0.0	0.0	0.0	0.0	0.0	0.0	0.0	0.0	0.0	0.0	0.0	0.0	0.0
570	Klebsiella	genus	0.030608261107206994	0.04432074194558661	0.05783029001074114	0.020869276708692767	0.1015773175924134	0.07930961307208036	0.019951143681989785	0.036070416532464025	0.01512030172974379	0.048074332559303115	0.13328901780678432	0.052009999324369977	0.030948677547942255	0.218214133041887	0.014073786513101573	0.1012196037695706	0.06489250798289321	0.08051661070765798	0.04875516771002699	0.03174527229884095	0.13538841216659353	0.01630681717292099	0.09583581617858151	0.02245816933119523	0.012708213670304423	0.04861412861303611	0.01930702049913183	0.07518799344858279	0.02179827458017138	0.09221585784657788	0.003345214612820247	0.010230713811843829	0.10508913851240567	0.19792583988829984	0.067676226913895	0.06189135994321748	0.025048614682437645	0.11435528141972057	0.028452987113338147	0.08450984244048028	0.01704219179343102	0.31327907377666475	0.035223725590213625	0.018132837545640094	0.05612618688351196	0.06314879643649468	0.011547688245667615	0.08552865607626714	0.027246208060088845	0.03697695774579814	0.03877529115011002	0.015303395266384292	0.043846741679130906	0.19830027528232214	0.015394637467136254	0.0487200383106354	0.024925446488071438	0.026107923067657798	0.015605955001982516	0.0029050458827953565	0.008195935724893216	0.015710870800931864	0.03174941942284824	0.023199288449501906	0.03385064848256276	0.049807318227556095	0.02017375897849604	0.044518116743002864	0.047440231789319	0.05286741061974934	0.019785714894038558	0.01086757789802875	0.010235701832220303	0.07981671917485714	0.043113698354168804	0.0402578470046194	0.00445496963586485	0.02776313721915217	0.0051719843666931135	0.007450629401757887
561	Escherichia	genus	0.0010150698836573749	0.0010203772364951558	0.003021840315073398	0.0009068790090687901	0.0017756918908457518	0.0038622055598783334	0.0005418609815678436	0.0016852598325801718	0.0005072181037846274	0.0016774218379155066	0.0011078881637257272	0.000977411436164223	0.0005959114414996768	0.0015793696419884895	0.0004848353339854312	0.0025624820094364417	0.001470986595306305	0.001969164568523096	0.0011808168320072054	0.0012918196715428873	0.0011788958215592192	0.00032275214619732165	0.001033748199685895	0.0010892981518376339	0.0008472142446869616	0.0007200621736442347	0.0008153403597465069	0.0012483359431584777	0.000703002662479803	0.002281816755526318	0.00014206537557167654	0.0006177967277683471	0.006244105867107516	0.0010081780472283245	0.0011212815044354268	0.0008481789360989107	0.0011611275392131653	0.002793017112826182	0.0003576365186042778	0.0007408161284901788	0.0009539359795991586	0.0009254974548819991	0.0004516504442620775	0.0008874371316345314	0.0012796751202045539	0.000963545251284417	0.0005781848812350373	0.0013720767143336281	0.0009470881140441688	0.0012415268061043245	0.0006102596330132284	0.0006098014804389894	0.0009209383307222975	0.003839637452334155	0.0004012426583753565	0.001185655355507574	0.0013817389710782354	0.0006829056135059437	0.00032081731600166737	0.00012030816179214496	0.0003764498506551314	0.0005076489224374608	0.0006143299234681695	0.0004683127652622329	0.0007157056357607184	0.0009738772495930018	0.0007449392037967601	0.0005985982370542428	0.0006379767847039584	0.0034647025640934383	0.0007705227317653039	0.0003627950342070727	0.00036436199193636264	0.00138592930787049	0.0006971817244845983	0.001188734730431308	0.0002542651842752666	0.0011212921968954553	0.0001508598599380088	0.0003141749920777688
547	Enterobacter	genus	0.006527680174904349	0.008344867300445532	0.014951664876476907	0.005032072550320726	0.09125217727888524	0.08704817146495013	0.0058627581612258495	0.01021566771100722	0.0032826115229548708	0.007360770780145484	0.018619235624311767	0.027124293403598856	0.006866448502477914	0.04217969857203926	0.0034040187085410695	0.021088069284006857	0.026866847803780895	0.020474714241273995	0.033438585742749494	0.005389227127681489	0.0509078955252159	0.004374388311567583	0.007407523563910246	0.01509764538823288	0.004099655370476738	0.030319583456447412	0.005707382518225548	0.009071554053102771	0.0037798075205708755	0.019520680856685943	0.0018990619435393342	0.00339693154622165	0.01683262584892475	0.04072605102222198	0.025165184122095872	0.011295212731778734	0.007041093468758036	0.023775084634273178	0.01019133553745329	0.032890579327679775	0.005540568951685025	0.014130168494977816	0.0034211895020073817	0.007850557431742447	0.021641671558947535	0.012579411877772362	0.0031316808370195955	0.03597000741937779	0.0057840024107697445	0.008951982213844686	0.006764792953189191	0.005525427283922216	0.022748203143880052	0.033647919278144395	0.006077295011977586	0.008593638418174027	0.0049584332933493265	0.004418448370864075	0.0040407166878097325	0.0015261846751895753	0.0022132484657939487	0.002487134380540539	0.0052259313259326815	0.016358004631488603	0.019603378434925132	0.005604076707267091	0.005514494031461011	0.020704960347731866	0.005239110276399565	0.008594135096707376	0.00343037258068637	0.004257922487367852	0.003058402995065303	0.04229210676113188	0.015959663822967485	0.013375273715207673	0.0018578106458244329	0.04393862880406294	0.002096027747650737	0.0046603754764365365
544	Citrobacter	genus	0.00115561802139455	0.0034450360162856246	0.003293949158610813	0.0009400575094005751	0.007257596284110703	0.12144962391832308	0.0008971796580057739	0.001747074382423846	0.0005592404734035635	0.0021104083543946528	0.005626728976982784	0.0036664189356575005	0.0014190772462831286	0.001221379189804432	0.0007136911734540788	0.0016301014980664055	0.007407468212078179	0.0043490187124268845	0.0016390051814556775	0.0010618970345295956	0.003926953801210311	0.0005431427702996999	0.0017176866235154194	0.0016440708165281759	0.0007682366456059736	0.001986378410053061	0.0033221631039548993	0.0012248709818209122	0.0013032028676693542	0.009864017667335523	0.00032298623847919623	0.0010103352640273124	0.003512168204135448	0.0014111778857570088	0.002350680354555141	0.0012851196001498646	0.002018915530984829	0.002947993401454022	0.001253033057883601	0.003403493906609831	0.0006725667049147576	0.0024135521862608997	0.0006670401200839185	0.0013789205022353929	0.0024186466252965693	0.001395094475797901	0.0006730096647389732	0.004497362563649114	0.002798214882403226	0.001359335919092326	0.0009322689712840382	0.0009159708783847789	0.0019221205281539338	0.0016707178907139541	0.0009203146614482628	0.0006311593167936686	0.0008777738904438225	0.0008513156969643128	0.0006088751173411926	0.00027195407830260315	0.00039522294032034793	0.0006395685743905968	0.0015434891935121571	0.0017494954063503568	0.0011868649267284808	0.001895095338458825	0.0023139630626790317	0.0013723390012049805	0.0019887977052087356	0.0016949816087822292	0.0011165631907081861	0.0004486278083510503	0.0006985631781316646	0.0018280945547068056	0.0019607322503062655	0.005057142598971704	0.00045980889611455395	0.001993808183225958	0.00016687015141939488	0.0010890947349564124
160674	Raoultella	genus	0.0	0.0	0.0	0.0	0.0	0.0	0.0	0.0	0.0	0.0	0.0	0.0	0.0	0.0	0.0	0.0	0.0	0.0	0.0	0.0	0.0	0.0	0.0	0.0	0.0	0.0	0.0	0.0	0.0	0.0	0.0	0.0	0.0	0.0	0.0	0.0	0.0	0.0	0.0	0.0	0.0	0.0	0.0	0.0	0.0	0.0	0.0	0.0	0.0	0.0	0.0	0.0	0.0	0.0	0.0	0.0	0.0	0.0	0.0	0.0	0.0	0.0	0.0	0.0	0.0	0.0	0.0	0.0	0.0	0.0	0.0	0.0	0.0	0.0	0.0	0.0	0.0	0.0	0.0	0.0
590	Salmonella	genus	0.00021863043648004998	0.00018184940848428517	0.00037235947010383103	0.00024330900243309004	0.0004161021869556803	0.0010138879064393671	0.00022207417277370642	0.0001626698680096691	0.00019248276759006373	0.00015074345388533234	0.00021486315902559557	0.0002297142084994257	0.00010436867054514113	0.00022321757606770653	0.00013222781835966305	0.00020024279438819568	0.0004514746804790557	0.00022986356831008903	0.00013352917612498332	0.00012360003030194292	0.0002526205331912613	9.818350078494576e-05	0.00015319255701296225	0.00014308005464038314	0.0001364158529580701	0.0002631951393320306	0.00019037898375499123	0.00020336299825889987	0.00014018516903216159	0.00034681412689543554	6.435440089999022e-05	9.124382440886357e-05	0.00023746146904972444	0.00018182484297253767	0.00014822539327684494	0.00017596252986667378	0.00021494921573669324	0.00022385463912910213	0.00013966097624327638	0.00025443365435365566	0.00010669020824464274	0.00023772581684223897	0.00017949139651820083	0.0001403297023297366	0.00023167578005599032	0.0001773320089236443	0.00015763080894160765	0.0002718744600624041	0.00016604791609865297	0.0002612945711144138	0.00011685822759827777	0.0001327861753521794	0.00017914909776968704	0.0002806504686768649	7.578451244864431e-05	0.00020268510506019644	0.00016035252565640412	0.00012698883315792888	0.00022592768732511786	7.240101952162017e-05	0.00010671019388649395	0.00010222046329352951	0.00010081613907203166	0.00021902079896294542	0.0001331418988317206	0.00016749419797560422	0.0003464349139744485	0.0002646598187235924	0.00023476262236801152	0.00025802869635005064	0.00013626463668217124	0.00011572002263772943	0.0001138327184420679	0.0002592533196977701	0.00015980126179660953	0.00031977365848173277	8.008592031664085e-05	0.000138902050064713	3.713727405476147e-05	0.0002442829312051766
413496	Cronobacter	genus	0.001546029515108925	0.0017578776153480901	0.001861797350519155	0.0018690555186905552	0.0023514611960518675	0.003433071608780741	0.0027803686431268045	0.0017080336141015256	0.0014878397711015738	0.0019628722080387954	0.0018531947465957618	0.002418755489493953	0.0011295383538030598	0.0019036668751434595	0.0013833064074549365	0.002071261404452899	0.0025660179112318693	0.0016718743535087141	0.0019099908624152025	0.0013808648546636418	0.002404753152493737	0.0014633519638266915	0.0018238357968787318	0.0012593744432026176	0.0014330844342331994	0.0022123289541965967	0.0013765098249510098	0.0019522847832854388	0.0016240711434540795	0.0022579618155811293	0.000622294914363113	0.0009067355050630818	0.0029354760650146887	0.001903733243958734	0.0022094302739030887	0.0020670654491641285	0.002109314733864747	0.002212717009853048	0.001437072288260255	0.0019005602274045164	0.001134890940641543	0.0012975111377267242	0.0013916844557946085	0.0014039558481909328	0.0023143318761614114	0.001873766891493892	0.0017437908239165344	0.002360480125214705	0.001687128826533227	0.0024755017459914693	0.0014074924301837011	0.0014978618888452846	0.0020751437158322084	0.002714210237338002	0.0013558160720264312	0.0023471565275105647	0.0015264727442356391	0.0014045073950557198	0.0023891852934631213	0.0007585897866295128	0.0014820860262013049	0.0011195903445865632	0.00120507712434639	0.00197830981827506	0.0017645377367616194	0.0016540052050090916	0.0023396506214306443	0.002859104453446338	0.0021369281070218087	0.0026559160641548315	0.0016566911091358716	0.0016770894457276816	0.0015143643269664845	0.0019064853806233248	0.0014506349298762345	0.0024919253386237383	0.0009479371480825208	0.0012438810528247616	0.0004040535417158048	0.001410733927709895
158483	Cedecea	genus	0.0	0.0	0.0	0.0	0.0	0.0	0.0	0.0	0.0	0.0	0.0	0.0	0.0	0.0	0.0	0.0	0.0	0.0	0.0	0.0	0.0	0.0	0.0	0.0	0.0	0.0	0.0	0.0	0.0	0.0	0.0	0.0	0.0	0.0	0.0	0.0	0.0	0.0	0.0	0.0	0.0	0.0	0.0	0.0	0.0	0.0	0.0	0.0	0.0	0.0	0.0	0.0	0.0	0.0	0.0	0.0	0.0	0.0	0.0	0.0	0.0	0.0	0.0	0.0	0.0	0.0	0.0	0.0	0.0	0.0	0.0	0.0	0.0	0.0	0.0	0.0	0.0	0.0	0.0	0.0
83654	Leclercia	genus	0.0	0.0	0.0	0.0	0.0	0.0	0.0	0.0	0.0	0.0	0.0	0.0	0.0	0.0	0.0	0.0	0.0	0.0	0.0	0.0	0.0	0.0	0.0	0.0	0.0	0.0	0.0	0.0	0.0	0.0	0.0	0.0	0.0	0.0	0.0	0.0	0.0	0.0	0.0	0.0	0.0	0.0	0.0	0.0	0.0	0.0	0.0	0.0	0.0	0.0	0.0	0.0	0.0	0.0	0.0	0.0	0.0	0.0	0.0	0.0	0.0	0.0	0.0	0.0	0.0	0.0	0.0	0.0	0.0	0.0	0.0	0.0	0.0	0.0	0.0	0.0	0.0	0.0	0.0	0.0
1330547	Kosakonia	genus	3.123291949715e-05	1.0102744915793621e-05	4.296455424274973e-05	5.529750055297501e-05	0.00012579833559125218	0.00015090424653981278	4.4414834554741284e-05	1.9520384161160293e-05	7.803355442840421e-06	1.603653764737578e-05	4.028684231729917e-05	1.8016800666621624e-05	1.0100193923723335e-05	2.9481566650451806e-05	1.3561827524068006e-05	1.5643968311577787e-05	5.910213998998547e-05	3.9843018507082095e-05	3.272773924631944e-05	2.3922586510053468e-05	2.2671073491523448e-05	1.6712085239990768e-05	2.533105273442683e-05	1.6197742034760356e-05	1.5795519816197587e-05	2.9795676150795918e-05	1.2957731878611968e-05	2.502929209340306e-05	2.1806581849447357e-05	4.495738681977868e-05	4.856935916980394e-06	6.653195529812969e-06	5.879998281231272e-05	2.4424232638102076e-05	5.0571016529747095e-05	2.7679499080150932e-05	2.6115325276420673e-05	5.1658762875946644e-05	3.393631198434753e-05	3.076872099160487e-05	1.882768380787813e-05	3.720136828447251e-05	1.0852968161565633e-05	2.503534595553986e-05	4.002775257511875e-05	3.1002099462175576e-05	3.448173945597667e-05	4.319500767346607e-05	2.2549717001051637e-05	3.6248957842462026e-05	2.5968495021839505e-05	1.353234908047688e-05	4.105500157221995e-05	5.462324558140323e-05	9.343296055312312e-06	4.2007275660144335e-05	1.56187524990004e-05	1.2535378380396412e-05	5.5352283394653876e-05	6.483673389995836e-06	3.2605892576428706e-05	1.5885612538859317e-05	2.0045314201456586e-05	3.6503466493824234e-05	2.445463447929562e-05	2.5377908784182457e-05	3.332440054263232e-05	6.149448729165823e-05	3.369030799358708e-05	6.406229702484016e-05	1.837779639463494e-05	4.2969567229451e-05	1.5080402870530364e-05	6.865601746936993e-05	3.069353504020244e-05	3.513996247052008e-05	1.4311932528068896e-05	2.806828990944978e-05	4.126363783862386e-06	1.764265614259609e-05
1330546	Pluralibacter	genus	0.0	0.0	0.0	0.0	0.0	0.0	0.0	0.0	0.0	0.0	0.0	0.0	0.0	0.0	0.0	0.0	0.0	0.0	0.0	0.0	0.0	0.0	0.0	0.0	0.0	0.0	0.0	0.0	0.0	0.0	0.0	0.0	0.0	0.0	0.0	0.0	0.0	0.0	0.0	0.0	0.0	0.0	0.0	0.0	0.0	0.0	0.0	0.0	0.0	0.0	0.0	0.0	0.0	0.0	0.0	0.0	0.0	0.0	0.0	0.0	0.0	0.0	0.0	0.0	0.0	0.0	0.0	0.0	0.0	0.0	0.0	0.0	0.0	0.0	0.0	0.0	0.0	0.0	0.0	0.0
579	Kluyvera	genus	0.0	0.0	0.0	0.0	0.0	0.0	0.0	0.0	0.0	0.0	0.0	0.0	0.0	0.0	0.0	0.0	0.0	0.0	0.0	0.0	0.0	0.0	0.0	0.0	0.0	0.0	0.0	0.0	0.0	0.0	0.0	0.0	0.0	0.0	0.0	0.0	0.0	0.0	0.0	0.0	0.0	0.0	0.0	0.0	0.0	0.0	0.0	0.0	0.0	0.0	0.0	0.0	0.0	0.0	0.0	0.0	0.0	0.0	0.0	0.0	0.0	0.0	0.0	0.0	0.0	0.0	0.0	0.0	0.0	0.0	0.0	0.0	0.0	0.0	0.0	0.0	0.0	0.0	0.0	0.0
1335483	Shimwellia	genus	0.0	0.0	0.0	0.0	0.0	0.0	0.0	0.0	0.0	0.0	0.0	0.0	0.0	0.0	0.0	0.0	0.0	0.0	0.0	0.0	0.0	0.0	0.0	0.0	0.0	0.0	0.0	0.0	0.0	0.0	0.0	0.0	0.0	0.0	0.0	0.0	0.0	0.0	0.0	0.0	0.0	0.0	0.0	0.0	0.0	0.0	0.0	0.0	0.0	0.0	0.0	0.0	0.0	0.0	0.0	0.0	0.0	0.0	0.0	0.0	0.0	0.0	0.0	0.0	0.0	0.0	0.0	0.0	0.0	0.0	0.0	0.0	0.0	0.0	0.0	0.0	0.0	0.0	0.0	0.0
1330545	Lelliottia	genus	0.0	0.0	0.0	0.0	0.0	0.0	0.0	0.0	0.0	0.0	0.0	0.0	0.0	0.0	0.0	0.0	0.0	0.0	0.0	0.0	0.0	0.0	0.0	0.0	0.0	0.0	0.0	0.0	0.0	0.0	0.0	0.0	0.0	0.0	0.0	0.0	0.0	0.0	0.0	0.0	0.0	0.0	0.0	0.0	0.0	0.0	0.0	0.0	0.0	0.0	0.0	0.0	0.0	0.0	0.0	0.0	0.0	0.0	0.0	0.0	0.0	0.0	0.0	0.0	0.0	0.0	0.0	0.0	0.0	0.0	0.0	0.0	0.0	0.0	0.0	0.0	0.0	0.0	0.0	0.0
620	Shigella	genus	4.684937924572499e-05	0.00017174666356849157	0.0002577873254564984	0.00011059500110595002	0.00044513257209212307	0.0002593666737403032	2.664890073284477e-05	0.00015290967592908894	4.421901417609572e-05	0.00013470691623795655	0.0001544328955496468	7.20672026664865e-05	4.376750700280112e-05	0.00021690009749975256	4.577116789372952e-05	0.000325394540880818	0.0004695336676982179	0.0002789011295495747	6.676458806249166e-05	0.00010366454154356503	0.00017812986314768423	2.506812785998615e-05	0.0001350989479169431	0.0001187834415882426	9.908098793796668e-05	0.00011918270460318367	6.080166496887154e-05	0.00018771969070052296	7.268860616482453e-05	0.00022203444102829472	1.760639269905393e-05	9.599610693015856e-05	0.0007598767009591182	0.00013297637769633353	0.0001429939088082504	0.00011071799632060373	0.00013660323990743122	0.0005062558761842771	2.218912706668877e-05	0.00010414028643312418	9.413841903939066e-05	0.0001288437633267097	2.2540780027867084e-05	0.00021543574019635618	0.00024380540204845056	0.00015377041333239087	6.588475217481257e-05	0.00017023914788954274	7.584904809444642e-05	0.0001011950073102065	7.011493655896666e-05	0.00012602000081194094	0.00013716102797991665	0.0004831331893665493	4.5159264267342844e-05	0.00011026909860787889	0.00011766126882580302	7.030712222048422e-05	5.987083714115623e-05	1.18867345483257e-05	2.5689491120822617e-05	5.594498328902629e-05	6.603162325185699e-05	6.143266312375299e-05	8.53195025166536e-05	8.311265126819755e-05	5.345789253713935e-05	7.239224453321791e-05	0.00010588382512270224	0.0006174893629894315	9.547489346481078e-05	1.6911290072977002e-05	2.6755553479973225e-05	0.00018444900215651625	9.329860254283758e-05	0.00015461583487028836	2.314269940709013e-05	9.236146679605269e-05	1.1718873146169174e-05	1.2892710258050988e-05
613	Serratia	genus	0.0071211056453501995	0.007688188880918946	0.008979591836734694	0.007996018579960186	0.0067592413392684346	0.0059182759189832825	0.010508549855651788	0.007381958610278783	0.006463779425152816	0.007970159210745764	0.0065063250342438156	0.010215525977974461	0.005008012820512821	0.0068418292890941364	0.005439988065591779	0.008707432762224196	0.007614325702043128	0.005859988568118536	0.008027459882337232	0.006560104834090218	0.009913736565364753	0.006744370899663774	0.006483543259406867	0.0056125176150444624	0.005603101665709363	0.012665645337100831	0.005098369119930786	0.009844333446486591	0.006271988303364859	0.007579448418738606	0.0027684534726788246	0.004077458403271091	0.013426749921411562	0.007334054300496762	0.00920392500841397	0.0088445885096468	0.008583906531241964	0.008819872781686625	0.008627654700636044	0.007443663655276717	0.004774909810164648	0.005089328651405032	0.005359696584403951	0.00500970449068224	0.008682383422203031	0.007895614691026877	0.0056488478173058925	0.009647732008008862	0.006244221635018481	0.010146687449402496	0.005471561901101584	0.005640452251106269	0.008702727265093078	0.009740831535318167	0.005801667778345873	0.008069597654313728	0.006118385978941756	0.00582840593043301	0.011434200255524215	0.0032335520012218124	0.0051122087330437	0.004266322984892782	0.004697088771853077	0.008500856050805703	0.007918954080717683	0.006536080407366192	0.010032033080021605	0.010667347517023853	0.007415076359350451	0.009572864634586878	0.005781834041326733	0.01131450394134101	0.00606475427699684	0.006953727381300663	0.004640326579212828	0.009103760277184025	0.004729027918317233	0.004273097263821534	0.0015614160558135267	0.006081966423311106
629	Yersinia	genus	0.0027016475365034746	0.0025964054433589606	0.001661296097386323	0.00117230701172307	0.0012337913682988195	0.0016929570158685247	0.0015634021763268932	0.0011809832417501976	0.0008141500845363506	0.0012444353214363605	0.0013898960599468214	0.001585478458662703	0.0009342679379444086	0.0009728916994649095	0.0009171185863150989	0.001138880893082863	0.004304605862603942	0.004344421441060682	0.001629841414466708	0.0011376518918114315	0.0017796792690845907	0.0013578569257492498	0.003071088583897653	0.0010690509742941833	0.000997989661114302	0.0014202605631879388	0.0010475827849554752	0.0006851768710569088	0.0009906418611606085	0.001992804983113455	0.0005634045663697257	0.0008297485282181032	0.001078753530825891	0.0008182117933764195	0.0012520686161502901	0.0013414671518487435	0.0020349865003857033	0.0010917218554450058	0.0009058384814283533	0.0015088507409344698	0.0007907627199308815	0.0011677600239540517	0.001476003669972926	0.010638704381317306	0.0017539433401097487	0.0009821465109617223	0.0011354344206575176	0.0018281651777093434	0.0012720090362865945	0.0014559998066722248	0.0010941392569201712	0.0020450762547870685	0.0013473505061428546	0.0018289369468807773	0.0007713409965663387	0.0018651230393104087	0.0010672814207650274	0.0009619540365825943	0.0011093049447663287	0.0014040754930113204	0.0009307500244544194	0.000865420543964814	0.0011195897549578252	0.0009757999823714967	0.0009569913626231019	0.0011274135977373057	0.0012670214789646664	0.0008126613257277367	0.0015893269104276316	0.0015241488167159888	0.0010148129521330121	0.0017815352749834263	0.0007579118603963324	0.0014079607164614073	0.0006043703209106528	0.0022956435482526906	0.0010240644487637383	0.0005548885005175841	0.0005663021656972738	0.0017411944485346757
34037	Rahnella	genus	0.0076989146560474744	0.006172777143549903	0.014364482635159328	0.0014930325149303252	0.0044803561060576735	0.007498054749946948	0.0024694648012436155	0.009444612536641387	0.0016673169462869033	0.005779568168114231	0.003491526334165928	0.003148435916492129	0.00597763143719026	0.0014572317230080465	0.001337535239561207	0.004865274144900692	0.01010318248606585	0.01085262527181367	0.002883968382385669	0.0059035627376476385	0.004451627216299854	0.0023574485241661977	0.003753820767120776	0.0020922083461565456	0.00172027570361861	0.0030788865355822446	0.002624439079721947	0.0012092276742625353	0.0017092206535328739	0.005857305254234023	0.002787274099357124	0.0059432045211315	0.005264859999502462	0.0020380665234682955	0.005711037211549025	0.00248917781013643	0.007647772563641039	0.001706461133668771	0.010616844680026261	0.0035656213979886726	0.0031138897053362884	0.005717215160011251	0.0025003568956837746	0.0046387860756041096	0.004375154652680404	0.0015153826217111422	0.03955917559086924	0.0061120935857954485	0.002784890049629877	0.002248945759476082	0.0018619410930658924	0.0033627887464985047	0.0016757905187206141	0.0035580452035610588	0.0016267716576304882	0.003125341309114739	0.0030258729841396775	0.002258003157825319	0.002856855606226115	0.014393034517636311	0.0058097772227091145	0.001531925591790868	0.0021660730698868087	0.0015295842789363424	0.0030926961071482528	0.0015721614491801031	0.002498635782352786	0.0018705221893905663	0.00411235664239182	0.0038900050360083493	0.001682688967450233	0.1812373384692602	0.0023457323432805616	0.0020678782575102765	0.008661910467932686	0.003686684062621421	0.055759898147761874	0.012754758714664242	0.0014323433966543112	0.001756122849886103
1745211	Chania	genus	0.0	0.0	0.0	0.0	0.0	0.0	0.0	0.0	0.0	0.0	0.0	0.0	0.0	0.0	0.0	0.0	0.0	0.0	0.0	0.0	0.0	0.0	0.0	0.0	0.0	0.0	0.0	0.0	0.0	0.0	0.0	0.0	0.0	0.0	0.0	0.0	0.0	0.0	0.0	0.0	0.0	0.0	0.0	0.0	0.0	0.0	0.0	0.0	0.0	0.0	0.0	0.0	0.0	0.0	0.0	0.0	0.0	0.0	0.0	0.0	0.0	0.0	0.0	0.0	0.0	0.0	0.0	0.0	0.0	0.0	0.0	0.0	0.0	0.0	0.0	0.0	0.0	0.0	0.0	0.0
53335	Pantoea	genus	0.0008745217459201999	0.0010001717466635684	0.0010454708199069101	0.0009289980092899801	0.0012047609831623766	0.0010846242720049045	0.001074838996224739	0.0008426299162900859	0.0006892963974509038	0.0007825830371919381	0.0011078881637257272	0.0014233272526631084	0.0006093783667313079	0.000905505261406734	0.0007357291431806893	0.001301578163523272	0.0015497894486262856	0.001216744488254738	0.001025032793194725	0.0010233550895967316	0.0011319343121839207	0.0007081746120446088	0.0008986492517689519	0.0006992025311671553	0.0007151062607696726	0.0010205019081647602	0.0007744736668985769	0.0009245194767000755	0.0007227324270102553	0.0011037497213100766	0.00040009009616125997	0.0004828319041635698	0.00145869188130545	0.0009267639384346509	0.0010079326742825456	0.0010458896438142746	0.001102870275134996	0.0013465717522996759	0.0011159825671775822	0.001177495284101802	0.000583658198044222	0.001081561731587591	0.0007872576135658762	0.0009269666252485417	0.0016435637799783608	0.0011024346568749635	0.0027739327901638374	0.0014444918742567917	0.0008322895547660877	0.0013714189050398134	0.00073404279261733	0.0007992543675656657	0.0013968031216730287	0.0016057350640740087	0.0005990090915461338	0.0010470313458290977	0.0007361638677862188	0.0007341371599301725	0.001157879397541229	0.0004073908113380717	0.003148938777002372	0.0005912210579679815	0.0006614953686480674	0.0009143673192477437	0.002380794525639869	0.0007270770866668274	0.0010233367999966676	0.0012158783436654452	0.0009604411612140061	0.001287474219374218	0.0007422836787686697	0.0013618374722918084	0.0006922391382182164	0.0011287254215300148	0.0005741639848393425	0.0013252785846024717	0.0006282024852214071	0.00045149163768875623	0.0002635921185131292	0.0010782377157917378
551	Erwinia	genus	0.00065589130944015	0.0005455482254528556	0.0008592910848549946	0.0006414510064145101	0.0006193148829107799	0.0008676994176039235	0.0007817010881634466	0.0006604396641192565	0.0004682013265704253	0.0005709007402465778	0.0005975881610399377	0.0007386888273314866	0.0004949095022624434	0.0006296420306060778	0.0004865305624259397	0.0007008497803586849	0.000701017049325661	0.0005348159022681404	0.000788083961051372	0.0005156646425500414	0.0007546228747892804	0.0004909175039247288	0.0006381012807862759	0.0004656850834993602	0.0004480183802412407	0.0006828175784557397	0.0004614946045997955	0.0006961271863477727	0.0005337420509817115	0.0008652003218581897	0.00026531012446505403	0.00037067803666100826	0.0008797382043842172	0.000621461030458375	0.0007306639974470356	0.0007433922610097679	0.0006910516842375932	0.000766271649326542	0.0005247075929887579	0.0007041303457694193	0.00034935813287951644	0.00044913847075155836	0.0004817048176325669	0.00045327152677398483	0.0008903142542465806	0.0006907267760172719	0.0005904997881836005	0.0009185291337622343	0.0005299183495247134	0.0010043982068848854	0.00043194263386326374	0.000568358661380029	0.000730592414342005	0.0010350163257579683	0.0003566024661110866	0.0005944029505910424	0.000587265093962415	0.0004932398884460327	0.0008822476190045852	0.00031553877164646404	0.0005118137077148505	0.00043029289616127624	0.0004415864804967936	0.0006570623968888363	0.0007032066003601896	0.0004923314304131396	0.000881013839345842	0.0006896723511444202	0.0006647151243814085	0.0008808565840915521	0.0005428173520464124	0.0007509038233661487	0.0005030044054234967	0.0006650411244421058	0.0003473728648200689	0.0007765931705984938	0.00036510653406711933	0.00027228640211303845	0.00013534473211068625	0.0005713506335409964
32199	Buchnera	genus	0.0	0.0	0.0	0.0	0.0	0.0	0.0	0.0	0.0	0.0	0.0	0.0	0.0	0.0	0.0	0.0	0.0	0.0	0.0	0.0	0.0	0.0	0.0	0.0	0.0	0.0	0.0	0.0	0.0	0.0	0.0	0.0	0.0	0.0	0.0	0.0	0.0	0.0	0.0	0.0	0.0	0.0	0.0	0.0	0.0	0.0	0.0	0.0	0.0	0.0	0.0	0.0	0.0	0.0	0.0	0.0	0.0	0.0	0.0	0.0	0.0	0.0	0.0	0.0	0.0	0.0	0.0	0.0	0.0	0.0	0.0	0.0	0.0	0.0	0.0	0.0	0.0	0.0	0.0	0.0
51228	Wigglesworthia	genus	0.0	0.0	0.0	0.0	0.0	0.0	0.0	0.0	0.0	0.0	0.0	0.0	0.0	0.0	0.0	0.0	0.0	0.0	0.0	0.0	0.0	0.0	0.0	0.0	0.0	0.0	0.0	0.0	0.0	0.0	0.0	0.0	0.0	0.0	0.0	0.0	0.0	0.0	0.0	0.0	0.0	0.0	0.0	0.0	0.0	0.0	0.0	0.0	0.0	0.0	0.0	0.0	0.0	0.0	0.0	0.0	0.0	0.0	0.0	0.0	0.0	0.0	0.0	0.0	0.0	0.0	0.0	0.0	0.0	0.0	0.0	0.0	0.0	0.0	0.0	0.0	0.0	0.0	0.0	0.0
122277	Pectobacterium	genus	0.0014367142968688999	0.0011315074305688856	0.0015037593984962407	0.001161247511612475	0.0012821753435262242	0.0018957345971563982	0.0015989340439706862	0.0011517026655084573	0.000821953439979191	0.0011161430202573544	0.0013026079015926732	0.0015134112559962165	0.001063887093298858	0.0011181937065278505	0.000934070870720184	0.0012139719409784363	0.0012936801753363487	0.0010864884662123541	0.001576167922102744	0.0008638711795297085	0.0015092457495785609	0.0008439603046195337	0.0013485769979566283	0.0011203438240709246	0.0008730614589316485	0.001330873534735551	0.0009209957119874968	0.0009636277455960179	0.0009439134714832214	0.001440471373613317	0.0004954074635320002	0.0007270992257581316	0.0018906456011959013	0.0009986797345357293	0.0015293372929858	0.001349375580157358	0.0013459436873232194	0.0013018008244738556	0.000938469550644072	0.001201163531018421	0.0007792569131594004	0.0008020977942310659	0.0010928104094991857	0.0009809902665210224	0.0016690359861625272	0.0012512447342934063	0.0010473828359752913	0.001715095892917035	0.001017812226456558	0.0017248462440038182	0.0010231587038604766	0.0014149762507273639	0.001500373693821129	0.002078508672382016	0.000831034276919723	0.0015574197450998514	0.001130797680927629	0.000770108245717397	0.0015250118894445455	0.0007171663177489839	0.0010898272579333594	0.0008633485075467019	0.001166755200137723	0.0011138008922871737	0.0012249054692518295	0.0012397108441073131	0.0014405860651242098	0.001221327222286225	0.0011802303133626457	0.0018658144008484696	0.0010367766600192833	0.00167996117423064	0.0009510383100608665	0.0014884009757352213	0.0006716037786177629	0.0014703564296593332	0.0010472071481708283	0.0005913532874084931	0.0004971443086797402	0.0015091256638897579
204037	Dickeya	genus	0.00048411025220582496	0.0004344180313791257	0.0005871822413175796	0.0004976775049767751	0.0005564157151151538	0.00028294546226214896	0.0005862758161225849	0.0003969144779435926	0.0004734035635323189	0.0005388276649518262	0.0005640157924421884	0.0007567056279981083	0.00042084141348847233	0.0006380653353633498	0.00038481685599542966	0.0007540392726180494	0.0005565451515723631	0.0004581947128314441	0.0007684473175035804	0.00037744525382528806	0.0007238549893364987	0.00042615817361976456	0.0005138584983269442	0.0005628715357079223	0.000376220562894888	0.0006356410912169795	0.0003907254535704532	0.0008541245926873795	0.0004517077668814096	0.0005596735910217346	0.0001797066289282746	0.00025092051712437486	0.0010041227834102634	0.0005821108778747661	0.000725432512978441	0.0007038501194666951	0.0005865903831319105	0.0008248182472526148	0.00040462525827491283	0.0007112308198444049	0.0003765536761575626	0.0003202947074248487	0.0004332838827578895	0.00034193011976118914	0.0007289902817468597	0.0006274824931144337	0.0003091041644089337	0.000952831051620575	0.00044586940433897555	0.0010240330590495523	0.0004501205803785514	0.0002884081897776635	0.0008565566237113162	0.0008683212487250652	0.00040902873842145015	0.0007760844178211666	0.0005112538318006131	0.00041312247010176	0.0008404509968494384	0.00019523060985431908	0.00042486466084437407	0.0003142588567469995	0.00035550954304348003	0.0006196686019439431	0.0007119015815083836	0.0004739324465446074	0.0009643248407024228	0.0007394906699629787	0.0005176542561554332	0.0007812041220529119	0.0003904161136518788	0.0005414803632800372	0.0004348993602017466	0.0006138052905097402	0.00023385550506820906	0.0006842252692474125	0.00025852831311341476	0.0002171094219491628	9.408109427206239e-05	0.00045667336861412186
84565	Sodalis	genus	0.00035917857421722497	0.0004142125415475385	0.0005442176870748299	0.000409201504092015	0.00047900135475130635	0.0002593666737403032	0.0006395736175882745	0.00044246204098629993	0.00038496553518012745	0.0003656330583601678	0.000436440791770741	0.0005810418214985474	0.0003248895712131006	0.0005327740258974505	0.0003187029468155981	0.0005287661289313292	0.0003644631966049104	0.000376976252028546	0.0006244452648197749	0.00030567749429512764	0.0007189969021597436	0.0003781109285547911	0.00041735924981484206	0.00044138847044721967	0.0003058587018954624	0.0005462540627645918	0.0002840733527234162	0.0005960100179741604	0.0004465157235839221	0.0005229736834137521	0.00011353087705941672	0.00024616823460307986	0.0007440459363558033	0.0004654173219371673	0.0006487040741057213	0.0006969302446966574	0.0005484218308048341	0.0006130173194612335	0.0002701852531061515	0.000410644084003342	0.00026358757331029385	0.0002794639373565252	0.00032558904484696896	0.00023717696168406183	0.000642869965600392	0.0005567977063406734	0.0002549185738352561	0.0005462898029291297	0.0003525955749255347	0.0007400828892835998	0.0003410529012868255	0.00046009986873621393	0.0005477110437021161	0.0007082186323657799	0.0003555643221049408	0.0006311593167936686	0.00043211881913901107	0.0003422703314299542	0.0008133396743704242	0.00011706632509714704	0.0004337571770015819	0.0002603859098760853	0.0003802714017629264	0.0005377583844456058	0.0005331110316486445	0.0003958953770332463	0.0008414411137014662	0.0005884788910442231	0.0005074936870780022	0.0007118033002760018	0.0003720383172572439	0.00020453088559958978	0.00034295754915238406	0.00049186400575071	0.00013933890510314125	0.0005341274295519052	0.00015073205534881073	0.00013554345127212927	6.239062041199927e-05	0.0004369950213781493
626	Xenorhabdus	genus	0.00010931521824002499	0.0001919521534000788	0.00017185821697099891	7.7416500774165e-05	0.0001693439132959164	0.00020277758128787343	0.00031978680879413726	0.0001431494838485088	0.00012225256860449993	0.00015715806894428264	0.00020143421158649584	0.00030628561133256763	0.0001565530058177117	0.00012424374516976117	0.00012883736147864606	0.00013453812747956897	0.00017730641996995642	0.00012412632688744808	0.00021993040773526663	0.0001076516392952406	0.0002121364733849694	0.0001190736073349342	0.0001507800758001597	0.00012013325342447263	0.00012492820218265366	0.00013656351569114796	0.00011462608969541356	9.855283761777455e-05	0.00011837858718271423	0.0001752420588281169	7.285403875470591e-05	0.00012546025856218743	0.00025329223365303937	0.00013976088676247297	0.00020577172243138473	0.00018980227940674924	0.0001828072769349447	0.00015497628862783995	0.00011355612087070134	0.00019289621237044593	9.936833120824569e-05	9.890119860993912e-05	0.0001268962431198443	0.00014955325083967233	0.00028019426802583123	0.0001674113370957481	0.00013053801365476883	0.00026171092884511797	0.00011274858500525818	0.0002114522540810285	0.00012724562560701357	0.00024696537071870305	0.00016142080163622844	0.00024203748473139019	9.13566725408315e-05	0.00014387491913599436	0.000156187524990004	0.00010246309284845763	0.0002010756417193549	9.005101930549772e-05	0.00015710111877733832	0.00010705521493579105	0.0001910200529785863	0.00014690419442636582	0.00011738224550061897	0.00014465408006984	0.00013190908548125295	0.00014322766660335588	0.00011818346137432927	0.0002455721385952206	0.00011609388454171827	4.148052282050963e-05	0.00015420928096639114	0.0002495185112506206	0.00012886412727196105	0.0002289117555222451	0.00013276601238804337	9.85988645537082e-05	5.908952938490936e-05	0.000276175425001408
586	Providencia	genus	0.0	1.0102744915793621e-05	0.0	1.1059500110595001e-05	6.289916779562609e-05	0.0	3.553186764379303e-05	3.2533973601933817e-05	2.3410066328521263e-05	1.2829230117900625e-05	4.028684231729917e-05	0.0	4.545087265675501e-05	2.105826189317986e-05	3.390456881017001e-05	2.503034929852446e-05	4.104315277082324e-05	3.218089956341246e-05	2.094575311764444e-05	1.860645617448603e-05	2.9148523060530147e-05	1.775659056749019e-05	2.1712330915222997e-05	4.0494355086900884e-05	1.1487650775416427e-05	2.9795676150795918e-05	3.3889452605600534e-05	2.502929209340306e-05	3.1152259784924796e-05	5.780235448257259e-05	1.5177924740563733e-05	1.8058673580920918e-05	1.583076460331496e-05	2.578113445132997e-05	2.266976603057628e-05	3.4599373850188666e-05	4.62040370275135e-05	6.199051545113598e-05	1.9578641529431267e-05	2.0118009879126264e-05	2.92875081455882e-05	1.270290624347842e-05	4.6751247465205805e-05	4.9411867017512884e-05	8.612031614646762e-05	3.7202519354610696e-05	3.694472084568929e-05	1.5245296825929201e-05	1.2299845636937257e-05	3.6248957842462026e-05	5.3668223045134976e-05	3.721395997131142e-05	6.251557057588037e-05	3.1078743175625975e-05	1.0900512064531032e-05	0.0001995345593856856	2.7072504331600693e-05	3.106593772533024e-05	4.405589902839798e-05	2.7015305791649318e-05	3.655812197963218e-05	2.9699188659606547e-05	4.244890066190807e-05	1.4245255217102141e-05	2.6084943444581996e-05	3.552907229785544e-05	2.638181709625059e-05	2.1017103251579398e-05	2.566880609035206e-05	8.719590428381021e-05	3.0480247678906728e-05	6.062537950689869e-06	1.653979669671072e-05	3.4840367074008625e-05	9.500379893395994e-06	3.513996247052008e-05	3.623659512425955e-05	9.835896463995222e-06	3.25157466168356e-05	0.00010449880945999223
29487	Photorhabdus	genus	6.24658389943e-05	9.092470424214259e-05	8.592910848549946e-05	8.847600088476001e-05	0.00011128314302303077	0.00040555516257574685	0.00013324450366422385	8.784172872522131e-05	7.02301989855638e-05	4.810961294212734e-05	0.00014771842183009695	0.00011710920433304057	9.42684766214178e-05	0.00010107965708726333	9.323756422796755e-05	0.00010012139719409784	8.701148387414527e-05	6.589422291555886e-05	0.0001112743134374861	6.778066177848483e-05	0.00010201983071185552	0.00010862855405993998	0.00013027398549133798	0.0001093347587346324	8.472142446869616e-05	6.952324435185714e-05	6.578540799910692e-05	5.475157645431919e-05	7.891905812180948e-05	0.0001541396119535269	0.00011474511103866181	0.00010455021546848952	7.463074741562768e-05	9.091242148626883e-05	9.242289227850331e-05	0.00012060353170637192	0.0001265588840318848	0.00012398103090227196	6.13464101255513e-05	8.99393382831527e-05	5.543706898986339e-05	3.992341962236074e-05	9.099796381620414e-05	8.103546190872112e-05	0.00023652762885297443	8.308562655863055e-05	7.142646030166595e-05	0.00012704414021607666	7.27740866852121e-05	0.0005316513816894431	9.088973257643826e-05	0.00031885597520873646	8.117693492688944e-05	0.00017611287799521388	3.6854112218176344e-05	0.00012182109941441858	8.538251366120219e-05	4.033121739779715e-05	0.00012538986646544041	6.015408089607248e-05	0.00013042357030571482	8.219077791844603e-05	0.0002039905504030582	0.00010416842877505941	7.716795769022174e-05	8.438154670740667e-05	7.28971261870082e-05	8.01763568486177e-05	8.181931941299719e-05	0.00017083279206624042	7.799357494308486e-05	3.5205264239970995e-05	8.561777113591432e-05	0.00016446702692289367	6.991305203601667e-05	0.0001099378825863414	7.277769945124397e-05	5.565677999138759e-05	6.618687509315266e-05	0.0004464949131472395
583	Proteus	genus	0.0009994534239088	0.0007981168483476961	0.0013748657357679913	0.0010064145100641452	0.0011515386104122315	0.0012355285185447172	0.0014656895403064624	0.0010638609367832359	0.0006034594875796592	0.0006735345811897828	0.0014838986920205194	0.0009684030358309123	0.0008669333117862529	0.001490924942037134	0.0008730426468618778	0.0010168579402525563	0.0008372803165247941	0.0009501027490150347	0.001589259017801272	0.0008519098862746818	0.0025731668412879113	0.0005316532116972063	0.0006791134614039193	0.0010811992808202537	0.0009750143595634692	0.0009484956908003367	0.0008781355219274725	0.0005834953719274588	0.0007829601292611099	0.0011230171728042674	0.0006107596915602846	0.000866816331884204	0.0008503382129780608	0.0008982690003568652	0.0010201394713759326	0.0012910509213813256	0.0010968436616096682	0.0009918482472181757	0.0007975033316321669	0.0009976166075354965	0.0009685797336719527	0.0005707234305105661	0.0012138627466858792	0.0010211785850285995	0.0020583968521205006	0.0012549649862288674	0.0009365486734382235	0.0014406805500503095	0.0006703415872130804	0.0011373110523072462	0.0011417481644602101	0.0014175135661799532	0.0011430085664993054	0.0010463176869127413	0.0003700983381909822	0.0014597528291900156	0.0012317989470878314	0.000563547010666517	0.0006540606548062161	0.000753186725471183	0.0010572213653569308	0.0011886582251902993	0.0011472994540010152	0.0009927162229418055	0.0007205965626565776	0.0009637260860793288	0.0006227497351404415	0.0007208088004060193	0.0007091007682459756	0.0019272074354972748	0.0007629026698455772	0.00011221013224522477	0.0007306698423076325	0.0013562125241897182	0.0005390856590791111	0.0009276950092217301	0.0008861217799293721	0.000568082995774163	0.0006607133690720451	0.0026083988543130526
581	Morganella	genus	0.0	0.0	0.0	0.0	0.0	0.0	0.0	0.0	0.0	0.0	0.0	0.0	0.0	0.0	0.0	0.0	0.0	0.0	0.0	0.0	0.0	0.0	0.0	0.0	0.0	0.0	0.0	0.0	0.0	0.0	0.0	0.0	0.0	0.0	0.0	0.0	0.0	0.0	0.0	0.0	0.0	0.0	0.0	0.0	0.0	0.0	0.0	0.0	0.0	0.0	0.0	0.0	0.0	0.0	0.0	0.0	0.0	0.0	0.0	0.0	0.0	0.0	0.0	0.0	0.0	0.0	0.0	0.0	0.0	0.0	0.0	0.0	0.0	0.0	0.0	0.0	0.0	0.0	0.0	0.0
637	Arsenophonus	genus	0.0	0.0	0.0	0.0	0.0	0.0	0.0	0.0	0.0	0.0	0.0	0.0	0.0	0.0	0.0	0.0	0.0	0.0	0.0	0.0	0.0	0.0	0.0	0.0	0.0	0.0	0.0	0.0	0.0	0.0	0.0	0.0	0.0	0.0	0.0	0.0	0.0	0.0	0.0	0.0	0.0	0.0	0.0	0.0	0.0	0.0	0.0	0.0	0.0	0.0	0.0	0.0	0.0	0.0	0.0	0.0	0.0	0.0	0.0	0.0	0.0	0.0	0.0	0.0	0.0	0.0	0.0	0.0	0.0	0.0	0.0	0.0	0.0	0.0	0.0	0.0	0.0	0.0	0.0	0.0
635	Edwardsiella	genus	0.0018583587100804249	0.0018285968297586455	0.0020193340494092374	0.00254368502543685	0.0018724598413005613	0.0020749333899224257	0.003633133466577837	0.002205803410211113	0.001956041097671999	0.002360578341693715	0.002094915800499557	0.0033466207238249668	0.0014072936867054514	0.0021753184535654797	0.0014646773725993446	0.0029473236299012552	0.0020291734729895013	0.0013822462574380019	0.002053992915099008	0.001549651992817908	0.003165853476852024	0.0020608090111563612	0.0018962102332628085	0.001646770440200636	0.0015192418150488224	0.002542564364867918	0.001431330998283599	0.003441527662842921	0.001869135587095488	0.0023983389621816628	0.0005706899702451963	0.001105380914453212	0.0051427369582768894	0.002384076485841408	0.0024570538720832293	0.0027896980858637833	0.0027923309334019026	0.002762021855100614	0.0012412858729659423	0.002099373501504117	0.001286558393538339	0.001209498144468338	0.001471829451449247	0.0010995787473630533	0.0027000538555216466	0.0026637003857901257	0.001173610632198063	0.0027797257879277576	0.0018152522185846567	0.0035629704812653305	0.0014568325707251962	0.0015460708824444835	0.00246983157185605	0.004092034518124087	0.001738372138291163	0.0030266242113133994	0.0019398490603758497	0.0015489367546559392	0.0043457190656986415	0.0005806489724818493	0.001670804980204271	0.0012155946986257564	0.0014114259470084432	0.0027715924681774354	0.0022568910442781046	0.0019337966493547033	0.0034449099060946163	0.003586140543704677	0.0020583173883701057	0.0034130968248234283	0.0016445886578515998	0.0008389701641235384	0.0018077024860287364	0.0027088385400041706	0.0008635601723612512	0.0026841911332838695	0.0007134650619843708	0.0007835131183270339	0.0003032052108382081	0.0021327257021607504
568	Hafnia	genus	0.0	0.0	0.0	0.0	0.0	0.0	0.0	0.0	0.0	0.0	0.0	0.0	0.0	0.0	0.0	0.0	0.0	0.0	0.0	0.0	0.0	0.0	0.0	0.0	0.0	0.0	0.0	0.0	0.0	0.0	0.0	0.0	0.0	0.0	0.0	0.0	0.0	0.0	0.0	0.0	0.0	0.0	0.0	0.0	0.0	0.0	0.0	0.0	0.0	0.0	0.0	0.0	0.0	0.0	0.0	0.0	0.0	0.0	0.0	0.0	0.0	0.0	0.0	0.0	0.0	0.0	0.0	0.0	0.0	0.0	0.0	0.0	0.0	0.0	0.0	0.0	0.0	0.0	0.0	0.0
82982	Obesumbacterium	genus	0.0	0.0	0.0	0.0	0.0	0.0	0.0	0.0	0.0	0.0	0.0	0.0	0.0	0.0	0.0	0.0	0.0	0.0	0.0	0.0	0.0	0.0	0.0	0.0	0.0	0.0	0.0	0.0	0.0	0.0	0.0	0.0	0.0	0.0	0.0	0.0	0.0	0.0	0.0	0.0	0.0	0.0	0.0	0.0	0.0	0.0	0.0	0.0	0.0	0.0	0.0	0.0	0.0	0.0	0.0	0.0	0.0	0.0	0.0	0.0	0.0	0.0	0.0	0.0	0.0	0.0	0.0	0.0	0.0	0.0	0.0	0.0	0.0	0.0	0.0	0.0	0.0	0.0	0.0	0.0
702	Plesiomonas	genus	0.0	0.0	0.0	0.0	0.0	0.0	0.0	0.0	0.0	0.0	0.0	0.0	0.0	0.0	0.0	0.0	0.0	0.0	0.0	0.0	0.0	0.0	0.0	0.0	0.0	0.0	0.0	0.0	0.0	0.0	0.0	0.0	0.0	0.0	0.0	0.0	0.0	0.0	0.0	0.0	0.0	0.0	0.0	0.0	0.0	0.0	0.0	0.0	0.0	0.0	0.0	0.0	0.0	0.0	0.0	0.0	0.0	0.0	0.0	0.0	0.0	0.0	0.0	0.0	0.0	0.0	0.0	0.0	0.0	0.0	0.0	0.0	0.0	0.0	0.0	0.0	0.0	0.0	0.0	0.0
82984	Pragia	genus	0.0	0.0	0.0	0.0	0.0	0.0	0.0	0.0	0.0	0.0	0.0	0.0	0.0	0.0	0.0	0.0	0.0	0.0	0.0	0.0	0.0	0.0	0.0	0.0	0.0	0.0	0.0	0.0	0.0	0.0	0.0	0.0	0.0	0.0	0.0	0.0	0.0	0.0	0.0	0.0	0.0	0.0	0.0	0.0	0.0	0.0	0.0	0.0	0.0	0.0	0.0	0.0	0.0	0.0	0.0	0.0	0.0	0.0	0.0	0.0	0.0	0.0	0.0	0.0	0.0	0.0	0.0	0.0	0.0	0.0	0.0	0.0	0.0	0.0	0.0	0.0	0.0	0.0	0.0	0.0
40323	Stenotrophomonas	genus	0.018973998594518624	0.04296697412687027	0.015023272466881489	0.03368723733687237	0.009667118250435456	0.003032232203909363	0.012373972906950921	0.03128792241297976	0.02523084926518403	0.05289491577610428	0.011448177691832514	0.03039434272459068	0.017235980930833873	0.020036936191360637	0.018705150612570796	0.017274069809644195	0.014465248762548944	0.012210352748631928	0.009826176431314948	0.017418301044486707	0.017880999535242994	0.008558676653530271	0.01758819428193703	0.01653924442932655	0.017466973004020676	0.023483958752852314	0.012333767251226499	0.026285449690340728	0.01585338500454823	0.02866354533952461	0.007880985642290313	0.012010918844320928	0.007178120978703098	0.01859905315391473	0.021260752880368158	0.017405462153722052	0.024319394445872975	0.02007803917111793	0.006993490754312848	0.013417529177031387	0.014825755016270257	0.007460235366705683	0.013105376476942869	0.03347621049191819	0.015823091889164365	0.01620417734688993	0.007844595726234693	0.01126754479576384	0.021031711052026298	0.0134015417890069	0.013409265212777192	0.011359561281242811	0.012407941156985928	0.008762322015334063	0.013439812303563689	0.00993892142119015	0.01919440557110489	0.020093121510872804	0.020656568452135524	0.02014801505941206	0.013411890479771009	0.013304545840697696	0.007937944423776808	0.02911552100685464	0.013282127140188095	0.013688843998188018	0.016064443836582693	0.014672273303297038	0.024632428044454095	0.029002425469745692	0.01469909944315277	0.0006078491997928527	0.011081177322187457	0.006176992138886	0.003370686066280009	0.017843068943602367	0.01659483802089725	0.11354342968113702	0.004248999315518776	0.014092410875747523
338	Xanthomonas	genus	0.023799484656828296	0.04232039845225948	0.023372717508055856	0.048330015483300154	0.011646022837236307	0.002183395817122916	0.024632467244059517	0.039291279919055476	0.04307192092599818	0.06886409996536108	0.013442376386538822	0.029097133076593923	0.019319987610428788	0.03025861651431014	0.02603192793244854	0.027786816515024466	0.017065742922108305	0.015698149291790347	0.015676587098987012	0.022784934618242037	0.029328272286070083	0.015244555254854077	0.025099454537997785	0.01783641360394361	0.023022688110281447	0.045537725050466424	0.01793748791442315	0.040514602245440366	0.02482523582260657	0.01339271378384305	0.0036226670770777517	0.015233916850263181	0.01731433340042562	0.029509900634080218	0.029320726618316126	0.026184806129822782	0.03394791398817177	0.02987942844744754	0.008771231405185207	0.012089740525009053	0.0209970513755192	0.008141655551623704	0.015523918689562533	0.01673546994638483	0.02147064388885385	0.024647909156408073	0.010367304414647843	0.01488068014350906	0.028044673039353357	0.025732228948417733	0.018082728700207575	0.018135885083291607	0.019337838808733146	0.01634176822980188	0.021105986716947443	0.019794878472951517	0.0272797131147541	0.023556156042570144	0.03676973111216293	0.003984577502229664	0.01812887627249436	0.012450866836435518	0.013156211364867757	0.04101208977003706	0.01985335914293571	0.019773832076915365	0.025981230031394364	0.030105832791040177	0.04723167273983488	0.041974150863150476	0.02341017493420973	0.001376727916381222	0.019955751179190212	0.010459283138953118	0.004947018330130406	0.02405280231160713	0.007191593840753258	0.01570960595239666	0.0036792310042430575	0.014977257937668496
83618	Pseudoxanthomonas	genus	0.0005153431717029749	0.0015558227170322176	0.0008020050125313284	0.0016257465162574651	0.0001983742984323592	3.3010303930584046e-05	0.0003553186764379303	0.0015778977196937902	0.0013915983873065418	0.003075807920766675	0.0003692960545752424	0.0009053442334977366	0.0005369936436112907	0.0010086907446833153	0.0008357476211706908	0.0010794338134988673	0.00036117974438324454	0.000461259560408912	0.00033775026902201663	0.0007256517908049552	0.0010687791788861053	0.0002694823744948511	0.0007442504541495883	0.0004926813202239608	0.0007179781734635267	0.0013358394807606836	0.0005292735098109965	0.0019350771449712242	0.0007154635663937729	0.0003743390576014225	3.521278539810786e-05	0.0004970887517274547	0.000119861503425099	0.0009864676182166781	0.0009573616577527984	0.0008402705077902962	0.001207331576240679	0.000955687113205013	0.0001788182593021389	0.0002402327062036842	0.0006662908103121316	0.0001478981226919273	0.000298039202590687	0.00032611832231558505	0.0006549995875928523	0.000802334334081104	0.0002604602819621095	0.0003442896199855678	0.0009716878053180433	0.000679667959546163	0.00047522345889966294	0.0005624382586573203	0.0004665341087752267	0.0004454619855173057	0.0005377585951835309	0.0006353600443596831	0.0009277538984406238	0.0006371242315949307	0.0017746619839388007	3.493979549053312e-05	0.0005839418943233141	0.00033014446928585886	0.00039383146725214705	0.0011681109278023755	0.0004983311070558685	0.0005316671890286225	0.0006921755696042589	0.0006826666500605604	0.0011470747721626076	0.001648714394264289	0.0006481535021132225	1.4039561570018644e-05	0.0004927886486402342	0.00021006691912269906	0.00018757160302345936	0.0006003913587820289	0.00013733365042891644	0.00030083449185000017	7.774069368796734e-05	0.00023885442162283936
68	Lysobacter	genus	0.005715624267978449	0.00959760767000394	0.006272824919441461	0.014145100641451006	0.002254693245597058	0.00017919879276602767	0.005152120808349989	0.00917783395310553	0.013354142281180908	0.01635406109279382	0.002860365804528241	0.006332905434317501	0.0039424423615600085	0.007610455848195202	0.0053603123288878795	0.006545436341564147	0.0031209213366933993	0.0032977759933554103	0.00286564084840773	0.0048496398986213945	0.006406197623747625	0.002035740883296375	0.0055004571651898265	0.002783312006306321	0.004233199310740954	0.014992191049875479	0.003779670714130506	0.009223294136419027	0.005595984266031992	0.002090059738274609	0.0004176964888603139	0.0030908845518502538	0.003105091400050206	0.008051855359694318	0.00587844471454405	0.005879916447454919	0.007217874132167653	0.007170236287181395	0.0016341639463231963	0.002154993881758172	0.004275976189255877	0.0013174728475379045	0.0030279781170768115	0.003037841584236692	0.004743895161251194	0.00555309605566489	0.0018638611666650247	0.004300444146314196	0.005647679121627024	0.006600331073814961	0.0040623382379164266	0.004398013451154986	0.003610974001920254	0.003268918714018114	0.00478843922834756	0.00541893856015862	0.0056644009063041454	0.004611384194631915	0.00649993956434364	0.0003360704040481175	0.003331729386900533	0.0019373540509347992	0.002348839169958913	0.015255778009065324	0.003159538774724994	0.004043969764759474	0.006026856689803983	0.008448875507134917	0.014568116989861891	0.0103522892483891	0.005259635680357228	0.00015571150104929767	0.004068789987390837	0.001880867463657142	0.0008825609321480432	0.004960256702445842	0.0011126766267566756	0.0017236808803367234	0.0007094044617216213	0.002571756414632276
2370	Xylella	genus	0.0	0.0	0.0	0.0	0.0	0.0	0.0	0.0	0.0	0.0	0.0	0.0	0.0	0.0	0.0	0.0	0.0	0.0	0.0	0.0	0.0	0.0	0.0	0.0	0.0	0.0	0.0	0.0	0.0	0.0	0.0	0.0	0.0	0.0	0.0	0.0	0.0	0.0	0.0	0.0	0.0	0.0	0.0	0.0	0.0	0.0	0.0	0.0	0.0	0.0	0.0	0.0	0.0	0.0	0.0	0.0	0.0	0.0	0.0	0.0	0.0	0.0	0.0	0.0	0.0	0.0	0.0	0.0	0.0	0.0	0.0	0.0	0.0	0.0	0.0	0.0	0.0	0.0	0.0	0.0
231454	Dyella	genus	0.00046849379245724994	0.000959760767000394	0.0005442176870748299	0.0009511170095111701	0.00028546545384168764	3.7726061634953195e-05	0.0009415944925605152	0.0008231095321289256	0.0010638574587072441	0.0011770818633173824	0.0003357236859774931	0.0006125712226651353	0.000531943546649429	0.0006612294234458477	0.0004543212220562782	0.0006695618437355293	0.0004646084893657191	0.0003601195903524728	0.0003613142412793666	0.00045187107852323214	0.000746526062828022	0.0002726158904773494	0.0006501636868502886	0.0003023578513155266	0.00038770821367030444	0.0010602294763658213	0.0003897287049644061	0.0011059818443772478	0.0005057050171752793	0.00026148684170687603	5.585476304527453e-05	0.0003193533854310225	0.0007960613057666952	0.0011750769702553554	0.0006016207138883706	0.0006840790486951588	0.0007814508871175109	0.0007456081441761632	0.00017751301653351015	0.0003230715704118512	0.00043931262218382304	0.00022139350881490957	0.0004449716946241909	0.00029910650167934465	0.0006052681374237654	0.0005964803936522582	0.0001964227658295814	0.0003887550690611946	0.0005534930536621765	0.0009122654390352944	0.0004959982549171345	0.00045248792237844566	0.0004572034265997221	0.0005142119325421753	0.002675297103837759	0.000643761499491712	0.0005393675862988138	0.0004632639836233457	0.0010336191695124142	3.638061179942108e-05	0.0002983933199418627	0.00022377993315610516	0.00024290204267647393	0.0011787948692152021	0.0004119247318956907	0.0004929658781327442	0.0007005066697399169	0.0013622196551949608	0.0013796983273564232	0.0009840680626315723	0.0004935110690364163	1.797489322222084e-05	0.0006377551020408163	0.00032278575377390345	9.134980666726916e-05	0.0005411554220460092	0.00010383763812918072	0.00016960923902547856	6.948796612024257e-05	0.0004512448590317846
323413	Dokdonella	genus	0.0	0.0	0.0	0.0	0.0	0.0	0.0	0.0	0.0	0.0	0.0	0.0	0.0	0.0	0.0	0.0	0.0	0.0	0.0	0.0	0.0	0.0	0.0	0.0	0.0	0.0	0.0	0.0	0.0	0.0	0.0	0.0	0.0	0.0	0.0	0.0	0.0	0.0	0.0	0.0	0.0	0.0	0.0	0.0	0.0	0.0	0.0	0.0	0.0	0.0	0.0	0.0	0.0	0.0	0.0	0.0	0.0	0.0	0.0	0.0	0.0	0.0	0.0	0.0	0.0	0.0	0.0	0.0	0.0	0.0	0.0	0.0	0.0	0.0	0.0	0.0	0.0	0.0	0.0	0.0
75309	Rhodanobacter	genus	0.0	0.0	0.0	0.0	0.0	0.0	0.0	0.0	0.0	0.0	0.0	0.0	0.0	0.0	0.0	0.0	0.0	0.0	0.0	0.0	0.0	0.0	0.0	0.0	0.0	0.0	0.0	0.0	0.0	0.0	0.0	0.0	0.0	0.0	0.0	0.0	0.0	0.0	0.0	0.0	0.0	0.0	0.0	0.0	0.0	0.0	0.0	0.0	0.0	0.0	0.0	0.0	0.0	0.0	0.0	0.0	0.0	0.0	0.0	0.0	0.0	0.0	0.0	0.0	0.0	0.0	0.0	0.0	0.0	0.0	0.0	0.0	0.0	0.0	0.0	0.0	0.0	0.0	0.0	0.0
70411	Frateuria	genus	0.0	0.0	0.0	0.0	0.0	0.0	0.0	0.0	0.0	0.0	0.0	0.0	0.0	0.0	0.0	0.0	0.0	0.0	0.0	0.0	0.0	0.0	0.0	0.0	0.0	0.0	0.0	0.0	0.0	0.0	0.0	0.0	0.0	0.0	0.0	0.0	0.0	0.0	0.0	0.0	0.0	0.0	0.0	0.0	0.0	0.0	0.0	0.0	0.0	0.0	0.0	0.0	0.0	0.0	0.0	0.0	0.0	0.0	0.0	0.0	0.0	0.0	0.0	0.0	0.0	0.0	0.0	0.0	0.0	0.0	0.0	0.0	0.0	0.0	0.0	0.0	0.0	0.0	0.0	0.0
642	Aeromonas	genus	0.00534082923401265	0.004839214814665145	0.007962764052989617	0.010207918602079187	0.006038320108380104	0.06170568956167032	0.019116144792360647	0.009496666894404482	0.004661204317856678	0.005545434718462545	0.011367604007197916	0.006328401234150845	0.008095305429864254	0.006344854308415092	0.008155744027286397	0.021723214397456916	0.038641307470674666	0.0035015883572570225	0.004359334867609749	0.006735537135163943	0.019432348707020097	0.018605773398747222	0.008237417101114326	0.021344574566305455	0.009333716255025847	0.013214382372877989	0.022154731266608323	0.006734443903881261	0.007981208956897733	0.05020363861233979	0.015554337274129713	0.0071987575632576324	0.008075951485491104	0.0045334089579943905	0.006991007078198486	0.006587720781075922	0.00812387503214194	0.04882614071158224	0.0024695193182455973	0.005765584948888421	0.0029580383227044084	0.00709910988921251	0.010588322707164378	0.006606696032688256	0.029208129757844228	0.03192224177421295	0.007439435287626967	0.009440650059456658	0.014586591938271175	0.01025996544266019	0.005790108773369482	0.00542393466581864	0.006789937419114649	0.02903131324641959	0.0032961072195129546	0.00423748393221706	0.004273290683726509	0.007586629002396437	0.006841090372204569	0.010403053954248318	0.006140776435227407	0.006838410858575917	0.012679840368550788	0.006598224150871498	0.004239346746066336	0.004106780089000326	0.007214732717479898	0.015148660976999505	0.009238631125352545	0.014985238979060527	0.006840126170295833	0.0007246328255798259	0.011694122729183206	0.09881137988860304	0.0016223725664107004	0.034962254660312025	0.00695164058900606	0.11852399179062495	0.001175353460195362	0.03341247647928582
43947	Tolumonas	genus	0.0	0.0	0.0	0.0	0.0	0.0	0.0	0.0	0.0	0.0	0.0	0.0	0.0	0.0	0.0	0.0	0.0	0.0	0.0	0.0	0.0	0.0	0.0	0.0	0.0	0.0	0.0	0.0	0.0	0.0	0.0	0.0	0.0	0.0	0.0	0.0	0.0	0.0	0.0	0.0	0.0	0.0	0.0	0.0	0.0	0.0	0.0	0.0	0.0	0.0	0.0	0.0	0.0	0.0	0.0	0.0	0.0	0.0	0.0	0.0	0.0	0.0	0.0	0.0	0.0	0.0	0.0	0.0	0.0	0.0	0.0	0.0	0.0	0.0	0.0	0.0	0.0	0.0	0.0	0.0
129577	Oceanimonas	genus	0.0	0.0	0.0	0.0	0.0	0.0	0.0	0.0	0.0	0.0	0.0	0.0	0.0	0.0	0.0	0.0	0.0	0.0	0.0	0.0	0.0	0.0	0.0	0.0	0.0	0.0	0.0	0.0	0.0	0.0	0.0	0.0	0.0	0.0	0.0	0.0	0.0	0.0	0.0	0.0	0.0	0.0	0.0	0.0	0.0	0.0	0.0	0.0	0.0	0.0	0.0	0.0	0.0	0.0	0.0	0.0	0.0	0.0	0.0	0.0	0.0	0.0	0.0	0.0	0.0	0.0	0.0	0.0	0.0	0.0	0.0	0.0	0.0	0.0	0.0	0.0	0.0	0.0	0.0	0.0
22	Shewanella	genus	0.0017334270320918247	0.0016871584009375347	0.0027926960257787323	0.003196195531961955	0.0018482678536868588	0.02809648440263139	0.008012436153675327	0.0019650520055568025	0.0019768500455195734	0.0015908245346196775	0.005579727660945935	0.002959259509492602	0.0017389167205343675	0.002720727436598838	0.002620823169026142	0.0018428594671038635	0.0028566034328492977	0.0016611473869875767	0.0032976470064591465	0.0024693425408710747	0.0018703635630506845	0.0013599459364042486	0.0016079187283329032	0.0018060482368757796	0.0019773118897185526	0.0033271838368388773	0.002129055022516551	0.00208681722828748	0.0023436883444858422	0.00537837145994985	0.00150747148523279	0.0020529860491994307	0.0018408917695854827	0.002194110231989503	0.0020420227709080636	0.0021273672150173145	0.0022700244278734895	0.005801279070968808	0.001814287448393964	0.0024626810916742207	0.0013388575152268893	0.0016540998629900826	0.0023217003428703097	0.0021056043598396156	0.0070424585288224074	0.0029129572654660175	0.002077524802222594	0.002944883170208657	0.0017670778231733191	0.00394056379212431	0.002516347167616248	0.0030642312949104833	0.0027824094247354517	0.003413952848837702	0.0010594259582718017	0.0030129718467238526	0.0018950753032120485	0.0021250191437028527	0.0012866581793165462	0.010200979466926783	0.0016214021126642274	0.002063748272439636	0.002466163214843909	0.0023932028764731598	0.0018297500953730745	0.0026837138539272947	0.0022084357942940293	0.0018238175154981675	0.002117141735660496	0.003256500098762708	0.001928323904627305	0.00025452023361405014	0.001474474229050888	0.0027744204074375985	0.0010747609253759776	0.004513477179606372	0.014286658264242733	0.1928600987667945	0.001300299755570715	0.05343689120113239
2742	Marinobacter	genus	0.0016709611930975248	0.0016063364416111859	0.0014751163623344075	0.001935412519354125	0.0013982968840719953	0.0011930866992053949	0.003188985121030424	0.0017112870114617189	0.0016204968136298609	0.0017191168357986837	0.0016181881664115167	0.0020494110758282097	0.001474628312863607	0.0018362804370852838	0.0017376091515212133	0.0020462310551543745	0.001541580818072121	0.0012259390309871413	0.0021914494199335496	0.001247961596274456	0.002092216210789164	0.001565713485921635	0.0015922376004496865	0.0016845651716150768	0.0014373923032739804	0.0022917840905987193	0.0014632269536771054	0.002063352266949915	0.001631340004070562	0.002043267356074431	0.0007340044404536621	0.0011424487181193126	0.002517091571927079	0.0017951810989005024	0.0022477944933394483	0.0024110820805888617	0.0019445872975057856	0.0023108686593173466	0.0009828478047774496	0.0016792621187341275	0.0014110303031570888	0.0009617914727205088	0.001650486004262712	0.0011522847388484004	0.0023373781579470857	0.002082100999879712	0.001053540289449573	0.0022270837779878243	0.0016553542253044725	0.0035237007769359963	0.001461160653228836	0.0019664194757567964	0.002476363049378903	0.0021651524412352762	0.0016153520735628843	0.0026349063657825533	0.00156395775023324	0.001687915949742943	0.003198006414087043	0.0008482806018577885	0.0011510868136830135	0.0012459845660914002	0.0016018564319222807	0.002009471314062471	0.0020905995298188943	0.0017637646605006808	0.003571959183163402	0.002284636964569834	0.002188800485996062	0.002951314433769372	0.0016943431797980504	0.00045490306693158895	0.0018252152119429008	0.0019500358394658357	0.0007592995930183413	0.002161107691936985	0.0008891668719566209	0.0004891559241484453	0.0004809689626469996	0.002218224728082562
226	Alteromonas	genus	0.0010306863434059498	0.0012830486043057898	0.0010025062656641604	0.0014930325149303252	0.000982194697116315	0.001353422461153946	0.001696646679991117	0.0012330375995132919	0.0007257120561841592	0.0010199237943730997	0.0012824644804340236	0.0014143188523297976	0.001292824822236587	0.001046595616091039	0.0009934038661379813	0.001223358321965383	0.001119657207588058	0.0008765464071558061	0.001612822990058622	0.0008213421368451691	0.0013521675975301484	0.0009431883107319789	0.000938455191780194	0.0015576828590094542	0.0010008615738081562	0.0011272697477051122	0.0009817973769563684	0.0008228379775706257	0.0007912673985370898	0.0015423136172254687	0.0007279332705574366	0.0011776156087768956	0.0009860304810064748	0.0009145518221155999	0.0013776242433965588	0.0015777314475686032	0.00148455579840576	0.0012897471131361345	0.0008053347882439394	0.0014295621137637956	0.0009936833120824569	0.0006188130041465916	0.0014125555484130038	0.001089037549065984	0.0017745636974969311	0.001283486917734069	0.0010375309104164409	0.001807838115274771	0.0008435644132666135	0.0018698420753736663	0.0011928195380031612	0.0017769665886301204	0.0016058104024043302	0.0016452898281157145	0.000536720451177385	0.0016697892074907373	0.0010849826735972279	0.0006976210576916264	0.0009782668861177603	0.0008360336632322409	0.0009771887199420603	0.0011665565033971037	0.001409657242814197	0.0010639424990273162	0.001005357195259931	0.0012143329353231306	0.0010268080917198584	0.0008718205793247749	0.0009887838012721032	0.0019405537473774497	0.0009166486250494744	9.625608500656722e-05	0.0010240080013698843	0.0018491012466190753	0.0006903609389201089	0.0014000765047182929	0.0010015307677620979	0.0011270497948255988	0.0006468487867582676	0.002678969478883437
89404	Glaciecola	genus	0.0	0.0	1.4321518080916577e-05	0.0	0.0	0.0	8.882966910948258e-06	0.0	0.0	0.0	6.7144737195498615e-06	0.0	0.0	0.0	0.0	0.0	0.0	0.0	0.0	0.0	0.0	0.0	0.0	0.0	0.0	0.0	0.0	0.0	0.0	9.17497690199565e-07	1.8213509688676479e-06	0.0	0.0	1.356901813227893e-06	3.4876563123963513e-06	0.0	0.0	1.7219587625315548e-06	6.526213843143756e-06	0.0	0.0	2.7220513378882328e-06	1.6696874094716358e-06	0.0	1.2129621992460227e-06	0.0	1.2314906948563098e-06	1.2704414021607666e-06	0.0	3.0207464868718358e-06	8.656165007279835e-07	0.0	9.330682175504534e-07	0.0	0.0	0.0	1.0412501666000267e-06	2.7250822566079155e-06	0.0	3.602040772219909e-07	9.880573508008699e-07	1.3813576120747231e-06	0.0	8.903284510688838e-07	0.0	0.0	6.942583446381734e-07	0.0	0.0	8.897541253450022e-07	8.964778729090214e-07	1.0636031492438366e-07	0.0	5.123583393236563e-07	2.435994844460511e-07	5.019994638645725e-07	0.0	0.0	0.0	4.071382186752944e-06
261825	Agarivorans	genus	0.0	0.0	0.0	0.0	0.0	0.0	0.0	0.0	0.0	0.0	0.0	0.0	0.0	0.0	0.0	0.0	0.0	0.0	0.0	0.0	0.0	0.0	0.0	0.0	0.0	0.0	0.0	0.0	0.0	0.0	0.0	0.0	0.0	0.0	0.0	0.0	0.0	0.0	0.0	0.0	0.0	0.0	0.0	0.0	0.0	0.0	0.0	0.0	0.0	0.0	0.0	0.0	0.0	0.0	0.0	0.0	0.0	0.0	0.0	0.0	0.0	0.0	0.0	0.0	0.0	0.0	0.0	0.0	0.0	0.0	0.0	0.0	0.0	0.0	0.0	0.0	0.0	0.0	0.0	0.0
1751872	Lacimicrobium	genus	0.0	0.0	0.0	0.0	0.0	0.0	0.0	0.0	0.0	0.0	0.0	0.0	0.0	0.0	0.0	0.0	0.0	0.0	0.0	0.0	0.0	0.0	0.0	0.0	0.0	0.0	0.0	0.0	0.0	0.0	0.0	0.0	0.0	0.0	0.0	0.0	0.0	0.0	0.0	0.0	0.0	0.0	0.0	0.0	0.0	0.0	0.0	0.0	0.0	0.0	0.0	0.0	0.0	0.0	0.0	0.0	0.0	0.0	0.0	0.0	0.0	0.0	0.0	0.0	0.0	0.0	0.0	0.0	0.0	0.0	0.0	0.0	0.0	0.0	0.0	0.0	0.0	0.0	0.0	0.0
1621534	Paraglaciecola	genus	0.0	0.0	0.0	0.0	0.0	0.0	0.0	0.0	0.0	0.0	0.0	0.0	0.0	0.0	0.0	0.0	0.0	0.0	0.0	0.0	0.0	0.0	0.0	0.0	0.0	0.0	0.0	0.0	0.0	0.0	0.0	0.0	0.0	0.0	0.0	0.0	0.0	0.0	0.0	0.0	0.0	0.0	0.0	0.0	0.0	0.0	0.0	0.0	0.0	0.0	0.0	0.0	0.0	0.0	0.0	0.0	0.0	0.0	0.0	0.0	0.0	0.0	0.0	0.0	0.0	0.0	0.0	0.0	0.0	0.0	0.0	0.0	0.0	0.0	0.0	0.0	0.0	0.0	0.0	0.0
53246	Pseudoalteromonas	genus	0.0012961661591317248	0.0011921239000636473	0.0015037593984962407	0.00126078301260783	0.0009386491194116509	0.0016552309542335714	0.002282922496113702	0.001294852149356966	0.000889582520483808	0.000946155721195171	0.0016853329036070153	0.0008377812309979056	0.001109337965955613	0.0010929237922560348	0.0011324125982596785	0.0014642754339636809	0.0009932442970539226	0.0009133245780854203	0.0016088956613490636	0.0010818325232879735	0.0010590630045325953	0.0009233427095094899	0.0011109475984955768	0.0013363137178677292	0.0013095921883974728	0.0011148548826422806	0.0012150365507713836	0.0008728965617574318	0.0009833730005441262	0.0014413888713035166	0.001034527350316824	0.0012279898035026224	0.0009882920188069484	0.0009294777420611067	0.001142207442309805	0.0016133193749573685	0.0014885735407559784	0.001250142061597909	0.0010206998450676833	0.0012745350964599403	0.001149534694714337	0.0008111712986906933	0.0018967648971597783	0.0014085676224459005	0.002133600508473754	0.0012636455740782765	0.0015461365673920969	0.0013034728786169467	0.0008056398892193903	0.001971037082683873	0.0017546046469756225	0.002423982029040421	0.0013408190286200014	0.0013062489934725222	0.0005429493152142599	0.0021255681484033035	0.0014129764760762362	0.0008883768156541806	0.0009545444789486229	0.0011195142720059478	0.0012182747135374725	0.0017225529422571799	0.0018141009352318212	0.0012518018022028507	0.0008162413552867116	0.0013539114336361341	0.000944885607052554	0.0008990649724286741	0.0010818332233496295	0.002329376300153216	0.0011878331816044534	8.98744661111042e-05	0.0011169227416367004	0.002085298441047281	0.0007420040296226717	0.0012158427014799947	0.0013017768416488198	0.0008753947852955747	0.0010452904737280194	0.0023966869806018995
28228	Colwellia	genus	0.0	4.0410979663174484e-05	1.4321518080916577e-05	0.0	2.903038513644281e-05	1.8863030817476597e-05	0.00010659560293137908	3.2533973601933817e-05	2.3410066328521263e-05	3.207307529475156e-05	4.7001316036849034e-05	2.252100083327703e-05	6.901799181210946e-05	2.9481566650451806e-05	2.203796972661051e-05	4.380311127241781e-05	2.2984165551661015e-05	1.5324237887339267e-05	6.152814978308055e-05	2.9238716845620905e-05	2.1051711099271774e-05	4.178021309997692e-05	3.618721819203833e-05	5.264266161297115e-05	1.292360712234348e-05	4.9659460251326526e-05	3.488620121164761e-05	2.0336299825889986e-05	3.530589442291477e-05	3.211241915698477e-05	1.4570807750941183e-05	2.1860499597956898e-05	2.7138453605682794e-05	2.713803626455786e-05	2.266976603057628e-05	6.821019416180051e-05	4.419516585240422e-05	3.9605051538225765e-05	3.2631069215718775e-05	1.8934597533295306e-05	3.033349057935921e-05	2.812786382484507e-05	7.847530824516688e-05	3.952949361401031e-05	5.458329896607102e-05	2.356159559125344e-05	2.5861304591982504e-05	4.319500767346607e-05	3.279958836516602e-05	7.098754244148815e-05	6.232438805241481e-05	4.8208993599198886e-05	8.584227601464171e-05	5.556502567763432e-05	1.0900512064531032e-05	4.515782133465516e-05	3.956750633080101e-05	1.689550999096908e-05	3.501879153539327e-05	2.4493877251095382e-05	3.359394992722958e-05	3.7296655526017525e-05	4.9523717438892745e-05	4.184543720023754e-05	2.8258688731630493e-05	5.0755817568364914e-05	2.429904206233607e-05	3.892056157699888e-05	2.8877406851646067e-05	0.00010677049504140026	2.9583769805997706e-05	2.233566613412057e-06	2.5296159653792868e-05	5.328526728966025e-05	1.1692775253410454e-05	2.760997051255149e-05	2.9841901867037276e-05	2.7108690254425854e-05	2.046676436795743e-05	5.971360540570984e-05
1518149	Thalassotalea	genus	0.0	0.0	0.0	0.0	0.0	0.0	0.0	0.0	0.0	0.0	0.0	0.0	0.0	0.0	0.0	0.0	0.0	0.0	0.0	0.0	0.0	0.0	0.0	0.0	0.0	0.0	0.0	0.0	0.0	0.0	0.0	0.0	0.0	0.0	0.0	0.0	0.0	0.0	0.0	0.0	0.0	0.0	0.0	0.0	0.0	0.0	0.0	0.0	0.0	0.0	0.0	0.0	0.0	0.0	0.0	0.0	0.0	0.0	0.0	0.0	0.0	0.0	0.0	0.0	0.0	0.0	0.0	0.0	0.0	0.0	0.0	0.0	0.0	0.0	0.0	0.0	0.0	0.0	0.0	0.0
44011	Ferrimonas	genus	0.0	0.0	0.0	0.0	0.0	0.0	0.0	0.0	0.0	0.0	0.0	0.0	0.0	0.0	0.0	0.0	0.0	0.0	0.0	0.0	0.0	0.0	0.0	0.0	0.0	0.0	0.0	0.0	0.0	0.0	0.0	0.0	0.0	0.0	0.0	0.0	0.0	0.0	0.0	0.0	0.0	0.0	0.0	0.0	0.0	0.0	0.0	0.0	0.0	0.0	0.0	0.0	0.0	0.0	0.0	0.0	0.0	0.0	0.0	0.0	0.0	0.0	0.0	0.0	0.0	0.0	0.0	0.0	0.0	0.0	0.0	0.0	0.0	0.0	0.0	0.0	0.0	0.0	0.0	0.0
67572	Psychromonas	genus	0.0	5.05137245789681e-05	1.4321518080916577e-05	0.0	1.4515192568221405e-05	0.0	1.7765933821896515e-05	6.506794720386764e-06	1.0404473923787229e-05	9.62192258842547e-06	1.3428947439099723e-05	9.008400333310812e-06	3.3667313079077784e-06	1.052913094658993e-05	8.476142202542503e-06	3.1287936623155576e-06	6.566904443331719e-06	7.662118943669633e-06	6.545547849263888e-06	5.316130335567437e-06	6.477449569006699e-06	7.31153729249596e-06	1.8093609096019164e-05	9.448682853610206e-06	1.723147616312464e-05	2.2346757113096937e-05	1.1960983272564894e-05	7.821653779188456e-06	6.23045195698496e-06	2.477243763538825e-05	2.428467958490197e-06	6.653195529812969e-06	9.046151201894265e-06	9.49831269259525e-06	0.0	1.1862642462921827e-05	1.8079840575983545e-05	1.3775670100252438e-05	1.305242768628751e-06	4.733649383323827e-06	5.229912168855036e-06	2.7220513378882328e-06	7.513593342622361e-06	5.270599148534707e-06	1.4555546390952272e-05	1.2400839784870231e-05	4.925962779425239e-06	1.5245296825929201e-05	9.224884227702943e-06	2.2655598651538768e-05	8.656165007279834e-06	7.611946357768245e-06	9.330682175504533e-06	2.5428062598239436e-05	5.190720030729063e-06	4.200727566014434e-06	6.24750099960016e-06	3.815115159251082e-06	3.501879153539327e-05	2.881632617775927e-06	1.8773089665216527e-05	6.216109254336254e-06	1.3560065489220633e-05	1.157426986389549e-05	9.781853791718248e-06	1.332340211169579e-05	4.859808412467213e-06	1.946028078849944e-05	9.09103549033302e-06	2.6692623760350064e-05	8.516539792635703e-06	1.0636031492438366e-06	5.351110695994645e-06	1.6395466858357e-05	2.6795943289065623e-06	7.529991957968589e-06	1.5225460136243507e-06	2.39899913755981e-06	1.4854909621904588e-06	6.717780608142357e-05
58050	Moritella	genus	0.0	0.0	0.0	0.0	0.0	0.0	0.0	0.0	0.0	0.0	0.0	0.0	0.0	0.0	0.0	0.0	0.0	0.0	0.0	0.0	0.0	0.0	0.0	0.0	0.0	0.0	0.0	0.0	0.0	0.0	0.0	0.0	0.0	0.0	0.0	0.0	0.0	0.0	0.0	0.0	0.0	0.0	0.0	0.0	0.0	0.0	0.0	0.0	0.0	0.0	0.0	0.0	0.0	0.0	0.0	0.0	0.0	0.0	0.0	0.0	0.0	0.0	0.0	0.0	0.0	0.0	0.0	0.0	0.0	0.0	0.0	0.0	0.0	0.0	0.0	0.0	0.0	0.0	0.0	0.0
135575	Idiomarina	genus	0.0	0.0	0.0	0.0	0.0	0.0	0.0	0.0	0.0	0.0	0.0	0.0	0.0	0.0	0.0	0.0	0.0	0.0	0.0	0.0	0.0	0.0	0.0	0.0	0.0	0.0	0.0	0.0	0.0	0.0	0.0	0.0	0.0	0.0	0.0	0.0	0.0	0.0	0.0	0.0	0.0	0.0	0.0	0.0	0.0	0.0	0.0	0.0	0.0	0.0	0.0	0.0	0.0	0.0	0.0	0.0	0.0	0.0	0.0	0.0	0.0	0.0	0.0	0.0	0.0	0.0	0.0	0.0	0.0	0.0	0.0	0.0	0.0	0.0	0.0	0.0	0.0	0.0	0.0	0.0
106633	Thioalkalivibrio	genus	0.00023424689622862497	0.0005657537152844428	0.00047261009667024705	0.0006525105065251051	0.0003773950067737565	1.8863030817476597e-05	0.0015189873417721519	0.0005693445380338418	0.0007023019898556379	0.0007761684221329878	0.0003558671071361427	0.0010269576379974327	0.0003737071751777634	0.0005727847234944922	0.0004560164504967867	0.0008260015268513072	0.0003578962921615787	0.00026510931545096935	0.00032858650203304715	0.00027909684261729045	0.0009295140131524613	0.000521208158422212	0.00041132804678283566	0.0003711982549632581	0.0004595060310166571	0.0010552635303406888	0.00034886201211647603	0.0012749295660077185	0.0005690479454046264	0.0005266436741745503	0.00011170952609054906	0.000213852713458274	0.0016599687455475976	0.001014962556294464	0.00047083360217350744	0.0008600415785618325	0.0007995307276934944	0.0006061294844111073	0.00030542680785912776	0.00032898863214100594	0.00029392106388965306	0.00023681846639627622	0.0003314329507801197	0.0002523299342360991	0.0005300644810705119	0.0006659250964475314	0.0002222840704215639	0.00040908213149576687	0.0005155685296149533	0.0012037674750184266	0.00038087126032031274	0.0004110451033194852	0.00048053013203848345	0.0005245715136007172	0.0005289343711312915	0.001380989187327245	0.0006528638544582167	0.0004905148061894248	0.003970679104738946	8.644897853327781e-05	0.0003211186390102827	0.00024173758211307655	0.00019396789330232992	0.0008377990724558196	0.00036355889925886154	0.00043332779248991544	0.0016530291185834908	0.0014797597511574975	0.0006401158518781544	0.0009378008481136323	0.0004710991222136907	3.233353573701264e-05	0.0005881357119506842	0.00038734290452868415	0.00012326133912970186	0.0005627413989921859	9.805196327740818e-05	0.00010291706300131585	5.2817456433438536e-05	0.0008190263832351339
133193	Alkalilimnicola	genus	0.0	0.0	0.0	0.0	0.0	0.0	0.0	0.0	0.0	0.0	0.0	0.0	0.0	0.0	0.0	0.0	0.0	0.0	0.0	0.0	0.0	0.0	0.0	0.0	0.0	0.0	0.0	0.0	0.0	0.0	0.0	0.0	0.0	0.0	0.0	0.0	0.0	0.0	0.0	0.0	0.0	0.0	0.0	0.0	0.0	0.0	0.0	0.0	0.0	0.0	0.0	0.0	0.0	0.0	0.0	0.0	0.0	0.0	0.0	0.0	0.0	0.0	0.0	0.0	0.0	0.0	0.0	0.0	0.0	0.0	0.0	0.0	0.0	0.0	0.0	0.0	0.0	0.0	0.0	0.0
1051	Ectothiorhodospira	genus	0.0	0.0	0.0	0.0	0.0	0.0	0.0	0.0	0.0	0.0	0.0	0.0	0.0	0.0	0.0	0.0	0.0	0.0	0.0	0.0	0.0	0.0	0.0	0.0	0.0	0.0	0.0	0.0	0.0	0.0	0.0	0.0	0.0	0.0	0.0	0.0	0.0	0.0	0.0	0.0	0.0	0.0	0.0	0.0	0.0	0.0	0.0	0.0	0.0	0.0	0.0	0.0	0.0	0.0	0.0	0.0	0.0	0.0	0.0	0.0	0.0	0.0	0.0	0.0	0.0	0.0	0.0	0.0	0.0	0.0	0.0	0.0	0.0	0.0	0.0	0.0	0.0	0.0	0.0	0.0
1765964	Acidihalobacter	genus	0.0	0.0	0.0	0.0	0.0	0.0	0.0	0.0	0.0	0.0	0.0	0.0	0.0	0.0	0.0	0.0	0.0	0.0	0.0	0.0	0.0	0.0	0.0	0.0	0.0	0.0	0.0	0.0	0.0	0.0	0.0	0.0	0.0	0.0	0.0	0.0	0.0	0.0	0.0	0.0	0.0	0.0	0.0	0.0	0.0	0.0	0.0	0.0	0.0	0.0	0.0	0.0	0.0	0.0	0.0	0.0	0.0	0.0	0.0	0.0	0.0	0.0	0.0	0.0	0.0	0.0	0.0	0.0	0.0	0.0	0.0	0.0	0.0	0.0	0.0	0.0	0.0	0.0	0.0	0.0
85108	Halorhodospira	genus	0.0	0.0	0.0	0.0	0.0	0.0	0.0	0.0	0.0	0.0	0.0	0.0	0.0	0.0	0.0	0.0	0.0	0.0	0.0	0.0	0.0	0.0	0.0	0.0	0.0	0.0	0.0	0.0	0.0	0.0	0.0	0.0	0.0	0.0	0.0	0.0	0.0	0.0	0.0	0.0	0.0	0.0	0.0	0.0	0.0	0.0	0.0	0.0	0.0	0.0	0.0	0.0	0.0	0.0	0.0	0.0	0.0	0.0	0.0	0.0	0.0	0.0	0.0	0.0	0.0	0.0	0.0	0.0	0.0	0.0	0.0	0.0	0.0	0.0	0.0	0.0	0.0	0.0	0.0	0.0
1335745	Spiribacter	genus	0.0	0.0	2.8643036161833155e-05	0.0	3.8707180181923744e-05	0.0	6.218076837663779e-05	3.57873709621272e-05	2.0808947847574457e-05	3.207307529475156e-06	4.028684231729917e-05	2.252100083327703e-05	1.851702219349278e-05	8.633887376203743e-05	7.459005138237403e-05	9.386380986946674e-06	1.3133808886663438e-05	1.5324237887339267e-05	0.00010341965601836942	3.987097751675578e-06	5.343895894430527e-05	2.4023622532486725e-05	5.669330850086005e-05	2.969586039706065e-05	8.61573808156232e-06	3.2278649163362244e-05	1.993497212094149e-05	2.9722284360916136e-05	2.0768173189949864e-05	1.0092474592195214e-05	2.3070445605656874e-05	2.4711869110733886e-05	2.261537800473566e-05	9.498312692595252e-05	0.00010462968937189054	4.448490923595685e-05	2.209758292620211e-05	9.642969070176707e-05	3.1325826447090026e-05	1.1834123458309567e-05	1.0459824337710073e-05	1.3610256689441163e-05	6.678749637886543e-06	3.952949361401031e-06	8.490735394722158e-06	6.200419892435115e-05	3.694472084568929e-06	1.0163531217286133e-05	1.024987136411438e-05	4.5311197303077536e-05	1.8177946515287652e-05	0.00022243798801033872	7.18462527513849e-05	4.708900481155451e-05	1.7129376101405907e-05	3.360582052811547e-05	1.4577502332400373e-05	4.905148061894249e-06	2.8240960915639733e-05	7.204081544439818e-07	1.5808917612813918e-05	2.7627152241494462e-06	0.00016095208167640141	3.6503466493824234e-05	7.608108504669749e-05	7.169259231531544e-05	0.0001902267864308595	3.736373911391893e-05	2.2994972122607053e-05	2.936188613638507e-05	1.5688362775907875e-05	1.3826840940169877e-06	3.11337349585143e-05	1.229660014376775e-05	4.141191235582869e-06	7.529991957968589e-06	3.958619635423312e-06	3.598498706339715e-06	5.281745643343853e-06	1.2892710258050988e-05
1227	Nitrosococcus	genus	0.00010931521824002499	0.00013133568390531706	0.0002434658073755818	0.00011059500110595002	0.00013547513063673312	4.715757704369149e-05	0.00025760604041749944	8.458833136502793e-05	0.00011444921316165951	0.00010904845600215531	0.00014771842183009695	0.00018917640699952706	5.7234432234432234e-05	0.00013477287611635111	9.832324954949304e-05	0.0002127579690374579	8.372803165247942e-05	6.742664670429278e-05	0.00014138383354409998	5.7148401107349946e-05	0.00014574261530265074	4.282471842747634e-05	7.840563941608305e-05	7.154002732019157e-05	6.46180356117174e-05	0.0001713251378670765	4.7843933090259575e-05	0.00015799740633960682	8.411110141929696e-05	8.257479211796085e-05	1.4570807750941183e-05	5.417602074276275e-05	0.00026912299825635437	0.00016147131577411928	0.00012381179909007046	0.00014235170955506193	0.00015468308048341477	0.0001257029896648035	6.65673812000663e-05	0.00011479099754560279	5.7529033857405395e-05	5.625572764969014e-05	9.851155715882651e-05	4.28236180818445e-05	0.00012614806872158636	9.920671827896185e-05	7.204220564909412e-05	0.00012450325741175514	5.534930536621765e-05	0.0002915020359831321	5.972753855023086e-05	8.034832266533148e-05	0.00013062955045706347	0.00013373277366481482	6.6441216393332e-05	0.0003234560225831114	8.954751432760229e-05	6.267689190198206e-05	0.0003264655081847953	3.0257142486647235e-05	8.299681746727308e-05	6.077973493128782e-05	5.60089661511287e-05	0.00011841368399216155	8.31457572296051e-05	7.423038319373369e-05	0.0006505200689259685	0.00017592093832803494	9.518848925172222e-05	0.0003203114851242008	6.499464578590405e-05	1.0636031492438366e-05	8.756362957082146e-05	0.00011271883465120438	3.3616728853555056e-05	0.0001189738729359037	3.806365034060877e-05	2.159099223803829e-05	4.32442924548778e-05	0.00014181981283856087
85076	Marichromatium	genus	0.0	0.0	0.0	0.0	0.0	0.0	0.0	0.0	0.0	0.0	0.0	0.0	0.0	0.0	0.0	0.0	0.0	0.0	0.0	0.0	0.0	0.0	0.0	0.0	0.0	0.0	0.0	0.0	0.0	0.0	0.0	0.0	0.0	0.0	0.0	0.0	0.0	0.0	0.0	0.0	0.0	0.0	0.0	0.0	0.0	0.0	0.0	0.0	0.0	0.0	0.0	0.0	0.0	0.0	0.0	0.0	0.0	0.0	0.0	0.0	0.0	0.0	0.0	0.0	0.0	0.0	0.0	0.0	0.0	0.0	0.0	0.0	0.0	0.0	0.0	0.0	0.0	0.0	0.0	0.0
13724	Thiocystis	genus	0.0	0.0	0.0	0.0	0.0	0.0	0.0	0.0	0.0	0.0	0.0	0.0	0.0	0.0	0.0	0.0	0.0	0.0	0.0	0.0	0.0	0.0	0.0	0.0	0.0	0.0	0.0	0.0	0.0	0.0	0.0	0.0	0.0	0.0	0.0	0.0	0.0	0.0	0.0	0.0	0.0	0.0	0.0	0.0	0.0	0.0	0.0	0.0	0.0	0.0	0.0	0.0	0.0	0.0	0.0	0.0	0.0	0.0	0.0	0.0	0.0	0.0	0.0	0.0	0.0	0.0	0.0	0.0	0.0	0.0	0.0	0.0	0.0	0.0	0.0	0.0	0.0	0.0	0.0	0.0
85072	Allochromatium	genus	0.0	0.0	0.0	0.0	0.0	0.0	0.0	0.0	0.0	0.0	0.0	0.0	0.0	0.0	0.0	0.0	0.0	0.0	0.0	0.0	0.0	0.0	0.0	0.0	0.0	0.0	0.0	0.0	0.0	0.0	0.0	0.0	0.0	0.0	0.0	0.0	0.0	0.0	0.0	0.0	0.0	0.0	0.0	0.0	0.0	0.0	0.0	0.0	0.0	0.0	0.0	0.0	0.0	0.0	0.0	0.0	0.0	0.0	0.0	0.0	0.0	0.0	0.0	0.0	0.0	0.0	0.0	0.0	0.0	0.0	0.0	0.0	0.0	0.0	0.0	0.0	0.0	0.0	0.0	0.0
156885	Thioflavicoccus	genus	0.0	0.0	0.0	0.0	0.0	0.0	0.0	0.0	0.0	0.0	0.0	0.0	0.0	0.0	0.0	0.0	0.0	0.0	0.0	0.0	0.0	0.0	0.0	0.0	0.0	0.0	0.0	0.0	0.0	0.0	0.0	0.0	0.0	0.0	0.0	0.0	0.0	0.0	0.0	0.0	0.0	0.0	0.0	0.0	0.0	0.0	0.0	0.0	0.0	0.0	0.0	0.0	0.0	0.0	0.0	0.0	0.0	0.0	0.0	0.0	0.0	0.0	0.0	0.0	0.0	0.0	0.0	0.0	0.0	0.0	0.0	0.0	0.0	0.0	0.0	0.0	0.0	0.0	0.0	0.0
109262	Halothiobacillus	genus	1.5616459748575e-05	9.092470424214259e-05	1.4321518080916577e-05	3.3178500331785e-05	1.9353590090961872e-05	4.715757704369149e-06	7.994670219853431e-05	1.9520384161160293e-05	3.901677721420211e-05	5.13169204716025e-05	0.00010071710579324792	0.0001486386054996284	6.901799181210946e-05	0.00013477287611635111	5.5942538536780526e-05	5.6318285921680035e-05	2.6267617773326877e-05	3.9843018507082095e-05	4.712794451469999e-05	9.303228087243016e-06	0.00014088452812589572	2.6112633187485574e-05	2.653729334082811e-05	4.5893602431821004e-05	1.8667432510051695e-05	0.00012663162364088266	2.192846933303564e-05	9.542417610609917e-05	2.284499050894485e-05	3.1194921466785206e-05	1.3356573771696085e-05	1.710821707666192e-05	0.00021484609104498878	8.412791242012936e-05	4.8827188373548915e-05	7.710717600899188e-05	3.4150809976857805e-05	0.00012398103090227196	2.0883884298060016e-05	0.0001278085333497433	1.0459824337710073e-05	1.723965847329214e-05	2.5880154846810355e-05	2.3717696168406183e-05	4.487960137210284e-05	6.324428290283818e-05	4.063919293025822e-05	0.00010417619497718288	3.689953691081177e-05	0.00012989209893548895	2.510287852111152e-05	2.2835839073304734e-05	7.371238918648582e-05	4.991434510024778e-05	1.5572160092187187e-05	0.00012917237265494384	3.644375583100093e-05	1.6350493539647496e-05	0.00011748239740906128	3.9622448494419e-06	1.4820860262013048e-05	1.657629134489668e-05	1.886617807195914e-05	4.807773635771973e-05	4.238803309744574e-05	2.3474565625368773e-05	0.0001096928184528314	8.484682423785757e-05	4.22465766903711e-05	0.00026158771285143064	2.4653141504998087e-05	2.4462872432608245e-06	4.1835956350503586e-05	3.740215877062691e-05	1.0474777831180198e-05	6.827192708558187e-05	4.263128838148182e-06	7.19699741267943e-06	4.621527437925871e-06	5.9035041707917684e-05
1676142	Wenzhouxiangella	genus	0.0	0.0	0.0	0.0	0.0	0.0	0.0	0.0	0.0	0.0	0.0	0.0	0.0	0.0	0.0	0.0	0.0	0.0	0.0	0.0	0.0	0.0	0.0	0.0	0.0	0.0	0.0	0.0	0.0	0.0	0.0	0.0	0.0	0.0	0.0	0.0	0.0	0.0	0.0	0.0	0.0	0.0	0.0	0.0	0.0	0.0	0.0	0.0	0.0	0.0	0.0	0.0	0.0	0.0	0.0	0.0	0.0	0.0	0.0	0.0	0.0	0.0	0.0	0.0	0.0	0.0	0.0	0.0	0.0	0.0	0.0	0.0	0.0	0.0	0.0	0.0	0.0	0.0	0.0	0.0
1738655	Woeseia	genus	0.0	0.0	0.0	0.0	0.0	0.0	0.0	0.0	0.0	0.0	0.0	0.0	0.0	0.0	0.0	0.0	0.0	0.0	0.0	0.0	0.0	0.0	0.0	0.0	0.0	0.0	0.0	0.0	0.0	0.0	0.0	0.0	0.0	0.0	0.0	0.0	0.0	0.0	0.0	0.0	0.0	0.0	0.0	0.0	0.0	0.0	0.0	0.0	0.0	0.0	0.0	0.0	0.0	0.0	0.0	0.0	0.0	0.0	0.0	0.0	0.0	0.0	0.0	0.0	0.0	0.0	0.0	0.0	0.0	0.0	0.0	0.0	0.0	0.0	0.0	0.0	0.0	0.0	0.0	0.0
724	Haemophilus	genus	9.369875849144998e-05	0.00017174666356849157	8.592910848549946e-05	0.00015483300154833	0.00010160634797754984	0.00010846242720049044	0.00010659560293137908	0.0002732853782562441	0.0001066458577188191	0.00012187768612005594	0.00012757500067144738	0.00012611760466635138	0.0001397193492781728	0.0002906040141258821	0.00013222781835966305	0.00010637898451872896	0.00010835392331497336	0.00028196597712704254	0.0002919314340771694	0.0001302451932214022	0.00046151828179172733	8.042691021745556e-05	0.00015801751943856737	0.0002065212109431945	0.00013785180930499713	0.0001315975696660153	0.00015050903951310823	0.00020179866750306218	9.864882265226186e-05	0.0001596445980947243	8.863908048489219e-05	0.00011880706303237445	7.689228521610125e-05	0.0003432961587466569	0.00010462968937189054	0.0004102497185093799	0.0001828072769349447	0.00018597154635340794	0.00013705049070601887	0.0001881625629871221	0.00011924199744989482	0.00012249231020497047	0.00018450045874661574	0.0001251767297776993	0.0003311386803941642	0.00014756999343995574	8.250987655537275e-05	0.00022994989379109877	9.122385514061799e-05	0.00011478836650112976	0.0001887043971587004	0.00016407973260078217	0.0003340384218830623	0.0002627566468484742	5.709792033801969e-05	7.771345997126703e-05	0.00011141376782620286	9.810296123788496e-05	3.050023778889091e-05	7.816428475717202e-05	8.398487481807394e-05	0.0001312289731470987	0.00017745998748936568	0.00013443959611140146	5.706081378502311e-05	0.00018462428640492738	4.720956743539579e-05	8.173317931169765e-05	7.540211789040917e-05	0.00035234263363662083	8.4268920053448e-05	1.56349662938844e-05	7.296969130901788e-05	0.00034020593731090776	3.9706715964706334e-05	0.00011094188151407054	0.00012180368108994806	5.9255278697727305e-05	6.882774791482459e-05	0.00011332013753129026
75984	Mannheimia	genus	0.000140548137737175	0.000292979602558015	0.0002005012531328321	0.00023224950232249503	0.00023224308109154248	0.00015562000424418194	0.00032866977570508547	0.00020496403369218307	0.00021069059695669139	0.0002565846023580125	0.00048344210780759005	0.000288268810665946	0.0002356711915535445	0.0003158739283976979	0.00030005543397000465	0.0002346595246736668	0.00022163302496244552	0.000251317501352364	0.0006597912232057998	0.0001634710078186987	0.0012290960557190212	0.00017025436838240593	0.00026175421158907726	0.0005804190895789127	0.0002871912693854107	0.00019367189498017346	0.0001913757323610383	0.0002878368590741352	0.0001869135587095488	0.0004339764074643942	0.00010624547318394612	0.000212902256954015	0.00012890765462699326	0.0008236394006293311	0.00036969156911401325	0.0011338709087476114	0.0003133839033170481	0.00021524484531644435	0.00015140816116093514	0.0003869758370867228	0.0003064728530949051	0.00012793641288074694	0.0002554621736491603	0.00021016514104782146	0.0008029809759008671	0.0002467767117189176	0.00017979764144902122	0.0006491955565041518	0.0001773227745991788	0.00038363480383272314	0.00027440043073077077	0.0007121398703600958	0.0003592312637569245	0.00021095874155576422	0.00015572160092187188	0.00017643055777260622	0.0002936325469812075	0.00013516407992775263	8.246360587366802e-05	0.00014768367166101626	0.0003033336066958671	0.00025831387345797325	0.0005017224231011634	0.00025641459390783855	0.0002293301277836167	0.00031595496436307157	0.00021036027842536654	0.00015412542384491556	0.00023101925481316854	0.0005089393596973413	0.0002339807248292546	9.359707713345763e-06	0.00019945048957798224	0.0003453295207041443	9.890139068509675e-05	0.000325295652584243	0.00019001374250031899	9.068216739976083e-05	0.00016010291481386056	0.0004247808748178905
713	Actinobacillus	genus	0.00039041149371437495	0.0005253427356212683	0.0004296455424274973	0.000342844503428445	0.00044029417456938264	0.0006460588054985735	0.0006129247168554297	0.00038064749114262566	0.00019768500455195735	0.0003752549809485933	0.0009467407944565305	0.0004639326171655068	0.0003703404438698556	0.0005475148092226764	0.00030005543397000465	0.00030036419158229355	0.00036610492271574335	0.0003264062670003264	0.001153325531040297	0.0003163097549662625	0.002276823523505855	0.0002882834703898407	0.0003136225576643322	0.0008841267527306693	0.0003446295232624928	0.00023091649016866836	0.00028806034714760453	0.0005475157645431919	0.0002782935207453282	0.012256851643375987	0.0001797066289282746	0.0003250561244565765	0.0002781691494582486	0.002806072949755283	0.0006818368090734867	0.008637980820084245	0.0004881556955515557	0.0003822748452820052	0.000283237680792439	0.0008011701581275576	0.00028450722198571397	0.00019417299543602725	0.00036065248044587334	0.00036828311550386267	0.0038184050032264794	0.0004935534234378352	0.00035528506546604534	0.0016210832291571383	0.00026342169405773957	0.0004848298111429296	0.0003713494788123049	0.0006021895340812211	0.0005617070669653729	0.00041909214282283513	0.0001728509770232778	0.0004872843976576743	0.0004414900706384113	0.00021746156407731167	0.00018977925735309898	0.00024061632358428993	0.00033297532721989317	0.0004959073827348256	0.0005011328550364147	0.00031962791393372927	0.0003276921020225613	0.00036290409561380913	0.0002575698458607623	0.0002296313133042934	0.00028342640058097066	0.0012020578233410979	0.0002859764414579778	2.499467400723016e-05	0.00025733977801646975	0.0006640164077634585	0.0003178973272020967	0.0004844294826293125	0.00028228003092595466	0.00017968503540322978	0.00017116156975461176	0.0007966337812079927
416916	Aggregatibacter	genus	7.808229874287499e-05	0.00015154117373690433	8.592910848549946e-05	1.1059500110595001e-05	0.00011612154054577124	4.244181933932234e-05	3.553186764379303e-05	0.0001073621128863816	3.64156587332553e-05	0.000102633840943205	0.00011414605323234765	0.00020268900749949328	8.753501400560224e-05	7.370391662612951e-05	5.763776697728902e-05	4.067431761010225e-05	8.208630554164648e-05	6.436179912682492e-05	0.00024087616085291107	3.58838797650802e-05	0.001518961923932071	2.924614916998384e-05	5.307458668165622e-05	0.00014982911382153329	8.61573808156232e-05	5.710837928902551e-05	6.578540799910692e-05	0.00023777827488732908	6.230451956984959e-05	0.00018808702649091081	3.764125335659806e-05	5.417602074276275e-05	2.939999140615636e-05	0.00014518849401538454	0.00019007726902560114	0.0006573881031535846	6.830161995371561e-05	7.23222680263253e-05	4.829398243926379e-05	0.0002106473975579103	4.916117438723734e-05	3.447931694658428e-05	5.3429997103092346e-05	4.677656744324553e-05	0.0004961015394916232	0.00014136957354752064	8.066264051308828e-05	0.00024773607342134954	5.329933109339478e-05	4.6821570546513454e-05	6.751808705678271e-05	6.597020176732479e-05	0.0001240980729342103	6.874994702486959e-05	2.906803217208275e-05	0.00010396800725885723	5.518625882980141e-05	3.978620094647557e-05	0.00012877878177531716	2.485408132831737e-05	3.9522294032034796e-05	5.041955284072739e-05	5.1292421633138915e-05	4.896806480878861e-05	9.347104734308548e-05	6.344477196045614e-05	7.081435115309368e-05	3.892056157699888e-05	4.22465766903711e-05	0.00016994303794089542	4.6616849391269114e-05	7.55158235963124e-06	3.989009791559645e-05	0.00024541964453603135	4.798909843587207e-05	0.0001410618493459449	4.719892642235487e-05	1.8232393445454555e-05	2.838938283297321e-05	7.396344305934515e-05
745	Pasteurella	genus	0.0	0.0	0.0	0.0	0.0	0.0	0.0	0.0	0.0	0.0	0.0	0.0	0.0	0.0	0.0	0.0	0.0	0.0	0.0	0.0	0.0	0.0	0.0	0.0	0.0	0.0	0.0	0.0	0.0	0.0	0.0	0.0	0.0	0.0	0.0	0.0	0.0	0.0	0.0	0.0	0.0	0.0	0.0	0.0	0.0	0.0	0.0	0.0	0.0	0.0	0.0	0.0	0.0	0.0	0.0	0.0	0.0	0.0	0.0	0.0	0.0	0.0	0.0	0.0	0.0	0.0	0.0	0.0	0.0	0.0	0.0	0.0	0.0	0.0	0.0	0.0	0.0	0.0	0.0	0.0
476528	Bibersteinia	genus	0.0	0.0	0.0	0.0	0.0	0.0	0.0	0.0	0.0	0.0	0.0	0.0	0.0	0.0	0.0	0.0	0.0	0.0	0.0	0.0	0.0	0.0	0.0	0.0	0.0	0.0	0.0	0.0	0.0	0.0	0.0	0.0	0.0	0.0	0.0	0.0	0.0	0.0	0.0	0.0	0.0	0.0	0.0	0.0	0.0	0.0	0.0	0.0	0.0	0.0	0.0	0.0	0.0	0.0	0.0	0.0	0.0	0.0	0.0	0.0	0.0	0.0	0.0	0.0	0.0	0.0	0.0	0.0	0.0	0.0	0.0	0.0	0.0	0.0	0.0	0.0	0.0	0.0	0.0	0.0
155493	Gallibacterium	genus	0.0	0.0	0.0	0.0	0.0	0.0	0.0	0.0	0.0	0.0	0.0	0.0	0.0	0.0	0.0	0.0	0.0	0.0	0.0	0.0	0.0	0.0	0.0	0.0	0.0	0.0	0.0	0.0	0.0	0.0	0.0	0.0	0.0	0.0	0.0	0.0	0.0	0.0	0.0	0.0	0.0	0.0	0.0	0.0	0.0	0.0	0.0	0.0	0.0	0.0	0.0	0.0	0.0	0.0	0.0	0.0	0.0	0.0	0.0	0.0	0.0	0.0	0.0	0.0	0.0	0.0	0.0	0.0	0.0	0.0	0.0	0.0	0.0	0.0	0.0	0.0	0.0	0.0	0.0	0.0
697331	Basfia	genus	0.0	0.0	0.0	0.0	0.0	0.0	0.0	0.0	0.0	0.0	0.0	0.0	0.0	0.0	0.0	0.0	0.0	0.0	0.0	0.0	0.0	0.0	0.0	0.0	0.0	0.0	0.0	0.0	0.0	0.0	0.0	0.0	0.0	0.0	0.0	0.0	0.0	0.0	0.0	0.0	0.0	0.0	0.0	0.0	0.0	0.0	0.0	0.0	0.0	0.0	0.0	0.0	0.0	0.0	0.0	0.0	0.0	0.0	0.0	0.0	0.0	0.0	0.0	0.0	0.0	0.0	0.0	0.0	0.0	0.0	0.0	0.0	0.0	0.0	0.0	0.0	0.0	0.0	0.0	0.0
214906	Histophilus	genus	0.0	0.0	0.0	0.0	0.0	0.0	0.0	0.0	0.0	0.0	0.0	0.0	0.0	0.0	0.0	0.0	0.0	0.0	0.0	0.0	0.0	0.0	0.0	0.0	0.0	0.0	0.0	0.0	0.0	0.0	0.0	0.0	0.0	0.0	0.0	0.0	0.0	0.0	0.0	0.0	0.0	0.0	0.0	0.0	0.0	0.0	0.0	0.0	0.0	0.0	0.0	0.0	0.0	0.0	0.0	0.0	0.0	0.0	0.0	0.0	0.0	0.0	0.0	0.0	0.0	0.0	0.0	0.0	0.0	0.0	0.0	0.0	0.0	0.0	0.0	0.0	0.0	0.0	0.0	0.0
2745	Halomonas	genus	7.808229874287499e-05	7.071921441055535e-05	0.00010025062656641604	6.635700066357e-05	3.386878265918328e-05	2.3578788521845746e-05	0.00019542527204086165	9.760192080580146e-05	7.803355442840422e-05	8.338999576635407e-05	4.028684231729917e-05	8.107560299979732e-05	5.3867700926524454e-05	9.265635232999138e-05	0.00010510416331152705	0.00012828054015493785	7.223594887664891e-05	5.516725639442136e-05	4.9746163654405546e-05	5.9806466275133667e-05	0.00010201983071185552	8.356042619995383e-05	0.00010011797033130605	6.479096813904142e-05	7.897759908098794e-05	0.00013904648870371428	6.877565381724814e-05	0.00011263181442031377	7.7880649462312e-05	8.62447828787591e-05	1.5177924740563733e-05	5.607693375128074e-05	0.00012664611682651968	0.00012483496681696616	7.498461071652156e-05	0.00011368365693633419	0.00011048791463101054	0.00012053711337720884	3.1325826447090026e-05	4.6153081487407307e-05	4.3931262218382306e-05	3.266461605465879e-05	7.346624601675198e-05	3.952949361401031e-05	0.00020377764947333182	0.00010788730612837102	4.556515570968346e-05	7.495604272748524e-05	5.9449253911863404e-05	0.00013291284542236078	4.5877674538583126e-05	0.0002824877870549549	9.983829927789851e-05	0.00014032523433843246	7.059379241791525e-05	0.0001123694623908861	9.579501532720245e-05	6.049682609669573e-05	0.0001366862508316963	1.692959162943357e-05	6.22476131004548e-05	4.972887403469003e-05	0.00020045314201456586	0.00012464598314964372	9.890541056070673e-05	9.516715794068422e-05	0.00022910525373059722	0.00015801748000261547	0.00011016195947109425	0.00031052418974540576	8.4268920053448e-05	9.25334739842138e-06	9.875231557153754e-05	0.00011425590966917535	2.557794586683537e-05	8.282991153765448e-05	1.948858897439169e-05	2.111119241052633e-05	1.4524800519195596e-05	9.296322659752554e-05
42054	Chromohalobacter	genus	0.0	0.0	0.0	0.0	0.0	0.0	0.0	0.0	0.0	0.0	0.0	0.0	0.0	0.0	0.0	0.0	0.0	0.0	0.0	0.0	0.0	0.0	0.0	0.0	0.0	0.0	0.0	0.0	0.0	0.0	0.0	0.0	0.0	0.0	0.0	0.0	0.0	0.0	0.0	0.0	0.0	0.0	0.0	0.0	0.0	0.0	0.0	0.0	0.0	0.0	0.0	0.0	0.0	0.0	0.0	0.0	0.0	0.0	0.0	0.0	0.0	0.0	0.0	0.0	0.0	0.0	0.0	0.0	0.0	0.0	0.0	0.0	0.0	0.0	0.0	0.0	0.0	0.0	0.0	0.0
376488	Halotalea	genus	0.0	0.0	0.0	0.0	0.0	0.0	0.0	0.0	0.0	0.0	0.0	0.0	0.0	0.0	0.0	0.0	0.0	0.0	0.0	0.0	0.0	0.0	0.0	0.0	0.0	0.0	0.0	0.0	0.0	0.0	0.0	0.0	0.0	0.0	0.0	0.0	0.0	0.0	0.0	0.0	0.0	0.0	0.0	0.0	0.0	0.0	0.0	0.0	0.0	0.0	0.0	0.0	0.0	0.0	0.0	0.0	0.0	0.0	0.0	0.0	0.0	0.0	0.0	0.0	0.0	0.0	0.0	0.0	0.0	0.0	0.0	0.0	0.0	0.0	0.0	0.0	0.0	0.0	0.0	0.0
59753	Alcanivorax	genus	0.0005621925509487	0.0010910964509057112	0.0007590404582885786	0.00106171201061712	0.0009289723243661699	0.0008629836598995544	0.0016699977792582722	0.000936978439735694	0.0008193523214982442	0.0008884241856646183	0.0008527381623828325	0.0013512600499966218	0.0007827650290885585	0.0009265635232999139	0.0007984525954795039	0.0007790696219165739	0.0008339968643031284	0.0006650719243105242	0.0013850379249042387	0.0006007227279191204	0.00098619169688127	0.0008878295283745094	0.0007671690256712126	0.0009381192261798706	0.00077972429638139	0.0010627124493783877	0.000722642739384129	0.000912004830653374	0.0008608407787234219	0.0009780525377527363	0.00038734063937918644	0.0005218006208381886	0.0011036304466311001	0.0008969120985436373	0.0011474389267783997	0.0012712798506097891	0.0008577879917716636	0.0010176776286561489	0.000540370506212303	0.0010011668445729894	0.0007008082306265748	0.0004945059930496955	0.0010602515050144887	0.0005936012291037215	0.001278462158005308	0.0009089815562309879	0.0006342177078509995	0.0013136364098342327	0.0007892400950368073	0.0016795350467007407	0.0008136795106843045	0.00095403061017362	0.001372543348016717	0.0008833897302647627	0.0005984900195430609	0.0011730531728095306	0.0007715663734506197	0.0008071693644072646	0.0015001598438387825	0.0005104091774235611	0.0006214880736537472	0.0005877676639377947	0.0008371866519431869	0.0009108060054434682	0.0009950319051464506	0.0008717311667366674	0.0017585563869684932	0.0010290596480958503	0.0011080367962335305	0.0011379955263162579	0.0008283455545679358	0.0001862369114325958	0.0008469348837933342	0.0008684473851535973	0.00034055207925557946	0.0010843188419474767	0.000516143098618655	0.0002667687040966509	0.0002853793192919226	0.001397841217451844
261963	Kangiella	genus	6.24658389943e-05	3.0308234747380865e-05	0.0002434658073755818	3.3178500331785e-05	3.386878265918328e-05	9.431515408738299e-06	2.664890073284477e-05	7.15747419242544e-05	5.462348809988295e-05	8.338999576635407e-05	4.7001316036849034e-05	7.20672026664865e-05	6.733462615815557e-05	7.791556900476548e-05	4.577116789372952e-05	4.067431761010225e-05	4.596833110332203e-05	5.9764527760623146e-05	8.640123161028332e-05	3.455484718118834e-05	5.343895894430527e-05	3.7602191789979226e-05	5.066210546885366e-05	7.28898391564216e-05	4.8822515795519815e-05	5.4625406276459184e-05	4.0866692847930054e-05	6.100889947766996e-05	4.153634637989973e-05	6.51423360041691e-05	1.3963690761318633e-05	4.8473281717208773e-05	3.392306700710349e-05	4.206395621006468e-05	6.452164177933249e-05	5.634755169887868e-05	9.2408074055027e-05	4.993680411341509e-05	3.654679752160503e-05	6.745450371236452e-05	5.2299121688550365e-05	2.812786382484507e-05	3.25589044846969e-05	2.503534595553986e-05	0.00010431474913515795	5.952403096737711e-05	3.386599410854851e-05	5.7169863097234505e-05	4.5099434002103275e-05	5.739418325056488e-05	4.328082503639918e-05	7.273637630756322e-05	5.131875196527493e-05	3.484586356055034e-05	3.581596821203053e-05	5.355927646668403e-05	6.976376116220179e-05	4.087623384911873e-05	1.9203853422635016e-05	9.005101930549773e-06	2.9641720524026097e-05	4.696615881054059e-05	7.959168874107763e-05	4.9858393259857495e-05	6.086486803735799e-05	6.788590599768808e-05	6.178899267279744e-05	4.6704673892398656e-05	4.5989944245214106e-05	0.0001218963151722653	3.76520706621789e-05	3.403530077580277e-06	4.9132925481405375e-05	6.0458284040191435e-05	1.0961976800072301e-05	9.035990349562306e-05	1.674800614986786e-05	1.4873794652870822e-05	9.573163978560734e-06	8.821328071298045e-05
28253	Marinomonas	genus	4.684937924572499e-05	1.0102744915793621e-05	1.4321518080916577e-05	4.4238000442380005e-05	0.00014031352815947358	9.431515408738299e-06	3.553186764379303e-05	4.2294165682513965e-05	2.3410066328521263e-05	3.848769035370188e-05	5.371578975639889e-05	1.3512600499966218e-05	0.00013130252100840336	5.2645654732949655e-05	5.424731009627202e-05	2.8159142960840017e-05	1.805898721916223e-05	2.1453933042274976e-05	0.00011389253257719164	2.6580651677837185e-05	3.5625972629536846e-05	5.95368036674671e-05	3.0156015160031942e-05	7.019021548396153e-05	5.025847214244687e-05	6.207432531415816e-05	6.977240242329522e-05	2.346496133756537e-05	3.530589442291477e-05	3.486491222758347e-05	2.1856211626411774e-05	3.041460813628786e-05	1.583076460331496e-05	3.3922545330697325e-05	4.185187574875622e-05	5.832465877603232e-05	3.4150809976857805e-05	5.682463916354131e-05	2.479961260394627e-05	3.431895802909774e-05	7.531073523151252e-05	1.3610256689441163e-05	5.176030969362071e-05	2.2400046381272506e-05	6.42869965600392e-05	3.4722351397636646e-05	2.155108715998542e-05	3.1761035054019166e-05	2.2549717001051637e-05	0.00010421575379707834	9.348658207862222e-05	5.582093995696713e-05	0.0001819483024223384	5.179790529270996e-05	1.5053088089114282e-05	2.8354911070597427e-05	3.332000533120085e-05	3.1610954176651825e-05	1.1296384366255893e-05	1.3327550857213662e-05	4.4462580786039144e-05	3.798733433205489e-05	6.013594260436976e-05	7.21166045365796e-05	4.6192087349780615e-05	2.4743461064577895e-05	4.859808412467214e-05	4.592626266085868e-05	4.1177043103273096e-05	6.495205115018516e-05	3.36179202340883e-05	2.233566613412057e-06	7.491554974392503e-05	0.00014499741002859472	1.3397971644532811e-05	2.2589975873905766e-05	3.2277975488836236e-05	1.1035396032775127e-05	1.402963686513211e-05	4.003525816973728e-05
48075	Marinobacterium	genus	0.0	0.0	0.0	0.0	0.0	0.0	0.0	0.0	0.0	0.0	0.0	0.0	0.0	0.0	0.0	0.0	0.0	0.0	0.0	0.0	0.0	0.0	0.0	0.0	0.0	0.0	0.0	0.0	0.0	0.0	0.0	0.0	0.0	0.0	0.0	0.0	0.0	0.0	0.0	0.0	0.0	0.0	0.0	0.0	0.0	0.0	0.0	0.0	0.0	0.0	0.0	0.0	0.0	0.0	0.0	0.0	0.0	0.0	0.0	0.0	0.0	0.0	0.0	0.0	0.0	0.0	0.0	0.0	0.0	0.0	0.0	0.0	0.0	0.0	0.0	0.0	0.0	0.0	0.0	0.0
187492	Thalassolituus	genus	0.0	0.0	0.0	0.0	0.0	0.0	0.0	0.0	0.0	0.0	0.0	0.0	0.0	0.0	0.0	0.0	0.0	0.0	0.0	0.0	0.0	0.0	0.0	0.0	0.0	0.0	0.0	0.0	0.0	0.0	0.0	0.0	0.0	0.0	0.0	0.0	0.0	0.0	0.0	0.0	0.0	0.0	0.0	0.0	0.0	0.0	0.0	0.0	0.0	0.0	0.0	0.0	0.0	0.0	0.0	0.0	0.0	0.0	0.0	0.0	0.0	0.0	0.0	0.0	0.0	0.0	0.0	0.0	0.0	0.0	0.0	0.0	0.0	0.0	0.0	0.0	0.0	0.0	0.0	0.0
188907	Oleispira	genus	0.0	0.0	0.0	0.0	0.0	0.0	0.0	0.0	0.0	0.0	0.0	0.0	0.0	0.0	0.0	0.0	0.0	0.0	0.0	0.0	0.0	0.0	0.0	0.0	0.0	0.0	0.0	0.0	0.0	0.0	0.0	0.0	0.0	0.0	0.0	0.0	0.0	0.0	0.0	0.0	0.0	0.0	0.0	0.0	0.0	0.0	0.0	0.0	0.0	0.0	0.0	0.0	0.0	0.0	0.0	0.0	0.0	0.0	0.0	0.0	0.0	0.0	0.0	0.0	0.0	0.0	0.0	0.0	0.0	0.0	0.0	0.0	0.0	0.0	0.0	0.0	0.0	0.0	0.0	0.0
158481	Hahella	genus	0.0	0.0	0.0	0.0	0.0	0.0	0.0	0.0	0.0	0.0	0.0	0.0	0.0	0.0	0.0	0.0	0.0	0.0	0.0	0.0	0.0	0.0	0.0	0.0	0.0	0.0	0.0	0.0	0.0	0.0	0.0	0.0	0.0	0.0	0.0	0.0	0.0	0.0	0.0	0.0	0.0	0.0	0.0	0.0	0.0	0.0	0.0	0.0	0.0	0.0	0.0	0.0	0.0	0.0	0.0	0.0	0.0	0.0	0.0	0.0	0.0	0.0	0.0	0.0	0.0	0.0	0.0	0.0	0.0	0.0	0.0	0.0	0.0	0.0	0.0	0.0	0.0	0.0	0.0	0.0
1445504	Gynuella	genus	0.0	0.0	0.0	0.0	0.0	0.0	0.0	0.0	0.0	0.0	0.0	0.0	0.0	0.0	0.0	0.0	0.0	0.0	0.0	0.0	0.0	0.0	0.0	0.0	0.0	0.0	0.0	0.0	0.0	0.0	0.0	0.0	0.0	0.0	0.0	0.0	0.0	0.0	0.0	0.0	0.0	0.0	0.0	0.0	0.0	0.0	0.0	0.0	0.0	0.0	0.0	0.0	0.0	0.0	0.0	0.0	0.0	0.0	0.0	0.0	0.0	0.0	0.0	0.0	0.0	0.0	0.0	0.0	0.0	0.0	0.0	0.0	0.0	0.0	0.0	0.0	0.0	0.0	0.0	0.0
662	Vibrio	genus	0.0016709611930975248	0.001414384288211107	0.002406015037593985	0.0018248175182481751	0.0017998838784594542	0.0031171158425880078	0.0026027093049078394	0.0017828617533859733	0.0011496943685784888	0.0013695203150858918	0.0019136250100717106	0.0015359322568294935	0.0016530650721827192	0.001939465920361865	0.001517229454255108	0.0022308298812309924	0.0016400843847220968	0.0013270790010435807	0.002459816881753369	0.0013210583883885082	0.0025262053319126125	0.0013818805482817365	0.0015874126380240813	0.002633482892484788	0.00158385985066054	0.0015692389439419183	0.0015090773895552708	0.0014892428795574822	0.0014008132816621184	0.0023781540129972725	0.0012020916394526477	0.0016766052735128682	0.0018589840719892713	0.0014871643872977707	0.00228441488461961	0.002558376557836808	0.0021997139367446643	0.0022419903088160844	0.0013470105372248712	0.002020084874333443	0.0014329959342662798	0.0010842837829254793	0.0020203217654606795	0.0018315332041158108	0.0034787755874375933	0.002082100999879712	0.001865092657359881	0.00246846764439837	0.0013499080586538638	0.0034119331569217384	0.0020541079562275046	0.0023394048472874405	0.00261445714557637	0.004562924566239632	0.0008735981811717012	0.0026737630957681872	0.0020533453285352526	0.0012900539402781873	0.0016571795865297394	0.0011955173322997878	0.0018120971813687953	0.0020485533387068146	0.0022822179786423074	0.001777985916784561	0.0016645454535573886	0.00188050304090792	0.0017967405959235926	0.0015101177891875567	0.0015331763971049865	0.00412490012509943	0.0014899462247747936	0.0003033396181643422	0.0014024774669593237	0.0034435603985942934	0.0012808460892173368	0.00216713168550336	0.0014978807682036362	0.0016987312893061014	0.0011142832761941986	0.004706517807886403
657	Photobacterium	genus	0.0	1.0102744915793621e-05	0.0	0.0	0.0	0.0	1.7765933821896515e-05	3.253397360193382e-06	2.601118480946807e-06	6.414615058950312e-06	6.7144737195498615e-06	0.0	1.1783559577677225e-05	8.423304757271945e-06	1.6952284405085007e-06	9.386380986946674e-06	4.925178332498789e-06	0.0	0.0	5.316130335567437e-06	1.1335536745761724e-05	2.089010654998846e-06	3.618721819203833e-06	5.399247344920118e-06	1.4359563469270533e-06	0.0	1.993497212094149e-06	4.692992267513074e-06	6.23045195698496e-06	1.467996304319304e-05	1.8213509688676479e-06	9.504565042589956e-07	2.261537800473566e-06	0.0	1.7438281561981756e-06	2.965660615730457e-06	1.607096940087426e-05	6.887835050126219e-06	3.915728305886253e-06	2.3668246916619133e-06	0.0	3.629401783850977e-06	3.3393748189432716e-06	2.6352995742673536e-06	1.6981470789444317e-05	4.960335913948092e-06	1.8472360422844645e-06	1.0163531217286133e-05	1.024987136411438e-06	6.0414929737436715e-06	6.0593155050958845e-06	3.38308727011922e-06	5.59840930530272e-06	1.9777382020852896e-05	1.5572160092187188e-06	3.5706184311122686e-05	4.165000666400107e-06	3.2700987079294987e-06	1.1296384366255894e-06	6.843877467217827e-06	3.952229403203479e-06	2.072036418112085e-06	4.716544517989785e-06	2.6709853532066515e-06	8.151544826431873e-06	6.344477196045614e-06	1.3885166892763468e-06	1.2454579704639643e-05	6.417201522588015e-06	8.00778712810502e-06	2.2411946822725534e-06	1.1699634641682204e-06	4.864646087267859e-07	1.229660014376775e-05	1.4615969066763068e-06	8.533990885697734e-06	3.349601229973572e-06	1.199499568779905e-06	4.2914183352168805e-06	7.46420067571373e-06
511678	Aliivibrio	genus	1.5616459748575e-05	7.071921441055535e-05	8.592910848549946e-05	6.635700066357e-05	0.00013063673311399264	8.959939638301384e-05	0.00013324450366422385	9.434852344560808e-05	2.8612303290414877e-05	6.414615058950313e-05	5.371578975639889e-05	6.756300249983109e-05	8.080155138978668e-05	5.896313330090361e-05	7.798050826339103e-05	5.6318285921680035e-05	6.402731832248426e-05	7.202391807049456e-05	0.0001112743134374861	7.575485728183598e-05	5.343895894430527e-05	6.267031964996537e-05	8.805556426729327e-05	7.019021548396153e-05	9.190120620333141e-05	6.952324435185714e-05	9.76813633926133e-05	4.067259965177997e-05	4.8805206996382184e-05	8.716228056895867e-05	0.0001268874508311128	8.744199839182759e-05	9.046151201894264e-05	6.241748340848308e-05	0.00010637351752808871	0.0001403746024779083	8.03548470043713e-05	6.715639173873064e-05	9.267223657264133e-05	0.0001230748839664195	7.426475279774152e-05	5.534837720372739e-05	0.00018283077133714412	0.00013044732892623402	0.00017709248108991932	7.688520666619543e-05	0.00012191757879077466	0.00014101899563984512	6.45741895939206e-05	0.00014952695110015586	0.0001410954896186613	0.00017676630986372923	8.490920779709126e-05	0.00014691769501205007	2.906803217208275e-05	0.00026989674611642737	8.330001332800213e-05	5.286659577819356e-05	4.9704091211525926e-05	0.0001390387738076885	0.00010868630858809569	9.87670692633427e-05	0.00015092942457567313	6.05423346726841e-05	6.575579493321711e-05	0.00011483503724842562	7.28971261870082e-05	5.1375141281638524e-05	8.074978582589918e-05	0.0002135409900828005	9.726784921062882e-05	7.019780785009322e-06	8.026666043991968e-05	0.0001629299519049227	5.8220276782606215e-05	6.124393459147785e-05	0.0001653484970796045	6.741187576543066e-05	8.61584758070466e-05	0.00020967618261777662
246861	Grimontia	genus	0.0	0.0	0.0	0.0	0.0	0.0	0.0	0.0	0.0	0.0	0.0	0.0	0.0	0.0	0.0	0.0	0.0	0.0	0.0	0.0	0.0	0.0	0.0	0.0	0.0	0.0	0.0	0.0	0.0	0.0	0.0	0.0	0.0	0.0	0.0	0.0	0.0	0.0	0.0	0.0	0.0	0.0	0.0	0.0	0.0	0.0	0.0	0.0	0.0	0.0	0.0	0.0	0.0	0.0	0.0	0.0	0.0	0.0	0.0	0.0	0.0	0.0	0.0	0.0	0.0	0.0	0.0	0.0	0.0	0.0	0.0	0.0	0.0	0.0	0.0	0.0	0.0	0.0	0.0	0.0
349742	Sedimenticola	genus	0.0	0.0	0.0	0.0	0.0	0.0	0.0	0.0	0.0	0.0	0.0	0.0	0.0	0.0	0.0	0.0	0.0	0.0	0.0	0.0	0.0	0.0	0.0	0.0	0.0	0.0	0.0	0.0	0.0	0.0	0.0	0.0	0.0	0.0	0.0	0.0	0.0	0.0	0.0	0.0	0.0	0.0	0.0	0.0	0.0	0.0	0.0	0.0	0.0	0.0	0.0	0.0	0.0	0.0	0.0	0.0	0.0	0.0	0.0	0.0	0.0	0.0	0.0	0.0	0.0	0.0	0.0	0.0	0.0	0.0	0.0	0.0	0.0	0.0	0.0	0.0	0.0	0.0	0.0	0.0
1608298	Thiolapillus	genus	0.0	0.0	0.0	0.0	0.0	0.0	0.0	0.0	0.0	0.0	0.0	0.0	0.0	0.0	0.0	0.0	0.0	0.0	0.0	0.0	0.0	0.0	0.0	0.0	0.0	0.0	0.0	0.0	0.0	0.0	0.0	0.0	0.0	0.0	0.0	0.0	0.0	0.0	0.0	0.0	0.0	0.0	0.0	0.0	0.0	0.0	0.0	0.0	0.0	0.0	0.0	0.0	0.0	0.0	0.0	0.0	0.0	0.0	0.0	0.0	0.0	0.0	0.0	0.0	0.0	0.0	0.0	0.0	0.0	0.0	0.0	0.0	0.0	0.0	0.0	0.0	0.0	0.0	0.0	0.0
1524249	Pseudohongiella	genus	0.0	0.0	0.0	0.0	0.0	0.0	0.0	0.0	0.0	0.0	0.0	0.0	0.0	0.0	0.0	0.0	0.0	0.0	0.0	0.0	0.0	0.0	0.0	0.0	0.0	0.0	0.0	0.0	0.0	0.0	0.0	0.0	0.0	0.0	0.0	0.0	0.0	0.0	0.0	0.0	0.0	0.0	0.0	0.0	0.0	0.0	0.0	0.0	0.0	0.0	0.0	0.0	0.0	0.0	0.0	0.0	0.0	0.0	0.0	0.0	0.0	0.0	0.0	0.0	0.0	0.0	0.0	0.0	0.0	0.0	0.0	0.0	0.0	0.0	0.0	0.0	0.0	0.0	0.0	0.0
262	Francisella	genus	0.0010931521824002499	0.0011315074305688856	0.0017901897601145722	0.0018026985180269852	0.001054770659957422	0.0006177642592723586	0.002433932933599822	0.0012330375995132919	0.000876576928079074	0.0008563511103698667	0.0017256197459243144	0.0007296804269981758	0.0009746687136393019	0.0009286693494892318	0.0012205644771661206	0.0014736618149506276	0.0012657708314521888	0.0010405157525503364	0.0007802293036322554	0.0009436131345632201	0.0007497647876125254	0.000731153729249596	0.001025304515441086	0.0016130251442948852	0.0014819069500287192	0.0011123719096297142	0.0009798038797442742	0.0007180278169295003	0.0009688352793111613	0.0011019147259296775	0.0006065098726329267	0.0009476051347462187	0.0016056918383362318	0.0007028751392520486	0.0013514668210535862	0.0009490113970337463	0.0020169066598097196	0.001048672886381717	0.000870596926675377	0.0006863791605819548	0.0009068667700794633	0.0007648964259465934	0.001086131659861299	0.000880848882698863	0.0015404619930424487	0.0009734659231123131	0.0008084736411731673	0.00114339726194469	0.0008927637958143625	0.002902937373883834	0.001145210630463122	0.0026861712924746606	0.001099154360274434	0.001543577577722757	0.0006285961957212895	0.0014418997370344543	0.0014785752365720378	0.0005003251023132133	0.0006868201694683583	0.0006580928490845774	0.0019691983001461338	0.0010774589374182842	0.0018618559484764677	0.001225091948670784	0.0009852500513547323	0.0011159935387844236	0.000828944463497979	0.0009636731046464923	0.0011058977290593346	0.0023400533496573555	0.0011591458896713647	3.658794833398798e-05	0.001234160712339856	0.001210190397482476	0.0003673480225446451	0.0013122265985419928	0.0013992197865207784	0.00044477444010358877	0.0005837979481408503	0.002481507442825919
1869285	Allofrancisella	genus	0.0	0.0	0.0	0.0	0.0	0.0	0.0	0.0	0.0	0.0	0.0	0.0	0.0	0.0	0.0	0.0	0.0	0.0	0.0	0.0	0.0	0.0	0.0	0.0	0.0	0.0	0.0	0.0	0.0	0.0	0.0	0.0	0.0	0.0	0.0	0.0	0.0	0.0	0.0	0.0	0.0	0.0	0.0	0.0	0.0	0.0	0.0	0.0	0.0	0.0	0.0	0.0	0.0	0.0	0.0	0.0	0.0	0.0	0.0	0.0	0.0	0.0	0.0	0.0	0.0	0.0	0.0	0.0	0.0	0.0	0.0	0.0	0.0	0.0	0.0	0.0	0.0	0.0	0.0	0.0
40222	Methylophaga	genus	3.123291949715e-05	1.0102744915793621e-05	5.728607232366631e-05	0.0	2.903038513644281e-05	9.431515408738299e-06	4.4414834554741284e-05	9.434852344560808e-05	1.3005592404734036e-05	4.1694997883177034e-05	5.371578975639889e-05	3.603360133324325e-05	3.366731307907779e-05	6.10689594902216e-05	3.051411192915301e-05	5.6318285921680035e-05	2.1342439440828086e-05	3.524574714088032e-05	4.320061580514166e-05	3.9870977516755775e-05	8.096811961258374e-05	3.551318113498038e-05	2.7743533947229386e-05	9.58366403723321e-05	2.010338885697875e-05	1.2414865062831631e-05	3.289270399955346e-05	0.00011888913744366454	3.219066844442229e-05	7.248231752576562e-05	1.4570807750941183e-05	3.136506464054686e-05	2.261537800473566e-05	3.256564351746943e-05	0.00011858031462147595	0.00011862642462921829	4.419516585240422e-05	0.00013431278347746128	1.9578641529431267e-05	4.023601975825253e-05	2.1965631109191153e-05	1.723965847329214e-05	3.0054373370489444e-05	9.882373403502577e-06	0.0001807313676876574	0.0001178079779562672	4.310217431997084e-05	4.1924566271305306e-05	2.8699639819520266e-05	5.739418325056488e-05	2.6834111522567488e-05	2.875624179601337e-05	0.00011849966362890757	0.00011207183145149974	8.824224052239407e-06	4.725818511766238e-05	3.0196254831400773e-05	2.125564160154174e-05	5.1963368084777106e-05	5.763265235551854e-06	3.359394992722958e-05	7.873738388825922e-05	5.0113285503641466e-05	3.5613138042755354e-05	6.303861332440648e-05	2.0936774746950527e-05	5.137511750322483e-05	2.957962679851915e-05	3.475984158068508e-05	0.0004973725560678562	2.7790814060179665e-05	3.6162507074290447e-06	2.967434113233394e-05	0.00017522655204869043	1.4128770097870965e-05	3.7147960325978375e-05	2.7101319042513444e-05	6.237397757655506e-06	5.77690929740734e-06	1.764265614259609e-05
92244	Thiomicrospira	genus	3.123291949715e-05	2.0205489831587242e-05	4.296455424274973e-05	3.3178500331785e-05	2.903038513644281e-05	4.715757704369149e-06	5.329780146568954e-05	3.904076832232059e-05	4.1617895695148915e-05	2.2451152706326092e-05	5.371578975639889e-05	1.8016800666621624e-05	6.565126050420168e-05	4.843400235431368e-05	2.373319816711901e-05	2.8159142960840017e-05	3.119279610582567e-05	1.9921509253541048e-05	3.0109520106613884e-05	2.3922586510053468e-05	2.4290435883775122e-05	2.2979117204987304e-05	2.8949774553630662e-05	0.0002105706464518846	1.8667432510051695e-05	1.986378410053061e-05	2.890570957536516e-05	5.6315907210156884e-05	2.5960216487437334e-05	6.881232676496737e-05	1.0320988823583339e-05	3.231552114480585e-05	3.618460480757706e-05	7.327269791430622e-05	3.138890681156716e-05	5.9313212314609144e-05	2.4106454101311393e-05	3.616113401316265e-05	9.136699380401257e-06	3.431895802909774e-05	5.2299121688550365e-05	1.4517607135403908e-05	1.8366561504187994e-05	3.294124467834192e-05	4.487960137210284e-05	3.844260333309772e-05	4.371791966739899e-05	3.0490593651858403e-05	2.7674652683108826e-05	5.5883810007128964e-05	2.5968495021839505e-05	6.68159735848546e-05	4.0121933354669497e-05	0.00011113005135526864	1.245772807374975e-05	7.036218673074176e-05	2.0825003332000533e-05	1.7440526442290662e-05	7.907469056379124e-05	8.284693776105791e-06	1.4820860262013048e-05	9.669503284523062e-06	8.725607358281102e-05	1.869689747244656e-05	1.9563707583436497e-05	3.2991281419437195e-05	0.00011871817693312765	5.448878620779843e-05	2.4064505709705054e-05	6.406229702484016e-05	2.061899107690749e-05	1.8081253537145223e-06	4.4268279394137516e-05	7.531667588057747e-05	1.0961976800072301e-05	3.162596622346807e-05	1.4616441730793767e-05	1.4873794652870822e-05	7.097345708243303e-06	3.935669447194512e-05
1237	Piscirickettsia	genus	0.0	0.0	0.0	0.0	0.0	0.0	0.0	0.0	0.0	0.0	0.0	0.0	0.0	0.0	0.0	0.0	0.0	0.0	0.0	0.0	0.0	0.0	0.0	0.0	0.0	0.0	0.0	0.0	0.0	0.0	0.0	0.0	0.0	0.0	0.0	0.0	0.0	0.0	0.0	0.0	0.0	0.0	0.0	0.0	0.0	0.0	0.0	0.0	0.0	0.0	0.0	0.0	0.0	0.0	0.0	0.0	0.0	0.0	0.0	0.0	0.0	0.0	0.0	0.0	0.0	0.0	0.0	0.0	0.0	0.0	0.0	0.0	0.0	0.0	0.0	0.0	0.0	0.0	0.0	0.0
34067	Cycloclasticus	genus	0.00017178105723432497	0.00015154117373690433	0.0002577873254564984	0.00023224950232249503	0.0001838591058641378	0.0001980618235835043	0.00033755274261603374	0.00026677858353585734	0.00013265704252828715	0.00013149960870848142	0.00024172105390379503	0.00017115960633290543	0.0001885369532428356	0.00035377879980542167	0.0002135987835040711	0.00016895485776504012	0.00017894814608078935	0.00018082600707060336	0.0002592036948308499	0.0001727742359059417	0.0002510011707990096	0.0002089010654998846	0.00020144218126901336	0.00036714881945456803	0.00021826536473291212	0.00024333135523149998	0.0002382229168452508	0.0001454827602929053	0.00016199175088160895	0.00020276698953410386	0.00014206537557167654	0.00019959586589438907	0.00017639994843693816	0.00019810766473127238	0.00024064828555534824	0.00023626429571985973	0.0003194105168423759	0.00022385463912910213	0.0001331347624001326	0.0001585772543413482	0.00017990897860861325	0.00011251145529938028	0.0004708518494710013	0.00029713002699864415	0.00020620357387182386	0.0001822923448375924	0.0002456823936238338	0.00021470459696516957	0.00016297295468941864	0.0004274356278923648	0.0002830565957380506	0.0005150750368756512	0.00026499137378432875	0.00024768816530877674	0.00013859222482046597	0.00021843783343275056	0.00021345628415300546	0.00013734414573303896	0.0001909088957897246	0.00021936428302819246	0.00018773089665216527	0.00021894518151384363	0.0004256681427485781	0.0002199111274140143	0.00019291989422555434	0.00027979144434561157	0.00019230956146477402	0.00017202888217033506	0.00019786371361313045	0.00034522460063386083	0.00020036280459516628	1.074239180736275e-05	0.0002242601846230483	0.00025003086958994426	8.184942677387318e-05	0.00018774779948535015	0.00021559251552920807	8.34851699870814e-05	0.0001695110242410668	0.0005957789266615141
933	Thiomicrospira	genus	0.0	0.0	0.0	0.0	0.0	0.0	0.0	0.0	0.0	0.0	0.0	0.0	0.0	0.0	0.0	0.0	0.0	0.0	0.0	0.0	0.0	0.0	0.0	0.0	0.0	0.0	0.0	0.0	0.0	0.0	0.0	0.0	0.0	0.0	0.0	0.0	0.0	0.0	0.0	0.0	0.0	0.0	0.0	0.0	0.0	0.0	0.0	0.0	0.0	0.0	0.0	0.0	0.0	0.0	0.0	0.0	0.0	0.0	0.0	0.0	0.0	0.0	0.0	0.0	0.0	0.0	0.0	0.0	0.0	0.0	0.0	0.0	0.0	0.0	0.0	0.0	0.0	0.0	0.0	0.0
1021	Beggiatoa	genus	0.0	0.0	0.0	0.0	0.0	0.0	0.0	0.0	0.0	0.0	0.0	0.0	0.0	0.0	0.0	0.0	0.0	0.0	0.0	0.0	0.0	0.0	0.0	0.0	0.0	0.0	0.0	0.0	0.0	0.0	0.0	0.0	0.0	0.0	0.0	0.0	0.0	0.0	0.0	0.0	0.0	0.0	0.0	0.0	0.0	0.0	0.0	0.0	0.0	0.0	0.0	0.0	0.0	0.0	0.0	0.0	0.0	0.0	0.0	0.0	0.0	0.0	0.0	0.0	0.0	0.0	0.0	0.0	0.0	0.0	0.0	0.0	0.0	0.0	0.0	0.0	0.0	0.0	0.0	0.0
40751	Thioploca	genus	0.0	0.0	0.0	0.0	0.0	0.0	0.0	0.0	0.0	0.0	0.0	0.0	0.0	0.0	0.0	0.0	0.0	0.0	0.0	0.0	0.0	0.0	0.0	0.0	0.0	0.0	0.0	0.0	0.0	0.0	0.0	0.0	0.0	0.0	0.0	0.0	0.0	0.0	0.0	0.0	0.0	0.0	0.0	0.0	0.0	0.0	0.0	0.0	0.0	0.0	0.0	0.0	0.0	0.0	0.0	0.0	0.0	0.0	0.0	0.0	0.0	0.0	0.0	0.0	0.0	0.0	0.0	0.0	0.0	0.0	0.0	0.0	0.0	0.0	0.0	0.0	0.0	0.0	0.0	0.0
447467	Simiduia	genus	0.0	0.0	0.0	0.0	0.0	0.0	0.0	0.0	0.0	0.0	0.0	0.0	0.0	0.0	0.0	0.0	0.0	0.0	0.0	0.0	0.0	0.0	0.0	0.0	0.0	0.0	0.0	0.0	0.0	0.0	0.0	0.0	0.0	0.0	0.0	0.0	0.0	0.0	0.0	0.0	0.0	0.0	0.0	0.0	0.0	0.0	0.0	0.0	0.0	0.0	0.0	0.0	0.0	0.0	0.0	0.0	0.0	0.0	0.0	0.0	0.0	0.0	0.0	0.0	0.0	0.0	0.0	0.0	0.0	0.0	0.0	0.0	0.0	0.0	0.0	0.0	0.0	0.0	0.0	0.0
10	Cellvibrio	genus	0.0	0.0	0.0	0.0	0.0	0.0	0.0	0.0	0.0	0.0	0.0	0.0	0.0	0.0	0.0	0.0	0.0	0.0	0.0	0.0	0.0	0.0	0.0	0.0	0.0	0.0	0.0	0.0	0.0	0.0	0.0	0.0	0.0	0.0	0.0	0.0	0.0	0.0	0.0	0.0	0.0	0.0	0.0	0.0	0.0	0.0	0.0	0.0	0.0	0.0	0.0	0.0	0.0	0.0	0.0	0.0	0.0	0.0	0.0	0.0	0.0	0.0	0.0	0.0	0.0	0.0	0.0	0.0	0.0	0.0	0.0	0.0	0.0	0.0	0.0	0.0	0.0	0.0	0.0	0.0
316625	Saccharophagus	genus	0.0	0.0	0.0	0.0	0.0	0.0	0.0	0.0	0.0	0.0	0.0	0.0	0.0	0.0	0.0	0.0	0.0	0.0	0.0	0.0	0.0	0.0	0.0	0.0	0.0	0.0	0.0	0.0	0.0	0.0	0.0	0.0	0.0	0.0	0.0	0.0	0.0	0.0	0.0	0.0	0.0	0.0	0.0	0.0	0.0	0.0	0.0	0.0	0.0	0.0	0.0	0.0	0.0	0.0	0.0	0.0	0.0	0.0	0.0	0.0	0.0	0.0	0.0	0.0	0.0	0.0	0.0	0.0	0.0	0.0	0.0	0.0	0.0	0.0	0.0	0.0	0.0	0.0	0.0	0.0
2425	Teredinibacter	genus	0.0	0.0	0.0	0.0	0.0	0.0	0.0	0.0	0.0	0.0	0.0	0.0	0.0	0.0	0.0	0.0	0.0	0.0	0.0	0.0	0.0	0.0	0.0	0.0	0.0	0.0	0.0	0.0	0.0	0.0	0.0	0.0	0.0	0.0	0.0	0.0	0.0	0.0	0.0	0.0	0.0	0.0	0.0	0.0	0.0	0.0	0.0	0.0	0.0	0.0	0.0	0.0	0.0	0.0	0.0	0.0	0.0	0.0	0.0	0.0	0.0	0.0	0.0	0.0	0.0	0.0	0.0	0.0	0.0	0.0	0.0	0.0	0.0	0.0	0.0	0.0	0.0	0.0	0.0	0.0
48073	Microbulbifer	genus	4.684937924572499e-05	0.0	4.296455424274973e-05	2.2119000221190002e-05	1.4515192568221405e-05	0.0	1.7765933821896515e-05	1.6266986800966908e-05	1.5606710885680843e-05	9.62192258842547e-06	0.0	9.008400333310812e-06	5.050096961861668e-06	1.2634957135907916e-05	1.3561827524068006e-05	6.257587324631115e-06	1.1492082775830508e-05	1.0726966521137488e-05	3.927328709558332e-06	1.3290325838918592e-05	1.9432348707020097e-05	5.222526637497115e-06	1.0856165457611498e-05	9.448682853610206e-06	1.5795519816197587e-05	4.221054121362755e-05	8.97073745442367e-06	6.257323023350765e-06	1.7652947211457385e-05	1.651495842359217e-05	4.249818927357845e-06	7.603652034071965e-06	9.046151201894265e-06	8.141410879367358e-06	8.719140780990878e-06	2.0759624310113198e-05	1.8079840575983545e-05	1.721958762531555e-05	6.526213843143756e-06	1.775118518746435e-05	1.150580677148108e-05	9.073504459627441e-06	1.586203038998054e-05	8.5647236163689e-06	1.819443298869034e-05	1.4881007741844277e-05	3.078726737140774e-06	1.1433972619446901e-05	1.2299845636937257e-05	2.4165971894974686e-05	3.462466002911934e-06	1.353234908047688e-05	6.5314775228531736e-06	8.476020866079812e-06	8.3051520491665e-06	1.365236458954691e-05	5.206250833000133e-06	1.4715444185682744e-05	1.2426022802881481e-05	1.4408163088879636e-06	4.9402867540043495e-06	5.5254304482988925e-06	5.3061125827385086e-06	1.5135583668171025e-05	5.4343632176212486e-06	1.3957849831300352e-05	6.873157611917917e-05	3.269327172467906e-05	1.6577770600019038e-05	1.601557425621004e-05	1.0757734474908256e-05	1.9889378890859746e-05	1.1188686000716077e-05	6.148300071883875e-06	1.8513560817899885e-05	1.756998123526004e-05	3.349601229973572e-06	2.1590992238038292e-06	1.3204364108359633e-06	2.5785420516101976e-05
1434050	Zhongshania	genus	0.0	0.0	0.0	0.0	0.0	0.0	0.0	0.0	0.0	0.0	0.0	0.0	0.0	0.0	0.0	0.0	0.0	0.0	0.0	0.0	0.0	0.0	0.0	0.0	0.0	0.0	0.0	0.0	0.0	0.0	0.0	0.0	0.0	0.0	0.0	0.0	0.0	0.0	0.0	0.0	0.0	0.0	0.0	0.0	0.0	0.0	0.0	0.0	0.0	0.0	0.0	0.0	0.0	0.0	0.0	0.0	0.0	0.0	0.0	0.0	0.0	0.0	0.0	0.0	0.0	0.0	0.0	0.0	0.0	0.0	0.0	0.0	0.0	0.0	0.0	0.0	0.0	0.0	0.0	0.0
630749	Spongiibacter	genus	0.0	0.0	0.0	0.0	0.0	0.0	0.0	0.0	0.0	0.0	0.0	0.0	0.0	0.0	0.0	0.0	0.0	0.0	0.0	0.0	0.0	0.0	0.0	0.0	0.0	0.0	0.0	0.0	0.0	0.0	0.0	0.0	0.0	0.0	0.0	0.0	0.0	0.0	0.0	0.0	0.0	0.0	0.0	0.0	0.0	0.0	0.0	0.0	0.0	0.0	0.0	0.0	0.0	0.0	0.0	0.0	0.0	0.0	0.0	0.0	0.0	0.0	0.0	0.0	0.0	0.0	0.0	0.0	0.0	0.0	0.0	0.0	0.0	0.0	0.0	0.0	0.0	0.0	0.0	0.0
445	Legionella	genus	0.0001249316779886	6.061646949476173e-05	0.0002434658073755818	8.847600088476001e-05	5.806077027288562e-05	4.715757704369149e-06	0.00025760604041749944	5.530775512328749e-05	0.00011444921316165951	8.338999576635407e-05	0.0001410039481105471	0.00011260500416638516	5.5551066580478344e-05	7.159809043681152e-05	7.119959450135703e-05	0.00013766692114188452	4.268487888165617e-05	7.968603701416419e-05	5.105527322425833e-05	5.316130335567437e-05	5.991640851331197e-05	4.595823440997461e-05	8.081812062888561e-05	5.93917207941213e-05	6.605399195864446e-05	0.00014649540774141326	5.980491636282447e-05	9.385984535026148e-05	6.645815420783957e-05	4.862737758057694e-05	3.157008346037256e-05	4.0869629683136814e-05	0.00016735379723504387	0.00012076426137728247	7.14969544041252e-05	8.501560431760644e-05	9.843468758035485e-05	7.576618555138841e-05	8.745126549812632e-05	8.99393382831527e-05	4.8115191953466335e-05	5.081162497391368e-05	8.682374529252506e-05	5.731776574031495e-05	8.49073539472216e-05	0.00011160755806383209	4.371791966739899e-05	8.511957394477137e-05	5.432431822980622e-05	0.0001540580708304636	6.578685405532674e-05	0.00010487570537369581	8.957454888484352e-05	0.00010830471106657537	9.758553657770637e-05	0.00014282473724449074	0.00012286751965880316	5.613669448612306e-05	0.000170575403930464	4.250408111219493e-05	0.00010967436593889656	5.249158925883948e-05	7.192730389934422e-05	0.00010862007103040382	6.412548596793073e-05	7.359593547412913e-05	0.00013468611885980564	0.00014556290029797583	8.395838658719319e-05	0.00014236066005520034	6.27534511036315e-05	5.743457005916718e-06	8.221251887482682e-05	6.865601746936993e-05	1.778276236456173e-05	6.726792815785273e-05	4.415383439510617e-05	1.89520931867225e-05	1.832105520034899e-05	8.753471701518829e-05
465	Tatlockia	genus	0.0	0.0	0.0	0.0	0.0	0.0	0.0	0.0	0.0	0.0	0.0	0.0	0.0	0.0	0.0	0.0	0.0	0.0	0.0	0.0	0.0	0.0	0.0	0.0	0.0	0.0	0.0	0.0	0.0	0.0	0.0	0.0	0.0	0.0	0.0	0.0	0.0	0.0	0.0	0.0	0.0	0.0	0.0	0.0	0.0	0.0	0.0	0.0	0.0	0.0	0.0	0.0	0.0	0.0	0.0	0.0	0.0	0.0	0.0	0.0	0.0	0.0	0.0	0.0	0.0	0.0	0.0	0.0	0.0	0.0	0.0	0.0	0.0	0.0	0.0	0.0	0.0	0.0	0.0	0.0
776	Coxiella	genus	0.0	0.0	0.0	2.2119000221190002e-05	0.0	0.0	0.0	3.253397360193382e-06	2.601118480946807e-06	3.207307529475156e-06	0.0	0.0	1.6833656539538892e-06	6.317478567953958e-06	1.6952284405085007e-06	1.8772761973893347e-05	0.0	0.0	2.618219139705555e-06	1.3290325838918592e-06	3.2387247845033495e-06	2.089010654998846e-06	0.0	5.399247344920118e-06	0.0	0.0	0.0	1.4078976802539221e-05	1.0384086594974932e-06	1.83499538039913e-06	6.071169896225493e-07	1.9009130085179912e-06	4.523075600947132e-05	5.427607252911572e-06	1.0462968937189054e-05	5.931321231460914e-06	2.0088711751092826e-06	1.033175257518933e-05	0.0	1.1834123458309566e-06	0.0	1.8147008919254884e-06	0.0	0.0	9.703697593968182e-06	9.920671827896185e-06	3.694472084568929e-06	2.5408828043215333e-06	1.024987136411438e-06	3.3228211355590196e-05	3.462466002911934e-06	1.69154363505961e-06	8.39761395795408e-06	2.91951829831638e-05	0.0	1.0501818915036085e-06	5.206250833000133e-06	1.0900329026431664e-06	2.2592768732511787e-06	0.0	5.9283441048052195e-06	3.453394030186808e-06	5.895680647487231e-07	4.451642255344419e-06	1.6303089652863746e-05	0.0	2.429904206233607e-05	7.005701083859799e-06	5.347667935490012e-07	1.4236066005520035e-05	0.0	1.0636031492438366e-07	1.9458584349071436e-06	4.611225053912906e-06	9.743979377842045e-07	5.019994638645725e-07	9.135276081746104e-07	9.59599655023924e-07	1.6505455135449542e-07	2.035691093376472e-06
416	Methylomonas	genus	3.123291949715e-05	0.0001010274491579362	7.160759040458288e-05	0.00011059500110595002	7.741436036384749e-05	1.8863030817476597e-05	0.00018654230512991338	0.0001268824970475419	0.00010404473923787229	0.00018602383670955906	0.00010743157951279778	0.00012611760466635138	7.406808877397112e-05	0.00015583113800953096	8.306619358491654e-05	8.447742888252006e-05	8.865320998497821e-05	5.516725639442136e-05	8.247390290072498e-05	0.00010499357412745688	0.00011335536745761723	6.162581432246595e-05	9.529300790570094e-05	9.178720486364201e-05	7.466973004020678e-05	0.00016387621882937755	7.375939684748351e-05	0.0001626903986071199	8.826473605728693e-05	5.780235448257259e-05	8.196079359904415e-05	5.892830326405773e-05	0.00013569226802841397	0.00013976088676247297	0.00011160500199668324	0.000103798121550566	0.0001486564669580869	0.00014636649481518217	9.006175103538383e-05	9.940663704980035e-05	7.635671766528352e-05	5.534837720372739e-05	0.00019284889579397393	4.611774254967869e-05	0.00010310178693591193	0.00010664722214988399	5.72643173108184e-05	0.00013847811283552357	0.00010147372650473236	0.00021447300056790035	0.000104739596588086	9.303489992827855e-05	0.00012503114115176075	0.00014880125520451225	7.734172845786303e-05	0.00013022255454644743	0.00010100126616020259	9.919299414052813e-05	0.00011861203584568687	2.2332652787763435e-05	4.6438695487640885e-05	6.906788060373615e-05	0.00022757327299300714	0.00012375565469857486	0.00016194402388511323	0.00010722166461317088	0.0002374363538662553	0.0001844834618749747	0.00012246159572272127	0.00015481721781003037	0.00010264671644808295	5.4243760611435666e-06	0.00018534301592490544	7.121780916598822e-05	1.900075978679199e-05	0.0001631498257559861	3.989070555695799e-05	2.111119241052633e-05	1.7825891546285504e-05	9.499891769090202e-05
413	Methylococcus	genus	0.0	0.0	0.0	0.0	0.0	0.0	0.0	0.0	0.0	0.0	0.0	0.0	0.0	0.0	0.0	0.0	0.0	0.0	0.0	0.0	0.0	0.0	0.0	0.0	0.0	0.0	0.0	0.0	0.0	0.0	0.0	0.0	0.0	0.0	0.0	0.0	0.0	0.0	0.0	0.0	0.0	0.0	0.0	0.0	0.0	0.0	0.0	0.0	0.0	0.0	0.0	0.0	0.0	0.0	0.0	0.0	0.0	0.0	0.0	0.0	0.0	0.0	0.0	0.0	0.0	0.0	0.0	0.0	0.0	0.0	0.0	0.0	0.0	0.0	0.0	0.0	0.0	0.0	0.0	0.0
39773	Methylomicrobium	genus	0.0	0.0	0.0	0.0	0.0	0.0	0.0	0.0	0.0	0.0	0.0	0.0	0.0	0.0	0.0	0.0	0.0	0.0	0.0	0.0	0.0	0.0	0.0	0.0	0.0	0.0	0.0	0.0	0.0	0.0	0.0	0.0	0.0	0.0	0.0	0.0	0.0	0.0	0.0	0.0	0.0	0.0	0.0	0.0	0.0	0.0	0.0	0.0	0.0	0.0	0.0	0.0	0.0	0.0	0.0	0.0	0.0	0.0	0.0	0.0	0.0	0.0	0.0	0.0	0.0	0.0	0.0	0.0	0.0	0.0	0.0	0.0	0.0	0.0	0.0	0.0	0.0	0.0	0.0	0.0
469322	Steroidobacter	genus	0.0	0.0	0.0	0.0	0.0	0.0	0.0	0.0	0.0	0.0	0.0	0.0	0.0	0.0	0.0	0.0	0.0	0.0	0.0	0.0	0.0	0.0	0.0	0.0	0.0	0.0	0.0	0.0	0.0	0.0	0.0	0.0	0.0	0.0	0.0	0.0	0.0	0.0	0.0	0.0	0.0	0.0	0.0	0.0	0.0	0.0	0.0	0.0	0.0	0.0	0.0	0.0	0.0	0.0	0.0	0.0	0.0	0.0	0.0	0.0	0.0	0.0	0.0	0.0	0.0	0.0	0.0	0.0	0.0	0.0	0.0	0.0	0.0	0.0	0.0	0.0	0.0	0.0	0.0	0.0
1193503	Gilliamella	genus	0.0	0.0	0.0	0.0	0.0	0.0	0.0	0.0	0.0	0.0	0.0	0.0	0.0	0.0	0.0	0.0	0.0	0.0	0.0	0.0	0.0	0.0	0.0	0.0	0.0	0.0	0.0	0.0	0.0	0.0	0.0	0.0	0.0	0.0	0.0	0.0	0.0	0.0	0.0	0.0	0.0	0.0	0.0	0.0	0.0	0.0	0.0	0.0	0.0	0.0	0.0	0.0	0.0	0.0	0.0	0.0	0.0	0.0	0.0	0.0	0.0	0.0	0.0	0.0	0.0	0.0	0.0	0.0	0.0	0.0	0.0	0.0	0.0	0.0	0.0	0.0	0.0	0.0	0.0	0.0
1335631	Frischella	genus	0.0	0.0	0.0	0.0	0.0	0.0	0.0	0.0	0.0	0.0	0.0	0.0	0.0	0.0	0.0	0.0	0.0	0.0	0.0	0.0	0.0	0.0	0.0	0.0	0.0	0.0	0.0	0.0	0.0	0.0	0.0	0.0	0.0	0.0	0.0	0.0	0.0	0.0	0.0	0.0	0.0	0.0	0.0	0.0	0.0	0.0	0.0	0.0	0.0	0.0	0.0	0.0	0.0	0.0	0.0	0.0	0.0	0.0	0.0	0.0	0.0	0.0	0.0	0.0	0.0	0.0	0.0	0.0	0.0	0.0	0.0	0.0	0.0	0.0	0.0	0.0	0.0	0.0	0.0	0.0
869	Dichelobacter	genus	0.0	0.0	0.0	0.0	0.0	0.0	0.0	0.0	0.0	0.0	0.0	0.0	0.0	0.0	0.0	0.0	0.0	0.0	0.0	0.0	0.0	0.0	0.0	0.0	0.0	0.0	0.0	0.0	0.0	0.0	0.0	0.0	0.0	0.0	0.0	0.0	0.0	0.0	0.0	0.0	0.0	0.0	0.0	0.0	0.0	0.0	0.0	0.0	0.0	0.0	0.0	0.0	0.0	0.0	0.0	0.0	0.0	0.0	0.0	0.0	0.0	0.0	0.0	0.0	0.0	0.0	0.0	0.0	0.0	0.0	0.0	0.0	0.0	0.0	0.0	0.0	0.0	0.0	0.0	0.0
12916	Acidovorax	genus	0.10723822909346452	0.0931271026337856	0.06169709989258861	0.1356668878566689	0.07919972904973872	0.005493857725590059	0.06608927381745502	0.13496718948762246	0.20418780075432436	0.13598342463468768	0.09351247549217093	0.06334256694367497	0.1576118428140487	0.11529819551753838	0.2733623669457578	0.035899778481408705	0.2059528988778802	0.15137588669871477	0.1999520865897434	0.1223281461191584	0.07767919459392059	0.22656573959855483	0.18595284564221456	0.23182478362516265	0.23386559448592764	0.07972826343350474	0.2339010148894307	0.114509011327319	0.18469032576956465	0.055554485141583655	0.04142237796796729	0.11092777861206737	0.01640745674243572	0.12000711016550131	0.10180991924331809	0.14632075201244787	0.08501141038827462	0.15960835769904982	0.09125082719760462	0.07534668064671118	0.23330951979992448	0.09655660505757138	0.1800991627352485	0.11315185782031736	0.08807925009824993	0.14787505409866356	0.09034277312000631	0.07333114817412162	0.2447413034966411	0.06068226580152487	0.15902240734873785	0.1507207667428989	0.1845263699074303	0.0275837972385124	0.09704154911848598	0.012353289589756946	0.08796273157403706	0.27578377453323427	0.12168465239330847	0.04046028317803735	0.017304836441926433	0.12261966182984299	0.20075441129565247	0.10055369526371974	0.27464076141949917	0.1550882072664566	0.11266632694291669	0.07517272945227872	0.18106722339454986	0.0657554991253717	0.22770627619676434	0.0015409482426244705	0.25431348168558043	0.09500199563573167	0.011455996554528893	0.17082338956061996	0.05917161925509132	0.015324806490732066	0.023089316134429008	0.020044093069082534
80865	Delftia	genus	0.04155539939095807	0.03464231231625633	0.028886501969208736	0.051824817518248176	0.03338978130443197	0.003819763740539011	0.031214745725072175	0.04721330249112636	0.07488099882949668	0.04860674560919599	0.03474740149867053	0.025696461950769092	0.06270705397543633	0.0392336477331834	0.08897406470008866	0.01776216162096542	0.07081093061244592	0.04825602510723136	0.06964593822573761	0.044982436834403866	0.027404469764075092	0.08790243484636893	0.06606459177199157	0.07680699310516113	0.07796381390005744	0.032392865921940295	0.08259756673730292	0.05150402580520015	0.06860973695031837	0.04357563529833813	0.017777599690127488	0.03729116094460169	0.010448304638187874	0.041800717258298474	0.041478696523329806	0.047247916376279064	0.033293021985086144	0.054446614112485234	0.0427741107707328	0.03200302006830656	0.07641110875183962	0.04042699911987007	0.07152439955953646	0.0456368003773749	0.04221351045816008	0.04250263827866423	0.036146714875422405	0.027131546584545335	0.08162075065957922	0.023871449112504682	0.06587255008889882	0.05139586180765119	0.06576638024582615	0.014544851806192957	0.03991352260428806	0.007314516874322633	0.033335624083699854	0.09990642067530808	0.046843846689989935	0.03784808321002347	0.009073330652404388	0.04940080160182229	0.0639769785462077	0.04344090578455298	0.08858881542837455	0.05718531075883754	0.050608656290744285	0.032858294905765535	0.0677838301495101	0.02882447464467669	0.08053374499597257	0.0008600295064785663	0.08558906972399943	0.03570778974248358	0.0048198593992495676	0.060368949525961904	0.02648773299902283	0.007296076077060651	0.010572734341563559	0.012625356161120878
34072	Variovorax	genus	0.0028109627547434997	0.002192295646727216	0.0018188327962764053	0.003174076531740765	0.001683762337913683	0.00012732545801796702	0.0029313790806129248	0.0029117906373730767	0.004827675900637274	0.0040380001796092215	0.0018330513254371122	0.0016980834628290882	0.0026378339797457446	0.0021984825416479776	0.004083805313184978	0.0012139719409784363	0.003271960138890029	0.002261857512171276	0.002894441258944491	0.0032893556451323515	0.002056590238159627	0.0058742979618567545	0.003891332196250522	0.003095118540475458	0.003736358414704193	0.00260215571716951	0.004297979989274985	0.004358225485763808	0.0035856251012448444	0.0017634305605635637	0.0013180509844705544	0.00170321805563212	0.0011646919672438866	0.0026554568484869864	0.002460541528395626	0.002582101842762651	0.002579390588840319	0.0022798734015917785	0.002767114669492952	0.0013857758569680502	0.0035772599234968447	0.002036094400740398	0.006312253251507519	0.0029456060991373345	0.002026859834940104	0.0019432115942891652	0.001889106725909579	0.00147498246790865	0.0042741963588356965	0.0013638670388226339	0.00420256811103436	0.002684479748839601	0.002702165558026113	0.0007176364333280908	0.0024391193424395867	0.0006553135002982516	0.0029155004664800747	0.006149420620261423	0.0025450753977174527	0.0007823632557261642	0.0006550820235809768	0.002805537310123763	0.0025711063303691817	0.002238285725987174	0.0037268862946446524	0.0031589151959111115	0.0027214927109816397	0.00244109762210937	0.0046064811596310965	0.0014093705345464833	0.0042103083301172186	3.967239746679511e-05	0.003854259094942325	0.001252203781307016	0.000323987314313248	0.0030064747890849253	0.0012229089581430785	0.0002514151096162681	0.0005123293274043538	0.0007477771949669573
201096	Alicycliphilus	genus	0.0	0.0	0.0	0.0	0.0	0.0	0.0	0.0	0.0	0.0	0.0	0.0	0.0	0.0	0.0	0.0	0.0	0.0	0.0	0.0	0.0	0.0	0.0	0.0	0.0	0.0	0.0	0.0	0.0	0.0	0.0	0.0	0.0	0.0	0.0	0.0	0.0	0.0	0.0	0.0	0.0	0.0	0.0	0.0	0.0	0.0	0.0	0.0	0.0	0.0	0.0	0.0	0.0	0.0	0.0	0.0	0.0	0.0	0.0	0.0	0.0	0.0	0.0	0.0	0.0	0.0	0.0	0.0	0.0	0.0	0.0	0.0	0.0	0.0	0.0	0.0	0.0	0.0	0.0	0.0
47420	Hydrogenophaga	genus	0.0020613726868118996	0.0018083913399270582	0.0012602935911206587	0.00254368502543685	0.001093477840139346	9.431515408738298e-05	0.002531645569620253	0.0024042606491829093	0.003774222915853817	0.002626784866640153	0.0013428947439099723	0.0013827894511632096	0.002312944408532644	0.0016299094705321212	0.003843082874632771	0.000954282067006245	0.0026004941595593606	0.0016810688962411178	0.0023275968151982383	0.0019776004848310867	0.0016922336999030002	0.007033698875381114	0.003037313846918417	0.0027509165222368	0.002959506031016657	0.001961548679927398	0.003839475630493331	0.003945242166222658	0.0029293508284424286	0.0018652728041757155	0.0022785100620534276	0.0014779598641227383	0.000495276778303711	0.0021018409086900063	0.0021013129282188014	0.0024654525252105867	0.001755753407045513	0.0019234279377477468	0.0020688097882765703	0.001231932252010026	0.0028000949752049866	0.0013419713095788987	0.005607645164710489	0.001924427514108735	0.001869174749038121	0.0016741133709574812	0.0017277814448834025	0.0012386803671067476	0.0036315294243057248	0.001232464566643709	0.0033828292848449596	0.0026557235070435877	0.0025659375982637466	0.0006799652294788471	0.0017347386342696526	0.000426373847950465	0.0018044865387178463	0.004512191200491387	0.002290906749476695	0.0006065836660418326	0.0003971990550219497	0.001805434398981663	0.002386571526102831	0.0015660877454301667	0.0027709818046650746	0.0027078228672722682	0.0025416797997203527	0.0022830801421067546	0.004124656278643446	0.001236758234229553	0.003392272271087737	2.6590078731095917e-05	0.004150516041656937	0.001187646630552235	0.00029816576896196656	0.002469335362749833	0.0007463520558786568	0.0001981573287624403	0.0003459543396390224	0.0008346333482843535
283	Comamonas	genus	0.0	0.0	0.0	0.0	0.0	0.0	0.0	0.0	0.0	0.0	0.0	0.0	0.0	0.0	0.0	0.0	0.0	0.0	0.0	0.0	0.0	0.0	0.0	0.0	0.0	0.0	0.0	0.0	0.0	0.0	0.0	0.0	0.0	0.0	0.0	0.0	0.0	0.0	0.0	0.0	0.0	0.0	0.0	0.0	0.0	0.0	0.0	0.0	0.0	0.0	0.0	0.0	0.0	0.0	0.0	0.0	0.0	0.0	0.0	0.0	0.0	0.0	0.0	0.0	0.0	0.0	0.0	0.0	0.0	0.0	0.0	0.0	0.0	0.0	0.0	0.0	0.0	0.0	0.0	0.0
52972	Polaromonas	genus	0.0015147965956117749	0.0008991442975056323	0.0007017543859649122	0.0013160805131608052	0.00048383975227404683	8.959939638301384e-05	0.0016699977792582722	0.0011256754866269102	0.001992456756405254	0.0012059476310826588	0.0006714473719549862	0.0006035628223318245	0.000986452273216979	0.000764414906722429	0.0021919303735774913	0.0004568038746980714	0.0013889002897646587	0.0009301812397614935	0.0013496919665182136	0.001104426077214135	0.0008485458935398776	0.002360582040148696	0.0018744979023475855	0.0012458763248403173	0.001882538770821367	0.00235882436193801	0.0028556847563248684	0.0014892428795574822	0.002137045021245841	0.0007670280690068363	0.0007649674069244121	0.0007537120078773836	0.00032113836766724637	0.0008358515169483821	0.0009172536101602404	0.0011002600884359997	0.001108896888660324	0.001067614432769564	0.0017268361828958376	0.0006212914815612522	0.0014727432667495783	0.0009318489080037383	0.0032717524788596704	0.001328849810324313	0.0008830364810511046	0.0008668187009624292	0.0009531737978187837	0.0005983779004177212	0.0020417743757315844	0.0004697260787085705	0.0058844609719488315	0.0013075632299010785	0.001181264363418874	0.00029666073031279344	0.0010952419264838322	0.00022158837910726136	0.002592712914834066	0.0033126099911325825	0.0008698215962017037	0.0004149550969597335	0.00017488615109175398	0.0010560478944311258	0.001488659363490526	0.0007808180515874111	0.001518904519325139	0.0016584463390463236	0.0012552190871058175	0.0008290079615900762	0.004099522239346644	0.0006139303464880515	0.0028292841669008716	1.6698569443128236e-05	0.001975046311430751	0.0005477110647369885	0.00014274929788538597	0.0013905385149048661	0.0004305760126529664	8.780336843468905e-05	0.00022529946259888624	0.0003033179729130943
174951	Ramlibacter	genus	0.0	0.0	0.0	0.0	0.0	0.0	0.0	0.0	0.0	0.0	0.0	0.0	0.0	0.0	0.0	0.0	0.0	0.0	0.0	0.0	0.0	0.0	0.0	0.0	0.0	0.0	0.0	0.0	0.0	0.0	0.0	0.0	0.0	0.0	0.0	0.0	0.0	0.0	0.0	0.0	0.0	0.0	0.0	0.0	0.0	0.0	0.0	0.0	0.0	0.0	0.0	0.0	0.0	0.0	0.0	0.0	0.0	0.0	0.0	0.0	0.0	0.0	0.0	0.0	0.0	0.0	0.0	0.0	0.0	0.0	0.0	0.0	0.0	0.0	0.0	0.0	0.0	0.0	0.0	0.0
364316	Verminephrobacter	genus	0.0	0.0	0.0	0.0	0.0	0.0	0.0	0.0	0.0	0.0	0.0	0.0	0.0	0.0	0.0	0.0	0.0	0.0	0.0	0.0	0.0	0.0	0.0	0.0	0.0	0.0	0.0	0.0	0.0	0.0	0.0	0.0	0.0	0.0	0.0	0.0	0.0	0.0	0.0	0.0	0.0	0.0	0.0	0.0	0.0	0.0	0.0	0.0	0.0	0.0	0.0	0.0	0.0	0.0	0.0	0.0	0.0	0.0	0.0	0.0	0.0	0.0	0.0	0.0	0.0	0.0	0.0	0.0	0.0	0.0	0.0	0.0	0.0	0.0	0.0	0.0	0.0	0.0	0.0	0.0
665874	Limnohabitans	genus	0.00017178105723432497	0.0001919521534000788	0.00010025062656641604	0.00027648750276487504	0.00014031352815947358	4.715757704369149e-06	0.0003553186764379303	0.0002537649940950838	0.0002523084926518403	0.00025337729482853734	0.0001544328955496468	0.00013512600499966218	0.0002188375350140056	0.00011371461422317124	0.00035769320094729365	6.57046669086267e-05	0.00026267617773326874	0.00018542327843680515	0.00018982088762865273	0.0001475226168119964	0.00015707815204841246	0.00032275214619732165	0.00025451676795066957	0.000272661990918466	0.0003029867892016083	0.00022098459811840306	0.0003568360009648526	0.0003347667817492659	0.00033021395372020285	0.00031561920542865033	9.22817824226275e-05	0.00014637030165588533	2.939999140615636e-05	0.00013297637769633353	0.00021623469136857376	0.0002807492049558166	0.00021294034456158397	0.00016186412367796615	0.00015140816116093514	0.00011834123458309566	0.00024057595976733167	0.00014517607135403906	0.000522612159164622	0.00019105921913438315	0.00021226838486805398	0.0001512902453754168	0.0001496261194250416	0.000152452968259292	0.00032697089651524875	6.947716919805223e-05	0.0003531715322970173	0.000234278793455756	0.0002957826249634937	5.7448585870096506e-05	0.000132882432786664	4.830836700916599e-05	0.0001874250299880048	0.0005210357274634334	0.00010392673616955421	7.672346844828406e-05	4.24864660844374e-05	0.00018786463524216236	0.00020163227814406332	0.00012197499779643709	0.00028910812317745044	0.00025758577415945194	0.0002818688879230984	0.00013855719921411602	0.0004796858138134541	0.0001565967260607204	0.0003908643525883333	3.509890392504661e-06	0.00039938744376469124	0.00010605817623999685	3.264233091577085e-05	0.0002620437201373069	7.430024546486831e-05	1.703289387667465e-05	3.499156488715303e-05	7.667769785051377e-05
28065	Rhodoferax	genus	0.0	0.0	0.0	0.0	0.0	0.0	0.0	0.0	0.0	0.0	0.0	0.0	0.0	0.0	0.0	0.0	0.0	0.0	0.0	0.0	0.0	0.0	0.0	0.0	0.0	0.0	0.0	0.0	0.0	0.0	0.0	0.0	0.0	0.0	0.0	0.0	0.0	0.0	0.0	0.0	0.0	0.0	0.0	0.0	0.0	0.0	0.0	0.0	0.0	0.0	0.0	0.0	0.0	0.0	0.0	0.0	0.0	0.0	0.0	0.0	0.0	0.0	0.0	0.0	0.0	0.0	0.0	0.0	0.0	0.0	0.0	0.0	0.0	0.0	0.0	0.0	0.0	0.0	0.0	0.0
219181	Ottowia	genus	0.0	0.0	0.0	0.0	0.0	0.0	0.0	0.0	0.0	0.0	0.0	0.0	0.0	0.0	0.0	0.0	0.0	0.0	0.0	0.0	0.0	0.0	0.0	0.0	0.0	0.0	0.0	0.0	0.0	0.0	0.0	0.0	0.0	0.0	0.0	0.0	0.0	0.0	0.0	0.0	0.0	0.0	0.0	0.0	0.0	0.0	0.0	0.0	0.0	0.0	0.0	0.0	0.0	0.0	0.0	0.0	0.0	0.0	0.0	0.0	0.0	0.0	0.0	0.0	0.0	0.0	0.0	0.0	0.0	0.0	0.0	0.0	0.0	0.0	0.0	0.0	0.0	0.0	0.0	0.0
32008	Burkholderia	genus	0.023549621300851097	0.02271097057070406	0.02083780880773362	0.040079628400796284	0.016818269789045867	0.0016835255004597864	0.06368198978458806	0.025015372302526914	0.03343477695409026	0.031838941845099875	0.01898853167888701	0.030889804742922775	0.021148122710622712	0.03199171146811884	0.025708139300311413	0.03403814625233095	0.021449151638032227	0.0161793303614528	0.02473431621279838	0.019333436997874875	0.03965494626145901	0.05080891715088193	0.027215200561625626	0.02099902273623057	0.022794371051120046	0.04264257851781409	0.02136929336504323	0.0486757157986456	0.027689166905500658	0.014031292176221946	0.008049157048415759	0.012908149784341419	0.05059060059659367	0.046088526988098615	0.028059938861384845	0.03326680368018711	0.03330306634096169	0.0341774375187263	0.019592999199886184	0.01731805626889022	0.019665515737328707	0.015728919980764172	0.026085526398175365	0.014503371206980382	0.022682393125900625	0.03136668415185076	0.014135050195560722	0.02117825817401998	0.02681468847565963	0.04978039173040442	0.023615749372860845	0.024231362572228913	0.029777939094905167	0.02713362635251394	0.03245705328014575	0.0357397901316508	0.022925204918032786	0.027209401315778717	0.059336518160632325	0.0072411825643936825	0.01574568194236266	0.015451175569861817	0.01983955494685928	0.05108526586543041	0.02809131034452776	0.02759784135507882	0.036665171697031214	0.0817689862283485	0.03068919674819008	0.035497630584764205	0.024627143646683728	0.002038395435525813	0.033122888743598124	0.022113898283548327	0.005246645695999049	0.026415713788017676	0.007778687583606808	0.004732505598664238	0.0036133742382526137	0.028357176930734255
48736	Ralstonia	genus	0.0032638400874521745	0.0038289403230857824	0.0028213390619405655	0.0053085600530856005	0.0030143216566673116	0.00022635636980971918	0.007070841661114813	0.004349792270578552	0.006055403823644167	0.005776360860584757	0.003256519753981683	0.0034367047271580747	0.004280798858004741	0.005016077982955443	0.0054162548674246596	0.003782711537739509	0.004442510855913908	0.003725322230412176	0.004537373769109727	0.0035179492495617517	0.004926100397229595	0.009925934127227016	0.005219403103898328	0.0046069077970530906	0.004781734635267088	0.004553772505046643	0.00506946341035542	0.008528731280827094	0.004798486415537917	0.002468986284327029	0.001545112738589388	0.0025244124753118925	0.002704799209366385	0.005462886700055497	0.004526977893490464	0.0054706552824841164	0.004168407688351762	0.0052709157721090895	0.003303569447399369	0.0028981768349400127	0.004415091852947421	0.0027801217664298484	0.005300422681367708	0.002716993861069642	0.0036388865977380683	0.004800365080723267	0.0026070658010108076	0.0033183929424439227	0.005345307916385649	0.0053497420282500215	0.004801574729538125	0.004271993450343045	0.005065627353081411	0.002992035365726174	0.004261062073225488	0.0025267376309576818	0.003721428095428495	0.006164136064447105	0.005979176245059244	0.0013194275348641527	0.0013911847499276247	0.0030818088325387074	0.004308563417183668	0.005138975819569598	0.005933237760998879	0.0048046725805653435	0.004907017979902609	0.007358321371747409	0.005454086527406263	0.00415337225711047	0.005123819282611511	0.00020591356969360677	0.005663907439405968	0.0034215289900033767	0.0007795183502273636	0.00485684481288974	0.001517064847975303	0.0006590050630876798	0.0006346347499580349	0.0037287075193679045
106589	Cupriavidus	genus	0.008963847895682048	0.009577402180172353	0.010469029717150018	0.016157929661579296	0.0073156570543835885	0.0007215109287684798	0.02053741949811237	0.012327122597772725	0.01630901287553648	0.01501661385300268	0.00823865925388768	0.01119744161430534	0.01111021331609567	0.013807902323358035	0.013065125590999016	0.012577750522508542	0.010566149249320736	0.008189272726994105	0.011281906272991237	0.009846802414054785	0.01635879888652642	0.027227120371927458	0.013228840730402812	0.011162943885622344	0.011211947156806432	0.015426711327074585	0.011899184858989975	0.025989791177487405	0.012560591145281678	0.006797740386688576	0.004541842199366292	0.006419383229765256	0.014476103460831296	0.016913781101885687	0.01247360280128555	0.015581580875047822	0.012509240807405503	0.013768782265202313	0.009538714153138913	0.008090990208446251	0.01073700968265939	0.00696663672410195	0.013441818489951404	0.0074842507909192845	0.009946290033817386	0.012283031806913964	0.006430844408539649	0.008630108444878088	0.01348575575376529	0.016556711494544532	0.012270113897819165	0.009920057647807084	0.013043360613137787	0.00923321206344961	0.013071790253384999	0.009425382476244885	0.01049996667999467	0.014769945830814903	0.02375742596067277	0.004044731583125735	0.004930406180496341	0.007804670508222186	0.009412454153713366	0.01616658401450879	0.013810347244940879	0.012513212373760765	0.016842707440922085	0.02572104232377548	0.013613558263376924	0.012055278644299434	0.01237991118593713	0.0007702614006823865	0.015252611342019646	0.009389478926445325	0.002358530208406667	0.011802509394919966	0.004258561200107309	0.0022277105991380395	0.001765423481287683	0.013170242810447982
1822464	Paraburkholderia	genus	0.0011087686421488248	0.001010274491579362	0.0009881847475832438	0.001647865516478655	0.0009434875169343914	0.00017448303506165854	0.0029402620475238728	0.0010963949103851697	0.001659513590844063	0.001497812616264898	0.0010340289528106787	0.0015809742584960477	0.0011009211376858436	0.0017878464347309702	0.0012951545285484947	0.0016801621966634544	0.0012936801753363487	0.000960829715536172	0.0016167503187681802	0.0010034196008383536	0.0018687442006584327	0.0020346963779688757	0.0014933258707247818	0.0013147167284880488	0.0011013785180930499	0.001901957327625806	0.0011751666065295007	0.0019945217136930564	0.0013146253629238264	0.0006817007838182767	0.0004929789955735101	0.0006852791395707358	0.0027206299739697	0.0019824335491259518	0.001797886829040319	0.0016726325872719779	0.0015588840318848034	0.0021679460820272275	0.0010128683884559108	0.0009526469383939201	0.0011307070109064588	0.000787580187095662	0.0015302685107807543	0.0008031075452579761	0.0011486752026859835	0.0019965352053641075	0.0009180763130153789	0.0013047433200191075	0.0013201834316979321	0.0024075349500368532	0.0012863061200817834	0.0013024885989958996	0.0019006599591502734	0.001326026375493375	0.0017191664741774656	0.001477605921345577	0.0009725276556044249	0.001451378809869376	0.0026783727332392723	0.0004459326476008247	0.0006906520882098081	0.0008419374645595438	0.0012015397159578977	0.002029948868437055	0.0017379093569952753	0.0013945160876908261	0.0017661932287595132	0.003064605018572892	0.001676493897776119	0.0017973033331969044	0.001299892915718081	0.00013635392373305985	0.0016598172449757936	0.0011533186218175503	0.00026186944577950497	0.0015054963921298532	0.0004424518715592363	0.00024949591030622024	0.00022150320791773285	0.0016224458014210482
93217	Pandoraea	genus	0.0014054813773717498	0.0017578776153480901	0.0011457214464733261	0.00207918602079186	0.0012724985484807432	0.00014147273113107448	0.0030379746835443038	0.0015811511170539835	0.0019742489270386265	0.0016325195325028546	0.0014771842183009696	0.0015899826588293585	0.0015385962077138547	0.002082662101235488	0.0018901797111669782	0.0016864197839880856	0.0015941160536187748	0.0012228741834096736	0.002283087089823244	0.0011296776963080804	0.0019254218843872415	0.0028859682198809056	0.00190706639872042	0.0019801739637494535	0.0014948305571510626	0.0021651524669578366	0.0015898140266450836	0.0029956933974291788	0.0015056925562713652	0.0013450516138325621	0.0005275846639819954	0.0009514069607632546	0.001234799639058567	0.002145261766713299	0.0019321615970675785	0.002375494153200096	0.001856196965800977	0.0026087675252353055	0.0011473083936246722	0.001253233674234983	0.0015564218614512587	0.0010080663454646087	0.0017590156858783683	0.0008979783299316008	0.0016957211545459397	0.0022780342684806617	0.0010239845127730214	0.0015639133660599039	0.0015877050743013175	0.0029271033457788087	0.0015537816188067304	0.0021178126310946316	0.002467965435420949	0.0016368138072496347	0.0019252380593974092	0.0012707200887193662	0.0011755714380914301	0.0018050944867770834	0.0023801481859701164	0.00046718468815692217	0.0007074490631734228	0.0010588106096552754	0.0019992253075629203	0.0022560922950085518	0.0026101246534234856	0.0017117399474931066	0.002375057797007191	0.003024127634532813	0.0019551073972151486	0.0019556795675083147	0.001570180994400151	0.00013050410641221875	0.002083527919176824	0.0015012099342183128	0.0003583348416201412	0.002013017850096936	0.0005615149698246605	0.00029387739435107676	0.00024213502683704478	0.001946120685267907
44013	Polynucleobacter	genus	7.808229874287499e-05	7.071921441055535e-05	5.728607232366631e-05	7.7416500774165e-05	0.00010160634797754984	1.4147273113107449e-05	9.771263602043082e-05	4.2294165682513965e-05	4.942125113798934e-05	5.13169204716025e-05	1.3428947439099723e-05	0.00010810080399972975	3.19839474251239e-05	8.633887376203743e-05	6.441868073932303e-05	1.5643968311577787e-05	4.104315277082324e-05	3.831059471834817e-05	0.00011912897085660275	3.189678201340462e-05	5.5058321336556946e-05	3.969120244497807e-05	7.719939880968178e-05	7.28898391564216e-05	5.169442848937392e-05	8.193810941468878e-05	5.08341789084008e-05	2.502929209340306e-05	7.061178884582954e-05	5.50498614119739e-05	2.8534498512259818e-05	4.5621912204431785e-05	0.0002668614604558808	7.870030516721779e-05	0.00010114203305949419	0.000103798121550566	3.8168552327076366e-05	0.00010503948451442485	4.437825413337754e-05	0.00010414028643312418	1.5689736506565108e-05	5.353367631180191e-05	0.0001118690564345996	3.5576544252609275e-05	6.549995875928522e-05	6.696453483829925e-05	5.72643173108184e-05	7.6226484129646e-05	7.584904809444642e-05	4.984231703338529e-05	6.924932005823867e-05	0.00023174147800316658	0.00014929091480807253	6.215748635125195e-05	0.00011886748870369554	3.8856729985633514e-05	4.7897507663601226e-05	5.286659577819356e-05	2.3722407169137373e-05	1.692959162943357e-05	0.0002647993700146331	4.0059370750166974e-05	0.0001450337439281859	8.191021749833731e-05	9.999228320423098e-05	8.438154670740667e-05	5.6929184260330216e-05	9.41877590163373e-05	9.839709001301622e-05	0.00010143197028933024	6.72358404681766e-05	7.764302989480008e-06	9.388766948426968e-05	6.199535905816241e-05	1.7295563395669628e-05	5.270994370578012e-05	1.705251535259273e-05	1.2474795515311012e-05	1.2048982248878165e-05	9.092753550414907e-05
517	Bordetella	genus	0.012430701959865698	0.012941616237131628	0.012932330827067668	0.020802919708029197	0.00959938068511709	0.0009667303293956756	0.02415278703086831	0.016351575132331937	0.021318767069840032	0.020331122429343016	0.010837160583353477	0.015026011755962436	0.013434941284205991	0.015591537105710368	0.01825252461895503	0.015168391674905824	0.014163171158155685	0.010418949339601968	0.015109742655240758	0.01303780964797914	0.019718975850448645	0.025908954648623184	0.017935591576580596	0.015104394447414031	0.015986502010338886	0.018714167595712403	0.015842322344512202	0.02929365773381661	0.017237583747658387	0.01140816627994139	0.004963788507153963	0.008504684800109493	0.020134471037616158	0.020713106178923787	0.01667274100141076	0.019107751347151335	0.016846393674466442	0.017522652367521104	0.011910340263737353	0.010370242386516673	0.014542293776718314	0.008863906506610049	0.01693647423797554	0.009820443863507293	0.01428505582052041	0.016351747340329886	0.008531151788617086	0.01184559563374699	0.018607616474413245	0.019722453812786214	0.015582828246105159	0.014239414319931797	0.01694171962606358	0.01099716618369044	0.03587202798836241	0.013115721642988565	0.013862163467946154	0.02051823434290364	0.028946984938530724	0.0067635519579973226	0.0070527533700166095	0.010609517139539911	0.012584330342061495	0.018701349114701903	0.01809969013260933	0.01707171923911954	0.02727810461917847	0.028024361157902276	0.018377795627104974	0.016218438196788698	0.017407807336147378	0.0009201230844108431	0.01979083967683183	0.010937825827881414	0.0031419461503851675	0.016401326483383317	0.005324952428049804	0.003148206568219739	0.0022173428428962916	0.02956366318540871
222	Achromobacter	genus	0.004153978293120949	0.004728084620591415	0.004453992123165056	0.005629285556292856	0.0029998064640990906	0.00045742849732380753	0.006244725738396625	0.004802014503645432	0.006573026401352581	0.006167652379180725	0.003457953965568179	0.0051483007904871295	0.004063644688644689	0.004658087530771385	0.005367093242649913	0.004636872207551657	0.004626384180327196	0.003411175353721721	0.004748140409856024	0.003935265480903795	0.005892859745403845	0.008148186059822999	0.005017960922629315	0.004735139921494944	0.004893739230327398	0.00508264575672327	0.004851175465631111	0.007924899609073744	0.004945940445186561	0.003235096855643666	0.0015693974181742898	0.0024873446716457913	0.006562982696974288	0.005701701419183606	0.0050169936053821515	0.005547762458493108	0.00487151259964001	0.0054620531947500925	0.003588112370960437	0.003527752202922082	0.0046452079883770436	0.0028572465543366815	0.004995704729139135	0.0031261241199746484	0.00449523791040576	0.00506946330405495	0.0025639636266908366	0.003567399457267433	0.0055482553693951145	0.005334638295815662	0.004652688691412912	0.003930301636061004	0.0052951621345988225	0.003015579868131951	0.009733119129620065	0.003543313701933175	0.004039009396241504	0.006049137593218251	0.0077843384667869355	0.005303644833016594	0.0020225533970893808	0.0032489531035997487	0.0039005823163775523	0.005737276538687887	0.006352227165077478	0.004929024333607838	0.007161969083287397	0.007770879324463597	0.005334833532444836	0.004720145634955236	0.005132784061340602	0.0002935544691912989	0.005873573685767213	0.003243228287918744	0.0010138610542644647	0.005124410527129557	0.001883084909650597	0.0018781764247955753	0.0007214534439704995	0.00738548728676984
359336	Castellaniella	genus	0.0	0.0	0.0	0.0	0.0	0.0	0.0	0.0	0.0	0.0	0.0	0.0	0.0	0.0	0.0	0.0	0.0	0.0	0.0	0.0	0.0	0.0	0.0	0.0	0.0	0.0	0.0	0.0	0.0	0.0	0.0	0.0	0.0	0.0	0.0	0.0	0.0	0.0	0.0	0.0	0.0	0.0	0.0	0.0	0.0	0.0	0.0	0.0	0.0	0.0	0.0	0.0	0.0	0.0	0.0	0.0	0.0	0.0	0.0	0.0	0.0	0.0	0.0	0.0	0.0	0.0	0.0	0.0	0.0	0.0	0.0	0.0	0.0	0.0	0.0	0.0	0.0	0.0	0.0	0.0
507	Alcaligenes	genus	0.0	0.0	0.0	0.0	0.0	0.0	0.0	0.0	0.0	0.0	0.0	0.0	0.0	0.0	0.0	0.0	0.0	0.0	0.0	0.0	0.0	0.0	0.0	0.0	0.0	0.0	0.0	0.0	0.0	0.0	0.0	0.0	0.0	0.0	0.0	0.0	0.0	0.0	0.0	0.0	0.0	0.0	0.0	0.0	0.0	0.0	0.0	0.0	0.0	0.0	0.0	0.0	0.0	0.0	0.0	0.0	0.0	0.0	0.0	0.0	0.0	0.0	0.0	0.0	0.0	0.0	0.0	0.0	0.0	0.0	0.0	0.0	0.0	0.0	0.0	0.0	0.0	0.0	0.0	0.0
290425	Advenella	genus	0.00020301397673147499	0.00023236313306325328	0.00022914428929466524	0.00021013050210130503	0.00020321269595509968	4.715757704369149e-05	0.000310903841883189	0.00017243006009024924	0.00016387046429964885	0.0003111088303590901	0.00013428947439099724	0.00013512600499966218	0.0001885369532428356	0.00022111174987838854	0.0002898840633269536	0.00011263657184336007	0.00019700713329995158	0.00014098298856352127	0.0003364411594521638	0.00013157422580529406	0.0002995820425665598	0.0004564488281172478	0.00032206624190914113	0.00023081782399533504	0.0001507754164273406	0.00018125702991734184	0.00016247002278567312	0.00047086355750714507	0.0001869135587095488	0.0006505058623514915	5.039071013867159e-05	0.00013971710612607234	0.00021484609104498878	0.00024152852275456495	0.0005109416497660655	0.0004418834317438381	0.0002410645410131139	0.00030823061849314835	0.00010572466425892883	0.0001798786765663054	0.0001736330840059872	0.0001769333369627351	0.00018867467727029484	8.696488595082268e-05	0.0004754811821044409	0.000481152583652965	0.00013176950434962514	0.00016896870648738197	0.0001885976330997046	0.00021447300056790035	0.00018610754765651644	0.0005590551713872011	0.0005439787708319143	0.00016010261635928533	0.0003737318422124925	0.00013127273643795105	0.0002488587898174064	0.00020165608698898577	0.00013781588926832188	7.348163175328614e-05	0.000486124216594028	0.0001333010095652108	0.0003649426320794596	0.00015847846429026133	0.0005162645056740186	0.00039526092931364175	0.00025271003744829513	0.00014089243290873595	0.00018128594301311142	0.00030785492736937073	0.00017391670734435015	7.232501414858089e-06	0.0002534480611466555	0.00015985580186898075	0.0002077903602324816	0.00021083977482312048	6.303340496404813e-05	3.334608801208136e-05	2.4758182703174312e-05	0.0009615247597714869
305976	Pusillimonas	genus	0.0	0.0	0.0	0.0	0.0	0.0	0.0	0.0	0.0	0.0	0.0	0.0	0.0	0.0	0.0	0.0	0.0	0.0	0.0	0.0	0.0	0.0	0.0	0.0	0.0	0.0	0.0	0.0	0.0	0.0	0.0	0.0	0.0	0.0	0.0	0.0	0.0	0.0	0.0	0.0	0.0	0.0	0.0	0.0	0.0	0.0	0.0	0.0	0.0	0.0	0.0	0.0	0.0	0.0	0.0	0.0	0.0	0.0	0.0	0.0	0.0	0.0	0.0	0.0	0.0	0.0	0.0	0.0	0.0	0.0	0.0	0.0	0.0	0.0	0.0	0.0	0.0	0.0	0.0	0.0
29574	Taylorella	genus	6.24658389943e-05	4.0410979663174484e-05	8.592910848549946e-05	5.529750055297501e-05	7.741436036384749e-05	0.0	3.553186764379303e-05	7.482813928444778e-05	3.64156587332553e-05	6.093884306002797e-05	0.00011414605323234765	5.405040199986487e-05	5.0500969618616674e-05	0.0001368787023056691	7.967573670389953e-05	6.257587324631115e-05	4.4326604992489105e-05	3.218089956341246e-05	0.00010865609429778053	3.189678201340462e-05	0.00011335536745761723	2.2979117204987304e-05	8.202436123528688e-05	7.154002732019157e-05	4.8822515795519815e-05	5.214243326389285e-05	3.3889452605600534e-05	0.0001830266984330099	2.6998625146934827e-05	0.00016331458885552255	1.0320988823583339e-05	4.752282521294978e-05	0.00010855381442273117	0.00011397975231114302	0.00028424398946030264	0.00014334026309363875	4.419516585240422e-05	0.00015842020615290306	1.9578641529431267e-05	4.496966914157635e-05	3.765536761575626e-05	3.175726560869605e-05	3.7567966713111804e-05	2.2400046381272506e-05	0.00012978695531932444	0.0001984134365579237	3.263450341369221e-05	5.3358538890752205e-05	2.562467841028595e-05	5.5883810007128964e-05	3.3759043528391354e-05	0.0002401991961784646	0.00021647182647170518	7.251706740979394e-05	0.00037788441823707577	5.986036781570568e-05	6.976376116220179e-05	3.3246003530616574e-05	5.1963368084777106e-05	1.18867345483257e-05	0.0001936592407569705	2.624579462941974e-05	0.0002541038359066997	8.636185975368174e-05	0.0001961805121561271	5.836919020361965e-05	0.00012566076037950937	4.125579527161881e-05	4.812901141941011e-05	0.00011566803629485028	5.109923875581422e-05	1.8081253537145223e-06	5.934868226466788e-05	4.7649325557100034e-05	8.379822264944158e-05	4.668595013940525e-05	1.4311932528068896e-05	1.0555596205263165e-05	6.602182054179817e-06	0.00018185507100829815
1472344	Basilea	genus	0.0	0.0	0.0	0.0	0.0	0.0	0.0	0.0	0.0	0.0	0.0	0.0	0.0	0.0	0.0	0.0	0.0	0.0	0.0	0.0	0.0	0.0	0.0	0.0	0.0	0.0	0.0	0.0	0.0	0.0	0.0	0.0	0.0	0.0	0.0	0.0	0.0	0.0	0.0	0.0	0.0	0.0	0.0	0.0	0.0	0.0	0.0	0.0	0.0	0.0	0.0	0.0	0.0	0.0	0.0	0.0	0.0	0.0	0.0	0.0	0.0	0.0	0.0	0.0	0.0	0.0	0.0	0.0	0.0	0.0	0.0	0.0	0.0	0.0	0.0	0.0	0.0	0.0	0.0	0.0
88	Leptothrix	genus	0.0	0.0	0.0	0.0	0.0	0.0	0.0	0.0	0.0	0.0	0.0	0.0	0.0	0.0	0.0	0.0	0.0	0.0	0.0	0.0	0.0	0.0	0.0	0.0	0.0	0.0	0.0	0.0	0.0	0.0	0.0	0.0	0.0	0.0	0.0	0.0	0.0	0.0	0.0	0.0	0.0	0.0	0.0	0.0	0.0	0.0	0.0	0.0	0.0	0.0	0.0	0.0	0.0	0.0	0.0	0.0	0.0	0.0	0.0	0.0	0.0	0.0	0.0	0.0	0.0	0.0	0.0	0.0	0.0	0.0	0.0	0.0	0.0	0.0	0.0	0.0	0.0	0.0	0.0	0.0
318147	Roseateles	genus	0.0	0.0	0.0	0.0	0.0	0.0	0.0	0.0	0.0	0.0	0.0	0.0	0.0	0.0	0.0	0.0	0.0	0.0	0.0	0.0	0.0	0.0	0.0	0.0	0.0	0.0	0.0	0.0	0.0	0.0	0.0	0.0	0.0	0.0	0.0	0.0	0.0	0.0	0.0	0.0	0.0	0.0	0.0	0.0	0.0	0.0	0.0	0.0	0.0	0.0	0.0	0.0	0.0	0.0	0.0	0.0	0.0	0.0	0.0	0.0	0.0	0.0	0.0	0.0	0.0	0.0	0.0	0.0	0.0	0.0	0.0	0.0	0.0	0.0	0.0	0.0	0.0	0.0	0.0	0.0
28067	Rubrivivax	genus	0.0	0.0	0.0	0.0	0.0	0.0	0.0	0.0	0.0	0.0	0.0	0.0	0.0	0.0	0.0	0.0	0.0	0.0	0.0	0.0	0.0	0.0	0.0	0.0	0.0	0.0	0.0	0.0	0.0	0.0	0.0	0.0	0.0	0.0	0.0	0.0	0.0	0.0	0.0	0.0	0.0	0.0	0.0	0.0	0.0	0.0	0.0	0.0	0.0	0.0	0.0	0.0	0.0	0.0	0.0	0.0	0.0	0.0	0.0	0.0	0.0	0.0	0.0	0.0	0.0	0.0	0.0	0.0	0.0	0.0	0.0	0.0	0.0	0.0	0.0	0.0	0.0	0.0	0.0	0.0
316612	Methylibium	genus	0.0	0.0	0.0	0.0	0.0	0.0	0.0	0.0	0.0	0.0	0.0	0.0	0.0	0.0	0.0	0.0	0.0	0.0	0.0	0.0	0.0	0.0	0.0	0.0	0.0	0.0	0.0	0.0	0.0	0.0	0.0	0.0	0.0	0.0	0.0	0.0	0.0	0.0	0.0	0.0	0.0	0.0	0.0	0.0	0.0	0.0	0.0	0.0	0.0	0.0	0.0	0.0	0.0	0.0	0.0	0.0	0.0	0.0	0.0	0.0	0.0	0.0	0.0	0.0	0.0	0.0	0.0	0.0	0.0	0.0	0.0	0.0	0.0	0.0	0.0	0.0	0.0	0.0	0.0	0.0
93681	Roseateles	genus	0.0	0.0	0.0	0.0	0.0	0.0	0.0	0.0	0.0	0.0	0.0	0.0	0.0	0.0	0.0	0.0	0.0	0.0	0.0	0.0	0.0	0.0	0.0	0.0	0.0	0.0	0.0	0.0	0.0	0.0	0.0	0.0	0.0	0.0	0.0	0.0	0.0	0.0	0.0	0.0	0.0	0.0	0.0	0.0	0.0	0.0	0.0	0.0	0.0	0.0	0.0	0.0	0.0	0.0	0.0	0.0	0.0	0.0	0.0	0.0	0.0	0.0	0.0	0.0	0.0	0.0	0.0	0.0	0.0	0.0	0.0	0.0	0.0	0.0	0.0	0.0	0.0	0.0	0.0	0.0
32012	Thiomonas	genus	0.0	0.0	0.0	0.0	0.0	0.0	0.0	0.0	0.0	0.0	0.0	0.0	0.0	0.0	0.0	0.0	0.0	0.0	0.0	0.0	0.0	0.0	0.0	0.0	0.0	0.0	0.0	0.0	0.0	0.0	0.0	0.0	0.0	0.0	0.0	0.0	0.0	0.0	0.0	0.0	0.0	0.0	0.0	0.0	0.0	0.0	0.0	0.0	0.0	0.0	0.0	0.0	0.0	0.0	0.0	0.0	0.0	0.0	0.0	0.0	0.0	0.0	0.0	0.0	0.0	0.0	0.0	0.0	0.0	0.0	0.0	0.0	0.0	0.0	0.0	0.0	0.0	0.0	0.0	0.0
65047	Roseateles	genus	0.0	0.0	0.0	0.0	0.0	0.0	0.0	0.0	0.0	0.0	0.0	0.0	0.0	0.0	0.0	0.0	0.0	0.0	0.0	0.0	0.0	0.0	0.0	0.0	0.0	0.0	0.0	0.0	0.0	0.0	0.0	0.0	0.0	0.0	0.0	0.0	0.0	0.0	0.0	0.0	0.0	0.0	0.0	0.0	0.0	0.0	0.0	0.0	0.0	0.0	0.0	0.0	0.0	0.0	0.0	0.0	0.0	0.0	0.0	0.0	0.0	0.0	0.0	0.0	0.0	0.0	0.0	0.0	0.0	0.0	0.0	0.0	0.0	0.0	0.0	0.0	0.0	0.0	0.0	0.0
29580	Janthinobacterium	genus	0.0005309596314515499	0.00034349332713698314	0.00022914428929466524	0.0004976775049767751	0.00030965744145538995	7.545212326990639e-05	0.0008527648234510326	0.0003611271069814654	0.00044739237872285084	0.00044260843906757157	0.00042972631805119114	0.0012386550458302367	0.0003568735186382245	0.00044643515213541306	0.0004899210193069567	0.00029723539791997797	0.0005893796737890218	0.0023108950734107617	0.000570771772455811	0.00025251619093945326	0.00040322123567066706	0.0008303817353620412	0.0005030023328693328	0.0004967307557326509	0.00044514646754738655	0.000471764872387602	0.0005013645488416784	0.00036448906611018207	0.0004361316369889472	0.0002798367955108673	0.004390670068950276	0.00044481364399320995	0.0002329383934487773	0.0003514375696260243	0.0005527935255148216	0.0004319978963580699	0.00038369439444587295	0.0005682463916354131	0.0007961980888635382	0.0003905260741242157	0.00040897913160446383	0.001702189436626108	0.0004917229420893967	0.000301741801253612	0.0004063423367474176	0.0004687517438680947	0.0002930947853758017	0.0004497362563649114	0.000496093774023136	0.00041686301518831334	0.0004241520853567119	0.000767960810317063	0.0006251557057588037	0.0003183216725261085	0.0005683838433648324	0.0001890327404706495	0.0002800962948154072	0.000498145036507927	0.0004303922443543495	0.00307578261539858	0.0001383280291121218	0.00028870374092361713	0.002674870309764957	0.0005315260852881236	0.0006494064045057393	0.0031290961530896968	0.0004339114653988584	0.0006118312279904224	0.0005443925958328832	0.000396830339903871	0.0004105868657923318	2.6590078731095917e-05	0.0004869510733355127	0.00027308699485950876	4.9450695342548374e-05	0.00047689949067134397	0.0023526381002523466	0.0001453793477361245	0.0008990521412279366	0.00029653233593517276
202907	Collimonas	genus	0.001389864917623175	0.001202226644979441	0.0009738632295023272	0.0015704490157044902	0.001054770659957422	0.00022164061210535002	0.0025049966688874084	0.001268824970475419	0.0017895695148914034	0.0016325195325028546	0.0010541723739693283	0.0014908902551629395	0.001183406054729584	0.001655179384803937	0.0016850570698654498	0.0011764264170306498	0.0013971089203188233	0.0010757614996912165	0.0018982088762865275	0.0010831615558718653	0.0015432523598158461	0.0019793375956114064	0.0016911493301745913	0.0014254012990589113	0.0014862148190695002	0.0016387621882937755	0.0014612334564650111	0.002258893611429626	0.0013945828297051335	0.0010413598783765062	0.000898533144641373	0.0007841266160136714	0.0012958611596713533	0.0015916458269163184	0.001918210971817993	0.0021451611787116974	0.0013881299820005142	0.0019354816490854676	0.0012360649018914273	0.0011845957581767875	0.0012426271313199567	0.0010597853208844852	0.0019977809854328124	0.0009921902897116587	0.001444637979302013	0.0018601259677305346	0.0012401111297203038	0.0013593723003120204	0.001607179829893135	0.0023063399427266464	0.0016533275163904484	0.0019503498112237304	0.002261757359342299	0.0012365572663514215	0.0014367913045058044	0.0009640669764003126	0.0012557477009196322	0.001913007744138757	0.001999460032827293	0.0006335989718334819	0.0005612165752548941	0.0010194419177111456	0.0016407679241956965	0.0018812640171085515	0.002058536786834929	0.001698416545381411	0.0017599449036577695	0.002227812944667416	0.002103772565821771	0.0015401643909721987	0.00159393765803224	0.00016687933411635797	0.0017104095642833793	0.001137435513298517	0.00028428059834854165	0.001748966132104171	0.0007137695711870956	0.00023942011392846904	0.00032548757527106495	0.001557982250130793
963	Herbaspirillum	genus	0.0008745217459201999	0.0010708909610741238	0.0011743644826351593	0.0014045565140455652	0.0010063866847300174	4.244181933932234e-05	0.002567177437264046	0.001285091957276386	0.001656912472363116	0.0015619587668544012	0.0013160368490317729	0.0012251424453302705	0.001245690583925878	0.001669920168129163	0.0016850570698654498	0.0013610252431072675	0.001608891588616271	0.0011278639085081702	0.0018576264796210913	0.0009648776559054898	0.0015124844743630644	0.0027554050539434776	0.0015801751943856736	0.0017669036936251087	0.0014847788627225733	0.0014575051583764337	0.0015230318700399299	0.0028814972522530273	0.0014195046375330732	0.0010349373945451091	0.0008141438830838386	0.0008478072017990241	0.0012800303950680383	0.0017409050263713867	0.0017229022183237975	0.0021056190371686245	0.001335899331447673	0.002302258865504689	0.0011473083936246722	0.0010579706371728753	0.0014152142328921727	0.0009608841222745461	0.0017515020925357458	0.000852519412275489	0.0012711843848098319	0.001883687563321788	0.0008361821818074342	0.0011535607931619763	0.0015682303187095003	0.0024739913727480334	0.0014334609252055406	0.0016061206814890997	0.002109667239881575	0.0013241428153009129	0.0014409438805303878	0.0008558982415754409	0.0009975176596028255	0.0017364224139105639	0.002147442668025245	0.0005421071362190963	0.000463398897525608	0.0009040985571029063	0.0015505640102891419	0.001623959094749644	0.002185157449805504	0.0015207711838921337	0.0018710262387998773	0.002363256498955372	0.0018053726950214282	0.0015908803761168638	0.0016037989146342393	6.0199938247201155e-05	0.0018188911720294525	0.0012214622809475965	0.0002967041720552903	0.001556198337980175	0.000614499571098788	0.000278044000043182	0.0002340473538206745	0.0014439835489017108
149698	Massilia	genus	4.684937924572499e-05	5.05137245789681e-05	2.8643036161833155e-05	5.529750055297501e-05	6.773756531836656e-05	1.4147273113107449e-05	0.00011547856984232733	7.15747419242544e-05	8.583690987124464e-05	9.621922588425468e-05	5.371578975639889e-05	5.855460216652028e-05	4.881760396466279e-05	0.00010318548327658132	7.798050826339103e-05	6.57046669086267e-05	6.402731832248426e-05	5.516725639442136e-05	5.3673492363963876e-05	5.050323818789065e-05	6.4774495690067e-05	0.00020158952820738862	9.408676729929965e-05	4.994303794051109e-05	5.743825387708214e-05	8.938702845238775e-05	5.382442472654202e-05	9.07311838385861e-05	6.853497152683456e-05	1.9267451494190864e-05	0.00010078142027734318	3.706780366610083e-05	4.070768040852419e-05	6.241748340848308e-05	4.8827188373548915e-05	5.437044462172505e-05	6.0266135253278475e-05	5.854659792607287e-05	9.267223657264133e-05	3.905260741242157e-05	3.6609385181985254e-05	5.897777898757837e-05	6.428296526465798e-05	2.7670645529807215e-05	4.124071477436477e-05	7.56451226877084e-05	3.81762115405456e-05	3.684280066266223e-05	0.00011889850782372681	0.00013593359190923262	7.184616956042263e-05	0.00014547275261512645	7.651159383913718e-05	8.75855489494914e-05	5.6578848334946784e-05	5.355927646668403e-05	5.310375849660136e-05	5.0141513521585647e-05	8.35932443102936e-05	5.3670407506076646e-05	3.458200727803045e-05	3.59152979139428e-05	0.00010848052391376506	9.081350200902615e-05	5.760425010678524e-05	0.00010849056005238	7.012009280845551e-05	0.00018915392926421458	8.984082131623221e-05	7.384959240363518e-05	6.3201690040086e-05	2.02084598356329e-06	7.783433739628574e-05	6.763130079072263e-05	1.1205576284518351e-05	4.869394799486354e-05	0.00012363073630629727	5.9255278697727305e-05	2.1457091676084406e-05	5.157084103220395e-05
303379	Herminiimonas	genus	0.0	0.0	0.0	0.0	0.0	0.0	0.0	0.0	0.0	0.0	0.0	0.0	0.0	0.0	0.0	0.0	0.0	0.0	0.0	0.0	0.0	0.0	0.0	0.0	0.0	0.0	0.0	0.0	0.0	0.0	0.0	0.0	0.0	0.0	0.0	0.0	0.0	0.0	0.0	0.0	0.0	0.0	0.0	0.0	0.0	0.0	0.0	0.0	0.0	0.0	0.0	0.0	0.0	0.0	0.0	0.0	0.0	0.0	0.0	0.0	0.0	0.0	0.0	0.0	0.0	0.0	0.0	0.0	0.0	0.0	0.0	0.0	0.0	0.0	0.0	0.0	0.0	0.0	0.0	0.0
482	Neisseria	genus	0.0236745529788397	0.05156441005021064	0.0368922305764411	0.0207918602079186	0.04163441068318173	0.0014901794345806513	0.006608927381745503	0.026248409902040207	0.009101313564832878	0.05046698397629158	0.05337335159670185	0.10767290498389749	0.01979301335918983	0.010661797996516963	0.01579613860865821	0.004414727857527252	0.02980553754217184	0.02502294804623629	0.09069118367069087	0.010677447778987197	0.03798538363504753	0.0038813817969878556	0.014898277729662181	0.025836748357278994	0.014638139000574382	0.005090094675760969	0.008048744993830126	0.021340600171137786	0.0189312282712988	0.046928171858327344	0.001205734341390383	0.013916584135360214	0.005221890781293464	0.016149845381038384	0.08740589867312115	0.060511339203364246	0.025830065569555156	0.015120519893789583	0.0041676401602316025	0.10215925416620317	0.014820525104101402	0.01152607271506474	0.004184236648135919	0.01522873741479747	0.09241437699835522	0.027545985414132244	0.01436287597410914	0.12771112195221107	0.018655790869824582	0.004596065779775498	0.008896806394482214	0.01968449328118868	0.056164175219014435	0.004062839335140923	0.010261015356745212	0.003472951515202433	0.01601651006264161	0.012752294928022403	0.0038961229679216574	0.001538791817892345	0.004819743757206643	0.02278549381117256	0.012464058456852755	0.009433920267525892	0.0418663342285541	0.019485792812214894	0.028032069181455527	0.003587697366167757	0.01117395215120638	0.02381248965660829	0.01629617477374019	0.0003441819790953055	0.007963425644857485	0.012787951791179137	0.004252029001005822	0.07818089450280467	0.003794793684357332	0.0006990683486849287	0.001045455528279374	0.0026599696953452565
32257	Kingella	genus	0.0	0.0	0.0	0.0	0.0	0.0	0.0	0.0	0.0	0.0	0.0	0.0	0.0	0.0	0.0	0.0	0.0	0.0	0.0	0.0	0.0	0.0	0.0	0.0	0.0	0.0	0.0	0.0	0.0	0.0	0.0	0.0	0.0	0.0	0.0	0.0	0.0	0.0	0.0	0.0	0.0	0.0	0.0	0.0	0.0	0.0	0.0	0.0	0.0	0.0	0.0	0.0	0.0	0.0	0.0	0.0	0.0	0.0	0.0	0.0	0.0	0.0	0.0	0.0	0.0	0.0	0.0	0.0	0.0	0.0	0.0	0.0	0.0	0.0	0.0	0.0	0.0	0.0	0.0	0.0
1193515	Snodgrassella	genus	0.0	0.0	0.0	0.0	0.0	0.0	0.0	0.0	0.0	0.0	0.0	0.0	0.0	0.0	0.0	0.0	0.0	0.0	0.0	0.0	0.0	0.0	0.0	0.0	0.0	0.0	0.0	0.0	0.0	0.0	0.0	0.0	0.0	0.0	0.0	0.0	0.0	0.0	0.0	0.0	0.0	0.0	0.0	0.0	0.0	0.0	0.0	0.0	0.0	0.0	0.0	0.0	0.0	0.0	0.0	0.0	0.0	0.0	0.0	0.0	0.0	0.0	0.0	0.0	0.0	0.0	0.0	0.0	0.0	0.0	0.0	0.0	0.0	0.0	0.0	0.0	0.0	0.0	0.0	0.0
535	Chromobacterium	genus	0.0012961661591317248	0.001838699574674439	0.0012602935911206587	0.002046007520460075	0.0015579640023224309	0.00011789394260922874	0.0022918054630246504	0.0013924540701627675	0.0013707894394589673	0.001991737975804072	0.001994198694706309	0.002806116703826318	0.0011514221073044603	0.0015856871205564434	0.001262945188178833	0.002518678898164024	0.0012657708314521888	0.0009945430388883184	0.0021875220912239914	0.000897096994127005	0.0024160886892394986	0.0020064947341263913	0.0013099772985517876	0.0012269789591330968	0.0011085582998276852	0.0014873008345272294	0.0008821225163516609	0.002826745675798708	0.0013322783101352839	0.0015698385479314557	0.0003509136200018335	0.0006900314220920308	0.0012845534706689855	0.0018575985823089856	0.0026262052032344527	0.0024862121495207	0.0016472743635896118	0.0020680724738003976	0.0007479041064242744	0.0024650479163658826	0.000873395332198791	0.001057063269546597	0.000985950415293001	0.0007820251486638372	0.002406517003304109	0.0021131030993418874	0.0006933292612041023	0.002623461495461983	0.0013724577756549156	0.0031189207476951704	0.0010473959658808601	0.001054677456459667	0.0020928720119656667	0.00241001526625536	0.001124309958655915	0.001145748443630437	0.0011995201919232307	0.001254082854490963	0.0027868180231553287	0.00025754591521372347	0.0006481656221253707	0.0008723273320251877	0.0008018125680582635	0.0017815472305888365	0.0016640020172356265	0.0013025211683481647	0.002281332920481038	0.003373634277494263	0.0014599133463887733	0.0019450025180041746	0.001282411597196355	8.710909792307023e-05	0.001299833434517972	0.0016446702692289367	0.00032617970967326244	0.002332289509114804	0.00033313306778100796	0.0002689278033204547	0.0001338592411484958	0.001091808989747581
568394	Pseudogulbenkiania	genus	0.0	0.0	0.0	0.0	0.0	0.0	0.0	0.0	0.0	0.0	0.0	0.0	0.0	0.0	0.0	0.0	0.0	0.0	0.0	0.0	0.0	0.0	0.0	0.0	0.0	0.0	0.0	0.0	0.0	0.0	0.0	0.0	0.0	0.0	0.0	0.0	0.0	0.0	0.0	0.0	0.0	0.0	0.0	0.0	0.0	0.0	0.0	0.0	0.0	0.0	0.0	0.0	0.0	0.0	0.0	0.0	0.0	0.0	0.0	0.0	0.0	0.0	0.0	0.0	0.0	0.0	0.0	0.0	0.0	0.0	0.0	0.0	0.0	0.0	0.0	0.0	0.0	0.0	0.0	0.0
168470	Laribacter	genus	0.0	0.0	0.0	0.0	0.0	0.0	0.0	0.0	0.0	0.0	0.0	0.0	0.0	0.0	0.0	0.0	0.0	0.0	0.0	0.0	0.0	0.0	0.0	0.0	0.0	0.0	0.0	0.0	0.0	0.0	0.0	0.0	0.0	0.0	0.0	0.0	0.0	0.0	0.0	0.0	0.0	0.0	0.0	0.0	0.0	0.0	0.0	0.0	0.0	0.0	0.0	0.0	0.0	0.0	0.0	0.0	0.0	0.0	0.0	0.0	0.0	0.0	0.0	0.0	0.0	0.0	0.0	0.0	0.0	0.0	0.0	0.0	0.0	0.0	0.0	0.0	0.0	0.0	0.0	0.0
885864	Jeongeupia	genus	0.0	0.0	0.0	0.0	0.0	0.0	0.0	0.0	0.0	0.0	0.0	0.0	0.0	0.0	0.0	0.0	0.0	0.0	0.0	0.0	0.0	0.0	0.0	0.0	0.0	0.0	0.0	0.0	0.0	0.0	0.0	0.0	0.0	0.0	0.0	0.0	0.0	0.0	0.0	0.0	0.0	0.0	0.0	0.0	0.0	0.0	0.0	0.0	0.0	0.0	0.0	0.0	0.0	0.0	0.0	0.0	0.0	0.0	0.0	0.0	0.0	0.0	0.0	0.0	0.0	0.0	0.0	0.0	0.0	0.0	0.0	0.0	0.0	0.0	0.0	0.0	0.0	0.0	0.0	0.0
33057	Thauera	genus	0.0011712344811431249	0.0016063364416111859	0.0004869316147511636	0.00196859101968591	0.0005951228952970776	5.187333474806065e-05	0.002256273595380857	0.0018674500847510012	0.001508648718949148	0.0016485560701502303	0.0009131684258587812	0.0014548566538296961	0.0008534663865546219	0.0009707858732755915	0.0015426578808627356	0.0019335944833110145	0.0012805463664496853	0.0006451504150569832	0.0006859734146028554	0.000756219540234468	0.0017570081955930671	0.0017965491632990075	0.0011604034633580292	0.0015792798483891346	0.0018437679494543366	0.0015518581328539541	0.0012868024504067732	0.002093074551310831	0.0029355812803994134	0.0020028974577056503	0.0001402440246028089	0.0007033378131516567	0.0005405075343131823	0.001104518075967505	0.0009765437674709783	0.003430280778861562	0.001685442915916688	0.0018907107212596474	0.0003798256456709666	0.000653243614898688	0.001019832872926732	0.0003946974439937937	0.0007739001142901032	0.0006640954927153731	0.0012190270102422527	0.0021279841070837315	0.0006637734845275509	0.0015613724832555824	0.002265221571469278	0.002354671886516596	0.0009262096557789423	0.0009201997374724279	0.0010077136749544896	0.0009879273209464137	0.0009016280693376382	0.0005198400362942862	0.0012765727042516326	0.001867226362227744	0.007350557307122709	0.00012174897810103292	0.0003547125889375123	0.0006644330114079418	0.0009780934194181317	0.0008226634887876487	0.0010129653037646007	0.0012244840988368036	0.0009872353660754826	0.003459259512963661	0.0033524530287586886	0.0022154877721090554	0.002985719555723496	1.9038496371464676e-05	0.0020981218574386276	0.0018829168970144368	0.0002277655179570578	0.0017976600800990344	0.00020128058300113917	0.0001036367627425838	9.507142158018936e-05	0.009254251710489441
12960	Azoarcus	genus	0.006512063715155774	0.009314730812361718	0.005628356605800215	0.01267418712674187	0.005022256628604606	0.0008488363867864469	0.02303353320008883	0.009005403893015282	0.011507348159708674	0.010542419849384838	0.006774903983025811	0.008332770308312502	0.006657711161387632	0.010861851484502172	0.009767906274209981	0.012793637285208315	0.008390862152467104	0.005145879082568527	0.007006354417852066	0.005771988511842345	0.013345165474546053	0.01757275762985029	0.008947892818284677	0.00819335784591628	0.009271970132107983	0.012077180733122611	0.007793577350682075	0.01583415591058911	0.012447404601396452	0.006772050451362989	0.002375041663403413	0.004188661814269394	0.008709182069623702	0.011653072772001146	0.008473261010966935	0.01542934363010699	0.011133164052455645	0.01590228917197891	0.004846366399918553	0.0054010939463724865	0.006448481704198259	0.004212828120605022	0.008168110807135242	0.004540621166462651	0.007852717277918751	0.01567094123614051	0.004445681408431278	0.008578020347389498	0.010489718354034656	0.02365093461896304	0.007745536448513996	0.0064515474241173525	0.010048211634800831	0.010715573934917344	0.007666693485386826	0.006814630293966915	0.007267926162868186	0.010050648378821315	0.026843598169533876	0.0015960642661706416	0.0034641290719078497	0.004572293695967334	0.006510010570955401	0.011129105638361048	0.009748160739768997	0.008132350869891268	0.010271552208921775	0.028074179476720834	0.014255813182429274	0.01270746841817732	0.01227950566417132	0.0003379067205147669	0.01241263095627267	0.012867367333774303	0.0016362577370241254	0.010907946350313297	0.0018224875783083478	0.0013038560312637567	0.0008846923952600955	0.02059305110059639
73029	Dechloromonas	genus	0.0	0.0	0.0	0.0	0.0	0.0	0.0	0.0	0.0	0.0	0.0	0.0	0.0	0.0	0.0	0.0	0.0	0.0	0.0	0.0	0.0	0.0	0.0	0.0	0.0	0.0	0.0	0.0	0.0	0.0	0.0	0.0	0.0	0.0	0.0	0.0	0.0	0.0	0.0	0.0	0.0	0.0	0.0	0.0	0.0	0.0	0.0	0.0	0.0	0.0	0.0	0.0	0.0	0.0	0.0	0.0	0.0	0.0	0.0	0.0	0.0	0.0	0.0	0.0	0.0	0.0	0.0	0.0	0.0	0.0	0.0	0.0	0.0	0.0	0.0	0.0	0.0	0.0	0.0	0.0
146937	Azospira	genus	0.0	0.0	0.0	0.0	0.0	0.0	0.0	0.0	0.0	0.0	0.0	0.0	0.0	0.0	0.0	0.0	0.0	0.0	0.0	0.0	0.0	0.0	0.0	0.0	0.0	0.0	0.0	0.0	0.0	0.0	0.0	0.0	0.0	0.0	0.0	0.0	0.0	0.0	0.0	0.0	0.0	0.0	0.0	0.0	0.0	0.0	0.0	0.0	0.0	0.0	0.0	0.0	0.0	0.0	0.0	0.0	0.0	0.0	0.0	0.0	0.0	0.0	0.0	0.0	0.0	0.0	0.0	0.0	0.0	0.0	0.0	0.0	0.0	0.0	0.0	0.0	0.0	0.0	0.0	0.0
1054211	Sulfuritalea	genus	0.0	0.0	0.0	0.0	0.0	0.0	0.0	0.0	0.0	0.0	0.0	0.0	0.0	0.0	0.0	0.0	0.0	0.0	0.0	0.0	0.0	0.0	0.0	0.0	0.0	0.0	0.0	0.0	0.0	0.0	0.0	0.0	0.0	0.0	0.0	0.0	0.0	0.0	0.0	0.0	0.0	0.0	0.0	0.0	0.0	0.0	0.0	0.0	0.0	0.0	0.0	0.0	0.0	0.0	0.0	0.0	0.0	0.0	0.0	0.0	0.0	0.0	0.0	0.0	0.0	0.0	0.0	0.0	0.0	0.0	0.0	0.0	0.0	0.0	0.0	0.0	0.0	0.0	0.0	0.0
551759	Aromatoleum	genus	0.0	0.0	0.0	0.0	0.0	0.0	0.0	0.0	0.0	0.0	0.0	0.0	0.0	0.0	0.0	0.0	0.0	0.0	0.0	0.0	0.0	0.0	0.0	0.0	0.0	0.0	0.0	0.0	0.0	0.0	0.0	0.0	0.0	0.0	0.0	0.0	0.0	0.0	0.0	0.0	0.0	0.0	0.0	0.0	0.0	0.0	0.0	0.0	0.0	0.0	0.0	0.0	0.0	0.0	0.0	0.0	0.0	0.0	0.0	0.0	0.0	0.0	0.0	0.0	0.0	0.0	0.0	0.0	0.0	0.0	0.0	0.0	0.0	0.0	0.0	0.0	0.0	0.0	0.0	0.0
378210	Methyloversatilis	genus	0.0	0.0	0.0	0.0	0.0	0.0	0.0	0.0	0.0	0.0	0.0	0.0	0.0	0.0	0.0	0.0	0.0	0.0	0.0	0.0	0.0	0.0	0.0	0.0	0.0	0.0	0.0	0.0	0.0	0.0	0.0	0.0	0.0	0.0	0.0	0.0	0.0	0.0	0.0	0.0	0.0	0.0	0.0	0.0	0.0	0.0	0.0	0.0	0.0	0.0	0.0	0.0	0.0	0.0	0.0	0.0	0.0	0.0	0.0	0.0	0.0	0.0	0.0	0.0	0.0	0.0	0.0	0.0	0.0	0.0	0.0	0.0	0.0	0.0	0.0	0.0	0.0	0.0	0.0	0.0
359407	Methylotenera	genus	0.000140548137737175	0.0	8.592910848549946e-05	7.7416500774165e-05	4.3545577704664214e-05	4.715757704369149e-06	4.4414834554741284e-05	1.6266986800966908e-05	2.601118480946807e-05	1.924384517685094e-05	6.714473719549862e-05	3.1529401166587846e-05	3.366731307907779e-05	3.579904521840576e-05	3.390456881017001e-05	3.441673028547113e-05	4.761005721415496e-05	3.0648475774678534e-05	0.00011258342300733886	1.1961293255026734e-05	3.724533502178852e-05	3.1335159824982686e-05	3.136225576643322e-05	4.184416692313092e-05	2.15393452039058e-05	0.0002954737884953928	3.8873195635835906e-05	1.251464604670153e-05	1.4537721232964907e-05	5.504986141197389e-06	2.549891356414707e-05	1.9009130085179913e-05	2.0353840204262094e-05	2.9851839891013647e-05	9.591054859089966e-05	4.5473462774533676e-05	4.419516585240422e-05	6.371247421366754e-05	2.0883884298060016e-05	6.745450371236452e-05	1.6735718940336116e-05	3.08499151627333e-05	0.004157521649584373	1.647062233917096e-05	9.09721649434517e-05	2.6041763548227487e-05	3.81762115405456e-05	0.0001181510504009513	2.4599691273874513e-05	5.89045564940008e-05	2.769972802329547e-05	6.089557086214596e-05	7.557852562158672e-05	2.7311622790701615e-05	1.6091232095260094e-05	2.625454728759021e-05	2.811375449820072e-05	1.7985542893612245e-05	1.0166745929630303e-05	0.00021432142594708458	2.766560582242436e-05	8.9788244784857e-06	3.419494775542594e-05	0.0007808180515874111	4.2931469419207863e-05	7.486483091333825e-05	2.3604783717697896e-05	5.21535525131785e-05	3.369030799358708e-05	2.4023361384315058e-05	2.7790814060179665e-05	1.3826840940169877e-06	4.961939009013216e-05	1.9981975233622594e-05	6.333586595597329e-06	3.3633964078926366e-05	5.785674851772533e-05	6.957097498923449e-05	6.932291156888807e-06	3.732100337856865e-05
81682	Methylovorus	genus	0.0011868509408916998	0.001202226644979441	0.0012316505549588256	0.0013934970139349702	0.0012144377782078576	0.000504586074367499	0.0020608483233399955	0.0014282414411248947	0.0013447782546494992	0.0013791422376743172	0.0014436118497032204	0.0014278314528297638	0.0011379551820728292	0.0015477822491487198	0.0016579334148173136	0.0011983279726668586	0.001425018264202983	0.0011416557226067755	0.0024100707180989634	0.0007921034199995481	0.0017213822229635303	0.0014382838359667054	0.0015403692543744317	0.0019882728347668335	0.0013914417001723149	0.00206831651946775	0.0013705293333147273	0.0013359384654853884	0.0013104717282858365	0.001288166757040189	0.00045776621017540217	0.0009361996566951107	0.0012574150170633026	0.001356901813227893	0.0019339054252237768	0.0020255462005439023	0.001301748521470815	0.0020715163913254606	0.0007948928460949095	0.0014899161434011744	0.0012258914123796205	0.0007966536915552894	0.002879375937633836	0.0007273426824977897	0.0017284711339255823	0.0017584390814945987	0.0009199235490576633	0.0018370582675244686	0.0013396581872897495	0.0026582569084472154	0.001312274615103623	0.0021507977319782942	0.0024418395253295363	0.0013797078409785472	0.001074479046360916	0.0009882211599048956	0.001093312674930028	0.0013979671976398608	0.001752069215206289	0.0005788479520957393	0.0005780135502185089	0.0008295052460508712	0.0018724681736419448	0.005005426551909265	0.002128640072342243	0.0017377523039968938	0.0021160994344571523	0.0017919026550050285	0.0018492235720924462	0.0019378844850014146	0.0014222621453701624	0.00015858322955225604	0.0017323004716760847	0.0012972913151674977	0.00030133256225976524	0.0018282820473947733	0.0005039627305096601	0.00044045624165598113	0.00023173659010171157	0.002110333100133609
404	Methylobacillus	genus	0.0	0.0	0.0	0.0	0.0	0.0	0.0	0.0	0.0	0.0	0.0	0.0	0.0	0.0	0.0	0.0	0.0	0.0	0.0	0.0	0.0	0.0	0.0	0.0	0.0	0.0	0.0	0.0	0.0	0.0	0.0	0.0	0.0	0.0	0.0	0.0	0.0	0.0	0.0	0.0	0.0	0.0	0.0	0.0	0.0	0.0	0.0	0.0	0.0	0.0	0.0	0.0	0.0	0.0	0.0	0.0	0.0	0.0	0.0	0.0	0.0	0.0	0.0	0.0	0.0	0.0	0.0	0.0	0.0	0.0	0.0	0.0	0.0	0.0	0.0	0.0	0.0	0.0	0.0	0.0
16	Methylophilus	genus	0.0	0.0	0.0	0.0	0.0	0.0	0.0	0.0	0.0	0.0	0.0	0.0	0.0	0.0	0.0	0.0	0.0	0.0	0.0	0.0	0.0	0.0	0.0	0.0	0.0	0.0	0.0	0.0	0.0	0.0	0.0	0.0	0.0	0.0	0.0	0.0	0.0	0.0	0.0	0.0	0.0	0.0	0.0	0.0	0.0	0.0	0.0	0.0	0.0	0.0	0.0	0.0	0.0	0.0	0.0	0.0	0.0	0.0	0.0	0.0	0.0	0.0	0.0	0.0	0.0	0.0	0.0	0.0	0.0	0.0	0.0	0.0	0.0	0.0	0.0	0.0	0.0	0.0	0.0	0.0
914	Nitrosomonas	genus	0.00021863043648004998	0.0002828768576422214	0.00014321518080916577	0.00042026100420261006	0.0001064447455002903	0.0002452194006271958	0.001963135687319565	0.00027653877561643745	0.00035635323188971257	0.0002565846023580125	0.0003357236859774931	0.00025673940949935817	0.00016328646843352725	0.0003158739283976979	0.0003153124899345811	0.00020962917537514235	0.00022327475107327844	0.00020687721147908013	0.0002853858862279055	0.0001368903561408615	0.00028500778103629477	0.0001733878843649042	0.0002870852643235041	0.00023486725950402513	0.0002527283170591614	0.000685300551468306	0.00019037898375499123	0.0002502929209340306	0.00027413988610733823	0.00020460198491450298	9.956718629809809e-05	0.00016062714921977027	0.0003369691322705613	0.00024831303182070444	0.0002144908632123756	0.0002975546151116225	0.0004298984314733865	0.0002789573195301119	0.00013966097624327638	0.00020946398521207933	0.00014329959342662798	0.0001415466695701881	0.00035898279303640167	0.00015284737530750652	0.0002632127972363869	0.0002628978034392489	0.0002721594435632444	0.000283308432681851	0.0002049974272822876	0.00041082152221456967	0.00023804453770019546	0.0005556720841170819	0.0003918886513711904	0.00025616418617485653	0.00020036179318614182	0.00021948801532425415	0.000273848793815807	0.00018639562635198144	0.00031855803912841615	0.00010085714162215746	0.0002400979362446114	0.000179576489569714	0.00044217604856154234	0.0006668560098505939	0.00027443534248987306	0.00024045568573012878	0.00039225596472056796	0.0009091843184386939	0.00028235686699387263	0.0003665786996421409	0.00021470645056171064	2.0208459835632896e-05	0.0003551191643705537	0.00020545569406878615	5.919467472039042e-05	0.0002911596890414521	0.00016717555229595372	4.774008283744022e-05	5.908952938490936e-05	0.0003318176482203649
35798	Nitrosospira	genus	1.5616459748575e-05	2.0205489831587242e-05	5.728607232366631e-05	2.2119000221190002e-05	9.676795045480936e-06	0.0	5.329780146568954e-05	2.9280576241740438e-05	2.601118480946807e-05	3.207307529475156e-05	3.357236859774931e-05	1.8016800666621624e-05	8.416828269769447e-06	2.737574046113382e-05	3.8990254131695516e-05	2.1901555636208904e-05	2.9551069994992735e-05	9.194542732403561e-06	1.3091095698527775e-05	6.645162919459296e-06	4.8580871767550244e-05	2.924614916998384e-05	5.066210546885366e-05	2.0247177543450442e-05	3.1591039632395174e-05	6.455729832672449e-05	2.9902458181412233e-05	6.257323023350765e-06	1.5576129892462398e-05	1.284496766279391e-05	9.106754844338239e-06	1.2355934555366943e-05	1.130768900236783e-05	6.377438522171098e-05	1.569445340578358e-05	1.6805410155805924e-05	3.8168552327076366e-05	6.715639173873064e-05	1.3052427686287511e-05	1.3017535804140523e-05	4.183929735084029e-06	1.0888205351552931e-05	5.0925465988884894e-05	1.4494147658470446e-05	1.2129621992460228e-05	5.4563695053429016e-05	1.3546397643419406e-05	2.1597503836733036e-05	2.7674652683108826e-05	0.00010421575379707834	1.9043563016015635e-05	4.313436269402006e-05	3.079125117916496e-05	4.238010433039906e-05	1.816752010755172e-05	9.451637023532475e-06	1.3536252165800347e-05	1.6350493539647496e-05	1.581493811275825e-05	2.881632617775927e-06	8.89251615720783e-06	6.906788060373616e-06	3.537408388492339e-05	4.807773635771973e-05	4.999614160211549e-05	3.235683369983263e-05	1.1802391858848948e-05	8.718205793247749e-05	4.4920410658116104e-05	2.936188613638507e-05	1.7929557458180427e-05	1.0636031492438366e-06	3.45389872196018e-05	2.4080841948211843e-05	4.871989688921022e-07	4.166595550075952e-05	3.349601229973572e-06	2.39899913755981e-06	2.805927373026422e-06	9.22846628997334e-05
314343	Sideroxydans	genus	0.0	0.0	0.0	0.0	0.0	0.0	0.0	0.0	0.0	0.0	0.0	0.0	0.0	0.0	0.0	0.0	0.0	0.0	0.0	0.0	0.0	0.0	0.0	0.0	0.0	0.0	0.0	0.0	0.0	0.0	0.0	0.0	0.0	0.0	0.0	0.0	0.0	0.0	0.0	0.0	0.0	0.0	0.0	0.0	0.0	0.0	0.0	0.0	0.0	0.0	0.0	0.0	0.0	0.0	0.0	0.0	0.0	0.0	0.0	0.0	0.0	0.0	0.0	0.0	0.0	0.0	0.0	0.0	0.0	0.0	0.0	0.0	0.0	0.0	0.0	0.0	0.0	0.0	0.0	0.0
96	Gallionella	genus	0.0	0.0	0.0	0.0	0.0	0.0	0.0	0.0	0.0	0.0	0.0	0.0	0.0	0.0	0.0	0.0	0.0	0.0	0.0	0.0	0.0	0.0	0.0	0.0	0.0	0.0	0.0	0.0	0.0	0.0	0.0	0.0	0.0	0.0	0.0	0.0	0.0	0.0	0.0	0.0	0.0	0.0	0.0	0.0	0.0	0.0	0.0	0.0	0.0	0.0	0.0	0.0	0.0	0.0	0.0	0.0	0.0	0.0	0.0	0.0	0.0	0.0	0.0	0.0	0.0	0.0	0.0	0.0	0.0	0.0	0.0	0.0	0.0	0.0	0.0	0.0	0.0	0.0	0.0	0.0
919	Thiobacillus	genus	0.0	0.0	0.0	0.0	0.0	0.0	0.0	0.0	0.0	0.0	0.0	0.0	0.0	0.0	0.0	0.0	0.0	0.0	0.0	0.0	0.0	0.0	0.0	0.0	0.0	0.0	0.0	0.0	0.0	0.0	0.0	0.0	0.0	0.0	0.0	0.0	0.0	0.0	0.0	0.0	0.0	0.0	0.0	0.0	0.0	0.0	0.0	0.0	0.0	0.0	0.0	0.0	0.0	0.0	0.0	0.0	0.0	0.0	0.0	0.0	0.0	0.0	0.0	0.0	0.0	0.0	0.0	0.0	0.0	0.0	0.0	0.0	0.0	0.0	0.0	0.0	0.0	0.0	0.0	0.0
935200	Sulfuricella	genus	0.0	0.0	0.0	0.0	0.0	0.0	0.0	0.0	0.0	0.0	0.0	0.0	0.0	0.0	0.0	0.0	0.0	0.0	0.0	0.0	0.0	0.0	0.0	0.0	0.0	0.0	0.0	0.0	0.0	0.0	0.0	0.0	0.0	0.0	0.0	0.0	0.0	0.0	0.0	0.0	0.0	0.0	0.0	0.0	0.0	0.0	0.0	0.0	0.0	0.0	0.0	0.0	0.0	0.0	0.0	0.0	0.0	0.0	0.0	0.0	0.0	0.0	0.0	0.0	0.0	0.0	0.0	0.0	0.0	0.0	0.0	0.0	0.0	0.0	0.0	0.0	0.0	0.0	0.0	0.0
379	Rhizobium	genus	0.007043023346607324	0.006960791246981805	0.012531328320802004	0.011092678610926787	0.00506096380878653	0.00040555516257574685	0.012054186098156785	0.0066857315751974	0.008581089868643517	0.0077071599933288	0.005680444766739183	0.012508163862802063	0.004061961322990735	0.009676271339916146	0.005543397000462798	0.014714716593870067	0.004777422982523825	0.005270005409455974	0.005833392243263976	0.006257085404962874	0.012169508377771336	0.004714897048332395	0.008358041161754454	0.004739189357003634	0.004602240091901206	0.010979706661568295	0.0036092267024964565	0.010310504011726224	0.0058566248395658625	0.0026956082138063216	0.0010940248152998338	0.003222047549437995	0.01460501111545829	0.008297454587888565	0.01026417252738246	0.006761706203865442	0.009162461429673438	0.0070583089676168435	0.006603223166492852	0.01133235662367724	0.004782231687201045	0.00494959668272677	0.004263546800085822	0.004920104305157149	0.0065827458553081655	0.00726069169404152	0.0033995300631508426	0.008780020530333058	0.005587204880578749	0.011644977706890927	0.004797246647034485	0.004962989025264895	0.006718091166363264	0.006682871562855817	0.00972325676156168	0.010502869096927587	0.008098843795815007	0.006794720098626177	0.011723387695300366	0.0014890836552357103	0.008517054363903499	0.00413094993890946	0.003126479447362479	0.01661619988229858	0.005137103549617367	0.007268867523509461	0.011738520091142235	0.014578863955512241	0.005715587489451725	0.008496262142919426	0.004811844982839172	0.000342373853741591	0.0061985320443967065	0.0036828317430584413	0.0014900980463564946	0.006296579275253334	0.0017366159831399344	0.0013184899260028715	0.0008853526134655135	0.008414868416320543
357	Agrobacterium	genus	0.0017490434918403998	0.0016063364416111859	0.003193698532044397	0.0033178500331785005	0.0012724985484807432	0.00035368182782768623	0.0018298911836553409	0.001184236639110391	0.0016517102354012226	0.0014048006979101185	0.0012757500067144738	0.0028151251041596288	0.0010066526610644257	0.001657285210993255	0.0014612869157183276	0.0031068921066793485	0.0015973995058404407	0.0012458605402406824	0.0009163766988969443	0.0015190842433883951	0.0018995120861112146	0.0007886015222620643	0.0018045359471763115	0.0010704007861304134	0.0011645605973578403	0.0017902235420603214	0.0006638345716273515	0.0017176351699097852	0.001153672020701715	0.0005697660656139299	0.00021491941432638244	0.0006016389671959443	0.0025623223279365504	0.0013745415367998556	0.0018536893300386606	0.0011091570702831909	0.0017517356646952944	0.001288025154373603	0.0023220268853905482	0.0031786455609019494	0.00100728108372148	0.001805627387465861	0.0009024660448194191	0.0017597212907170254	0.001495582391670346	0.0014149358194536935	0.0008805158468222614	0.0016071083737333699	0.0012105098081019083	0.001931767378354539	0.0010690363783990597	0.0009582594692612691	0.0011252802703658467	0.0012252559051966483	0.0023955172941814624	0.0017937106706881632	0.0017711665333866454	0.0031049587231790593	0.0017859583683050566	0.0009563418250243858	0.0017271242491999205	0.0013765228604324616	0.000615509059597667	0.004128453027606414	0.001031985575026275	0.0015328256905646205	0.0019314267147833982	0.0019304598542191445	0.0011390532702593725	0.0015819828348634139	0.0009726784921062882	0.00010263770390203024	0.0011509752642475755	0.0006015086903659725	0.00032544891121992427	0.0020546838055976956	0.0004345346322883897	0.0004361380432083735	0.00022166826246908735	0.0015858033617402716
1525371	Neorhizobium	genus	0.0	0.0	0.0	0.0	0.0	0.0	0.0	0.0	0.0	0.0	0.0	0.0	0.0	0.0	0.0	0.0	0.0	0.0	0.0	0.0	0.0	0.0	0.0	0.0	0.0	0.0	0.0	0.0	0.0	0.0	0.0	0.0	0.0	0.0	0.0	0.0	0.0	0.0	0.0	0.0	0.0	0.0	0.0	0.0	0.0	0.0	0.0	0.0	0.0	0.0	0.0	0.0	0.0	0.0	0.0	0.0	0.0	0.0	0.0	0.0	0.0	0.0	0.0	0.0	0.0	0.0	0.0	0.0	0.0	0.0	0.0	0.0	0.0	0.0	0.0	0.0	0.0	0.0	0.0	0.0
28105	Sinorhizobium	genus	0.0004997267119544	0.00037380156188436395	0.0006444683136412459	0.0006635700066357001	0.0003580414166827947	4.244181933932234e-05	0.0006751054852320675	0.0004522222330668801	0.0005410326440369359	0.0005195838197749753	0.00034243815969704295	0.0007927392293313515	0.0002979557207498384	0.0008465421281058305	0.00040855005416254867	0.0011732976233683342	0.00033983730494241643	0.00033713323352146387	0.0003429867073014277	0.0004013678403353415	0.0007643390491427905	0.0002632153425298546	0.0005705518068278043	0.00029965822764306657	0.0003058587018954624	0.000700198389543704	0.00024619690569362737	0.0006820482095452334	0.00037901916071658503	0.0001679020773065204	6.253304993112258e-05	0.00025377188663715185	0.0009272304981941621	0.0005169795908398272	0.0007062504032602611	0.00042408946804945537	0.0006207411931087683	0.0004838704122713669	0.0004242038998043441	0.0007206981186110526	0.00033576036124049335	0.00039288274310186823	0.00030137857740963024	0.00037750666401379843	0.00037480531956702104	0.0005022340112872444	0.00025430282848782796	0.00048784949842973444	0.000397695008927638	0.0006932613187370863	0.0003384560517846415	0.0003543783915449883	0.0004254791072030067	0.0003672942375301252	0.0005865513634723841	0.0006920698665008779	0.0005143775823004132	0.0005155855629502176	0.0008427102737226896	8.536836630161185e-05	0.0005493598870452836	0.00031011478391077533	0.0002541038359066997	0.0011645496139981	0.0004102944229304043	0.0004682224170681663	0.0007025894447738315	0.000939542356468753	0.00033422924596812576	0.0005658836237194214	0.0003025612821067947	1.946393763116221e-05	0.0004023062314170519	0.00023927134446414747	0.00010255538295178752	0.00043924953088150104	0.00011571349703545066	8.34851699870814e-05	5.727392932000991e-05	0.0004105310371642552
106591	Ensifer	genus	0.0	0.0	0.0	0.0	0.0	0.0	0.0	0.0	0.0	0.0	0.0	0.0	0.0	0.0	0.0	0.0	0.0	0.0	0.0	0.0	0.0	0.0	0.0	0.0	0.0	0.0	0.0	0.0	0.0	0.0	0.0	0.0	0.0	0.0	0.0	0.0	0.0	0.0	0.0	0.0	0.0	0.0	0.0	0.0	0.0	0.0	0.0	0.0	0.0	0.0	0.0	0.0	0.0	0.0	0.0	0.0	0.0	0.0	0.0	0.0	0.0	0.0	0.0	0.0	0.0	0.0	0.0	0.0	0.0	0.0	0.0	0.0	0.0	0.0	0.0	0.0	0.0	0.0	0.0	0.0
323620	Shinella	genus	0.0	0.0	0.0	0.0	0.0	0.0	0.0	0.0	0.0	0.0	0.0	0.0	0.0	0.0	0.0	0.0	0.0	0.0	0.0	0.0	0.0	0.0	0.0	0.0	0.0	0.0	0.0	0.0	0.0	0.0	0.0	0.0	0.0	0.0	0.0	0.0	0.0	0.0	0.0	0.0	0.0	0.0	0.0	0.0	0.0	0.0	0.0	0.0	0.0	0.0	0.0	0.0	0.0	0.0	0.0	0.0	0.0	0.0	0.0	0.0	0.0	0.0	0.0	0.0	0.0	0.0	0.0	0.0	0.0	0.0	0.0	0.0	0.0	0.0	0.0	0.0	0.0	0.0	0.0	0.0
34019	Liberibacter	genus	1.5616459748575e-05	1.0102744915793621e-05	5.728607232366631e-05	5.529750055297501e-05	5.322237275014515e-05	0.0	7.994670219853431e-05	4.554756304270735e-05	4.421901417609572e-05	2.565846023580125e-05	7.385921091504847e-05	8.557980316645271e-05	2.5250484809308337e-05	5.475148092226764e-05	3.051411192915301e-05	7.196225423325783e-05	4.268487888165617e-05	1.6856661676073195e-05	4.5818834944847216e-05	3.854194493286392e-05	5.020023415980192e-05	1.5667579912491343e-05	4.8249624256051106e-05	2.6996236724600592e-05	2.871912693854107e-05	5.4625406276459184e-05	2.890570957536516e-05	4.380126116345535e-05	3.1152259784924796e-05	2.8442428396186512e-05	1.0928105813205887e-05	3.326597764906485e-05	6.332305841325984e-05	4.477775983652047e-05	7.324078256032337e-05	4.646201631311049e-05	9.2408074055027e-05	4.6492886588351984e-05	2.349436983531752e-05	4.496966914157635e-05	3.1379473013130216e-05	2.9035214270807815e-05	2.7549842256281992e-05	3.096476999764141e-05	8.854624054495966e-05	5.208352709645497e-05	2.7092795286838813e-05	4.5735890477787606e-05	3.587454977440033e-05	0.00016765143002138688	1.731233001455967e-05	3.721395997131142e-05	6.811397988118309e-05	0.00014126701443466352	3.3739680199738904e-05	8.71650969947995e-05	5.1021258163401306e-05	1.7440526442290662e-05	7.568577525391448e-05	1.1526530471103709e-05	0.00029345303318785833	5.041955284072739e-05	2.7120130978441266e-05	0.00010951039948147271	3.532336091453812e-05	3.552907229785544e-05	5.623492591569204e-05	7.861953438553775e-05	2.4599272503254055e-05	0.0001245655775483003	3.092848661536124e-05	1.914485668638906e-06	3.405252261087501e-05	3.945159212792153e-05	1.4128770097870965e-05	8.182591260992533e-05	1.5529969338968376e-05	6.7171975851674684e-06	8.087673016370275e-06	0.00014860544981648246
374	Bradyrhizobium	genus	0.00409151245412665	0.0030813371993170546	0.006201217329036878	0.007255032072550321	0.002356299593574608	0.00015090424653981278	0.010721741061514545	0.003464868188605952	0.0061516452074391985	0.004628144765032651	0.0030013697526387884	0.006395964236650677	0.002595749838396897	0.00455911369987344	0.002447909868094275	0.008513447555160633	0.002344384886269424	0.002093290895410544	0.0022621413367055997	0.0031006330182197076	0.009831149083359917	0.003894960366245348	0.003885300993218515	0.001995021893947984	0.0022645031591039633	0.008613433380592587	0.0020473216368206907	0.006520130590331497	0.003795383650463338	0.0014661613089389047	0.0006107596915602846	0.0016005687531721485	0.009238381914934517	0.0062336069299689404	0.0038486287407293734	0.004163787504485561	0.006348032913345333	0.003636776906466644	0.004068441709815817	0.0029372294423524346	0.0022812876880545668	0.002330075945232327	0.0032191573254613135	0.0018414155775193135	0.002464739188867918	0.0036024439575048023	0.0014377653862447416	0.0031227449665111647	0.0031723351871934006	0.010016795350467008	0.002777763350836099	0.0033145797528993056	0.002945696362806781	0.003629620490874622	0.005644908033417856	0.007676829626891378	0.0038359656137544984	0.003321875270805049	0.007327964538390197	0.0006562918286984674	0.0035421856026211186	0.00169630714762776	0.0014580018241235923	0.023313250491238724	0.002280802242435638	0.004567389133433237	0.008777508251260425	0.01810740206808296	0.0029444259652808007	0.004550202597014341	0.002518654583937896	0.00015517969947467577	0.004545038839334361	0.002046871565598007	0.0006888993420134325	0.0030325787612058832	0.0007710173012993712	0.0006721995583442588	0.0004250154697378257	0.007057741020736228
85413	Bosea	genus	0.0017178105723432498	0.001384076053463726	0.0015896885069817401	0.002001769520017695	0.001127346622798529	4.715757704369149e-05	0.0014745725072174106	0.0014184812490443145	0.002091299258681233	0.001824957984271364	0.0008661671098219322	0.002306150485327568	0.0008265325360913596	0.002230069934487747	0.0011290221413786615	0.0028190430897463174	0.0009505594181722664	0.0008964679164093471	0.0010957247099667748	0.0018646327152002785	0.0017537694708085639	0.0006538603350146388	0.0014004453440318834	0.0007558946282888165	0.0009721424468696152	0.001072644341428653	0.000536250750053326	0.0015737167403727175	0.0011484799774042276	0.000183499538039913	7.406827273395102e-05	0.0007071396391686928	0.0013456149912817717	0.001381326045865995	0.0020420227709080636	0.0008274193117887975	0.0017678066340961686	0.0007249446390257846	0.0015114711260720939	0.0013585573730139381	0.0012426271313199567	0.0010715808766820008	0.0007012687119780871	0.0011041905216180212	0.0008478605772729699	0.0010801131452621972	0.0005615597568544772	0.0014127308392027727	0.0010659866218678956	0.0012566305385386836	0.0008500354037148797	0.0008669161129680501	0.0009759893555577742	0.0007468316163112545	0.002185812204940008	0.001145748443630437	0.001718062774890044	0.002116843896933029	0.0010437859154420444	0.000277357139460933	0.0021855828599715243	0.0009614248980040073	0.00041623505371259854	0.002605991376278623	0.0008961264945857439	0.0012156018307623397	0.0033254974708168505	0.0018020220010150482	0.000888247644084891	0.0010214377358960624	0.0009592313240126529	2.265474707889372e-05	0.00089752720310092	0.0003981024296544809	0.00027721621329960616	0.0012213646955825052	0.0002503065646398433	0.00015329604489007186	0.00014458778698653798	0.0013550917044909381
1073	Rhodopseudomonas	genus	0.0	0.0	0.0	0.0	0.0	0.0	0.0	0.0	0.0	0.0	0.0	0.0	0.0	0.0	0.0	0.0	0.0	0.0	0.0	0.0	0.0	0.0	0.0	0.0	0.0	0.0	0.0	0.0	0.0	0.0	0.0	0.0	0.0	0.0	0.0	0.0	0.0	0.0	0.0	0.0	0.0	0.0	0.0	0.0	0.0	0.0	0.0	0.0	0.0	0.0	0.0	0.0	0.0	0.0	0.0	0.0	0.0	0.0	0.0	0.0	0.0	0.0	0.0	0.0	0.0	0.0	0.0	0.0	0.0	0.0	0.0	0.0	0.0	0.0	0.0	0.0	0.0	0.0	0.0	0.0
40136	Afipia	genus	0.0	0.0	0.0	0.0	0.0	0.0	0.0	0.0	0.0	0.0	0.0	0.0	0.0	0.0	0.0	0.0	0.0	0.0	0.0	0.0	0.0	0.0	0.0	0.0	0.0	0.0	0.0	0.0	0.0	0.0	0.0	0.0	0.0	0.0	0.0	0.0	0.0	0.0	0.0	0.0	0.0	0.0	0.0	0.0	0.0	0.0	0.0	0.0	0.0	0.0	0.0	0.0	0.0	0.0	0.0	0.0	0.0	0.0	0.0	0.0	0.0	0.0	0.0	0.0	0.0	0.0	0.0	0.0	0.0	0.0	0.0	0.0	0.0	0.0	0.0	0.0	0.0	0.0	0.0	0.0
911	Nitrobacter	genus	9.369875849144998e-05	7.071921441055535e-05	0.00011457214464733262	0.00015483300154833	6.773756531836656e-05	0.0	0.00016877637130801687	7.15747419242544e-05	0.00012745480556639356	0.00011225576353163046	4.028684231729917e-05	0.000144134405332973	6.22845291962939e-05	9.686800470862736e-05	5.5942538536780526e-05	0.0002534322866475602	4.4326604992489105e-05	4.59727136620178e-05	4.9746163654405546e-05	6.645162919459297e-05	0.00020403966142371104	8.356042619995383e-05	9.408676729929965e-05	3.374529590575074e-05	3.1591039632395174e-05	0.00017629108389220918	4.385693866607128e-05	0.0001814623676771722	7.68422408028145e-05	2.3854939945188688e-05	6.6782868858480424e-06	3.231552114480585e-05	0.00014473841923030823	0.00012212116319051036	9.242289227850331e-05	7.809572954756871e-05	0.00014062098225764978	7.060030926379375e-05	0.00010833514979618635	6.035402963737879e-05	3.870135004952727e-05	6.442188166335484e-05	5.843905933150725e-05	3.6894194039742955e-05	4.124071477436477e-05	8.556579451560459e-05	3.14030127188359e-05	7.24151599231637e-05	6.252421532109772e-05	0.00018728628218605382	5.539945604659094e-05	8.37314099354507e-05	4.0121933354669497e-05	8.946910914195357e-05	8.460873650088372e-05	0.00019533383181967118	0.00010620751699320272	6.867207286651948e-05	0.00011748239740906128	7.9244896988838e-06	9.682962037848525e-05	3.4533940301868076e-05	3.2426243561179774e-05	0.00036592499338931124	3.967085148863512e-05	0.00011737282812684386	0.00013885166892763467	0.0002677734636497523	5.454621294199812e-05	9.520369141191523e-05	5.109923875581422e-05	1.3188679050623575e-05	7.637494357010539e-05	4.047630880656884e-05	1.7051963911223578e-05	7.228792279649846e-05	1.3398404919894287e-05	1.199499568779905e-05	9.408109427206239e-06	8.278477113064319e-05
68287	Mesorhizobium	genus	0.0027328804560006244	0.002444864269622056	0.0035660580021482278	0.00424684804246848	0.0016450551577317592	0.00011789394260922874	0.005436375749500333	0.002570183914552772	0.004245025360905189	0.0032137221445341065	0.001987484220986759	0.004706889174154899	0.0016665319974143503	0.0032598189410642424	0.0020630930120988456	0.006977209866963693	0.0016876944419362517	0.0017147822195932641	0.0015565312785549524	0.0023018844353007	0.005075081737316749	0.0021172122988413304	0.0031350193360369207	0.0016076258969499652	0.0017690982194141299	0.00515713494710026	0.001659586429068379	0.00407195295744551	0.0026219818652311704	0.0012285294071772174	0.0003673057787216423	0.0012061293039046653	0.005658367576784862	0.0036120726268126513	0.0030761128675335816	0.0021540581605588886	0.004049884289020314	0.002286761236641905	0.0024838769887005133	0.002286352652145408	0.0017059973494805128	0.0017511863607080963	0.0017848958407251786	0.0016483798837042297	0.0022075912026277614	0.0025297713161135274	0.001145286346216368	0.0022677379028569686	0.0021278732951901455	0.0043649786735298025	0.001988321102172178	0.002394380015426878	0.0021320608771027857	0.0026162651073299687	0.0035675818771200847	0.004224881749519017	0.0034194655471144874	0.0025326914492913967	0.004145773062415913	0.0004300836682030571	0.003371251680932568	0.0013309380592339958	0.0011172314826988303	0.007192963556185513	0.0017873620622756287	0.0033067415145789742	0.004153053417625553	0.006496620138432653	0.0024273064759189164	0.0032262484585009778	0.0019614935859249387	0.00013114226830176505	0.0030374850168900513	0.001378756291119959	0.0005522400312391979	0.0023458434946391476	0.0004887372703734166	0.0004649260328590912	0.00030204982897872663	0.003490531661442857
31988	Aminobacter	genus	0.0	0.0	0.0	0.0	0.0	0.0	0.0	0.0	0.0	0.0	0.0	0.0	0.0	0.0	0.0	0.0	0.0	0.0	0.0	0.0	0.0	0.0	0.0	0.0	0.0	0.0	0.0	0.0	0.0	0.0	0.0	0.0	0.0	0.0	0.0	0.0	0.0	0.0	0.0	0.0	0.0	0.0	0.0	0.0	0.0	0.0	0.0	0.0	0.0	0.0	0.0	0.0	0.0	0.0	0.0	0.0	0.0	0.0	0.0	0.0	0.0	0.0	0.0	0.0	0.0	0.0	0.0	0.0	0.0	0.0	0.0	0.0	0.0	0.0	0.0	0.0	0.0	0.0	0.0	0.0
449972	Chelativorans	genus	0.0	0.0	0.0	0.0	0.0	0.0	0.0	0.0	0.0	0.0	0.0	0.0	0.0	0.0	0.0	0.0	0.0	0.0	0.0	0.0	0.0	0.0	0.0	0.0	0.0	0.0	0.0	0.0	0.0	0.0	0.0	0.0	0.0	0.0	0.0	0.0	0.0	0.0	0.0	0.0	0.0	0.0	0.0	0.0	0.0	0.0	0.0	0.0	0.0	0.0	0.0	0.0	0.0	0.0	0.0	0.0	0.0	0.0	0.0	0.0	0.0	0.0	0.0	0.0	0.0	0.0	0.0	0.0	0.0	0.0	0.0	0.0	0.0	0.0	0.0	0.0	0.0	0.0	0.0	0.0
274591	Hoeflea	genus	0.0	0.0	0.0	0.0	0.0	0.0	0.0	0.0	0.0	0.0	0.0	0.0	0.0	0.0	0.0	0.0	0.0	0.0	0.0	0.0	0.0	0.0	0.0	0.0	0.0	0.0	0.0	0.0	0.0	0.0	0.0	0.0	0.0	0.0	0.0	0.0	0.0	0.0	0.0	0.0	0.0	0.0	0.0	0.0	0.0	0.0	0.0	0.0	0.0	0.0	0.0	0.0	0.0	0.0	0.0	0.0	0.0	0.0	0.0	0.0	0.0	0.0	0.0	0.0	0.0	0.0	0.0	0.0	0.0	0.0	0.0	0.0	0.0	0.0	0.0	0.0	0.0	0.0	0.0	0.0
46913	Devosia	genus	4.684937924572499e-05	5.05137245789681e-05	0.00011457214464733262	6.635700066357e-05	1.9353590090961872e-05	0.0	0.00015101043748612036	5.530775512328749e-05	7.803355442840422e-05	8.338999576635407e-05	3.357236859774931e-05	0.00012611760466635138	3.0300581771170007e-05	4.843400235431368e-05	3.390456881017001e-05	9.386380986946673e-05	2.2984165551661015e-05	3.0648475774678534e-05	2.8800410536761106e-05	5.581936852345809e-05	8.582620678933876e-05	2.6112633187485574e-05	7.840563941608305e-05	3.104567223329068e-05	3.733486502010339e-05	0.00020360378703043877	1.4951229090706117e-05	7.508787628020918e-05	6.645815420783957e-05	4.1287396058980425e-05	7.89252086509314e-06	2.2810956102215893e-05	6.558459621373341e-05	5.0205367089432044e-05	5.754632915453979e-05	3.064515969588139e-05	0.00010446130110568269	4.993680411341509e-05	9.267223657264133e-05	4.37862567957454e-05	2.5103578410504175e-05	2.812786382484507e-05	4.090734153205508e-05	2.8329470423374052e-05	3.5175903778134655e-05	4.092277129007177e-05	1.4777888338275716e-05	4.319500767346607e-05	5.12493568205719e-05	9.968463406677058e-05	5.193699004367901e-05	6.427865813226518e-05	3.265738761426587e-05	4.520544461909233e-05	0.00016091232095260093	8.191418753728146e-05	8.850626416100227e-05	5.450164513215831e-05	0.00010166745929630303	1.4047959011657645e-05	6.619984250365828e-05	2.9008509853569185e-05	2.2993154525200203e-05	0.00015669780738812356	2.554150712281987e-05	8.755378530542947e-05	0.00012357798534559487	0.0002553188839451127	5.294191256135112e-05	5.160573927001013e-05	3.9893265344451454e-05	1.4890444089413712e-06	8.026666043991968e-05	2.4080841948211843e-05	8.525981955611789e-06	3.865395871757209e-05	5.481165649047663e-06	7.436897326435411e-06	4.2914183352168805e-06	8.88918444107726e-05
81	Hyphomicrobium	genus	0.00015616459748574998	8.082195932634897e-05	8.592910848549946e-05	8.847600088476001e-05	4.8383975227404685e-05	0.0	0.0003020208749722407	3.904076832232059e-05	9.624138379503186e-05	8.659730329582922e-05	4.028684231729917e-05	0.00013512600499966218	3.703404438698556e-05	6.10689594902216e-05	3.8990254131695516e-05	0.00014079571480420008	4.4326604992489105e-05	2.4518780619742828e-05	3.4036848816172214e-05	5.7148401107349946e-05	0.00012469090420337897	1.8801095894989613e-05	5.186834607525494e-05	2.0247177543450442e-05	3.015508328546812e-05	0.00022098459811840306	2.691221236327101e-05	0.000126710791222853	6.33429282293471e-05	2.0184949184390427e-05	5.4640529066029434e-06	1.9959586589438908e-05	0.00012664611682651968	0.0001153366541243709	4.010804759255804e-05	5.239333754457141e-05	0.0001265588840318848	5.682463916354131e-05	4.5683496902006286e-05	4.6153081487407307e-05	2.4057595976733168e-05	3.3571966500621534e-05	0.00021121545729816193	5.600011595318127e-05	4.124071477436477e-05	3.3482267419149625e-05	2.3398323202269884e-05	8.00378083361283e-05	4.714940827492615e-05	0.0001600995638042073	2.8565344524023454e-05	7.865677903027186e-05	4.19880697897704e-05	7.534240769848722e-05	5.450256032265516e-05	0.00017853092155561344	9.683626549380249e-05	2.943088837136549e-05	0.0001366862508316963	6.483673389995836e-06	5.730732634645045e-05	2.9699188659606547e-05	2.0045314201456586e-05	0.0005742618509394301	2.1737452870484994e-05	9.516715794068422e-05	9.858468493862062e-05	0.0003269327172467906	3.743367554843009e-05	6.673155940087516e-05	2.5101380441452598e-05	1.276323779092604e-06	0.00011431918305079468	2.305612526956453e-05	9.987578862288096e-06	5.270994370578012e-05	5.481165649047663e-06	9.59599655023924e-06	5.116691091989358e-06	0.0001384269943496001
59282	Blastochloris	genus	0.0	0.0	0.0	0.0	0.0	0.0	0.0	0.0	0.0	0.0	0.0	0.0	0.0	0.0	0.0	0.0	0.0	0.0	0.0	0.0	0.0	0.0	0.0	0.0	0.0	0.0	0.0	0.0	0.0	0.0	0.0	0.0	0.0	0.0	0.0	0.0	0.0	0.0	0.0	0.0	0.0	0.0	0.0	0.0	0.0	0.0	0.0	0.0	0.0	0.0	0.0	0.0	0.0	0.0	0.0	0.0	0.0	0.0	0.0	0.0	0.0	0.0	0.0	0.0	0.0	0.0	0.0	0.0	0.0	0.0	0.0	0.0	0.0	0.0	0.0	0.0	0.0	0.0	0.0	0.0
29407	Rhodoplanes	genus	0.0	0.0	0.0	0.0	0.0	0.0	0.0	0.0	0.0	0.0	0.0	0.0	0.0	0.0	0.0	0.0	0.0	0.0	0.0	0.0	0.0	0.0	0.0	0.0	0.0	0.0	0.0	0.0	0.0	0.0	0.0	0.0	0.0	0.0	0.0	0.0	0.0	0.0	0.0	0.0	0.0	0.0	0.0	0.0	0.0	0.0	0.0	0.0	0.0	0.0	0.0	0.0	0.0	0.0	0.0	0.0	0.0	0.0	0.0	0.0	0.0	0.0	0.0	0.0	0.0	0.0	0.0	0.0	0.0	0.0	0.0	0.0	0.0	0.0	0.0	0.0	0.0	0.0	0.0	0.0
1082930	Pelagibacterium	genus	0.0	0.0	0.0	0.0	0.0	0.0	0.0	0.0	0.0	0.0	0.0	0.0	0.0	0.0	0.0	0.0	0.0	0.0	0.0	0.0	0.0	0.0	0.0	0.0	0.0	0.0	0.0	0.0	0.0	0.0	0.0	0.0	0.0	0.0	0.0	0.0	0.0	0.0	0.0	0.0	0.0	0.0	0.0	0.0	0.0	0.0	0.0	0.0	0.0	0.0	0.0	0.0	0.0	0.0	0.0	0.0	0.0	0.0	0.0	0.0	0.0	0.0	0.0	0.0	0.0	0.0	0.0	0.0	0.0	0.0	0.0	0.0	0.0	0.0	0.0	0.0	0.0	0.0	0.0	0.0
1068	Rhodomicrobium	genus	0.0	0.0	0.0	0.0	0.0	0.0	0.0	0.0	0.0	0.0	0.0	0.0	0.0	0.0	0.0	0.0	0.0	0.0	0.0	0.0	0.0	0.0	0.0	0.0	0.0	0.0	0.0	0.0	0.0	0.0	0.0	0.0	0.0	0.0	0.0	0.0	0.0	0.0	0.0	0.0	0.0	0.0	0.0	0.0	0.0	0.0	0.0	0.0	0.0	0.0	0.0	0.0	0.0	0.0	0.0	0.0	0.0	0.0	0.0	0.0	0.0	0.0	0.0	0.0	0.0	0.0	0.0	0.0	0.0	0.0	0.0	0.0	0.0	0.0	0.0	0.0	0.0	0.0	0.0	0.0
119044	Filomicrobium	genus	0.0	0.0	0.0	0.0	0.0	0.0	0.0	0.0	0.0	0.0	0.0	0.0	0.0	0.0	0.0	0.0	0.0	0.0	0.0	0.0	0.0	0.0	0.0	0.0	0.0	0.0	0.0	0.0	0.0	0.0	0.0	0.0	0.0	0.0	0.0	0.0	0.0	0.0	0.0	0.0	0.0	0.0	0.0	0.0	0.0	0.0	0.0	0.0	0.0	0.0	0.0	0.0	0.0	0.0	0.0	0.0	0.0	0.0	0.0	0.0	0.0	0.0	0.0	0.0	0.0	0.0	0.0	0.0	0.0	0.0	0.0	0.0	0.0	0.0	0.0	0.0	0.0	0.0	0.0	0.0
407	Methylobacterium	genus	0.005809323026469899	0.004697776385844034	0.006788399570354458	0.008902897589028977	0.003502999806464099	0.0002593666737403032	0.013928492116366866	0.0056316308304947445	0.0075354402393029	0.006562151205306169	0.004753847393441302	0.009792131162308853	0.0033044467787114846	0.00701661286280753	0.0038719017581214155	0.014517602593144188	0.003316286743882518	0.003181311785411632	0.003295028787319441	0.004586491447010807	0.01245289679641538	0.005733289742644332	0.005492013480945017	0.0031477612020884287	0.0033184951177484203	0.011439056668893065	0.0030071905444440236	0.010781367569233369	0.005151545359767064	0.0022827342532165174	0.000942852684883819	0.0024768896500989425	0.015444041639433982	0.00962857526666513	0.006113861515630804	0.006134963260407739	0.008644172666495243	0.005970031029696901	0.0046427485280124674	0.004301703877095528	0.0036536166411621283	0.0034488390451043907	0.0036465973022860526	0.0027301703589409786	0.004065849291872668	0.006106173510070102	0.002240081573943627	0.0047666961409071965	0.0062872710947477605	0.012380529476444219	0.0038485309622366144	0.004285525799423522	0.0048127658661252385	0.0060509371182847545	0.007725867693737137	0.013261696925907568	0.005925754698120751	0.004799959886789182	0.016468998767564465	0.0009300469273871805	0.005912535187192406	0.0026867405554853365	0.0023028528609085126	0.017721097490075062	0.003711126641313551	0.00572081508767433	0.010647840231715664	0.020291623983784136	0.004617176495502077	0.008040708030742784	0.0038024108979436144	0.0002741968918750611	0.0061450209374367595	0.0036520902426990217	0.0011597771454476494	0.004333761371542855	0.0009997037125457488	0.0011546382849075365	0.0005933711121194111	0.011946792463328722
279	Xanthobacter	genus	0.0	0.0	0.0	0.0	0.0	0.0	0.0	0.0	0.0	0.0	0.0	0.0	0.0	0.0	0.0	0.0	0.0	0.0	0.0	0.0	0.0	0.0	0.0	0.0	0.0	0.0	0.0	0.0	0.0	0.0	0.0	0.0	0.0	0.0	0.0	0.0	0.0	0.0	0.0	0.0	0.0	0.0	0.0	0.0	0.0	0.0	0.0	0.0	0.0	0.0	0.0	0.0	0.0	0.0	0.0	0.0	0.0	0.0	0.0	0.0	0.0	0.0	0.0	0.0	0.0	0.0	0.0	0.0	0.0	0.0	0.0	0.0	0.0	0.0	0.0	0.0	0.0	0.0	0.0	0.0
152053	Starkeya	genus	0.0	0.0	0.0	0.0	0.0	0.0	0.0	0.0	0.0	0.0	0.0	0.0	0.0	0.0	0.0	0.0	0.0	0.0	0.0	0.0	0.0	0.0	0.0	0.0	0.0	0.0	0.0	0.0	0.0	0.0	0.0	0.0	0.0	0.0	0.0	0.0	0.0	0.0	0.0	0.0	0.0	0.0	0.0	0.0	0.0	0.0	0.0	0.0	0.0	0.0	0.0	0.0	0.0	0.0	0.0	0.0	0.0	0.0	0.0	0.0	0.0	0.0	0.0	0.0	0.0	0.0	0.0	0.0	0.0	0.0	0.0	0.0	0.0	0.0	0.0	0.0	0.0	0.0	0.0	0.0
6	Azorhizobium	genus	0.0	0.0	0.0	0.0	0.0	0.0	0.0	0.0	0.0	0.0	0.0	0.0	0.0	0.0	0.0	0.0	0.0	0.0	0.0	0.0	0.0	0.0	0.0	0.0	0.0	0.0	0.0	0.0	0.0	0.0	0.0	0.0	0.0	0.0	0.0	0.0	0.0	0.0	0.0	0.0	0.0	0.0	0.0	0.0	0.0	0.0	0.0	0.0	0.0	0.0	0.0	0.0	0.0	0.0	0.0	0.0	0.0	0.0	0.0	0.0	0.0	0.0	0.0	0.0	0.0	0.0	0.0	0.0	0.0	0.0	0.0	0.0	0.0	0.0	0.0	0.0	0.0	0.0	0.0	0.0
528	Ochrobactrum	genus	7.808229874287499e-05	4.0410979663174484e-05	7.160759040458288e-05	3.3178500331785e-05	4.8383975227404685e-05	4.715757704369149e-06	4.4414834554741284e-05	6.506794720386764e-06	5.7224606580829754e-05	3.528038282422672e-05	6.7144737195498615e-06	3.603360133324325e-05	2.5250484809308337e-05	2.5269914271815832e-05	3.729502569118701e-05	7.196225423325783e-05	2.9551069994992735e-05	5.823210397188922e-05	1.3091095698527775e-05	4.120001010064764e-05	3.400661023728517e-05	2.4023622532486725e-05	3.0156015160031942e-05	5.1292849776741124e-05	2.7283170591614016e-05	3.2278649163362244e-05	1.3954480484659042e-05	4.067259965177997e-05	1.4537721232964907e-05	1.5597460733392603e-05	1.4570807750941183e-05	1.9009130085179913e-05	4.2969218208997754e-05	2.0353527198418394e-05	0.00012032414277767412	1.878251723295956e-05	4.62040370275135e-05	2.4107422675441767e-05	4.698873967063504e-05	4.9703318524900176e-05	1.7781701374107123e-05	5.081162497391368e-05	2.4210467437338718e-05	9.61884344607584e-05	2.4259243984920456e-05	3.2242183440662604e-05	3.017152202397959e-05	3.8113242064823e-05	3.587454977440033e-05	4.5311197303077536e-05	2.4237262020383538e-05	2.875624179601337e-05	2.79920465265136e-05	4.332188442663015e-05	6.436492838104037e-05	5.776000403269846e-05	4.998000799680128e-05	8.774764866277489e-05	3.275951466214209e-05	2.485408132831737e-05	5.631926899564958e-05	2.2792400599232932e-05	1.2380929359723186e-05	5.9652006221615214e-05	2.0650580226960744e-05	2.5377908784182457e-05	2.1522008683783376e-05	4.125579527161881e-05	2.4064505709705054e-05	2.6692623760350064e-05	1.7929557458180427e-05	1.7017650387901386e-06	3.307959339342144e-05	9.222450107825812e-06	9.01318092450389e-06	2.911596890414521e-05	7.6127300681217536e-06	8.156597067703355e-06	3.4661455784444036e-06	1.764265614259609e-05
234	Brucella	genus	0.0026391816975091745	0.002374145055211501	0.0028213390619405655	0.002775934527759345	0.00206599574221018	0.0003442503124189479	0.0037219631356873195	0.0021277218735664717	0.0029600728313174665	0.002485663335343246	0.001551043429216018	0.0033331081233250004	0.0013349089635854342	0.002419594291526366	0.0018647512845593507	0.004067431761010225	0.0017861980085862276	0.001737768576424273	0.001712315317367433	0.0021012005151330297	0.003146421128145004	0.0016847870932565692	0.0024691745213034156	0.0020935581579927757	0.0018164847788627225	0.0038535741155029386	0.0013495976125877387	0.003166205449815487	0.0019542850971742826	0.001214766941824224	0.00045898044415464725	0.0012508007596048383	0.00372927583298091	0.0023230159042461527	0.003236545057903814	0.002276638799342414	0.003071564026742093	0.0024314057726945557	0.001997021436001989	0.0023881261138868704	0.0016620660872621305	0.0015960294344484671	0.00216391488267524	0.001980427630061916	0.0021020634912933575	0.002312756619878298	0.0012530417820162951	0.0022143793639662164	0.00187470147249652	0.003878638489143437	0.0018134665690251253	0.002453584042653964	0.002415713615238124	0.0023742276225985786	0.0026887929759176546	0.00301507221050686	0.0024740103958416633	0.002401887500974217	0.0033629336258343794	0.0006876295834167806	0.0026242803237271103	0.00148426875417429	0.0015493848741596444	0.004277137878934918	0.0020688620769484093	0.002680541615329272	0.0032491290529066516	0.003949658588833846	0.0020470872857055768	0.0028392054139759018	0.0017893698343264066	0.00019070404465941992	0.0023744337551954422	0.001393614682960345	0.0005829335662794003	0.00225498159167966	0.0006126725158824387	0.00048555742544210555	0.0003773147043963765	0.0029144310820173156
293088	Martelella	genus	1.5616459748575e-05	0.0001010274491579362	5.728607232366631e-05	5.529750055297501e-05	4.8383975227404685e-05	9.431515408738299e-06	7.994670219853431e-05	5.205435776309411e-05	8.583690987124464e-05	4.1694997883177034e-05	3.357236859774931e-05	0.000144134405332973	3.871741004093945e-05	5.896313330090361e-05	4.407593945322102e-05	0.00011576536550567563	3.283452221665859e-05	6.129695154935707e-05	3.5345958386024995e-05	4.5187107852323216e-05	0.00011497472984986891	3.1335159824982686e-05	8.684932366089199e-05	4.994303794051109e-05	4.738655944859276e-05	8.690405543982143e-05	3.289270399955346e-05	8.447386081523533e-05	7.7880649462312e-05	2.0184949184390427e-05	9.713871833960789e-06	2.756323862351087e-05	4.2969218208997754e-05	8.819861785981305e-05	9.591054859089966e-05	3.4599373850188666e-05	0.00010245242993057342	8.093206183898308e-05	5.4820196282407544e-05	9.112275062898367e-05	2.719554327804619e-05	3.8108718730435256e-05	4.6751247465205805e-05	3.42588944654756e-05	5.458329896607102e-05	5.952403096737711e-05	2.524555924455435e-05	8.257869114044984e-05	3.792452404722321e-05	9.666388757989874e-05	3.6355893030575304e-05	3.721395997131142e-05	3.732272870201813e-05	5.556502567763432e-05	7.215100842713397e-05	6.30109134902165e-05	7.39287618286019e-05	5.232157932687198e-05	9.827854398642627e-05	9.725510084993753e-06	7.311624395926437e-05	3.108054627168127e-05	1.9455746136707865e-05	0.00011752335554109267	3.586679723630024e-05	7.423038319373369e-05	7.428564287628455e-05	0.0001183185071940766	4.812901141941011e-05	6.495205115018516e-05	4.6616849391269114e-05	1.276323779092604e-06	5.5456965394853596e-05	2.6642633644830125e-05	1.1692775253410454e-05	6.0741935127613284e-05	9.135276081746104e-06	1.3194495256578955e-05	4.621527437925871e-06	0.00010789162794895301
414371	Aureimonas	genus	0.0	0.0	0.0	0.0	0.0	0.0	0.0	0.0	0.0	0.0	0.0	0.0	0.0	0.0	0.0	0.0	0.0	0.0	0.0	0.0	0.0	0.0	0.0	0.0	0.0	0.0	0.0	0.0	0.0	0.0	0.0	0.0	0.0	0.0	0.0	0.0	0.0	0.0	0.0	0.0	0.0	0.0	0.0	0.0	0.0	0.0	0.0	0.0	0.0	0.0	0.0	0.0	0.0	0.0	0.0	0.0	0.0	0.0	0.0	0.0	0.0	0.0	0.0	0.0	0.0	0.0	0.0	0.0	0.0	0.0	0.0	0.0	0.0	0.0	0.0	0.0	0.0	0.0	0.0	0.0
28209	Chelatococcus	genus	0.0	0.0	0.0	0.0	0.0	0.0	0.0	0.0	0.0	0.0	0.0	0.0	0.0	0.0	0.0	0.0	0.0	0.0	0.0	0.0	0.0	0.0	0.0	0.0	0.0	0.0	0.0	0.0	0.0	0.0	0.0	0.0	0.0	0.0	0.0	0.0	0.0	0.0	0.0	0.0	0.0	0.0	0.0	0.0	0.0	0.0	0.0	0.0	0.0	0.0	0.0	0.0	0.0	0.0	0.0	0.0	0.0	0.0	0.0	0.0	0.0	0.0	0.0	0.0	0.0	0.0	0.0	0.0	0.0	0.0	0.0	0.0	0.0	0.0	0.0	0.0	0.0	0.0	0.0	0.0
120652	Methylocella	genus	0.0	0.0	0.0	0.0	0.0	0.0	0.0	0.0	0.0	0.0	0.0	0.0	0.0	0.0	0.0	0.0	0.0	0.0	0.0	0.0	0.0	0.0	0.0	0.0	0.0	0.0	0.0	0.0	0.0	0.0	0.0	0.0	0.0	0.0	0.0	0.0	0.0	0.0	0.0	0.0	0.0	0.0	0.0	0.0	0.0	0.0	0.0	0.0	0.0	0.0	0.0	0.0	0.0	0.0	0.0	0.0	0.0	0.0	0.0	0.0	0.0	0.0	0.0	0.0	0.0	0.0	0.0	0.0	0.0	0.0	0.0	0.0	0.0	0.0	0.0	0.0	0.0	0.0	0.0	0.0
532	Beijerinckia	genus	0.0	0.0	0.0	0.0	0.0	0.0	0.0	0.0	0.0	0.0	0.0	0.0	0.0	0.0	0.0	0.0	0.0	0.0	0.0	0.0	0.0	0.0	0.0	0.0	0.0	0.0	0.0	0.0	0.0	0.0	0.0	0.0	0.0	0.0	0.0	0.0	0.0	0.0	0.0	0.0	0.0	0.0	0.0	0.0	0.0	0.0	0.0	0.0	0.0	0.0	0.0	0.0	0.0	0.0	0.0	0.0	0.0	0.0	0.0	0.0	0.0	0.0	0.0	0.0	0.0	0.0	0.0	0.0	0.0	0.0	0.0	0.0	0.0	0.0	0.0	0.0	0.0	0.0	0.0	0.0
256616	Parvibaculum	genus	0.0	0.0	0.0	0.0	0.0	0.0	0.0	0.0	0.0	0.0	0.0	0.0	0.0	0.0	0.0	0.0	0.0	0.0	0.0	0.0	0.0	0.0	0.0	0.0	0.0	0.0	0.0	0.0	0.0	0.0	0.0	0.0	0.0	0.0	0.0	0.0	0.0	0.0	0.0	0.0	0.0	0.0	0.0	0.0	0.0	0.0	0.0	0.0	0.0	0.0	0.0	0.0	0.0	0.0	0.0	0.0	0.0	0.0	0.0	0.0	0.0	0.0	0.0	0.0	0.0	0.0	0.0	0.0	0.0	0.0	0.0	0.0	0.0	0.0	0.0	0.0	0.0	0.0	0.0	0.0
773	Bartonella	genus	0.0002498633559772	0.00026267136781063413	0.0003007518796992481	0.00035390400353904004	0.00021772788852332108	0.00010846242720049044	0.0004530313124583611	0.00026027178881547053	0.00017687605670438288	0.0001603653764737578	0.00024172105390379503	0.00020268900749949328	0.00022220426632191338	0.00024848749033952233	0.00020681786974203708	0.00022527314368672014	0.00022491647718411137	0.00017316388812693373	0.0002146939694558555	0.00016480004040259056	0.00023318818448424117	0.00017652140034740246	0.00020867962490742103	0.00032260502885897706	0.00022113727742676623	0.0003352013566964541	0.0002342359224210625	0.0001798980369213345	0.00018899037602854377	0.00014404713736133169	8.317502757828925e-05	0.00016442897523680623	0.00023519993124925087	0.00023881471912810917	0.00023541680108675372	0.00026295524126143384	0.0004218629467729493	0.00021524484531644435	0.0001657658316158514	0.00021656445928706507	0.00019978264485026237	0.00014699077224596455	0.00031557092039013915	0.00015680032466890755	0.000321434982800196	0.00023809612386950843	0.00015763080894160765	0.0002401134250083849	0.00018449768455405886	0.0008473193895675499	0.0002354476881980115	0.00030701516976331923	0.00025472762339127377	0.0003475168555092723	0.0001245772807374975	0.00027199710989943456	0.0003311175529788085	0.00013189398121982312	0.000208983110775734	0.00013975918196213247	0.00032902309781668965	0.00023966554569496447	0.00029183619205061794	0.00030983430097197156	0.0002988899769691687	0.0002924803987377028	0.00013746315223835833	0.00026310299626051243	0.00023262355519381553	0.00043331025904301605	0.00020484519395971138	6.062537950689869e-06	0.0002836088668877162	0.0002484937945719733	7.381064378715348e-05	0.00023844974533567199	0.0002609643867352137	8.180587059078952e-05	9.01197850395545e-05	0.0015036971543074206
133	Methylocystis	genus	0.0	0.0	0.0	0.0	0.0	0.0	0.0	0.0	0.0	0.0	0.0	0.0	0.0	0.0	0.0	0.0	0.0	0.0	0.0	0.0	0.0	0.0	0.0	0.0	0.0	0.0	0.0	0.0	0.0	0.0	0.0	0.0	0.0	0.0	0.0	0.0	0.0	0.0	0.0	0.0	0.0	0.0	0.0	0.0	0.0	0.0	0.0	0.0	0.0	0.0	0.0	0.0	0.0	0.0	0.0	0.0	0.0	0.0	0.0	0.0	0.0	0.0	0.0	0.0	0.0	0.0	0.0	0.0	0.0	0.0	0.0	0.0	0.0	0.0	0.0	0.0	0.0	0.0	0.0	0.0
1484898	Methyloceanibacter	genus	0.0	0.0	0.0	0.0	0.0	0.0	0.0	0.0	0.0	0.0	0.0	0.0	0.0	0.0	0.0	0.0	0.0	0.0	0.0	0.0	0.0	0.0	0.0	0.0	0.0	0.0	0.0	0.0	0.0	0.0	0.0	0.0	0.0	0.0	0.0	0.0	0.0	0.0	0.0	0.0	0.0	0.0	0.0	0.0	0.0	0.0	0.0	0.0	0.0	0.0	0.0	0.0	0.0	0.0	0.0	0.0	0.0	0.0	0.0	0.0	0.0	0.0	0.0	0.0	0.0	0.0	0.0	0.0	0.0	0.0	0.0	0.0	0.0	0.0	0.0	0.0	0.0	0.0	0.0	0.0
165697	Sphingopyxis	genus	0.008058093230264698	0.012295040562520837	0.00472610096670247	0.008902897589028977	0.0029804528740081286	0.00015090424653981278	0.005489673550966022	0.00623350934213052	0.0077877487319547405	0.0133488139376756	0.004082400021486316	0.012918046077967704	0.003728654923507865	0.006277467870356917	0.003080230076403946	0.008820069334067556	0.004731454651420504	0.005369612955723679	0.004043839461275229	0.004695472118889939	0.003628991121036003	0.0024859226794486265	0.004788775207413072	0.002228539341615779	0.0031519241815048823	0.01214670397747447	0.004819279510237605	0.004910434242574513	0.005009283373415907	0.0021203371620511944	0.0002665243584442991	0.003210642071386887	0.0030666452574421555	0.007407326998411068	0.004122409761252487	0.002484235042443546	0.006301828876317819	0.0034749127827886778	0.004084104623039362	0.004711164548753038	0.005381579621751832	0.003950603841721788	0.004958136762426023	0.005032104537063512	0.002072952398511453	0.0025111700564362217	0.0022376185925539146	0.004939476171601061	0.005065486428145327	0.0065550198765118835	0.0034442880563966462	0.004459754793834662	0.0018120184784829803	0.004228592632077595	0.003974534327529243	0.003951834457728078	0.0050906720645075305	0.007932714448985642	0.0022129616973495295	0.0003991061175619659	0.0022043559496367406	0.0030148129883530834	0.0013613126615048018	0.01071332225171188	0.0016737838710273447	0.004762799031071443	0.006163625583697703	0.008793711682707128	0.020648415432514035	0.0034531357604639535	0.002618163627830797	9.82769309901305e-05	0.0044900683385482336	0.0006752882912285789	0.0006526030188309709	0.005002424657410466	0.0011623116268008294	0.00073241443669701	0.0010027063994785597	0.003734814592648034
13687	Sphingomonas	genus	0.0023112360427891	0.0024347615247062625	0.003050483351235231	0.0035500995355009952	0.001601509580027095	0.00016976727735728937	0.004530313124583611	0.003064700313302166	0.003550526726492392	0.0034029532887731406	0.0037131039669110735	0.003927662545323514	0.0016345480499892265	0.0031081994554333476	0.001422296661586632	0.004758895160381963	0.0015612815314021162	0.0017193794909594658	0.0016992242216689053	0.0018234327050996309	0.0032856862938786483	0.002439964445038652	0.002559642566783511	0.0013903061913169304	0.0014646754738655945	0.005969067122209449	0.0023742551796041315	0.003770037121568836	0.0021100463960989062	0.0012744042916871957	0.0002489179657452452	0.0011357955225894997	0.003984829604434423	0.00357407937604227	0.002178041367091521	0.002459521203979126	0.0033186551812805346	0.0023418639170429147	0.0019787480372411865	0.0021431597582998625	0.002003056360671479	0.0014853326800410122	0.0026606468869930515	0.0012609908462869288	0.0015295453332492346	0.0022271908253626935	0.0009420903815650769	0.0019158256344584362	0.0055790049834874575	0.005843634078853566	0.0018991626025971957	0.0016906978632420802	0.0020284903049546856	0.0035627541040422145	0.002861124880937859	0.004579843228847236	0.0021335215913634545	0.00238226690872664	0.003937919590076804	0.00030689387379313624	0.002247830473071979	0.0012010904436989718	0.0009621750816699162	0.0066569858286420446	0.0013852191841716563	0.002188844632635737	0.003848968262674033	0.007358321371747409	0.002243881465731609	0.003136383291841133	0.001345613287236441	0.00010189318169755955	0.002444484658852099	0.001086712037705475	0.00046478781632306555	0.001912115957860157	0.0005277144483222	0.0005853557895645937	0.0003344005210442077	0.005085156351254427
165695	Sphingobium	genus	0.00309205903021785	0.0037178101290120526	0.003150733977801647	0.004633930546339305	0.001766015095800271	0.00020277758128787343	0.005054408172329558	0.0034746283806865318	0.005875926648458837	0.004666632455386352	0.0025112131711116483	0.0052879309956534466	0.002006571859513036	0.0037062540931996554	0.0014884105707664637	0.005756980338660626	0.0019224612757853608	0.002050383029325994	0.001995082984455633	0.0023749812274147524	0.0028516971727551993	0.0023564040188386983	0.0026669979807532247	0.001958576974369773	0.001691556576680069	0.0097258052902223	0.0020333671563360317	0.003873282951454124	0.002600175283381723	0.0013331241438599678	0.0003509136200018335	0.0014256847563884935	0.003231737516876726	0.004336658195076346	0.0025163440293939675	0.002485223595982123	0.004333135124710723	0.002522669587108728	0.0025608863120496097	0.0025964066867531187	0.0022520001799089784	0.0015506619121503297	0.005493271577161681	0.0017366624194421862	0.0019213321236056999	0.0022941553602009927	0.001133587184615233	0.0024595745545832443	0.00308623626773484	0.0055687461485482296	0.002091329465758808	0.0022006982692125525	0.0021106003080991254	0.003047600391403808	0.0028216754087043183	0.00421122938492947	0.002383421631347461	0.002703826615006374	0.0034770271079335637	0.0005831704010224033	0.0018447030739452241	0.001531925591790868	0.0009627646497346649	0.007939058798181237	0.0015737915878231137	0.002461022704346094	0.00558322560758019	0.0061541191965550635	0.0023032405798155482	0.0030821082901950876	0.0014881532690289756	0.00010933840374226641	0.0027032838306947494	0.0010390627121483749	0.000514725710634506	0.0023553814844525746	0.0011071954611076278	0.0016183648181978478	0.0004182482331322914	0.005864826040017615
165696	Novosphingobium	genus	0.0009213711251659249	0.0013739733085479326	0.0012030075187969924	0.0018801150188011502	0.0005322237275014515	6.602060786116809e-05	0.0028247834776815458	0.0010378337579016888	0.0038756665366107427	0.0014144226204985439	0.0010474579002497785	0.0019277976713285138	0.0007339474251238957	0.0012719190183480636	0.0006560534064767898	0.0020274582931804814	0.000655048718222339	0.0007478228089021563	0.000712155605999911	0.0008306453649324121	0.0014056065564744538	0.0014529069105516973	0.0008889993269177416	0.0007950391715394874	0.0006145893164847788	0.0038957846567165663	0.0006787858007180577	0.0018068020229925334	0.001086175457834378	0.0006211459362651054	0.0001639215871980883	0.0005160978818126346	0.0023859223794996122	0.0019620800219275333	0.0009294604072536276	0.0010508324115071587	0.0015046445101568526	0.001021121546181212	0.0009671848915539045	0.0011017568939686207	0.0008169122807751566	0.0005335220622260936	0.002310012531004008	0.00046710684953888847	0.0007338421305438437	0.0009176621440803971	0.0004716609361299666	0.0008486548566433922	0.0011274858500525818	0.0027881490073827044	0.0007098055305969465	0.0008491549047999242	0.0008238992360970503	0.0012403243867363458	0.0011746599429539868	0.0021203172389457855	0.0009412901506064242	0.0008943719966187179	0.0017147911467976446	0.00023233162980818413	0.0008675143540031638	0.0005345853958729179	0.00035550954304348003	0.0037963605153577204	0.0006684266757674136	0.0009662638769577471	0.0038920122800416	0.004687592436333745	0.0009695321967043392	0.0013702213530313034	0.0005706081661065921	3.499254361012223e-05	0.0013732895904357166	0.0005302908811999842	0.00020170037312133032	0.0008082191368219618	0.00021132938669105988	0.0007477680311773928	0.00012709200454296147	0.006086716369195651
150203	Blastomonas	genus	0.0	0.0	0.0	0.0	0.0	0.0	0.0	0.0	0.0	0.0	0.0	0.0	0.0	0.0	0.0	0.0	0.0	0.0	0.0	0.0	0.0	0.0	0.0	0.0	0.0	0.0	0.0	0.0	0.0	0.0	0.0	0.0	0.0	0.0	0.0	0.0	0.0	0.0	0.0	0.0	0.0	0.0	0.0	0.0	0.0	0.0	0.0	0.0	0.0	0.0	0.0	0.0	0.0	0.0	0.0	0.0	0.0	0.0	0.0	0.0	0.0	0.0	0.0	0.0	0.0	0.0	0.0	0.0	0.0	0.0	0.0	0.0	0.0	0.0	0.0	0.0	0.0	0.0	0.0	0.0
72173	Citromicrobium	genus	0.0	0.0	0.0	0.0	0.0	0.0	0.0	0.0	0.0	0.0	0.0	0.0	0.0	0.0	0.0	0.0	0.0	0.0	0.0	0.0	0.0	0.0	0.0	0.0	0.0	0.0	0.0	0.0	0.0	0.0	0.0	0.0	0.0	0.0	0.0	0.0	0.0	0.0	0.0	0.0	0.0	0.0	0.0	0.0	0.0	0.0	0.0	0.0	0.0	0.0	0.0	0.0	0.0	0.0	0.0	0.0	0.0	0.0	0.0	0.0	0.0	0.0	0.0	0.0	0.0	0.0	0.0	0.0	0.0	0.0	0.0	0.0	0.0	0.0	0.0	0.0	0.0	0.0	0.0	0.0
541	Zymomonas	genus	0.0	0.0	0.0	0.0	0.0	0.0	0.0	0.0	0.0	0.0	0.0	0.0	0.0	0.0	0.0	0.0	0.0	0.0	0.0	0.0	0.0	0.0	0.0	0.0	0.0	0.0	0.0	0.0	0.0	0.0	0.0	0.0	0.0	0.0	0.0	0.0	0.0	0.0	0.0	0.0	0.0	0.0	0.0	0.0	0.0	0.0	0.0	0.0	0.0	0.0	0.0	0.0	0.0	0.0	0.0	0.0	0.0	0.0	0.0	0.0	0.0	0.0	0.0	0.0	0.0	0.0	0.0	0.0	0.0	0.0	0.0	0.0	0.0	0.0	0.0	0.0	0.0	0.0	0.0	0.0
1434046	Sphingorhabdus	genus	0.0	0.0	0.0	0.0	0.0	0.0	0.0	0.0	0.0	0.0	0.0	0.0	0.0	0.0	0.0	0.0	0.0	0.0	0.0	0.0	0.0	0.0	0.0	0.0	0.0	0.0	0.0	0.0	0.0	0.0	0.0	0.0	0.0	0.0	0.0	0.0	0.0	0.0	0.0	0.0	0.0	0.0	0.0	0.0	0.0	0.0	0.0	0.0	0.0	0.0	0.0	0.0	0.0	0.0	0.0	0.0	0.0	0.0	0.0	0.0	0.0	0.0	0.0	0.0	0.0	0.0	0.0	0.0	0.0	0.0	0.0	0.0	0.0	0.0	0.0	0.0	0.0	0.0	0.0	0.0
361177	Altererythrobacter	genus	0.00010931521824002499	9.092470424214259e-05	0.00018617973505191551	0.00029860650298606505	7.741436036384749e-05	0.0	0.00017765933821896514	0.0001952038416116029	0.00048120691897515934	0.0002565846023580125	0.00022157763274514543	0.0002792604103326352	0.00012120232708468003	0.00018952435703861875	8.815187890644204e-05	0.00029723539791997797	8.701148387414527e-05	0.00013332086961985164	7.985568376101943e-05	0.0001302451932214022	0.00013926516573364403	0.00013474118724742556	0.00014354263216175204	0.00010123588771725222	0.00011631246410109133	0.0005114924405886632	0.00011462608969541356	0.00022839229035230294	0.0001547228902651265	0.00010275974130235127	1.0928105813205887e-05	9.409519392164056e-05	0.0002781691494582486	0.00022795950462228603	0.00013427476802725953	0.0001611342267880215	0.0002310201851375675	0.0001945813401660657	0.00010833514979618635	0.00013017535804140523	0.00013179378665514692	6.260718077142935e-05	0.0002813423284959706	7.70825125473201e-05	0.00010674067353365	0.00010292697021442292	7.265795099652227e-05	0.00011306928479230824	0.0002398469899202765	0.00046670533222169865	8.569603357207036e-05	0.00012771154444700056	0.00011849966362890757	0.0001440923547233568	0.000132882432786664	0.00034761020608769437	0.00011974376915900307	0.0001553296886266512	0.00020559419546585726	2.5214285405539364e-05	0.0001600652908297409	7.73560262761845e-05	5.895680647487231e-05	0.0004861193342836106	8.423262987312935e-05	0.00011229724637000737	0.0003679569226582319	0.0005845868348865232	0.00010267522436140824	0.0002998471402412657	6.185697323072248e-05	7.126141099933706e-06	0.000172694936098009	4.9186400575071e-05	3.727072112024582e-05	0.00011294987936952883	3.2582484691561105e-05	3.574508714964117e-05	1.617534603274055e-05	0.0007959552175102005
1111	Porphyrobacter	genus	0.00017178105723432497	0.0002525686228948405	0.00017185821697099891	0.00037602300376023004	5.322237275014515e-05	1.4147273113107449e-05	0.0003020208749722407	0.00022123102049314997	0.00047860580049421253	0.00033355998306541627	0.0002685789487819945	0.0007792266288313852	0.00010773540185304891	0.00017899522609202882	0.00014578964588373106	0.0002722050486214535	0.00014611362386413075	0.0002114744828452819	0.00017542068236027218	0.00010366454154356503	0.00014250389051814738	0.00018592194829489728	0.00012665526367213416	0.00014982911382153329	0.00019672601952900633	0.0005239073056514949	0.00011163584387727234	0.0001752050446538214	0.0001702990201575889	0.00019450951032230776	2.2463328616034325e-05	0.0002347627565519719	0.00012664611682651968	0.0002496699336339323	0.00019705258165039383	0.0002767949908015093	0.00030735728979172026	0.00024624010304201237	9.789320764715634e-05	0.0001585772543413482	0.0003504041153132874	6.623658255528032e-05	0.0002763332662675557	0.0001594356242431749	0.0001807313676876574	0.00018601259677305347	0.00012622779622277174	0.00021089327275868727	0.00023882200278386507	0.0005240995154722635	0.00011945507710046172	0.00012771154444700056	0.00016981841559418251	0.0001619861765517475	0.00013443964879588272	0.00032660656825762223	0.00015410502465680394	0.00019566090602444834	0.000341150807860928	2.917653025498126e-05	0.00022527707598259832	0.00029630120779002814	0.00011260750036700612	0.00046029980920261296	7.988513929903236e-05	0.00014846076638746738	0.0005137511750322483	0.0006351835649366218	0.00014706086822597535	0.00030251640261730073	0.00011250797305008219	3.509890392504661e-06	0.00025052927349429474	5.482234230763122e-05	3.580912421356951e-05	0.00016415382468371525	4.445834359783104e-05	3.9103685942224904e-05	2.2447418984211377e-05	0.0021306900110673738
1041	Erythrobacter	genus	1.5616459748575e-05	1.0102744915793621e-05	1.4321518080916577e-05	0.0	9.676795045480936e-06	0.0	1.7765933821896515e-05	1.6266986800966908e-05	4.1617895695148915e-05	1.924384517685094e-05	3.357236859774931e-05	2.7025200999932437e-05	6.733462615815557e-06	1.684660951454389e-05	2.373319816711901e-05	4.6931904934733364e-05	2.2984165551661015e-05	1.0726966521137488e-05	6.545547849263888e-06	1.3290325838918592e-05	1.4574261530265073e-05	1.775659056749019e-05	1.3268646670414055e-05	1.6197742034760356e-05	1.723147616312464e-05	6.207432531415816e-05	1.4951229090706117e-05	4.536559191929305e-05	1.7652947211457385e-05	6.422483831396955e-06	3.0355849481127467e-06	1.520730406814393e-05	1.3569226802841397e-05	1.6282821758734716e-05	6.9753126247927026e-06	1.6805410155805924e-05	1.4062098225764979e-05	1.721958762531555e-05	9.136699380401257e-06	1.775118518746435e-05	1.6735718940336116e-05	4.5367522298137206e-06	2.5880154846810355e-05	8.5647236163689e-06	1.2129621992460228e-05	6.2004198924351154e-06	1.785661507541649e-05	8.893089815125366e-06	2.664966554669739e-05	3.6248957842462026e-05	1.3849864011647736e-05	2.706469816095376e-05	6.5314775228531736e-06	1.4126701443466354e-05	1.9724736116770437e-05	2.2053819721575778e-05	1.249500199920032e-05	1.689550999096908e-05	3.727806840864444e-05	2.1612244633319455e-06	4.9402867540043495e-06	1.657629134489668e-05	6.4852487122359544e-06	2.4929196629928748e-05	5.977799539383374e-06	1.2688954392091229e-05	3.540717557654684e-05	5.91592535970383e-05	1.0160569077431023e-05	1.5125820130865037e-05	1.5688362775907875e-05	1.0636031492438366e-07	2.2863836610158938e-05	6.148300071883875e-06	2.9231938133526136e-06	1.556198337980175e-05	3.654110432698442e-06	1.919199310047848e-06	2.475818270317431e-06	5.292796842778827e-05
1295327	Croceicoccus	genus	0.0	0.0	0.0	0.0	0.0	0.0	0.0	0.0	0.0	0.0	0.0	0.0	0.0	0.0	0.0	0.0	0.0	0.0	0.0	0.0	0.0	0.0	0.0	0.0	0.0	0.0	0.0	0.0	0.0	0.0	0.0	0.0	0.0	0.0	0.0	0.0	0.0	0.0	0.0	0.0	0.0	0.0	0.0	0.0	0.0	0.0	0.0	0.0	0.0	0.0	0.0	0.0	0.0	0.0	0.0	0.0	0.0	0.0	0.0	0.0	0.0	0.0	0.0	0.0	0.0	0.0	0.0	0.0	0.0	0.0	0.0	0.0	0.0	0.0	0.0	0.0	0.0	0.0	0.0	0.0
1060	Rhodobacter	genus	0.0004997267119544	0.00031318509238960227	0.00047261009667024705	0.00057509400575094	0.00018869750338687826	1.8863030817476597e-05	0.00041749944481456804	0.00040667467002417274	0.0009650149564312654	0.0006093884306002797	0.0002081486853060457	0.0014053104519964868	0.00021547080370609782	0.0005180332425722246	0.0005255208165576352	0.0006883346057094227	0.0003858056360457385	0.00034479535246513353	0.00022909417472423608	0.00048642592570442047	0.0005764930116415962	0.00037706642322729166	0.0007225381232343653	0.0003995443035240887	0.00026995979322228604	0.0006629537943552092	0.00015349928533124946	0.00039890434273861126	0.00031567623248723793	0.00015780960271432516	3.399855141886276e-05	0.00029274060331177065	0.0007417843985553297	0.0003283702388011501	0.0007010189187916666	0.0009411029687251317	0.0004921734379017742	0.0002634596906673279	0.00047119263947497915	0.000873358311223246	0.0003294844666378673	0.00026403897977515854	0.0003038831085238377	0.0004183538074149424	0.00037723124396551305	0.00048487283558842605	0.00034173866782262593	0.0002553587218343141	0.0003238959351060144	0.000404780029240826	0.0003453809837904654	0.00035353261972745847	0.00024259773656311787	0.00037577025839620503	0.0007059379241791525	0.00040642039201189647	0.0005206250833000133	0.0005057752668264292	0.000803172928440794	5.583163196940859e-05	0.00031617835225627837	0.0003398139725703819	0.00019573659749657607	0.000559126267271259	0.00019944113008669984	0.0006046286767831471	0.0006630167191294555	0.0006227289852319821	0.00026257049563255957	0.0004413180461711211	0.0003339380076586105	5.637096690992334e-06	0.0004149543112439484	0.00012808958483091407	8.988820976059286e-05	0.0003790095952177523	7.430024546486831e-05	0.0001374626505821771	5.694382021730092e-05	0.000530636811673467
265	Paracoccus	genus	0.00034356211446864995	0.00015154117373690433	0.00037235947010383103	0.00021013050210130503	0.00010160634797754984	0.0	0.00012436153675327559	0.00021147082841256983	0.0002679152035375211	0.00015074345388533234	0.00016786184298874654	0.0005224872193320271	0.00014813617754794224	0.00017267774752407485	0.00014070396056220557	0.00023153073101135125	0.00012312945831246974	0.00022679872073262116	6.152814978308055e-05	0.00018074843140929286	0.00010363919310410718	8.147141554495499e-05	0.00017128616610898143	0.0001282321244418528	0.0001321079839172889	0.00011918270460318367	5.382442472654202e-05	9.07311838385861e-05	0.00014953084696763902	3.853490298838173e-05	9.713871833960789e-06	0.00019674449638161208	5.2015369410892015e-05	9.091242148626883e-05	0.0003156328962718698	0.00012554629939925602	0.00020088711751092825	7.23222680263253e-05	0.00014879767562367763	0.0002923028494202463	0.00016631120696959016	0.0001624157298273312	6.929202749307288e-05	0.00019962394275075204	0.00024623132644694263	0.000159970833224826	0.00011144990788449603	0.0001448303198463274	0.0001486231347796585	9.515351433646283e-05	0.00012032069360118971	0.00014462698079759664	6.811397988118309e-05	9.794513000803339e-05	0.00034258752202811815	9.136582456081393e-05	0.00025614754098360657	0.00019947602118369943	9.375999023992391e-05	1.5128571243323618e-05	0.0001600652908297409	0.000147114585685958	7.6643848417334e-05	0.0002955890457548694	9.944884688246886e-05	0.00027979144434561157	0.0001485712857525691	0.00014089243290873595	9.786232321946723e-05	0.00011210901979347027	0.00015867658350489678	2.3399269283364407e-06	0.0001478852410529429	3.740215877062691e-05	3.921951699581423e-05	0.0002916616885053167	3.16689570833865e-05	2.2070792065550254e-05	4.109858328726936e-05	7.93919526416824e-05
1097466	Albidovulum	genus	0.0	0.0	0.0	0.0	0.0	0.0	0.0	0.0	0.0	0.0	0.0	0.0	0.0	0.0	0.0	0.0	0.0	0.0	0.0	0.0	0.0	0.0	0.0	0.0	0.0	0.0	0.0	0.0	0.0	0.0	0.0	0.0	0.0	0.0	0.0	0.0	0.0	0.0	0.0	0.0	0.0	0.0	0.0	0.0	0.0	0.0	0.0	0.0	0.0	0.0	0.0	0.0	0.0	0.0	0.0	0.0	0.0	0.0	0.0	0.0	0.0	0.0	0.0	0.0	0.0	0.0	0.0	0.0	0.0	0.0	0.0	0.0	0.0	0.0	0.0	0.0	0.0	0.0	0.0	0.0
97050	Ruegeria	genus	0.0001249316779886	8.082195932634897e-05	0.00010025062656641604	7.7416500774165e-05	5.322237275014515e-05	9.431515408738299e-06	0.00010659560293137908	8.784172872522131e-05	0.000148263753413968	6.735345811897828e-05	9.400263207369807e-05	0.00019818480733283788	5.2184335272570564e-05	8.002139519408347e-05	0.00011527553395457805	7.821984155788895e-05	4.9251783324987895e-05	6.2829375338091e-05	4.843705408455277e-05	8.240002020129528e-05	7.125194525907369e-05	7.833789956245672e-05	7.961188002248432e-05	9.178720486364201e-05	5.887421022400919e-05	0.00013904648870371428	5.382442472654202e-05	4.692992267513074e-05	8.203428410030197e-05	0.00011285221589454649	2.549891356414707e-05	4.4671455700172794e-05	8.141536081704838e-05	7.5986501540762e-05	0.00011160500199668324	8.303849724045279e-05	0.0001265588840318848	6.371247421366754e-05	8.484077996086882e-05	9.230616297481461e-05	7.426475279774152e-05	4.990427452795093e-05	9.600702604461906e-05	0.00010080020871572629	0.00011159252233063409	9.424638236501376e-05	7.08107149542378e-05	8.00378083361283e-05	6.764915100315492e-05	9.817426082333466e-05	8.309918406988642e-05	5.328362450437771e-05	5.9716365923229016e-05	5.462324558140323e-05	0.00018427056109088173	8.71650969947995e-05	9.996001599360256e-05	0.00012099365219339145	8.246360587366802e-05	1.620918347498959e-05	8.793710422127742e-05	5.594498328902629e-05	4.303846872665679e-05	0.0001709430626052257	6.358204964616861e-05	0.00011166279865040281	0.00019161530312013586	0.0001253242082779364	8.93060545226832e-05	0.00011121926566812527	7.620061919726682e-05	5.2116554312948e-06	9.729292174535718e-05	5.687177566492584e-05	1.7295563395669628e-05	9.68858965258625e-05	1.979309817711656e-05	2.422989128935408e-05	1.2379091351587156e-05	0.00012621284778934126
34008	Rhodovulum	genus	0.0	0.0	0.0	0.0	0.0	0.0	0.0	0.0	0.0	0.0	0.0	0.0	0.0	0.0	0.0	0.0	0.0	0.0	0.0	0.0	0.0	0.0	0.0	0.0	0.0	0.0	0.0	0.0	0.0	0.0	0.0	0.0	0.0	0.0	0.0	0.0	0.0	0.0	0.0	0.0	0.0	0.0	0.0	0.0	0.0	0.0	0.0	0.0	0.0	0.0	0.0	0.0	0.0	0.0	0.0	0.0	0.0	0.0	0.0	0.0	0.0	0.0	0.0	0.0	0.0	0.0	0.0	0.0	0.0	0.0	0.0	0.0	0.0	0.0	0.0	0.0	0.0	0.0	0.0	0.0
302485	Phaeobacter	genus	0.00028109627547435	8.082195932634897e-05	0.00018617973505191551	0.00026542800265428	0.00010160634797754984	2.3578788521845746e-05	0.00020430823895180991	0.0002179776231329566	0.000296527506827936	0.00016357268400323297	9.400263207369807e-05	0.0002972772109992568	8.921837965955612e-05	0.00017899522609202882	0.00016274193028881608	0.0002628186676345068	0.0001264129105341356	0.00014098298856352127	0.00012698362827571943	0.0001368903561408615	0.00019432348707020097	0.00014936426183241748	0.00017611112853458655	0.0001228328770969327	0.0001507754164273406	0.0003203035186210561	0.0001166195869075077	0.00018459102918884758	0.00015679970758412148	0.00011285221589454649	2.671314754339217e-05	9.789701993867655e-05	0.000307569140864405	0.00011805045775082669	0.00019007726902560114	0.0001769510834052506	0.00021093147338647466	0.00013431278347746128	0.0001866497159139114	0.00013727583211639097	0.00013806968125777295	0.00011432615619130577	0.0001819959276324083	0.0001904003942408163	0.00016132397249972103	0.00015625058128936493	0.00013546397643419405	0.00010671707778150441	0.00016809789037147585	0.00018275516245574606	0.0001514828876273971	0.00012686577262947075	0.00013622795976236618	0.00011207183145149974	0.0002304679693643704	0.00021528728775823972	0.00016972377715580435	0.00021582651472334692	0.0002948356319592788	3.493979549053312e-05	0.00016204140553134267	0.00011741539702635147	8.66665055180623e-05	0.00026620820686959625	0.00014998842480634647	0.0001954098976382049	0.00024368467896799886	0.00019615963034807436	0.00019732894681958146	0.00018239959569572544	0.00015867658350489678	2.2761107393818103e-05	0.0001965317019256215	8.761327602434522e-05	3.775792008913792e-05	0.00014909384076777806	3.9281687151508246e-05	3.2386488357057435e-05	3.0370037449227156e-05	0.00018796214428842757
875170	Celeribacter	genus	0.0	1.0102744915793621e-05	0.0	0.0	0.0	0.0	0.0	1.3013589440773528e-05	1.0404473923787229e-05	0.0	0.0	4.504200166655406e-06	5.050096961861668e-06	4.211652378635972e-06	0.0	1.251517464926223e-05	4.925178332498789e-06	0.0	2.618219139705555e-06	1.3290325838918592e-06	3.2387247845033495e-06	7.31153729249596e-06	7.237443638407666e-06	0.0	1.4359563469270533e-06	1.2414865062831631e-05	0.0	1.5643307558376913e-06	2.0768173189949864e-06	3.66999076079826e-06	6.071169896225493e-07	2.8513695127769866e-06	0.0	1.356901813227893e-06	3.4876563123963513e-06	4.942767692884095e-06	6.026613525327848e-06	3.4439175250631096e-06	1.305242768628751e-06	4.733649383323827e-06	5.229912168855036e-06	1.8147008919254884e-06	5.009062228414907e-06	3.952949361401031e-06	2.4259243984920454e-06	2.480167956974046e-06	3.694472084568929e-06	5.0817656086430665e-06	6.149922818468628e-06	3.0207464868718358e-06	5.193699004367901e-06	6.76617454023844e-06	9.330682175504534e-07	0.0	7.267008043020688e-06	0.0	4.165000666400107e-06	3.815115159251082e-06	7.907469056379125e-06	1.0806122316659728e-06	1.9761147016017397e-06	4.14407283622417e-06	2.3582722589948926e-06	2.6709853532066515e-06	0.0	6.344477196045614e-06	5.554066757105387e-06	3.8920561576998886e-06	3.2086007612940074e-06	3.559016501380009e-06	4.0341504280905965e-06	0.0	3.891716869814287e-06	5.123583393236563e-07	9.743979377842045e-07	5.521994102510298e-06	6.090184054497403e-07	1.919199310047848e-06	4.951636540634863e-07	8.142764373505887e-06
1609958	Actibacterium	genus	0.0	0.0	0.0	0.0	0.0	0.0	0.0	0.0	0.0	0.0	0.0	0.0	0.0	0.0	0.0	0.0	0.0	0.0	0.0	0.0	0.0	0.0	0.0	0.0	0.0	0.0	0.0	0.0	0.0	0.0	0.0	0.0	0.0	0.0	0.0	0.0	0.0	0.0	0.0	0.0	0.0	0.0	0.0	0.0	0.0	0.0	0.0	0.0	0.0	0.0	0.0	0.0	0.0	0.0	0.0	0.0	0.0	0.0	0.0	0.0	0.0	0.0	0.0	0.0	0.0	0.0	0.0	0.0	0.0	0.0	0.0	0.0	0.0	0.0	0.0	0.0	0.0	0.0	0.0	0.0
367771	Marinovum	genus	0.0	0.0	0.0	0.0	0.0	0.0	0.0	0.0	0.0	0.0	0.0	0.0	0.0	0.0	0.0	0.0	0.0	0.0	0.0	0.0	0.0	0.0	0.0	0.0	0.0	0.0	0.0	0.0	0.0	0.0	0.0	0.0	0.0	0.0	0.0	0.0	0.0	0.0	0.0	0.0	0.0	0.0	0.0	0.0	0.0	0.0	0.0	0.0	0.0	0.0	0.0	0.0	0.0	0.0	0.0	0.0	0.0	0.0	0.0	0.0	0.0	0.0	0.0	0.0	0.0	0.0	0.0	0.0	0.0	0.0	0.0	0.0	0.0	0.0	0.0	0.0	0.0	0.0	0.0	0.0
354203	Salipiger	genus	0.0	0.0	0.0	0.0	0.0	0.0	0.0	0.0	0.0	0.0	0.0	0.0	0.0	0.0	0.0	0.0	0.0	0.0	0.0	0.0	0.0	0.0	0.0	0.0	0.0	0.0	0.0	0.0	0.0	0.0	0.0	0.0	0.0	0.0	0.0	0.0	0.0	0.0	0.0	0.0	0.0	0.0	0.0	0.0	0.0	0.0	0.0	0.0	0.0	0.0	0.0	0.0	0.0	0.0	0.0	0.0	0.0	0.0	0.0	0.0	0.0	0.0	0.0	0.0	0.0	0.0	0.0	0.0	0.0	0.0	0.0	0.0	0.0	0.0	0.0	0.0	0.0	0.0	0.0	0.0
227873	Pannonibacter	genus	0.0	0.0	0.0	0.0	0.0	0.0	0.0	0.0	0.0	0.0	0.0	0.0	0.0	0.0	0.0	0.0	0.0	0.0	0.0	0.0	0.0	0.0	0.0	0.0	0.0	0.0	0.0	0.0	0.0	0.0	0.0	0.0	0.0	0.0	0.0	0.0	0.0	0.0	0.0	0.0	0.0	0.0	0.0	0.0	0.0	0.0	0.0	0.0	0.0	0.0	0.0	0.0	0.0	0.0	0.0	0.0	0.0	0.0	0.0	0.0	0.0	0.0	0.0	0.0	0.0	0.0	0.0	0.0	0.0	0.0	0.0	0.0	0.0	0.0	0.0	0.0	0.0	0.0	0.0	0.0
309512	Dinoroseobacter	genus	0.0	0.0	0.0	0.0	0.0	0.0	0.0	0.0	0.0	0.0	0.0	0.0	0.0	0.0	0.0	0.0	0.0	0.0	0.0	0.0	0.0	0.0	0.0	0.0	0.0	0.0	0.0	0.0	0.0	0.0	0.0	0.0	0.0	0.0	0.0	0.0	0.0	0.0	0.0	0.0	0.0	0.0	0.0	0.0	0.0	0.0	0.0	0.0	0.0	0.0	0.0	0.0	0.0	0.0	0.0	0.0	0.0	0.0	0.0	0.0	0.0	0.0	0.0	0.0	0.0	0.0	0.0	0.0	0.0	0.0	0.0	0.0	0.0	0.0	0.0	0.0	0.0	0.0	0.0	0.0
159345	Roseicyclus	genus	0.0	0.0	0.0	0.0	0.0	0.0	0.0	0.0	0.0	0.0	0.0	0.0	0.0	0.0	0.0	0.0	0.0	0.0	0.0	0.0	0.0	0.0	0.0	0.0	0.0	0.0	0.0	0.0	0.0	0.0	0.0	0.0	0.0	0.0	0.0	0.0	0.0	0.0	0.0	0.0	0.0	0.0	0.0	0.0	0.0	0.0	0.0	0.0	0.0	0.0	0.0	0.0	0.0	0.0	0.0	0.0	0.0	0.0	0.0	0.0	0.0	0.0	0.0	0.0	0.0	0.0	0.0	0.0	0.0	0.0	0.0	0.0	0.0	0.0	0.0	0.0	0.0	0.0	0.0	0.0
191028	Leisingera	genus	0.0	0.0	0.0	0.0	0.0	0.0	0.0	0.0	0.0	0.0	0.0	0.0	0.0	0.0	0.0	0.0	0.0	0.0	0.0	0.0	0.0	0.0	0.0	0.0	0.0	0.0	0.0	0.0	0.0	0.0	0.0	0.0	0.0	0.0	0.0	0.0	0.0	0.0	0.0	0.0	0.0	0.0	0.0	0.0	0.0	0.0	0.0	0.0	0.0	0.0	0.0	0.0	0.0	0.0	0.0	0.0	0.0	0.0	0.0	0.0	0.0	0.0	0.0	0.0	0.0	0.0	0.0	0.0	0.0	0.0	0.0	0.0	0.0	0.0	0.0	0.0	0.0	0.0	0.0	0.0
53945	Octadecabacter	genus	4.684937924572499e-05	6.061646949476173e-05	5.728607232366631e-05	5.529750055297501e-05	3.386878265918328e-05	0.0	4.4414834554741284e-05	7.482813928444778e-05	0.00012225256860449993	8.980461082530437e-05	7.385921091504847e-05	4.954620183320947e-05	1.1783559577677225e-05	4.422234997567771e-05	3.051411192915301e-05	5.94470795839956e-05	4.9251783324987895e-05	3.831059471834817e-05	2.8800410536761106e-05	3.9870977516755775e-05	5.8297046121060294e-05	5.431427702996999e-05	3.980594001124216e-05	3.7794731414440825e-05	3.015508328546812e-05	0.00011669973159061734	3.488620121164761e-05	4.380126116345535e-05	4.984361565587968e-05	3.7617405298182164e-05	1.4570807750941183e-05	2.851369512776987e-05	4.2969218208997754e-05	5.698987615557151e-05	8.544757965371061e-05	5.3381891083148224e-05	6.830161995371561e-05	3.271721648809954e-05	5.3514953513778795e-05	4.851990617906922e-05	4.079331491706928e-05	3.175726560869605e-05	0.0001026857756825056	5.7976590633881784e-05	3.274997937964261e-05	4.340293924704581e-05	5.603282661596209e-05	3.5572359260501466e-05	5.329933109339478e-05	0.000276398303548773	6.31900045531428e-05	4.736322178166908e-05	6.0649434140779466e-05	2.6369842694470527e-05	0.00011575305668525809	5.460945835818764e-05	5.4145008663201386e-05	7.248718802577056e-05	5.5352283394653876e-05	9.005101930549773e-06	8.398487481807394e-05	4.48941223924285e-05	2.240358646045148e-05	8.458120285154396e-05	3.0432434018678994e-05	7.676817407215194e-05	7.775693459947541e-05	5.448878620779843e-05	6.684584919362516e-05	5.6054509896735134e-05	4.0789743217360477e-05	2.3399269283364407e-06	6.615918678684288e-05	2.151905025159356e-05	8.76958144005784e-06	5.471794156123841e-05	1.1266840500820195e-05	1.1035396032775127e-05	7.262400259597798e-06	6.717780608142357e-05
2433	Roseobacter	genus	0.00015616459748574998	7.071921441055535e-05	0.00010025062656641604	0.00018801150188011502	9.676795045480937e-05	4.715757704369149e-06	0.0002664890073284477	0.00011712230496696175	0.0002575107296137339	0.00014753614635585718	0.00010743157951279778	0.0002477310091660473	6.39678948502478e-05	0.00013266704992703312	0.00012375167615712054	0.00011263657184336007	0.00010342874498247457	0.00011033451278884272	9.818321773895831e-05	9.834841120799759e-05	9.878110592735216e-05	0.0001274296499549296	0.00012786150427853543	8.23385220100318e-05	6.892590465249856e-05	0.00023091649016866836	7.276264824143643e-05	0.0001439184295370676	9.864882265226186e-05	7.798730366696302e-05	3.6427019377352955e-05	7.318515082794266e-05	0.00021484609104498878	0.00011126594868468723	0.00016915133115122304	0.00011071799632060373	0.00014262985343275905	0.00010159556698936174	0.00013705049070601887	9.585640001230748e-05	9.100047173807763e-05	7.531008701490777e-05	0.00014275827350982486	0.00014494147658470445	0.00011280548452988011	0.00013144890171962444	0.00011083416253706787	0.00010671707778150441	9.94237522319095e-05	0.00016765143002138688	0.00014196110611938928	0.00011248765173146407	0.0001138343225411553	0.00012148963241381064	0.00023773497740739108	0.000126021826980433	0.00011557876849260297	0.00014006922798964687	0.00015476046581770574	3.205816287275719e-05	0.00010078184978168872	7.666534747014714e-05	7.782298454683146e-05	0.00021189817135439435	0.00012336004504000234	0.00015543969130311756	0.00017634161953809603	0.00016424476985493528	0.00012192682892917228	0.00015570697193537537	9.59231324012653e-05	7.657942674555624e-06	0.0001211296875729697	6.814365913004628e-05	2.2411152569036702e-05	0.00011847187347203913	2.8928374258862665e-05	2.830818982320576e-05	1.7165673340867522e-05	0.00017371230663479226
92944	Ketogulonicigenium	genus	0.0	0.0	0.0	0.0	0.0	0.0	0.0	0.0	0.0	0.0	0.0	0.0	0.0	0.0	0.0	0.0	0.0	0.0	0.0	0.0	0.0	0.0	0.0	0.0	0.0	0.0	0.0	0.0	0.0	0.0	0.0	0.0	0.0	0.0	0.0	0.0	0.0	0.0	0.0	0.0	0.0	0.0	0.0	0.0	0.0	0.0	0.0	0.0	0.0	0.0	0.0	0.0	0.0	0.0	0.0	0.0	0.0	0.0	0.0	0.0	0.0	0.0	0.0	0.0	0.0	0.0	0.0	0.0	0.0	0.0	0.0	0.0	0.0	0.0	0.0	0.0	0.0	0.0	0.0	0.0
478070	Labrenzia	genus	0.0	0.0	0.0	0.0	0.0	0.0	0.0	0.0	0.0	0.0	0.0	0.0	0.0	0.0	0.0	0.0	0.0	0.0	0.0	0.0	0.0	0.0	0.0	0.0	0.0	0.0	0.0	0.0	0.0	0.0	0.0	0.0	0.0	0.0	0.0	0.0	0.0	0.0	0.0	0.0	0.0	0.0	0.0	0.0	0.0	0.0	0.0	0.0	0.0	0.0	0.0	0.0	0.0	0.0	0.0	0.0	0.0	0.0	0.0	0.0	0.0	0.0	0.0	0.0	0.0	0.0	0.0	0.0	0.0	0.0	0.0	0.0	0.0	0.0	0.0	0.0	0.0	0.0	0.0	0.0
188905	Jannaschia	genus	0.0	0.0	0.0	0.0	0.0	0.0	0.0	0.0	0.0	0.0	0.0	0.0	0.0	0.0	0.0	0.0	0.0	0.0	0.0	0.0	0.0	0.0	0.0	0.0	0.0	0.0	0.0	0.0	0.0	0.0	0.0	0.0	0.0	0.0	0.0	0.0	0.0	0.0	0.0	0.0	0.0	0.0	0.0	0.0	0.0	0.0	0.0	0.0	0.0	0.0	0.0	0.0	0.0	0.0	0.0	0.0	0.0	0.0	0.0	0.0	0.0	0.0	0.0	0.0	0.0	0.0	0.0	0.0	0.0	0.0	0.0	0.0	0.0	0.0	0.0	0.0	0.0	0.0	0.0	0.0
1579315	Halocynthiibacter	genus	0.0	0.0	0.0	0.0	0.0	0.0	0.0	0.0	0.0	0.0	0.0	0.0	0.0	0.0	0.0	0.0	0.0	0.0	0.0	0.0	0.0	0.0	0.0	0.0	0.0	0.0	0.0	0.0	0.0	0.0	0.0	0.0	0.0	0.0	0.0	0.0	0.0	0.0	0.0	0.0	0.0	0.0	0.0	0.0	0.0	0.0	0.0	0.0	0.0	0.0	0.0	0.0	0.0	0.0	0.0	0.0	0.0	0.0	0.0	0.0	0.0	0.0	0.0	0.0	0.0	0.0	0.0	0.0	0.0	0.0	0.0	0.0	0.0	0.0	0.0	0.0	0.0	0.0	0.0	0.0
1284657	Planktomarina	genus	0.0	0.0	0.0	0.0	0.0	0.0	0.0	0.0	0.0	0.0	0.0	0.0	0.0	0.0	0.0	0.0	0.0	0.0	0.0	0.0	0.0	0.0	0.0	0.0	0.0	0.0	0.0	0.0	0.0	0.0	0.0	0.0	0.0	0.0	0.0	0.0	0.0	0.0	0.0	0.0	0.0	0.0	0.0	0.0	0.0	0.0	0.0	0.0	0.0	0.0	0.0	0.0	0.0	0.0	0.0	0.0	0.0	0.0	0.0	0.0	0.0	0.0	0.0	0.0	0.0	0.0	0.0	0.0	0.0	0.0	0.0	0.0	0.0	0.0	0.0	0.0	0.0	0.0	0.0	0.0
85	Hyphomonas	genus	0.0	0.0	0.0	1.1059500110595001e-05	4.838397522740468e-06	0.0	0.0	0.0	0.0	9.62192258842547e-06	0.0	0.0	3.3667313079077784e-06	0.0	0.0	0.0	1.6417261108329298e-06	3.0648475774678535e-06	1.3091095698527775e-06	0.0	1.6193623922516747e-06	1.044505327499423e-06	3.618721819203833e-06	0.0	1.4359563469270533e-06	2.2346757113096937e-05	1.993497212094149e-06	7.821653779188456e-06	4.153634637989973e-06	1.83499538039913e-06	0.0	1.9009130085179912e-06	1.130768900236783e-05	2.713803626455786e-06	0.0	7.908428308614552e-06	4.017742350218565e-06	1.7219587625315548e-06	6.526213843143756e-06	2.3668246916619133e-06	0.0	9.073504459627442e-07	8.348437047358179e-07	1.3176497871336768e-06	1.2129621992460227e-06	4.960335913948092e-06	1.8472360422844645e-06	1.2704414021607666e-06	1.024987136411438e-06	1.0572612704051425e-05	8.656165007279835e-07	5.07463090517883e-06	2.79920465265136e-06	3.767120384924361e-06	2.5953600153645313e-06	4.200727566014434e-06	2.0825003332000533e-06	2.7250822566079155e-06	4.518553746502357e-06	1.8010203861099544e-06	3.952229403203479e-06	6.906788060373616e-07	5.895680647487231e-07	8.903284510688838e-06	1.0868726435242498e-06	1.2688954392091229e-05	4.859808412467213e-06	7.005701083859799e-06	4.27813434839201e-06	3.559016501380009e-06	1.7929557458180427e-06	0.0	1.3621009044350005e-05	1.5370750179709687e-06	7.307984533381534e-07	2.00799785545829e-06	0.0	2.39899913755981e-07	8.252727567724771e-07	8.821328071298044e-06
74317	Maricaulis	genus	0.0	0.0	0.0	0.0	0.0	0.0	0.0	0.0	0.0	0.0	0.0	0.0	0.0	0.0	0.0	0.0	0.0	0.0	0.0	0.0	0.0	0.0	0.0	0.0	0.0	0.0	0.0	0.0	0.0	0.0	0.0	0.0	0.0	0.0	0.0	0.0	0.0	0.0	0.0	0.0	0.0	0.0	0.0	0.0	0.0	0.0	0.0	0.0	0.0	0.0	0.0	0.0	0.0	0.0	0.0	0.0	0.0	0.0	0.0	0.0	0.0	0.0	0.0	0.0	0.0	0.0	0.0	0.0	0.0	0.0	0.0	0.0	0.0	0.0	0.0	0.0	0.0	0.0	0.0	0.0
2723	Hirschia	genus	0.0	0.0	0.0	0.0	0.0	0.0	0.0	0.0	0.0	0.0	0.0	0.0	0.0	0.0	0.0	0.0	0.0	0.0	0.0	0.0	0.0	0.0	0.0	0.0	0.0	0.0	0.0	0.0	0.0	0.0	0.0	0.0	0.0	0.0	0.0	0.0	0.0	0.0	0.0	0.0	0.0	0.0	0.0	0.0	0.0	0.0	0.0	0.0	0.0	0.0	0.0	0.0	0.0	0.0	0.0	0.0	0.0	0.0	0.0	0.0	0.0	0.0	0.0	0.0	0.0	0.0	0.0	0.0	0.0	0.0	0.0	0.0	0.0	0.0	0.0	0.0	0.0	0.0	0.0	0.0
41275	Brevundimonas	genus	0.0034043882251893498	0.008365072790277117	0.0029645542427497317	0.0024662685246626855	0.0018240758660731566	0.00014147273113107448	0.0017499444814568065	0.003933357408473798	0.0024632592014566263	0.006036152770472244	0.0018196223779980126	0.009625475756142603	0.0028044871794871795	0.001813116349002786	0.002041055042372235	0.003156952805276398	0.002498707140687719	0.002405905348312265	0.0012803091593160164	0.002503897388052263	0.001473619776949024	0.0009515443533519742	0.0025391364764746896	0.002621334585958717	0.0029164273406088455	0.0020360378703043877	0.003183615047714356	0.002266715265208815	0.002197272723496696	0.0025313761272605997	0.00023434715799430404	0.0018334305967156025	0.00658333653717855	0.0022158206610011495	0.0015607261997973671	0.0015045784857139186	0.0033106196965800977	0.0017202368037690233	0.0013026322830914936	0.0030354526670564037	0.0024591047017956382	0.0015207193474335592	0.0011362222821454482	0.003849513853111037	0.0009982678899794768	0.0012562050702073545	0.0023367535934898476	0.0024811720584199774	0.004784639952768593	0.001913642899433308	0.0016489994338868086	0.0016653247087161861	0.0016832550644610177	0.002588953484539267	0.0021100276924913637	0.00296571366160619	0.003250783020125283	0.003419978232042934	0.0013679921467535886	0.0013122234533197129	0.0022754960788944033	0.002630104893390273	0.0007976855916050224	0.004317202659233018	0.0009591651079101504	0.002106366429087144	0.0027339893611851265	0.0022472732254559154	0.002626774489912694	0.0019743644041405597	0.0016320379676308735	0.00010508399114529107	0.00256999252790361	0.00035455197081197013	0.00028939618752190873	0.0025747552501613927	0.0019710880692380846	0.005073643276025243	0.0008209813384372602	0.0053111180626192155
75	Caulobacter	genus	0.0023268525025376746	0.0023842478001272946	0.001317579663444325	0.0018137580181375801	0.0008080123862976582	6.130485015679894e-05	0.002309571396846547	0.0021439888603674386	0.0014384185199635842	0.0030629786906487743	0.001114602637445277	0.004612300970655136	0.001262524240465417	0.0022090116725945676	0.0008713474184213693	0.003910992077894447	0.0012953219014471815	0.0010343860573954005	0.0008234299194373971	0.0015403487647306648	0.002488959996890824	0.0009128976562344956	0.0012689651179341442	0.0009246211078175702	0.0009175761056863872	0.0027958276121496837	0.0010266510642284866	0.002390297394919992	0.000924183706952769	0.0006835357791986758	0.0001366013226650736	0.000865865875379945	0.001985630188815791	0.002308089984300646	0.0017263898746361938	0.0008501560431760643	0.00235238814605297	0.0015618165976161204	0.0013613682076797874	0.0011798621087934639	0.0012185695353432234	0.0007168068523105679	0.000783918238746933	0.0013275321605371794	0.0008442216906752318	0.0011569983519283927	0.000834950691112578	0.0011370450549338862	0.0018337019870400626	0.001729377363734126	0.000836185539703232	0.0009777122210644547	0.0008266984407497017	0.0011103587334564554	0.0018401102508934528	0.0018136641266267317	0.0015046064907370386	0.0017456876935830307	0.0015182340588247919	0.00031301734310591007	0.0010078184978168873	0.000806022166645601	0.0005199990331083738	0.002929180604016628	0.0008379788081571965	0.0011020356889531232	0.0016926018442278666	0.003417225306460502	0.000873808940659068	0.0013195053678866382	0.0006329133782737691	3.9885118096643875e-05	0.0010638980992854808	0.0003970777129758336	0.0002555358591839076	0.0010070109245123326	0.0006671796631701905	0.0008391698983184216	0.0003972863051102705	0.015291432929746265
20	Phenylobacterium	genus	0.0	0.0	0.0	0.0	0.0	0.0	0.0	0.0	0.0	0.0	0.0	0.0	0.0	0.0	0.0	0.0	0.0	0.0	0.0	0.0	0.0	0.0	0.0	0.0	0.0	0.0	0.0	0.0	0.0	0.0	0.0	0.0	0.0	0.0	0.0	0.0	0.0	0.0	0.0	0.0	0.0	0.0	0.0	0.0	0.0	0.0	0.0	0.0	0.0	0.0	0.0	0.0	0.0	0.0	0.0	0.0	0.0	0.0	0.0	0.0	0.0	0.0	0.0	0.0	0.0	0.0	0.0	0.0	0.0	0.0	0.0	0.0	0.0	0.0	0.0	0.0	0.0	0.0	0.0	0.0
76890	Asticcacaulis	genus	0.0	0.0	0.0	0.0	0.0	0.0	0.0	0.0	0.0	0.0	0.0	0.0	0.0	0.0	0.0	0.0	0.0	0.0	0.0	0.0	0.0	0.0	0.0	0.0	0.0	0.0	0.0	0.0	0.0	0.0	0.0	0.0	0.0	0.0	0.0	0.0	0.0	0.0	0.0	0.0	0.0	0.0	0.0	0.0	0.0	0.0	0.0	0.0	0.0	0.0	0.0	0.0	0.0	0.0	0.0	0.0	0.0	0.0	0.0	0.0	0.0	0.0	0.0	0.0	0.0	0.0	0.0	0.0	0.0	0.0	0.0	0.0	0.0	0.0	0.0	0.0	0.0	0.0	0.0	0.0
191	Azospirillum	genus	0.0023268525025376746	0.00186900780942182	0.003623344074471894	0.0034173855341738555	0.0013063673311399264	0.00011789394260922874	0.005001110370863869	0.0024433014175052298	0.0031603589543503707	0.0027133821699359822	0.0016987618510461151	0.0038105533409904736	0.0015688967894850248	0.002884981879365641	0.0017121807249135858	0.005328335606923394	0.0015448642702937869	0.0013224817296773788	0.001447875184257172	0.0019018456275492507	0.005390857403805825	0.003319437930793166	0.002293063392768829	0.001467245465982042	0.0017274554853532454	0.004864144131617433	0.0015469538365850595	0.00443800635431153	0.0022886526855324754	0.00130743420853438	0.0005500479925980296	0.001042650785172118	0.006121982825881943	0.0037979681752248725	0.002305340822493988	0.002922164260033077	0.00347333826176395	0.0027637438138631456	0.0016433006457035977	0.0015976066668717914	0.0016244107196463744	0.0012367186578472204	0.0017356400621457654	0.0011799553843782078	0.0017988229414818517	0.0026128569426721576	0.000978419357063338	0.002003486091207529	0.002206797304693826	0.005228912168775148	0.0017511421809727106	0.0017279118232133917	0.0022402967903386384	0.0028950320158143716	0.0029934882417214505	0.005069227990287918	0.0024073703851792616	0.00204490172535858	0.006504458118090143	0.0004275622396625032	0.001975126644250939	0.0011610310729488049	0.0011620386556197334	0.007640798767073161	0.0016428080006869036	0.002259902777231448	0.0050465639071748825	0.006901393978833442	0.002180244217299278	0.0034469074815865384	0.001797438135182588	0.0001224207224779656	0.0025943157583399492	0.0016451826275682602	0.0005186233023856428	0.0018829999889560117	0.0004939139268197393	0.0007595231269514358	0.0002637571730644837	0.005986288941922412
13134	Magnetospirillum	genus	0.0005153431717029749	0.00058595920511603	0.0006587898317221625	0.00077416500774165	0.00028546545384168764	1.8863030817476597e-05	0.001421274705751721	0.0005823581274746153	0.0006684874496033294	0.0006446688134245064	0.0005505868450030887	0.0009143526338310474	0.0003703404438698556	0.0005748905496838102	0.0004000739119600062	0.0011326233057582318	0.00045639985881155444	0.0002681741630284372	0.0004084421857940666	0.0004080130032548008	0.0012857737394478298	0.000928565236146987	0.0005536644383381864	0.0003833465614893284	0.0004623779437105112	0.0011496165048182092	0.00035284900654066435	0.0009714493993752063	0.0005815088493185962	0.0003137842100482512	0.00011292376006979417	0.00026897919070529577	0.0016124764517376526	0.0008059996770573685	0.0005353552439528399	0.0007068157800824256	0.0009461783234764721	0.0006371247421366753	0.0003706889462905653	0.0003798753630117371	0.0003577259923496845	0.0002812786382484507	0.00042743997682473877	0.00027011820636240375	0.0006610643985890824	0.0006312027450498948	0.00024075643084440853	0.0005081765608643067	0.000528893362388302	0.00157985041263397	0.0004206896193538	0.0004085077878668958	0.0005673054762706756	0.0007901535007378847	0.000587070435475457	0.0010869382577062348	0.0005320788351326136	0.0005139505135962529	0.0015035487591486593	0.00010229795793104541	0.0004396855211063871	0.0003038986746564391	0.0002623577888131818	0.0019364643810748222	0.0004456177838449424	0.000526591607271786	0.0012836836792359827	0.001672805736579412	0.0005213976237102762	0.0007989992045598119	0.00044734245858160166	1.7762172592372072e-05	0.0006572136863898878	0.0004544618469800831	0.0001081581710940467	0.0005386454247266864	0.00011114585899457761	0.00011179335981028715	5.5293274703755966e-05	0.001367305851051197
1081	Rhodospirillum	genus	0.0	2.0205489831587242e-05	0.0	0.0	0.0	0.0	8.882966910948258e-06	1.6266986800966908e-05	5.202236961893614e-06	0.0	1.3428947439099723e-05	9.008400333310812e-06	3.3667313079077784e-06	0.0	1.6952284405085007e-06	3.1287936623155574e-05	0.0	0.0	1.3091095698527775e-06	2.6580651677837185e-06	2.5909798276026796e-05	1.044505327499423e-06	1.2062406064012777e-06	1.3498118362300295e-06	1.4359563469270533e-06	7.4489190376989795e-06	9.967486060470745e-07	1.8771969070052296e-05	1.0384086594974932e-06	2.7524930705986947e-06	0.0	9.504565042589956e-07	3.392306700710349e-05	4.070705439683679e-06	3.4876563123963513e-06	9.88553538576819e-06	8.03548470043713e-06	1.033175257518933e-05	1.305242768628751e-06	3.5502370374928697e-06	0.0	9.073504459627442e-07	1.6696874094716358e-06	1.3176497871336768e-06	1.2129621992460227e-06	3.7202519354610693e-06	1.2314906948563098e-06	5.0817656086430665e-06	3.074961409234314e-06	1.5103732434359178e-05	8.656165007279835e-07	3.38308727011922e-06	6.5314775228531736e-06	6.592460673617632e-06	4.671648027656156e-06	1.365236458954691e-05	1.0412501666000267e-06	1.6350493539647494e-06	5.1963368084777106e-05	1.4408163088879636e-06	6.91640145560609e-06	2.7627152241494462e-06	1.1791361294974463e-06	1.157426986389549e-05	1.0868726435242498e-06	0.0	4.859808412467213e-06	1.323299093617962e-05	4.812901141941011e-06	1.0677049504140026e-05	1.344716809363532e-06	0.0	3.4052522610875012e-06	4.09886671458925e-06	1.7051963911223579e-06	2.00799785545829e-06	1.5225460136243507e-06	2.638899051315791e-06	4.951636540634863e-07	1.3571273955843146e-05
171436	Tistrella	genus	0.0	0.0	0.0	0.0	0.0	0.0	0.0	0.0	0.0	0.0	0.0	0.0	0.0	0.0	0.0	0.0	0.0	0.0	0.0	0.0	0.0	0.0	0.0	0.0	0.0	0.0	0.0	0.0	0.0	0.0	0.0	0.0	0.0	0.0	0.0	0.0	0.0	0.0	0.0	0.0	0.0	0.0	0.0	0.0	0.0	0.0	0.0	0.0	0.0	0.0	0.0	0.0	0.0	0.0	0.0	0.0	0.0	0.0	0.0	0.0	0.0	0.0	0.0	0.0	0.0	0.0	0.0	0.0	0.0	0.0	0.0	0.0	0.0	0.0	0.0	0.0	0.0	0.0	0.0	0.0
168934	Thalassospira	genus	0.0	0.0	0.0	0.0	0.0	0.0	0.0	0.0	0.0	0.0	0.0	0.0	0.0	0.0	0.0	0.0	0.0	0.0	0.0	0.0	0.0	0.0	0.0	0.0	0.0	0.0	0.0	0.0	0.0	0.0	0.0	0.0	0.0	0.0	0.0	0.0	0.0	0.0	0.0	0.0	0.0	0.0	0.0	0.0	0.0	0.0	0.0	0.0	0.0	0.0	0.0	0.0	0.0	0.0	0.0	0.0	0.0	0.0	0.0	0.0	0.0	0.0	0.0	0.0	0.0	0.0	0.0	0.0	0.0	0.0	0.0	0.0	0.0	0.0	0.0	0.0	0.0	0.0	0.0	0.0
1612157	Pararhodospirillum	genus	0.0	0.0	0.0	0.0	0.0	0.0	0.0	0.0	0.0	0.0	0.0	0.0	0.0	0.0	0.0	0.0	0.0	0.0	0.0	0.0	0.0	0.0	0.0	0.0	0.0	0.0	0.0	0.0	0.0	0.0	0.0	0.0	0.0	0.0	0.0	0.0	0.0	0.0	0.0	0.0	0.0	0.0	0.0	0.0	0.0	0.0	0.0	0.0	0.0	0.0	0.0	0.0	0.0	0.0	0.0	0.0	0.0	0.0	0.0	0.0	0.0	0.0	0.0	0.0	0.0	0.0	0.0	0.0	0.0	0.0	0.0	0.0	0.0	0.0	0.0	0.0	0.0	0.0	0.0	0.0
1182780	Magnetospira	genus	0.0	0.0	0.0	0.0	0.0	0.0	0.0	0.0	0.0	0.0	0.0	0.0	0.0	0.0	0.0	0.0	0.0	0.0	0.0	0.0	0.0	0.0	0.0	0.0	0.0	0.0	0.0	0.0	0.0	0.0	0.0	0.0	0.0	0.0	0.0	0.0	0.0	0.0	0.0	0.0	0.0	0.0	0.0	0.0	0.0	0.0	0.0	0.0	0.0	0.0	0.0	0.0	0.0	0.0	0.0	0.0	0.0	0.0	0.0	0.0	0.0	0.0	0.0	0.0	0.0	0.0	0.0	0.0	0.0	0.0	0.0	0.0	0.0	0.0	0.0	0.0	0.0	0.0	0.0	0.0
1804663	Haematospirillum	genus	0.0	0.0	0.0	0.0	0.0	0.0	0.0	0.0	0.0	0.0	0.0	0.0	0.0	0.0	0.0	0.0	0.0	0.0	0.0	0.0	0.0	0.0	0.0	0.0	0.0	0.0	0.0	0.0	0.0	0.0	0.0	0.0	0.0	0.0	0.0	0.0	0.0	0.0	0.0	0.0	0.0	0.0	0.0	0.0	0.0	0.0	0.0	0.0	0.0	0.0	0.0	0.0	0.0	0.0	0.0	0.0	0.0	0.0	0.0	0.0	0.0	0.0	0.0	0.0	0.0	0.0	0.0	0.0	0.0	0.0	0.0	0.0	0.0	0.0	0.0	0.0	0.0	0.0	0.0	0.0
522	Acidiphilium	genus	0.0017490434918403998	0.0015962336966953922	0.0018045112781954887	0.00272063702720637	0.0009289723243661699	0.0001226097003135979	0.004326004885631801	0.0017665947665850064	0.0024242424242424242	0.002315676036281063	0.001309322375312223	0.0030448393126590546	0.0011194381598793363	0.0021732126273761618	0.001320582955156122	0.004643129794876287	0.001172192443134712	0.001002205157831988	0.001035505669753547	0.001378206789495858	0.0036419460201740166	0.002121390320151328	0.0017828236162610884	0.0010892981518376339	0.0011975875933371626	0.003620174652321704	0.0010894462264094524	0.00349627923929724	0.0017372576873393062	0.000940435132454554	0.00023738274294241677	0.0008259467022010672	0.0053530599737209306	0.0029200527020664256	0.0018432263611014715	0.0021115503584000854	0.0027039406016970942	0.0019044863913598997	0.0012491173295777148	0.0011573772742226756	0.0011338449582077718	0.0008456506156372776	0.0013040258667973475	0.0008907312561023656	0.0013585176631555455	0.0018650863036444828	0.0007253480192703663	0.0014012968665833257	0.0016922537622152843	0.0036913522069573833	0.0012802468045766875	0.001392140411654059	0.0015302318767827434	0.001980563542373983	0.0024219899663381807	0.003988590823930705	0.0018148990403838465	0.0015293161624083623	0.005445986902971966	0.000315898975723686	0.001639187144978643	0.0009386324974047744	0.0008336492435546945	0.004912832392998101	0.0011292606766216955	0.0018360917005356009	0.0037739883614531103	0.005659049653295637	0.0016294344199438066	0.002883693120243152	0.001292721092734809	9.604336437671846e-05	0.0018349445041174364	0.0011789365387837331	0.00037148921378022797	0.0015009783969550721	0.0003328285585782831	0.00036320846942655525	0.00020565797098770128	0.007297952569754651
434	Acetobacter	genus	0.00031232919497149996	0.00023236313306325328	0.00027210884353741496	0.00030966600309666	0.00023224308109154248	8.959939638301384e-05	0.00029313790806129246	0.00026677858353585734	0.0002653140850565743	0.00028865767765276403	0.00030215131737974376	0.0002972772109992568	0.00014645281189398836	0.0002526991427181583	0.00019664649909898607	0.00030036419158229355	0.0002265582032949443	0.00019768266874667655	0.0002971678723565805	0.00017410326848983355	0.00025423989558351297	0.00017443238969240362	0.00023642315885465042	0.00017952497421859392	0.00018667432510051694	0.00035258216778441835	0.0001784180004824263	0.0003660533968660198	0.00021287377519698612	0.00023212691562048992	4.006972131508825e-05	0.00012546025856218743	0.0004364767954913982	0.00023610091550165337	0.0002720371923669154	0.0004873568945183718	0.00030936616096682954	0.00027379144324251724	0.00016315534607859388	0.00027455166423278194	0.00016840317183713216	0.00013882461823229986	0.00020871092618395448	0.00014428265169113763	0.0003165831340032119	0.0002951399868799115	0.00013300099504448144	0.0003328556473661209	0.00023882200278386507	0.0007989874457776005	0.00021121042617762797	0.00025880617616412033	0.0003461683087112182	0.0004256846034964528	0.00019153756913390242	0.0003938182093138532	0.00024052878848460616	0.00021855159697995485	0.0004936519968053825	5.835306050996252e-05	0.00022824124803500094	0.0001602374830006679	0.0001863035084605965	0.00032229889928693593	0.00037062357144176917	0.0002696402808319386	0.00037837079782780447	0.00026232458502897245	0.00023101925481316854	0.00039149181515180093	0.00020215576034098432	2.7972762825112904e-05	0.00021647675088341974	0.00027308699485950876	5.578428193814571e-05	0.0002911596890414521	6.486046018039734e-05	5.901537878397133e-05	4.621527437925872e-05	0.0003671029605055571
89583	Gluconacetobacter	genus	0.0	0.0	0.0	0.0	0.0	0.0	0.0	0.0	0.0	0.0	0.0	0.0	0.0	0.0	0.0	0.0	0.0	0.0	0.0	0.0	0.0	0.0	0.0	0.0	0.0	0.0	0.0	0.0	0.0	0.0	0.0	0.0	0.0	0.0	0.0	0.0	0.0	0.0	0.0	0.0	0.0	0.0	0.0	0.0	0.0	0.0	0.0	0.0	0.0	0.0	0.0	0.0	0.0	0.0	0.0	0.0	0.0	0.0	0.0	0.0	0.0	0.0	0.0	0.0	0.0	0.0	0.0	0.0	0.0	0.0	0.0	0.0	0.0	0.0	0.0	0.0	0.0	0.0	0.0	0.0
1434011	Komagataeibacter	genus	4.684937924572499e-05	9.092470424214259e-05	5.728607232366631e-05	0.00018801150188011502	8.709115540932843e-05	0.0	0.00011547856984232733	7.482813928444778e-05	7.54324359474574e-05	0.00011867037859058077	3.357236859774931e-05	0.00012611760466635138	6.22845291962939e-05	9.05505261406734e-05	5.424731009627202e-05	0.00020024279438819568	5.910213998998547e-05	3.831059471834817e-05	7.985568376101943e-05	6.113549885902553e-05	0.00013764580334139236	7.938240488995614e-05	8.443684244808944e-05	6.074153263035133e-05	4.30786904078116e-05	0.0001514613537665459	4.9837430302353723e-05	0.0001251464604670153	8.618791873829194e-05	3.578240991778303e-05	1.882062667829903e-05	5.512647724702174e-05	0.0002781691494582486	6.920199247462255e-05	7.498461071652156e-05	7.611862247041506e-05	0.00010847904345590126	6.199051545113598e-05	5.0904467976521296e-05	4.9703318524900176e-05	4.706920951969533e-05	3.8108718730435256e-05	6.762234008360125e-05	4.216479318827766e-05	7.277773195476137e-05	8.556579451560459e-05	3.263450341369221e-05	6.352207010803833e-05	9.019886800420655e-05	0.00013895433839610446	5.539945604659094e-05	8.542295357051031e-05	7.18462527513849e-05	0.00012148963241381064	9.08376005377586e-05	0.0001480756467020088	8.121751299480208e-05	6.649200706123315e-05	0.00010618601304280539	1.58489793977676e-05	6.422372780205655e-05	3.798733433205489e-05	9.727873068353932e-05	0.0001976529161372922	6.195174068088223e-05	8.374709898780211e-05	0.00014926554409720727	0.00017514252709649496	9.30494220775262e-05	0.0001201168069215753	6.0064017484904434e-05	3.9353316522021955e-06	7.491554974392503e-05	7.070545082666457e-05	3.23987314313248e-05	6.325193244693615e-05	1.6443496947142987e-05	1.4633894739114842e-05	8.582836670433761e-06	0.0002585327688588119
441	Gluconobacter	genus	0.0	0.0	0.0	0.0	0.0	0.0	0.0	0.0	0.0	0.0	0.0	0.0	0.0	0.0	0.0	0.0	0.0	0.0	0.0	0.0	0.0	0.0	0.0	0.0	0.0	0.0	0.0	0.0	0.0	0.0	0.0	0.0	0.0	0.0	0.0	0.0	0.0	0.0	0.0	0.0	0.0	0.0	0.0	0.0	0.0	0.0	0.0	0.0	0.0	0.0	0.0	0.0	0.0	0.0	0.0	0.0	0.0	0.0	0.0	0.0	0.0	0.0	0.0	0.0	0.0	0.0	0.0	0.0	0.0	0.0	0.0	0.0	0.0	0.0	0.0	0.0	0.0	0.0	0.0	0.0
364409	Granulibacter	genus	0.0	0.0	0.0	0.0	0.0	0.0	0.0	0.0	0.0	0.0	0.0	0.0	0.0	0.0	0.0	0.0	0.0	0.0	0.0	0.0	0.0	0.0	0.0	0.0	0.0	0.0	0.0	0.0	0.0	0.0	0.0	0.0	0.0	0.0	0.0	0.0	0.0	0.0	0.0	0.0	0.0	0.0	0.0	0.0	0.0	0.0	0.0	0.0	0.0	0.0	0.0	0.0	0.0	0.0	0.0	0.0	0.0	0.0	0.0	0.0	0.0	0.0	0.0	0.0	0.0	0.0	0.0	0.0	0.0	0.0	0.0	0.0	0.0	0.0	0.0	0.0	0.0	0.0	0.0	0.0
153497	Kozakia	genus	0.0	0.0	0.0	0.0	0.0	0.0	0.0	0.0	0.0	0.0	0.0	0.0	0.0	0.0	0.0	0.0	0.0	0.0	0.0	0.0	0.0	0.0	0.0	0.0	0.0	0.0	0.0	0.0	0.0	0.0	0.0	0.0	0.0	0.0	0.0	0.0	0.0	0.0	0.0	0.0	0.0	0.0	0.0	0.0	0.0	0.0	0.0	0.0	0.0	0.0	0.0	0.0	0.0	0.0	0.0	0.0	0.0	0.0	0.0	0.0	0.0	0.0	0.0	0.0	0.0	0.0	0.0	0.0	0.0	0.0	0.0	0.0	0.0	0.0	0.0	0.0	0.0	0.0	0.0	0.0
91914	Asaia	genus	0.0	0.0	0.0	0.0	0.0	0.0	0.0	0.0	0.0	0.0	0.0	0.0	0.0	0.0	0.0	0.0	0.0	0.0	0.0	0.0	0.0	0.0	0.0	0.0	0.0	0.0	0.0	0.0	0.0	0.0	0.0	0.0	0.0	0.0	0.0	0.0	0.0	0.0	0.0	0.0	0.0	0.0	0.0	0.0	0.0	0.0	0.0	0.0	0.0	0.0	0.0	0.0	0.0	0.0	0.0	0.0	0.0	0.0	0.0	0.0	0.0	0.0	0.0	0.0	0.0	0.0	0.0	0.0	0.0	0.0	0.0	0.0	0.0	0.0	0.0	0.0	0.0	0.0	0.0	0.0
780	Rickettsia	genus	0.0004528773327086749	0.00036369881696857035	0.0007017543859649122	0.0011944260119442602	0.00040642539191019936	9.903091179175215e-05	0.0014568065733955142	0.0005888649221950021	0.00041878007543243596	0.0003656330583601678	0.0006647328982354364	0.0004233948156656082	0.0003131060116354234	0.00040221280215973533	0.0004814448771044142	0.0008009711775527827	0.00046625021547655205	0.0004352083560004352	0.00036655067955877773	0.00043990978526820543	0.0008032037465568307	0.0002872389650623413	0.00045475270861328166	0.0006695066707700947	0.0005686387133831131	0.0007573067688327296	0.0004256116547821008	0.00035353875081931826	0.000458976627497892	0.0004183789467310016	0.0001463151944990344	0.00037828168869508025	0.0006965536425458584	0.0004247102675403305	0.00047780891479830013	0.0004161810397408408	0.0008899299305734122	0.00044770927825820426	0.0003576365186042778	0.00024970000497033187	0.00040688716673692183	0.0002976109462757801	0.0004783654428136236	0.0002806594046594732	0.0006307403436079318	0.00035590410182577566	0.00033742845039062884	0.00040272992448496303	0.0003874451375635236	0.0011644977706890926	0.00041289907084724814	0.001101194906423806	0.00044880581264176804	0.0006357015649559859	0.0002616122895487448	0.0005986036781570568	0.0007299163667866187	0.00022509179439581385	0.0006393753551300835	0.0002802387720787089	0.0008981441318779908	0.0003632970519756522	0.0006691597534898007	0.0006374751709653208	0.0004037731870692588	0.0004637812830309344	0.0005588779674337295	0.0005604560867087839	0.0005160499557747862	0.0009849578167569174	0.000501131130956143	1.2444156846152888e-05	0.0005244088482074753	0.00040630016308365943	0.00010523497728069409	0.0005055134601116246	0.00032460681010471157	9.787916481244025e-05	0.0001336941865971413	0.0009676318330516163
69474	Orientia	genus	0.0	0.0	0.0	0.0	0.0	0.0	0.0	0.0	0.0	0.0	0.0	0.0	0.0	0.0	0.0	0.0	0.0	0.0	0.0	0.0	0.0	0.0	0.0	0.0	0.0	0.0	0.0	0.0	0.0	0.0	0.0	0.0	0.0	0.0	0.0	0.0	0.0	0.0	0.0	0.0	0.0	0.0	0.0	0.0	0.0	0.0	0.0	0.0	0.0	0.0	0.0	0.0	0.0	0.0	0.0	0.0	0.0	0.0	0.0	0.0	0.0	0.0	0.0	0.0	0.0	0.0	0.0	0.0	0.0	0.0	0.0	0.0	0.0	0.0	0.0	0.0	0.0	0.0	0.0	0.0
943	Ehrlichia	genus	4.684937924572499e-05	4.0410979663174484e-05	7.160759040458288e-05	9.953550099535501e-05	7.257596284110703e-05	9.431515408738299e-06	0.00018654230512991338	6.832134456406102e-05	3.901677721420211e-05	3.848769035370188e-05	8.057368463459834e-05	1.8016800666621624e-05	4.71342383107089e-05	4.211652378635972e-05	6.272345229881452e-05	7.821984155788895e-05	3.119279610582567e-05	2.6051204408476756e-05	3.0109520106613884e-05	5.050323818789065e-05	4.210342219854355e-05	3.7602191789979226e-05	5.307458668165622e-05	8.503814568249186e-05	6.17461229178633e-05	8.44210824272551e-05	4.7843933090259575e-05	2.659362284924075e-05	4.2574755039397225e-05	4.862737758057694e-05	1.1535222802828437e-05	4.2770542691654804e-05	5.653844501183915e-05	5.291917071588783e-05	8.195992334131425e-05	4.3496355697380036e-05	8.638146052969915e-05	5.682463916354131e-05	3.654679752160503e-05	3.905260741242157e-05	4.28852797846113e-05	2.9035214270807815e-05	5.6769371922035614e-05	2.174122148770567e-05	4.851848796984091e-05	2.6041763548227487e-05	4.310217431997084e-05	4.065412486914453e-05	5.637429250262909e-05	0.0001600995638042073	4.674329103931111e-05	5.328362450437771e-05	6.0649434140779466e-05	8.193486837210485e-05	2.076288012291625e-05	5.670982214119485e-05	8.642376382780222e-05	2.8885871920043906e-05	2.8240960915639733e-05	2.1252040556097464e-05	0.00011955493944690525	5.318226806487684e-05	7.90021206763289e-05	9.526514426437057e-05	7.771139401198386e-05	5.900363792322421e-05	4.026698398901405e-05	7.31706557647579e-05	5.6685280116194126e-05	9.253442903588022e-05	5.3340433438086774e-05	8.508825193950693e-07	6.178100530830181e-05	4.7649325557100034e-05	9.500379893395994e-06	6.827192708558187e-05	2.436073621798961e-05	1.679299396291867e-05	1.0563491286687707e-05	9.092753550414907e-05
953	Wolbachia	genus	0.00046849379245724994	0.00036369881696857035	0.0005298961689939133	0.0006525105065251051	0.0003677182117282756	0.00015562000424418194	0.0009238285587386187	0.0004392086436261066	0.0002809207959422552	0.00023092614212221125	0.0005707302661617382	0.00039636961466567577	0.00027607196724843783	0.0002800748831792921	0.00030005543397000465	0.0006351451134500582	0.00044326604992489104	0.0003953653374933531	0.0003429867073014277	0.0003043484617112358	0.0003400661023728517	0.00020472304418988688	0.0003630784225267846	0.0004940311320601908	0.00038340034462952326	0.0005040435215509642	0.00030899206787459306	0.0002721935515157583	0.00030010010259477553	0.0003358041546130408	0.00010442412221507847	0.00027183056021807276	0.0009385381871965299	0.00028494938077785754	0.0003487656312396351	0.00034599373850188666	0.0007714065312419646	0.0003874407215695999	0.0003811308884395953	0.00021656445928706507	0.000289737134154569	0.0003202947074248487	0.00032475420114223315	0.00018315332041158108	0.0005118700480818216	0.0003286222542990611	0.00022413130646384836	0.0003404782957790855	0.000322870947969603	0.0012656927779992992	0.00034364975078900943	0.0005632840304748501	0.0004320105847258599	0.0005179790529270997	0.00020970508924145412	0.0005849513135675099	0.0006445338531254165	0.000186940642803303	0.0003772992378329468	0.00015128571243323618	0.0006699028838429898	0.0002748901648028699	0.0005341486666623432	0.0003748282779000001	0.0003168233755873188	0.0004041431973881056	0.0002346593204877026	0.0003775294472968892	0.0003213948429229497	0.000804337729311882	0.0003433510253241552	1.3401399680472342e-05	0.00040911673593922694	0.00038836762120733143	6.869505461378641e-05	0.0004246915464294284	0.00022381426400277957	8.660386886590915e-05	0.00010662524017500403	0.0008359904756799378
768	Anaplasma	genus	0.0	2.0205489831587242e-05	0.0	7.7416500774165e-05	4.838397522740468e-06	0.0	1.7765933821896515e-05	3.57873709621272e-05	2.601118480946807e-06	9.62192258842547e-06	2.0143421158649584e-05	5.855460216652028e-05	6.733462615815557e-06	6.317478567953958e-06	8.476142202542503e-06	4.380311127241781e-05	9.850356664997579e-06	9.194542732403561e-06	2.618219139705555e-06	1.727742359059417e-05	3.23872478450335e-05	9.400547947494807e-06	7.237443638407666e-06	8.098871017380178e-06	5.743825387708213e-06	2.7312703138229592e-05	6.977240242329521e-06	2.1900630581727677e-05	1.0384086594974932e-05	5.504986141197389e-06	2.428467958490197e-06	9.504565042589956e-06	4.523075600947132e-05	3.256564351746943e-05	1.2206797093387229e-05	6.919874770037733e-06	3.615968115196709e-05	6.887835050126219e-06	7.831456611772506e-06	8.283886420816697e-06	7.32187703639705e-06	6.35145312173921e-06	4.174218523679089e-06	1.3835322764903607e-05	6.064810996230114e-06	1.6121091720331302e-05	5.541708126853393e-06	1.2704414021607668e-05	8.199897091291504e-06	5.135269027682121e-05	9.521781508007818e-06	8.45771817529805e-06	8.39761395795408e-06	7.534240769848722e-05	1.2976800076822657e-05	5.145891268367681e-05	3.0196254831400773e-05	7.085213867180581e-06	2.4852045605762963e-05	9.725510084993753e-06	1.679697496361479e-05	1.0360182090560424e-05	4.716544517989785e-06	2.8490510434204283e-05	8.151544826431873e-06	1.5226745270509475e-05	2.0827750339145203e-05	4.436944019777873e-05	6.9519683161370156e-06	5.961352639811515e-05	7.620061919726682e-06	1.0636031492438366e-06	2.0917978175251793e-05	2.6642633644830125e-05	3.1667932977986644e-06	8.03199142183316e-06	3.0450920272487014e-06	3.598498706339715e-06	2.3107637189629357e-06	5.632078691674906e-05
33993	Neorickettsia	genus	1.5616459748575e-05	0.0	1.4321518080916577e-05	0.00012165450121654502	2.4191987613702342e-05	0.0	0.00015989340439706863	1.3013589440773528e-05	1.0404473923787229e-05	3.207307529475156e-06	1.3428947439099723e-05	3.603360133324325e-05	3.3667313079077784e-06	1.684660951454389e-05	1.1866599083559505e-05	5.6318285921680035e-05	1.1492082775830508e-05	1.2259390309871414e-05	1.4400205268380553e-05	3.0567749429512765e-05	2.5909798276026796e-05	1.044505327499423e-05	1.3268646670414055e-05	1.6197742034760356e-05	2.4411257897759908e-05	6.207432531415816e-05	1.2957731878611968e-05	2.502929209340306e-05	1.1422495254472425e-05	1.8349953803991297e-05	4.856935916980394e-06	9.504565042589956e-06	6.106152061278628e-05	2.713803626455786e-05	1.7438281561981756e-05	2.3725284925843655e-05	6.830161995371561e-05	3.271721648809954e-05	3.393631198434753e-05	1.3017535804140523e-05	1.5689736506565108e-05	1.9054359365217628e-05	2.0871092618395447e-05	1.3176497871336769e-05	5.5796261165317046e-05	3.7202519354610696e-05	3.263450341369221e-05	1.1433972619446901e-05	3.279958836516602e-05	0.00021749374705477218	1.9043563016015635e-05	1.014926181035766e-05	2.8925114744064055e-05	4.4263664522861244e-05	1.2976800076822657e-05	5.460945835818764e-05	3.8526256164200986e-05	1.526046063700433e-05	8.246360587366802e-05	1.5128571243323618e-05	4.6438695487640885e-05	2.3483079405270294e-05	1.5918337748215527e-05	5.252937861306414e-05	1.7389962296387996e-05	1.776453614892772e-05	2.221626702842155e-05	5.448878620779843e-05	2.566880609035206e-05	6.228278877415015e-05	1.5688362775907875e-05	1.3826840940169877e-06	2.724201808870001e-05	2.613027530550647e-05	3.6539922666907666e-06	2.309197533777034e-05	1.979309817711656e-05	3.598498706339715e-06	7.097345708243303e-06	8.753471701518829e-05
991903	Polymorphum	genus	0.0	0.0	0.0	0.0	0.0	0.0	0.0	0.0	0.0	0.0	0.0	0.0	0.0	0.0	0.0	0.0	0.0	0.0	0.0	0.0	0.0	0.0	0.0	0.0	0.0	0.0	0.0	0.0	0.0	0.0	0.0	0.0	0.0	0.0	0.0	0.0	0.0	0.0	0.0	0.0	0.0	0.0	0.0	0.0	0.0	0.0	0.0	0.0	0.0	0.0	0.0	0.0	0.0	0.0	0.0	0.0	0.0	0.0	0.0	0.0	0.0	0.0	0.0	0.0	0.0	0.0	0.0	0.0	0.0	0.0	0.0	0.0	0.0	0.0	0.0	0.0	0.0	0.0	0.0	0.0
213485	Micavibrio	genus	0.0	0.0	0.0	0.0	0.0	0.0	0.0	0.0	0.0	0.0	0.0	0.0	0.0	0.0	0.0	0.0	0.0	0.0	0.0	0.0	0.0	0.0	0.0	0.0	0.0	0.0	0.0	0.0	0.0	0.0	0.0	0.0	0.0	0.0	0.0	0.0	0.0	0.0	0.0	0.0	0.0	0.0	0.0	0.0	0.0	0.0	0.0	0.0	0.0	0.0	0.0	0.0	0.0	0.0	0.0	0.0	0.0	0.0	0.0	0.0	0.0	0.0	0.0	0.0	0.0	0.0	0.0	0.0	0.0	0.0	0.0	0.0	0.0	0.0	0.0	0.0	0.0	0.0	0.0	0.0
162171	Magnetococcus	genus	0.0	0.0	0.0	0.0	0.0	0.0	0.0	0.0	0.0	0.0	0.0	0.0	0.0	0.0	0.0	0.0	0.0	0.0	0.0	0.0	0.0	0.0	0.0	0.0	0.0	0.0	0.0	0.0	0.0	0.0	0.0	0.0	0.0	0.0	0.0	0.0	0.0	0.0	0.0	0.0	0.0	0.0	0.0	0.0	0.0	0.0	0.0	0.0	0.0	0.0	0.0	0.0	0.0	0.0	0.0	0.0	0.0	0.0	0.0	0.0	0.0	0.0	0.0	0.0	0.0	0.0	0.0	0.0	0.0	0.0	0.0	0.0	0.0	0.0	0.0	0.0	0.0	0.0	0.0	0.0
208215	Parvularcula	genus	0.0	0.0	0.0	0.0	0.0	0.0	0.0	0.0	0.0	0.0	0.0	0.0	0.0	0.0	0.0	0.0	0.0	0.0	0.0	0.0	0.0	0.0	0.0	0.0	0.0	0.0	0.0	0.0	0.0	0.0	0.0	0.0	0.0	0.0	0.0	0.0	0.0	0.0	0.0	0.0	0.0	0.0	0.0	0.0	0.0	0.0	0.0	0.0	0.0	0.0	0.0	0.0	0.0	0.0	0.0	0.0	0.0	0.0	0.0	0.0	0.0	0.0	0.0	0.0	0.0	0.0	0.0	0.0	0.0	0.0	0.0	0.0	0.0	0.0	0.0	0.0	0.0	0.0	0.0	0.0
32	Myxococcus	genus	0.0016709611930975248	0.0012628431144742027	0.0016040100250626567	0.00249944702499447	0.0007209212308883297	8.016788097427554e-05	0.0048412169664668	0.0016624860510588181	0.0016256990505917545	0.0014561176183817209	0.0010407434265302285	0.0025358646938269938	0.0007406808877397112	0.0013182471945130593	0.001076470059722898	0.0029660963918751487	0.0009259335265097724	0.0008075873366627794	0.0007789201940624027	0.0011629035109053769	0.0029440008291135447	0.001511399208891665	0.0012279529373165007	0.0009178720486364201	0.001131533601378518	0.003277524376587551	0.0008512233095642015	0.003233471672316508	0.0015274991381208126	0.0007853780228108275	0.000313879483634858	0.000661517726964261	0.007467597817163715	0.0023189451988064693	0.001341003852116397	0.0020383973965454006	0.002613541398817177	0.0016117534017295353	0.0009789320764715633	0.0008603407754191055	0.0009685797336719527	0.0007485641179192639	0.001096149784318129	0.0006594837184604053	0.0012420732920279272	0.0016195496759040522	0.0006342177078509995	0.0011624538829771015	0.0014144822482477844	0.004044779545921388	0.0010802893929085233	0.001066518261905084	0.0015031728984737803	0.0018553067895752478	0.001146110982784977	0.004688011963672108	0.0015389677462348394	0.0011957660941995533	0.0066998855676263696	0.00025970713967705543	0.0015216083202333397	0.0007866831600765548	0.0007864837983747967	0.0030458136311066514	0.0012156670517818734	0.0014268729213906587	0.0024125477476176524	0.007008814728785959	0.0014722129826404003	0.0028053947572127917	0.0012227958186479052	6.764516029190801e-05	0.002254276996839926	0.0012691116065046966	0.00032350011534435587	0.001243954671456411	0.00026035536832976397	0.00022310691979306234	0.00013617000486745872	0.0017398373211390914
83461	Corallococcus	genus	0.0	0.0	0.0	0.0	0.0	0.0	0.0	0.0	0.0	0.0	0.0	0.0	0.0	0.0	0.0	0.0	0.0	0.0	0.0	0.0	0.0	0.0	0.0	0.0	0.0	0.0	0.0	0.0	0.0	0.0	0.0	0.0	0.0	0.0	0.0	0.0	0.0	0.0	0.0	0.0	0.0	0.0	0.0	0.0	0.0	0.0	0.0	0.0	0.0	0.0	0.0	0.0	0.0	0.0	0.0	0.0	0.0	0.0	0.0	0.0	0.0	0.0	0.0	0.0	0.0	0.0	0.0	0.0	0.0	0.0	0.0	0.0	0.0	0.0	0.0	0.0	0.0	0.0	0.0	0.0
161492	Anaeromyxobacter	genus	0.002514250019520575	0.001919521534000788	0.0023916935195130683	0.004722406547224066	0.0011031546351848267	0.0001037466694961213	0.008296691094825672	0.002378233470301362	0.002804005722460658	0.0028063940882907617	0.0016987618510461151	0.004909578181654392	0.0011480553759965525	0.0022132233249732036	0.0016969236689490092	0.006035442974606711	0.0012953219014471815	0.00129949537284637	0.0012331812148013164	0.0019231101488915204	0.005705013707902651	0.002245686454123759	0.001885354067805197	0.0011959332868998061	0.0016470419299253302	0.0056239338734627295	0.0012559032436193138	0.006139998216662938	0.0023852246908657422	0.0011633870711730482	0.0003733769486178678	0.0009552087867802906	0.010683504569437126	0.004678597452009775	0.001846714017413868	0.0036289800401155025	0.004226664952429931	0.002758577937575551	0.0014931977273112912	0.0012721682717682784	0.0013911566369154396	0.0010824690820335537	0.0014793430447918694	0.0008920489058894993	0.0016265823091889163	0.002721984332779016	0.0008398766538920032	0.001688416623471659	0.0021965474333297116	0.0072784886601176884	0.0014499076387193724	0.0017076132995926764	0.0022057732662892717	0.0033640385037374543	0.0019870076277630853	0.009798197047728666	0.0027884679461548712	0.0015369463927268645	0.014733874128907561	0.00032310305726812583	0.0030036943464346443	0.0011195903445865632	0.0010806782626844094	0.00608628529150689	0.001684109161140825	0.002473711658738185	0.0039052031885897253	0.013369991312930657	0.0020759646925572225	0.004866955065637162	0.001739615312379956	9.11507898901968e-05	0.0035589750774451655	0.001867546146834727	0.0005449320467058163	0.0016560962312892249	0.000321257208874738	0.0003360997791721294	0.00019724018886862202	0.003109857426981457
47	Archangium	genus	0.0	0.0	0.0	0.0	0.0	0.0	0.0	0.0	0.0	0.0	0.0	0.0	0.0	0.0	0.0	0.0	0.0	0.0	0.0	0.0	0.0	0.0	0.0	0.0	0.0	0.0	0.0	0.0	0.0	0.0	0.0	0.0	0.0	0.0	0.0	0.0	0.0	0.0	0.0	0.0	0.0	0.0	0.0	0.0	0.0	0.0	0.0	0.0	0.0	0.0	0.0	0.0	0.0	0.0	0.0	0.0	0.0	0.0	0.0	0.0	0.0	0.0	0.0	0.0	0.0	0.0	0.0	0.0	0.0	0.0	0.0	0.0	0.0	0.0	0.0	0.0	0.0	0.0	0.0	0.0
40	Stigmatella	genus	0.0	0.0	0.0	0.0	0.0	0.0	0.0	0.0	0.0	0.0	0.0	0.0	0.0	0.0	0.0	0.0	0.0	0.0	0.0	0.0	0.0	0.0	0.0	0.0	0.0	0.0	0.0	0.0	0.0	0.0	0.0	0.0	0.0	0.0	0.0	0.0	0.0	0.0	0.0	0.0	0.0	0.0	0.0	0.0	0.0	0.0	0.0	0.0	0.0	0.0	0.0	0.0	0.0	0.0	0.0	0.0	0.0	0.0	0.0	0.0	0.0	0.0	0.0	0.0	0.0	0.0	0.0	0.0	0.0	0.0	0.0	0.0	0.0	0.0	0.0	0.0	0.0	0.0	0.0	0.0
1524214	Vulgatibacter	genus	0.0	0.0	0.0	0.0	0.0	0.0	0.0	0.0	0.0	0.0	0.0	0.0	0.0	0.0	0.0	0.0	0.0	0.0	0.0	0.0	0.0	0.0	0.0	0.0	0.0	0.0	0.0	0.0	0.0	0.0	0.0	0.0	0.0	0.0	0.0	0.0	0.0	0.0	0.0	0.0	0.0	0.0	0.0	0.0	0.0	0.0	0.0	0.0	0.0	0.0	0.0	0.0	0.0	0.0	0.0	0.0	0.0	0.0	0.0	0.0	0.0	0.0	0.0	0.0	0.0	0.0	0.0	0.0	0.0	0.0	0.0	0.0	0.0	0.0	0.0	0.0	0.0	0.0	0.0	0.0
39643	Sorangium	genus	0.0	0.0	0.0	0.0	0.0	0.0	0.0	0.0	0.0	0.0	0.0	0.0	0.0	0.0	0.0	0.0	0.0	0.0	0.0	0.0	0.0	0.0	0.0	0.0	0.0	0.0	0.0	0.0	0.0	0.0	0.0	0.0	0.0	0.0	0.0	0.0	0.0	0.0	0.0	0.0	0.0	0.0	0.0	0.0	0.0	0.0	0.0	0.0	0.0	0.0	0.0	0.0	0.0	0.0	0.0	0.0	0.0	0.0	0.0	0.0	0.0	0.0	0.0	0.0	0.0	0.0	0.0	0.0	0.0	0.0	0.0	0.0	0.0	0.0	0.0	0.0	0.0	0.0	0.0	0.0
50	Chondromyces	genus	0.0	0.0	0.0	0.0	0.0	0.0	0.0	0.0	0.0	0.0	0.0	0.0	0.0	0.0	0.0	0.0	0.0	0.0	0.0	0.0	0.0	0.0	0.0	0.0	0.0	0.0	0.0	0.0	0.0	0.0	0.0	0.0	0.0	0.0	0.0	0.0	0.0	0.0	0.0	0.0	0.0	0.0	0.0	0.0	0.0	0.0	0.0	0.0	0.0	0.0	0.0	0.0	0.0	0.0	0.0	0.0	0.0	0.0	0.0	0.0	0.0	0.0	0.0	0.0	0.0	0.0	0.0	0.0	0.0	0.0	0.0	0.0	0.0	0.0	0.0	0.0	0.0	0.0	0.0	0.0
1055688	Sandaracinus	genus	0.0	0.0	0.0	0.0	0.0	0.0	0.0	0.0	0.0	0.0	0.0	0.0	0.0	0.0	0.0	0.0	0.0	0.0	0.0	0.0	0.0	0.0	0.0	0.0	0.0	0.0	0.0	0.0	0.0	0.0	0.0	0.0	0.0	0.0	0.0	0.0	0.0	0.0	0.0	0.0	0.0	0.0	0.0	0.0	0.0	0.0	0.0	0.0	0.0	0.0	0.0	0.0	0.0	0.0	0.0	0.0	0.0	0.0	0.0	0.0	0.0	0.0	0.0	0.0	0.0	0.0	0.0	0.0	0.0	0.0	0.0	0.0	0.0	0.0	0.0	0.0	0.0	0.0	0.0	0.0
162027	Haliangium	genus	0.0	0.0	0.0	0.0	0.0	0.0	0.0	0.0	0.0	0.0	0.0	0.0	0.0	0.0	0.0	0.0	0.0	0.0	0.0	0.0	0.0	0.0	0.0	0.0	0.0	0.0	0.0	0.0	0.0	0.0	0.0	0.0	0.0	0.0	0.0	0.0	0.0	0.0	0.0	0.0	0.0	0.0	0.0	0.0	0.0	0.0	0.0	0.0	0.0	0.0	0.0	0.0	0.0	0.0	0.0	0.0	0.0	0.0	0.0	0.0	0.0	0.0	0.0	0.0	0.0	0.0	0.0	0.0	0.0	0.0	0.0	0.0	0.0	0.0	0.0	0.0	0.0	0.0	0.0	0.0
872	Desulfovibrio	genus	0.0020613726868118996	0.002616610933190548	0.002105263157894737	0.0016146870161468701	0.0029562608863944262	0.00011317818490485959	0.0021319120586275817	0.0020203597606800903	0.0007387176485888933	0.002482456027813771	0.003457953965568179	0.012237911852802739	0.0006396789485024779	0.0020700271440995802	0.0009272899569581499	0.00836013666570717	0.0025019905929093847	0.001820519461015905	0.0010944156003969221	0.0010618970345295956	0.009178546039282493	0.0004376477322222582	0.0015874126380240813	0.001051503420423193	0.0010367604824813325	0.00235882436193801	0.0005910719233859151	0.004581924783848597	0.001061253650006438	0.0022506218340595328	7.771097467168631e-05	0.0006425085968790811	0.03601498947254154	0.003129015581303521	0.0026139984061410654	0.004130176684173949	0.003483382617639496	0.004966129071141004	0.0005638648760476205	0.0035857394078677987	0.0006934863535901779	0.0012721053252397673	0.00041742185236790896	0.00040188318507577145	0.0021032764534926036	0.005000018601259678	0.00039346127700659096	0.007179264363610493	0.0024128197191125252	0.009279733207670279	0.0006483467590452596	0.0006673139640310161	0.00277867715186525	0.009062749866031781	0.0007832796526370155	0.01936220353365203	0.0015712465013994403	0.0006671001364176178	0.00863608584800263	5.9073468664406507e-05	0.0014998710585157205	0.0006796279451407638	0.0008448510367849202	0.002123433355799288	0.0027889152032832248	0.0012295596805936401	0.003431718997546491	0.0021110512599364193	0.0008267494628267559	0.00792770925682397	0.0008624117137384786	0.00016698569443128236	0.0007014819657840252	0.002538223213009393	0.0020135933384310585	0.004384965316857042	9.043923320928643e-05	0.00041406725114282323	6.717720240127964e-05	0.002632148583735778
41707	Lawsonia	genus	0.0	0.0	0.0	0.0	0.0	0.0	0.0	0.0	0.0	0.0	0.0	0.0	0.0	0.0	0.0	0.0	0.0	0.0	0.0	0.0	0.0	0.0	0.0	0.0	0.0	0.0	0.0	0.0	0.0	0.0	0.0	0.0	0.0	0.0	0.0	0.0	0.0	0.0	0.0	0.0	0.0	0.0	0.0	0.0	0.0	0.0	0.0	0.0	0.0	0.0	0.0	0.0	0.0	0.0	0.0	0.0	0.0	0.0	0.0	0.0	0.0	0.0	0.0	0.0	0.0	0.0	0.0	0.0	0.0	0.0	0.0	0.0	0.0	0.0	0.0	0.0	0.0	0.0	0.0	0.0
898	Desulfomicrobium	genus	0.0	0.0003333905822211895	2.8643036161833155e-05	1.1059500110595001e-05	3.8707180181923744e-05	4.715757704369149e-06	0.00014212747057517212	0.0001073621128863816	5.202236961893614e-05	0.00011225576353163046	0.00012757500067144738	0.00013512600499966218	1.3466925231631114e-05	2.9481566650451806e-05	5.5942538536780526e-05	0.0002596898739721913	6.07438661008184e-05	2.4518780619742828e-05	1.9636643547791662e-05	4.7845173020106936e-05	0.00022994945969973782	3.0290654497483265e-05	6.513699274566899e-05	2.2946801215910502e-05	4.164273406088455e-05	7.697216338955612e-05	2.3921966545129787e-05	0.00015017575256041837	3.7382711741909755e-05	6.881232676496737e-05	6.071169896225493e-06	4.1820086187395805e-05	0.00025103069585256585	8.955551967304093e-05	5.405867284214344e-05	0.00012060353170637192	0.00014062098225764978	0.00016186412367796615	3.393631198434753e-05	5.443696790822401e-05	2.1965631109191153e-05	2.2683761149068605e-05	2.1705936323131265e-05	1.3835322764903607e-05	7.399069415400739e-05	8.804596247257865e-05	1.416214299084756e-05	0.00018294356191115042	0.00010147372650473236	0.0011931948623143751	2.8565344524023454e-05	3.1293557248602785e-05	6.811397988118309e-05	0.00011395539164396192	3.529689620895763e-05	0.0003024523847530392	5.7268759163001466e-05	3.597108578722449e-05	0.0008483584659058175	2.521428540553936e-06	8.793710422127742e-05	2.8317831047531826e-05	3.2426243561179774e-05	8.191021749833731e-05	5.271332321092611e-05	5.456250388599228e-05	7.359138453164637e-05	0.00016580159231801523	7.968025223880119e-05	0.00022599754783763054	5.827106173908639e-05	7.019780785009322e-06	4.1835956350503586e-05	5.687177566492584e-05	4.092471338693659e-05	0.00020682377911220392	1.2180368108994805e-06	6.477297671411487e-06	3.3010910270899085e-06	0.000483137352828016
45662	Desulfohalobium	genus	0.0	0.0	0.0	0.0	0.0	0.0	0.0	0.0	0.0	0.0	0.0	0.0	0.0	0.0	0.0	0.0	0.0	0.0	0.0	0.0	0.0	0.0	0.0	0.0	0.0	0.0	0.0	0.0	0.0	0.0	0.0	0.0	0.0	0.0	0.0	0.0	0.0	0.0	0.0	0.0	0.0	0.0	0.0	0.0	0.0	0.0	0.0	0.0	0.0	0.0	0.0	0.0	0.0	0.0	0.0	0.0	0.0	0.0	0.0	0.0	0.0	0.0	0.0	0.0	0.0	0.0	0.0	0.0	0.0	0.0	0.0	0.0	0.0	0.0	0.0	0.0	0.0	0.0	0.0	0.0
28231	Geobacter	genus	0.0012649332396345748	0.001252740369558409	0.001417830290010741	0.0023667330236673305	0.0008080123862976582	5.187333474806065e-05	0.003917388407728181	0.0014737890041676021	0.0009806216673169464	0.0014753614635585719	0.0011817473746407756	0.002918721707992703	0.00041410795087265675	0.001046595616091039	0.0007730241688718763	0.004261416968073789	0.0007568357370939807	0.0006390207199020475	0.0006689549901947693	0.0010937938165430001	0.003350460789568715	0.0005024070625272224	0.000903474214194557	0.0007356474507453661	0.0008931648477886272	0.002783412747086852	0.0004884068169630665	0.0038435606670932077	0.000930414158909754	0.0008633653264777906	0.0001329586207273383	0.0005313051858807786	0.0066828442003993875	0.0025916824632652756	0.0010602475189684908	0.0021431840716345436	0.002167571997942916	0.0020336332985497665	0.000691778667373238	0.00079170285936091	0.000717543949566911	0.0006750687317962817	0.0005660240318108845	0.0004506362271997175	0.0011037956013138807	0.0017063555543981438	0.0004501098489699812	0.0013492087690947343	0.0010731615318227757	0.03153961406942884	0.0005955441525008526	0.0007214433603529237	0.0014667832379893127	0.002680306153873683	0.0007194337962590481	0.0073817285153788634	0.0014910702385712382	0.0007434024396026394	0.007808060873956073	0.00010589999870326532	0.0016273304567690327	0.0006582169021536056	0.0006214047402451542	0.0017031983268947747	0.0010607877000796677	0.0010982290026354958	0.0015475018501984884	0.003450696989416721	0.0008085673918460898	0.0035874886333910486	0.0007409389619593062	4.467133226824114e-05	0.0009957930540637307	0.0011522939051389028	0.0003627196323401701	0.001108916815676841	0.0001358111044152921	0.00015089704575251206	8.104178471505726e-05	0.002178189469912825
392332	Geoalkalibacter	genus	0.0	0.0	0.0	0.0	0.0	0.0	0.0	0.0	0.0	0.0	0.0	0.0	0.0	0.0	0.0	0.0	0.0	0.0	0.0	0.0	0.0	0.0	0.0	0.0	0.0	0.0	0.0	0.0	0.0	0.0	0.0	0.0	0.0	0.0	0.0	0.0	0.0	0.0	0.0	0.0	0.0	0.0	0.0	0.0	0.0	0.0	0.0	0.0	0.0	0.0	0.0	0.0	0.0	0.0	0.0	0.0	0.0	0.0	0.0	0.0	0.0	0.0	0.0	0.0	0.0	0.0	0.0	0.0	0.0	0.0	0.0	0.0	0.0	0.0	0.0	0.0	0.0	0.0	0.0	0.0
890	Desulfuromonas	genus	3.123291949715e-05	2.0205489831587242e-05	2.8643036161833155e-05	9.953550099535501e-05	4.838397522740468e-06	0.0	0.00016877637130801687	1.3013589440773528e-05	2.601118480946807e-05	3.528038282422672e-05	6.7144737195498615e-06	8.557980316645271e-05	1.3466925231631114e-05	3.579904521840576e-05	2.373319816711901e-05	0.00010950777818104451	1.9700713329995157e-05	1.8389085464807123e-05	9.163766988969442e-06	9.303228087243016e-06	0.00010201983071185552	1.3578569257492498e-05	2.4124812128025553e-05	1.3498118362300296e-05	1.723147616312464e-05	0.00010180189351521938	9.967486060470745e-06	7.039488401269611e-05	2.1806581849447357e-05	1.7432456113791733e-05	2.428467958490197e-06	1.520730406814393e-05	0.00023067685564830373	8.548481423335726e-05	2.092593787437811e-05	5.140478400599459e-05	5.6248392903059914e-05	5.33807216384782e-05	1.4357670454916262e-05	2.130142222495722e-05	1.7781701374107123e-05	1.723965847329214e-05	6.678749637886543e-06	7.247073829235223e-06	1.9407395187936363e-05	4.216285526855879e-05	9.851925558850478e-06	2.2867945238893803e-05	2.9724626955931702e-05	0.00018728628218605382	1.1253014509463786e-05	2.368161089083454e-05	4.478727444242176e-05	6.121570625502086e-05	2.1801024129062064e-05	0.0002268392885647794	4.373250699720112e-05	1.3080394831717995e-05	0.00021237202608561078	3.602040772219909e-07	5.829538369725132e-05	1.1741539702635147e-05	1.0022657100728293e-05	5.163905016199526e-05	1.9020271261674372e-05	3.362572913904176e-05	5.345789253713935e-05	8.796046916401747e-05	2.0855904948411047e-05	0.00010232172441467524	1.927427426754396e-05	6.38161889546302e-07	2.2863836610158938e-05	1.793254187632797e-05	9.987578862288096e-06	2.309197533777034e-05	2.7405828245238315e-06	4.078298533851677e-06	2.805927373026422e-06	3.460674858740002e-05
18	Pelobacter	genus	0.0	0.0	5.728607232366631e-05	0.0	4.838397522740468e-06	0.0	0.0	0.0	2.601118480946807e-06	0.0	0.0	9.008400333310812e-06	0.0	0.0	0.0	0.0	0.0	1.5324237887339268e-06	0.0	1.3290325838918592e-06	0.0	3.1335159824982687e-06	1.2062406064012777e-06	1.3498118362300295e-06	1.4359563469270533e-06	7.4489190376989795e-06	0.0	3.1286615116753826e-06	1.0384086594974932e-06	2.7524930705986947e-06	0.0	9.504565042589956e-07	1.130768900236783e-05	4.070705439683679e-06	0.0	9.88553538576819e-07	6.026613525327848e-06	3.4439175250631096e-06	2.610485537257502e-06	1.1834123458309566e-06	4.183929735084029e-06	0.0	0.0	0.0	0.0	1.240083978487023e-06	3.078726737140774e-06	1.2704414021607666e-06	0.0	2.869709162528244e-05	1.731233001455967e-06	0.0	9.330682175504534e-07	3.767120384924361e-06	3.1144320184374376e-06	8.401455132028868e-06	4.165000666400107e-06	0.0	4.518553746502357e-06	0.0	1.9761147016017397e-06	1.3813576120747231e-06	0.0	8.903284510688838e-07	0.0	3.172238598022807e-06	1.3885166892763468e-06	3.1136449261599108e-06	0.0	2.6692623760350065e-06	8.964778729090214e-07	0.0	1.9458584349071436e-06	3.0741500359419373e-06	2.435994844460511e-07	5.019994638645725e-07	3.0450920272487013e-07	0.0	1.6505455135449542e-07	2.035691093376472e-06
893	Desulfobulbus	genus	0.0	0.0	0.0	0.0	0.0	0.0	0.0	0.0	0.0	0.0	0.0	0.0	0.0	0.0	0.0	0.0	0.0	0.0	0.0	0.0	0.0	0.0	0.0	0.0	0.0	0.0	0.0	0.0	0.0	0.0	0.0	0.0	0.0	0.0	0.0	0.0	0.0	0.0	0.0	0.0	0.0	0.0	0.0	0.0	0.0	0.0	0.0	0.0	0.0	0.0	0.0	0.0	0.0	0.0	0.0	0.0	0.0	0.0	0.0	0.0	0.0	0.0	0.0	0.0	0.0	0.0	0.0	0.0	0.0	0.0	0.0	0.0	0.0	0.0	0.0	0.0	0.0	0.0	0.0	0.0
427922	Desulfurivibrio	genus	0.0	0.0	0.0	0.0	0.0	0.0	0.0	0.0	0.0	0.0	0.0	0.0	0.0	0.0	0.0	0.0	0.0	0.0	0.0	0.0	0.0	0.0	0.0	0.0	0.0	0.0	0.0	0.0	0.0	0.0	0.0	0.0	0.0	0.0	0.0	0.0	0.0	0.0	0.0	0.0	0.0	0.0	0.0	0.0	0.0	0.0	0.0	0.0	0.0	0.0	0.0	0.0	0.0	0.0	0.0	0.0	0.0	0.0	0.0	0.0	0.0	0.0	0.0	0.0	0.0	0.0	0.0	0.0	0.0	0.0	0.0	0.0	0.0	0.0	0.0	0.0	0.0	0.0	0.0	0.0
109168	Desulfotalea	genus	0.0	0.0	0.0	0.0	0.0	0.0	0.0	0.0	0.0	0.0	0.0	0.0	0.0	0.0	0.0	0.0	0.0	0.0	0.0	0.0	0.0	0.0	0.0	0.0	0.0	0.0	0.0	0.0	0.0	0.0	0.0	0.0	0.0	0.0	0.0	0.0	0.0	0.0	0.0	0.0	0.0	0.0	0.0	0.0	0.0	0.0	0.0	0.0	0.0	0.0	0.0	0.0	0.0	0.0	0.0	0.0	0.0	0.0	0.0	0.0	0.0	0.0	0.0	0.0	0.0	0.0	0.0	0.0	0.0	0.0	0.0	0.0	0.0	0.0	0.0	0.0	0.0	0.0	0.0	0.0
53318	Desulfocapsa	genus	0.0	0.0	0.0	0.0	0.0	0.0	0.0	0.0	0.0	0.0	0.0	0.0	0.0	0.0	0.0	0.0	0.0	0.0	0.0	0.0	0.0	0.0	0.0	0.0	0.0	0.0	0.0	0.0	0.0	0.0	0.0	0.0	0.0	0.0	0.0	0.0	0.0	0.0	0.0	0.0	0.0	0.0	0.0	0.0	0.0	0.0	0.0	0.0	0.0	0.0	0.0	0.0	0.0	0.0	0.0	0.0	0.0	0.0	0.0	0.0	0.0	0.0	0.0	0.0	0.0	0.0	0.0	0.0	0.0	0.0	0.0	0.0	0.0	0.0	0.0	0.0	0.0	0.0	0.0	0.0
896	Desulfococcus	genus	0.0	1.0102744915793621e-05	0.0	0.0	0.0	0.0	4.4414834554741284e-05	3.253397360193382e-06	0.0	0.0	1.3428947439099723e-05	4.504200166655406e-06	0.0	4.211652378635972e-06	3.3904568810170014e-06	1.8772761973893347e-05	1.6417261108329298e-06	3.0648475774678535e-06	1.3091095698527775e-06	1.3290325838918592e-06	4.858087176755024e-06	1.044505327499423e-06	1.2062406064012777e-06	1.3498118362300295e-06	0.0	2.7312703138229592e-05	1.993497212094149e-06	2.8157953605078442e-05	3.11522597849248e-06	4.587488450997824e-06	0.0	9.504565042589956e-07	4.523075600947132e-06	1.763972357196261e-05	3.4876563123963513e-06	1.977107077153638e-05	4.017742350218565e-06	1.2053711337720884e-05	1.305242768628751e-06	5.9170617291547835e-06	2.0919648675420145e-06	1.8147008919254884e-06	8.348437047358179e-07	6.588248935668384e-07	3.638886597738068e-06	2.480167956974046e-06	1.8472360422844645e-06	5.0817656086430665e-06	5.12493568205719e-06	4.5311197303077536e-05	1.731233001455967e-06	2.537315452589415e-06	1.8661364351009068e-06	9.417800962310902e-06	7.267008043020688e-06	5.460945835818764e-05	2.0825003332000533e-06	5.450164513215832e-07	4.631517590164916e-05	0.0	4.9402867540043495e-06	2.7627152241494462e-06	2.3582722589948926e-06	6.232299157482187e-06	3.2606179305727495e-06	5.075581756836491e-06	2.7770333785526937e-06	1.946028078849944e-05	3.7433675548430085e-06	2.4023361384315058e-05	1.7929557458180427e-06	2.1272062984876732e-07	1.4593938261803577e-06	4.09886671458925e-06	1.948795875568409e-06	2.509997319322863e-06	3.0450920272487013e-07	4.79799827511962e-07	1.6505455135449542e-07	8.142764373505887e-06
218207	Desulfatibacillum	genus	0.0	0.0	0.0	0.0	0.0	0.0	0.0	0.0	0.0	0.0	0.0	0.0	0.0	0.0	0.0	0.0	0.0	0.0	0.0	0.0	0.0	0.0	0.0	0.0	0.0	0.0	0.0	0.0	0.0	0.0	0.0	0.0	0.0	0.0	0.0	0.0	0.0	0.0	0.0	0.0	0.0	0.0	0.0	0.0	0.0	0.0	0.0	0.0	0.0	0.0	0.0	0.0	0.0	0.0	0.0	0.0	0.0	0.0	0.0	0.0	0.0	0.0	0.0	0.0	0.0	0.0	0.0	0.0	0.0	0.0	0.0	0.0	0.0	0.0	0.0	0.0	0.0	0.0	0.0	0.0
2295	Desulfobacterium	genus	0.0	0.0	0.0	0.0	0.0	0.0	0.0	0.0	0.0	0.0	0.0	0.0	0.0	0.0	0.0	0.0	0.0	0.0	0.0	0.0	0.0	0.0	0.0	0.0	0.0	0.0	0.0	0.0	0.0	0.0	0.0	0.0	0.0	0.0	0.0	0.0	0.0	0.0	0.0	0.0	0.0	0.0	0.0	0.0	0.0	0.0	0.0	0.0	0.0	0.0	0.0	0.0	0.0	0.0	0.0	0.0	0.0	0.0	0.0	0.0	0.0	0.0	0.0	0.0	0.0	0.0	0.0	0.0	0.0	0.0	0.0	0.0	0.0	0.0	0.0	0.0	0.0	0.0	0.0	0.0
28222	Desulfobacula	genus	0.0	0.0	0.0	0.0	0.0	0.0	0.0	0.0	0.0	0.0	0.0	0.0	0.0	0.0	0.0	0.0	0.0	0.0	0.0	0.0	0.0	0.0	0.0	0.0	0.0	0.0	0.0	0.0	0.0	0.0	0.0	0.0	0.0	0.0	0.0	0.0	0.0	0.0	0.0	0.0	0.0	0.0	0.0	0.0	0.0	0.0	0.0	0.0	0.0	0.0	0.0	0.0	0.0	0.0	0.0	0.0	0.0	0.0	0.0	0.0	0.0	0.0	0.0	0.0	0.0	0.0	0.0	0.0	0.0	0.0	0.0	0.0	0.0	0.0	0.0	0.0	0.0	0.0	0.0	0.0
43773	Syntrophus	genus	0.0	0.0	0.0	0.0	0.0	0.0	0.0	0.0	0.0	0.0	0.0	0.0	0.0	0.0	0.0	0.0	0.0	0.0	0.0	0.0	0.0	0.0	0.0	0.0	0.0	0.0	0.0	0.0	0.0	0.0	0.0	0.0	0.0	0.0	0.0	0.0	0.0	0.0	0.0	0.0	0.0	0.0	0.0	0.0	0.0	0.0	0.0	0.0	0.0	0.0	0.0	0.0	0.0	0.0	0.0	0.0	0.0	0.0	0.0	0.0	0.0	0.0	0.0	0.0	0.0	0.0	0.0	0.0	0.0	0.0	0.0	0.0	0.0	0.0	0.0	0.0	0.0	0.0	0.0	0.0
2357	Desulfomonile	genus	0.0	0.0	0.0	0.0	0.0	0.0	0.0	0.0	0.0	0.0	0.0	0.0	0.0	0.0	0.0	0.0	0.0	0.0	0.0	0.0	0.0	0.0	0.0	0.0	0.0	0.0	0.0	0.0	0.0	0.0	0.0	0.0	0.0	0.0	0.0	0.0	0.0	0.0	0.0	0.0	0.0	0.0	0.0	0.0	0.0	0.0	0.0	0.0	0.0	0.0	0.0	0.0	0.0	0.0	0.0	0.0	0.0	0.0	0.0	0.0	0.0	0.0	0.0	0.0	0.0	0.0	0.0	0.0	0.0	0.0	0.0	0.0	0.0	0.0	0.0	0.0	0.0	0.0	0.0	0.0
60892	Desulfobacca	genus	0.0	0.0	0.0	0.0	0.0	0.0	0.0	0.0	0.0	0.0	0.0	0.0	0.0	0.0	0.0	0.0	0.0	0.0	0.0	0.0	0.0	0.0	0.0	0.0	0.0	0.0	0.0	0.0	0.0	0.0	0.0	0.0	0.0	0.0	0.0	0.0	0.0	0.0	0.0	0.0	0.0	0.0	0.0	0.0	0.0	0.0	0.0	0.0	0.0	0.0	0.0	0.0	0.0	0.0	0.0	0.0	0.0	0.0	0.0	0.0	0.0	0.0	0.0	0.0	0.0	0.0	0.0	0.0	0.0	0.0	0.0	0.0	0.0	0.0	0.0	0.0	0.0	0.0	0.0	0.0
29526	Syntrophobacter	genus	0.0	0.0	0.0	0.0	0.0	0.0	0.0	0.0	0.0	0.0	0.0	0.0	0.0	0.0	0.0	0.0	0.0	0.0	0.0	0.0	0.0	0.0	0.0	0.0	0.0	0.0	0.0	0.0	0.0	0.0	0.0	0.0	0.0	0.0	0.0	0.0	0.0	0.0	0.0	0.0	0.0	0.0	0.0	0.0	0.0	0.0	0.0	0.0	0.0	0.0	0.0	0.0	0.0	0.0	0.0	0.0	0.0	0.0	0.0	0.0	0.0	0.0	0.0	0.0	0.0	0.0	0.0	0.0	0.0	0.0	0.0	0.0	0.0	0.0	0.0	0.0	0.0	0.0	0.0	0.0
958	Bdellovibrio	genus	1.5616459748575e-05	0.0	8.592910848549946e-05	6.635700066357e-05	1.9353590090961872e-05	0.0	7.994670219853431e-05	5.530775512328749e-05	3.64156587332553e-05	2.2451152706326092e-05	1.3428947439099723e-05	2.7025200999932437e-05	2.188375350140056e-05	4.211652378635972e-05	1.5257055964576506e-05	5.6318285921680035e-05	2.2984165551661015e-05	2.29863568310089e-05	1.7018424408086107e-05	2.1264521342269748e-05	4.696150937529857e-05	2.924614916998384e-05	2.050609030882172e-05	4.0494355086900884e-05	1.8667432510051695e-05	6.952324435185714e-05	1.6944726302800267e-05	7.039488401269611e-05	1.7652947211457385e-05	1.1927469972594344e-05	6.071169896225493e-06	2.0910043093697903e-05	6.332305841325984e-05	8.141410879367358e-05	1.569445340578358e-05	2.5702392002997295e-05	4.419516585240422e-05	3.9605051538225765e-05	2.8715340909832524e-05	2.130142222495722e-05	3.765536761575626e-05	1.6332308027329394e-05	1.4192342980508903e-05	9.223548509935739e-06	3.274997937964261e-05	3.844260333309772e-05	1.1083416253706786e-05	2.1597503836733036e-05	1.1274858500525819e-05	7.249791568492405e-05	2.0774796017471605e-05	1.7761208168125907e-05	2.239363722121088e-05	2.6369842694470527e-05	1.816752010755172e-05	4.620800322615877e-05	2.6031254165000666e-05	1.5805477088325912e-05	3.953734528189562e-05	6.1234693127738455e-06	2.1737261717619136e-05	1.657629134489668e-05	2.0045314201456586e-05	3.917445184703089e-05	1.3042471722290998e-05	3.362572913904176e-05	4.651530909075762e-05	0.00010742074995251692	1.4973470219372034e-05	5.4275001646045135e-05	1.299892915718081e-05	1.0636031492438366e-07	4.280888556795716e-05	2.049433357294625e-05	2.6795943289065623e-06	2.509997319322863e-05	3.958619635423312e-06	2.39899913755981e-06	6.602182054179817e-06	1.764265614259609e-05
1652133	Halobacteriovorax	genus	0.0	0.0	0.0	0.0	0.0	0.0	0.0	0.0	0.0	0.0	0.0	0.0	0.0	0.0	0.0	0.0	0.0	0.0	0.0	0.0	0.0	0.0	0.0	0.0	0.0	0.0	0.0	0.0	0.0	0.0	0.0	0.0	0.0	0.0	0.0	0.0	0.0	0.0	0.0	0.0	0.0	0.0	0.0	0.0	0.0	0.0	0.0	0.0	0.0	0.0	0.0	0.0	0.0	0.0	0.0	0.0	0.0	0.0	0.0	0.0	0.0	0.0	0.0	0.0	0.0	0.0	0.0	0.0	0.0	0.0	0.0	0.0	0.0	0.0	0.0	0.0	0.0	0.0	0.0	0.0
453229	Desulfarculus	genus	0.0	0.0	0.0	0.0	0.0	0.0	0.0	0.0	0.0	0.0	0.0	0.0	0.0	0.0	0.0	0.0	0.0	0.0	0.0	0.0	0.0	0.0	0.0	0.0	0.0	0.0	0.0	0.0	0.0	0.0	0.0	0.0	0.0	0.0	0.0	0.0	0.0	0.0	0.0	0.0	0.0	0.0	0.0	0.0	0.0	0.0	0.0	0.0	0.0	0.0	0.0	0.0	0.0	0.0	0.0	0.0	0.0	0.0	0.0	0.0	0.0	0.0	0.0	0.0	0.0	0.0	0.0	0.0	0.0	0.0	0.0	0.0	0.0	0.0	0.0	0.0	0.0	0.0	0.0	0.0
33001	Desulfurella	genus	0.0	0.0	0.0	0.0	0.0	0.0	0.0	0.0	0.0	0.0	0.0	0.0	0.0	0.0	0.0	0.0	0.0	0.0	0.0	0.0	0.0	0.0	0.0	0.0	0.0	0.0	0.0	0.0	0.0	0.0	0.0	0.0	0.0	0.0	0.0	0.0	0.0	0.0	0.0	0.0	0.0	0.0	0.0	0.0	0.0	0.0	0.0	0.0	0.0	0.0	0.0	0.0	0.0	0.0	0.0	0.0	0.0	0.0	0.0	0.0	0.0	0.0	0.0	0.0	0.0	0.0	0.0	0.0	0.0	0.0	0.0	0.0	0.0	0.0	0.0	0.0	0.0	0.0	0.0	0.0
84404	Hippea	genus	0.0	0.0	0.0	0.0	0.0	0.0	0.0	0.0	0.0	0.0	0.0	0.0	0.0	0.0	0.0	0.0	0.0	0.0	0.0	0.0	0.0	0.0	0.0	0.0	0.0	0.0	0.0	0.0	0.0	0.0	0.0	0.0	0.0	0.0	0.0	0.0	0.0	0.0	0.0	0.0	0.0	0.0	0.0	0.0	0.0	0.0	0.0	0.0	0.0	0.0	0.0	0.0	0.0	0.0	0.0	0.0	0.0	0.0	0.0	0.0	0.0	0.0	0.0	0.0	0.0	0.0	0.0	0.0	0.0	0.0	0.0	0.0	0.0	0.0	0.0	0.0	0.0	0.0	0.0	0.0
28196	Arcobacter	genus	0.0038416490981494494	0.004556337957022923	0.0052703186537773	0.025801813758018138	0.0009580027095026127	0.0004998703166631299	0.034625805018876306	0.020551711124341593	0.012558200026011185	0.0031335394562972277	0.04660516208739559	0.003747494538657298	0.0034273324714501185	0.0026175419533222568	0.016977712831692634	0.011992666107655533	0.01370677129934413	0.0028748270276648465	0.0015800952508123025	0.0041771494111721135	0.0011481279361064375	0.002098411202946341	0.00978140507730796	0.01279756601929691	0.031045376220562894	0.010939979093367235	0.026890283893937973	0.001966363760087978	0.01890630646347086	0.0265698156104892	0.000320557770520706	0.014236887977295495	0.008216166829120465	0.0007367976845827459	0.002371606292429519	0.0021184702331701233	0.0157977629210594	0.0261117826750285	0.0010533309142834021	0.003844906711604778	0.004851266527829932	0.005236319423650997	0.020803470278311847	0.0024350168066230348	0.012378279243305661	0.00783981091199496	0.0061506802754598385	0.015437133477655476	0.017029136284339632	0.05539444907625572	0.014645365575816752	0.01735016306480642	0.005290496793511071	0.011047080528790689	0.003553566933037116	0.0007193745956799718	0.007783344995335199	0.005921603743609001	0.0013374919089646977	0.008205448879116952	0.012375418318780895	0.005032976459594254	0.031184023648754212	0.006669450426957008	0.0021351613082033886	0.007921079779262949	0.003828140512334888	0.01146911108551003	0.02756348483989617	0.008979398632981762	0.03193567950557452	5.658368753977211e-05	0.026869386198415293	0.010970104403258804	0.0006847581507778497	0.026512097685079672	0.0008307011050334458	0.0002725263020267944	0.0004238600878783442	0.012759033209585933
194	Campylobacter	genus	0.0025298664792691495	0.002242809371306184	0.0034085213032581455	0.00595001105950011	0.0020563189471646992	0.00038669213175827026	0.006733288918498778	0.0033249721021176362	0.0025282871634802967	0.0017191168357986837	0.009964278999811995	0.0027745873026597304	0.0012507406808877396	0.002139519408347074	0.003126001244297675	0.005988511069671978	0.0037020923799282565	0.0023323490064530365	0.0015787861412424498	0.0020998714825491375	0.0010412500182178268	0.0009181201828719927	0.002423337378260167	0.0038213173083672136	0.005323090178058587	0.0022495735493850916	0.0031746443102599322	0.0031552551345246233	0.0034662081054026325	0.005134317074356765	0.0004274103606942747	0.002749670666821274	0.00404589112504721	0.0010624541197574403	0.0025268069983311564	0.001299947903228517	0.004686696451529956	0.0048748652567268316	0.0015754280217349025	0.0031786455609019494	0.0023199890381040943	0.0029207610855540734	0.0024878342401127374	0.0014625912637183814	0.004116793704241001	0.003740093279116862	0.0016403456055486044	0.005911363844254048	0.00277976511394782	0.014531300975096965	0.0023951608575143303	0.0048589590917087295	0.0029027752247994605	0.0032792782950766563	0.0013656784400848164	0.0014198459173128785	0.0037703668532586966	0.0014453836289048385	0.0011612683128511057	0.0010424305994804416	0.00587202483580957	0.002208100142901445	0.00462162405956524	0.002922057976408077	0.001614549311955273	0.0025441353556142914	0.0014954324743506255	0.002401398649300831	0.0036685002037461483	0.0058127637008788995	0.00442411830280602	4.467133226824114e-05	0.0038805281838135714	0.0026570903477324812	0.00041874751376276185	0.005769479838195533	0.0011452591114482367	0.0003622488697715313	0.0004609973619331057	0.0051489413388468895
57665	Sulfurospirillum	genus	0.0006246583899429999	0.0010203772364951558	0.0006158252774794128	0.0019907100199071004	0.0005031933423650087	0.00011317818490485959	0.005089940039973351	0.0022546043706140138	0.0013785927949018077	0.0004618522842444225	0.0038406789675825208	0.0007026552259982434	0.0002457713854772678	0.0008444363019165125	0.003548113125984292	0.002193284357283206	0.0023181172684960966	0.0012811062873815627	0.0003194227350440777	0.0002950452336239928	0.00039188569892490533	0.00036139884331480034	0.0008962367705561493	0.0006560085524077943	0.0016973004020677772	0.0012737651554465255	0.0008113533653223186	0.0004364482808787159	0.0009158764376767891	0.0010872347628864845	0.00015481483235375008	0.001076867219325442	0.0011963534964505164	0.0005644711543028035	0.00039584899145698587	0.0003015088292659298	0.0012434912573926458	0.0024348496902196187	0.0003028163223218703	0.0008615241877649364	0.0003901514477965857	0.0006124615510248523	0.0006411599652371081	0.0003412712948676223	0.000855138350468446	0.0014310569111740247	0.0005443188871264888	0.0023236373245520423	0.0012115347952383199	0.011897210038544725	0.0006751808705678271	0.010066376172239738	0.0012960317541775798	0.005591348431323983	0.00047495088281170923	0.0006689658648877985	0.000661193855791017	0.0004332880788006586	0.0004089291140584633	0.0003000499963259184	0.0009663200890832508	0.0004075004955620433	0.0023205399028509745	0.001272279356577435	0.0004081206776433558	0.0008285887218035572	0.0005505468672980715	0.0018238175154981675	0.0017214143084342349	0.007238149809681593	0.0011959014824606345	1.850669479684276e-05	0.0010186568906738896	0.000509796547627038	0.0001325181195386518	0.007972253485633277	0.0002009760737984143	0.00015641474376889962	0.00012692694999160697	0.05775052062799713
209	Helicobacter	genus	0.0002498633559772	0.00032328783730539587	0.0003150733977801647	0.00068568900685689	0.00019353590090961874	3.7726061634953195e-05	0.0006751054852320675	0.000426195054185333	0.00022369618936142542	0.0002790357550643386	0.0005573013187226385	0.00030178141116591223	0.00021547080370609782	0.00021479427131043457	0.0003458266018637341	0.0003691976521532358	0.0003464042093857482	0.0003432629286763996	0.00031549540633451936	0.000273780712281723	0.00027529160668278473	0.00015667579912491343	0.00026175421158907726	0.00032530465253143714	0.00042647903503733486	0.0003898267629729133	0.00027510261526899254	0.0002158776443056014	0.00030217691991377057	0.00033672165230324034	9.835295231885299e-05	0.0002547223431414108	0.00044326140889281893	0.00028223557715140174	0.0002964507865536899	0.0002698751160314716	0.0005022177937773207	0.00034611371126884254	0.00019187068698842642	0.0002520668296619938	0.00018513889077746828	0.00023318906461242527	0.0002654802981059901	0.00014757677615897182	0.0004160460343413858	0.0003063007426862947	0.00018287636818616198	0.0003900255104633554	0.0002839214367859683	0.0012234023271830935	0.00025968495021839506	0.0005209954395983599	0.0003237746714900073	0.0005095030320610198	0.000182713345081663	0.00042427348416745783	0.0004206650673064108	0.0001678650670070476	0.00030726165476216026	0.00014264081457990838	0.0004298049475983784	0.00018372056240593818	0.00044984043340327574	0.00034455711056365806	0.00026954441559401393	0.00032166499383951263	0.00022493970366276817	0.0003175917824683109	0.0003363683131423218	0.0005285139504549313	0.00032228379531079317	1.0955112437211518e-05	0.00037506421332835193	0.0002956307617897497	5.578428193814571e-05	0.0004989874670813852	0.000248479509423494	6.357347714533497e-05	9.111011234768146e-05	0.0008923112625966868
202746	Sulfurimonas	genus	0.0	0.0	2.8643036161833155e-05	9.953550099535501e-05	1.4515192568221405e-05	0.0	4.4414834554741284e-05	4.554756304270735e-05	3.901677721420211e-05	9.62192258842547e-06	0.0001745763167082964	4.504200166655406e-06	1.1783559577677225e-05	1.2634957135907916e-05	2.373319816711901e-05	6.883346057094226e-05	2.6267617773326877e-05	9.194542732403561e-06	9.163766988969442e-06	2.6580651677837185e-05	8.096811961258374e-06	8.356042619995384e-06	1.8093609096019164e-05	3.239548406952071e-05	4.738655944859276e-05	3.972756820106122e-05	3.488620121164761e-05	1.4078976802539221e-05	4.3613163698894715e-05	7.890480135716258e-05	3.0355849481127467e-06	2.2810956102215893e-05	4.975383161041845e-05	8.141410879367358e-06	1.7438281561981756e-05	8.89698184719137e-06	2.6115325276420673e-05	6.715639173873064e-05	1.8273398760802515e-05	2.9585308645773916e-05	1.2551789205252088e-05	1.9054359365217628e-05	2.8384685961017807e-05	1.71294472327378e-05	7.399069415400739e-05	3.4722351397636646e-05	1.90881057702728e-05	8.76604567490929e-05	2.4599691273874513e-05	0.0004712364519520064	1.990917951674362e-05	3.1293557248602785e-05	1.959443256855952e-05	4.614722471532342e-05	1.1938656070676844e-05	3.465600241961908e-05	2.3948753831800613e-05	1.4170427734361161e-05	9.037107493004715e-06	6.1234693127738455e-06	5.4343154294047846e-05	1.2432218508672508e-05	5.718810228062614e-05	1.9587225923515445e-05	1.3042471722290998e-05	2.4109013344973336e-05	1.666220027131616e-05	4.436944019777873e-05	3.850320913552809e-05	5.4275001646045135e-05	4.885804407354166e-05	5.318015746219183e-07	4.961939009013216e-05	2.869206700212475e-05	3.4103927822447157e-06	0.00010190589116450823	2.131564419074091e-06	1.919199310047848e-06	1.4854909621904588e-06	4.478520405428238e-05
286130	Sulfuricurvum	genus	0.0	0.0	0.0	0.0	0.0	0.0	0.0	0.0	0.0	0.0	0.0	0.0	0.0	0.0	0.0	0.0	0.0	0.0	0.0	0.0	0.0	0.0	0.0	0.0	0.0	0.0	0.0	0.0	0.0	0.0	0.0	0.0	0.0	0.0	0.0	0.0	0.0	0.0	0.0	0.0	0.0	0.0	0.0	0.0	0.0	0.0	0.0	0.0	0.0	0.0	0.0	0.0	0.0	0.0	0.0	0.0	0.0	0.0	0.0	0.0	0.0	0.0	0.0	0.0	0.0	0.0	0.0	0.0	0.0	0.0	0.0	0.0	0.0	0.0	0.0	0.0	0.0	0.0	0.0	0.0
843	Wolinella	genus	0.0	0.0	0.0	0.0	0.0	0.0	0.0	0.0	0.0	0.0	0.0	0.0	0.0	0.0	0.0	0.0	0.0	0.0	0.0	0.0	0.0	0.0	0.0	0.0	0.0	0.0	0.0	0.0	0.0	0.0	0.0	0.0	0.0	0.0	0.0	0.0	0.0	0.0	0.0	0.0	0.0	0.0	0.0	0.0	0.0	0.0	0.0	0.0	0.0	0.0	0.0	0.0	0.0	0.0	0.0	0.0	0.0	0.0	0.0	0.0	0.0	0.0	0.0	0.0	0.0	0.0	0.0	0.0	0.0	0.0	0.0	0.0	0.0	0.0	0.0	0.0	0.0	0.0	0.0	0.0
269260	Nitratifractor	genus	0.0	0.0	0.0	0.0	0.0	0.0	0.0	0.0	0.0	0.0	0.0	0.0	0.0	0.0	0.0	0.0	0.0	0.0	0.0	0.0	0.0	0.0	0.0	0.0	0.0	0.0	0.0	0.0	0.0	0.0	0.0	0.0	0.0	0.0	0.0	0.0	0.0	0.0	0.0	0.0	0.0	0.0	0.0	0.0	0.0	0.0	0.0	0.0	0.0	0.0	0.0	0.0	0.0	0.0	0.0	0.0	0.0	0.0	0.0	0.0	0.0	0.0	0.0	0.0	0.0	0.0	0.0	0.0	0.0	0.0	0.0	0.0	0.0	0.0	0.0	0.0	0.0	0.0	0.0	0.0
265570	Sulfurovum	genus	3.123291949715e-05	0.0001010274491579362	8.592910848549946e-05	0.00025436850254368504	4.8383975227404685e-05	4.715757704369149e-06	0.00028425494115034424	0.00019195044425140953	0.00011444921316165951	9.942653341372985e-05	0.0004767276340880402	9.458820349976353e-05	2.6933850463262227e-05	7.159809043681152e-05	0.00010679939175203555	0.00018772761973893346	0.00014118844553163195	5.210240881695351e-05	4.9746163654405546e-05	4.917420560399879e-05	9.068429396609379e-05	2.2979117204987304e-05	7.478691759687922e-05	8.368833384626184e-05	0.00020821367030442273	0.00019367189498017346	0.00015050903951310823	5.944456872183227e-05	0.0001381083517131666	0.00037800904836222075	2.4284679584901973e-05	7.698697684497864e-05	0.0001334307302279404	5.427607252911572e-05	7.498461071652156e-05	5.5358998160301864e-05	0.00019084276163538184	0.00021868876284150747	4.437825413337754e-05	6.153744198320975e-05	5.7529033857405395e-05	6.714393300124307e-05	0.00021789420693604845	4.150596829471082e-05	0.00011644437112761818	0.00014756999343995574	4.8028137099396074e-05	0.00018548444471547194	0.00013632328914272126	0.0013819915177438649	0.00017139206714414073	0.00014631852443265625	7.651159383913718e-05	0.00019589026001606678	4.619740827348866e-05	0.00011026909860787889	7.288751166200187e-05	6.049682609669573e-05	7.907469056379124e-05	4.178367295775094e-05	0.00015314888937413484	6.077973493128782e-05	0.00015446683296416546	7.21166045365796e-05	5.0539577923877616e-05	9.833939653870702e-05	8.122822632266629e-05	0.00012454579704639643	0.00018502931056795443	0.00021710000658418054	0.00019991456565871178	3.509890392504661e-06	0.00013912887809586078	0.00011169411797255706	2.14367546312525e-05	0.000259533722817984	3.380052150246059e-05	3.4305687667105284e-05	1.617534603274055e-05	0.00028499675307270606
269258	Nitratiruptor	genus	0.0	0.0	0.0	0.0	0.0	0.0	0.0	0.0	0.0	0.0	0.0	0.0	0.0	0.0	0.0	0.0	0.0	0.0	0.0	0.0	0.0	0.0	0.0	0.0	0.0	0.0	0.0	0.0	0.0	0.0	0.0	0.0	0.0	0.0	0.0	0.0	0.0	0.0	0.0	0.0	0.0	0.0	0.0	0.0	0.0	0.0	0.0	0.0	0.0	0.0	0.0	0.0	0.0	0.0	0.0	0.0	0.0	0.0	0.0	0.0	0.0	0.0	0.0	0.0	0.0	0.0	0.0	0.0	0.0	0.0	0.0	0.0	0.0	0.0	0.0	0.0	0.0	0.0	0.0	0.0
191291	Nautilia	genus	0.0	0.0	0.0	0.0	0.0	0.0	0.0	0.0	0.0	0.0	0.0	0.0	0.0	0.0	0.0	0.0	0.0	0.0	0.0	0.0	0.0	0.0	0.0	0.0	0.0	0.0	0.0	0.0	0.0	0.0	0.0	0.0	0.0	0.0	0.0	0.0	0.0	0.0	0.0	0.0	0.0	0.0	0.0	0.0	0.0	0.0	0.0	0.0	0.0	0.0	0.0	0.0	0.0	0.0	0.0	0.0	0.0	0.0	0.0	0.0	0.0	0.0	0.0	0.0	0.0	0.0	0.0	0.0	0.0	0.0	0.0	0.0	0.0	0.0	0.0	0.0	0.0	0.0	0.0	0.0
119977	Acidithiobacillus	genus	4.684937924572499e-05	0.00012123293898952346	4.296455424274973e-05	8.847600088476001e-05	8.709115540932843e-05	2.3578788521845746e-05	0.00024872307350655117	0.00016592326536986248	7.28313174665106e-05	0.00012187768612005594	0.00018800526414739614	0.00020268900749949328	5.7234432234432234e-05	9.05505261406734e-05	8.137096514440804e-05	0.000162697270440409	9.193666220664406e-05	6.436179912682492e-05	0.0001165107517168972	5.581936852345809e-05	0.0001667943264019225	7.102636226996075e-05	8.202436123528688e-05	6.749059181150148e-05	9.046524985640436e-05	0.00020360378703043877	5.980491636282447e-05	0.0001626903986071199	0.0001069560919282418	0.00013578965814953561	2.1856211626411774e-05	6.177967277683471e-05	0.00018770763743930597	0.00011940735956405459	0.00016915133115122304	0.00013839749540075466	0.0001727629210593983	0.0001446445360526506	6.65673812000663e-05	0.00010650711112478609	5.7529033857405395e-05	4.808957363602544e-05	5.5099684512563983e-05	3.623536914617611e-05	0.00016374989689821307	0.00014756999343995574	4.187068362511453e-05	0.0002058115071500442	0.00010557367505037812	0.0003232198740952864	6.751808705678271e-05	7.527369176015264e-05	0.00013436182332726528	0.00016575329693667188	0.0001334015047897369	0.00019638401371117477	0.00010724876715980275	5.9951809645374144e-05	0.00041231802936834007	1.7649999783877553e-05	8.596098951967568e-05	4.5584801198465864e-05	7.015859970509806e-05	0.00015847846429026133	0.00011466506389180835	7.676817407215194e-05	0.00037073395603678456	0.0002848985107436318	9.09103549033302e-05	0.0004359795214190511	9.099250410026567e-05	1.4358642514791795e-05	0.00010799514313734647	0.00013270080988482698	3.629632318246162e-05	0.00016716582146690268	1.979309817711656e-05	1.679299396291867e-05	1.0563491286687707e-05	0.00011874864711362753
1301	Streptococcus	genus	0.022175372842976496	0.019063879656102563	0.037221625492302186	0.019685910196859103	0.2007886587962067	0.005597604395086181	0.009105041083721963	0.03172713105660586	0.015200936402653142	0.018191848307183085	0.07849219778153789	0.06529738981600343	0.020378824606765784	0.045403718467885094	0.012690480105646636	0.04133449307285083	0.042317132232829596	0.12791907576456454	0.08386286815433878	0.016505255659353	0.019969977021247653	0.007643689986640777	0.05329291623141485	0.04519170027698139	0.011836588167719701	0.015935720794650683	0.010817712621428898	0.023990576471526835	0.023186626957919527	0.004854480278845898	0.0013204794524290448	0.0168629992985631	0.02217890120924426	0.028892510309061526	0.09015417184728948	0.06577835245690154	0.028102098868603754	0.009653300822751896	0.028171054675314337	0.17977335286752646	0.029583521174345397	0.08633983903603089	0.008386005014071291	0.00705799108478154	0.061021702319668907	0.0974346382737039	0.0066118735406835265	0.12365968432072039	0.010046923911104916	0.015408827829533234	0.02095138178362011	0.023868526462508626	0.06512816158502165	0.028060337967205334	0.01652310000181675	0.009451637023532475	0.07134958516593362	0.007447104790858112	0.004262125821388348	0.0012120867198519994	0.06823326453160647	0.015773722572281264	0.05398497898484633	0.016801388200120906	0.05071673816477207	0.036204124671514695	0.013588718579602968	0.0038103229783881904	0.017522703524220123	0.04697101003108801	0.026779138780601834	0.0008350348324713361	0.005975731253599838	0.04983658330767272	0.0027816625128894578	0.02262310783852083	0.002516464051318327	0.0008725159863305029	0.0016733230416318746	0.018205185448065788
1357	Lactococcus	genus	0.0010306863434059498	0.0004344180313791257	0.0009738632295023272	0.00030966600309666	0.003338494290690923	0.0005941854707505128	0.00024872307350655117	0.0010280735658211087	0.0005332292885940954	0.0002501699872990622	0.00044315526549029087	0.0002477310091660473	0.00011615223012281835	0.00018741853084930076	0.00032548386057763216	0.0002440459056606135	0.0066457072966516996	0.0063258453998936495	0.00015447492924262776	0.0008412776256035469	7.934875722033206e-05	0.0005316532116972063	0.00413499279874358	0.00021731970563303475	0.0004279149913842619	0.0010776102874537857	0.0008542135553823428	0.00012045346819950223	0.0014174278202140783	3.486491222758347e-05	3.157008346037256e-05	0.0007118919216899877	0.00023519993124925087	0.00012890567225664983	0.000228441488461961	0.00017497397632809696	0.0006850250707122654	0.00013431278347746128	0.0033335900310778304	0.0002556170666994866	0.0016725259115998405	0.0073731297238932595	0.0008907782329531177	0.00030964769997641404	0.0003651016219730528	0.000644843668813252	0.0002549185738352561	0.00027314490146456485	0.0005883426163001655	8.45809016324114e-05	0.001938115345129955	0.0016010460505839208	0.0006391517290220605	0.0011489717174019301	0.0009753362937739909	5.250909457518042e-05	0.0027259929361588696	0.00032537482143898516	5.3093006521402696e-05	1.5128571243323618e-05	0.0013338774235811743	0.00040542845914393126	0.0012433990485550572	0.0008484830138686463	0.00043366218476617564	0.0010607965871788267	0.0001902267864308595	0.0001424492553718159	0.0015101814249823793	0.00013613238117778534	0.0022550900893026434	3.4460742035500305e-05	0.0001415612011394947	0.0003796575294388293	2.387274947571301e-05	0.001712320171242057	1.7357024555317598e-05	1.1515195860287088e-05	4.968141995770312e-05	0.00013231992106947069
1350	Enterococcus	genus	0.010447411571796674	0.015497610700827415	0.008105979233798783	0.005673523556735236	0.008839752274046835	0.0010610454834830585	0.0014834554741283588	0.008601982620351303	0.005072181037846274	0.008492950338050214	0.0029409394891628396	0.0015944868589960139	0.0006447290454643396	0.0009834208304114996	0.0065605340647678975	0.002093162960089108	0.01008676522495752	0.018441187873624074	0.0013562375143674776	0.00642587254311714	0.002174803692793999	0.0019876936382314018	0.013407364340150201	0.0007437463217627463	0.0054954049396898335	0.003796465736213913	0.0014422952329501168	0.0010637449139696302	0.010312436397469605	0.00046884131969197765	0.0003509136200018335	0.005776874632886175	0.0019471840462077403	0.0006675956921081234	0.0016235040134205015	0.0010715920358172718	0.012979316662381075	0.000754217937988821	0.01216616784638859	0.003436629452293098	0.009684751354285755	0.012787289834952954	0.0022465644094440858	0.00285073531446371	0.0016168786115949483	0.002842272478692257	0.0033010108075623382	0.0026107570814403757	0.004894313576364617	0.0010164811928323728	0.004112543994958649	0.006191049704318173	0.002162852128281951	0.0015774816611870762	0.009944900506873812	0.0007183244137884681	0.03289413401306144	0.005887812723627063	0.0005275411499041502	0.00031517856756924204	0.02585153252635396	0.013421961237724048	0.003930650287679738	0.0027422116292921623	0.0023900329431098253	0.007020798465144077	0.0029325472477516445	0.0005020752443432856	0.007414541592556902	0.0019183098942438246	0.008883199242655493	0.00015262705191649057	0.0009899554787590093	0.001310100273650589	0.0003069353504020244	0.005918573678963311	0.00041047840527312494	0.0001110736600690192	0.001116428985361807	0.0015824105432513107
2737	Vagococcus	genus	0.0	0.0	0.0	0.0	0.0	0.0	0.0	0.0	0.0	0.0	0.0	0.0	0.0	0.0	0.0	0.0	0.0	0.0	0.0	0.0	0.0	0.0	0.0	0.0	0.0	0.0	0.0	0.0	0.0	0.0	0.0	0.0	0.0	0.0	0.0	0.0	0.0	0.0	0.0	0.0	0.0	0.0	0.0	0.0	0.0	0.0	0.0	0.0	0.0	0.0	0.0	0.0	0.0	0.0	0.0	0.0	0.0	0.0	0.0	0.0	0.0	0.0	0.0	0.0	0.0	0.0	0.0	0.0	0.0	0.0	0.0	0.0	0.0	0.0	0.0	0.0	0.0	0.0	0.0	0.0
33969	Melissococcus	genus	0.0	0.0	0.0	0.0	0.0	0.0	0.0	0.0	0.0	0.0	0.0	0.0	0.0	0.0	0.0	0.0	0.0	0.0	0.0	0.0	0.0	0.0	0.0	0.0	0.0	0.0	0.0	0.0	0.0	0.0	0.0	0.0	0.0	0.0	0.0	0.0	0.0	0.0	0.0	0.0	0.0	0.0	0.0	0.0	0.0	0.0	0.0	0.0	0.0	0.0	0.0	0.0	0.0	0.0	0.0	0.0	0.0	0.0	0.0	0.0	0.0	0.0	0.0	0.0	0.0	0.0	0.0	0.0	0.0	0.0	0.0	0.0	0.0	0.0	0.0	0.0	0.0	0.0	0.0	0.0
51668	Tetragenococcus	genus	0.0	0.0	0.0	0.0	0.0	0.0	0.0	0.0	0.0	0.0	0.0	0.0	0.0	0.0	0.0	0.0	0.0	0.0	0.0	0.0	0.0	0.0	0.0	0.0	0.0	0.0	0.0	0.0	0.0	0.0	0.0	0.0	0.0	0.0	0.0	0.0	0.0	0.0	0.0	0.0	0.0	0.0	0.0	0.0	0.0	0.0	0.0	0.0	0.0	0.0	0.0	0.0	0.0	0.0	0.0	0.0	0.0	0.0	0.0	0.0	0.0	0.0	0.0	0.0	0.0	0.0	0.0	0.0	0.0	0.0	0.0	0.0	0.0	0.0	0.0	0.0	0.0	0.0	0.0	0.0
1578	Lactobacillus	genus	0.005528226750995549	0.004920036773991493	0.01907626208378088	0.00488829904888299	0.0318269789045868	0.0012543915493621939	0.0027626027093049076	0.0074860673258049714	0.003313824944726232	0.005173387045043427	0.004478553970939758	0.0038240659414904396	0.0015874138116785176	0.0043506369071309595	0.0026309945396691932	0.018569390385842835	0.0055129162801769785	0.008183143031839169	0.007120246950429257	0.0039060267640581743	0.008832002487340635	0.0017098552211165553	0.005574037842180304	0.002925042249110474	0.0032107983917288915	0.0043799643941669995	0.0017423165633702862	0.004136090518434856	0.003084073718707555	0.0014028539683151348	0.00038248370346220605	0.007297605039700568	0.008175459148711942	0.019704928131695464	0.0076152975581174325	0.006636159904466186	0.010594786577526357	0.002684533710786694	0.006280828202641551	0.003816504815304835	0.004556299481506507	0.011870865884530582	0.0021121545729816194	0.0017162388477416142	0.005816153745384679	0.05036601078625044	0.002839201796991222	0.004527853157300973	0.0028156396637222204	0.0036913522069573833	0.00323654009622193	0.003795823917073765	0.004374223803876525	0.01389031463931235	0.0027998743845752566	0.024832601006494325	0.015845745035319207	0.0019478887970233382	0.002843299944986608	0.0005514724422268681	0.14113312393104546	0.004071551561590246	0.0034336444090965635	0.009487339974590026	0.005638695274603808	0.0035535416775051487	0.0026763659185801585	0.0014743108725367177	0.003894171790623827	0.007356487108352478	0.0036728698453082605	0.03547212227011627	0.0016403586606267221	0.0046327441041645	0.0008725733532857551	0.0038377859012446573	0.000968643773867812	0.00043014054536447393	0.0006488294413745215	0.007865231821108895
1253	Pediococcus	genus	6.24658389943e-05	6.061646949476173e-05	7.160759040458288e-05	0.00016589250165892502	5.806077027288562e-05	1.4147273113107449e-05	0.0	6.181454984367425e-05	3.901677721420211e-05	6.093884306002797e-05	2.6857894878199446e-05	1.3512600499966218e-05	1.3466925231631114e-05	2.5269914271815832e-05	4.068548257220402e-05	7.821984155788895e-05	5.7460413879152544e-05	6.742664670429278e-05	1.4400205268380553e-05	9.701937862410573e-05	2.7529160668278473e-05	1.044505327499423e-05	5.7899549107261325e-05	3.239548406952071e-05	5.6002297530155085e-05	2.7312703138229592e-05	1.8938223514894416e-05	3.441527662842921e-05	4.8805206996382184e-05	1.1009972282394779e-05	8.49963785471569e-06	2.6612782119251876e-05	4.070768040852419e-05	2.0353527198418394e-05	4.359570390495439e-05	3.855358800449594e-05	9.642581640524557e-05	2.5829381437973322e-05	4.307301136474879e-05	2.3668246916619134e-05	5.020715682100835e-05	6.98659843391313e-05	1.9201405208923813e-05	2.8988295316940892e-05	4.973145016908693e-05	8.928604645106566e-05	3.756046619311745e-05	2.6679269445376103e-05	2.3574704137463074e-05	5.739418325056488e-05	2.250602901892757e-05	3.721395997131142e-05	5.318488840037584e-05	5.179790529270996e-05	2.076288012291625e-05	2.4154183504582995e-05	0.0001291150206584033	3.760613514118924e-05	4.17966221551468e-05	2.521428540553936e-06	0.00020946815836978442	5.870769851317573e-05	2.829926710793871e-05	4.006478029809977e-05	4.564865102801849e-05	7.359593547412913e-05	4.234975902292858e-05	2.023869202003942e-05	3.422507478713608e-05	5.249549339535513e-05	4.2582698963178514e-05	4.6798538566728815e-06	1.4107473653076791e-05	2.203140859091722e-05	9.500379893395994e-06	2.8613969440280637e-05	1.3093895717169416e-05	2.878798965071772e-06	3.4661455784444036e-06	0.00012824853888271774
2747	Carnobacterium	genus	0.0038728820176465997	0.00783973005465585	0.0021768707482993197	0.0017805795178057952	0.0005757693052061158	0.00016033576194855108	0.0004885631801021541	0.004437633999303773	0.0019846534009624137	0.0029090279292339665	0.0006915907931136357	0.00025223520933270277	0.00020705397543632837	0.00017057192133475686	0.002831031495649196	0.00032852333454313354	0.0015859074230646102	0.004506858362666478	0.00015316581967277497	0.002030761788186761	0.00015060070247940576	0.0009703454492469639	0.0031157194863345003	0.0002686125554097759	0.0022458357265939116	0.0015617900249042193	0.00039172220217650026	0.0001798980369213345	0.0032512575128866516	0.00015780960271432516	0.00015967176827073046	0.002378042173656007	0.00042064603088808327	9.498312692595252e-05	0.00030865758364707706	0.00020166492186967107	0.004662589997428645	0.00015842020615290306	0.0014240198605739674	0.00028165213830776766	0.0035176389247718975	0.001159593869940387	0.0004566595064904924	0.0011568965131033683	0.00027655538142809315	0.0003025804907508336	0.0013915844851876298	0.00041416389710440996	0.0016625291352593526	0.00024014934570631096	0.000991996509834269	0.0020290065902540022	0.00041241615215730035	0.0003154963322374152	0.003748738006192529	0.00016907928453208096	0.00896724643475943	0.001329840141224663	9.150071336667273e-05	0.00021576224225597254	0.011242116537412297	0.004367162090574237	0.0016519697174259221	0.00034722809591686466	0.0007950473387379887	0.0024521404362716297	0.0007872889628196886	0.0001673584147810952	0.002647095628067556	0.0007909914174317069	0.0030547483519374904	4.0523279986190175e-05	0.00031279674341132334	0.00016344231024424633	6.065627162706673e-05	0.0017233641594470777	0.00010475116573735533	3.0227389133253605e-05	0.0005212422731774966	0.0006297071115511219
1375	Aerococcus	genus	0.0048567189818068245	0.010708909610741238	0.0032796276405298963	0.0024662685246626855	0.0009047803367524676	0.00020277758128787343	0.0006573395514101709	0.005768273519622866	0.002564702822213552	0.0037140621191322307	0.0009534552681760804	0.0005134788189987163	0.0002693385046326223	0.00029902731888315404	0.003748150081964295	0.0005318949225936448	0.0022984165551661016	0.006315118433372512	0.00026705835224996664	0.002656736135199827	0.00024938180840675795	0.0013651684630417457	0.004590951747963263	0.00029965822764306657	0.002873348650201034	0.0023439265238626122	0.0006000426608403388	0.0003504100893076428	0.004442312245330276	0.00023304441331068948	0.00019974148958581871	0.0024388713899285825	0.0006422767353344927	0.0002469561300074765	0.0005702318070768034	0.000426066575126609	0.006438432116225251	0.00024624010304201237	0.0018926020145116891	0.00045679716549074925	0.00452701197336092	0.0019816533739826334	0.0007271488668248974	0.0016055562656223854	0.0007665921099234863	0.0005307559427924459	0.0017327074076628278	0.0006568182049171164	0.0024456193074776913	0.0006117011635915468	0.0014525044882215564	0.002177862430139248	0.0007688482112615736	0.0004473455457097679	0.005179819518664532	0.000324506204474615	0.010797764227642276	0.0017582230719634271	0.0003908548990724539	0.00013003367187713872	0.01565280455138738	0.005334112419026544	0.00217491659085804	0.0005680295517819479	0.0010944807520289195	0.0032813636057947917	0.0010879028260480177	0.00028022804335439195	0.0037380198869075183	0.0013675520906552684	0.004311610329755938	4.647945762195566e-05	0.00047576238733479663	0.00030997679529081205	0.00010255538295178752	0.0022896195546863157	0.00011175487740002735	4.9659282147488065e-05	0.0006692962057424789	0.0012560214046132832
1243	Leuconostoc	genus	0.000327945654720075	0.0002525686228948405	0.0011743644826351593	0.00047555850475558504	0.0006725372556609251	0.0002074933389922426	0.0002664890073284477	0.00046198242514746026	0.00024190401872805305	0.00028865767765276403	0.00038272500201434214	0.0002927730108326014	0.00019190368455074337	0.00021900592368907055	0.0002746270073623771	0.0003566824775039736	0.0007371350237639854	0.0008734815595783383	0.0002565854756911444	0.00032561298305350554	0.00021051711099271772	0.00017234337903740477	0.0005729642880406069	0.00030370766315175666	0.00029437105112004594	0.0004692818993750357	0.00022127819054245052	0.00028157953605078444	0.0002917928333187956	0.00015780960271432516	6.556863487923532e-05	0.0002556727996456698	0.0005065844673060787	0.0001736834320931703	0.0004132872730189676	0.00030941725757454436	0.0006066790948830033	0.00024624010304201237	0.0006904734246046093	0.00029111943707441535	0.00048219790196843437	0.002125014744444747	0.0002713242040391408	0.00019830629296361838	0.0004111941855444017	0.0006250023251574597	0.0002142793809049979	0.00030744681932290554	0.00023882200278386507	0.0007128961709017532	0.0005955441525008526	0.0005167665805107109	0.0005924983181445378	0.0005198626131195618	0.0002475973454657763	0.00023209019802229746	0.0008413301346128216	0.00015968982023722387	0.00018639034204322223	0.00012138877402381093	0.0021322277630282773	0.00036053433675150274	0.0003973688756406394	0.0005867264492543944	0.00038149229787701167	0.0004593401489937025	0.00014995980244184544	0.00020160850896885422	0.00036257188602622283	0.0004973725560678562	0.000376520706621789	2.0952982040103583e-05	0.000159073927053659	0.00048110448062491323	6.236146801818909e-05	0.0004633455051470005	0.00013550659521256722	4.102288525227275e-05	8.087673016370275e-05	0.0004722803336633415
46255	Weissella	genus	4.684937924572499e-05	2.0205489831587242e-05	0.00014321518080916577	7.7416500774165e-05	3.386878265918328e-05	0.0	2.664890073284477e-05	7.808153664464117e-05	5.9825725061776566e-05	2.8865767765276406e-05	4.028684231729917e-05	4.504200166655406e-05	2.020038784744667e-05	3.158739283976979e-05	4.407593945322102e-05	7.196225423325783e-05	7.059422276581598e-05	7.662118943669633e-05	2.3563972257349995e-05	3.58838797650802e-05	3.076788545278182e-05	2.7157138514984995e-05	6.393075213926772e-05	2.4296613052140532e-05	6.318207926479035e-05	5.4625406276459184e-05	2.2925217939082713e-05	6.726622250102073e-05	4.67283896773872e-05	1.8349953803991297e-05	4.249818927357845e-06	4.0869629683136814e-05	7.91538230165748e-05	1.4925919945506823e-05	8.370375149751243e-05	7.908428308614553e-05	0.0001265588840318848	4.4770927825820426e-05	0.00012399806301973136	4.496966914157635e-05	5.6483051423634395e-05	5.7163078095652884e-05	2.5880154846810355e-05	2.56941708491067e-05	7.884254295099147e-05	0.00014384974150449467	3.14030127188359e-05	6.0981187303716805e-05	3.177460122875458e-05	2.869709162528244e-05	4.154959203494321e-05	8.965181265815933e-05	5.131875196527493e-05	0.000156335495974361	4.93118402919261e-05	2.4154183504582995e-05	0.00010829001732640277	2.0710625150220158e-05	3.050023778889091e-05	7.9244896988838e-06	0.00012647134090251134	6.077973493128782e-05	2.3582722589948924e-05	2.6709853532066515e-05	5.1626450567401867e-05	5.836919020361965e-05	2.1522008683783376e-05	1.2454579704639643e-05	4.759424462586111e-05	5.160573927001013e-05	7.261470770563073e-05	6.275258580538637e-06	1.5080402870530364e-05	3.791451710995056e-05	7.307984533381533e-06	4.3171953892353246e-05	5.785674851772533e-06	7.19699741267943e-07	4.951636540634862e-06	6.242786019687847e-05
46254	Oenococcus	genus	0.0	0.0	0.0	0.0	0.0	0.0	0.0	0.0	0.0	0.0	0.0	0.0	0.0	0.0	0.0	0.0	0.0	0.0	0.0	0.0	0.0	0.0	0.0	0.0	0.0	0.0	0.0	0.0	0.0	0.0	0.0	0.0	0.0	0.0	0.0	0.0	0.0	0.0	0.0	0.0	0.0	0.0	0.0	0.0	0.0	0.0	0.0	0.0	0.0	0.0	0.0	0.0	0.0	0.0	0.0	0.0	0.0	0.0	0.0	0.0	0.0	0.0	0.0	0.0	0.0	0.0	0.0	0.0	0.0	0.0	0.0	0.0	0.0	0.0	0.0	0.0	0.0	0.0	0.0	0.0
1386	Bacillus	genus	0.0092449441711564	0.011335279795520443	0.011600429645542427	0.009964609599646096	0.008849429069092316	0.0025134988564287568	0.01167221852098601	0.010098545406040257	0.005636623748211731	0.007957329980627863	0.009507694786882605	0.0064274936378172646	0.003728654923507865	0.0068291943319582285	0.006909751123512649	0.011520218264645884	0.00912307199789859	0.011218874557321078	0.005169673691348619	0.006880401686808156	0.0049714425442126415	0.0034834252672105753	0.008584814395757893	0.007507653433111424	0.008602814474439977	0.007985241208413306	0.004320905207214068	0.008445821750767695	0.007710184296768887	0.004401236419887313	0.001895419241601599	0.005621950222691959	0.012852319320091276	0.004553762485192809	0.008722628437303275	0.00670338154508941	0.014958054769863718	0.006541721338857377	0.006120283342100214	0.00612297547732937	0.008262215244357187	0.00818702307392184	0.005092546598888489	0.0047817510775081135	0.010598863697011747	0.007896854775005364	0.005421637784104903	0.007940258763504793	0.005802452179225151	0.013184048041952128	0.006204739077218186	0.010956128124281093	0.00790588700730499	0.009823708183786502	0.006617129895173409	0.008911843531299622	0.01718375149940024	0.004150300276813856	0.007271482616558918	0.00245875303111731	0.02217299500932232	0.010013461329929668	0.00767853447528737	0.00828005459494062	0.007124450178301457	0.008089208424958158	0.004802184969862245	0.004803575709833202	0.00708886861528556	0.013179038104610172	0.012633614423970384	0.0002714315236870271	0.004818431949438815	0.005719968500209298	0.0016472197138241976	0.00852043690017339	0.004328293807531304	0.0013736669061667473	0.0021778948051225672	0.02162107510275151
129337	Geobacillus	genus	0.0022643866635433745	0.002475172504369437	0.0028643036161833156	0.0027316965273169653	0.0017611766982775306	0.00025465091603593405	0.003526537863646458	0.002436794622784843	0.0016361035245155418	0.001998152590863022	0.0018129079042784628	0.0023241672859941895	0.0009948691014867485	0.0015646288586632637	0.0017749041772124002	0.002709535311565273	0.0014233765380921501	0.0021254717949739563	0.0015905681273711246	0.00147256810295218	0.002111648559496184	0.0013202547339592706	0.0019408411356996557	0.0016089757087861952	0.0016025272831705917	0.002726304367797826	0.0008671712872609547	0.002527958501433709	0.0020809709536329765	0.0009597025839487449	0.0003345214612820247	0.0011871201738194856	0.005097506202267418	0.0019539386110481657	0.001996683238846911	0.0019187824183776057	0.0034150809976857804	0.002085292061425713	0.0012765274277189186	0.003274501960914257	0.0017039053846129707	0.001326546351997532	0.0009959685397498308	0.000999437363540894	0.0017381748315195506	0.002090781587729121	0.0010683181777878486	0.0020022156498053683	0.0014770064635688822	0.00437706165947729	0.0012447565280468403	0.0016441804132779408	0.00230467849734962	0.002546573380208868	0.002035800396051938	0.004040049736614382	0.004907412035185925	0.0013047693844638701	0.003753788524906833	0.00038145611777808835	0.004858277993887878	0.0021328161530433727	0.0016873438013108456	0.0049252969913130655	0.001892788708697481	0.0020276949118561783	0.0021279018263160015	0.0022246992997412562	0.0018444106709505051	0.0036746845376748587	0.0018673634092694915	0.00010912568311241763	0.0013445881785208362	0.0017230610951454559	0.00033226969678441375	0.0019798858854818743	0.0006129770250851637	0.00024085951341100493	0.000378139977153149	0.0025446138667205897
150247	Anoxybacillus	genus	0.00037479503396579993	0.0005455482254528556	0.00037235947010383103	0.00053085600530856	0.0007402748209792917	8.959939638301384e-05	0.0006129247168554297	0.000426195054185333	0.00023149954480426583	0.0003592184433012175	0.0004565842129293906	0.0002116974078328041	0.00016496983408748116	0.0002548049689074763	0.0002373319816711901	0.0004505462873734403	0.00029058552161742856	0.00037391140445107814	0.0002277850651543833	0.00024055489768442652	0.00020242029903145935	0.0002057675495173863	0.0003293036855475488	0.0002834604856083062	0.00034032165422171167	0.0004295543311739745	0.00016247002278567312	0.00029565851285332363	0.0003260603190822129	0.00019267451494190863	8.560349553677946e-05	0.00020529860491994305	0.0007960613057666952	0.00024152852275456495	0.00030168227102228437	0.00037663889819776806	0.0006066790948830033	0.0003168404123058061	0.00025452233988260646	0.00022603175805371273	0.00029601302875719506	0.00029488889493789185	0.00019869280172712464	0.0001607532740303086	0.00032386090719868806	0.0002963800708583985	0.00018472360422844644	0.00032523299895315626	0.00026034673264850524	0.0007400828892835998	0.00023458207169728352	0.0003526868479099287	0.00030511330713899824	0.0004143832423416797	0.0002730318736163487	0.0005292916733178187	0.0017545065307210449	0.00019784097182973468	0.00033550261567780003	6.915918282662226e-05	0.0009742245478896577	0.0003467207606307555	0.0002971423046333565	0.002691462907581236	0.00024128572686238345	0.00031468606892386244	0.00027492630447671667	0.0002545404727135727	0.0002684529303615986	0.0006495205115018516	0.00027073631761852446	1.159327432675782e-05	0.00024469169818957333	0.0002356848360888819	7.405424327159954e-05	0.00032880964883129506	0.00016717555229595372	4.893958240622013e-05	8.500309394756514e-05	0.0006880635895612475
400634	Lysinibacillus	genus	0.0005153431717029749	0.000666781164442379	0.0004439670605084139	0.00047555850475558504	0.00048383975227404683	0.0001037466694961213	0.0005329780146568954	0.0006701998561998366	0.0003303420470802445	0.00045543766918547217	0.0004901565815271399	0.00020719320766614867	0.0001851702219349278	0.00026533409985406625	0.00038481685599542966	0.0005850844148530093	0.00038908908826740436	0.00048424591723992085	0.00025789458526099716	0.0003335871785568567	0.0002445237212300029	0.00022874666672237362	0.00042459669345324975	0.00033745295905750737	0.00037478460654796097	0.0004146564930985765	0.0002551676431480511	0.0002596789054690568	0.00045793821883839453	0.0002532293624950799	0.0001244589828726226	0.00034216434153323843	0.0004523075600947132	0.00015740061033443558	0.00031040141180327526	0.00032029134649888937	0.0008336815376703523	0.00024968402056707546	0.0003641627324474216	0.0002899360247285844	0.00044454253435267807	0.0003711063323987624	0.00036232216785534496	0.00025957700806533436	0.00039906456355194147	0.00035094376591182755	0.00025553431918268427	0.0004014594830828023	0.00028084647537673403	0.0006781575863027272	0.0003557683817992012	0.0004431844323856178	0.0003834910374132363	0.00047465716850046946	0.0002927566097331191	0.0004358254849739975	0.0009589914034386246	0.00019675093892709152	0.00023496479481812255	0.00014372142681157437	0.0012657014663759144	0.0005035048496012366	0.0004103393730651113	0.00040866075904061767	0.00023313418203595157	0.00040541209282731475	0.0001978636282218794	0.0001875971068011346	0.00037647582265849686	0.0007509524817911819	0.00044689421964514716	1.2975958420774807e-05	0.0002685284640171858	0.00025617916966182814	0.00010791457160960065	0.00045380751533357364	0.00035840733160717215	7.988667128074167e-05	0.00017066640610054827	0.0009269180111840869
84406	Virgibacillus	genus	0.000327945654720075	0.0004142125415475385	0.00041532402434658075	0.000364963503649635	0.00015966711825043546	0.00016976727735728937	0.000310903841883189	0.0003643805043416588	0.00016907270126154247	0.000246962679769587	0.0002820078962210942	9.458820349976353e-05	0.00011110213316095669	0.00014951365944157702	0.0002322462963496646	0.0002878490169330313	0.00023476683384910895	0.0002666417392397033	0.00011781986128674997	0.0002352387673488591	7.287130765132537e-05	0.00011176207004243826	0.00023883564006745296	0.0002105706464518846	0.0002469844916714532	0.00021850162510583674	0.00013555781042240214	0.00016738339087463296	0.0002959464679567856	0.00014037714660053343	5.828323100376473e-05	0.00015872623621125226	0.00024424608245114513	0.00010176763599209197	0.00020228406611898838	0.00012950051355356329	0.0004399427873489329	0.00015497628862783995	0.00017490253099625264	0.0001313587703872362	0.00023743801246601864	0.00021867145747702136	0.0001260613994151085	0.0001199061306291646	0.00023167578005599032	0.00017981217688061837	0.00011514437996906495	0.00017786179630250736	0.00017322282605353303	0.0002673360640881575	0.00018177946515287653	0.0002875624179601337	0.00015675546054847616	0.0002119005216519953	0.00022735353734593293	0.0003024523847530392	0.0005393675862988138	0.00012371873444999936	0.0001366862508316963	5.006836673385673e-05	0.0007568519307134664	0.00028110627405720617	0.00018925134878434012	0.0001816270040180523	0.00014944498848458435	0.00027979144434561157	0.00011663540189921313	0.00013855719921411602	0.00023155402160671753	0.0002820520577343657	0.0002577373884613437	5.105295116370416e-06	0.00015664160401002505	0.00014294797667130008	3.580912421356951e-05	0.00023543774855248455	0.00017265671794500136	3.1906688529545474e-05	6.321589316877174e-05	0.0005584579232829455
1329200	Fictibacillus	genus	9.369875849144998e-05	0.00015154117373690433	5.728607232366631e-05	0.00012165450121654502	7.257596284110703e-05	4.715757704369149e-06	2.664890073284477e-05	0.0001236290996873485	5.202236961893614e-05	8.338999576635407e-05	7.385921091504847e-05	2.252100083327703e-05	1.5150290885585004e-05	6.10689594902216e-05	6.441868073932303e-05	6.57046669086267e-05	7.71611272091477e-05	0.00011186693657757666	1.7018424408086107e-05	5.183227077178251e-05	2.7529160668278473e-05	2.7157138514984995e-05	8.684932366089199e-05	1.4847930198530324e-05	7.754164273406089e-05	7.945513640212244e-05	1.2957731878611968e-05	3.754393814010459e-05	7.061178884582954e-05	1.9267451494190864e-05	6.071169896225493e-06	4.2770542691654804e-05	7.91538230165748e-05	2.578113445132997e-05	5.0571016529747095e-05	4.646201631311049e-05	0.00014062098225764978	2.9273298963036435e-05	6.0041167356922554e-05	2.130142222495722e-05	9.204645417184864e-05	4.6274872744099955e-05	1.3357499275773087e-05	4.018831850757715e-05	5.700922336456307e-05	5.7043863010403065e-05	4.063919293025822e-05	3.43019178583407e-05	7.687403523085786e-05	5.135269027682121e-05	4.414644153712716e-05	4.6517449964139274e-05	5.5051024835476746e-05	7.534240769848722e-05	9.13566725408315e-05	4.620800322615877e-05	0.0002582300413168066	3.760613514118924e-05	3.501879153539327e-05	9.725510084993753e-06	0.00035273647423591056	0.00013744508240143494	5.247155776263636e-05	3.3832481140617586e-05	3.8040542523348743e-05	8.184375582898842e-05	7.775693459947541e-05	2.8022804335439196e-05	8.395838658719319e-05	0.0001192270527962303	8.919954835444764e-05	1.595404723865755e-06	1.799919052289108e-05	2.049433357294625e-05	1.3397971644532811e-05	9.33719002788105e-05	1.4616441730793767e-05	1.919199310047848e-06	1.2048982248878165e-05	9.36417902953177e-05
29331	Amphibacillus	genus	0.0	0.0	0.0	0.0	0.0	0.0	0.0	0.0	0.0	0.0	0.0	0.0	0.0	0.0	0.0	0.0	0.0	0.0	0.0	0.0	0.0	0.0	0.0	0.0	0.0	0.0	0.0	0.0	0.0	0.0	0.0	0.0	0.0	0.0	0.0	0.0	0.0	0.0	0.0	0.0	0.0	0.0	0.0	0.0	0.0	0.0	0.0	0.0	0.0	0.0	0.0	0.0	0.0	0.0	0.0	0.0	0.0	0.0	0.0	0.0	0.0	0.0	0.0	0.0	0.0	0.0	0.0	0.0	0.0	0.0	0.0	0.0	0.0	0.0	0.0	0.0	0.0	0.0	0.0	0.0
182709	Oceanobacillus	genus	0.0	0.0	0.0	0.0	0.0	0.0	0.0	0.0	0.0	0.0	0.0	0.0	0.0	0.0	0.0	0.0	0.0	0.0	0.0	0.0	0.0	0.0	0.0	0.0	0.0	0.0	0.0	0.0	0.0	0.0	0.0	0.0	0.0	0.0	0.0	0.0	0.0	0.0	0.0	0.0	0.0	0.0	0.0	0.0	0.0	0.0	0.0	0.0	0.0	0.0	0.0	0.0	0.0	0.0	0.0	0.0	0.0	0.0	0.0	0.0	0.0	0.0	0.0	0.0	0.0	0.0	0.0	0.0	0.0	0.0	0.0	0.0	0.0	0.0	0.0	0.0	0.0	0.0	0.0	0.0
459532	Terribacillus	genus	0.0	0.0	0.0	0.0	0.0	0.0	0.0	0.0	0.0	0.0	0.0	0.0	0.0	0.0	0.0	0.0	0.0	0.0	0.0	0.0	0.0	0.0	0.0	0.0	0.0	0.0	0.0	0.0	0.0	0.0	0.0	0.0	0.0	0.0	0.0	0.0	0.0	0.0	0.0	0.0	0.0	0.0	0.0	0.0	0.0	0.0	0.0	0.0	0.0	0.0	0.0	0.0	0.0	0.0	0.0	0.0	0.0	0.0	0.0	0.0	0.0	0.0	0.0	0.0	0.0	0.0	0.0	0.0	0.0	0.0	0.0	0.0	0.0	0.0	0.0	0.0	0.0	0.0	0.0	0.0
1906945	Parageobacillus	genus	0.0	0.0	0.0	0.0	0.0	0.0	0.0	0.0	0.0	0.0	0.0	0.0	0.0	0.0	0.0	0.0	0.0	0.0	0.0	0.0	0.0	0.0	0.0	0.0	0.0	0.0	0.0	0.0	0.0	0.0	0.0	0.0	0.0	0.0	0.0	0.0	0.0	0.0	0.0	0.0	0.0	0.0	0.0	0.0	0.0	0.0	0.0	0.0	0.0	0.0	0.0	0.0	0.0	0.0	0.0	0.0	0.0	0.0	0.0	0.0	0.0	0.0	0.0	0.0	0.0	0.0	0.0	0.0	0.0	0.0	0.0	0.0	0.0	0.0	0.0	0.0	0.0	0.0	0.0	0.0
45667	Halobacillus	genus	0.0	0.0	0.0	0.0	0.0	0.0	0.0	0.0	0.0	0.0	0.0	0.0	0.0	0.0	0.0	0.0	0.0	0.0	0.0	0.0	0.0	0.0	0.0	0.0	0.0	0.0	0.0	0.0	0.0	0.0	0.0	0.0	0.0	0.0	0.0	0.0	0.0	0.0	0.0	0.0	0.0	0.0	0.0	0.0	0.0	0.0	0.0	0.0	0.0	0.0	0.0	0.0	0.0	0.0	0.0	0.0	0.0	0.0	0.0	0.0	0.0	0.0	0.0	0.0	0.0	0.0	0.0	0.0	0.0	0.0	0.0	0.0	0.0	0.0	0.0	0.0	0.0	0.0	0.0	0.0
175304	Lentibacillus	genus	0.0	0.0	0.0	0.0	0.0	0.0	0.0	0.0	0.0	0.0	0.0	0.0	0.0	0.0	0.0	0.0	0.0	0.0	0.0	0.0	0.0	0.0	0.0	0.0	0.0	0.0	0.0	0.0	0.0	0.0	0.0	0.0	0.0	0.0	0.0	0.0	0.0	0.0	0.0	0.0	0.0	0.0	0.0	0.0	0.0	0.0	0.0	0.0	0.0	0.0	0.0	0.0	0.0	0.0	0.0	0.0	0.0	0.0	0.0	0.0	0.0	0.0	0.0	0.0	0.0	0.0	0.0	0.0	0.0	0.0	0.0	0.0	0.0	0.0	0.0	0.0	0.0	0.0	0.0	0.0
44249	Paenibacillus	genus	0.004044663074880925	0.005091783437559985	0.005972073039742213	0.005761999557619996	0.0038997484033288176	0.0005517436514111904	0.0052320675105485236	0.005664164804096678	0.002869033684484328	0.004291377474437759	0.004256976338194612	0.00482399837848794	0.0015268126481361775	0.003510412257593083	0.0027937364699580094	0.006157465927437018	0.003501801794406639	0.004437899292173452	0.0028289857804518525	0.003977794523588335	0.004059741517374949	0.0017965491632990075	0.004132580317530777	0.0027617150169266403	0.004014933946008041	0.004553772505046643	0.0016795214011893205	0.005160727163508544	0.004301088667638617	0.002246034345608535	0.0006690429225640494	0.002406555868783777	0.010651843040230495	0.0028237126733272454	0.004561854456614427	0.003888969620761206	0.007523222550784263	0.004192969586764336	0.0030372999225991037	0.003502900543659632	0.003750893007502832	0.0032837012639391713	0.0020378534832601316	0.002153698577069995	0.004885811738562979	0.004827646928249981	0.0021945164182339437	0.004943287495807544	0.0033045585277904762	0.009170986334142893	0.002652248958230541	0.0031885597520873647	0.0046214868815273955	0.007120799307603273	0.003235375795153425	0.00693540121148983	0.008862080167932827	0.0023021494903823674	0.006984554453656019	0.0006775438692545649	0.01065323435633498	0.004468691875061729	0.002561673241333202	0.004524649188332067	0.0036654779902855323	0.004439865141792721	0.0033282745041954033	0.003244418013058627	0.0032358738677650063	0.007735522365749449	0.003938227295689331	0.00022165489630241556	0.002118553371005153	0.0035362972580118756	0.0008523545960767328	0.004297617410144606	0.0010700453383751937	0.00042918094570945	0.0007037926069755685	0.007580235068036189
55080	Brevibacillus	genus	0.00010931521824002499	0.00035359607205277674	0.00017185821697099891	6.635700066357e-05	2.903038513644281e-05	9.431515408738299e-06	6.218076837663779e-05	0.00017568345745044262	8.583690987124464e-05	0.00010904845600215531	3.357236859774931e-05	5.405040199986487e-05	1.3466925231631114e-05	2.737574046113382e-05	0.00011697076239508656	3.7545523947786694e-05	6.402731832248426e-05	0.00019002054980300691	7.854657419116665e-06	8.505808536907899e-05	2.5909798276026796e-05	3.6557686462479805e-05	0.00011821157942732521	1.3498118362300296e-05	8.184951177484205e-05	0.00010676783954035204	1.794147490884734e-05	3.754393814010459e-05	0.00012045540450170923	1.5597460733392603e-05	1.8213509688676479e-06	8.554108538330961e-05	9.046151201894264e-05	1.89966253851905e-05	3.313273496776534e-05	1.6805410155805924e-05	0.00029530406274106454	1.721958762531555e-05	6.0041167356922554e-05	2.0118009879126264e-05	0.0001286558393538339	4.536752229813721e-05	1.1687811866301451e-05	3.755301893330979e-05	2.5472206184166477e-05	1.984134365579237e-05	4.9259627794252385e-05	4.065412486914453e-05	8.302395804932648e-05	0.00029452278247000396	3.6355893030575304e-05	8.626872538804012e-05	3.172431939671541e-05	4.991434510024778e-05	0.00015364531290958024	6.30109134902165e-05	0.0003446538051446088	4.3056299654405065e-05	5.0833729648151516e-05	4.682653003885881e-06	0.00045055415196519665	0.00015885612538859317	6.721075938135444e-05	5.7871349319477446e-05	4.238803309744574e-05	0.00011546948496803017	4.512679240148127e-05	3.035803803005913e-05	9.946662360011423e-05	8.18573795317402e-05	0.00011788684028753632	2.02084598356329e-06	1.1675150609442861e-05	1.946961689429894e-05	3.6539922666907666e-06	6.0741935127613284e-05	2.7405828245238315e-06	2.1590992238038292e-06	1.9641491611184955e-05	6.649924238363141e-05
76632	Thermobacillus	genus	0.0	0.0	0.0	0.0	0.0	0.0	0.0	0.0	0.0	0.0	0.0	0.0	0.0	0.0	0.0	0.0	0.0	0.0	0.0	0.0	0.0	0.0	0.0	0.0	0.0	0.0	0.0	0.0	0.0	0.0	0.0	0.0	0.0	0.0	0.0	0.0	0.0	0.0	0.0	0.0	0.0	0.0	0.0	0.0	0.0	0.0	0.0	0.0	0.0	0.0	0.0	0.0	0.0	0.0	0.0	0.0	0.0	0.0	0.0	0.0	0.0	0.0	0.0	0.0	0.0	0.0	0.0	0.0	0.0	0.0	0.0	0.0	0.0	0.0	0.0	0.0	0.0	0.0	0.0	0.0
55079	Aneurinibacillus	genus	0.0	0.0	0.0	0.0	0.0	0.0	0.0	0.0	0.0	0.0	0.0	0.0	0.0	0.0	0.0	0.0	0.0	0.0	0.0	0.0	0.0	0.0	0.0	0.0	0.0	0.0	0.0	0.0	0.0	0.0	0.0	0.0	0.0	0.0	0.0	0.0	0.0	0.0	0.0	0.0	0.0	0.0	0.0	0.0	0.0	0.0	0.0	0.0	0.0	0.0	0.0	0.0	0.0	0.0	0.0	0.0	0.0	0.0	0.0	0.0	0.0	0.0	0.0	0.0	0.0	0.0	0.0	0.0	0.0	0.0	0.0	0.0	0.0	0.0	0.0	0.0	0.0	0.0	0.0	0.0
1279	Staphylococcus	genus	0.0029671273522292496	0.0028691795560853886	0.0037522377372001432	0.0026542800265428003	0.002738532997871105	0.0007026478979510033	0.002984676882078614	0.0030712071080225526	0.0015346599037586162	0.0022836029609863114	0.0027865065936131927	0.0013872936513298652	0.001095871040723982	0.0016025337300709873	0.0018308467157491807	0.0027251792798768507	0.0026530293951060146	0.0036716873978064886	0.001195217037275586	0.0019231101488915204	0.0010428693806100785	0.0010653954340494114	0.002470380761909817	0.0021650981853129675	0.002310453762205629	0.001787740569047755	0.001138286908105759	0.001595617370954445	0.0021692356896902635	0.0013000942270127835	0.00043105306263201	0.001726029011734336	0.0034307528433183995	0.0011506527376172534	0.0024204334808030675	0.0017022891934292824	0.004413489971715094	0.0015738703089538412	0.0017085627841350352	0.00188044221752539	0.0022195747244620773	0.002429884494288229	0.001310704616435234	0.001134496466722096	0.0032810627489604912	0.0019196499986979117	0.0015763080894160763	0.002053033305891799	0.001462656643659122	0.0028062734863039352	0.0017009364239304876	0.0033983111628347563	0.0019687739390314564	0.00219434762421844	0.0017311051302481423	0.002006897594663396	0.004919907037185126	0.0010175457146173958	0.001138675544118594	0.0006227928495168223	0.008012157057644255	0.0028932535184905076	0.0022922406357430355	0.0028250121752415682	0.0018259460411207396	0.002093043026975448	0.001117755934867459	0.0010492983401158898	0.0018909353819892684	0.0035029619914832737	0.002226851036306009	5.743457005916718e-05	0.001240971216862031	0.0014960863508250762	0.0004650314158075116	0.0022564875900712537	0.0010140156450738176	0.00035337257296256	0.0004887265265606609	0.006593603451446392
69965	Macrococcus	genus	0.0	0.0	0.0	0.0	0.0	0.0	0.0	0.0	0.0	0.0	0.0	0.0	0.0	0.0	0.0	0.0	0.0	0.0	0.0	0.0	0.0	0.0	0.0	0.0	0.0	0.0	0.0	0.0	0.0	0.0	0.0	0.0	0.0	0.0	0.0	0.0	0.0	0.0	0.0	0.0	0.0	0.0	0.0	0.0	0.0	0.0	0.0	0.0	0.0	0.0	0.0	0.0	0.0	0.0	0.0	0.0	0.0	0.0	0.0	0.0	0.0	0.0	0.0	0.0	0.0	0.0	0.0	0.0	0.0	0.0	0.0	0.0	0.0	0.0	0.0	0.0	0.0	0.0	0.0	0.0
45669	Salinicoccus	genus	0.0	0.0	0.0	0.0	0.0	0.0	0.0	0.0	0.0	0.0	0.0	0.0	0.0	0.0	0.0	0.0	0.0	0.0	0.0	0.0	0.0	0.0	0.0	0.0	0.0	0.0	0.0	0.0	0.0	0.0	0.0	0.0	0.0	0.0	0.0	0.0	0.0	0.0	0.0	0.0	0.0	0.0	0.0	0.0	0.0	0.0	0.0	0.0	0.0	0.0	0.0	0.0	0.0	0.0	0.0	0.0	0.0	0.0	0.0	0.0	0.0	0.0	0.0	0.0	0.0	0.0	0.0	0.0	0.0	0.0	0.0	0.0	0.0	0.0	0.0	0.0	0.0	0.0	0.0	0.0
1372	Planococcus	genus	0.00043726087296009996	0.00058595920511603	0.0005871822413175796	0.0006525105065251051	0.0005999612928198181	0.0001037466694961213	0.0008705307572729292	0.0006571862667590631	0.00034334763948497857	0.00041053536377282	0.0004565842129293906	0.00040537801499898656	0.00019190368455074337	0.00032219140696565187	0.00037973117067390417	0.0006038571768269026	0.0005828127693456901	0.0007279012996486153	0.00030502252977569717	0.0003654839605702613	0.00038216952457139524	0.00019741150689739093	0.0005512519571253839	0.00035904994843718785	0.0004279149913842619	0.0005164583866137959	0.00022028144193640345	0.00039108268895942283	0.000547241363555179	0.00028350678627166555	9.10675484433824e-05	0.00038303397121637524	0.0012483688658614085	0.00020217837017095605	0.0004359570390495439	0.00039344430835357397	0.0009160452558498328	0.0003874407215695999	0.00046336118286320664	0.00031833792102852734	0.00048324388440220534	0.0005171897541987641	0.0002896907655433288	0.00028131822955304	0.0005215737456757898	0.00042658888859953596	0.0002832428598169512	0.0004929312640383775	0.00036387043342606053	0.0014952695110015588	0.00035836523130138514	0.0005666671177449693	0.0004544042219470708	0.0007016261716921622	0.0004282344025351477	0.0006868189570433599	0.0011880664400906304	0.00028340855468722326	0.0006009676482848135	0.00012607142702769682	0.001382292233770417	0.0005097209588555728	0.0004356907998493064	0.0005181711585220904	0.00033149615627489615	0.0004948692212915579	0.00032005309687819795	0.0003557339328137698	0.0004951940508263751	0.0007785348596768769	0.0005567127590765023	1.9357577316237826e-05	0.00031620199567241084	0.0003232981121132271	9.402940099617574e-05	0.0005692673920224253	0.00023599463211177436	0.00010123776360502399	0.00012857749550515194	0.002100833208364519
1569	Sporosarcina	genus	0.0	0.0	0.0	0.0	0.0	0.0	0.0	0.0	0.0	0.0	0.0	0.0	0.0	0.0	0.0	0.0	0.0	0.0	0.0	0.0	0.0	0.0	0.0	0.0	0.0	0.0	0.0	0.0	0.0	0.0	0.0	0.0	0.0	0.0	0.0	0.0	0.0	0.0	0.0	0.0	0.0	0.0	0.0	0.0	0.0	0.0	0.0	0.0	0.0	0.0	0.0	0.0	0.0	0.0	0.0	0.0	0.0	0.0	0.0	0.0	0.0	0.0	0.0	0.0	0.0	0.0	0.0	0.0	0.0	0.0	0.0	0.0	0.0	0.0	0.0	0.0	0.0	0.0	0.0	0.0
648800	Solibacillus	genus	0.0	0.0	0.0	0.0	0.0	0.0	0.0	0.0	0.0	0.0	0.0	0.0	0.0	0.0	0.0	0.0	0.0	0.0	0.0	0.0	0.0	0.0	0.0	0.0	0.0	0.0	0.0	0.0	0.0	0.0	0.0	0.0	0.0	0.0	0.0	0.0	0.0	0.0	0.0	0.0	0.0	0.0	0.0	0.0	0.0	0.0	0.0	0.0	0.0	0.0	0.0	0.0	0.0	0.0	0.0	0.0	0.0	0.0	0.0	0.0	0.0	0.0	0.0	0.0	0.0	0.0	0.0	0.0	0.0	0.0	0.0	0.0	0.0	0.0	0.0	0.0	0.0	0.0	0.0	0.0
1649	Kurthia	genus	0.0	0.0	0.0	0.0	0.0	0.0	0.0	0.0	0.0	0.0	0.0	0.0	0.0	0.0	0.0	0.0	0.0	0.0	0.0	0.0	0.0	0.0	0.0	0.0	0.0	0.0	0.0	0.0	0.0	0.0	0.0	0.0	0.0	0.0	0.0	0.0	0.0	0.0	0.0	0.0	0.0	0.0	0.0	0.0	0.0	0.0	0.0	0.0	0.0	0.0	0.0	0.0	0.0	0.0	0.0	0.0	0.0	0.0	0.0	0.0	0.0	0.0	0.0	0.0	0.0	0.0	0.0	0.0	0.0	0.0	0.0	0.0	0.0	0.0	0.0	0.0	0.0	0.0	0.0	0.0
157226	Jeotgalibacillus	genus	0.0	0.0	0.0	0.0	0.0	0.0	0.0	0.0	0.0	0.0	0.0	0.0	0.0	0.0	0.0	0.0	0.0	0.0	0.0	0.0	0.0	0.0	0.0	0.0	0.0	0.0	0.0	0.0	0.0	0.0	0.0	0.0	0.0	0.0	0.0	0.0	0.0	0.0	0.0	0.0	0.0	0.0	0.0	0.0	0.0	0.0	0.0	0.0	0.0	0.0	0.0	0.0	0.0	0.0	0.0	0.0	0.0	0.0	0.0	0.0	0.0	0.0	0.0	0.0	0.0	0.0	0.0	0.0	0.0	0.0	0.0	0.0	0.0	0.0	0.0	0.0	0.0	0.0	0.0	0.0
648802	Rummeliibacillus	genus	0.0	0.0	0.0	0.0	0.0	0.0	0.0	0.0	0.0	0.0	0.0	0.0	0.0	0.0	0.0	0.0	0.0	0.0	0.0	0.0	0.0	0.0	0.0	0.0	0.0	0.0	0.0	0.0	0.0	0.0	0.0	0.0	0.0	0.0	0.0	0.0	0.0	0.0	0.0	0.0	0.0	0.0	0.0	0.0	0.0	0.0	0.0	0.0	0.0	0.0	0.0	0.0	0.0	0.0	0.0	0.0	0.0	0.0	0.0	0.0	0.0	0.0	0.0	0.0	0.0	0.0	0.0	0.0	0.0	0.0	0.0	0.0	0.0	0.0	0.0	0.0	0.0	0.0	0.0	0.0
1637	Listeria	genus	0.0015772624346060747	0.0015457199721164241	0.0014751163623344075	0.0010064145100641452	0.0017853686858912328	0.00022164061210535002	0.0010126582278481013	0.0014868025936083755	0.000754324359474574	0.0009942653341372984	0.0010071710579324792	0.0005990586221651691	0.00039727429433311786	0.0006254303782274418	0.0008984710734695054	0.0009136077493961428	0.001728737594707075	0.0026020555932702075	0.0005655353341763999	0.0010087357311739213	0.0004469440202614623	0.000365576864624798	0.0015741439913536674	0.0007707425584873469	0.0010180930499712809	0.0009534616368254694	0.0005292735098109965	0.0005224864724497889	0.0011297886215332726	0.00046425383124097983	0.00019488455366883833	0.0008991318530290098	0.0009611535652012655	0.0004097843475948237	0.0008945838441296641	0.0007236211902382316	0.002053066340961687	0.0005424170101974398	0.0009802373192401921	0.0007277985926860384	0.001454961565375471	0.002075110469916796	0.0005643543444014129	0.0005389187629376739	0.0009000179518405488	0.0009424638236501376	0.0006065091672167325	0.0008359504426217845	0.0007513155709895841	0.0010074189533717571	0.0007020149820903946	0.0013946777271066485	0.0008574896919288666	0.0009041088923818466	0.001140920262754248	0.0007078225948734321	0.0029883879781420764	0.000530846023587222	0.0004823556124391266	0.0002341326501942941	0.0033613711074245594	0.0014027686550618815	0.0010753721501016711	0.0009277222460137769	0.0008108069920690904	0.0011407369998490014	0.0005290248586142881	0.00036118281143454964	0.0010155221409495533	0.0015063537342090887	0.0011833507922399083	3.0844491328071264e-05	0.0004796541042046109	0.0006112434988131219	0.00014080050200981754	0.0011530927684969233	0.0003733282825406908	0.00010675546162141155	0.00022067793516096038	0.0020207626920250446
33986	Exiguobacterium	genus	0.0005621925509487	0.0006465756746107917	0.0005155746509129968	0.0006967485069674851	0.0003628798142055351	0.00036782910094079367	0.0004974461470131023	0.0006376658825979029	0.00035375211340876576	0.0004201572863612455	0.0003558671071361427	0.0002927730108326014	0.00020873734109028226	0.0003200855807763339	0.0003746454853523787	0.0005788268275283781	0.0004958012854715448	0.000755484927845826	0.00022647595558453052	0.00033491621114074854	0.0002526205331912613	0.0004345142162397599	0.0005512519571253839	0.000274011802754696	0.0003417576105686387	0.0003898267629729133	0.0001794147490884734	0.0003629247353543444	0.000616814743741511	0.00016056209578492386	0.0001256732168518677	0.0010236416550869383	0.0007236920961515411	0.0002510268354471602	0.0003662039128016169	0.00032029134649888937	0.0008899299305734122	0.000313396494780743	0.0005521176911299617	0.0003053203852243868	0.0005669224791038859	0.0005190044550906896	0.00013858405498614576	0.00022202398913202456	0.00037844420616475906	0.0003497036819333405	0.0002813956237746668	0.0003290443231596386	0.0003351707936065402	0.0006041492973743671	0.0003306655032780897	0.00042965208330514093	0.00036296353662712636	0.0005085612519647887	0.0006747936039947782	0.000517739672511279	0.0013078102092496334	0.00023435707406828076	0.00024400190231112727	7.49224480621741e-05	0.0015384052951969544	0.0006637423326019045	0.00035786781530247494	0.0004148930581980999	0.00026791410662872756	0.0005538728592147821	0.00025479281248220965	0.0002467563603981729	0.0004877073157166891	0.0007029057590225517	0.000567022254614956	1.4145921884943027e-05	0.0001936129142732608	0.0003345699955783475	8.038782986719687e-05	0.0004467795228394696	6.760104300492118e-05	7.532857291937803e-05	8.747891221788258e-05	0.0012478786402397772
1378	Gemella	genus	0.0	0.0	0.0	0.0	0.0	0.0	0.0	0.0	0.0	0.0	0.0	0.0	0.0	0.0	0.0	0.0	0.0	0.0	0.0	0.0	0.0	0.0	0.0	0.0	0.0	0.0	0.0	0.0	0.0	0.0	0.0	0.0	0.0	0.0	0.0	0.0	0.0	0.0	0.0	0.0	0.0	0.0	0.0	0.0	0.0	0.0	0.0	0.0	0.0	0.0	0.0	0.0	0.0	0.0	0.0	0.0	0.0	0.0	0.0	0.0	0.0	0.0	0.0	0.0	0.0	0.0	0.0	0.0	0.0	0.0	0.0	0.0	0.0	0.0	0.0	0.0	0.0	0.0	0.0	0.0
29330	Alicyclobacillus	genus	0.0	0.0	0.0	0.0	0.0	0.0	0.0	0.0	0.0	0.0	0.0	0.0	0.0	0.0	0.0	0.0	0.0	0.0	0.0	0.0	0.0	0.0	0.0	0.0	0.0	0.0	0.0	0.0	0.0	0.0	0.0	0.0	0.0	0.0	0.0	0.0	0.0	0.0	0.0	0.0	0.0	0.0	0.0	0.0	0.0	0.0	0.0	0.0	0.0	0.0	0.0	0.0	0.0	0.0	0.0	0.0	0.0	0.0	0.0	0.0	0.0	0.0	0.0	0.0	0.0	0.0	0.0	0.0	0.0	0.0	0.0	0.0	0.0	0.0	0.0	0.0	0.0	0.0	0.0	0.0
1129704	Kyrpidia	genus	0.0	0.0	0.0	0.0	0.0	0.0	0.0	0.0	0.0	0.0	0.0	0.0	0.0	0.0	0.0	0.0	0.0	0.0	0.0	0.0	0.0	0.0	0.0	0.0	0.0	0.0	0.0	0.0	0.0	0.0	0.0	0.0	0.0	0.0	0.0	0.0	0.0	0.0	0.0	0.0	0.0	0.0	0.0	0.0	0.0	0.0	0.0	0.0	0.0	0.0	0.0	0.0	0.0	0.0	0.0	0.0	0.0	0.0	0.0	0.0	0.0	0.0	0.0	0.0	0.0	0.0	0.0	0.0	0.0	0.0	0.0	0.0	0.0	0.0	0.0	0.0	0.0	0.0	0.0	0.0
841	Roseburia	genus	0.0	0.0	0.0	0.0	0.0	0.0	0.0	0.0	0.0	0.0	0.0	0.0	0.0	0.0	0.0	0.0	0.0	0.0	0.0	0.0	0.0	0.0	0.0	0.0	0.0	0.0	0.0	0.0	0.0	0.0	0.0	0.0	0.0	0.0	0.0	0.0	0.0	0.0	0.0	0.0	0.0	0.0	0.0	0.0	0.0	0.0	0.0	0.0	0.0	0.0	0.0	0.0	0.0	0.0	0.0	0.0	0.0	0.0	0.0	0.0	0.0	0.0	0.0	0.0	0.0	0.0	0.0	0.0	0.0	0.0	0.0	0.0	0.0	0.0	0.0	0.0	0.0	0.0	0.0	0.0
1506553	Lachnoclostridium	genus	0.00015616459748574998	0.0001919521534000788	0.0005155746509129968	0.00035390400353904004	0.00026127346622798527	9.431515408738299e-06	0.00014212747057517212	0.00030256595449798453	9.884250227597868e-05	0.00016998729906218327	0.0004901565815271399	0.00040988221516564195	5.2184335272570564e-05	0.0004064244545383713	8.984710734695054e-05	0.0004787054303342803	0.0001822315983024552	0.00011339936036631058	0.0001924391067683583	0.00024055489768442652	0.00026719479472152633	7.207086759746018e-05	0.00016043000065136992	8.098871017380177e-05	0.00025990809879379665	0.00011173378556548469	6.678215660515399e-05	0.00040672599651779974	0.00022741149642995103	0.00012110969510634257	6.071169896225493e-06	7.033378131516567e-05	0.0005291998453108145	6.106058159525518e-05	0.000526636103171849	0.00010972944278202691	0.0003917298791463101	0.00040293835043238383	0.0003393631198434753	0.0003467398173284703	0.00023534604759847664	0.0003819945377503153	9.433733863514742e-05	0.00013242380360693453	0.00032992571819491815	0.00040550746096525657	0.0001077554357999271	0.0004967425882448598	0.00016604791609865297	0.00013744396515266854	0.00011426137809609382	9.472644356333816e-05	0.00035083364979897043	0.00035128397589419665	0.00010069996859614381	0.00010921891671637528	0.0004206650673064108	0.00015042454056475696	3.16298762255165e-05	5.042857081107872e-06	0.0012953431868999404	0.0003322165057039709	4.362803679140551e-05	0.0002599759077121141	0.00020813611123489384	0.0002239600450204102	0.00014718276906329275	7.239224453321791e-05	9.732755642591822e-05	0.00038971230690111093	0.0001922945037389851	2.3399269283364407e-06	5.253817774249288e-05	0.000213141069158641	7.649023811606005e-05	0.00022238576249200567	5.176656446322793e-06	2.878798965071772e-06	7.757563913661284e-06	5.021371363661964e-05
572511	Blautia	genus	0.0	0.0	0.0	0.0	0.0	0.0	0.0	0.0	0.0	0.0	0.0	0.0	0.0	0.0	0.0	0.0	0.0	0.0	0.0	0.0	0.0	0.0	0.0	0.0	0.0	0.0	0.0	0.0	0.0	0.0	0.0	0.0	0.0	0.0	0.0	0.0	0.0	0.0	0.0	0.0	0.0	0.0	0.0	0.0	0.0	0.0	0.0	0.0	0.0	0.0	0.0	0.0	0.0	0.0	0.0	0.0	0.0	0.0	0.0	0.0	0.0	0.0	0.0	0.0	0.0	0.0	0.0	0.0	0.0	0.0	0.0	0.0	0.0	0.0	0.0	0.0	0.0	0.0	0.0	0.0
830	Butyrivibrio	genus	0.00023424689622862497	0.0002525686228948405	0.001217329036877909	0.0006635700066357001	0.0005854461002515966	1.4147273113107449e-05	0.00019542527204086165	0.000621398895796936	0.0001794771751853297	0.000513169204716025	0.0006915907931136357	0.0009593946354976015	8.416828269769446e-05	0.0005538322877906304	0.0002288558394686476	0.0008197439395266761	0.00029715242606076026	0.0002589796202960336	0.0003783326656874527	0.00035086460214745087	0.0004955248920290125	9.296097414744864e-05	0.0003570472194947782	0.00016602685585629363	0.0005040206777713957	0.00029795676150795917	0.00011960983272564893	0.0009260838074559133	0.000387326429992565	0.00026332183708727516	1.2142339792450987e-05	0.00020434814841568404	0.002193691666459359	0.0001913231556651329	0.0006835806372296849	0.0005694068382202477	0.0010004178452044227	0.0006199051545113598	0.0004999079803848117	0.000517151195128128	0.0005303130939219007	0.0005044868479552858	0.00017281264688031431	0.00019105921913438315	0.0006258884948109478	0.0007676119826834673	0.00021304789021014156	0.0007203402750251548	0.0008784139759046024	0.0003806140573458513	0.00023285083869582754	0.00019621906166691477	0.0011112842471025898	0.0018929779934244914	0.000182713345081663	0.0004610298503700841	0.0009621151539384247	0.000193480840219162	0.00023383515638149697	9.365306007771762e-06	0.002049230945561004	0.0005207718197521706	0.00012145102133823696	0.0015536231471152023	0.0004689855456807138	0.00039843316791166456	0.000973350199182719	0.0001875971068011346	0.00015936050447760237	0.0010855000329209026	0.0002998718484880677	2.6909159675869067e-05	8.902302339700182e-05	0.0005461739897190175	0.00015833966488993322	0.0003990895737723352	1.2484877311719677e-05	9.35609663648326e-06	3.086520110329064e-05	0.00023410447573829428
698776	Cellulosilyticum	genus	0.0	0.0	0.0	0.0	0.0	0.0	0.0	0.0	0.0	0.0	0.0	0.0	0.0	0.0	0.0	0.0	0.0	0.0	0.0	0.0	0.0	0.0	0.0	0.0	0.0	0.0	0.0	0.0	0.0	0.0	0.0	0.0	0.0	0.0	0.0	0.0	0.0	0.0	0.0	0.0	0.0	0.0	0.0	0.0	0.0	0.0	0.0	0.0	0.0	0.0	0.0	0.0	0.0	0.0	0.0	0.0	0.0	0.0	0.0	0.0	0.0	0.0	0.0	0.0	0.0	0.0	0.0	0.0	0.0	0.0	0.0	0.0	0.0	0.0	0.0	0.0	0.0	0.0	0.0	0.0
1506577	Tyzzerella	genus	0.0	0.0	0.0	0.0	0.0	0.0	0.0	0.0	0.0	0.0	0.0	0.0	0.0	0.0	0.0	0.0	0.0	0.0	0.0	0.0	0.0	0.0	0.0	0.0	0.0	0.0	0.0	0.0	0.0	0.0	0.0	0.0	0.0	0.0	0.0	0.0	0.0	0.0	0.0	0.0	0.0	0.0	0.0	0.0	0.0	0.0	0.0	0.0	0.0	0.0	0.0	0.0	0.0	0.0	0.0	0.0	0.0	0.0	0.0	0.0	0.0	0.0	0.0	0.0	0.0	0.0	0.0	0.0	0.0	0.0	0.0	0.0	0.0	0.0	0.0	0.0	0.0	0.0	0.0	0.0
1485	Clostridium	genus	0.009650972124619349	0.010001717466635685	0.014751163623344074	0.012065914620659146	0.008960712212115347	0.003027516446204994	0.010499666888740839	0.013325915587352093	0.005745870724411497	0.009525703362541214	0.012515779013240943	0.00604914082381821	0.0029829239388062916	0.008318013447806045	0.008269324332800466	0.012296159092900142	0.013194552752764257	0.011842571039335786	0.00442086301739283	0.007163485627177122	0.004735015634943897	0.0028170308682659434	0.009231359360788978	0.008282445427107462	0.01183228029867892	0.008697854463019841	0.0042371783243061135	0.010113398336490675	0.007389316020984162	0.005860057747304621	0.000967137364468721	0.006730182506657948	0.014889964878317959	0.0035442275361512567	0.01387040915440029	0.006714255634013754	0.018722679352018514	0.008311894946739815	0.006226008006359143	0.005349023803155924	0.008565550150150779	0.011076934244313181	0.003872005102564723	0.0036103604167462746	0.012716695696895302	0.010483669954129294	0.00582310375062806	0.009281844884186562	0.007886251027549604	0.012693176737835455	0.005578898347191854	0.021224643760910458	0.010985012125221487	0.02289090701899288	0.006026945027679515	0.007525603434514858	0.015264727442356392	0.003409622919467824	0.004329904127585884	0.0017819295700171889	0.04109132910510658	0.011106115201080775	0.007933817447323568	0.01277888425819169	0.012867485226683593	0.008205946805365398	0.0037878735283458738	0.004940576086584238	0.00782256865603479	0.01659925296243636	0.009397329302768816	0.0001679429372656018	0.0044779067233300645	0.006074008112681945	0.0020525692559424267	0.011377315849026673	0.0029025817203734623	0.0008022253116000005	0.0011335946587026746	0.022001070773515118
390805	Geosporobacter	genus	0.0	0.0	0.0	0.0	0.0	0.0	0.0	0.0	0.0	0.0	0.0	0.0	0.0	0.0	0.0	0.0	0.0	0.0	0.0	0.0	0.0	0.0	0.0	0.0	0.0	0.0	0.0	0.0	0.0	0.0	0.0	0.0	0.0	0.0	0.0	0.0	0.0	0.0	0.0	0.0	0.0	0.0	0.0	0.0	0.0	0.0	0.0	0.0	0.0	0.0	0.0	0.0	0.0	0.0	0.0	0.0	0.0	0.0	0.0	0.0	0.0	0.0	0.0	0.0	0.0	0.0	0.0	0.0	0.0	0.0	0.0	0.0	0.0	0.0	0.0	0.0	0.0	0.0	0.0	0.0
114627	Alkaliphilus	genus	0.0	4.0410979663174484e-05	4.296455424274973e-05	2.2119000221190002e-05	2.4191987613702342e-05	0.0	8.882966910948258e-06	3.2533973601933817e-05	2.601118480946807e-06	3.848769035370188e-05	4.028684231729917e-05	9.008400333310812e-06	0.0	6.317478567953958e-06	1.1866599083559505e-05	1.251517464926223e-05	9.850356664997579e-06	4.597271366201781e-06	2.618219139705555e-06	3.987097751675578e-06	2.1051711099271774e-05	1.044505327499423e-06	1.4474887276815331e-05	2.0247177543450442e-05	2.010338885697875e-05	4.965946025132653e-06	5.980491636282447e-06	1.251464604670153e-05	1.0384086594974932e-05	5.504986141197389e-06	0.0	1.3306391059625938e-05	4.2969218208997754e-05	8.141410879367358e-06	1.569445340578358e-05	9.88553538576819e-06	6.629274877860632e-05	8.609793812657775e-06	3.915728305886253e-06	2.3668246916619133e-06	1.3597771639023095e-05	4.5367522298137206e-06	3.3393748189432716e-06	6.588248935668384e-06	1.6981470789444317e-05	4.960335913948092e-06	6.157453474281549e-07	2.2867945238893803e-05	1.947475559181732e-05	2.5676345138410604e-05	1.3849864011647736e-05	1.2686577262947076e-05	2.7058978308963148e-05	1.4126701443466354e-05	3.633504021510344e-06	1.6802910264057736e-05	3.436125549780088e-05	3.2700987079294987e-06	1.1296384366255893e-05	1.8010203861099544e-06	1.8773089665216527e-05	1.5885612538859317e-05	7.074816776984678e-06	2.6709853532066515e-06	7.6081085046697485e-06	1.5226745270509475e-05	8.33110013565808e-06	2.4130748177739307e-05	1.2299636251627027e-05	1.601557425621004e-05	1.4343645966544342e-05	2.1272062984876732e-07	3.891716869814287e-06	6.660658411207531e-06	2.19239536001446e-06	3.7649959789842944e-05	1.2180368108994805e-06	2.39899913755981e-07	1.6505455135449542e-07	3.596387598298434e-05
186831	Acetoanaerobium	genus	0.0	0.0	0.0	0.0	0.0	0.0	0.0	0.0	0.0	0.0	0.0	0.0	0.0	0.0	0.0	0.0	0.0	0.0	0.0	0.0	0.0	0.0	0.0	0.0	0.0	0.0	0.0	0.0	0.0	0.0	0.0	0.0	0.0	0.0	0.0	0.0	0.0	0.0	0.0	0.0	0.0	0.0	0.0	0.0	0.0	0.0	0.0	0.0	0.0	0.0	0.0	0.0	0.0	0.0	0.0	0.0	0.0	0.0	0.0	0.0	0.0	0.0	0.0	0.0	0.0	0.0	0.0	0.0	0.0	0.0	0.0	0.0	0.0	0.0	0.0	0.0	0.0	0.0	0.0	0.0
1870884	Clostridioides	genus	0.0	0.0	0.0	0.0	0.0	0.0	0.0	0.0	0.0	0.0	0.0	0.0	0.0	0.0	0.0	0.0	0.0	0.0	0.0	0.0	0.0	0.0	0.0	0.0	0.0	0.0	0.0	0.0	0.0	0.0	0.0	0.0	0.0	0.0	0.0	0.0	0.0	0.0	0.0	0.0	0.0	0.0	0.0	0.0	0.0	0.0	0.0	0.0	0.0	0.0	0.0	0.0	0.0	0.0	0.0	0.0	0.0	0.0	0.0	0.0	0.0	0.0	0.0	0.0	0.0	0.0	0.0	0.0	0.0	0.0	0.0	0.0	0.0	0.0	0.0	0.0	0.0	0.0	0.0	0.0
1481960	Peptoclostridium	genus	0.0	0.0	0.0	0.0	0.0	0.0	0.0	0.0	0.0	0.0	0.0	0.0	0.0	0.0	0.0	0.0	0.0	0.0	0.0	0.0	0.0	0.0	0.0	0.0	0.0	0.0	0.0	0.0	0.0	0.0	0.0	0.0	0.0	0.0	0.0	0.0	0.0	0.0	0.0	0.0	0.0	0.0	0.0	0.0	0.0	0.0	0.0	0.0	0.0	0.0	0.0	0.0	0.0	0.0	0.0	0.0	0.0	0.0	0.0	0.0	0.0	0.0	0.0	0.0	0.0	0.0	0.0	0.0	0.0	0.0	0.0	0.0	0.0	0.0	0.0	0.0	0.0	0.0	0.0	0.0
44259	Filifactor	genus	0.0	0.0	0.0	0.0	0.0	0.0	0.0	0.0	0.0	0.0	0.0	0.0	0.0	0.0	0.0	0.0	0.0	0.0	0.0	0.0	0.0	0.0	0.0	0.0	0.0	0.0	0.0	0.0	0.0	0.0	0.0	0.0	0.0	0.0	0.0	0.0	0.0	0.0	0.0	0.0	0.0	0.0	0.0	0.0	0.0	0.0	0.0	0.0	0.0	0.0	0.0	0.0	0.0	0.0	0.0	0.0	0.0	0.0	0.0	0.0	0.0	0.0	0.0	0.0	0.0	0.0	0.0	0.0	0.0	0.0	0.0	0.0	0.0	0.0	0.0	0.0	0.0	0.0	0.0	0.0
1730	Eubacterium	genus	0.0	0.0	0.0	0.0	4.838397522740468e-06	0.0	0.0	3.253397360193382e-06	0.0	3.207307529475156e-06	0.0	0.0	0.0	4.211652378635972e-06	3.3904568810170014e-06	0.0	1.6417261108329298e-06	3.0648475774678535e-06	1.3091095698527775e-06	2.6580651677837185e-06	1.6193623922516747e-06	0.0	0.0	4.049435508690089e-06	2.8719126938541067e-06	0.0	0.0	0.0	3.11522597849248e-06	0.0	0.0	1.9009130085179912e-06	0.0	1.356901813227893e-06	3.4876563123963513e-06	0.0	4.017742350218565e-06	5.165876287594665e-06	2.610485537257502e-06	1.1834123458309566e-06	4.183929735084029e-06	1.8147008919254884e-06	0.0	6.588248935668384e-07	1.2129621992460227e-06	6.2004198924351154e-06	0.0	3.8113242064823003e-06	2.049974272822876e-06	1.5103732434359179e-06	2.5968495021839506e-06	0.0	0.0	9.417800962310902e-07	5.190720030729063e-07	0.0	1.0412501666000267e-06	1.0900329026431664e-06	0.0	0.0	7.904458806406959e-06	6.906788060373616e-07	1.7687041942461694e-06	0.0	2.1737452870484995e-06	3.8066863176273686e-06	0.0	7.784112315399777e-07	1.0695335870980024e-06	8.897541253450022e-07	1.344716809363532e-06	0.0	4.864646087267859e-07	1.0247166786473126e-06	2.435994844460511e-07	3.0119967831874357e-06	0.0	2.39899913755981e-07	1.6505455135449542e-07	0.0
33951	Acetobacterium	genus	0.0	0.0	0.0	0.0	0.0	0.0	0.0	0.0	0.0	0.0	0.0	0.0	0.0	0.0	0.0	0.0	0.0	0.0	0.0	0.0	0.0	0.0	0.0	0.0	0.0	0.0	0.0	0.0	0.0	0.0	0.0	0.0	0.0	0.0	0.0	0.0	0.0	0.0	0.0	0.0	0.0	0.0	0.0	0.0	0.0	0.0	0.0	0.0	0.0	0.0	0.0	0.0	0.0	0.0	0.0	0.0	0.0	0.0	0.0	0.0	0.0	0.0	0.0	0.0	0.0	0.0	0.0	0.0	0.0	0.0	0.0	0.0	0.0	0.0	0.0	0.0	0.0	0.0	0.0	0.0
1508657	Ruminiclostridium	genus	0.0001249316779886	0.00013133568390531706	0.00037235947010383103	0.0017252820172528201	0.00027578865879620667	4.715757704369149e-06	0.00040861647790361983	0.00020821743105237645	8.843802835219144e-05	0.0001250849936495311	0.00018800526414739614	0.0001486386054996284	2.8617216117216117e-05	0.00012845539754839714	5.424731009627202e-05	0.00016582606410272456	8.044457943081356e-05	0.00038463837097221565	6.807369763234443e-05	0.0002192903763421568	0.00013602644094914067	2.6112633187485574e-05	0.00011941782003372648	7.693927466511169e-05	0.00013785180930499713	0.00025822919330689795	2.7908960969318085e-05	0.0001611260678512822	9.761041399276437e-05	0.00014312963967113212	1.2142339792450987e-05	5.417602074276275e-05	0.00026233838485493366	9.76969305524083e-05	0.0001726389874636194	0.0001611342267880215	0.0005644928002057084	0.00011192731956455106	0.00019709165806294142	0.00010650711112478609	0.00012028797988366583	0.0001252143615428587	5.7604215626771436e-05	6.258836488884965e-05	0.00013585176631555453	0.0001240083978487023	5.2954099878821313e-05	0.00017786179630250736	7.892400950368073e-05	0.0002990539022003117	7.790548506551851e-05	0.00031208980066849807	0.0001782160295521366	0.0003041949710826421	6.125049636260294e-05	0.00029195056583800316	0.00899119518859123	6.758203996387632e-05	0.00014007516614157308	1.4408163088879636e-05	0.0002727038288210401	0.00010360182090560423	4.83445813093953e-05	0.00019587225923515443	8.205888458608085e-05	0.00017256977973244072	8.331100135658081e-05	7.394906699629788e-05	6.096341446458614e-05	0.0002375643514671156	0.00010623262793971903	4.573493541748497e-06	4.864646087267859e-05	0.00013423788490279792	2.7039542773511676e-05	0.00010943588312247682	3.0755429475211883e-05	9.835896463995222e-06	1.0563491286687707e-05	0.0002639612784411492
1263	Ruminococcus	genus	0.00046849379245724994	0.00048493175595809384	0.003322592194772646	0.0008847600088476001	0.0006193148829107799	1.8863030817476597e-05	0.00033755274261603374	0.0012200240100725182	0.000795942255169723	0.000657498043542407	0.0010541723739693283	0.0007431930274981421	0.00013635261797026503	0.0008170605614553786	0.0002610651798383091	0.0009042213684091961	0.000490876107139046	0.0006390207199020475	0.00040582396665436103	0.0028388135991930115	0.00032549184084258666	0.000256948310564858	0.000851605868119302	0.0005655711593803823	0.001048248133256749	0.0002954737884953928	0.0002452001570875803	0.0007759080548954949	0.0008193044323435222	0.0002578168509460777	1.760639269905393e-05	0.0004134485793526631	0.0008842612799851643	0.0002333871118751976	0.0011875469743709577	0.0002698751160314716	0.001607096940087426	0.0005286413400971873	0.0011499188791619297	0.0006485099655153643	0.0009518440147316166	0.0009218680530981481	0.0004241006020057955	0.0005659305835739142	0.0008660550102616602	0.0007452904710707009	0.0002604602819621095	0.0010366801841631857	0.0004253696616107468	0.00036853107139836396	0.0007288490936129621	0.00040005006969159776	0.0005822345677514829	0.000772259678909494	0.0002984664017669211	0.00020268510506019644	0.0018607140477142476	0.0006273139354711422	0.00018187178829671987	8.284693776105791e-06	0.001503823287918924	0.0009061705935210184	0.0002464394510649663	0.0005537842965648457	0.0005678909562414205	0.0011692871472312068	0.0003499062056976394	0.00019071075172729453	0.0003331597123810278	0.0007162520709027267	0.0007494555017519419	1.2337796531228505e-05	0.00016637089618456077	0.0006763130079072262	8.136222780498107e-05	0.0005135454515334578	2.04021165825663e-05	4.3181984476076585e-06	2.5088291805883304e-05	0.00012485572039375693
253238	Ethanoligenens	genus	0.0	0.0	0.0	0.0	0.0	0.0	0.0	0.0	0.0	0.0	0.0	0.0	0.0	0.0	0.0	0.0	0.0	0.0	0.0	0.0	0.0	0.0	0.0	0.0	0.0	0.0	0.0	0.0	0.0	0.0	0.0	0.0	0.0	0.0	0.0	0.0	0.0	0.0	0.0	0.0	0.0	0.0	0.0	0.0	0.0	0.0	0.0	0.0	0.0	0.0	0.0	0.0	0.0	0.0	0.0	0.0	0.0	0.0	0.0	0.0	0.0	0.0	0.0	0.0	0.0	0.0	0.0	0.0	0.0	0.0	0.0	0.0	0.0	0.0	0.0	0.0	0.0	0.0	0.0	0.0
1637257	Mageeibacillus	genus	0.0	0.0	0.0	0.0	0.0	0.0	0.0	0.0	0.0	0.0	0.0	0.0	0.0	0.0	0.0	0.0	0.0	0.0	0.0	0.0	0.0	0.0	0.0	0.0	0.0	0.0	0.0	0.0	0.0	0.0	0.0	0.0	0.0	0.0	0.0	0.0	0.0	0.0	0.0	0.0	0.0	0.0	0.0	0.0	0.0	0.0	0.0	0.0	0.0	0.0	0.0	0.0	0.0	0.0	0.0	0.0	0.0	0.0	0.0	0.0	0.0	0.0	0.0	0.0	0.0	0.0	0.0	0.0	0.0	0.0	0.0	0.0	0.0	0.0	0.0	0.0	0.0	0.0	0.0	0.0
1392389	Intestinimonas	genus	0.0	0.0	0.0	0.0	0.0	0.0	0.0	0.0	0.0	0.0	0.0	0.0	0.0	0.0	0.0	0.0	0.0	0.0	0.0	0.0	0.0	0.0	0.0	0.0	0.0	0.0	0.0	0.0	0.0	0.0	0.0	0.0	0.0	0.0	0.0	0.0	0.0	0.0	0.0	0.0	0.0	0.0	0.0	0.0	0.0	0.0	0.0	0.0	0.0	0.0	0.0	0.0	0.0	0.0	0.0	0.0	0.0	0.0	0.0	0.0	0.0	0.0	0.0	0.0	0.0	0.0	0.0	0.0	0.0	0.0	0.0	0.0	0.0	0.0	0.0	0.0	0.0	0.0	0.0	0.0
946234	Flavonifractor	genus	0.0	0.0	0.0	0.0	0.0	0.0	0.0	0.0	0.0	0.0	0.0	0.0	0.0	0.0	0.0	0.0	0.0	0.0	0.0	0.0	0.0	0.0	0.0	0.0	0.0	0.0	0.0	0.0	0.0	0.0	0.0	0.0	0.0	0.0	0.0	0.0	0.0	0.0	0.0	0.0	0.0	0.0	0.0	0.0	0.0	0.0	0.0	0.0	0.0	0.0	0.0	0.0	0.0	0.0	0.0	0.0	0.0	0.0	0.0	0.0	0.0	0.0	0.0	0.0	0.0	0.0	0.0	0.0	0.0	0.0	0.0	0.0	0.0	0.0	0.0	0.0	0.0	0.0	0.0	0.0
1505664	Gottschalkia	genus	0.0	0.0	0.0	0.0	0.0	0.0	0.0	0.0	0.0	0.0	0.0	0.0	0.0	0.0	0.0	0.0	0.0	0.0	0.0	0.0	0.0	0.0	0.0	0.0	0.0	0.0	0.0	0.0	0.0	0.0	0.0	0.0	0.0	0.0	0.0	0.0	0.0	0.0	0.0	0.0	0.0	0.0	0.0	0.0	0.0	0.0	0.0	0.0	0.0	0.0	0.0	0.0	0.0	0.0	0.0	0.0	0.0	0.0	0.0	0.0	0.0	0.0	0.0	0.0	0.0	0.0	0.0	0.0	0.0	0.0	0.0	0.0	0.0	0.0	0.0	0.0	0.0	0.0	0.0	0.0
1562	Desulfotomaculum	genus	7.808229874287499e-05	5.05137245789681e-05	0.00021482277121374866	0.00018801150188011502	8.225275788658796e-05	1.4147273113107449e-05	0.0002664890073284477	0.0001073621128863816	5.202236961893614e-05	6.093884306002797e-05	6.714473719549862e-05	0.00020268900749949328	2.5250484809308337e-05	0.00018952435703861875	6.272345229881452e-05	0.00015018209579114678	9.3578388317477e-05	7.968603701416419e-05	5.890993064337499e-05	6.113549885902553e-05	0.00014250389051814738	1.1489558602493652e-05	6.754947395847155e-05	6.209134446658136e-05	0.00011774842044801839	0.00020112081401787245	4.186344145397713e-05	0.00010481016064112531	7.061178884582954e-05	7.798730366696302e-05	2.428467958490197e-06	5.0374194725726763e-05	0.00044099987109234536	0.00010176763599209197	0.00012904328355866498	0.00013740894186217785	0.0002651709951144253	0.00015497628862783995	6.265165289418005e-05	0.00010177346174146227	5.543706898986339e-05	6.079247987950386e-05	3.506343559890435e-05	2.7670645529807215e-05	0.00014555546390952273	0.00017237167300969622	3.940770223540191e-05	0.00014610076124848818	0.00012299845636937255	0.0011448629185244258	5.280260654440699e-05	9.388067174580835e-05	0.00011570045897625622	0.0004124996821492175	4.360204825812413e-05	0.0006416611357087048	0.0002884262961482074	4.414633255704823e-05	0.00025642792511400877	2.881632617775927e-06	0.00022231290393019573	7.873738388825922e-05	4.539674098565168e-05	0.00016025912119239908	8.097201194255661e-05	9.960829197791614e-05	8.469951804585716e-05	0.00011286962857329676	4.705947783231211e-05	0.00029895738611592073	6.67876015317221e-05	6.275258580538637e-06	5.010585469885895e-05	7.582903421990112e-05	1.6077565973439375e-05	0.00010943588312247682	7.003711662672014e-06	6.957097498923449e-06	4.126363783862386e-06	0.00014860544981648246
36853	Desulfitobacterium	genus	0.0002498633559772	0.00016164391865269794	0.00037235947010383103	0.00035390400353904004	0.0003048190439326495	4.715757704369149e-06	0.00025760604041749944	0.00027653877561643745	8.843802835219144e-05	0.0001988530668274597	0.0002282921064646953	0.00039636961466567577	7.575145442792502e-05	0.0002716515784220202	0.00013053258991915456	0.0004349023190618625	0.00019044022885661985	0.00016243692160579625	8.247390290072498e-05	0.00015150971456367196	0.00023480754687649284	3.864669711747865e-05	0.00018093609096019164	0.00010663513506217233	0.0002067777139574957	0.0002607121663194643	6.578540799910692e-05	0.0003457170970401298	0.00016303015954110644	0.00019542700801250732	1.0928105813205887e-05	9.884747644293554e-05	0.0012958611596713533	0.00018046794115930977	0.00020577172243138473	0.0003835587729678058	0.0005323508614039599	0.000313396494780743	0.00014749243285504889	0.0002023635111370936	0.00018513889077746828	0.00015878632804348025	6.929202749307288e-05	7.774133744088693e-05	0.00021712023366503806	0.0003162214145141909	9.236180211422322e-05	0.0003023650537142625	0.00020807238869152193	0.000771800727395754	0.00012984247510919753	0.00015054738352030528	0.00026312523734922785	0.0005810783193745827	9.810460858077928e-05	0.0010680349836591698	0.00044669632147141146	9.646791188392022e-05	0.0004382997134107286	1.8730612015543525e-05	0.00042585271819517494	0.00013744508240143494	0.00011555534069074974	0.0002706598491249407	0.0002097664202001802	0.00021634667238515544	0.0001305205687919766	0.00015023336768721569	0.00010802289229689825	0.0007358266616603168	0.00013491991987280773	1.1699634641682203e-05	7.832080200501253e-05	0.00022646238598105606	6.698985822266406e-05	0.00024196374158272398	1.796604296076734e-05	2.806828990944978e-05	2.310763718962936e-05	0.001483340243373656
56112	Dehalobacter	genus	0.0008589052861716249	0.0009092470424214259	0.0013462226996061582	0.0016810440168104402	0.000837042771434101	0.00024993515833156494	0.0013146791028203419	0.001252557983674452	0.0005436337625178827	0.0009910580266078233	0.001067601321408428	0.0012341508456635813	0.00030468918336565396	0.0008802353471349182	0.0005916347257374667	0.0014517602593144188	0.0007732529982023099	0.0007861334036205045	0.0005026980748234665	0.0007881163222478725	0.000921417201191203	0.00031230709292232744	0.000808181206288856	0.0005399247344920118	0.0008701895462377944	0.0012141738031449336	0.0003588294981769468	0.001262414919961017	0.0006967722105228179	0.0008321704050110053	0.00013599420567545105	0.0004752282521294978	0.003021414501432684	0.000711016550131416	0.00101316415875114	0.0012159208524494874	0.0020791816662381075	0.0010417850513315906	0.000623906043404543	0.000792886271706741	0.0007562452996164382	0.0007531008701490777	0.000430779351643682	0.00040517730954360565	0.0010589159999417777	0.0012314033906376139	0.0004457996315379841	0.00111036578548851	0.0008292145933568533	0.002960331557134399	0.0005851567544921169	0.0006622393331258374	0.0011551384533274613	0.00196078616035313	0.0004868895388823861	0.002470027808816487	0.0019742103158736507	0.0004300179800927291	0.001570197426909569	0.00011310408024770513	0.0020709682072786234	0.0008039501302274888	0.0005742392950652563	0.0010853103818529693	0.0007852654849462705	0.0009662638769577471	0.0009115612065099217	0.0006235073964635221	0.0005898477732845484	0.002778702133452442	0.0006849090949024924	3.467346266534908e-05	0.0005015450115973163	0.0007562409088417167	0.0002263039210503815	0.0010672508601760812	0.0002539606750725417	9.068216739976083e-05	0.0001586174238516701	0.0023145807731690484
79206	Desulfosporosinus	genus	7.808229874287499e-05	0.0001414384288211107	7.160759040458288e-05	0.00015483300154833	5.322237275014515e-05	0.0	0.00014212747057517212	9.434852344560808e-05	5.9825725061776566e-05	7.697538070740375e-05	0.00010071710579324792	5.855460216652028e-05	5.0500969618616674e-05	5.685730711158562e-05	5.085685321525502e-05	9.699260353178229e-05	0.00010178701887164164	7.815361322543027e-05	5.23643827941111e-05	5.183227077178251e-05	8.258748200483542e-05	1.775659056749019e-05	8.564308305449071e-05	4.8593226104281064e-05	7.897759908098794e-05	0.00012911459665344898	2.9902458181412233e-05	6.726622250102073e-05	7.580383214331701e-05	9.266726671015606e-05	3.6427019377352958e-06	3.9919173178877815e-05	0.00026912299825635437	5.0205367089432044e-05	5.0571016529747095e-05	0.00010182101447341236	0.0001727629210593983	7.748814431391997e-05	4.829398243926379e-05	8.1655451862336e-05	6.380492846003145e-05	5.534837720372739e-05	3.589827930364017e-05	3.755301893330979e-05	8.612031614646762e-05	9.300629838652673e-05	5.110686383653685e-05	8.511957394477137e-05	7.892400950368073e-05	0.0003066057684174913	4.328082503639918e-05	4.99005372342585e-05	0.00010170443571299941	0.0001535101556856677	4.879276828885319e-05	0.0001732800120980954	0.0002061675329868053	3.815115159251082e-05	8.811179805679596e-05	6.483673389995836e-06	0.00018575478195056354	7.252127463392296e-05	4.716544517989785e-05	8.191021749833731e-05	7.499421240317324e-05	9.897384425831158e-05	5.48464092264157e-05	5.21535525131785e-05	5.133761218070412e-05	0.00021087172770676551	6.633936259526759e-05	3.0844491328071263e-06	3.551191643705537e-05	6.250771739748606e-05	1.6808364426777528e-05	0.0001410618493459449	1.2180368108994806e-05	1.5593494394138765e-05	1.1388764043460183e-05	0.0003067107914020551
191373	Pelotomaculum	genus	0.0	0.0	0.0	0.0	0.0	0.0	0.0	0.0	0.0	0.0	0.0	0.0	0.0	0.0	0.0	0.0	0.0	0.0	0.0	0.0	0.0	0.0	0.0	0.0	0.0	0.0	0.0	0.0	0.0	0.0	0.0	0.0	0.0	0.0	0.0	0.0	0.0	0.0	0.0	0.0	0.0	0.0	0.0	0.0	0.0	0.0	0.0	0.0	0.0	0.0	0.0	0.0	0.0	0.0	0.0	0.0	0.0	0.0	0.0	0.0	0.0	0.0	0.0	0.0	0.0	0.0	0.0	0.0	0.0	0.0	0.0	0.0	0.0	0.0	0.0	0.0	0.0	0.0	0.0	0.0
51196	Syntrophobotulus	genus	0.0	0.0	0.0	0.0	0.0	0.0	0.0	0.0	0.0	0.0	0.0	0.0	0.0	0.0	0.0	0.0	0.0	0.0	0.0	0.0	0.0	0.0	0.0	0.0	0.0	0.0	0.0	0.0	0.0	0.0	0.0	0.0	0.0	0.0	0.0	0.0	0.0	0.0	0.0	0.0	0.0	0.0	0.0	0.0	0.0	0.0	0.0	0.0	0.0	0.0	0.0	0.0	0.0	0.0	0.0	0.0	0.0	0.0	0.0	0.0	0.0	0.0	0.0	0.0	0.0	0.0	0.0	0.0	0.0	0.0	0.0	0.0	0.0	0.0	0.0	0.0	0.0	0.0	0.0	0.0
278993	Thermincola	genus	0.0	0.0	0.0	0.0	0.0	0.0	0.0	0.0	0.0	0.0	0.0	0.0	0.0	0.0	0.0	0.0	0.0	0.0	0.0	0.0	0.0	0.0	0.0	0.0	0.0	0.0	0.0	0.0	0.0	0.0	0.0	0.0	0.0	0.0	0.0	0.0	0.0	0.0	0.0	0.0	0.0	0.0	0.0	0.0	0.0	0.0	0.0	0.0	0.0	0.0	0.0	0.0	0.0	0.0	0.0	0.0	0.0	0.0	0.0	0.0	0.0	0.0	0.0	0.0	0.0	0.0	0.0	0.0	0.0	0.0	0.0	0.0	0.0	0.0	0.0	0.0	0.0	0.0	0.0	0.0
459786	Oscillibacter	genus	0.0	0.0	0.0	0.0	0.0	0.0	0.0	0.0	0.0	0.0	0.0	0.0	0.0	0.0	0.0	0.0	0.0	0.0	0.0	0.0	0.0	0.0	0.0	0.0	0.0	0.0	0.0	0.0	0.0	0.0	0.0	0.0	0.0	0.0	0.0	0.0	0.0	0.0	0.0	0.0	0.0	0.0	0.0	0.0	0.0	0.0	0.0	0.0	0.0	0.0	0.0	0.0	0.0	0.0	0.0	0.0	0.0	0.0	0.0	0.0	0.0	0.0	0.0	0.0	0.0	0.0	0.0	0.0	0.0	0.0	0.0	0.0	0.0	0.0	0.0	0.0	0.0	0.0	0.0	0.0
73918	Thermaerobacter	genus	0.0	0.0	0.0	0.0	0.0	0.0	0.0	0.0	0.0	0.0	0.0	0.0	0.0	0.0	0.0	0.0	0.0	0.0	0.0	0.0	0.0	0.0	0.0	0.0	0.0	0.0	0.0	0.0	0.0	0.0	0.0	0.0	0.0	0.0	0.0	0.0	0.0	0.0	0.0	0.0	0.0	0.0	0.0	0.0	0.0	0.0	0.0	0.0	0.0	0.0	0.0	0.0	0.0	0.0	0.0	0.0	0.0	0.0	0.0	0.0	0.0	0.0	0.0	0.0	0.0	0.0	0.0	0.0	0.0	0.0	0.0	0.0	0.0	0.0	0.0	0.0	0.0	0.0	0.0	0.0
2733	Symbiobacterium	genus	0.0	0.0	0.0	0.0	0.0	0.0	0.0	0.0	0.0	0.0	0.0	0.0	0.0	0.0	0.0	0.0	0.0	0.0	0.0	0.0	0.0	0.0	0.0	0.0	0.0	0.0	0.0	0.0	0.0	0.0	0.0	0.0	0.0	0.0	0.0	0.0	0.0	0.0	0.0	0.0	0.0	0.0	0.0	0.0	0.0	0.0	0.0	0.0	0.0	0.0	0.0	0.0	0.0	0.0	0.0	0.0	0.0	0.0	0.0	0.0	0.0	0.0	0.0	0.0	0.0	0.0	0.0	0.0	0.0	0.0	0.0	0.0	0.0	0.0	0.0	0.0	0.0	0.0	0.0	0.0
2697	Heliobacterium	genus	0.0	0.0	0.0	0.0	0.0	0.0	0.0	0.0	0.0	0.0	0.0	0.0	0.0	0.0	0.0	0.0	0.0	0.0	0.0	0.0	0.0	0.0	0.0	0.0	0.0	0.0	0.0	0.0	0.0	0.0	0.0	0.0	0.0	0.0	0.0	0.0	0.0	0.0	0.0	0.0	0.0	0.0	0.0	0.0	0.0	0.0	0.0	0.0	0.0	0.0	0.0	0.0	0.0	0.0	0.0	0.0	0.0	0.0	0.0	0.0	0.0	0.0	0.0	0.0	0.0	0.0	0.0	0.0	0.0	0.0	0.0	0.0	0.0	0.0	0.0	0.0	0.0	0.0	0.0	0.0
862	Syntrophomonas	genus	0.0	0.0	0.0	0.0	0.0	0.0	0.0	0.0	0.0	0.0	0.0	0.0	0.0	0.0	0.0	0.0	0.0	0.0	0.0	0.0	0.0	0.0	0.0	0.0	0.0	0.0	0.0	0.0	0.0	0.0	0.0	0.0	0.0	0.0	0.0	0.0	0.0	0.0	0.0	0.0	0.0	0.0	0.0	0.0	0.0	0.0	0.0	0.0	0.0	0.0	0.0	0.0	0.0	0.0	0.0	0.0	0.0	0.0	0.0	0.0	0.0	0.0	0.0	0.0	0.0	0.0	0.0	0.0	0.0	0.0	0.0	0.0	0.0	0.0	0.0	0.0	0.0	0.0	0.0	0.0
129001	Syntrophothermus	genus	0.0	0.0	0.0	0.0	0.0	0.0	0.0	0.0	0.0	0.0	0.0	0.0	0.0	0.0	0.0	0.0	0.0	0.0	0.0	0.0	0.0	0.0	0.0	0.0	0.0	0.0	0.0	0.0	0.0	0.0	0.0	0.0	0.0	0.0	0.0	0.0	0.0	0.0	0.0	0.0	0.0	0.0	0.0	0.0	0.0	0.0	0.0	0.0	0.0	0.0	0.0	0.0	0.0	0.0	0.0	0.0	0.0	0.0	0.0	0.0	0.0	0.0	0.0	0.0	0.0	0.0	0.0	0.0	0.0	0.0	0.0	0.0	0.0	0.0	0.0	0.0	0.0	0.0	0.0	0.0
1754	Thermoanaerobacter	genus	0.0018895916295775747	0.0019397270238323753	0.002463301109917651	0.0033067905330679053	0.0022256628604606153	0.000504586074367499	0.003393293359982234	0.0024563150069460034	0.0013369748992066589	0.001783262986388187	0.0026320736980635457	0.0014368398531630746	0.0010403199741435035	0.0015604172062846278	0.0016901427551869752	0.0029254220742650464	0.0023493100646019226	0.0023584002108615132	0.0011323797779226525	0.0015842068399990962	0.0012420509548570346	0.0008491828312570308	0.0018672604587091778	0.0024863534023357144	0.002255887421022401	0.0018696786784624438	0.0011871275898020658	0.001701991862351408	0.0015389216333752851	0.0014193689267387268	0.0004456238703829512	0.001527383602344206	0.0032339990546771994	0.001318908562457512	0.0023803254332105095	0.0015372007524869535	0.004475764978143481	0.0016616902058429505	0.0013639786932170448	0.0011266085532310706	0.0015595598087525717	0.0023001333805155563	0.0012856593052931594	0.0010224962348157332	0.002660026102946528	0.001661712531172611	0.0010085908790873177	0.0020072974154140113	0.001342733148698984	0.0035720327207259457	0.0013382431101254624	0.0035767690163335452	0.0019221205281539338	0.003027823009382955	0.0012540779594241416	0.002368160165340637	0.0045065307210449155	0.00075048765346982	0.0016854205474453792	0.00055543468707631	0.003924563797381055	0.0017405105912141512	0.002067615203073772	0.002062891021126604	0.0019465889045519314	0.0017961214942005133	0.0008921219728600528	0.0011987532965715656	0.0016203433844534736	0.0038277222472341992	0.0018942577454567622	4.807486234582142e-05	0.0012531328320802004	0.0014812279589846902	0.0003727072112024582	0.00206723379219431	0.001369377884653741	0.0003073117895214117	0.0005299901643992848	0.005136727192286631
44260	Neomoorella	genus	0.0	0.0	0.0	0.0	0.0	0.0	0.0	0.0	0.0	0.0	0.0	0.0	0.0	0.0	0.0	0.0	0.0	0.0	0.0	0.0	0.0	0.0	0.0	0.0	0.0	0.0	0.0	0.0	0.0	0.0	0.0	0.0	0.0	0.0	0.0	0.0	0.0	0.0	0.0	0.0	0.0	0.0	0.0	0.0	0.0	0.0	0.0	0.0	0.0	0.0	0.0	0.0	0.0	0.0	0.0	0.0	0.0	0.0	0.0	0.0	0.0	0.0	0.0	0.0	0.0	0.0	0.0	0.0	0.0	0.0	0.0	0.0	0.0	0.0	0.0	0.0	0.0	0.0	0.0	0.0
42837	Ammonifex	genus	0.0	0.0	0.0	0.0	0.0	0.0	0.0	0.0	0.0	0.0	0.0	0.0	0.0	0.0	0.0	0.0	0.0	0.0	0.0	0.0	0.0	0.0	0.0	0.0	0.0	0.0	0.0	0.0	0.0	0.0	0.0	0.0	0.0	0.0	0.0	0.0	0.0	0.0	0.0	0.0	0.0	0.0	0.0	0.0	0.0	0.0	0.0	0.0	0.0	0.0	0.0	0.0	0.0	0.0	0.0	0.0	0.0	0.0	0.0	0.0	0.0	0.0	0.0	0.0	0.0	0.0	0.0	0.0	0.0	0.0	0.0	0.0	0.0	0.0	0.0	0.0	0.0	0.0	0.0	0.0
499228	Tepidanaerobacter	genus	0.0	0.0	0.0	0.0	0.0	0.0	0.0	0.0	0.0	0.0	0.0	0.0	0.0	0.0	0.0	0.0	0.0	0.0	0.0	0.0	0.0	0.0	0.0	0.0	0.0	0.0	0.0	0.0	0.0	0.0	0.0	0.0	0.0	0.0	0.0	0.0	0.0	0.0	0.0	0.0	0.0	0.0	0.0	0.0	0.0	0.0	0.0	0.0	0.0	0.0	0.0	0.0	0.0	0.0	0.0	0.0	0.0	0.0	0.0	0.0	0.0	0.0	0.0	0.0	0.0	0.0	0.0	0.0	0.0	0.0	0.0	0.0	0.0	0.0	0.0	0.0	0.0	0.0	0.0	0.0
140458	Thermacetogenium	genus	0.0	0.0	0.0	0.0	0.0	0.0	0.0	0.0	0.0	0.0	0.0	0.0	0.0	0.0	0.0	0.0	0.0	0.0	0.0	0.0	0.0	0.0	0.0	0.0	0.0	0.0	0.0	0.0	0.0	0.0	0.0	0.0	0.0	0.0	0.0	0.0	0.0	0.0	0.0	0.0	0.0	0.0	0.0	0.0	0.0	0.0	0.0	0.0	0.0	0.0	0.0	0.0	0.0	0.0	0.0	0.0	0.0	0.0	0.0	0.0	0.0	0.0	0.0	0.0	0.0	0.0	0.0	0.0	0.0	0.0	0.0	0.0	0.0	0.0	0.0	0.0	0.0	0.0	0.0	0.0
249529	Caldanaerobacter	genus	0.0	0.0	0.0	0.0	0.0	0.0	0.0	0.0	0.0	0.0	0.0	0.0	0.0	0.0	0.0	0.0	0.0	0.0	0.0	0.0	0.0	0.0	0.0	0.0	0.0	0.0	0.0	0.0	0.0	0.0	0.0	0.0	0.0	0.0	0.0	0.0	0.0	0.0	0.0	0.0	0.0	0.0	0.0	0.0	0.0	0.0	0.0	0.0	0.0	0.0	0.0	0.0	0.0	0.0	0.0	0.0	0.0	0.0	0.0	0.0	0.0	0.0	0.0	0.0	0.0	0.0	0.0	0.0	0.0	0.0	0.0	0.0	0.0	0.0	0.0	0.0	0.0	0.0	0.0	0.0
129957	Carboxydothermus	genus	0.0	0.0	0.0	0.0	0.0	0.0	0.0	0.0	0.0	0.0	0.0	0.0	0.0	0.0	0.0	0.0	0.0	0.0	0.0	0.0	0.0	0.0	0.0	0.0	0.0	0.0	0.0	0.0	0.0	0.0	0.0	0.0	0.0	0.0	0.0	0.0	0.0	0.0	0.0	0.0	0.0	0.0	0.0	0.0	0.0	0.0	0.0	0.0	0.0	0.0	0.0	0.0	0.0	0.0	0.0	0.0	0.0	0.0	0.0	0.0	0.0	0.0	0.0	0.0	0.0	0.0	0.0	0.0	0.0	0.0	0.0	0.0	0.0	0.0	0.0	0.0	0.0	0.0	0.0	0.0
44000	Caldicellulosiruptor	genus	0.0016084953541032248	0.0010910964509057112	0.0018045112781954887	0.002023888520238885	0.0011708922005031932	0.00017919879276602767	0.001972018654230513	0.001389200672802574	0.0008843802835219144	0.0010199237943730997	0.0017659065882416137	0.0012026214444969935	0.000683446455505279	0.0009834208304114996	0.0009662802110898454	0.001442373878327472	0.001305172258112179	0.0015125022794803857	0.0007160829347094693	0.0011030970446302432	0.0008210167328715992	0.0004783834399947357	0.0010228920342282835	0.0014119031806966108	0.0013885697874784606	0.0012365205602580306	0.0007176589963538936	0.001059051921702117	0.0008836857692323668	0.0009587850862585453	0.00023191869003581382	0.0008535099408245781	0.002204999355461727	0.0009199794293685115	0.001590371278452736	0.0008382934007131425	0.002495017999485729	0.0011709319585214574	0.0009319433368009283	0.00079170285936091	0.0010846837838205344	0.0009908266869913167	0.000723809492005954	0.0005824012059130852	0.001444637979302013	0.0011011945728964766	0.0006582317764006975	0.0013720767143336281	0.000950163075453403	0.0024890951051823925	0.0008206044426901283	0.002142340013802996	0.0012045910688576352	0.0016773103513875716	0.0007625167725140993	0.0013904408243507775	0.0021335215913634545	0.000560821928409909	0.0014030109382889818	0.0003331887714303416	0.0025531401944694477	0.0009869800138273897	0.0011932857630514155	0.0012838536264413304	0.0011390425304134138	0.0011597704314371383	0.00075257604558778	0.0007464963710468386	0.0009315637543623601	0.0019530103051322797	0.0010582921289690997	2.7228240620642217e-05	0.0008547183175329629	0.0009627213195891501	0.00020291837054356058	0.0013699565368864187	0.000588616288867174	0.00016816983954294267	0.0002551743363940499	0.0032923910616875474
28895	Thermoanaerobacterium	genus	0.00015616459748574998	0.00013133568390531706	0.00022914428929466524	0.00021013050210130503	0.00014999032320495452	4.715757704369149e-06	0.00022207417277370642	0.0001268824970475419	9.103914683313825e-05	9.621922588425468e-05	0.0001544328955496468	0.00016665540616625003	3.535067873303168e-05	0.00020426514036384465	7.798050826339103e-05	0.00014392450846651566	0.00010342874498247457	6.742664670429278e-05	6.938280720219721e-05	0.00016081294265091499	0.00011011664267311389	2.2979117204987304e-05	0.00011700533882092394	8.908758119118196e-05	0.00010195290063182079	0.00013904648870371428	4.485368727211835e-05	0.0001423540987812299	9.657200533326688e-05	4.4039889129579115e-05	7.89252086509314e-06	4.752282521294978e-05	0.00031435375426582565	9.905383236563619e-05	0.0001272994554024668	0.0001087408892434501	0.0002531177680637696	0.00011192731956455106	6.91778667373238e-05	7.692180247901219e-05	7.426475279774152e-05	9.799384816397637e-05	3.7567966713111804e-05	6.654131425025068e-05	0.0001977128384771017	0.0001661712531172611	4.8028137099396074e-05	0.0001181510504009513	7.27740866852121e-05	0.00023712859921943912	7.011493655896666e-05	0.00012432845717688133	0.00017261762024683386	0.00025898952646354983	6.6441216393332e-05	0.0002373411074798155	0.00031445755031320806	4.578138191101298e-05	0.0002010756417193549	5.403061158329863e-06	0.0002855485743814514	9.807639045730535e-05	5.1292421633138915e-05	0.00015847846429026133	0.00010651351906537647	0.00012752399164051684	0.00010205597666181148	8.095476808015767e-05	5.5615746529096125e-05	0.00025624918809936064	8.964778729090214e-05	2.233566613412057e-06	3.891716869814287e-05	9.068742606028716e-05	1.924435927123804e-05	0.00012399386757454942	2.466524542071448e-05	1.0555596205263165e-05	5.611854746052844e-06	0.0003155321194733531
291988	Thermosediminibacter	genus	0.0	0.0	0.0	0.0	0.0	0.0	0.0	0.0	0.0	0.0	0.0	0.0	0.0	0.0	0.0	0.0	0.0	0.0	0.0	0.0	0.0	0.0	0.0	0.0	0.0	0.0	0.0	0.0	0.0	0.0	0.0	0.0	0.0	0.0	0.0	0.0	0.0	0.0	0.0	0.0	0.0	0.0	0.0	0.0	0.0	0.0	0.0	0.0	0.0	0.0	0.0	0.0	0.0	0.0	0.0	0.0	0.0	0.0	0.0	0.0	0.0	0.0	0.0	0.0	0.0	0.0	0.0	0.0	0.0	0.0	0.0	0.0	0.0	0.0	0.0	0.0	0.0	0.0	0.0	0.0
68335	Coprothermobacter	genus	0.0	0.0	0.0	0.0	0.0	0.0	0.0	0.0	0.0	0.0	0.0	0.0	0.0	0.0	0.0	0.0	0.0	0.0	0.0	0.0	0.0	0.0	0.0	0.0	0.0	0.0	0.0	0.0	0.0	0.0	0.0	0.0	0.0	0.0	0.0	0.0	0.0	0.0	0.0	0.0	0.0	0.0	0.0	0.0	0.0	0.0	0.0	0.0	0.0	0.0	0.0	0.0	0.0	0.0	0.0	0.0	0.0	0.0	0.0	0.0	0.0	0.0	0.0	0.0	0.0	0.0	0.0	0.0	0.0	0.0	0.0	0.0	0.0	0.0	0.0	0.0	0.0	0.0	0.0	0.0
227388	Thermodesulfobium	genus	0.0	0.0	0.0	0.0	0.0	0.0	0.0	0.0	0.0	0.0	0.0	0.0	0.0	0.0	0.0	0.0	0.0	0.0	0.0	0.0	0.0	0.0	0.0	0.0	0.0	0.0	0.0	0.0	0.0	0.0	0.0	0.0	0.0	0.0	0.0	0.0	0.0	0.0	0.0	0.0	0.0	0.0	0.0	0.0	0.0	0.0	0.0	0.0	0.0	0.0	0.0	0.0	0.0	0.0	0.0	0.0	0.0	0.0	0.0	0.0	0.0	0.0	0.0	0.0	0.0	0.0	0.0	0.0	0.0	0.0	0.0	0.0	0.0	0.0	0.0	0.0	0.0	0.0	0.0	0.0
252965	Mahella	genus	0.0	0.0	0.0	0.0	0.0	0.0	0.0	0.0	0.0	0.0	0.0	0.0	0.0	0.0	0.0	0.0	0.0	0.0	0.0	0.0	0.0	0.0	0.0	0.0	0.0	0.0	0.0	0.0	0.0	0.0	0.0	0.0	0.0	0.0	0.0	0.0	0.0	0.0	0.0	0.0	0.0	0.0	0.0	0.0	0.0	0.0	0.0	0.0	0.0	0.0	0.0	0.0	0.0	0.0	0.0	0.0	0.0	0.0	0.0	0.0	0.0	0.0	0.0	0.0	0.0	0.0	0.0	0.0	0.0	0.0	0.0	0.0	0.0	0.0	0.0	0.0	0.0	0.0	0.0	0.0
2330	Halanaerobium	genus	4.684937924572499e-05	2.0205489831587242e-05	0.0	7.7416500774165e-05	3.386878265918328e-05	0.0	9.771263602043082e-05	6.832134456406102e-05	5.202236961893614e-05	2.565846023580125e-05	1.3428947439099723e-05	4.504200166655406e-05	8.416828269769447e-06	3.790487140772375e-05	3.2209340369661515e-05	6.57046669086267e-05	1.9700713329995157e-05	1.8389085464807123e-05	1.570931483823333e-05	3.721291234897206e-05	3.724533502178852e-05	8.356042619995384e-06	3.980594001124216e-05	1.3498118362300296e-05	4.164273406088455e-05	5.4625406276459184e-05	4.9837430302353725e-06	4.536559191929305e-05	3.322907710391978e-05	2.568993532558782e-05	3.6427019377352958e-06	1.9959586589438908e-05	0.00010403073882178403	3.663634895715311e-05	3.138890681156716e-05	5.3381891083148224e-05	0.0001165145281563384	4.4770927825820426e-05	2.0883884298060016e-05	1.775118518746435e-05	2.6149560844275183e-05	1.4517607135403908e-05	1.1687811866301451e-05	1.251767297776993e-05	4.609256357134886e-05	2.2321511612766416e-05	1.4777888338275716e-05	1.7786179630250733e-05	2.1524729864640198e-05	0.00010874687352738609	2.4237262020383538e-05	2.9602013613543177e-05	5.691716127057765e-05	7.910952808341159e-05	2.2839168135207874e-05	4.830836700916599e-05	9.058876449420233e-05	1.4715444185682744e-05	3.727806840864444e-05	3.241836694997918e-06	0.00014919665997093135	8.9788244784857e-06	1.7687041942461696e-05	8.903284510688838e-05	2.6628379766344118e-05	4.821802668994667e-05	5.068085915858666e-05	2.2573925714659352e-05	2.994694043874407e-05	0.00010943975741743527	3.36179202340883e-05	1.914485668638906e-06	2.6755553479973225e-05	2.869206700212475e-05	4.38479072002892e-06	3.614396139824923e-05	5.785674851772533e-06	2.878798965071772e-06	2.475818270317431e-06	0.00022189032917803545
32636	Halothermothrix	genus	0.0	0.0	0.0	0.0	0.0	0.0	0.0	0.0	0.0	0.0	0.0	0.0	0.0	0.0	0.0	0.0	0.0	0.0	0.0	0.0	0.0	0.0	0.0	0.0	0.0	0.0	0.0	0.0	0.0	0.0	0.0	0.0	0.0	0.0	0.0	0.0	0.0	0.0	0.0	0.0	0.0	0.0	0.0	0.0	0.0	0.0	0.0	0.0	0.0	0.0	0.0	0.0	0.0	0.0	0.0	0.0	0.0	0.0	0.0	0.0	0.0	0.0	0.0	0.0	0.0	0.0	0.0	0.0	0.0	0.0	0.0	0.0	0.0	0.0	0.0	0.0	0.0	0.0	0.0	0.0
42417	Halobacteroides	genus	0.0	0.0	0.0	0.0	0.0	0.0	0.0	0.0	0.0	0.0	0.0	0.0	0.0	0.0	0.0	0.0	0.0	0.0	0.0	0.0	0.0	0.0	0.0	0.0	0.0	0.0	0.0	0.0	0.0	0.0	0.0	0.0	0.0	0.0	0.0	0.0	0.0	0.0	0.0	0.0	0.0	0.0	0.0	0.0	0.0	0.0	0.0	0.0	0.0	0.0	0.0	0.0	0.0	0.0	0.0	0.0	0.0	0.0	0.0	0.0	0.0	0.0	0.0	0.0	0.0	0.0	0.0	0.0	0.0	0.0	0.0	0.0	0.0	0.0	0.0	0.0	0.0	0.0	0.0	0.0
28186	Acetohalobium	genus	0.0	0.0	0.0	0.0	0.0	0.0	0.0	0.0	0.0	0.0	0.0	0.0	0.0	0.0	0.0	0.0	0.0	0.0	0.0	0.0	0.0	0.0	0.0	0.0	0.0	0.0	0.0	0.0	0.0	0.0	0.0	0.0	0.0	0.0	0.0	0.0	0.0	0.0	0.0	0.0	0.0	0.0	0.0	0.0	0.0	0.0	0.0	0.0	0.0	0.0	0.0	0.0	0.0	0.0	0.0	0.0	0.0	0.0	0.0	0.0	0.0	0.0	0.0	0.0	0.0	0.0	0.0	0.0	0.0	0.0	0.0	0.0	0.0	0.0	0.0	0.0	0.0	0.0	0.0	0.0
375928	Natranaerobius	genus	0.0	0.0	0.0	0.0	0.0	0.0	0.0	0.0	0.0	0.0	0.0	0.0	0.0	0.0	0.0	0.0	0.0	0.0	0.0	0.0	0.0	0.0	0.0	0.0	0.0	0.0	0.0	0.0	0.0	0.0	0.0	0.0	0.0	0.0	0.0	0.0	0.0	0.0	0.0	0.0	0.0	0.0	0.0	0.0	0.0	0.0	0.0	0.0	0.0	0.0	0.0	0.0	0.0	0.0	0.0	0.0	0.0	0.0	0.0	0.0	0.0	0.0	0.0	0.0	0.0	0.0	0.0	0.0	0.0	0.0	0.0	0.0	0.0	0.0	0.0	0.0	0.0	0.0	0.0	0.0
29465	Veillonella	genus	0.0	0.0	0.0	0.0	0.0	0.0	0.0	0.0	0.0	0.0	0.0	0.0	0.0	0.0	0.0	0.0	0.0	0.0	0.0	0.0	0.0	0.0	0.0	0.0	0.0	0.0	0.0	0.0	0.0	0.0	0.0	0.0	0.0	0.0	0.0	0.0	0.0	0.0	0.0	0.0	0.0	0.0	0.0	0.0	0.0	0.0	0.0	0.0	0.0	0.0	0.0	0.0	0.0	0.0	0.0	0.0	0.0	0.0	0.0	0.0	0.0	0.0	0.0	0.0	0.0	0.0	0.0	0.0	0.0	0.0	0.0	0.0	0.0	0.0	0.0	0.0	0.0	0.0	0.0	0.0
906	Megasphaera	genus	0.0	0.0	0.0	0.0	0.0	0.0	0.0	0.0	0.0	0.0	0.0	0.0	0.0	0.0	0.0	0.0	0.0	0.0	0.0	0.0	0.0	0.0	0.0	0.0	0.0	0.0	0.0	0.0	0.0	0.0	0.0	0.0	0.0	0.0	0.0	0.0	0.0	0.0	0.0	0.0	0.0	0.0	0.0	0.0	0.0	0.0	0.0	0.0	0.0	0.0	0.0	0.0	0.0	0.0	0.0	0.0	0.0	0.0	0.0	0.0	0.0	0.0	0.0	0.0	0.0	0.0	0.0	0.0	0.0	0.0	0.0	0.0	0.0	0.0	0.0	0.0	0.0	0.0	0.0	0.0
39948	Dialister	genus	0.0	0.0	0.0	0.0	0.0	0.0	0.0	0.0	0.0	0.0	0.0	0.0	0.0	0.0	0.0	0.0	0.0	0.0	0.0	0.0	0.0	0.0	0.0	0.0	0.0	0.0	0.0	0.0	0.0	0.0	0.0	0.0	0.0	0.0	0.0	0.0	0.0	0.0	0.0	0.0	0.0	0.0	0.0	0.0	0.0	0.0	0.0	0.0	0.0	0.0	0.0	0.0	0.0	0.0	0.0	0.0	0.0	0.0	0.0	0.0	0.0	0.0	0.0	0.0	0.0	0.0	0.0	0.0	0.0	0.0	0.0	0.0	0.0	0.0	0.0	0.0	0.0	0.0	0.0	0.0
970	Selenomonas	genus	0.00065589130944015	0.0007880141034319024	0.0023200859291084854	0.000984295509842955	0.0012047609831623766	7.073636556553724e-05	0.0008083499888962913	0.002046386939561637	0.000512420340746521	0.001109728405198404	0.0017659065882416137	0.0012251424453302705	0.0002474547511312217	0.0031397868482731174	0.0004865305624259397	0.002305920929126566	0.0008898155520714479	0.000775406437099367	0.001000159711367522	0.001605471361341366	0.002837122911224934	0.00020367853886238746	0.0012315716591357044	0.0008868263764031294	0.0009276278001148765	0.0015791708359921836	0.00038474496193417073	0.00237152542584994	0.0009792193659061363	0.0007936355020226237	4.06768383047108e-05	0.001304026323843342	0.004328583350106405	0.0010013935381621851	0.0015275934648296017	0.0029666491692690337	0.002308192980200566	0.0018786570099219263	0.0006735052686124356	0.0008496900643066269	0.000714406002265598	0.0007930242897714384	0.00036733123008375986	0.0005059775182593319	0.0018497673538501846	0.003323425062345222	0.0005067584209333714	0.0012069193320527285	0.0010536867762309583	0.00431060523676611	0.0008309918406988641	0.0005717417486501481	0.0019053253002380257	0.010211721583433711	0.00038463235427702356	0.00512803817621212	0.0016462165133946422	0.0006676451528689393	0.0011612683128511057	3.8181632185531035e-05	0.0016836497257646822	0.0011983277284748222	0.0006803615467200266	0.0013844607414121143	0.0021780927776225965	0.0012054506672486667	0.0010844315343248269	0.0009815765629719118	0.0005770133702393723	0.016121454997126094	0.0007866593334776663	0.00011540094169295628	0.0003016080574106073	0.008314551130544294	0.0005656380028837307	0.0009437589920653965	5.755223931500046e-05	0.00016984913893923454	3.746738315747046e-05	0.0005034942637617807
365348	Pelosinus	genus	0.0006090419301944249	0.0007779113585161088	0.0011027568922305764	0.0006082725060827251	0.0016450551577317592	7.545212326990639e-05	0.0005773928492116367	0.001864196687390808	0.00034334763948497857	0.0012572645515542612	0.0012891789541535734	0.0015629574578294259	0.0002171541693600517	0.0020026407060414046	0.0007492909707047574	0.0026094139143711752	0.001446360703643811	0.0007187067569162116	0.0005851719777241915	0.000358838797650802	0.0018347375904211476	0.00013891920855742325	0.0007828501535544292	0.0005142783096036413	0.0009060884549109708	0.00260215571716951	0.0005302702584170436	0.0017160708391539474	0.00035305894422914773	0.0017359056298575767	2.4284679584901973e-05	0.000433408165942102	0.008600628255200972	0.0007775047389795826	0.0006295219643875414	0.0031267948425184786	0.0027702333504757005	0.002681089793261631	0.0002962901084787265	0.0007893360346692481	0.000428852797846113	0.0005625572764969014	0.000233756237326029	0.00022070633934489088	0.0007095828865589233	0.0022309110772981548	0.000425480035072855	0.0011243406409122785	0.0012115347952383199	0.010450272471333117	0.0005505320944629975	0.00044825906329079665	0.0011989926595523325	0.005938865286833255	0.00016817932899562162	0.008089551110252296	0.0008548663867786218	0.0002419873043867829	0.0008427102737226896	2.5934693559983343e-05	0.0008932038451239864	0.0006602889385717177	0.0005547835489285484	0.0009855935953332544	0.000613539607269439	0.0006484055694358618	0.0007824291544072215	0.0006818882388290204	0.0003069561394971267	0.008430420337643895	0.000377417184494698	7.189957288888336e-05	0.00032690421706440013	0.0006184165155636531	0.00037684840243804106	0.001283612629101712	3.197346628611137e-05	0.00020199572738253602	2.6408728216719268e-05	0.00040170970909295713
904	Acidaminococcus	genus	0.00043726087296009996	0.0004243152864633321	0.0013462226996061582	0.00044238000442380006	0.0006289916779562609	4.244181933932234e-05	0.00023095713968465466	0.0012655715731152255	0.00031213421771361687	0.0007088149640140096	0.0005774447398812881	0.0006666216246650001	0.00016833656539538892	0.0010866063136880809	0.0004644925926993292	0.001329737306484112	0.0006353480048923438	0.0005378807498456083	0.0005472078001984611	0.0006007227279191204	0.0014056065564744538	8.982745816495037e-05	0.00044148406194286763	0.000503479814913801	0.000646180356117174	0.001658625972394306	0.00028507010132946327	0.0012733652352518807	0.00034682849227216274	0.0009083227132975693	2.3677562595279422e-05	0.00044006136147191495	0.0032701836594847765	0.00045049140199166047	0.0007306639974470356	0.001705254854045013	0.0018039663152481357	0.0017426222676819336	0.0003719941890591941	0.0005124175457448042	0.00045081842895530413	0.0004554899238732976	0.00016947327206137103	0.00030042415146647834	0.0007690180343219784	0.0016369108516028706	0.00035651655616090165	0.0005894848106025957	0.0011141610172792332	0.0024377424149055714	0.0004345394833654477	0.00029686590795296157	0.0011420754982817548	0.001890152653135798	9.343296055312312e-05	0.003532811883018139	0.0008111338797814208	0.0002970339659702628	0.0003095209316354115	1.2607142702769682e-05	0.0005523240590976863	0.0004005937075016697	0.0002859405114031307	0.0014832871994807605	0.0006907075649596607	0.00046631907390935263	0.0011385836852066044	0.0003954329056223086	0.0002133719506260515	0.0024085644173089207	0.00031914612275561163	2.5101034322154547e-05	0.0002490698796681144	0.0005364391812718681	0.00023336830609931697	0.0005828213775467688	3.654110432698442e-05	5.613657981889956e-05	2.046676436795743e-05	0.00018185507100829815
1647	Erysipelothrix	genus	3.123291949715e-05	7.071921441055535e-05	0.00015753669889008234	0.00015483300154833	9.676795045480936e-06	0.0	7.106373528758606e-05	8.458833136502793e-05	3.1213421771361686e-05	7.697538070740375e-05	0.00016114736926919668	0.00011710920433304057	2.020038784744667e-05	8.212722138340146e-05	4.746639633423802e-05	0.0001032501908564134	4.4326604992489105e-05	2.4518780619742828e-05	7.854657419116665e-05	6.246453144291739e-05	3.8864697414040193e-05	2.089010654998846e-05	9.408676729929965e-05	4.0494355086900884e-05	5.169442848937392e-05	5.710837928902551e-05	1.993497212094149e-05	9.07311838385861e-05	7.061178884582954e-05	2.2937442254989125e-05	2.428467958490197e-06	3.8018260170359826e-05	0.00010855381442273117	6.784509066139465e-06	0.00019007726902560114	5.437044462172505e-05	0.00011852339933144767	5.682463916354131e-05	3.9157283058862534e-05	6.745450371236452e-05	6.275894602626043e-05	5.9885129433541115e-05	2.2540780027867084e-05	3.030594510407457e-05	0.00012493510652234033	9.300629838652673e-05	2.7092795286838813e-05	8.130824973828906e-05	3.074961409234314e-05	0.0001616099370476432	2.4237262020383538e-05	3.1293557248602785e-05	0.00011010204967095349	0.0002778251283881716	2.335824013828078e-05	3.8856729985633514e-05	9.058876449420233e-05	1.9620592247576995e-05	3.614842997201886e-05	2.1612244633319455e-06	0.0005967866398837254	5.4563625676951566e-05	3.950106033816445e-05	6.58843053790974e-05	0.00011303475492652197	5.900363792322421e-05	6.456602605135013e-05	2.957962679851915e-05	3.903797592907709e-05	0.00017172254619158542	6.140873429426796e-05	2.552647558185208e-06	3.891716869814287e-05	6.814365913004628e-05	1.8757160302345935e-05	6.525993030239444e-05	1.5225460136243507e-06	9.59599655023924e-07	1.6505455135449543e-06	0.0006107073280129416
191303	Turicibacter	genus	0.0	0.0	0.0	0.0	0.0	0.0	0.0	0.0	0.0	0.0	0.0	0.0	0.0	0.0	0.0	0.0	0.0	0.0	0.0	0.0	0.0	0.0	0.0	0.0	0.0	0.0	0.0	0.0	0.0	0.0	0.0	0.0	0.0	0.0	0.0	0.0	0.0	0.0	0.0	0.0	0.0	0.0	0.0	0.0	0.0	0.0	0.0	0.0	0.0	0.0	0.0	0.0	0.0	0.0	0.0	0.0	0.0	0.0	0.0	0.0	0.0	0.0	0.0	0.0	0.0	0.0	0.0	0.0	0.0	0.0	0.0	0.0	0.0	0.0	0.0	0.0	0.0	0.0	0.0	0.0
1729679	Faecalibaculum	genus	0.0	0.0	0.0	0.0	0.0	0.0	0.0	0.0	0.0	0.0	0.0	0.0	0.0	0.0	0.0	0.0	0.0	0.0	0.0	0.0	0.0	0.0	0.0	0.0	0.0	0.0	0.0	0.0	0.0	0.0	0.0	0.0	0.0	0.0	0.0	0.0	0.0	0.0	0.0	0.0	0.0	0.0	0.0	0.0	0.0	0.0	0.0	0.0	0.0	0.0	0.0	0.0	0.0	0.0	0.0	0.0	0.0	0.0	0.0	0.0	0.0	0.0	0.0	0.0	0.0	0.0	0.0	0.0	0.0	0.0	0.0	0.0	0.0	0.0	0.0	0.0	0.0	0.0	0.0	0.0
150022	Finegoldia	genus	0.0	0.0	0.0	0.0	0.0	0.0	0.0	0.0	0.0	0.0	0.0	0.0	0.0	0.0	0.0	0.0	0.0	0.0	0.0	0.0	0.0	0.0	0.0	0.0	0.0	0.0	0.0	0.0	0.0	0.0	0.0	0.0	0.0	0.0	0.0	0.0	0.0	0.0	0.0	0.0	0.0	0.0	0.0	0.0	0.0	0.0	0.0	0.0	0.0	0.0	0.0	0.0	0.0	0.0	0.0	0.0	0.0	0.0	0.0	0.0	0.0	0.0	0.0	0.0	0.0	0.0	0.0	0.0	0.0	0.0	0.0	0.0	0.0	0.0	0.0	0.0	0.0	0.0	0.0	0.0
543311	Parvimonas	genus	0.0	0.0	0.0	0.0	0.0	0.0	0.0	0.0	0.0	0.0	0.0	0.0	0.0	0.0	0.0	0.0	0.0	0.0	0.0	0.0	0.0	0.0	0.0	0.0	0.0	0.0	0.0	0.0	0.0	0.0	0.0	0.0	0.0	0.0	0.0	0.0	0.0	0.0	0.0	0.0	0.0	0.0	0.0	0.0	0.0	0.0	0.0	0.0	0.0	0.0	0.0	0.0	0.0	0.0	0.0	0.0	0.0	0.0	0.0	0.0	0.0	0.0	0.0	0.0	0.0	0.0	0.0	0.0	0.0	0.0	0.0	0.0	0.0	0.0	0.0	0.0	0.0	0.0	0.0	0.0
1161127	Murdochiella	genus	0.0	0.0	0.0	0.0	0.0	0.0	0.0	0.0	0.0	0.0	0.0	0.0	0.0	0.0	0.0	0.0	0.0	0.0	0.0	0.0	0.0	0.0	0.0	0.0	0.0	0.0	0.0	0.0	0.0	0.0	0.0	0.0	0.0	0.0	0.0	0.0	0.0	0.0	0.0	0.0	0.0	0.0	0.0	0.0	0.0	0.0	0.0	0.0	0.0	0.0	0.0	0.0	0.0	0.0	0.0	0.0	0.0	0.0	0.0	0.0	0.0	0.0	0.0	0.0	0.0	0.0	0.0	0.0	0.0	0.0	0.0	0.0	0.0	0.0	0.0	0.0	0.0	0.0	0.0	0.0
162289	Peptoniphilus	genus	0.0	0.0	0.0	0.0	0.0	0.0	0.0	0.0	0.0	0.0	0.0	0.0	0.0	0.0	0.0	0.0	0.0	0.0	0.0	0.0	0.0	0.0	0.0	0.0	0.0	0.0	0.0	0.0	0.0	0.0	0.0	0.0	0.0	0.0	0.0	0.0	0.0	0.0	0.0	0.0	0.0	0.0	0.0	0.0	0.0	0.0	0.0	0.0	0.0	0.0	0.0	0.0	0.0	0.0	0.0	0.0	0.0	0.0	0.0	0.0	0.0	0.0	0.0	0.0	0.0	0.0	0.0	0.0	0.0	0.0	0.0	0.0	0.0	0.0	0.0	0.0	0.0	0.0	0.0	0.0
165779	Anaerococcus	genus	0.0	0.0	0.0	0.0	0.0	0.0	0.0	0.0	0.0	0.0	0.0	0.0	0.0	0.0	0.0	0.0	0.0	0.0	0.0	0.0	0.0	0.0	0.0	0.0	0.0	0.0	0.0	0.0	0.0	0.0	0.0	0.0	0.0	0.0	0.0	0.0	0.0	0.0	0.0	0.0	0.0	0.0	0.0	0.0	0.0	0.0	0.0	0.0	0.0	0.0	0.0	0.0	0.0	0.0	0.0	0.0	0.0	0.0	0.0	0.0	0.0	0.0	0.0	0.0	0.0	0.0	0.0	0.0	0.0	0.0	0.0	0.0	0.0	0.0	0.0	0.0	0.0	0.0	0.0	0.0
1676651	Limnochorda	genus	0.0	0.0	0.0	0.0	0.0	0.0	0.0	0.0	0.0	0.0	0.0	0.0	0.0	0.0	0.0	0.0	0.0	0.0	0.0	0.0	0.0	0.0	0.0	0.0	0.0	0.0	0.0	0.0	0.0	0.0	0.0	0.0	0.0	0.0	0.0	0.0	0.0	0.0	0.0	0.0	0.0	0.0	0.0	0.0	0.0	0.0	0.0	0.0	0.0	0.0	0.0	0.0	0.0	0.0	0.0	0.0	0.0	0.0	0.0	0.0	0.0	0.0	0.0	0.0	0.0	0.0	0.0	0.0	0.0	0.0	0.0	0.0	0.0	0.0	0.0	0.0	0.0	0.0	0.0	0.0
1763	Mycobacterium	genus	0.016772077769969546	0.012406170756594568	0.024375223773720013	0.022683034726830347	0.010755757693052061	0.0020702176322180566	0.026622251832111924	0.01068741032823526	0.013666276498894524	0.012207012457182444	0.01359680928208847	0.023196630858275342	0.007597029196293902	0.015593642931899687	0.007770927171290967	0.05013891843860681	0.007463286899846499	0.009766136805601315	0.013962962672049726	0.008988247364860645	0.02977845503111605	0.010148413761984392	0.011380880121396054	0.007731722197925609	0.0075861573808156234	0.026614987721698454	0.005966537155797788	0.03519431334483638	0.012376792812550622	0.005832532816598634	0.0019470241857195156	0.00497754071280436	0.045651402040359404	0.022410590347271882	0.018280550561425475	0.019142350721001525	0.02405020570840833	0.015552731543185004	0.015097743104728764	0.012838840539920049	0.01578492090803827	0.011276551342424985	0.006763068852064861	0.005435964196819984	0.013670083985502676	0.01409727466744048	0.006986246711919845	0.0175282800256121	0.009946475171736595	0.025572129384613524	0.007601844109393151	0.015285634058216166	0.014148113382717525	0.018913769672608986	0.16917542816951853	0.029407193325884044	0.011865045648407303	0.00963589085936559	0.032388993254928895	0.002568975478747239	0.025173725183704563	0.00582449437131307	0.006520622796120878	0.052094898328942534	0.011006759260970077	0.013611441376396262	0.05611759625544819	0.034911743734568	0.009833826566572583	0.022924515039513982	0.008828514092408042	0.0008427991354608162	0.013223567459020221	0.007891855500602278	0.006043459609622082	0.01029450300547079	0.0023194465971553358	0.0022660945853389966	0.0013448644844364286	0.010909268569404513
670516	Mycobacteroides	genus	9.369875849144998e-05	0.00015154117373690433	0.0002005012531328321	0.00026542800265428	0.00012579833559125218	1.8863030817476597e-05	0.0003020208749722407	0.00013338929176792867	0.000148263753413968	0.000102633840943205	0.00014771842183009695	0.00020268900749949328	9.42684766214178e-05	0.00018952435703861875	0.00014070396056220557	0.0004192583507502847	8.701148387414527e-05	0.00013638571719731948	0.00015316581967277497	0.00011296776963080804	0.0002558592579757646	0.00025381479458235975	0.00013992391034254822	8.908758119118196e-05	9.477311889718552e-05	0.0002532632472817653	0.00010366185502889574	0.00029722284360916135	0.00012772426511819168	6.147234524337085e-05	2.0641977647166677e-05	7.983834635775563e-05	0.0007078613315482262	0.00020217837017095605	0.0002075155505875829	0.00015816856617229105	0.00029329519156595527	0.00017047391749062393	0.00018534447314528266	0.00012070805927475758	0.00012551789205252087	0.00012612171198882145	0.00011771296236775032	7.049426361165172e-05	0.00015283323710499886	0.00012524848182718934	7.388944169137858e-05	0.00015499385106361354	0.00012197346923296113	0.00023410785273256728	0.00010041151408444609	0.00021651758528763008	0.00016048773341867799	0.00017046219741782733	0.0012037279751260697	0.0002635956547674057	0.0001447337731574037	0.00014497437605154111	0.0003693917687765677	3.493979549053312e-05	0.00025096656710342095	7.597466866410977e-05	0.00010022657100728293	0.0003855122193128267	0.00016466120549392383	0.00014401963235023544	0.000592896626321	0.00034639299803529005	0.00016470817241309238	0.00021976926896021554	0.00013267872519053518	2.318654865351564e-05	0.00019215352044708043	0.00011015704295458609	4.604030256030366e-05	0.00013453585631570546	3.16689570833865e-05	1.847229335921054e-05	1.8981273405766973e-05	9.974886357544712e-05
1866885	Mycolicibacterium	genus	0.0	0.0	0.0	0.0	0.0	0.0	0.0	0.0	0.0	0.0	0.0	0.0	0.0	0.0	0.0	0.0	0.0	0.0	0.0	0.0	0.0	0.0	0.0	0.0	0.0	0.0	0.0	0.0	0.0	0.0	0.0	0.0	0.0	0.0	0.0	0.0	0.0	0.0	0.0	0.0	0.0	0.0	0.0	0.0	0.0	0.0	0.0	0.0	0.0	0.0	0.0	0.0	0.0	0.0	0.0	0.0	0.0	0.0	0.0	0.0	0.0	0.0	0.0	0.0	0.0	0.0	0.0	0.0	0.0	0.0	0.0	0.0	0.0	0.0	0.0	0.0	0.0	0.0	0.0	0.0
697025	Hoyosella	genus	0.0	0.0	0.0	0.0	0.0	0.0	0.0	0.0	0.0	0.0	0.0	0.0	0.0	0.0	0.0	0.0	0.0	0.0	0.0	0.0	0.0	0.0	0.0	0.0	0.0	0.0	0.0	0.0	0.0	0.0	0.0	0.0	0.0	0.0	0.0	0.0	0.0	0.0	0.0	0.0	0.0	0.0	0.0	0.0	0.0	0.0	0.0	0.0	0.0	0.0	0.0	0.0	0.0	0.0	0.0	0.0	0.0	0.0	0.0	0.0	0.0	0.0	0.0	0.0	0.0	0.0	0.0	0.0	0.0	0.0	0.0	0.0	0.0	0.0	0.0	0.0	0.0	0.0	0.0	0.0
1827	Rhodococcus	genus	0.0068556258296244245	0.0033238030772961016	0.0057572502685284644	0.006735235567352356	0.002385329978711051	0.0002876612199665181	0.009256051521208083	0.0034518545991651783	0.004450513720899987	0.004009134411843945	0.002860365804528241	0.006121208026484697	0.0021412411118293473	0.0036704550479812496	0.002797126926839026	0.008857614858015344	0.0023000582812769347	0.002197495713044451	0.0023040328429408887	0.003136516897984788	0.007078233016532071	0.0029945967739408454	0.004331610017586988	0.0019005350654118815	0.0021453187823090177	0.009355842311349918	0.002519780476087004	0.008312853636521492	0.004502539947581131	0.0015276336541822757	0.0005457981736706718	0.0017003666861193432	0.011262458246358359	0.004789863400694462	0.00339348959196165	0.00549438056740996	0.009992125224993572	0.0036953235043927168	0.13000740072649813	0.0022532171064621413	0.0025270935599907536	0.0024852328714919563	0.0021614103515610323	0.0019171804402794998	0.0030057203297316443	0.0037785358824499594	0.001987625981498084	0.0028203799127969023	0.0035536304019384555	0.007231667089571175	0.00262714607970943	0.005115227952420261	0.00391048889975395	0.00415513378457157	0.013674432848952643	0.007945676191116302	0.004364920698387312	0.0031245793154266364	0.012897082030954353	0.0008133408063672555	0.008336239868706938	0.001885553140481997	0.0015806319815913268	0.00923715767983967	0.002781850531100317	0.00421717399221152	0.011370563168484003	0.010183175731005988	0.0042150318667532275	0.006435591588620401	0.0042076188964984915	0.00021761320433528897	0.003787613443546755	0.0026258364890337383	0.0009797571264420176	0.0030270567671033728	0.000635510706086804	0.0005213025125917467	0.00044218114307869325	0.003928205246518799
1817	Nocardia	genus	0.00039041149371437495	0.0006061646949476173	0.0005728607232366631	0.000718867507188675	0.0001983742984323592	1.8863030817476597e-05	0.0007994670219853431	0.0003350999280999183	0.00033814540252308494	0.0003367672905948914	0.00018129079042784627	0.0004504200166655406	0.0002979557207498384	0.00033061471172292383	0.0002135987835040711	0.0007884560029035205	0.00017238124163745762	0.0001425154123522552	0.00023563972257349995	0.0002578323212750207	0.0005635381125035829	0.0002193461187748788	0.00032206624190914113	0.00022541857665041493	0.000188110281447444	0.0006480559562798112	0.00014253505066473164	0.0007023845093711234	0.00035098212691015275	0.00014679963043193038	4.249818927357845e-05	0.00013591528010903638	0.0007395228607548561	0.0003948584276493169	0.0002650618797421227	0.0004211238074337249	0.0005906081254821291	0.00030823061849314835	0.00044639302687103286	0.00024378294324117706	0.00022384024082699555	0.00021504205569317038	0.0001536112416713905	0.00012649437956483299	0.00027655538142809315	0.00037698552946005505	0.0001447001566456164	0.00022867945238893802	0.0002849464239223798	0.0006147219100784186	0.0002103448096769	0.000403433156961717	0.00029764876139859464	0.0003701195778188185	0.001577459817338562	0.0006017542238315677	0.00032591130214580834	0.00024798248535132033	0.0009387295408358647	5.835306050996252e-05	0.0007934100526930985	0.00015954680419463053	0.00016448949006489375	0.0007549985265064134	0.00026737067030696543	0.00034958069350211337	0.0010483301004036419	0.0007776328203084377	0.0003123038074326167	0.0005756709190982164	0.00026535745038107036	1.191235527153097e-05	0.0003629025981101823	0.0002249253109630851	9.110620718282312e-05	0.000245477737829776	5.0548527652328444e-05	4.078298533851677e-05	2.855443738432771e-05	0.00041120960086204735
1716	Corynebacterium	genus	0.002201920824549075	0.001919521534000788	0.003523093447905478	0.00349480203494802	0.0018192374685504162	0.0004197024356888543	0.003295580723961803	0.002384740265021749	0.0016074912212251267	0.0019885306682745968	0.0016719039561679157	0.002405242888993987	0.0009325845722904547	0.001964735834633681	0.0013409256964422242	0.004593069096279239	0.001449644155865477	0.0014803213799169733	0.0014936940192020192	0.002162336013992055	0.002699477107883542	0.0011061311418218889	0.001880529105379592	0.001276921997073608	0.0014618035611717404	0.0033718773510650712	0.0008193273541706952	0.0038638969669190977	0.0020145127994251368	0.001052369850658901	0.0002543820186518482	0.0010645112847700751	0.006400151975340192	0.0016065717468618254	0.0022791834001510154	0.003464880152711751	0.004363268192337362	0.0018115006181831958	0.002062283574433427	0.0013538237236306145	0.0016380084912853974	0.0018029053361279727	0.0010535727553766022	0.0010534610048133746	0.002465952151067164	0.002305316116007376	0.0012419583657625882	0.0018891463650130601	0.0015128810133432826	0.003735153031017025	0.0012880373530832394	0.0019072154485297102	0.002913972043410066	0.002596487725309116	0.0025003698388021893	0.0036756366202626294	0.0027114154338264695	0.001399057230542504	0.008558140795875463	0.00037064999546142864	0.008663286851822027	0.0015360696646270922	0.001186210946274431	0.002840147758909739	0.002062884277409026	0.002155218903496695	0.003995456773392688	0.0028404225838893783	0.0016117871157566898	0.004372251771945341	0.0016876195957512329	8.27483250111705e-05	0.0014034503961767772	0.0018660090718167562	0.0006586930059421222	0.0018543860195157312	0.00029415588983222455	0.00019887702850370826	0.00019575469790643156	0.002481507442825919
2053	Gordonia	genus	0.00023424689622862497	0.00032328783730539587	0.0011743644826351593	0.000630391506303915	0.0003773950067737565	2.3578788521845746e-05	0.0009593604263824117	0.0003253397360193382	0.0004083756015086487	0.00041053536377282	0.00021486315902559557	0.000621579622998446	0.00019695378151260505	0.0003643079307520116	0.00022037969726610508	0.0012077143536538052	0.00017894814608078935	0.00018235843085933728	0.00020029376418747495	0.0003322581459729648	0.0006752741175689484	0.0002517257839273609	0.0003522222570691731	0.00016332723218383358	0.00020103388856978748	0.0007746875799206939	0.00016745376581590852	0.0012389499586234515	0.0004299011850319622	0.0001229446904867417	4.1283955294333355e-05	0.0001264107150664464	0.0006807228779425434	0.00040571364215514	0.0003156328962718698	0.0006821019416180051	0.000845734764721008	0.00030823061849314835	0.0011342559659383846	0.0002627175407744724	0.00023639203003224764	0.0002794639373565252	0.00017448233428978593	0.00016338857360457593	0.0002838331546235693	0.00037698552946005505	0.0001434686659507601	0.0003366669715726032	0.0002777715139674997	0.0007944563260472928	0.00022246344068709175	0.0009743291337943353	0.0004460066079891167	0.00047748250878916276	0.001412394920361378	0.0008443462407689012	0.0006320388511262162	0.00026324294598832463	0.0012877878177531717	6.447652982273637e-05	0.0010443766197965195	0.0001581654465825558	0.00012263015746773442	0.000858276626830404	0.00023530792732300007	0.00043967226968596106	0.0011246985183138408	0.0009200820756802535	0.0002636400292196576	0.0006486307573765065	0.00026221977782588877	3.265261668178579e-05	0.00034636280141347157	0.000244394927857384	0.00011156856387629142	0.0002781077029809732	5.907478532862481e-05	4.702038309617228e-05	3.878781956830642e-05	0.0002856753167704982
2060	Tsukamurella	genus	0.0	0.0	0.0	0.0	0.0	0.0	0.0	0.0	0.0	0.0	0.0	0.0	0.0	0.0	0.0	0.0	0.0	0.0	0.0	0.0	0.0	0.0	0.0	0.0	0.0	0.0	0.0	0.0	0.0	0.0	0.0	0.0	0.0	0.0	0.0	0.0	0.0	0.0	0.0	0.0	0.0	0.0	0.0	0.0	0.0	0.0	0.0	0.0	0.0	0.0	0.0	0.0	0.0	0.0	0.0	0.0	0.0	0.0	0.0	0.0	0.0	0.0	0.0	0.0	0.0	0.0	0.0	0.0	0.0	0.0	0.0	0.0	0.0	0.0	0.0	0.0	0.0	0.0	0.0	0.0
286801	Segniliparus	genus	0.0	0.0	0.0	0.0	0.0	0.0	0.0	0.0	0.0	0.0	0.0	0.0	0.0	0.0	0.0	0.0	0.0	0.0	0.0	0.0	0.0	0.0	0.0	0.0	0.0	0.0	0.0	0.0	0.0	0.0	0.0	0.0	0.0	0.0	0.0	0.0	0.0	0.0	0.0	0.0	0.0	0.0	0.0	0.0	0.0	0.0	0.0	0.0	0.0	0.0	0.0	0.0	0.0	0.0	0.0	0.0	0.0	0.0	0.0	0.0	0.0	0.0	0.0	0.0	0.0	0.0	0.0	0.0	0.0	0.0	0.0	0.0	0.0	0.0	0.0	0.0	0.0	0.0	0.0	0.0
1847725	Lawsonella	genus	0.0	0.0	0.0	0.0	0.0	0.0	0.0	0.0	0.0	0.0	0.0	0.0	0.0	0.0	0.0	0.0	0.0	0.0	0.0	0.0	0.0	0.0	0.0	0.0	0.0	0.0	0.0	0.0	0.0	0.0	0.0	0.0	0.0	0.0	0.0	0.0	0.0	0.0	0.0	0.0	0.0	0.0	0.0	0.0	0.0	0.0	0.0	0.0	0.0	0.0	0.0	0.0	0.0	0.0	0.0	0.0	0.0	0.0	0.0	0.0	0.0	0.0	0.0	0.0	0.0	0.0	0.0	0.0	0.0	0.0	0.0	0.0	0.0	0.0	0.0	0.0	0.0	0.0	0.0	0.0
33882	Microbacterium	genus	0.0015772624346060747	0.0016972611458533284	0.0025778732545649837	0.00247732802477328	0.001093477840139346	5.6589092452429796e-05	0.0011992005329780147	0.0017080336141015256	0.0017427493822343607	0.002174554504984156	0.0005573013187226385	0.0017656464653289191	0.0006581959706959707	0.0018425979156532378	0.002485204893785462	0.0025906411523972817	0.0008438472209681258	0.0010941505851560238	0.0006100450595513943	0.0024440909217771293	0.0010784953532396154	0.0007332427399045949	0.0018576105338579676	0.0008355335266263883	0.001207639287765652	0.0015568240788790867	0.0007306167282325056	0.0023026948725930817	0.0013945828297051335	0.00031011421928745295	0.00014267249256129909	0.0007109414651857287	0.0019268302060034782	0.0011316561122320628	0.0013549544773659825	0.0011091570702831909	0.003043439830290563	0.0007972669070521099	0.0028819760331322826	0.0008603407754191055	0.0014821571086535172	0.0017548157624919472	0.0008264952676884597	0.0023460754459915115	0.0009267031202239613	0.0010528312977354827	0.0025036205826428778	0.0008181642629915337	0.001462656643659122	0.0017550537088725365	0.0012889029695839673	0.0014843295397648079	0.0011737998176784704	0.0015153241748358242	0.003705135957934405	0.0018231157636502643	0.00195234406237505	0.0021778857394810463	0.001641364648416981	0.0009556214168699418	0.0043346075979634165	0.0015519552771659515	0.0008065291125762533	0.0023023893744641335	0.0007901564118421296	0.0014186251010357993	0.001725926244770499	0.0015692770427845949	0.0010780898557947866	0.0017670516929351743	0.0014818779239186123	3.0099969123600577e-05	0.0007695870110057754	0.0004939134391080046	0.00019317439116571853	0.0010637368639290292	0.00048325610472436893	0.00014106114928851682	0.00023388229926932	0.000845490367449028
1573	Clavibacter	genus	0.0	0.0	0.0	0.0	0.0	0.0	0.0	0.0	0.0	0.0	0.0	0.0	0.0	0.0	0.0	0.0	0.0	0.0	0.0	0.0	0.0	0.0	0.0	0.0	0.0	0.0	0.0	0.0	0.0	0.0	0.0	0.0	0.0	0.0	0.0	0.0	0.0	0.0	0.0	0.0	0.0	0.0	0.0	0.0	0.0	0.0	0.0	0.0	0.0	0.0	0.0	0.0	0.0	0.0	0.0	0.0	0.0	0.0	0.0	0.0	0.0	0.0	0.0	0.0	0.0	0.0	0.0	0.0	0.0	0.0	0.0	0.0	0.0	0.0	0.0	0.0	0.0	0.0	0.0	0.0
110932	Leifsonia	genus	0.0	0.0	0.0	0.0	0.0	0.0	0.0	0.0	0.0	0.0	0.0	0.0	0.0	0.0	0.0	0.0	0.0	0.0	0.0	0.0	0.0	0.0	0.0	0.0	0.0	0.0	0.0	0.0	0.0	0.0	0.0	0.0	0.0	0.0	0.0	0.0	0.0	0.0	0.0	0.0	0.0	0.0	0.0	0.0	0.0	0.0	0.0	0.0	0.0	0.0	0.0	0.0	0.0	0.0	0.0	0.0	0.0	0.0	0.0	0.0	0.0	0.0	0.0	0.0	0.0	0.0	0.0	0.0	0.0	0.0	0.0	0.0	0.0	0.0	0.0	0.0	0.0	0.0	0.0	0.0
2034	Curtobacterium	genus	7.808229874287499e-05	0.0001010274491579362	0.0001288936627282492	0.000143773501437735	8.225275788658796e-05	4.715757704369149e-06	0.00016877637130801687	0.00012037570232715513	0.00012225256860449993	0.00011867037859058077	4.7001316036849034e-05	0.00013062180483300678	5.0500969618616674e-05	8.212722138340146e-05	0.00011527553395457805	0.00018147003241430234	7.387767498748184e-05	4.9037561239485657e-05	5.629171150366943e-05	0.00012094196513415919	0.00012307154181112728	3.1335159824982686e-05	0.00010614917336331244	4.184416692313092e-05	6.892590465249856e-05	0.0002830589234325612	3.3889452605600534e-05	0.00012045346819950223	9.761041399276437e-05	3.0277423776585643e-05	9.106754844338239e-06	3.9919173178877815e-05	0.00010403073882178403	8.955551967304093e-05	0.00012206797093387229	0.00011467221047491101	0.0002430734121882232	6.715639173873064e-05	0.00029237438017284023	4.260284444991444e-05	7.008082306265749e-05	8.529094192049796e-05	5.3429997103092346e-05	0.00010870610743852834	5.5796261165317046e-05	7.56451226877084e-05	0.00010960267184221156	6.86038357166814e-05	6.764915100315492e-05	0.0001600995638042073	8.742726657352633e-05	0.00011417919536652368	8.490920779709126e-05	9.041088923818466e-05	0.0002320251853735891	0.00015227637426802322	0.00010620751699320272	0.00010355312575110079	0.0002417426254378761	3.7821428108309046e-05	0.0002717157714702392	9.462299642711854e-05	3.714278807916956e-05	0.00016738174880095015	5.380019585445036e-05	9.897384425831158e-05	0.0002193856369056628	0.00017903458325419487	8.074978582589918e-05	0.00018506885807176044	9.23372209096292e-05	2.871728502958359e-06	8.026666043991968e-05	7.326724252328284e-05	1.778276236456173e-05	5.772993834442585e-05	2.009760737984143e-05	5.5176980163875634e-06	1.188392769752367e-05	0.0001893192716840119
33877	Agromyces	genus	0.0	0.0	0.0	0.0	0.0	0.0	0.0	0.0	0.0	0.0	0.0	0.0	0.0	0.0	0.0	0.0	0.0	0.0	0.0	0.0	0.0	0.0	0.0	0.0	0.0	0.0	0.0	0.0	0.0	0.0	0.0	0.0	0.0	0.0	0.0	0.0	0.0	0.0	0.0	0.0	0.0	0.0	0.0	0.0	0.0	0.0	0.0	0.0	0.0	0.0	0.0	0.0	0.0	0.0	0.0	0.0	0.0	0.0	0.0	0.0	0.0	0.0	0.0	0.0	0.0	0.0	0.0	0.0	0.0	0.0	0.0	0.0	0.0	0.0	0.0	0.0	0.0	0.0	0.0	0.0
33886	Rathayibacter	genus	3.123291949715e-05	3.0308234747380865e-05	7.160759040458288e-05	4.4238000442380005e-05	1.4515192568221405e-05	0.0	6.218076837663779e-05	6.506794720386764e-06	1.3005592404734036e-05	1.924384517685094e-05	2.0143421158649584e-05	2.252100083327703e-05	1.0100193923723335e-05	1.052913094658993e-05	2.712365504813601e-05	4.067431761010225e-05	4.925178332498789e-06	6.129695154935707e-06	5.23643827941111e-06	2.2593553926161608e-05	1.9432348707020097e-05	6.2670319649965374e-06	2.050609030882172e-05	1.0798494689840236e-05	1.1487650775416427e-05	4.221054121362755e-05	4.9837430302353725e-06	2.1900630581727677e-05	1.5576129892462398e-05	6.422483831396955e-06	1.8213509688676479e-06	8.55410853833096e-06	0.00011533842782415186	9.49831269259525e-06	6.9753126247927026e-06	1.0874088924345009e-05	3.8168552327076366e-05	1.3775670100252438e-05	4.176776859612003e-05	7.1004740749857395e-06	1.5689736506565108e-05	1.723965847329214e-05	1.1687811866301451e-05	1.9105921913438315e-05	1.4555546390952272e-05	4.960335913948092e-06	1.416214299084756e-05	1.1433972619446901e-05	1.1274858500525819e-05	1.8124478921231013e-05	8.656165007279834e-06	1.6069664533066295e-05	1.39960232632568e-05	1.3184921347235264e-05	3.841132822739506e-05	1.7853092155561343e-05	1.0412501666000267e-05	2.5615773212114406e-05	2.2592768732511786e-05	9.365306007771762e-06	6.91640145560609e-05	1.312289731470987e-05	6.4852487122359544e-06	3.4722809591686466e-05	1.1412162757004622e-05	2.157122246655509e-05	0.0001069157850742787	1.5568224630799554e-05	1.8716837774215044e-05	2.4023361384315058e-05	1.7033079585271405e-05	0.0	1.2161615218169648e-05	3.0741500359419373e-06	5.115589173367074e-06	1.0541988741156025e-05	1.827055216349221e-06	7.19699741267943e-07	2.475818270317431e-06	4.817802254324317e-05
69578	Cryobacterium	genus	0.0	0.0	0.0	0.0	0.0	0.0	0.0	0.0	0.0	0.0	0.0	0.0	0.0	0.0	0.0	0.0	0.0	0.0	0.0	0.0	0.0	0.0	0.0	0.0	0.0	0.0	0.0	0.0	0.0	0.0	0.0	0.0	0.0	0.0	0.0	0.0	0.0	0.0	0.0	0.0	0.0	0.0	0.0	0.0	0.0	0.0	0.0	0.0	0.0	0.0	0.0	0.0	0.0	0.0	0.0	0.0	0.0	0.0	0.0	0.0	0.0	0.0	0.0	0.0	0.0	0.0	0.0	0.0	0.0	0.0	0.0	0.0	0.0	0.0	0.0	0.0	0.0	0.0	0.0	0.0
447237	Frondihabitans	genus	0.0	0.0	0.0	0.0	0.0	0.0	0.0	0.0	0.0	0.0	0.0	0.0	0.0	0.0	0.0	0.0	0.0	0.0	0.0	0.0	0.0	0.0	0.0	0.0	0.0	0.0	0.0	0.0	0.0	0.0	0.0	0.0	0.0	0.0	0.0	0.0	0.0	0.0	0.0	0.0	0.0	0.0	0.0	0.0	0.0	0.0	0.0	0.0	0.0	0.0	0.0	0.0	0.0	0.0	0.0	0.0	0.0	0.0	0.0	0.0	0.0	0.0	0.0	0.0	0.0	0.0	0.0	0.0	0.0	0.0	0.0	0.0	0.0	0.0	0.0	0.0	0.0	0.0	0.0	0.0
518733	Microterricola	genus	0.0	0.0	0.0	0.0	0.0	0.0	0.0	0.0	0.0	0.0	0.0	0.0	0.0	0.0	0.0	0.0	0.0	0.0	0.0	0.0	0.0	0.0	0.0	0.0	0.0	0.0	0.0	0.0	0.0	0.0	0.0	0.0	0.0	0.0	0.0	0.0	0.0	0.0	0.0	0.0	0.0	0.0	0.0	0.0	0.0	0.0	0.0	0.0	0.0	0.0	0.0	0.0	0.0	0.0	0.0	0.0	0.0	0.0	0.0	0.0	0.0	0.0	0.0	0.0	0.0	0.0	0.0	0.0	0.0	0.0	0.0	0.0	0.0	0.0	0.0	0.0	0.0	0.0	0.0	0.0
529883	Rhodoluna	genus	1.5616459748575e-05	1.0102744915793621e-05	0.0	2.2119000221190002e-05	0.0	0.0	0.0	6.506794720386764e-06	1.5606710885680843e-05	1.2829230117900625e-05	2.0143421158649584e-05	1.8016800666621624e-05	0.0	1.2634957135907916e-05	1.0171370643051005e-05	6.257587324631115e-06	1.6417261108329298e-06	3.0648475774678535e-06	6.545547849263888e-06	1.4619358422810452e-05	6.477449569006699e-06	4.178021309997692e-06	1.0856165457611498e-05	6.749059181150148e-06	4.30786904078116e-06	1.2414865062831631e-05	3.986994424188298e-06	2.1900630581727677e-05	1.4537721232964907e-05	1.83499538039913e-06	1.2142339792450986e-06	8.55410853833096e-06	4.070768040852419e-05	6.784509066139465e-06	1.569445340578358e-05	6.919874770037733e-06	2.6115325276420673e-05	6.887835050126219e-06	1.0441942149030008e-05	8.283886420816697e-06	1.0459824337710073e-05	6.35145312173921e-06	5.843905933150726e-06	1.3176497871336769e-05	4.851848796984091e-06	6.2004198924351154e-06	1.2314906948563096e-05	8.893089815125366e-06	7.174909954880066e-06	9.062239460615506e-06	1.0387398008735803e-05	2.029852362071532e-05	1.679522791590816e-05	1.7893821828390713e-05	1.6610304098333e-05	7.351273240525259e-06	1.0412501666000267e-05	9.265279672466914e-06	4.7444814338274746e-05	3.241836694997918e-06	5.2367039592446104e-05	1.657629134489668e-05	5.895680647487231e-06	8.903284510688838e-06	7.064672182907623e-06	6.978924915650176e-06	2.4993300406974242e-05	1.634663586233953e-05	9.09103549033302e-06	1.0677049504140026e-05	1.0309495538453745e-05	6.38161889546302e-07	7.296969130901789e-06	7.173016750531188e-06	1.948795875568409e-06	7.027992494104016e-06	1.5225460136243507e-06	2.1590992238038292e-06	1.4854909621904588e-06	0.00022189032917803545
1663	Arthrobacter	genus	0.0006871242289372999	0.0007779113585161088	0.0014321518080916578	0.00117230701172307	0.0005709309076833753	0.0019711867204263043	0.0016078170108816345	0.0008719104925318264	0.0008323579139029783	0.0008050341898982643	0.0006110171084790374	0.0011485710424971286	0.0003753905408317173	0.0007159809043681153	0.0006780913762034003	0.0015268513072099921	0.0007437019282073171	0.0006420855674795153	0.0006100450595513943	0.0009289937761404097	0.0010121014951572967	0.0005964125420021705	0.0008045624844696522	0.0006020160789585932	0.0006820792647903504	0.001688421648545102	0.0009000639912605082	0.0013891257111838698	0.0008784937259348793	0.0004064514767584073	0.00015238636439525988	0.00044196227448043297	0.002234399346867883	0.0008195686951896474	0.0007934418110701699	0.0010992715348974228	0.0016974961429673439	0.0006509004122369278	0.001048109943208887	0.000489932711174016	0.0006275894602626043	0.0006768834326882072	0.001150414625125957	0.0007174603090942871	0.0008454346528744778	0.0009251026479513192	0.0012628937075751456	0.0007203402750251548	0.0007533655452624069	0.0015224562293834052	0.0015572440848096423	0.0009599510128963287	0.0009153399214169947	0.0008607870079552165	0.0010640976062994579	0.0014019928251573172	0.00116828268692523	0.0011935860283942671	0.0022502397657581737	0.0002290897931131862	0.002186570917322325	0.0006022719188645793	0.0008047604083820071	0.001079968411146556	0.0007733098858675037	0.0008755378530542948	0.0022480085199384054	0.001253242082779364	0.0007390477086847197	0.0014147090592985534	0.000775901599002758	6.711335871728609e-05	0.0007019684303927521	0.0006758006495679026	0.0002087647581702658	0.000805709139502639	0.00026065987753248884	0.00011395245903409098	0.00048740609014982496	0.0009262394474862947
57493	Kocuria	genus	4.684937924572499e-05	1.0102744915793621e-05	0.00015753669889008234	8.847600088476001e-05	6.289916779562609e-05	9.431515408738299e-06	7.994670219853431e-05	6.832134456406102e-05	4.421901417609572e-05	5.13169204716025e-05	5.371578975639889e-05	5.855460216652028e-05	3.19839474251239e-05	4.422234997567771e-05	4.916162477474652e-05	0.00018147003241430234	2.1342439440828086e-05	3.218089956341246e-05	2.2254862687497218e-05	7.309679211405225e-05	8.906493157384211e-05	7.31153729249596e-06	3.859969940484089e-05	2.8346048560830622e-05	1.5795519816197587e-05	0.00010676783954035204	2.4918715151176862e-05	0.00013140378349036608	6.957338018633205e-05	1.7432456113791733e-05	4.249818927357845e-06	3.326597764906485e-05	0.0002193691666459359	3.120874170424154e-05	4.185187574875622e-05	0.00010083246093483553	0.00010847904345590126	4.4770927825820426e-05	6.395689566280881e-05	3.076872099160487e-05	6.275894602626043e-05	4.8996924081988186e-05	2.1705936323131265e-05	2.3717696168406183e-05	5.822218556380909e-05	9.548646634350078e-05	4.9875373141680544e-05	4.827677328210914e-05	2.9724626955931702e-05	0.00011327799325769385	3.6355893030575304e-05	6.512442994979499e-05	6.718091166363264e-05	5.933214606255868e-05	5.190720030729063e-05	0.00011657018995690054	7.080501132880181e-05	3.760613514118924e-05	0.00016379757331071043	7.9244896988838e-06	0.000288512746433854	3.522461910790544e-05	1.8276610007210417e-05	6.58843053790974e-05	4.5105214706256364e-05	5.646584704480597e-05	0.00011108133514210774	6.694336591243807e-05	4.064227630972409e-05	0.00011388852804416028	5.109923875581422e-05	1.276323779092604e-06	2.383676582761251e-05	4.09886671458925e-05	1.8269961333453835e-05	3.4135963542790936e-05	6.699202459947144e-06	4.558098361363639e-06	3.96130923250789e-06	2.9178239005062765e-05
1742993	Pseudarthrobacter	genus	4.684937924572499e-05	0.0	7.160759040458288e-05	0.00011059500110595002	4.3545577704664214e-05	4.715757704369149e-06	0.00011547856984232733	5.8561152483480877e-05	2.8612303290414877e-05	3.848769035370188e-05	6.7144737195498615e-06	8.557980316645271e-05	2.6933850463262227e-05	6.10689594902216e-05	3.8990254131695516e-05	9.386380986946673e-05	2.9551069994992735e-05	5.823210397188922e-05	3.5345958386024995e-05	5.316130335567437e-05	5.991640851331197e-05	4.282471842747634e-05	6.0312030320063884e-05	3.5095107741980765e-05	2.4411257897759908e-05	8.690405543982143e-05	4.0866692847930054e-05	0.00011106748366447608	6.749656286733707e-05	1.5597460733392603e-05	1.1535222802828437e-05	2.6612782119251876e-05	0.00013795380582888752	4.749156346297626e-05	5.405867284214344e-05	7.809572954756871e-05	9.2408074055027e-05	3.44391752506311e-05	5.3514953513778795e-05	2.130142222495722e-05	4.8115191953466335e-05	3.266461605465879e-05	4.090734153205508e-05	3.623536914617611e-05	6.186107216154716e-05	7.192487075224734e-05	5.603282661596209e-05	3.684280066266223e-05	5.739927963904053e-05	7.70290354152318e-05	4.674329103931111e-05	6.512442994979499e-05	7.837773027423808e-05	6.309926644748304e-05	6.592214439025909e-05	8.086400564577785e-05	4.998000799680128e-05	5.777174384008781e-05	0.0001581493811275825	1.7649999783877553e-05	0.00013239968500731655	3.660597671998016e-05	7.310644002884167e-05	8.725218820475061e-05	5.706081378502311e-05	5.26591607271786e-05	0.00013607463554908197	8.796046916401747e-05	4.812901141941011e-05	0.00010054221616398524	4.9754521946450685e-05	5.105295116370416e-06	5.3997571568673235e-05	3.688980043130325e-05	1.6077565973439375e-05	4.668595013940525e-05	1.583447854169325e-05	8.156597067703355e-06	1.2709200454296147e-05	6.446355129025494e-05
32207	Rothia	genus	0.0	1.0102744915793621e-05	2.8643036161833155e-05	1.1059500110595001e-05	4.838397522740468e-06	0.0	0.0	1.9520384161160293e-05	2.601118480946807e-06	3.528038282422672e-05	0.0	9.008400333310812e-06	1.6833656539538892e-06	2.105826189317986e-06	5.0856853215255025e-06	2.503034929852446e-05	6.566904443331719e-06	1.8389085464807123e-05	2.618219139705555e-06	1.860645617448603e-05	9.716174353510048e-06	2.089010654998846e-06	9.649924851210222e-06	6.749059181150148e-06	1.292360712234348e-05	1.2414865062831631e-05	0.0	2.1900630581727677e-05	1.1422495254472425e-05	3.66999076079826e-06	0.0	3.326597764906485e-05	2.261537800473566e-05	4.070705439683679e-06	1.0462968937189054e-05	7.908428308614552e-06	3.8168552327076366e-05	1.2053711337720884e-05	9.136699380401257e-06	3.5502370374928697e-06	3.765536761575626e-05	9.073504459627441e-06	7.513593342622361e-06	7.247073829235223e-06	1.0916659793214205e-05	3.7202519354610693e-06	4.187068362511453e-05	0.0	2.1524729864640198e-05	3.0207464868718358e-06	5.193699004367901e-06	1.014926181035766e-05	1.3062955045706347e-05	4.708900481155451e-06	2.5953600153645314e-05	1.2602182698043301e-05	1.1453751832600293e-05	1.526046063700433e-05	2.2592768732511787e-06	3.241836694997918e-06	5.9283441048052194e-05	2.7627152241494464e-05	1.0022657100728293e-05	4.451642255344419e-06	3.2606179305727495e-06	6.344477196045614e-06	9.025358480296253e-06	5.448878620779843e-06	4.812901141941011e-06	1.7795082506900043e-05	9.861256601999236e-06	0.0	2.4323230436339294e-06	5.1235833932365625e-06	4.628390204474971e-06	8.03199142183316e-06	0.0	0.0	0.0	6.785636977921573e-06
596707	Sinomonas	genus	0.0	0.0	0.0	0.0	0.0	0.0	0.0	0.0	0.0	0.0	0.0	0.0	0.0	0.0	0.0	0.0	0.0	0.0	0.0	0.0	0.0	0.0	0.0	0.0	0.0	0.0	0.0	0.0	0.0	0.0	0.0	0.0	0.0	0.0	0.0	0.0	0.0	0.0	0.0	0.0	0.0	0.0	0.0	0.0	0.0	0.0	0.0	0.0	0.0	0.0	0.0	0.0	0.0	0.0	0.0	0.0	0.0	0.0	0.0	0.0	0.0	0.0	0.0	0.0	0.0	0.0	0.0	0.0	0.0	0.0	0.0	0.0	0.0	0.0	0.0	0.0	0.0	0.0	0.0	0.0
1742989	Glutamicibacter	genus	0.0	0.0	0.0	0.0	0.0	0.0	0.0	0.0	0.0	0.0	0.0	0.0	0.0	0.0	0.0	0.0	0.0	0.0	0.0	0.0	0.0	0.0	0.0	0.0	0.0	0.0	0.0	0.0	0.0	0.0	0.0	0.0	0.0	0.0	0.0	0.0	0.0	0.0	0.0	0.0	0.0	0.0	0.0	0.0	0.0	0.0	0.0	0.0	0.0	0.0	0.0	0.0	0.0	0.0	0.0	0.0	0.0	0.0	0.0	0.0	0.0	0.0	0.0	0.0	0.0	0.0	0.0	0.0	0.0	0.0	0.0	0.0	0.0	0.0	0.0	0.0	0.0	0.0	0.0	0.0
1269	Micrococcus	genus	0.0	0.0	0.0	0.0	0.0	0.0	0.0	0.0	0.0	0.0	0.0	0.0	0.0	0.0	0.0	0.0	0.0	0.0	0.0	0.0	0.0	0.0	0.0	0.0	0.0	0.0	0.0	0.0	0.0	0.0	0.0	0.0	0.0	0.0	0.0	0.0	0.0	0.0	0.0	0.0	0.0	0.0	0.0	0.0	0.0	0.0	0.0	0.0	0.0	0.0	0.0	0.0	0.0	0.0	0.0	0.0	0.0	0.0	0.0	0.0	0.0	0.0	0.0	0.0	0.0	0.0	0.0	0.0	0.0	0.0	0.0	0.0	0.0	0.0	0.0	0.0	0.0	0.0	0.0	0.0
1742992	Paenarthrobacter	genus	0.0	0.0	0.0	0.0	0.0	0.0	0.0	0.0	0.0	0.0	0.0	0.0	0.0	0.0	0.0	0.0	0.0	0.0	0.0	0.0	0.0	0.0	0.0	0.0	0.0	0.0	0.0	0.0	0.0	0.0	0.0	0.0	0.0	0.0	0.0	0.0	0.0	0.0	0.0	0.0	0.0	0.0	0.0	0.0	0.0	0.0	0.0	0.0	0.0	0.0	0.0	0.0	0.0	0.0	0.0	0.0	0.0	0.0	0.0	0.0	0.0	0.0	0.0	0.0	0.0	0.0	0.0	0.0	0.0	0.0	0.0	0.0	0.0	0.0	0.0	0.0	0.0	0.0	0.0	0.0
1645	Renibacterium	genus	0.0	0.0	0.0	0.0	0.0	0.0	0.0	0.0	0.0	0.0	0.0	0.0	0.0	0.0	0.0	0.0	0.0	0.0	0.0	0.0	0.0	0.0	0.0	0.0	0.0	0.0	0.0	0.0	0.0	0.0	0.0	0.0	0.0	0.0	0.0	0.0	0.0	0.0	0.0	0.0	0.0	0.0	0.0	0.0	0.0	0.0	0.0	0.0	0.0	0.0	0.0	0.0	0.0	0.0	0.0	0.0	0.0	0.0	0.0	0.0	0.0	0.0	0.0	0.0	0.0	0.0	0.0	0.0	0.0	0.0	0.0	0.0	0.0	0.0	0.0	0.0	0.0	0.0	0.0	0.0
267408	Arsenicicoccus	genus	0.0	0.0	0.0	0.0	0.0	0.0	0.0	0.0	0.0	0.0	0.0	0.0	0.0	0.0	0.0	0.0	0.0	0.0	0.0	0.0	0.0	0.0	0.0	0.0	0.0	0.0	0.0	0.0	0.0	0.0	0.0	0.0	0.0	0.0	0.0	0.0	0.0	0.0	0.0	0.0	0.0	0.0	0.0	0.0	0.0	0.0	0.0	0.0	0.0	0.0	0.0	0.0	0.0	0.0	0.0	0.0	0.0	0.0	0.0	0.0	0.0	0.0	0.0	0.0	0.0	0.0	0.0	0.0	0.0	0.0	0.0	0.0	0.0	0.0	0.0	0.0	0.0	0.0	0.0	0.0
53357	Intrasporangium	genus	0.0	0.0	0.0	0.0	0.0	0.0	0.0	0.0	0.0	0.0	0.0	0.0	0.0	0.0	0.0	0.0	0.0	0.0	0.0	0.0	0.0	0.0	0.0	0.0	0.0	0.0	0.0	0.0	0.0	0.0	0.0	0.0	0.0	0.0	0.0	0.0	0.0	0.0	0.0	0.0	0.0	0.0	0.0	0.0	0.0	0.0	0.0	0.0	0.0	0.0	0.0	0.0	0.0	0.0	0.0	0.0	0.0	0.0	0.0	0.0	0.0	0.0	0.0	0.0	0.0	0.0	0.0	0.0	0.0	0.0	0.0	0.0	0.0	0.0	0.0	0.0	0.0	0.0	0.0	0.0
265976	Serinicoccus	genus	0.0	0.0	0.0	0.0	0.0	0.0	0.0	0.0	0.0	0.0	0.0	0.0	0.0	0.0	0.0	0.0	0.0	0.0	0.0	0.0	0.0	0.0	0.0	0.0	0.0	0.0	0.0	0.0	0.0	0.0	0.0	0.0	0.0	0.0	0.0	0.0	0.0	0.0	0.0	0.0	0.0	0.0	0.0	0.0	0.0	0.0	0.0	0.0	0.0	0.0	0.0	0.0	0.0	0.0	0.0	0.0	0.0	0.0	0.0	0.0	0.0	0.0	0.0	0.0	0.0	0.0	0.0	0.0	0.0	0.0	0.0	0.0	0.0	0.0	0.0	0.0	0.0	0.0	0.0	0.0
1707	Cellulomonas	genus	0.00017178105723432497	0.0001919521534000788	0.00027210884353741496	0.000387082503870825	0.00016450551577317592	9.431515408738299e-06	0.00032866977570508547	0.00017568345745044262	0.00016907270126154247	0.0001603653764737578	8.72881583541482e-05	0.000144134405332973	7.91181857358328e-05	0.00015583113800953096	0.00016782761561034157	0.00033790971553008023	7.387767498748184e-05	7.355634185922849e-05	7.985568376101943e-05	0.00021264521342269748	0.0002186139229539761	7.207086759746018e-05	0.0002315981964290453	4.994303794051109e-05	0.00013497989661114302	0.0004692818993750357	4.7843933090259575e-05	0.000298787174364999	0.0002596021648743733	2.8442428396186512e-05	2.7927381522637266e-05	8.554108538330961e-05	0.00021032301544404163	0.0001533299048947519	0.00010114203305949419	0.0002441727240284743	0.00044195165852404215	8.093206183898308e-05	0.0002075336002119714	5.917061729154783e-05	0.00014957548802925404	0.00015334222536770377	6.762234008360125e-05	9.355313488649106e-05	0.00010552771133440397	0.00018353242881607944	0.00015455208220446686	8.639001534693214e-05	0.00014964812191606996	0.0002537427048972342	0.00013330494111210946	0.00031293557248602785	0.00019687739390314565	0.00016669507703290297	0.00022268188931827678	0.0002268392885647794	0.00022074503531920565	0.00016568500120176126	0.0005218929577210222	2.7375509868871307e-05	0.00047130335633201496	0.00010705521493579105	8.13603929353238e-05	0.0002715501775760096	0.00011086100963947347	0.0002201533587027828	0.0006373291603778431	0.00033393841833065043	0.0002149762510066985	0.0002909495989878157	0.0001891568311838035	3.2971697626558938e-06	0.00010994100157225362	0.00013782439327806353	2.6552343804619572e-05	0.0001445758455929969	2.8928374258862665e-05	1.1515195860287088e-05	1.402963686513211e-05	9.499891769090202e-05
254250	Isoptericola	genus	3.123291949715e-05	5.05137245789681e-05	0.00010025062656641604	3.3178500331785e-05	4.838397522740468e-06	0.0	8.882966910948258e-06	1.6266986800966908e-05	2.8612303290414877e-05	2.565846023580125e-05	2.0143421158649584e-05	1.8016800666621624e-05	8.416828269769447e-06	2.5269914271815832e-05	1.0171370643051005e-05	2.8159142960840017e-05	2.7909343884159806e-05	1.6856661676073195e-05	1.570931483823333e-05	2.9238716845620905e-05	2.5909798276026796e-05	9.400547947494807e-06	2.653729334082811e-05	5.399247344920118e-06	1.292360712234348e-05	7.697216338955612e-05	4.9837430302353725e-06	4.223693040761766e-05	3.7382711741909755e-05	6.422483831396955e-06	1.8213509688676479e-06	7.603652034071965e-06	2.261537800473566e-05	1.4925919945506823e-05	1.0462968937189054e-05	2.8668052618727752e-05	4.62040370275135e-05	1.721958762531555e-05	3.2631069215718775e-05	2.3668246916619133e-06	1.7781701374107123e-05	2.812786382484507e-05	5.843905933150726e-06	1.71294472327378e-05	1.5768508590198295e-05	4.340293924704581e-05	2.832428598169512e-05	1.90566210324115e-05	1.4349819909760133e-05	4.6821570546513454e-05	1.9043563016015635e-05	4.313436269402006e-05	2.8925114744064055e-05	2.5428062598239436e-05	2.8548960169009844e-05	2.625454728759021e-05	3.644375583100093e-05	1.5805477088325912e-05	7.229685994403772e-05	2.881632617775927e-06	9.386544832608264e-05	1.5194933732821955e-05	1.5328769683466802e-05	3.8284123395962e-05	2.0107143905198622e-05	3.235683369983263e-05	5.831770094960656e-05	3.3471682956219036e-05	2.2460205329058052e-05	3.5590165013800086e-05	2.4653141504998087e-05	3.19080944773151e-07	1.2161615218169648e-05	1.895725855497528e-05	5.115589173367074e-06	2.0079978554582903e-05	3.0450920272487014e-06	9.59599655023924e-07	8.252727567724771e-07	1.3571273955843146e-05
186188	Xylanimonas	genus	0.0	0.0	0.0	0.0	0.0	0.0	0.0	0.0	0.0	0.0	0.0	0.0	0.0	0.0	0.0	0.0	0.0	0.0	0.0	0.0	0.0	0.0	0.0	0.0	0.0	0.0	0.0	0.0	0.0	0.0	0.0	0.0	0.0	0.0	0.0	0.0	0.0	0.0	0.0	0.0	0.0	0.0	0.0	0.0	0.0	0.0	0.0	0.0	0.0	0.0	0.0	0.0	0.0	0.0	0.0	0.0	0.0	0.0	0.0	0.0	0.0	0.0	0.0	0.0	0.0	0.0	0.0	0.0	0.0	0.0	0.0	0.0	0.0	0.0	0.0	0.0	0.0	0.0	0.0	0.0
57495	Dermacoccus	genus	0.0	0.0	0.0	0.0	0.0	0.0	0.0	0.0	0.0	0.0	0.0	0.0	0.0	0.0	0.0	0.0	0.0	0.0	0.0	0.0	0.0	0.0	0.0	0.0	0.0	0.0	0.0	0.0	0.0	0.0	0.0	0.0	0.0	0.0	0.0	0.0	0.0	0.0	0.0	0.0	0.0	0.0	0.0	0.0	0.0	0.0	0.0	0.0	0.0	0.0	0.0	0.0	0.0	0.0	0.0	0.0	0.0	0.0	0.0	0.0	0.0	0.0	0.0	0.0	0.0	0.0	0.0	0.0	0.0	0.0	0.0	0.0	0.0	0.0	0.0	0.0	0.0	0.0	0.0	0.0
745364	Luteipulveratus	genus	0.0	0.0	0.0	0.0	0.0	0.0	0.0	0.0	0.0	0.0	0.0	0.0	0.0	0.0	0.0	0.0	0.0	0.0	0.0	0.0	0.0	0.0	0.0	0.0	0.0	0.0	0.0	0.0	0.0	0.0	0.0	0.0	0.0	0.0	0.0	0.0	0.0	0.0	0.0	0.0	0.0	0.0	0.0	0.0	0.0	0.0	0.0	0.0	0.0	0.0	0.0	0.0	0.0	0.0	0.0	0.0	0.0	0.0	0.0	0.0	0.0	0.0	0.0	0.0	0.0	0.0	0.0	0.0	0.0	0.0	0.0	0.0	0.0	0.0	0.0	0.0	0.0	0.0	0.0	0.0
57499	Kytococcus	genus	0.0	0.0	0.0	0.0	0.0	0.0	0.0	0.0	0.0	0.0	0.0	0.0	0.0	0.0	0.0	0.0	0.0	0.0	0.0	0.0	0.0	0.0	0.0	0.0	0.0	0.0	0.0	0.0	0.0	0.0	0.0	0.0	0.0	0.0	0.0	0.0	0.0	0.0	0.0	0.0	0.0	0.0	0.0	0.0	0.0	0.0	0.0	0.0	0.0	0.0	0.0	0.0	0.0	0.0	0.0	0.0	0.0	0.0	0.0	0.0	0.0	0.0	0.0	0.0	0.0	0.0	0.0	0.0	0.0	0.0	0.0	0.0	0.0	0.0	0.0	0.0	0.0	0.0	0.0	0.0
43668	Brachybacterium	genus	0.0	0.0	0.0	0.0	0.0	0.0	0.0	0.0	0.0	0.0	0.0	0.0	0.0	0.0	0.0	0.0	0.0	0.0	0.0	0.0	0.0	0.0	0.0	0.0	0.0	0.0	0.0	0.0	0.0	0.0	0.0	0.0	0.0	0.0	0.0	0.0	0.0	0.0	0.0	0.0	0.0	0.0	0.0	0.0	0.0	0.0	0.0	0.0	0.0	0.0	0.0	0.0	0.0	0.0	0.0	0.0	0.0	0.0	0.0	0.0	0.0	0.0	0.0	0.0	0.0	0.0	0.0	0.0	0.0	0.0	0.0	0.0	0.0	0.0	0.0	0.0	0.0	0.0	0.0	0.0
36739	Dermabacter	genus	0.0	0.0	0.0	0.0	0.0	0.0	0.0	0.0	0.0	0.0	0.0	0.0	0.0	0.0	0.0	0.0	0.0	0.0	0.0	0.0	0.0	0.0	0.0	0.0	0.0	0.0	0.0	0.0	0.0	0.0	0.0	0.0	0.0	0.0	0.0	0.0	0.0	0.0	0.0	0.0	0.0	0.0	0.0	0.0	0.0	0.0	0.0	0.0	0.0	0.0	0.0	0.0	0.0	0.0	0.0	0.0	0.0	0.0	0.0	0.0	0.0	0.0	0.0	0.0	0.0	0.0	0.0	0.0	0.0	0.0	0.0	0.0	0.0	0.0	0.0	0.0	0.0	0.0	0.0	0.0
472568	Devriesea	genus	0.0	0.0	0.0	0.0	0.0	0.0	0.0	0.0	0.0	0.0	0.0	0.0	0.0	0.0	0.0	0.0	0.0	0.0	0.0	0.0	0.0	0.0	0.0	0.0	0.0	0.0	0.0	0.0	0.0	0.0	0.0	0.0	0.0	0.0	0.0	0.0	0.0	0.0	0.0	0.0	0.0	0.0	0.0	0.0	0.0	0.0	0.0	0.0	0.0	0.0	0.0	0.0	0.0	0.0	0.0	0.0	0.0	0.0	0.0	0.0	0.0	0.0	0.0	0.0	0.0	0.0	0.0	0.0	0.0	0.0	0.0	0.0	0.0	0.0	0.0	0.0	0.0	0.0	0.0	0.0
60919	Sanguibacter	genus	0.0	0.0	0.0	0.0	0.0	0.0	0.0	0.0	0.0	0.0	0.0	0.0	0.0	0.0	0.0	0.0	0.0	0.0	0.0	0.0	0.0	0.0	0.0	0.0	0.0	0.0	0.0	0.0	0.0	0.0	0.0	0.0	0.0	0.0	0.0	0.0	0.0	0.0	0.0	0.0	0.0	0.0	0.0	0.0	0.0	0.0	0.0	0.0	0.0	0.0	0.0	0.0	0.0	0.0	0.0	0.0	0.0	0.0	0.0	0.0	0.0	0.0	0.0	0.0	0.0	0.0	0.0	0.0	0.0	0.0	0.0	0.0	0.0	0.0	0.0	0.0	0.0	0.0	0.0	0.0
84756	Beutenbergia	genus	0.0	0.0	0.0	0.0	0.0	0.0	0.0	0.0	0.0	0.0	0.0	0.0	0.0	0.0	0.0	0.0	0.0	0.0	0.0	0.0	0.0	0.0	0.0	0.0	0.0	0.0	0.0	0.0	0.0	0.0	0.0	0.0	0.0	0.0	0.0	0.0	0.0	0.0	0.0	0.0	0.0	0.0	0.0	0.0	0.0	0.0	0.0	0.0	0.0	0.0	0.0	0.0	0.0	0.0	0.0	0.0	0.0	0.0	0.0	0.0	0.0	0.0	0.0	0.0	0.0	0.0	0.0	0.0	0.0	0.0	0.0	0.0	0.0	0.0	0.0	0.0	0.0	0.0	0.0	0.0
1696	Brevibacterium	genus	0.0	0.0	0.0	0.0	0.0	0.0	0.0	0.0	0.0	0.0	0.0	0.0	0.0	0.0	0.0	0.0	0.0	0.0	0.0	0.0	0.0	0.0	0.0	0.0	0.0	0.0	0.0	0.0	0.0	0.0	0.0	0.0	0.0	0.0	0.0	0.0	0.0	0.0	0.0	0.0	0.0	0.0	0.0	0.0	0.0	0.0	0.0	0.0	0.0	0.0	0.0	0.0	0.0	0.0	0.0	0.0	0.0	0.0	0.0	0.0	0.0	0.0	0.0	0.0	0.0	0.0	0.0	0.0	0.0	0.0	0.0	0.0	0.0	0.0	0.0	0.0	0.0	0.0	0.0	0.0
43673	Jonesia	genus	0.0	0.0	0.0	0.0	0.0	0.0	0.0	0.0	0.0	0.0	0.0	0.0	0.0	0.0	0.0	0.0	0.0	0.0	0.0	0.0	0.0	0.0	0.0	0.0	0.0	0.0	0.0	0.0	0.0	0.0	0.0	0.0	0.0	0.0	0.0	0.0	0.0	0.0	0.0	0.0	0.0	0.0	0.0	0.0	0.0	0.0	0.0	0.0	0.0	0.0	0.0	0.0	0.0	0.0	0.0	0.0	0.0	0.0	0.0	0.0	0.0	0.0	0.0	0.0	0.0	0.0	0.0	0.0	0.0	0.0	0.0	0.0	0.0	0.0	0.0	0.0	0.0	0.0	0.0	0.0
2038	Tropheryma	genus	0.0	0.0	0.0	0.0	0.0	0.0	0.0	0.0	0.0	0.0	0.0	0.0	0.0	0.0	0.0	0.0	0.0	0.0	0.0	0.0	0.0	0.0	0.0	0.0	0.0	0.0	0.0	0.0	0.0	0.0	0.0	0.0	0.0	0.0	0.0	0.0	0.0	0.0	0.0	0.0	0.0	0.0	0.0	0.0	0.0	0.0	0.0	0.0	0.0	0.0	0.0	0.0	0.0	0.0	0.0	0.0	0.0	0.0	0.0	0.0	0.0	0.0	0.0	0.0	0.0	0.0	0.0	0.0	0.0	0.0	0.0	0.0	0.0	0.0	0.0	0.0	0.0	0.0	0.0	0.0
1883	Streptomyces	genus	0.01627235105801515	0.012699150359152582	0.020766201217329038	0.031685467816854676	0.009057480162570157	0.0008441206290820777	0.04243393293359982	0.015883085912464092	0.01765379113018598	0.016713279536095037	0.010501436897375984	0.02583609215593541	0.008160956690368456	0.015343049615370847	0.011020680091745763	0.034767155175650474	0.009937368148871724	0.009098000033713324	0.009251477330149579	0.014047874411736952	0.03462682603351756	0.015055499790576682	0.014805397202969282	0.008545658735172317	0.01067777139574957	0.043983383944599906	0.007840424535166288	0.033759822041733216	0.09423039380610003	0.006824347819704364	0.002644601606795825	0.0071445815425148695	0.05185706176485887	0.022193486057155418	0.013359467504634223	0.02261810496263762	0.03374501799948573	0.015218671543253882	0.016207199458063204	0.009009318188811073	0.0105706984756898	0.010064331146618758	0.009112319037191452	0.007096861753501983	0.01275672344947042	0.017802645595159705	0.007254095938051092	0.011489872041141975	0.014112022894112678	0.03276754751634224	0.010709407347006612	0.018706781060124227	0.016617944954573576	0.01793243481233619	0.02172004889658269	0.03773303536172465	0.01754714780754365	0.012061759084197956	0.059189665163871	0.002843811189667618	0.0303244681534295	0.007998751252718685	0.007453319474553358	0.03736263344910571	0.01220666665942085	0.01739592202383747	0.051803474901866584	0.049841671155504766	0.014575068958178028	0.02821588282294071	0.013066613236585442	0.0007663260690301844	0.018427279378570652	0.012654738622954985	0.0034257395497648167	0.012218666950463697	0.0025082423028447553	0.0023315872617943796	0.0016112625303225843	0.017836725360164646
2063	Kitasatospora	genus	0.0	0.0	0.0	0.0	0.0	0.0	0.0	0.0	0.0	0.0	0.0	0.0	0.0	0.0	0.0	0.0	0.0	0.0	0.0	0.0	0.0	0.0	0.0	0.0	0.0	0.0	0.0	0.0	0.0	0.0	0.0	0.0	0.0	0.0	0.0	0.0	0.0	0.0	0.0	0.0	0.0	0.0	0.0	0.0	0.0	0.0	0.0	0.0	0.0	0.0	0.0	0.0	0.0	0.0	0.0	0.0	0.0	0.0	0.0	0.0	0.0	0.0	0.0	0.0	0.0	0.0	0.0	0.0	0.0	0.0	0.0	0.0	0.0	0.0	0.0	0.0	0.0	0.0	0.0	0.0
1678	Bifidobacterium	genus	0.007464667759818849	0.007162846145297677	0.03442892946652345	0.013116567131165671	0.01044610025159667	0.0005564594091155596	0.004477015323117921	0.009909848359149041	0.00649239172844323	0.011062003669159813	0.01362366717696667	0.019701371528950747	0.002609216763628528	0.022212254644926117	0.005999413450959584	0.023575460245547727	0.005803501801794407	0.0075763032115005345	0.004639484315558244	0.01157321574053031	0.01410626579890434	0.0027501825273059805	0.010156545905898758	0.0057259018092877855	0.0095807007466973	0.005435227924507688	0.001980539480215537	0.02257642146824956	0.010015451520853322	0.0036654032723472617	0.00039826874519239235	0.003985264122357969	0.03139919082177499	0.004187398995621277	0.020723653808259117	0.006255566792114111	0.01652497428644896	0.0102645961834506	0.006241670919582688	0.011415195487885409	0.009367818676853141	0.01248514213644736	0.003029647804486283	0.008181946353206567	0.009400457044156676	0.012584372213686312	0.006237500369447208	0.01569249219948979	0.007315333192568434	0.007989874457776006	0.005480218066108863	0.005876422588197085	0.02058441794738055	0.06114978164828469	0.006313991845378832	0.014553420652457006	0.017689799080367854	0.004808680150010328	0.005452764733591719	0.00047618979008747197	0.13314468024982043	0.008647989330393804	0.0035957756269024625	0.007698670116392638	0.010451910776450947	0.012149673830427352	0.006862743736748344	0.004166835322433501	0.006132705588419946	0.03815888517367111	0.012354361566559224	0.0007079342561366977	0.0025636684879901616	0.008833057769939834	0.0046758921039419515	0.011074610172316335	0.00047807944827804615	0.00025093530978875615	0.0003817711772829479	0.002282009715675025
2701	Gardnerella	genus	0.0	0.0	0.0	0.0	0.0	0.0	0.0	0.0	0.0	0.0	0.0	0.0	0.0	0.0	0.0	0.0	0.0	0.0	0.0	0.0	0.0	0.0	0.0	0.0	0.0	0.0	0.0	0.0	0.0	0.0	0.0	0.0	0.0	0.0	0.0	0.0	0.0	0.0	0.0	0.0	0.0	0.0	0.0	0.0	0.0	0.0	0.0	0.0	0.0	0.0	0.0	0.0	0.0	0.0	0.0	0.0	0.0	0.0	0.0	0.0	0.0	0.0	0.0	0.0	0.0	0.0	0.0	0.0	0.0	0.0	0.0	0.0	0.0	0.0	0.0	0.0	0.0	0.0	0.0	0.0
196082	Parascardovia	genus	0.0	0.0	0.0	0.0	0.0	0.0	0.0	0.0	0.0	0.0	0.0	0.0	0.0	0.0	0.0	0.0	0.0	0.0	0.0	0.0	0.0	0.0	0.0	0.0	0.0	0.0	0.0	0.0	0.0	0.0	0.0	0.0	0.0	0.0	0.0	0.0	0.0	0.0	0.0	0.0	0.0	0.0	0.0	0.0	0.0	0.0	0.0	0.0	0.0	0.0	0.0	0.0	0.0	0.0	0.0	0.0	0.0	0.0	0.0	0.0	0.0	0.0	0.0	0.0	0.0	0.0	0.0	0.0	0.0	0.0	0.0	0.0	0.0	0.0	0.0	0.0	0.0	0.0	0.0	0.0
196081	Scardovia	genus	0.0	0.0	0.0	0.0	0.0	0.0	0.0	0.0	0.0	0.0	0.0	0.0	0.0	0.0	0.0	0.0	0.0	0.0	0.0	0.0	0.0	0.0	0.0	0.0	0.0	0.0	0.0	0.0	0.0	0.0	0.0	0.0	0.0	0.0	0.0	0.0	0.0	0.0	0.0	0.0	0.0	0.0	0.0	0.0	0.0	0.0	0.0	0.0	0.0	0.0	0.0	0.0	0.0	0.0	0.0	0.0	0.0	0.0	0.0	0.0	0.0	0.0	0.0	0.0	0.0	0.0	0.0	0.0	0.0	0.0	0.0	0.0	0.0	0.0	0.0	0.0	0.0	0.0	0.0	0.0
1813	Amycolatopsis	genus	0.0007808229874287499	0.0006061646949476173	0.0008020050125313284	0.00126078301260783	0.00045964776466034447	4.715757704369149e-05	0.0019453697534976683	0.0006246522931571294	0.0008401612693458187	0.0007440953468382363	0.00036258158085569254	0.0010584870391640204	0.0003299396681749623	0.000755991601965157	0.0004814448771044142	0.0014173435290289475	0.0003710301010482421	0.0004459353225215727	0.0004254606102021527	0.0005967356301674448	0.0013278771616463735	0.0006538603350146388	0.0006839384238295245	0.00032260502885897706	0.0004824813325674899	0.0017604278659095255	0.00034088802326809944	0.0015533804405468274	0.0009636432360136738	0.0002477243763538825	0.00012628033384149025	0.00028798832079047565	0.0020873993898371016	0.0010081780472283245	0.0005737194633891998	0.0008610301321004093	0.0015347775777834918	0.0006629541235746487	0.0007844509039458794	0.00035857394078677986	0.00045604834112415916	0.00043643556450808	0.0004483110694431342	0.0003511536682711249	0.0005421941030629722	0.000746530555049188	0.0003152616178832153	0.000550101127135612	0.0006436919216663831	0.001395584876934788	0.00045791112888510325	0.0008178613475513214	0.0006942027538575373	0.0007882699405454225	0.00132882432786664	0.00167924084451427	0.0006913901106224178	0.0005264858919766493	0.002668205987309642	0.00012427040664158686	0.001298307358952343	0.00034464872421264344	0.0003195458910938079	0.0018225023393380051	0.0004923533075164851	0.000763875054403892	0.0022167668944296877	0.0023811599572807914	0.0006882448632975646	0.0011798139702074728	0.0005773317501534098	3.8821514947400035e-05	0.0007812621616152182	0.0005815267151323499	0.00013324891799198997	0.0005296094343771241	0.00011693153384635014	0.00010435646248385174	7.509982086629541e-05	0.0007660984148073456
1847	Pseudonocardia	genus	0.0027484969157491996	0.002657021912853722	0.003981382026494808	0.005651404556514045	0.0016595703502999806	0.00021220909669661172	0.009433710859427048	0.0031297682605060336	0.003628560280920796	0.0032554171424172837	0.002021056589584508	0.004837510978987906	0.001641281512605042	0.0032893005077146943	0.00212581646439766	0.007083588851482423	0.0017861980085862276	0.001653485268043907	0.0019374821633821107	0.0027045813082199337	0.006908199965345645	0.0034468675807480956	0.002770734672903735	0.001606276085113735	0.0020591614014933944	0.008613433380592587	0.0016097489987660252	0.007170892184759977	0.0038327663622052476	0.0011331096473964626	0.0004850864747084169	0.001308778606364637	0.008548612885790079	0.004795291007947374	0.002572146530392309	0.004545369170376214	0.006319908716893803	0.003025481545767942	0.0030190265238383015	0.001747900034792323	0.0022216666893296196	0.0018745860213590295	0.001792409434067801	0.0013769440275546924	0.0023337392713493475	0.003263901031377845	0.0013096903539796853	0.0020466810988809953	0.002773615191129351	0.006820845567356605	0.0021346102907952073	0.003494729150033154	0.0030781920496989455	0.003390408346431925	0.0057009678097497294	0.007273559780553992	0.003249741769958683	0.0024585692119116617	0.011400311102425446	0.0005633591767751938	0.005813729452112318	0.0014987730091010746	0.0014432626225048743	0.008669128128057722	0.002285149733009735	0.0033251404984475062	0.009161433115845335	0.011586651181472568	0.002991485443113113	0.005359878851078293	0.0025580996103458926	0.00015464789790005384	0.0037365346596304424	0.002329181010565341	0.000714720887364714	0.0021721516801420054	0.0005091393869559829	0.0004718831303580146	0.00030287510173549907	0.0034396393841084455
43356	Kutzneria	genus	0.0	0.0	0.0	0.0	0.0	0.0	0.0	0.0	0.0	0.0	0.0	0.0	0.0	0.0	0.0	0.0	0.0	0.0	0.0	0.0	0.0	0.0	0.0	0.0	0.0	0.0	0.0	0.0	0.0	0.0	0.0	0.0	0.0	0.0	0.0	0.0	0.0	0.0	0.0	0.0	0.0	0.0	0.0	0.0	0.0	0.0	0.0	0.0	0.0	0.0	0.0	0.0	0.0	0.0	0.0	0.0	0.0	0.0	0.0	0.0	0.0	0.0	0.0	0.0	0.0	0.0	0.0	0.0	0.0	0.0	0.0	0.0	0.0	0.0	0.0	0.0	0.0	0.0	0.0	0.0
165301	Lentzea	genus	0.0	0.0	0.0	0.0	0.0	0.0	0.0	0.0	0.0	0.0	0.0	0.0	0.0	0.0	0.0	0.0	0.0	0.0	0.0	0.0	0.0	0.0	0.0	0.0	0.0	0.0	0.0	0.0	0.0	0.0	0.0	0.0	0.0	0.0	0.0	0.0	0.0	0.0	0.0	0.0	0.0	0.0	0.0	0.0	0.0	0.0	0.0	0.0	0.0	0.0	0.0	0.0	0.0	0.0	0.0	0.0	0.0	0.0	0.0	0.0	0.0	0.0	0.0	0.0	0.0	0.0	0.0	0.0	0.0	0.0	0.0	0.0	0.0	0.0	0.0	0.0	0.0	0.0	0.0	0.0
40566	Actinosynnema	genus	0.0	0.0	0.0	0.0	0.0	0.0	0.0	0.0	0.0	0.0	0.0	0.0	0.0	0.0	0.0	0.0	0.0	0.0	0.0	0.0	0.0	0.0	0.0	0.0	0.0	0.0	0.0	0.0	0.0	0.0	0.0	0.0	0.0	0.0	0.0	0.0	0.0	0.0	0.0	0.0	0.0	0.0	0.0	0.0	0.0	0.0	0.0	0.0	0.0	0.0	0.0	0.0	0.0	0.0	0.0	0.0	0.0	0.0	0.0	0.0	0.0	0.0	0.0	0.0	0.0	0.0	0.0	0.0	0.0	0.0	0.0	0.0	0.0	0.0	0.0	0.0	0.0	0.0	0.0	0.0
2071	Saccharothrix	genus	0.0	0.0	0.0	0.0	0.0	0.0	0.0	0.0	0.0	0.0	0.0	0.0	0.0	0.0	0.0	0.0	0.0	0.0	0.0	0.0	0.0	0.0	0.0	0.0	0.0	0.0	0.0	0.0	0.0	0.0	0.0	0.0	0.0	0.0	0.0	0.0	0.0	0.0	0.0	0.0	0.0	0.0	0.0	0.0	0.0	0.0	0.0	0.0	0.0	0.0	0.0	0.0	0.0	0.0	0.0	0.0	0.0	0.0	0.0	0.0	0.0	0.0	0.0	0.0	0.0	0.0	0.0	0.0	0.0	0.0	0.0	0.0	0.0	0.0	0.0	0.0	0.0	0.0	0.0	0.0
1835	Saccharopolyspora	genus	0.0	0.0	0.0	0.0	0.0	0.0	0.0	0.0	0.0	0.0	0.0	0.0	0.0	0.0	0.0	0.0	0.0	0.0	0.0	0.0	0.0	0.0	0.0	0.0	0.0	0.0	0.0	0.0	0.0	0.0	0.0	0.0	0.0	0.0	0.0	0.0	0.0	0.0	0.0	0.0	0.0	0.0	0.0	0.0	0.0	0.0	0.0	0.0	0.0	0.0	0.0	0.0	0.0	0.0	0.0	0.0	0.0	0.0	0.0	0.0	0.0	0.0	0.0	0.0	0.0	0.0	0.0	0.0	0.0	0.0	0.0	0.0	0.0	0.0	0.0	0.0	0.0	0.0	0.0	0.0
2029	Kibdelosporangium	genus	0.0	0.0	0.0	0.0	0.0	0.0	0.0	0.0	0.0	0.0	0.0	0.0	0.0	0.0	0.0	0.0	0.0	0.0	0.0	0.0	0.0	0.0	0.0	0.0	0.0	0.0	0.0	0.0	0.0	0.0	0.0	0.0	0.0	0.0	0.0	0.0	0.0	0.0	0.0	0.0	0.0	0.0	0.0	0.0	0.0	0.0	0.0	0.0	0.0	0.0	0.0	0.0	0.0	0.0	0.0	0.0	0.0	0.0	0.0	0.0	0.0	0.0	0.0	0.0	0.0	0.0	0.0	0.0	0.0	0.0	0.0	0.0	0.0	0.0	0.0	0.0	0.0	0.0	0.0	0.0
674734	Alloactinosynnema	genus	0.0	0.0	0.0	0.0	0.0	0.0	0.0	0.0	0.0	0.0	0.0	0.0	0.0	0.0	0.0	0.0	0.0	0.0	0.0	0.0	0.0	0.0	0.0	0.0	0.0	0.0	0.0	0.0	0.0	0.0	0.0	0.0	0.0	0.0	0.0	0.0	0.0	0.0	0.0	0.0	0.0	0.0	0.0	0.0	0.0	0.0	0.0	0.0	0.0	0.0	0.0	0.0	0.0	0.0	0.0	0.0	0.0	0.0	0.0	0.0	0.0	0.0	0.0	0.0	0.0	0.0	0.0	0.0	0.0	0.0	0.0	0.0	0.0	0.0	0.0	0.0	0.0	0.0	0.0	0.0
65496	Actinoalloteichus	genus	0.0	0.0	0.0	0.0	0.0	0.0	0.0	0.0	0.0	0.0	0.0	0.0	0.0	0.0	0.0	0.0	0.0	0.0	0.0	0.0	0.0	0.0	0.0	0.0	0.0	0.0	0.0	0.0	0.0	0.0	0.0	0.0	0.0	0.0	0.0	0.0	0.0	0.0	0.0	0.0	0.0	0.0	0.0	0.0	0.0	0.0	0.0	0.0	0.0	0.0	0.0	0.0	0.0	0.0	0.0	0.0	0.0	0.0	0.0	0.0	0.0	0.0	0.0	0.0	0.0	0.0	0.0	0.0	0.0	0.0	0.0	0.0	0.0	0.0	0.0	0.0	0.0	0.0	0.0	0.0
1851	Saccharomonospora	genus	0.0	0.0	0.0	0.0	0.0	0.0	0.0	0.0	0.0	0.0	0.0	0.0	0.0	0.0	0.0	0.0	0.0	0.0	0.0	0.0	0.0	0.0	0.0	0.0	0.0	0.0	0.0	0.0	0.0	0.0	0.0	0.0	0.0	0.0	0.0	0.0	0.0	0.0	0.0	0.0	0.0	0.0	0.0	0.0	0.0	0.0	0.0	0.0	0.0	0.0	0.0	0.0	0.0	0.0	0.0	0.0	0.0	0.0	0.0	0.0	0.0	0.0	0.0	0.0	0.0	0.0	0.0	0.0	0.0	0.0	0.0	0.0	0.0	0.0	0.0	0.0	0.0	0.0	0.0	0.0
1743	Propionibacterium	genus	9.369875849144998e-05	5.05137245789681e-05	0.00011457214464733262	0.00013271400132714	9.19295529320689e-05	0.0	9.771263602043082e-05	0.00011061551024657498	5.9825725061776566e-05	8.980461082530437e-05	2.6857894878199446e-05	0.00011710920433304057	2.8617216117216117e-05	0.00011371461422317124	2.881888348864451e-05	0.00015956847677809345	0.00010014529276080872	9.654269869023739e-05	4.5818834944847216e-05	8.771615053686272e-05	5.8297046121060294e-05	1.775659056749019e-05	7.961188002248432e-05	3.104567223329068e-05	4.164273406088455e-05	0.00023339946318123468	1.993497212094149e-05	0.00014078976802539222	8.930314471678442e-05	3.0277423776585643e-05	3.0355849481127467e-06	3.231552114480585e-05	0.00015152303263172892	5.0205367089432044e-05	7.672843887271973e-05	0.00013147762063071692	0.0001165145281563384	4.8214845350883535e-05	9.267223657264133e-05	4.6153081487407307e-05	6.589689332757346e-05	9.43644463801254e-05	2.4210467437338718e-05	4.28236180818445e-05	9.582401374043579e-05	0.00021081427634279392	2.4629813897126193e-05	5.081765608643067e-05	4.817439541133759e-05	0.00011629873974456568	4.5877674538583126e-05	5.07463090517883e-05	0.00011476739075870576	9.982869020049556e-05	0.00011211955266374775	9.241600645231754e-05	9.267126482740238e-05	4.7961447716299314e-05	0.00013894552770494747	7.564285621661809e-06	0.0003132141802038758	3.7296655526017525e-05	3.714278807916956e-05	0.000138000909915677	6.358204964616861e-05	0.00010214608285633439	0.00012704927706878573	7.706271192245778e-05	5.5615746529096125e-05	0.00012634508579899032	8.606187579926605e-05	3.403530077580277e-06	3.9403633306869656e-05	7.685375089854844e-05	1.4128770097870965e-05	9.387389974267507e-05	7.6127300681217536e-06	5.5176980163875634e-06	7.262400259597798e-06	4.003525816973728e-05
1912215	Acidipropionibacterium	genus	0.0	0.0	0.0	0.0	0.0	0.0	0.0	0.0	0.0	0.0	0.0	0.0	0.0	0.0	0.0	0.0	0.0	0.0	0.0	0.0	0.0	0.0	0.0	0.0	0.0	0.0	0.0	0.0	0.0	0.0	0.0	0.0	0.0	0.0	0.0	0.0	0.0	0.0	0.0	0.0	0.0	0.0	0.0	0.0	0.0	0.0	0.0	0.0	0.0	0.0	0.0	0.0	0.0	0.0	0.0	0.0	0.0	0.0	0.0	0.0	0.0	0.0	0.0	0.0	0.0	0.0	0.0	0.0	0.0	0.0	0.0	0.0	0.0	0.0	0.0	0.0	0.0	0.0	0.0	0.0
29404	Microlunatus	genus	0.0	0.0	0.0	0.0	0.0	0.0	0.0	0.0	0.0	0.0	0.0	0.0	0.0	0.0	0.0	0.0	0.0	0.0	0.0	0.0	0.0	0.0	0.0	0.0	0.0	0.0	0.0	0.0	0.0	0.0	0.0	0.0	0.0	0.0	0.0	0.0	0.0	0.0	0.0	0.0	0.0	0.0	0.0	0.0	0.0	0.0	0.0	0.0	0.0	0.0	0.0	0.0	0.0	0.0	0.0	0.0	0.0	0.0	0.0	0.0	0.0	0.0	0.0	0.0	0.0	0.0	0.0	0.0	0.0	0.0	0.0	0.0	0.0	0.0	0.0	0.0	0.0	0.0	0.0	0.0
1912217	Arachnia	genus	0.0	0.0	0.0	0.0	0.0	0.0	0.0	0.0	0.0	0.0	0.0	0.0	0.0	0.0	0.0	0.0	0.0	0.0	0.0	0.0	0.0	0.0	0.0	0.0	0.0	0.0	0.0	0.0	0.0	0.0	0.0	0.0	0.0	0.0	0.0	0.0	0.0	0.0	0.0	0.0	0.0	0.0	0.0	0.0	0.0	0.0	0.0	0.0	0.0	0.0	0.0	0.0	0.0	0.0	0.0	0.0	0.0	0.0	0.0	0.0	0.0	0.0	0.0	0.0	0.0	0.0	0.0	0.0	0.0	0.0	0.0	0.0	0.0	0.0	0.0	0.0	0.0	0.0	0.0	0.0
1912216	Cutibacterium	genus	0.0	0.0	0.0	0.0	0.0	0.0	0.0	0.0	0.0	0.0	0.0	0.0	0.0	0.0	0.0	0.0	0.0	0.0	0.0	0.0	0.0	0.0	0.0	0.0	0.0	0.0	0.0	0.0	0.0	0.0	0.0	0.0	0.0	0.0	0.0	0.0	0.0	0.0	0.0	0.0	0.0	0.0	0.0	0.0	0.0	0.0	0.0	0.0	0.0	0.0	0.0	0.0	0.0	0.0	0.0	0.0	0.0	0.0	0.0	0.0	0.0	0.0	0.0	0.0	0.0	0.0	0.0	0.0	0.0	0.0	0.0	0.0	0.0	0.0	0.0	0.0	0.0	0.0	0.0	0.0
1839	Nocardioides	genus	6.24658389943e-05	5.05137245789681e-05	0.0002434658073755818	0.00021013050210130503	3.386878265918328e-05	0.0	0.00019542527204086165	9.434852344560808e-05	0.00011965145012355313	7.376807317792859e-05	6.714473719549862e-05	0.00010810080399972975	2.188375350140056e-05	6.738643805817556e-05	4.746639633423802e-05	0.00021588676269977347	3.775970054915738e-05	5.0569985028219585e-05	3.5345958386024995e-05	5.050323818789065e-05	9.392301875059715e-05	1.9845601222489034e-05	9.891172972490477e-05	4.3193978759360944e-05	2.871912693854107e-05	0.0003078886535582245	5.2827676120494946e-05	0.00011419614517615147	0.00013499312573467414	1.284496766279391e-05	4.856935916980394e-06	2.851369512776987e-05	8.141536081704838e-05	6.241748340848308e-05	5.405867284214344e-05	0.00012356919232210239	0.00031740164566726665	5.682463916354131e-05	0.00010964039256481509	5.798720494571688e-05	5.125313925477936e-05	7.258803567701953e-05	2.5045311142074536e-05	2.3058871274839346e-05	8.49073539472216e-05	9.176621440803972e-05	2.524555924455435e-05	4.827677328210914e-05	0.00010352370077755524	0.00014650620461328402	5.193699004367901e-05	0.00016154241714819276	6.904704809873355e-05	4.991434510024778e-05	7.578451244864431e-05	8.191418753728146e-05	7.8093762495002e-05	6.758203996387632e-05	0.00027902069384652054	1.3687754934435653e-05	0.0002391098788938105	4.351276478035378e-05	3.537408388492339e-05	0.00010238777187292164	4.9452705280353366e-05	0.00010404942601514808	0.000244378937312637	0.00012298897458331646	9.411895566462421e-05	0.0001183372986708853	7.440766345144878e-05	1.4890444089413712e-06	7.442908513519825e-05	4.457517552115809e-05	9.987578862288096e-06	4.919594745872812e-05	8.221748473571494e-06	4.558098361363639e-06	6.107018400116331e-06	4.2070949263113754e-05
2044	Pimelobacter	genus	0.0	0.0	0.0	0.0	0.0	0.0	0.0	0.0	0.0	0.0	0.0	0.0	0.0	0.0	0.0	0.0	0.0	0.0	0.0	0.0	0.0	0.0	0.0	0.0	0.0	0.0	0.0	0.0	0.0	0.0	0.0	0.0	0.0	0.0	0.0	0.0	0.0	0.0	0.0	0.0	0.0	0.0	0.0	0.0	0.0	0.0	0.0	0.0	0.0	0.0	0.0	0.0	0.0	0.0	0.0	0.0	0.0	0.0	0.0	0.0	0.0	0.0	0.0	0.0	0.0	0.0	0.0	0.0	0.0	0.0	0.0	0.0	0.0	0.0	0.0	0.0	0.0	0.0	0.0	0.0
182639	Kribbella	genus	0.0	0.0	0.0	0.0	0.0	0.0	0.0	0.0	0.0	0.0	0.0	0.0	0.0	0.0	0.0	0.0	0.0	0.0	0.0	0.0	0.0	0.0	0.0	0.0	0.0	0.0	0.0	0.0	0.0	0.0	0.0	0.0	0.0	0.0	0.0	0.0	0.0	0.0	0.0	0.0	0.0	0.0	0.0	0.0	0.0	0.0	0.0	0.0	0.0	0.0	0.0	0.0	0.0	0.0	0.0	0.0	0.0	0.0	0.0	0.0	0.0	0.0	0.0	0.0	0.0	0.0	0.0	0.0	0.0	0.0	0.0	0.0	0.0	0.0	0.0	0.0	0.0	0.0	0.0	0.0
2040	Aeromicrobium	genus	0.0	0.0	0.0	0.0	0.0	0.0	0.0	0.0	0.0	0.0	0.0	0.0	0.0	0.0	0.0	0.0	0.0	0.0	0.0	0.0	0.0	0.0	0.0	0.0	0.0	0.0	0.0	0.0	0.0	0.0	0.0	0.0	0.0	0.0	0.0	0.0	0.0	0.0	0.0	0.0	0.0	0.0	0.0	0.0	0.0	0.0	0.0	0.0	0.0	0.0	0.0	0.0	0.0	0.0	0.0	0.0	0.0	0.0	0.0	0.0	0.0	0.0	0.0	0.0	0.0	0.0	0.0	0.0	0.0	0.0	0.0	0.0	0.0	0.0	0.0	0.0	0.0	0.0	0.0	0.0
1865	Actinoplanes	genus	0.00046849379245724994	0.00026267136781063413	0.0005298961689939133	0.0007520460075204601	0.00020321269595509968	9.431515408738299e-06	0.000932711525649567	0.00031557954393875804	0.000283521914423202	0.0003528038282422672	0.0002484355276233449	0.00047294101749881766	0.00014813617754794224	0.00029692149269383605	0.0002508938091952581	0.0007571680662803649	0.00021670784662994672	0.00018235843085933728	0.00016887513451100831	0.00029903233137566835	0.00065746113125418	0.0003363307154548142	0.0003293036855475488	0.000136330995459233	0.00020390580126364158	0.0010031210970767959	0.00013555781042240214	0.0006961271863477727	0.0004278243677129672	0.00014221214198093256	4.7355125190558844e-05	0.00014637030165588533	0.0008322459105742722	0.0004667742237503952	0.00023890445739915006	0.00047549425205544994	0.0007975218565183852	0.00026862556695492255	0.0003498050619925053	0.00016804455310799585	0.0002029205921515754	0.000234096415058388	0.00017615202169925757	0.00012781202935196665	0.000265638721634879	0.00036210452171821076	0.00015886229963646395	0.0002185159211716519	0.0003095461151962543	0.0007310206498229842	0.0002293883726929156	0.00043134362694020054	0.0003303061490128605	0.00037577025839620503	0.0004920802589131151	0.0007739840540381594	0.00035819005731040917	0.00023435707406828076	0.0010968789219634471	5.727244827829655e-05	0.000744007185153055	0.0001851019200180129	0.0001326528145684627	0.0008217731603365798	0.00022661294617480607	0.000387647556678387	0.0016856592607814849	0.0010057073111496512	0.0003229991433035967	0.0005881274768530464	0.0002599785831436162	1.4465002829716179e-05	0.00036047027506654837	0.0002766735032347744	7.722103656939821e-05	0.00023593974801634912	3.897717794878338e-05	4.17425849935407e-05	3.1525419308708625e-05	0.0003223177564512747
1873	Micromonospora	genus	0.0011400015616459748	0.0010203772364951558	0.0014894378804153241	0.0023667330236673305	0.0007257596284110702	8.959939638301384e-05	0.0036153675327559405	0.0014445084279258616	0.0024788659123423074	0.0013598983924974662	0.0007453065828700346	0.001995360673828345	0.0006615627020038785	0.001345622934974193	0.0008713474184213693	0.0027064065179029572	0.000746985380428983	0.0007922630987754402	0.000947795328573411	0.0010459486435228933	0.0028160712001256624	0.001761035982164027	0.0012014156439756724	0.0006762557299512448	0.0008457782883400345	0.0030192951832806528	0.0006628378230213045	0.002853339298647949	0.0015420368593537775	0.0004715938127625764	0.00023981121090090697	0.0005645711635298434	0.0049256293294314265	0.0017436188299978425	0.0011073308791858414	0.0017784078158996975	0.0026115325276420674	0.0012794153605609454	0.0012961060692483499	0.0007869692099775862	0.0008430618416194318	0.0007531008701490777	0.000742176053510142	0.0005600011595318126	0.0009509623642088818	0.0013640923763357255	0.0005658699742864743	0.0008893089815125367	0.001179760194009565	0.0025328959292420343	0.0008993755442563749	0.0013033343708134294	0.0012913664130898275	0.0012968311925102114	0.0020721354362670417	0.002759878010871483	0.0013598727175796349	0.0009515987240074842	0.004636036143911418	0.00021143979332930866	0.002041326486754597	0.0006181575314034387	0.0006096133789501798	0.0029318515893698343	0.0009080820936645107	0.0013995916694476626	0.004037112274070978	0.004070312329722543	0.0011411923374335686	0.00210604801469162	0.0009906080495644687	5.871089383825978e-05	0.001463285543050172	0.0009412022693375565	0.00027843421072183645	0.0009949629373795829	0.00021863760755645676	0.00019263963074605276	0.00013187858653224184	0.00130216373606315
168694	Salinispora	genus	9.369875849144998e-05	8.082195932634897e-05	0.00018617973505191551	0.00032072550320725506	0.0001064447455002903	9.431515408738299e-06	0.0004263824117255163	0.00011386890760676836	0.0001404603979711276	0.00014112153129690688	0.00014771842183009695	0.00020268900749949328	6.565126050420168e-05	0.00014109035468430506	6.950436606084853e-05	0.0002596898739721913	8.536975776331235e-05	7.968603701416419e-05	4.843705408455277e-05	0.00011828389996637548	0.0002655754323292747	0.0001190736073349342	0.00012062406064012777	5.6692097121661244e-05	7.897759908098794e-05	0.000357548113809551	5.781141915073032e-05	0.0003113018204117006	0.00019418241932603125	7.156481983556606e-05	2.6106030553769618e-05	4.752282521294978e-05	0.0002261537800473566	0.00018182484297253767	0.00010288586121569236	0.0002026534754082479	0.00030936616096682954	0.0001067614432769564	0.00014357670454916263	6.863791605819549e-05	8.263261226790957e-05	8.075418969068423e-05	7.513593342622361e-05	6.720013914381751e-05	0.00013099991751857045	0.00013516915365508551	5.8495808005674706e-05	9.655354656421828e-05	0.00011787352068731537	0.0002869709162528244	8.569603357207036e-05	0.00014631852443265625	0.00012876341402196255	0.0001553937158781299	0.00021333859326296448	0.00031925529501709697	0.00016555877648940424	9.483286252995546e-05	0.00040779947562183773	1.98112242472095e-05	0.0002865366317322523	5.525430448298893e-05	5.954637453962104e-05	0.00029024707504845615	9.999228320423098e-05	0.00015417079586390844	0.0005901195929424474	0.00040866589655848826	0.00012139206213562327	0.0002722647623555707	9.457841559190175e-05	3.7226110223534284e-06	0.00015566867479257148	9.888515948946566e-05	2.801394071129588e-05	9.68858965258625e-05	1.5529969338968376e-05	1.7272793790430634e-05	1.402963686513211e-05	0.00017846225251933736
84593	Micromonospora	genus	0.0	0.0	0.0	0.0	0.0	0.0	0.0	0.0	0.0	0.0	0.0	0.0	0.0	0.0	0.0	0.0	0.0	0.0	0.0	0.0	0.0	0.0	0.0	0.0	0.0	0.0	0.0	0.0	0.0	0.0	0.0	0.0	0.0	0.0	0.0	0.0	0.0	0.0	0.0	0.0	0.0	0.0	0.0	0.0	0.0	0.0	0.0	0.0	0.0	0.0	0.0	0.0	0.0	0.0	0.0	0.0	0.0	0.0	0.0	0.0	0.0	0.0	0.0	0.0	0.0	0.0	0.0	0.0	0.0	0.0	0.0	0.0	0.0	0.0	0.0	0.0	0.0	0.0	0.0	0.0
1854	Frankia	genus	0.00017178105723432497	0.0001414384288211107	0.00032939491586108125	0.00057509400575094	0.00015482872072769498	4.715757704369149e-06	0.0007461692205196535	0.00015941647064947572	0.00017427493822343607	0.00017960922165060874	0.00010743157951279778	0.00026574780983266896	6.39678948502478e-05	0.00019163018322793674	0.00010679939175203555	0.00038797041412712914	8.372803165247942e-05	7.202391807049456e-05	0.00010603787515807498	0.00016745810557037427	0.0004874280800677541	0.0001044505327499423	0.0001507800758001597	7.693927466511169e-05	0.0001263641585295807	0.0005189413596263622	4.9837430302353723e-05	0.0004161119810528259	0.00027206306878834325	6.881232676496737e-05	1.8213509688676478e-05	7.983834635775563e-05	0.000427430644289504	0.00031480122066887117	0.00013427476802725953	0.0002659209018771643	0.0005223065055284135	0.00014636649481518217	0.00020100738636882767	9.467298766647654e-05	7.531073523151252e-05	0.00011069675440745479	7.346624601675198e-05	6.983543871808488e-05	0.0001334258419170625	0.00020709402440733288	7.696816842851935e-05	0.00012831458161823744	0.00014349819909760132	0.0003987385362670823	0.00012032069360118971	0.00026218926343423956	0.00016515307450643024	0.00022979434348038602	0.00030261897779150433	0.0004232233022759542	0.00021345628415300546	0.00010464315865374396	0.0007828394365815333	2.5214285405539364e-05	0.00043474523435238277	0.00010498317851767896	7.13377358345955e-05	0.000528855099934917	0.00012390348136176446	0.00022840117905764212	0.0010802659842569977	0.0005947061808965429	0.00013957413311628932	0.00032120123924954576	0.00013850583136444382	5.318015746219183e-06	0.000213557963231059	0.00013423788490279792	3.9950315449152384e-05	0.00010893388365861225	2.192466259619065e-05	1.7752593617942594e-05	1.2048982248878165e-05	0.00022189032917803545
2013	Nocardiopsis	genus	0.00015616459748574998	6.061646949476173e-05	2.8643036161833155e-05	0.00021013050210130503	8.225275788658796e-05	9.431515408738299e-06	0.000346435709526982	8.458833136502793e-05	8.583690987124464e-05	9.942653341372985e-05	0.00010071710579324792	6.305880233317569e-05	3.366731307907779e-05	8.002139519408347e-05	6.102822385830602e-05	0.00017521244508967123	4.596833110332203e-05	7.202391807049456e-05	3.796417752573055e-05	0.00010499357412745688	0.0001732717759709292	6.267031964996537e-05	8.805556426729327e-05	5.3992473449201184e-05	4.8822515795519815e-05	0.00019367189498017346	3.986994424188298e-05	0.0001595617370954445	0.00012772426511819168	7.798730366696302e-05	1.8213509688676478e-05	3.231552114480585e-05	0.0001402153436293611	9.76969305524083e-05	0.00016915133115122304	0.00014432881663221556	0.00019887824633581897	5.682463916354131e-05	8.223029442361132e-05	5.562038025405496e-05	8.472457713545158e-05	7.16806852310568e-05	4.925577857941326e-05	4.9411867017512884e-05	0.00011887029552611022	9.424638236501376e-05	4.4333665014827145e-05	5.3358538890752205e-05	7.789902236726929e-05	0.00016614105677795096	7.790548506551851e-05	0.00011079610809640445	8.957454888484352e-05	9.70033499118023e-05	7.889894446708175e-05	0.0001869323766876423	0.00010204251632680261	7.902738544162956e-05	0.0002812799707197717	1.1166326393881718e-05	0.00020946815836978442	4.420344358639114e-05	5.247155776263636e-05	0.00020032390149049887	6.086486803735799e-05	0.00010404942601514808	0.00036517988927967917	0.0001984948640426943	7.112398354201716e-05	0.00017528156269296541	9.547489346481078e-05	2.3399269283364407e-06	7.97801958311929e-05	5.73841340042495e-05	1.9975157724576192e-05	7.981791475446704e-05	1.0048803689920715e-05	7.436897326435411e-06	9.243054875851743e-06	8.821328071298045e-05
83677	Thermobifida	genus	0.0	0.0	0.0	0.0	0.0	0.0	0.0	0.0	0.0	0.0	0.0	0.0	0.0	0.0	0.0	0.0	0.0	0.0	0.0	0.0	0.0	0.0	0.0	0.0	0.0	0.0	0.0	0.0	0.0	0.0	0.0	0.0	0.0	0.0	0.0	0.0	0.0	0.0	0.0	0.0	0.0	0.0	0.0	0.0	0.0	0.0	0.0	0.0	0.0	0.0	0.0	0.0	0.0	0.0	0.0	0.0	0.0	0.0	0.0	0.0	0.0	0.0	0.0	0.0	0.0	0.0	0.0	0.0	0.0	0.0	0.0	0.0	0.0	0.0	0.0	0.0	0.0	0.0	0.0	0.0
2000	Streptosporangium	genus	0.0	0.0	0.0	0.0	0.0	0.0	0.0	0.0	0.0	0.0	0.0	0.0	0.0	0.0	0.0	0.0	0.0	0.0	0.0	0.0	0.0	0.0	0.0	0.0	0.0	0.0	0.0	0.0	0.0	0.0	0.0	0.0	0.0	0.0	0.0	0.0	0.0	0.0	0.0	0.0	0.0	0.0	0.0	0.0	0.0	0.0	0.0	0.0	0.0	0.0	0.0	0.0	0.0	0.0	0.0	0.0	0.0	0.0	0.0	0.0	0.0	0.0	0.0	0.0	0.0	0.0	0.0	0.0	0.0	0.0	0.0	0.0	0.0	0.0	0.0	0.0	0.0	0.0	0.0	0.0
2019	Thermomonospora	genus	0.0	0.0	0.0	0.0	0.0	0.0	0.0	0.0	0.0	0.0	0.0	0.0	0.0	0.0	0.0	0.0	0.0	0.0	0.0	0.0	0.0	0.0	0.0	0.0	0.0	0.0	0.0	0.0	0.0	0.0	0.0	0.0	0.0	0.0	0.0	0.0	0.0	0.0	0.0	0.0	0.0	0.0	0.0	0.0	0.0	0.0	0.0	0.0	0.0	0.0	0.0	0.0	0.0	0.0	0.0	0.0	0.0	0.0	0.0	0.0	0.0	0.0	0.0	0.0	0.0	0.0	0.0	0.0	0.0	0.0	0.0	0.0	0.0	0.0	0.0	0.0	0.0	0.0	0.0	0.0
1654	Actinomyces	genus	0.00015616459748574998	0.0002020548983158724	0.0002005012531328321	0.00027648750276487504	0.00019353590090961874	4.715757704369149e-06	0.00023095713968465466	0.00020496403369218307	0.00015606710885680844	0.00016357268400323297	0.00013428947439099724	0.00030628561133256763	8.248491704374058e-05	0.00017478357371339284	0.00015765624496729056	0.000628887526125427	0.00010342874498247457	0.00012412632688744808	0.00016625691537130275	0.0001661290729864824	0.000259097982760268	0.00014309722986742093	0.0001821423315665929	7.693927466511169e-05	0.00011344055140723722	0.0004221054121362755	5.781141915073032e-05	0.0004145476502969882	0.00021287377519698612	7.706980597676346e-05	1.2142339792450987e-05	7.033378131516567e-05	0.0004726614002989753	0.0001546868067079798	0.0001499692214330431	0.0004270551286651858	0.0004078008485471844	0.0001377567010025244	0.00014749243285504889	0.00014792654322886957	0.0001307478042213759	0.00013700991734037437	4.4246716350998346e-05	6.85177889309512e-05	0.00024501836424769657	0.0004662715759111207	9.113031141936691e-05	0.0001600756166722566	0.00015682303187095002	0.0002522323316537983	0.00011512699459682181	0.0002004479207545638	0.0005094552467825475	0.00021755120222938183	0.00014430201685426794	0.00030875347610206087	0.00024677628948420634	0.00011499847122885405	0.0006461531857498371	1.4047959011657645e-05	0.0008922157877731855	0.00011534336060823938	7.6643848417334e-05	0.00027244050602707846	0.0002206351466354227	0.00020682995659108703	0.00035060046404227754	0.00023819383685123315	0.00015722143730340635	0.0006379537078723665	0.00016584840648816896	7.977023619328774e-06	0.00010994100157225362	0.0006665781994600767	6.796425616044826e-05	0.00016565982307530897	1.5529969338968376e-05	9.59599655023924e-06	1.1718873146169174e-05	8.88918444107726e-05
1069494	Trueperella	genus	0.0	0.0	0.0	0.0	0.0	0.0	0.0	0.0	0.0	0.0	0.0	0.0	0.0	0.0	0.0	0.0	0.0	0.0	0.0	0.0	0.0	0.0	0.0	0.0	0.0	0.0	0.0	0.0	0.0	0.0	0.0	0.0	0.0	0.0	0.0	0.0	0.0	0.0	0.0	0.0	0.0	0.0	0.0	0.0	0.0	0.0	0.0	0.0	0.0	0.0	0.0	0.0	0.0	0.0	0.0	0.0	0.0	0.0	0.0	0.0	0.0	0.0	0.0	0.0	0.0	0.0	0.0	0.0	0.0	0.0	0.0	0.0	0.0	0.0	0.0	0.0	0.0	0.0	0.0	0.0
2050	Mobiluncus	genus	0.0	0.0	0.0	0.0	0.0	0.0	0.0	0.0	0.0	0.0	0.0	0.0	0.0	0.0	0.0	0.0	0.0	0.0	0.0	0.0	0.0	0.0	0.0	0.0	0.0	0.0	0.0	0.0	0.0	0.0	0.0	0.0	0.0	0.0	0.0	0.0	0.0	0.0	0.0	0.0	0.0	0.0	0.0	0.0	0.0	0.0	0.0	0.0	0.0	0.0	0.0	0.0	0.0	0.0	0.0	0.0	0.0	0.0	0.0	0.0	0.0	0.0	0.0	0.0	0.0	0.0	0.0	0.0	0.0	0.0	0.0	0.0	0.0	0.0	0.0	0.0	0.0	0.0	0.0	0.0
1653174	Actinotignum	genus	0.0	0.0	0.0	0.0	0.0	0.0	0.0	0.0	0.0	0.0	0.0	0.0	0.0	0.0	0.0	0.0	0.0	0.0	0.0	0.0	0.0	0.0	0.0	0.0	0.0	0.0	0.0	0.0	0.0	0.0	0.0	0.0	0.0	0.0	0.0	0.0	0.0	0.0	0.0	0.0	0.0	0.0	0.0	0.0	0.0	0.0	0.0	0.0	0.0	0.0	0.0	0.0	0.0	0.0	0.0	0.0	0.0	0.0	0.0	0.0	0.0	0.0	0.0	0.0	0.0	0.0	0.0	0.0	0.0	0.0	0.0	0.0	0.0	0.0	0.0	0.0	0.0	0.0	0.0	0.0
28263	Arcanobacterium	genus	0.0	0.0	0.0	0.0	0.0	0.0	0.0	0.0	0.0	0.0	0.0	0.0	0.0	0.0	0.0	0.0	0.0	0.0	0.0	0.0	0.0	0.0	0.0	0.0	0.0	0.0	0.0	0.0	0.0	0.0	0.0	0.0	0.0	0.0	0.0	0.0	0.0	0.0	0.0	0.0	0.0	0.0	0.0	0.0	0.0	0.0	0.0	0.0	0.0	0.0	0.0	0.0	0.0	0.0	0.0	0.0	0.0	0.0	0.0	0.0	0.0	0.0	0.0	0.0	0.0	0.0	0.0	0.0	0.0	0.0	0.0	0.0	0.0	0.0	0.0	0.0	0.0	0.0	0.0	0.0
38501	Blastococcus	genus	0.0	0.0	0.0	0.0	0.0	0.0	0.0	0.0	0.0	0.0	0.0	0.0	0.0	0.0	0.0	0.0	0.0	0.0	0.0	0.0	0.0	0.0	0.0	0.0	0.0	0.0	0.0	0.0	0.0	0.0	0.0	0.0	0.0	0.0	0.0	0.0	0.0	0.0	0.0	0.0	0.0	0.0	0.0	0.0	0.0	0.0	0.0	0.0	0.0	0.0	0.0	0.0	0.0	0.0	0.0	0.0	0.0	0.0	0.0	0.0	0.0	0.0	0.0	0.0	0.0	0.0	0.0	0.0	0.0	0.0	0.0	0.0	0.0	0.0	0.0	0.0	0.0	0.0	0.0	0.0
1860	Geodermatophilus	genus	0.0	0.0	0.0	0.0	0.0	0.0	0.0	0.0	0.0	0.0	0.0	0.0	0.0	0.0	0.0	0.0	0.0	0.0	0.0	0.0	0.0	0.0	0.0	0.0	0.0	0.0	0.0	0.0	0.0	0.0	0.0	0.0	0.0	0.0	0.0	0.0	0.0	0.0	0.0	0.0	0.0	0.0	0.0	0.0	0.0	0.0	0.0	0.0	0.0	0.0	0.0	0.0	0.0	0.0	0.0	0.0	0.0	0.0	0.0	0.0	0.0	0.0	0.0	0.0	0.0	0.0	0.0	0.0	0.0	0.0	0.0	0.0	0.0	0.0	0.0	0.0	0.0	0.0	0.0	0.0
88138	Modestobacter	genus	0.0	0.0	0.0	0.0	0.0	0.0	0.0	0.0	0.0	0.0	0.0	0.0	0.0	0.0	0.0	0.0	0.0	0.0	0.0	0.0	0.0	0.0	0.0	0.0	0.0	0.0	0.0	0.0	0.0	0.0	0.0	0.0	0.0	0.0	0.0	0.0	0.0	0.0	0.0	0.0	0.0	0.0	0.0	0.0	0.0	0.0	0.0	0.0	0.0	0.0	0.0	0.0	0.0	0.0	0.0	0.0	0.0	0.0	0.0	0.0	0.0	0.0	0.0	0.0	0.0	0.0	0.0	0.0	0.0	0.0	0.0	0.0	0.0	0.0	0.0	0.0	0.0	0.0	0.0	0.0
414878	Catenulispora	genus	0.0	0.0	0.0	0.0	0.0	0.0	0.0	0.0	0.0	0.0	0.0	0.0	0.0	0.0	0.0	0.0	0.0	0.0	0.0	0.0	0.0	0.0	0.0	0.0	0.0	0.0	0.0	0.0	0.0	0.0	0.0	0.0	0.0	0.0	0.0	0.0	0.0	0.0	0.0	0.0	0.0	0.0	0.0	0.0	0.0	0.0	0.0	0.0	0.0	0.0	0.0	0.0	0.0	0.0	0.0	0.0	0.0	0.0	0.0	0.0	0.0	0.0	0.0	0.0	0.0	0.0	0.0	0.0	0.0	0.0	0.0	0.0	0.0	0.0	0.0	0.0	0.0	0.0	0.0	0.0
53460	Nakamurella	genus	0.0	0.0	0.0	0.0	0.0	0.0	0.0	0.0	0.0	0.0	0.0	0.0	0.0	0.0	0.0	0.0	0.0	0.0	0.0	0.0	0.0	0.0	0.0	0.0	0.0	0.0	0.0	0.0	0.0	0.0	0.0	0.0	0.0	0.0	0.0	0.0	0.0	0.0	0.0	0.0	0.0	0.0	0.0	0.0	0.0	0.0	0.0	0.0	0.0	0.0	0.0	0.0	0.0	0.0	0.0	0.0	0.0	0.0	0.0	0.0	0.0	0.0	0.0	0.0	0.0	0.0	0.0	0.0	0.0	0.0	0.0	0.0	0.0	0.0	0.0	0.0	0.0	0.0	0.0	0.0
33981	Kineococcus	genus	0.0	0.0	0.0	0.0	0.0	0.0	0.0	0.0	0.0	0.0	0.0	0.0	0.0	0.0	0.0	0.0	0.0	0.0	0.0	0.0	0.0	0.0	0.0	0.0	0.0	0.0	0.0	0.0	0.0	0.0	0.0	0.0	0.0	0.0	0.0	0.0	0.0	0.0	0.0	0.0	0.0	0.0	0.0	0.0	0.0	0.0	0.0	0.0	0.0	0.0	0.0	0.0	0.0	0.0	0.0	0.0	0.0	0.0	0.0	0.0	0.0	0.0	0.0	0.0	0.0	0.0	0.0	0.0	0.0	0.0	0.0	0.0	0.0	0.0	0.0	0.0	0.0	0.0	0.0	0.0
283810	Stackebrandtia	genus	0.0	0.0	0.0	0.0	0.0	0.0	0.0	0.0	0.0	0.0	0.0	0.0	0.0	0.0	0.0	0.0	0.0	0.0	0.0	0.0	0.0	0.0	0.0	0.0	0.0	0.0	0.0	0.0	0.0	0.0	0.0	0.0	0.0	0.0	0.0	0.0	0.0	0.0	0.0	0.0	0.0	0.0	0.0	0.0	0.0	0.0	0.0	0.0	0.0	0.0	0.0	0.0	0.0	0.0	0.0	0.0	0.0	0.0	0.0	0.0	0.0	0.0	0.0	0.0	0.0	0.0	0.0	0.0	0.0	0.0	0.0	0.0	0.0	0.0	0.0	0.0	0.0	0.0	0.0	0.0
147067	Thermobispora	genus	0.0	0.0	0.0	0.0	0.0	0.0	0.0	0.0	0.0	0.0	0.0	0.0	0.0	0.0	0.0	0.0	0.0	0.0	0.0	0.0	0.0	0.0	0.0	0.0	0.0	0.0	0.0	0.0	0.0	0.0	0.0	0.0	0.0	0.0	0.0	0.0	0.0	0.0	0.0	0.0	0.0	0.0	0.0	0.0	0.0	0.0	0.0	0.0	0.0	0.0	0.0	0.0	0.0	0.0	0.0	0.0	0.0	0.0	0.0	0.0	0.0	0.0	0.0	0.0	0.0	0.0	0.0	0.0	0.0	0.0	0.0	0.0	0.0	0.0	0.0	0.0	0.0	0.0	0.0	0.0
28048	Acidothermus	genus	0.0	0.0	0.0	0.0	0.0	0.0	0.0	0.0	0.0	0.0	0.0	0.0	0.0	0.0	0.0	0.0	0.0	0.0	0.0	0.0	0.0	0.0	0.0	0.0	0.0	0.0	0.0	0.0	0.0	0.0	0.0	0.0	0.0	0.0	0.0	0.0	0.0	0.0	0.0	0.0	0.0	0.0	0.0	0.0	0.0	0.0	0.0	0.0	0.0	0.0	0.0	0.0	0.0	0.0	0.0	0.0	0.0	0.0	0.0	0.0	0.0	0.0	0.0	0.0	0.0	0.0	0.0	0.0	0.0	0.0	0.0	0.0	0.0	0.0	0.0	0.0	0.0	0.0	0.0	0.0
84111	Eggerthella	genus	9.369875849144998e-05	7.071921441055535e-05	0.00022914428929466524	0.00019907100199071002	0.00014031352815947358	9.431515408738299e-06	1.7765933821896515e-05	6.181454984367425e-05	9.884250227597868e-05	0.00010584114847268016	0.00011414605323234765	0.00015314280566628381	3.0300581771170007e-05	8.212722138340146e-05	8.476142202542503e-05	0.00022527314368672014	7.387767498748184e-05	5.210240881695351e-05	4.5818834944847216e-05	9.569034604021387e-05	9.068429396609379e-05	2.6112633187485574e-05	0.00013751142912974565	2.8346048560830622e-05	8.759333716255025e-05	6.455729832672449e-05	1.4951229090706117e-05	0.00014078976802539222	0.0001069560919282418	3.6699907607982594e-05	1.8213509688676479e-06	3.326597764906485e-05	0.0003256614432681935	4.749156346297626e-05	0.00019530875349419566	0.00013642038832360103	0.0002290113139624582	0.00012914690718986662	8.223029442361132e-05	0.0001171578222372647	0.00011192012041349778	0.00014245402001615085	2.6714998551546173e-05	6.85177889309512e-05	7.762958075174545e-05	0.00014632990946146873	4.618090105711161e-05	0.00014610076124848818	6.0474241048274844e-05	0.0001011950073102065	5.453383954586296e-05	4.1442819058960447e-05	0.00016142080163622844	0.00015916083626305426	4.567833627041575e-05	0.0002845992925974779	0.00014889877382380382	3.6516102238546074e-05	8.924143649342155e-05	3.241836694997918e-06	0.0006560700809317776	3.7296655526017525e-05	2.1224450330954034e-05	0.00012375565469857486	0.00017552993192916633	0.00011991061900526211	7.012009280845551e-05	4.592626266085868e-05	7.433258430331117e-05	0.0001646045131888254	0.00013133400838117164	2.552647558185208e-06	2.480969504506608e-05	0.00010708289291864415	5.237388915590099e-05	8.383391046538362e-05	3.0450920272487014e-06	9.59599655023924e-07	5.116691091989358e-06	3.1892493796231395e-05
447020	Adlercreutzia	genus	0.0	0.0	0.0	0.0	0.0	0.0	0.0	0.0	0.0	0.0	0.0	0.0	0.0	0.0	0.0	0.0	0.0	0.0	0.0	0.0	0.0	0.0	0.0	0.0	0.0	0.0	0.0	0.0	0.0	0.0	0.0	0.0	0.0	0.0	0.0	0.0	0.0	0.0	0.0	0.0	0.0	0.0	0.0	0.0	0.0	0.0	0.0	0.0	0.0	0.0	0.0	0.0	0.0	0.0	0.0	0.0	0.0	0.0	0.0	0.0	0.0	0.0	0.0	0.0	0.0	0.0	0.0	0.0	0.0	0.0	0.0	0.0	0.0	0.0	0.0	0.0	0.0	0.0	0.0	0.0
84108	Slackia	genus	0.0	0.0	0.0	0.0	0.0	0.0	0.0	0.0	0.0	0.0	0.0	0.0	0.0	0.0	0.0	0.0	0.0	0.0	0.0	0.0	0.0	0.0	0.0	0.0	0.0	0.0	0.0	0.0	0.0	0.0	0.0	0.0	0.0	0.0	0.0	0.0	0.0	0.0	0.0	0.0	0.0	0.0	0.0	0.0	0.0	0.0	0.0	0.0	0.0	0.0	0.0	0.0	0.0	0.0	0.0	0.0	0.0	0.0	0.0	0.0	0.0	0.0	0.0	0.0	0.0	0.0	0.0	0.0	0.0	0.0	0.0	0.0	0.0	0.0	0.0	0.0	0.0	0.0	0.0	0.0
79603	Denitrobacterium	genus	0.0	0.0	0.0	0.0	0.0	0.0	0.0	0.0	0.0	0.0	0.0	0.0	0.0	0.0	0.0	0.0	0.0	0.0	0.0	0.0	0.0	0.0	0.0	0.0	0.0	0.0	0.0	0.0	0.0	0.0	0.0	0.0	0.0	0.0	0.0	0.0	0.0	0.0	0.0	0.0	0.0	0.0	0.0	0.0	0.0	0.0	0.0	0.0	0.0	0.0	0.0	0.0	0.0	0.0	0.0	0.0	0.0	0.0	0.0	0.0	0.0	0.0	0.0	0.0	0.0	0.0	0.0	0.0	0.0	0.0	0.0	0.0	0.0	0.0	0.0	0.0	0.0	0.0	0.0	0.0
84162	Cryptobacterium	genus	0.0	0.0	0.0	0.0	0.0	0.0	0.0	0.0	0.0	0.0	0.0	0.0	0.0	0.0	0.0	0.0	0.0	0.0	0.0	0.0	0.0	0.0	0.0	0.0	0.0	0.0	0.0	0.0	0.0	0.0	0.0	0.0	0.0	0.0	0.0	0.0	0.0	0.0	0.0	0.0	0.0	0.0	0.0	0.0	0.0	0.0	0.0	0.0	0.0	0.0	0.0	0.0	0.0	0.0	0.0	0.0	0.0	0.0	0.0	0.0	0.0	0.0	0.0	0.0	0.0	0.0	0.0	0.0	0.0	0.0	0.0	0.0	0.0	0.0	0.0	0.0	0.0	0.0	0.0	0.0
133925	Olsenella	genus	7.808229874287499e-05	6.061646949476173e-05	0.0002434658073755818	0.00016589250165892502	7.741436036384749e-05	2.8294546226214898e-05	1.7765933821896515e-05	0.00011712230496696175	5.202236961893614e-05	9.621922588425468e-05	0.00011414605323234765	0.00016665540616625003	1.851702219349278e-05	0.00030323897126179	3.5599797250678516e-05	0.00021901555636208902	5.417696165748668e-05	6.742664670429278e-05	5.498260193381666e-05	0.0001475226168119964	0.00012307154181112728	2.089010654998846e-05	8.443684244808944e-05	6.88404036477315e-05	6.46180356117174e-05	4.4693514226193874e-05	2.9902458181412233e-05	0.00022995662110814063	0.00010176404863075434	2.568993532558782e-05	2.428467958490197e-06	3.9919173178877815e-05	0.00022389224224688304	2.9851839891013647e-05	0.00022669766030576283	0.00016409988740375195	0.000170754049884289	7.060030926379375e-05	9.919845041578508e-05	0.00010295687408729322	8.054064740036755e-05	0.00013519521644844888	2.6714998551546173e-05	6.720013914381751e-05	0.00010795363573289601	0.0001178079779562672	6.034304404795918e-05	0.000152452968259292	5.534930536621765e-05	0.00015103732434359178	5.453383954586296e-05	5.328362450437771e-05	0.00013902716441501755	0.000355051096279121	4.412112026119703e-05	0.00033080729582363666	0.0001291150206584033	3.597108578722449e-05	4.9704091211525926e-05	3.602040772219909e-06	0.0007390668983990507	9.807639045730535e-05	4.303846872665679e-05	6.677463383016628e-05	0.00025487163490643655	0.0001351373642757716	5.970621763888291e-05	3.658532788237895e-05	5.722004690974313e-05	0.0003710274702688659	9.457841559190175e-05	5.743457005916718e-06	1.8485655131617863e-05	0.00035865083752655935	4.530950410696551e-05	7.379392118809217e-05	3.958619635423312e-06	6.7171975851674684e-06	4.456472886571376e-06	2.035691093376472e-05
1380	Atopobium	genus	0.0	0.0	0.0	0.0	0.0	0.0	0.0	0.0	0.0	0.0	0.0	0.0	0.0	0.0	0.0	0.0	0.0	0.0	0.0	0.0	0.0	0.0	0.0	0.0	0.0	0.0	0.0	0.0	0.0	0.0	0.0	0.0	0.0	0.0	0.0	0.0	0.0	0.0	0.0	0.0	0.0	0.0	0.0	0.0	0.0	0.0	0.0	0.0	0.0	0.0	0.0	0.0	0.0	0.0	0.0	0.0	0.0	0.0	0.0	0.0	0.0	0.0	0.0	0.0	0.0	0.0	0.0	0.0	0.0	0.0	0.0	0.0	0.0	0.0	0.0	0.0	0.0	0.0	0.0	0.0
33870	Coriobacterium	genus	0.0	0.0	0.0	0.0	0.0	0.0	0.0	0.0	0.0	0.0	0.0	0.0	0.0	0.0	0.0	0.0	0.0	0.0	0.0	0.0	0.0	0.0	0.0	0.0	0.0	0.0	0.0	0.0	0.0	0.0	0.0	0.0	0.0	0.0	0.0	0.0	0.0	0.0	0.0	0.0	0.0	0.0	0.0	0.0	0.0	0.0	0.0	0.0	0.0	0.0	0.0	0.0	0.0	0.0	0.0	0.0	0.0	0.0	0.0	0.0	0.0	0.0	0.0	0.0	0.0	0.0	0.0	0.0	0.0	0.0	0.0	0.0	0.0	0.0	0.0	0.0	0.0	0.0	0.0	0.0
682522	Ilumatobacter	genus	0.0	0.0	0.0	0.0	0.0	0.0	0.0	0.0	0.0	0.0	0.0	0.0	0.0	0.0	0.0	0.0	0.0	0.0	0.0	0.0	0.0	0.0	0.0	0.0	0.0	0.0	0.0	0.0	0.0	0.0	0.0	0.0	0.0	0.0	0.0	0.0	0.0	0.0	0.0	0.0	0.0	0.0	0.0	0.0	0.0	0.0	0.0	0.0	0.0	0.0	0.0	0.0	0.0	0.0	0.0	0.0	0.0	0.0	0.0	0.0	0.0	0.0	0.0	0.0	0.0	0.0	0.0	0.0	0.0	0.0	0.0	0.0	0.0	0.0	0.0	0.0	0.0	0.0	0.0	0.0
53634	Acidimicrobium	genus	0.0	0.0	0.0	0.0	0.0	0.0	0.0	0.0	0.0	0.0	0.0	0.0	0.0	0.0	0.0	0.0	0.0	0.0	0.0	0.0	0.0	0.0	0.0	0.0	0.0	0.0	0.0	0.0	0.0	0.0	0.0	0.0	0.0	0.0	0.0	0.0	0.0	0.0	0.0	0.0	0.0	0.0	0.0	0.0	0.0	0.0	0.0	0.0	0.0	0.0	0.0	0.0	0.0	0.0	0.0	0.0	0.0	0.0	0.0	0.0	0.0	0.0	0.0	0.0	0.0	0.0	0.0	0.0	0.0	0.0	0.0	0.0	0.0	0.0	0.0	0.0	0.0	0.0	0.0	0.0
191494	Conexibacter	genus	0.0	0.0	0.0	0.0	0.0	0.0	0.0	0.0	0.0	0.0	0.0	0.0	0.0	0.0	0.0	0.0	0.0	0.0	0.0	0.0	0.0	0.0	0.0	0.0	0.0	0.0	0.0	0.0	0.0	0.0	0.0	0.0	0.0	0.0	0.0	0.0	0.0	0.0	0.0	0.0	0.0	0.0	0.0	0.0	0.0	0.0	0.0	0.0	0.0	0.0	0.0	0.0	0.0	0.0	0.0	0.0	0.0	0.0	0.0	0.0	0.0	0.0	0.0	0.0	0.0	0.0	0.0	0.0	0.0	0.0	0.0	0.0	0.0	0.0	0.0	0.0	0.0	0.0	0.0	0.0
42255	Rubrobacter	genus	1.5616459748575e-05	0.0	0.0	6.635700066357e-05	0.0	0.0	1.7765933821896515e-05	9.760192080580147e-06	1.0404473923787229e-05	1.2829230117900625e-05	0.0	4.053780149989866e-05	1.6833656539538892e-06	8.423304757271945e-06	3.3904568810170014e-06	2.8159142960840017e-05	4.925178332498789e-06	6.129695154935707e-06	2.618219139705555e-06	1.4619358422810452e-05	2.9148523060530147e-05	3.1335159824982687e-06	3.618721819203833e-06	1.3498118362300295e-06	5.743825387708213e-06	3.972756820106122e-05	7.973988848376596e-06	1.8771969070052296e-05	1.246090391396992e-05	1.83499538039913e-06	1.8213509688676479e-06	3.8018260170359824e-06	4.523075600947132e-05	2.4424232638102076e-05	6.9753126247927026e-06	1.0874088924345009e-05	4.62040370275135e-05	1.033175257518933e-05	2.610485537257502e-06	3.5502370374928697e-06	7.32187703639705e-06	4.5367522298137206e-06	2.5045311142074535e-06	6.588248935668384e-07	3.638886597738068e-06	2.356159559125344e-05	6.157453474281549e-07	8.893089815125366e-06	1.7424781318994445e-05	4.6821570546513454e-05	9.521781508007818e-06	6.76617454023844e-06	9.330682175504533e-06	2.2602722309546164e-05	7.267008043020688e-06	5.8810185924202074e-05	1.874250299880048e-05	3.2700987079294987e-06	6.890794463416094e-05	3.602040772219909e-07	2.1737261717619136e-05	5.5254304482988925e-06	2.3582722589948926e-06	5.52003639662708e-05	9.781853791718248e-06	1.0785611233277545e-05	2.429904206233607e-05	4.125579527161881e-05	6.417201522588015e-06	4.8936476893975116e-05	5.827106173908639e-06	2.1272062984876732e-07	1.313454443562322e-05	1.6395466858357e-05	7.307984533381534e-07	1.9075979626853757e-05	3.0450920272487013e-07	9.59599655023924e-07	3.3010910270899083e-07	1.2214146560258831e-05
1129	Synechococcus	genus	0.0014991801358631997	0.0011820211551478537	0.0017185821697099893	0.0024330900243309003	0.0012095993806851171	0.0002782297045577798	0.0029313790806129248	0.001600671501215144	0.00136038496553518	0.0015683733819133513	0.0014301829022641205	0.002297142084994257	0.0009056507218271925	0.0012719190183480636	0.0012036121927610356	0.0031006345193547178	0.0011836845259105423	0.001026723938451731	0.0013025640220035136	0.0012173938468449431	0.002205571578246781	0.0012241602438293237	0.0013268646670414055	0.0011527393081404453	0.0013239517518667432	0.002304198955661551	0.0008851127621698021	0.0024810285787585785	0.0014163894115545809	0.00113861463353766	0.00038612640539994136	0.0007641670294242324	0.004961813934239004	0.001701554873787778	0.0015345687774543945	0.0018614463131401502	0.0025994793005914116	0.0016548023707928243	0.0009998159607696234	0.001233115664355857	0.0009915913472149148	0.0009391077115714402	0.0011495797814212213	0.000852519412275489	0.0017660729621022091	0.0016257500957964873	0.0013195422795385357	0.0016350580845809067	0.0013827076470190299	0.003877128115900001	0.0011253014509463785	0.0015908967887735632	0.001741105293949146	0.0019975155841061424	0.0010199764860382608	0.0035076075176220523	0.0020200253232040516	0.0011957660941995533	0.004556961453347627	0.00037281121992476055	0.0018921298267836658	0.0010746962221941346	0.0011826735378859387	0.001963174234606889	0.0014259769083038156	0.0017034921271382474	0.002666646301755224	0.0025290580912733875	0.0013973456315435403	0.0027511197555667465	0.0012447595265341763	0.00012071895743917546	0.0014666907953112594	0.0014166708082299095	0.00035200125502454386	0.0016405342479094232	0.0004692486813990249	0.0002487762105649523	0.00027151473697814495	0.002588041943379288
167375	Cyanobium	genus	0.0	0.0	0.0	0.0	0.0	0.0	0.0	0.0	0.0	0.0	0.0	0.0	0.0	0.0	0.0	0.0	0.0	0.0	0.0	0.0	0.0	0.0	0.0	0.0	0.0	0.0	0.0	0.0	0.0	0.0	0.0	0.0	0.0	0.0	0.0	0.0	0.0	0.0	0.0	0.0	0.0	0.0	0.0	0.0	0.0	0.0	0.0	0.0	0.0	0.0	0.0	0.0	0.0	0.0	0.0	0.0	0.0	0.0	0.0	0.0	0.0	0.0	0.0	0.0	0.0	0.0	0.0	0.0	0.0	0.0	0.0	0.0	0.0	0.0	0.0	0.0	0.0	0.0	0.0	0.0
146785	Thermosynechococcus	genus	0.0	0.0	0.0	0.0	0.0	0.0	0.0	0.0	0.0	0.0	0.0	0.0	0.0	0.0	0.0	0.0	0.0	0.0	0.0	0.0	0.0	0.0	0.0	0.0	0.0	0.0	0.0	0.0	0.0	0.0	0.0	0.0	0.0	0.0	0.0	0.0	0.0	0.0	0.0	0.0	0.0	0.0	0.0	0.0	0.0	0.0	0.0	0.0	0.0	0.0	0.0	0.0	0.0	0.0	0.0	0.0	0.0	0.0	0.0	0.0	0.0	0.0	0.0	0.0	0.0	0.0	0.0	0.0	0.0	0.0	0.0	0.0	0.0	0.0	0.0	0.0	0.0	0.0	0.0	0.0
13034	Dactylococcopsis	genus	0.0	0.0	0.0	0.0	0.0	0.0	0.0	0.0	0.0	0.0	0.0	0.0	0.0	0.0	0.0	0.0	0.0	0.0	0.0	0.0	0.0	0.0	0.0	0.0	0.0	0.0	0.0	0.0	0.0	0.0	0.0	0.0	0.0	0.0	0.0	0.0	0.0	0.0	0.0	0.0	0.0	0.0	0.0	0.0	0.0	0.0	0.0	0.0	0.0	0.0	0.0	0.0	0.0	0.0	0.0	0.0	0.0	0.0	0.0	0.0	0.0	0.0	0.0	0.0	0.0	0.0	0.0	0.0	0.0	0.0	0.0	0.0	0.0	0.0	0.0	0.0	0.0	0.0	0.0	0.0
1218	Prochlorococcus	genus	0.00042164441321152494	0.00021215764323166605	0.0006158252774794128	0.00072992700729927	0.0003386878265918328	0.0001037466694961213	0.0009238285587386187	0.0003904076832232058	0.0002913252698660424	0.000246962679769587	0.000631160529637687	0.0002927730108326014	0.00024408801982331394	0.00020426514036384465	0.00035091228718525967	0.0006726906373978449	0.0005237106293557046	0.0005194916643808012	0.0002225486268749722	0.00025251619093945326	0.0002445237212300029	0.0001692098630549065	0.0003244787231219437	0.0004616356479906701	0.00047530155083285467	0.00035258216778441835	0.00028207985551132207	0.00023934260564316678	0.0003084073718707555	0.00029084676779326206	0.00010806682415281378	0.00030794790737991457	0.0004161229552871361	0.00022117499555614656	0.0004220064137999585	0.00029557750803446887	0.0007231936230393417	0.00033061608240605853	0.0002375541838904327	0.00020946398521207933	0.00024475988950241567	0.0002712977833428605	0.00034228591894168534	0.0001884239195601158	0.00040391641234892555	0.000319941666449652	0.00022536279715870466	0.00033920785437692474	0.000290071359604437	0.0010149708195889369	0.0003194124887686259	0.0006816920849290228	0.00033777069475326413	0.0004831331893665493	0.0002647267215671822	0.0003360582052811547	0.000543532586965214	0.00014715444185682745	0.00034341008473417914	0.0001819030589971054	0.0006017269266377298	0.0002590045522640106	0.00043922820823779875	0.00042735765651306424	0.0003391042647795659	0.00034323621630606775	0.00017078755278099065	0.0002848985107436318	0.00034759841580685077	0.0005374114917083813	0.00036576297214688074	7.764302989480008e-06	0.00034003876150002333	0.000313050945326754	6.942585306712457e-05	0.00045179951747811533	0.0003428773622682038	7.460887317811009e-05	0.00011058654940751193	0.0007301345388243612
47251	Leptolyngbya	genus	0.0	0.0	0.0	0.0	0.0	0.0	8.882966910948258e-06	0.0	0.0	0.0	0.0	0.0	0.0	0.0	1.6952284405085007e-06	0.0	0.0	0.0	0.0	1.3290325838918592e-06	0.0	0.0	1.2062406064012777e-06	1.3498118362300295e-06	1.4359563469270533e-06	2.4829730125663264e-06	2.9902458181412234e-06	0.0	0.0	0.0	0.0	9.504565042589956e-07	0.0	0.0	1.7438281561981756e-06	0.0	0.0	1.7219587625315548e-06	0.0	0.0	1.0459824337710072e-06	9.073504459627442e-07	2.5045311142074535e-06	1.3176497871336768e-06	1.2129621992460227e-06	1.240083978487023e-06	1.2314906948563098e-06	0.0	3.074961409234314e-06	6.0414929737436715e-06	8.656165007279835e-07	3.38308727011922e-06	0.0	3.767120384924361e-06	0.0	1.0501818915036085e-06	0.0	2.7250822566079155e-06	2.2592768732511787e-06	1.0806122316659728e-06	0.0	2.072036418112085e-06	1.1791361294974463e-06	2.6709853532066515e-06	0.0	1.9033431588136843e-06	2.7770333785526937e-06	2.335233694619933e-06	5.347667935490012e-07	0.0	8.964778729090214e-07	0.0	2.4323230436339294e-06	5.123583393236563e-07	0.0	1.003998927729145e-06	6.090184054497403e-07	0.0	1.6505455135449542e-07	0.0
1142	Synechocystis	genus	0.0	3.0308234747380865e-05	5.728607232366631e-05	5.529750055297501e-05	1.9353590090961872e-05	0.0	2.664890073284477e-05	1.6266986800966908e-05	1.3005592404734036e-05	1.924384517685094e-05	3.357236859774931e-05	3.603360133324325e-05	1.5150290885585004e-05	3.158739283976979e-05	1.3561827524068006e-05	5.94470795839956e-05	1.1492082775830508e-05	1.5324237887339267e-05	1.9636643547791662e-05	6.645162919459296e-06	3.5625972629536846e-05	1.3578569257492498e-05	1.8093609096019164e-05	9.448682853610206e-06	1.5795519816197587e-05	4.221054121362755e-05	1.6944726302800267e-05	1.8771969070052296e-05	2.1806581849447357e-05	1.5597460733392603e-05	1.8213509688676479e-06	1.1405478051107946e-05	4.2969218208997754e-05	3.663634895715311e-05	2.9645078655368987e-05	3.2622266773035026e-05	4.8212908202622786e-05	3.099525772556799e-05	1.5662913223545013e-05	1.4200948149971479e-05	8.367859470168058e-06	1.1795555797515675e-05	2.2540780027867084e-05	9.882373403502577e-06	2.304628178567443e-05	1.984134365579237e-05	7.388944169137858e-06	1.5245296825929201e-05	1.4349819909760133e-05	5.4373436763693046e-05	1.3849864011647736e-05	1.2686577262947076e-05	2.9858182961614508e-05	4.238010433039906e-05	1.1938656070676844e-05	5.986036781570568e-05	6.66400106624017e-05	1.0355312575110079e-05	8.133396743704242e-05	9.365306007771762e-06	4.347452343523827e-05	1.5885612538859317e-05	1.120179323022574e-05	4.451642255344419e-05	1.684652597462587e-05	2.664680422339158e-05	2.221626702842155e-05	3.580691665083897e-05	1.336916983872503e-05	3.0251640261730073e-05	8.964778729090214e-06	1.276323779092604e-06	2.5296159653792868e-05	1.9981975233622594e-05	4.871989688921022e-06	1.7067981771395468e-05	4.263128838148182e-06	6.237397757655506e-06	2.475818270317431e-06	4.071382186752944e-05
1152	Pseudanabaena	genus	0.0	0.0	0.0	0.0	0.0	0.0	0.0	0.0	0.0	0.0	0.0	0.0	0.0	0.0	0.0	0.0	0.0	0.0	0.0	0.0	0.0	0.0	0.0	0.0	0.0	0.0	0.0	0.0	0.0	0.0	0.0	0.0	0.0	0.0	0.0	0.0	0.0	0.0	0.0	0.0	0.0	0.0	0.0	0.0	0.0	0.0	0.0	0.0	0.0	0.0	0.0	0.0	0.0	0.0	0.0	0.0	0.0	0.0	0.0	0.0	0.0	0.0	0.0	0.0	0.0	0.0	0.0	0.0	0.0	0.0	0.0	0.0	0.0	0.0	0.0	0.0	0.0	0.0	0.0	0.0
155977	Acaryochloris	genus	0.0	0.0	0.0	0.0	0.0	0.0	0.0	0.0	0.0	0.0	0.0	0.0	0.0	0.0	0.0	0.0	0.0	0.0	0.0	0.0	0.0	0.0	0.0	0.0	0.0	0.0	0.0	0.0	0.0	0.0	0.0	0.0	0.0	0.0	0.0	0.0	0.0	0.0	0.0	0.0	0.0	0.0	0.0	0.0	0.0	0.0	0.0	0.0	0.0	0.0	0.0	0.0	0.0	0.0	0.0	0.0	0.0	0.0	0.0	0.0	0.0	0.0	0.0	0.0	0.0	0.0	0.0	0.0	0.0	0.0	0.0	0.0	0.0	0.0	0.0	0.0	0.0	0.0	0.0	0.0
43988	Cyanothece	genus	0.0005153431717029749	0.00017174666356849157	0.00041532402434658075	0.00061933200619332	0.00039191019934197796	0.0002452194006271958	0.0010926049300466357	0.00040342127266397934	0.0002653140850565743	0.00019564575929798453	0.00042972631805119114	0.0003152940116658784	0.00039895765998707174	0.00032219140696565187	0.00032548386057763216	0.0007821984155788895	0.00030207760439325906	0.00032947111457779426	0.0004372425963308277	0.00026979361453004745	0.0004372278459079522	0.00024023622532486728	0.00027864158007869514	0.000504829626750031	0.00040637564618035613	0.0006281921721792806	0.00029404083878388694	0.0002862725283182975	0.0002762167034263332	0.00025689935325587816	0.000129315918789603	0.00022810956102215895	0.0005269383075103409	0.00032022882792178276	0.00047780891479830013	0.0003746617911206144	0.0005303419902288506	0.00035644546384403186	0.00030673205062775653	0.00031478768399103446	0.00023743801246601864	0.0002404478681801272	0.00037150544860743896	0.0002457416853004307	0.0004948885772923773	0.00038814628526643826	0.00022844152389584545	0.00045608846337571524	0.00028699639819520264	0.0009092446925484226	0.00035230591579628925	0.0005522889968469627	0.00040961694750464903	0.0004953763306175535	0.00025538342551186986	0.0005754996765439775	0.0005903888444622151	0.00015587470507797278	0.0007387835375531354	0.00022296632380041235	0.0005681329767105002	0.0002514070853975996	0.0005530148447343023	0.0004567384953983374	0.00023639479996652432	0.0003584629615765772	0.00019508659484332672	0.00040555225163232836	0.0003229991433035967	0.0006548590362539216	0.0002891141140131594	1.5422245664035632e-05	0.0003556056289792805	0.0004334551550678132	7.42978427560456e-05	0.0003810175930732106	0.00043514365069383944	0.00014106114928851682	0.0001766083699493101	0.0006649924238363141
1158	Oscillatoria	genus	0.0	0.0	7.160759040458288e-05	0.0	0.0	0.0	0.0	3.253397360193382e-06	2.601118480946807e-06	6.414615058950312e-06	0.0	0.0	0.0	1.684660951454389e-05	3.3904568810170014e-06	2.1901555636208904e-05	1.6417261108329298e-06	1.5324237887339268e-06	1.3091095698527775e-06	0.0	1.6193623922516747e-06	0.0	1.2062406064012777e-06	4.049435508690089e-06	1.4359563469270533e-06	2.4829730125663264e-06	0.0	2.0336299825889986e-05	2.0768173189949864e-06	0.0	0.0	3.8018260170359824e-06	2.4876915805209225e-05	4.070705439683679e-06	6.9753126247927026e-06	8.89698184719137e-06	0.0	1.5497628862783995e-05	1.305242768628751e-06	0.0	1.0459824337710072e-06	9.073504459627442e-07	0.0	0.0	1.0916659793214205e-05	1.1160755806383208e-05	8.004689516566012e-06	1.2704414021607666e-06	3.074961409234314e-06	1.2082985947487343e-05	0.0	1.69154363505961e-06	3.7322728702018135e-06	9.417800962310902e-07	2.3877312141353687e-05	5.250909457518042e-06	2.0825003332000533e-06	5.450164513215832e-07	1.1296384366255893e-05	0.0	5.9283441048052195e-06	8.28814567244834e-06	1.1791361294974463e-06	5.341970706413303e-06	2.0107143905198622e-05	6.344477196045614e-07	1.2496650203487121e-05	5.448878620779843e-06	2.139067174196005e-06	1.690532838155504e-05	1.344716809363532e-06	1.0636031492438366e-07	4.864646087267859e-07	4.09886671458925e-06	7.307984533381534e-07	1.003998927729145e-06	0.0	0.0	1.6505455135449542e-07	1.3571273955843145e-06
1155738	Moorena	genus	0.0	0.0	0.0	0.0	0.0	0.0	0.0	0.0	0.0	0.0	0.0	0.0	0.0	0.0	0.0	0.0	0.0	0.0	0.0	0.0	0.0	0.0	0.0	0.0	0.0	0.0	0.0	0.0	0.0	0.0	0.0	0.0	0.0	0.0	0.0	0.0	0.0	0.0	0.0	0.0	0.0	0.0	0.0	0.0	0.0	0.0	0.0	0.0	0.0	0.0	0.0	0.0	0.0	0.0	0.0	0.0	0.0	0.0	0.0	0.0	0.0	0.0	0.0	0.0	0.0	0.0	0.0	0.0	0.0	0.0	0.0	0.0	0.0	0.0	0.0	0.0	0.0	0.0	0.0	0.0
1205	Trichodesmium	genus	0.0	0.0	0.0	0.0	0.0	0.0	0.0	0.0	0.0	0.0	0.0	0.0	0.0	0.0	0.0	0.0	0.0	0.0	0.0	0.0	0.0	0.0	0.0	0.0	0.0	0.0	0.0	0.0	0.0	0.0	0.0	0.0	0.0	0.0	0.0	0.0	0.0	0.0	0.0	0.0	0.0	0.0	0.0	0.0	0.0	0.0	0.0	0.0	0.0	0.0	0.0	0.0	0.0	0.0	0.0	0.0	0.0	0.0	0.0	0.0	0.0	0.0	0.0	0.0	0.0	0.0	0.0	0.0	0.0	0.0	0.0	0.0	0.0	0.0	0.0	0.0	0.0	0.0	0.0	0.0
44471	Microcoleus	genus	0.0	0.0	0.0	0.0	0.0	0.0	0.0	0.0	0.0	0.0	0.0	0.0	0.0	0.0	0.0	0.0	0.0	0.0	0.0	0.0	0.0	0.0	0.0	0.0	0.0	0.0	0.0	0.0	0.0	0.0	0.0	0.0	0.0	0.0	0.0	0.0	0.0	0.0	0.0	0.0	0.0	0.0	0.0	0.0	0.0	0.0	0.0	0.0	0.0	0.0	0.0	0.0	0.0	0.0	0.0	0.0	0.0	0.0	0.0	0.0	0.0	0.0	0.0	0.0	0.0	0.0	0.0	0.0	0.0	0.0	0.0	0.0	0.0	0.0	0.0	0.0	0.0	0.0	0.0	0.0
63132	Geitlerinema	genus	0.0	0.0	0.0	0.0	0.0	0.0	0.0	0.0	0.0	0.0	0.0	0.0	0.0	0.0	0.0	0.0	0.0	0.0	0.0	0.0	0.0	0.0	0.0	0.0	0.0	0.0	0.0	0.0	0.0	0.0	0.0	0.0	0.0	0.0	0.0	0.0	0.0	0.0	0.0	0.0	0.0	0.0	0.0	0.0	0.0	0.0	0.0	0.0	0.0	0.0	0.0	0.0	0.0	0.0	0.0	0.0	0.0	0.0	0.0	0.0	0.0	0.0	0.0	0.0	0.0	0.0	0.0	0.0	0.0	0.0	0.0	0.0	0.0	0.0	0.0	0.0	0.0	0.0	0.0	0.0
241421	Crinalium	genus	0.0	0.0	0.0	0.0	0.0	0.0	0.0	0.0	0.0	0.0	0.0	0.0	0.0	0.0	0.0	0.0	0.0	0.0	0.0	0.0	0.0	0.0	0.0	0.0	0.0	0.0	0.0	0.0	0.0	0.0	0.0	0.0	0.0	0.0	0.0	0.0	0.0	0.0	0.0	0.0	0.0	0.0	0.0	0.0	0.0	0.0	0.0	0.0	0.0	0.0	0.0	0.0	0.0	0.0	0.0	0.0	0.0	0.0	0.0	0.0	0.0	0.0	0.0	0.0	0.0	0.0	0.0	0.0	0.0	0.0	0.0	0.0	0.0	0.0	0.0	0.0	0.0	0.0	0.0	0.0
669357	Geminocystis	genus	0.0	2.0205489831587242e-05	4.296455424274973e-05	2.2119000221190002e-05	2.903038513644281e-05	0.0	7.106373528758606e-05	1.9520384161160293e-05	2.601118480946807e-06	9.62192258842547e-06	3.357236859774931e-05	4.504200166655406e-06	1.1783559577677225e-05	2.3164088082497846e-05	2.712365504813601e-05	7.509104789557339e-05	1.805898721916223e-05	2.6051204408476756e-05	2.3563972257349995e-05	1.0632260671134874e-05	9.716174353510048e-06	1.775659056749019e-05	1.8093609096019164e-05	1.2148306526070266e-05	1.292360712234348e-05	2.7312703138229592e-05	1.5947977696753193e-05	4.067259965177997e-05	1.661453855195989e-05	8.257479211796085e-06	1.2142339792450986e-06	1.1405478051107946e-05	4.070768040852419e-05	2.306733082487418e-05	2.790125049917081e-05	9.88553538576819e-06	2.209758292620211e-05	8.609793812657775e-06	7.831456611772506e-06	2.0118009879126264e-05	1.150580677148108e-05	2.2683761149068605e-05	1.6696874094716357e-05	6.588248935668384e-06	2.7898130582658523e-05	1.4881007741844277e-05	6.157453474281548e-06	1.5245296825929201e-05	8.199897091291504e-06	4.984231703338529e-05	2.250602901892757e-05	9.303489992827854e-06	3.4523524049366776e-05	2.3544502405777256e-05	9.862368058385218e-06	2.2053819721575778e-05	2.3948753831800613e-05	8.175246769823748e-06	1.2426022802881481e-05	1.0806122316659728e-06	5.3355096943246975e-05	2.4864437017345015e-05	2.9478403237436156e-05	3.205182423847982e-05	1.7389962296387996e-05	2.0302327027345965e-05	9.719616824934427e-06	2.3352336946199328e-05	1.3903936632274031e-05	3.381065676311008e-05	8.516539792635703e-06	4.2544125969753464e-07	1.4593938261803578e-05	2.5105558626859158e-05	7.795183502273636e-06	2.108397748231205e-05	1.3398404919894287e-05	3.3585987925837342e-06	3.7962546811533945e-06	4.478520405428238e-05
102231	Gloeocapsa	genus	0.0	0.0	0.0	0.0	0.0	0.0	0.0	0.0	0.0	0.0	0.0	0.0	0.0	0.0	0.0	0.0	0.0	0.0	0.0	0.0	0.0	0.0	0.0	0.0	0.0	0.0	0.0	0.0	0.0	0.0	0.0	0.0	0.0	0.0	0.0	0.0	0.0	0.0	0.0	0.0	0.0	0.0	0.0	0.0	0.0	0.0	0.0	0.0	0.0	0.0	0.0	0.0	0.0	0.0	0.0	0.0	0.0	0.0	0.0	0.0	0.0	0.0	0.0	0.0	0.0	0.0	0.0	0.0	0.0	0.0	0.0	0.0	0.0	0.0	0.0	0.0	0.0	0.0	0.0	0.0
1125	Microcystis	genus	0.00018739751698289997	0.00034349332713698314	0.0002577873254564984	0.000364963503649635	0.0002467582736597639	5.187333474806065e-05	0.0007905840550743948	0.0003058193518581779	0.0002210950708804786	0.0001603653764737578	0.0003088657910992936	0.00027475621016597975	0.00021547080370609782	0.0002884981879365641	0.0002237701541471221	0.0005506676845675381	0.0001822315983024552	0.00022373387315515332	0.0002919314340771694	0.0001501806819797801	0.0002882465058207981	0.0001190736073349342	0.00020144218126901336	0.0002861601092807663	0.0002096496266513498	0.0006902664974934387	0.00013954480484659043	0.0002596789054690568	0.00018379833273105632	0.00014221214198093256	9.046043145375984e-05	0.00016252806222828825	0.0008345074483747458	0.0003066598097895038	0.00018833344086940297	0.0002342871886427061	0.00047811133967600925	0.0002479620618045439	0.0001866497159139114	0.0002106473975579103	0.00020605853945288843	0.0001333805155565234	0.0001961882706129172	0.00013242380360693453	0.00027534241922884715	0.00019469318462246262	0.00013115375900219699	0.0002706040186602433	0.00017322282605353303	0.0005180580224985198	0.0002354476881980115	0.00027572161251471645	0.0002817866017002369	0.00035128397589419665	0.0003389540180066078	0.0006091054970720929	0.00036443755831000934	9.646791188392022e-05	0.0007421724528630121	0.00012607142702769682	0.0003912707109171445	0.00016921630747915358	0.00018925134878434012	0.0002519629516524941	0.0001418368799799146	0.0002106366429087144	0.00020480621166826116	0.0003168133712367709	0.00019679418002603244	0.0004448770626725011	0.00017795085777244074	1.3720480625245494e-05	0.000213557963231059	0.00021928936923052488	5.52970829692536e-05	0.0002289117555222451	0.00024391187138262098	8.924276791722494e-05	9.523647613154385e-05	0.000711813318983973
102234	Cyanobacterium	genus	0.0	0.0	0.0	0.0	0.0	0.0	0.0	0.0	0.0	0.0	0.0	0.0	0.0	0.0	0.0	0.0	0.0	0.0	0.0	0.0	0.0	0.0	0.0	0.0	0.0	0.0	0.0	0.0	0.0	0.0	0.0	0.0	0.0	0.0	0.0	0.0	0.0	0.0	0.0	0.0	0.0	0.0	0.0	0.0	0.0	0.0	0.0	0.0	0.0	0.0	0.0	0.0	0.0	0.0	0.0	0.0	0.0	0.0	0.0	0.0	0.0	0.0	0.0	0.0	0.0	0.0	0.0	0.0	0.0	0.0	0.0	0.0	0.0	0.0	0.0	0.0	0.0	0.0	0.0	0.0
76023	Halothece	genus	0.0	0.0	0.0	0.0	0.0	0.0	0.0	0.0	0.0	0.0	0.0	0.0	0.0	0.0	0.0	0.0	0.0	0.0	0.0	0.0	0.0	0.0	0.0	0.0	0.0	0.0	0.0	0.0	0.0	0.0	0.0	0.0	0.0	0.0	0.0	0.0	0.0	0.0	0.0	0.0	0.0	0.0	0.0	0.0	0.0	0.0	0.0	0.0	0.0	0.0	0.0	0.0	0.0	0.0	0.0	0.0	0.0	0.0	0.0	0.0	0.0	0.0	0.0	0.0	0.0	0.0	0.0	0.0	0.0	0.0	0.0	0.0	0.0	0.0	0.0	0.0	0.0	0.0	0.0	0.0
1177	Nostoc	genus	0.00018739751698289997	9.092470424214259e-05	0.00011457214464733262	0.00011059500110595002	6.289916779562609e-05	2.3578788521845746e-05	0.00028425494115034424	8.133493400483455e-05	7.28313174665106e-05	5.13169204716025e-05	7.385921091504847e-05	8.557980316645271e-05	4.545087265675501e-05	7.159809043681152e-05	8.815187890644204e-05	7.509104789557339e-05	5.253523554665375e-05	5.363483260568744e-05	8.771034118013609e-05	5.316130335567437e-05	0.00015222006487165745	5.849229833996768e-05	6.513699274566899e-05	4.3193978759360944e-05	6.748994830557151e-05	0.00014897838075397958	7.575289405957766e-05	6.100889947766996e-05	6.230451956984959e-05	5.046237296097607e-05	5.039071013867159e-05	5.607693375128074e-05	0.00013116919242746683	4.749156346297626e-05	6.626546993553068e-05	7.216440831610778e-05	0.00013459436873232194	6.026855668860442e-05	0.0002297227272786602	2.7218483954112004e-05	5.020715682100835e-05	3.9016069176398e-05	0.00018950952097503067	5.402364127248075e-05	7.641661855249943e-05	7.56451226877084e-05	5.480133592110578e-05	6.987427711884217e-05	9.94237522319095e-05	0.00024770121192349055	5.8861922049502875e-05	0.0001683085916884312	5.59840930530272e-05	0.00011866429212511736	3.218246419052019e-05	9.031564266931033e-05	0.00011245501799280288	4.3056299654405065e-05	0.00011183420522593333	3.746122403108705e-05	0.00011757882474530351	5.732634090110101e-05	0.00013088411037421655	0.00010149744342185275	7.445077608141111e-05	0.0001230828576032849	4.859808412467214e-05	0.00010742074995251692	8.181931941299719e-05	0.00014591967655658034	5.6926344929722856e-05	1.4890444089413712e-06	0.00012307554600787685	8.248969263110865e-05	1.8269961333453835e-05	6.2247933519207e-05	9.683392646650871e-05	2.0391492669258385e-05	4.373945610894129e-05	0.00027753255239699234
1163	Anabaena	genus	0.00010931521824002499	0.00015154117373690433	0.00018617973505191551	0.00030966600309666	8.709115540932843e-05	8.488363867864469e-05	0.00031978680879413726	0.0001073621128863816	9.364026531408505e-05	8.980461082530437e-05	0.0001745763167082964	8.557980316645271e-05	9.763520792932558e-05	0.00011792626660180722	9.154233578745903e-05	0.00019085641340124901	8.701148387414527e-05	0.00011033451278884272	6.41463689227861e-05	9.701937862410573e-05	0.0001538394272639091	5.431427702996999e-05	9.288052669289838e-05	0.0002605136843923957	0.00010626076967260195	0.00016635919184194387	0.00010366185502889574	0.0001423540987812299	7.7880649462312e-05	8.440978749835998e-05	3.703413636697551e-05	7.223469432368367e-05	0.00018092302403788528	0.00016011441396089138	0.00011334883015288141	0.0001245577458606792	0.0002611532527642067	0.00010503948451442485	0.00010441942149030009	7.218815309568836e-05	8.472457713545158e-05	5.9885129433541115e-05	0.00016028999130927703	9.025901041865687e-05	0.00018437025428539545	0.0001128476420423191	9.605627419879215e-05	9.020133955341444e-05	9.019886800420655e-05	0.00018879665542948973	9.868028108299012e-05	0.00013194040353464958	0.0001679522791590816	0.0001422087945308946	6.280771237182166e-05	0.0001638283750745629	0.00019263128082100492	5.123154642422881e-05	0.00010392673616955421	6.195510128218243e-05	0.00024108599359541226	0.00010912725135390313	0.00015210856070517058	0.00014245255217102141	5.923455907207161e-05	0.00010595276917396175	0.00011108133514210774	0.00018526187310651467	0.00010267522436140824	0.00022688730196297556	7.261470770563073e-05	4.467133226824114e-06	0.00012210261679042325	0.00012501543479497213	4.0681113902490534e-05	9.989789330904995e-05	9.744294487195845e-05	4.8699682492464144e-05	3.5486728541216516e-05	0.00044513778575165516
264688	Trichormus	genus	0.0	0.0	0.0	0.0	0.0	0.0	0.0	0.0	0.0	0.0	0.0	0.0	0.0	0.0	0.0	0.0	0.0	0.0	0.0	0.0	0.0	0.0	0.0	0.0	0.0	0.0	0.0	0.0	0.0	0.0	0.0	0.0	0.0	0.0	0.0	0.0	0.0	0.0	0.0	0.0	0.0	0.0	0.0	0.0	0.0	0.0	0.0	0.0	0.0	0.0	0.0	0.0	0.0	0.0	0.0	0.0	0.0	0.0	0.0	0.0	0.0	0.0	0.0	0.0	0.0	0.0	0.0	0.0	0.0	0.0	0.0	0.0	0.0	0.0	0.0	0.0	0.0	0.0	0.0	0.0
1186	Calothrix	genus	0.0	1.0102744915793621e-05	0.0	0.0	4.838397522740468e-06	0.0	3.553186764379303e-05	1.3013589440773528e-05	7.803355442840421e-06	1.2829230117900625e-05	1.3428947439099723e-05	0.0	8.416828269769447e-06	6.317478567953958e-06	6.780913762034003e-06	1.5643968311577787e-05	4.925178332498789e-06	7.662118943669633e-06	9.163766988969442e-06	0.0	1.4574261530265073e-05	7.31153729249596e-06	7.237443638407666e-06	2.699623672460059e-06	8.61573808156232e-06	9.931892050265305e-06	4.9837430302353725e-06	1.5643307558376913e-06	3.11522597849248e-06	9.174976901995648e-06	1.8213509688676479e-06	2.8513695127769866e-06	2.0353840204262094e-05	9.49831269259525e-06	1.2206797093387229e-05	7.908428308614552e-06	4.017742350218565e-06	1.5497628862783995e-05	5.220971074515004e-06	5.9170617291547835e-06	3.137947301313022e-06	7.258803567701954e-06	1.5027186685244722e-05	3.294124467834192e-06	1.2129621992460227e-06	6.2004198924351154e-06	6.773198821709703e-06	8.893089815125366e-06	6.149922818468628e-06	9.062239460615506e-06	9.521781508007818e-06	5.07463090517883e-06	1.2129886828155894e-05	1.7893821828390713e-05	1.5572160092187188e-06	2.730472917909382e-05	4.165000666400107e-06	2.7250822566079155e-06	1.3555661239507071e-05	8.248673368383592e-05	8.89251615720783e-06	2.072036418112085e-06	5.895680647487231e-06	1.3354926766033258e-05	4.890926895859124e-06	5.075581756836491e-06	2.08277503391452e-06	1.634663586233953e-05	8.021501903235019e-06	1.7795082506900043e-05	2.689433618727064e-06	6.38161889546302e-07	8.26989834835536e-06	9.73480844714947e-06	4.871989688921022e-07	5.521994102510298e-06	7.308220865396884e-06	2.39899913755981e-06	4.2914183352168805e-06	5.428509582337258e-06
373984	Rivularia	genus	0.0	0.0	0.0	0.0	0.0	0.0	0.0	0.0	0.0	0.0	0.0	0.0	0.0	0.0	0.0	0.0	0.0	0.0	0.0	0.0	0.0	0.0	0.0	0.0	0.0	0.0	0.0	0.0	0.0	0.0	0.0	0.0	0.0	0.0	0.0	0.0	0.0	0.0	0.0	0.0	0.0	0.0	0.0	0.0	0.0	0.0	0.0	0.0	0.0	0.0	0.0	0.0	0.0	0.0	0.0	0.0	0.0	0.0	0.0	0.0	0.0	0.0	0.0	0.0	0.0	0.0	0.0	0.0	0.0	0.0	0.0	0.0	0.0	0.0	0.0	0.0	0.0	0.0	0.0	0.0
1190	Fischerella	genus	0.0	0.0	0.0	0.0	0.0	0.0	0.0	0.0	0.0	0.0	0.0	0.0	0.0	0.0	0.0	0.0	0.0	0.0	0.0	0.0	0.0	0.0	0.0	0.0	0.0	0.0	0.0	0.0	0.0	0.0	0.0	0.0	0.0	0.0	0.0	0.0	0.0	0.0	0.0	0.0	0.0	0.0	0.0	0.0	0.0	0.0	0.0	0.0	0.0	0.0	0.0	0.0	0.0	0.0	0.0	0.0	0.0	0.0	0.0	0.0	0.0	0.0	0.0	0.0	0.0	0.0	0.0	0.0	0.0	0.0	0.0	0.0	0.0	0.0	0.0	0.0	0.0	0.0	0.0	0.0
33071	Gloeobacter	genus	6.24658389943e-05	6.061646949476173e-05	5.728607232366631e-05	0.00011059500110595002	2.903038513644281e-05	0.0	0.00011547856984232733	3.904076832232059e-05	2.601118480946807e-05	4.1694997883177034e-05	1.3428947439099723e-05	5.405040199986487e-05	1.0100193923723335e-05	4.0010697597041735e-05	1.5257055964576506e-05	8.447742888252006e-05	2.4625891662493948e-05	2.29863568310089e-05	1.9636643547791662e-05	4.917420560399879e-05	4.696150937529857e-05	1.3578569257492498e-05	3.3774736979235775e-05	2.1596989379680472e-05	3.015508328546812e-05	6.704027133929081e-05	1.2957731878611968e-05	0.00010950315290863839	2.9075442465929813e-05	9.174976901995648e-06	3.6427019377352958e-06	1.3306391059625938e-05	0.0004183844930876097	5.156226890265994e-05	2.4413594186774458e-05	4.843912339026413e-05	7.031049112882489e-05	4.993680411341509e-05	1.8273398760802515e-05	1.3017535804140523e-05	1.9873666241649138e-05	9.980854905590185e-06	1.6696874094716357e-05	2.4376521061973024e-05	2.66851683834125e-05	5.208352709645497e-05	2.031959646512911e-05	2.6679269445376103e-05	3.587454977440033e-05	0.0001253609792051812	2.769972802329547e-05	3.552241633625181e-05	2.9858182961614508e-05	5.6506805773865414e-05	3.1144320184374374e-05	0.000150176010485016	5.935125949620152e-05	3.106593772533024e-05	9.714890554980067e-05	2.881632617775927e-06	4.051035138283567e-05	2.9699188659606547e-05	1.4739201618718078e-05	5.9652006221615214e-05	3.2062742983965366e-05	3.9335758615482805e-05	7.012009280845551e-05	0.00010742074995251692	2.2460205329058052e-05	8.18573795317402e-05	2.8239052996634172e-05	1.1699634641682204e-06	3.745777487196252e-05	3.0229142020095718e-05	7.795183502273636e-06	2.2087976410041193e-05	3.654110432698442e-06	9.59599655023924e-07	1.4854909621904588e-06	8.278477113064319e-05
102115	Stanieria	genus	0.0	0.0	0.0	0.0	0.0	0.0	0.0	0.0	0.0	0.0	0.0	0.0	0.0	0.0	0.0	0.0	0.0	0.0	0.0	0.0	0.0	0.0	0.0	0.0	0.0	0.0	0.0	0.0	0.0	0.0	0.0	0.0	0.0	0.0	0.0	0.0	0.0	0.0	0.0	0.0	0.0	0.0	0.0	0.0	0.0	0.0	0.0	0.0	0.0	0.0	0.0	0.0	0.0	0.0	0.0	0.0	0.0	0.0	0.0	0.0	0.0	0.0	0.0	0.0	0.0	0.0	0.0	0.0	0.0	0.0	0.0	0.0	0.0	0.0	0.0	0.0	0.0	0.0	0.0	0.0
44474	Pleurocapsa	genus	0.0	0.0	0.0	0.0	0.0	0.0	0.0	0.0	0.0	0.0	0.0	0.0	0.0	0.0	0.0	0.0	0.0	0.0	0.0	0.0	0.0	0.0	0.0	0.0	0.0	0.0	0.0	0.0	0.0	0.0	0.0	0.0	0.0	0.0	0.0	0.0	0.0	0.0	0.0	0.0	0.0	0.0	0.0	0.0	0.0	0.0	0.0	0.0	0.0	0.0	0.0	0.0	0.0	0.0	0.0	0.0	0.0	0.0	0.0	0.0	0.0	0.0	0.0	0.0	0.0	0.0	0.0	0.0	0.0	0.0	0.0	0.0	0.0	0.0	0.0	0.0	0.0	0.0	0.0	0.0
54298	Chroococcidiopsis	genus	0.0	0.0	0.0	0.0	0.0	0.0	0.0	0.0	0.0	0.0	0.0	0.0	0.0	0.0	0.0	0.0	0.0	0.0	0.0	0.0	0.0	0.0	0.0	0.0	0.0	0.0	0.0	0.0	0.0	0.0	0.0	0.0	0.0	0.0	0.0	0.0	0.0	0.0	0.0	0.0	0.0	0.0	0.0	0.0	0.0	0.0	0.0	0.0	0.0	0.0	0.0	0.0	0.0	0.0	0.0	0.0	0.0	0.0	0.0	0.0	0.0	0.0	0.0	0.0	0.0	0.0	0.0	0.0	0.0	0.0	0.0	0.0	0.0	0.0	0.0	0.0	0.0	0.0	0.0	0.0
2093	Mycoplasma	genus	0.00065589130944015	0.0004142125415475385	0.0008306480486931615	0.000917938509179385	0.00044513257209212307	4.715757704369149e-05	0.0011903175660670665	0.0005660911406736484	0.00037195994277539345	0.00047788882189179826	0.0006714473719549862	0.0005945544219985136	0.0001414027149321267	0.0002548049689074763	0.0004017691404005147	0.0006883346057094227	0.0004219236104840629	0.0005041674264934619	0.00025789458526099716	0.00038409041674474734	0.00027529160668278473	0.00017234337903740477	0.000447515264974874	0.0004076431745414689	0.0004408385985066054	0.0005785327119279541	0.00020433346423965026	0.00038013237366855897	0.00035928939618613267	0.00036608157838962643	4.9176476159426495e-05	0.0003003442553458426	0.0007259536339520147	0.0003256564351746943	0.0005981330575759742	0.00038257021942922896	0.0013318815890974544	0.0004167140205326363	0.00024669088327083395	0.0003869758370867228	0.00035563402748214245	0.0003248314596546624	0.00017448233428978593	0.00019632981828291785	0.0008357309552805097	0.0004017872090297955	0.00025183984709811535	0.000555182892744255	0.00030544616665060853	0.0009802322349899107	0.00023458207169728352	0.0008466175893473349	0.00041894762968015353	0.0006818487896713093	0.00028652774569624424	0.0004652305779360985	0.0007476176196188192	0.0001744052644229066	0.00037391032252307	9.365306007771763e-05	0.0013012715310047457	0.0003487927970488676	0.0004020854201586292	0.0009642257125076012	0.00043148843947912713	0.0004358655833683337	0.0002999196048836909	0.00039076243823306877	0.0003855668581488299	0.000822132811818782	0.0004576519541200554	1.3295039365547958e-05	0.0002587991718426501	0.0003033161368796045	7.916983244496661e-05	0.00046485150353859424	0.00012515328231992164	5.733607938767946e-05	7.014818432566055e-05	0.0013435561216284715
2129	Ureaplasma	genus	0.00010931521824002499	9.092470424214259e-05	0.00015753669889008234	0.00015483300154833	8.709115540932843e-05	3.3010303930584046e-05	0.00025760604041749944	0.00013013589440773527	7.02301989855638e-05	7.376807317792859e-05	0.00022157763274514543	7.657140283314191e-05	6.22845291962939e-05	6.10689594902216e-05	6.441868073932303e-05	0.00016582606410272456	9.3578388317477e-05	0.0001088020890001088	6.152814978308055e-05	9.569034604021387e-05	7.772939482808039e-05	4.491372908247519e-05	7.961188002248432e-05	0.00016197742034760354	9.190120620333141e-05	7.200621736442347e-05	6.877565381724814e-05	8.134519930355994e-05	7.268860616482453e-05	8.165729442776127e-05	1.639215871980883e-05	6.177967277683471e-05	0.00013569226802841397	5.0205367089432044e-05	9.416672043470148e-05	8.89698184719137e-05	0.000184816148110054	9.815164946429863e-05	8.353553719224006e-05	7.810521482484313e-05	6.589689332757346e-05	9.527179682608813e-05	5.7604215626771436e-05	4.7435392336812366e-05	0.00015040731270650682	8.928604645106566e-05	5.172260918396501e-05	9.52831051620575e-05	6.0474241048274844e-05	0.0001767136694820024	7.87711015662465e-05	0.0001200995980892323	8.864148066729307e-05	0.0001817635585726004	4.567833627041575e-05	6.826182294773455e-05	0.00012390876982540318	3.379101998193816e-05	3.727806840864444e-05	3.241836694997918e-05	0.0002450382229986157	6.975855940977351e-05	0.00011024922810801123	0.00024662098094608084	8.260232090784298e-05	9.707050109949789e-05	4.720956743539579e-05	7.62843006909178e-05	7.914548544525218e-05	0.00016816352969020542	8.830307048153861e-05	2.9780888178827425e-06	7.442908513519825e-05	7.736610923787209e-05	2.168035411569855e-05	7.88139158267379e-05	4.415383439510617e-05	2.135109232428231e-05	1.551512782732257e-05	0.000254461386672059
2132	Spiroplasma	genus	0.0010150698836573749	0.000666781164442379	0.0010884353741496598	0.001161247511612475	0.0007257596284110702	0.00014147273113107448	0.0017588274483677547	0.000989032797498788	0.0005306281701131486	0.0006767418887192579	0.0012220342169580749	0.0007476972276647975	0.0003131060116354234	0.0004695992402179109	0.0007306434578591638	0.0012327447029523296	0.0010392126281572446	0.0009792188010009793	0.00036000513170951384	0.000623316281845282	0.000527912139874046	0.0003143961035773263	0.0008093874468952573	0.0007950391715394874	0.0010295807007466972	0.0007299940656945	0.0004884068169630665	0.0004677348959954697	0.0006593894987809082	0.0005596735910217346	0.00014085114159243143	0.0005664720765383614	0.0011217227490348887	0.00037857560589058214	0.0011160500199668324	0.0005456815532944041	0.0017256203394188738	0.0007215007215007215	0.0005051289514593267	0.0005088673087073113	0.0006171296359248942	0.0006469408679714366	0.0004842093487467744	0.0003893655120980015	0.0010807493195282062	0.0006758457682754277	0.0005203048185767908	0.0008308686770131414	0.0005391432337524164	0.0016236512366936118	0.0005972753855023085	0.001925822428515366	0.0006792736623767301	0.0008231158041059729	0.0005855132194662382	0.0005439942197988691	0.0010724876715980274	0.00027305324211211317	0.0006066158404679415	0.00023953571135262394	0.0020620756911214153	0.0005311320018427311	0.0007959168874107763	0.0010888716956572449	0.0009857934876764945	0.0007353249070216867	0.0003408808472173431	0.00047249561754476643	0.0007561602460782877	0.001244766021357658	0.0009354746603805639	1.4571363144640562e-05	0.0005443538971652734	0.0004872527806967971	0.00014323649685427805	0.0009086190295948764	0.0003867266874605851	0.0001060357618801436	0.0001295678228132789	0.0021164401734137385
46239	Mesoplasma	genus	0.0	0.0	0.0	0.0	0.0	0.0	0.0	0.0	0.0	0.0	0.0	0.0	0.0	0.0	0.0	0.0	0.0	0.0	0.0	0.0	0.0	0.0	0.0	0.0	0.0	0.0	0.0	0.0	0.0	0.0	0.0	0.0	0.0	0.0	0.0	0.0	0.0	0.0	0.0	0.0	0.0	0.0	0.0	0.0	0.0	0.0	0.0	0.0	0.0	0.0	0.0	0.0	0.0	0.0	0.0	0.0	0.0	0.0	0.0	0.0	0.0	0.0	0.0	0.0	0.0	0.0	0.0	0.0	0.0	0.0	0.0	0.0	0.0	0.0	0.0	0.0	0.0	0.0	0.0	0.0
2147	Acholeplasma	genus	6.24658389943e-05	0.00017174666356849157	0.00021482277121374866	0.00039814200398142005	6.289916779562609e-05	9.431515408738299e-06	0.00039973351099267156	0.00017243006009024924	8.843802835219144e-05	0.00011867037859058077	0.0001745763167082964	7.20672026664865e-05	2.5250484809308337e-05	9.476217851930937e-05	9.832324954949304e-05	0.00014705330212883122	0.0003234200438340872	0.00012412632688744808	4.9746163654405546e-05	0.0001076516392952406	5.991640851331197e-05	3.1335159824982686e-05	0.00012303654185293031	4.0494355086900884e-05	0.00015795519816197588	0.00020360378703043877	5.4821173332589095e-05	0.000106374491396963	9.864882265226186e-05	4.95448752707765e-05	1.882062667829903e-05	6.748241180238869e-05	0.00016735379723504387	7.73434033539899e-05	0.00010288586121569236	7.018730123895415e-05	0.000277224222165081	8.609793812657775e-05	0.00010572466425892883	0.00012425829631225045	8.995448930430663e-05	0.0001025306003937901	2.5045311142074536e-05	5.6658940846748104e-05	0.00010067586253741989	9.796663430047483e-05	3.6328975498261137e-05	0.00012450325741175514	6.252421532109772e-05	0.00014650620461328402	6.31900045531428e-05	0.000468557586911512	0.00010450364036565078	0.00011395539164396192	6.54030723871862e-05	9.136582456081393e-05	0.0001832600293216047	3.4881052884581324e-05	8.698215962017037e-05	1.7289795706655564e-05	0.0003438439580787027	7.597466866410977e-05	4.9523717438892745e-05	0.00014690419442636582	9.021042941251273e-05	0.0001332340211169579	5.554066757105387e-05	0.00010508551625789699	6.042864767103714e-05	0.0002019741864533155	9.59231324012653e-05	3.7226110223534284e-06	4.961939009013216e-05	7.480431754125381e-05	1.4615969066763066e-05	0.00015009783969550721	1.2484877311719677e-05	8.636396895215317e-06	9.243054875851743e-06	0.015119077750507057
1298	Deinococcus	genus	0.0011868509408916998	0.0008183223381792833	0.0015467239527389904	0.001736341517363415	0.0007160828333655894	3.3010303930584046e-05	0.0026560071063735286	0.0011647162549492307	0.001095070880478606	0.0011033137901394537	0.0007318776354309349	0.0018827556696619598	0.00040064102564102563	0.001059230573226947	0.0006831770615249258	0.0018772761973893345	0.000655048718222339	0.0006405531436907814	0.0005930266351433083	0.0010592389693618118	0.0019254218843872415	0.0008930520550120066	0.0009649924851210221	0.0006965029074946953	0.0008342906375646181	0.0019044403006383724	0.0006359256106580335	0.002083688566775805	0.0011235581695762877	0.0007229881798772571	0.00022766887110845597	0.0004961382952231957	0.004882660111222429	0.0014274607075157434	0.0010585036908122925	0.0012604057616854441	0.001968693751607097	0.0011175512368829792	0.0008457973140714307	0.0006863791605819548	0.0007656591415203773	0.0007322318098919345	0.0007388366786911988	0.0005046598684721982	0.0011098604123101108	0.0011148354966598337	0.0004981379860693773	0.0008461139738390707	0.0011705353097818622	0.0027670037819746015	0.000888122529746911	0.0007273637630756323	0.00109075674631648	0.001282704491066745	0.000947306405608054	0.0025760961798583517	0.0014171414767426363	0.0008791115359817136	0.004116402463063647	0.00013543673303546857	0.0013022595883555464	0.0006506194352871946	0.0005023119911659121	0.0017281275235247035	0.0007983079566685615	0.0012930044525540961	0.0017988233709575073	0.0027952747324600596	0.0010262174768205334	0.001961018092260385	0.0009421982444273814	5.360559872188937e-05	0.0011169227416367004	0.0008069643844347586	0.00022849631641039595	0.0008825150574739186	0.0001592583130251071	0.00011707115791291873	9.094505779632697e-05	0.0011270943020327733
332248	Truepera	genus	0.0	0.0	0.0	0.0	0.0	0.0	0.0	0.0	0.0	0.0	0.0	0.0	0.0	0.0	0.0	0.0	0.0	0.0	0.0	0.0	0.0	0.0	0.0	0.0	0.0	0.0	0.0	0.0	0.0	0.0	0.0	0.0	0.0	0.0	0.0	0.0	0.0	0.0	0.0	0.0	0.0	0.0	0.0	0.0	0.0	0.0	0.0	0.0	0.0	0.0	0.0	0.0	0.0	0.0	0.0	0.0	0.0	0.0	0.0	0.0	0.0	0.0	0.0	0.0	0.0	0.0	0.0	0.0	0.0	0.0	0.0	0.0	0.0	0.0	0.0	0.0	0.0	0.0	0.0	0.0
270	Thermus	genus	0.0010619192629030998	0.0006061646949476173	0.0009881847475832438	0.0014045565140455652	0.0004161021869556803	3.3010303930584046e-05	0.0023006884299355984	0.0007938289558871852	0.0005514371179607231	0.000657498043542407	0.000631160529637687	0.0016350246604959124	0.0002710218702865762	0.0006275362044167598	0.00041363573948407416	0.0016394878790533523	0.00046625021547655205	0.00045972713662017806	0.0004071330762242138	0.0006738195200331726	0.0017602469203775706	0.00046376036540974377	0.0005198897013589507	0.0004305899757573794	0.00046668581275129237	0.0017033194866205	0.0003149725595108755	0.0017676937540965912	0.0007248092443292503	0.0004761813012135742	9.471025038111769e-05	0.00029369105981602963	0.002964876056420845	0.0013664001259204883	0.0007568214197900082	0.0010963058742816923	0.0016312033941887375	0.0008678672163159037	0.0005547281766672193	0.0004615308148740731	0.0005219452344517327	0.00041647385469689957	0.0004015598219779284	0.0002556240587039333	0.0006452958899988841	0.0008965807164461177	0.0002549185738352561	0.0006707930603408849	0.000521718452433422	0.00202390014620413	0.00043367386686471974	0.0004888561105322273	0.000780045029872179	0.001211129203753182	0.00045470707469186586	0.0038121602661580984	0.0010651989204318272	0.0004229327662255485	0.004319737381656253	6.231530535940442e-05	0.0009999140390104804	0.0003867801313809225	0.00043745950404355257	0.001072845783538005	0.0006608185672627438	0.0006953547006865994	0.001369077455626478	0.0019569258360915037	0.0005320929595812562	0.0017999725955729394	0.0004930628300999618	2.265474707889372e-05	0.0007428314575258021	0.0012931924484529084	0.0001734428329255884	0.0005757933850526648	6.973260742399526e-05	0.00011179335981028715	4.32442924548778e-05	0.001310985064134448
65551	Meiothermus	genus	1.5616459748575e-05	1.0102744915793621e-05	0.0	0.0	4.838397522740468e-06	0.0	6.218076837663779e-05	9.760192080580147e-06	1.0404473923787229e-05	1.603653764737578e-05	3.357236859774931e-05	4.504200166655406e-06	1.1783559577677225e-05	2.9481566650451806e-05	1.6952284405085006e-05	1.5643968311577787e-05	4.925178332498789e-06	3.0648475774678535e-06	1.4400205268380553e-05	1.860645617448603e-05	2.7529160668278473e-05	5.326977170247057e-05	9.649924851210222e-06	1.3498118362300296e-05	1.292360712234348e-05	3.2278649163362244e-05	1.2957731878611968e-05	5.162291494264381e-05	1.0384086594974932e-05	4.587488450997824e-06	2.428467958490197e-06	5.702739025553973e-06	7.010767181468054e-05	2.713803626455786e-05	2.266976603057628e-05	2.0759624310113198e-05	4.8212908202622786e-05	1.3775670100252438e-05	1.8273398760802515e-05	5.9170617291547835e-06	5.229912168855036e-06	9.073504459627441e-06	4.174218523679089e-06	3.294124467834192e-06	1.334258419170625e-05	2.2321511612766416e-05	4.925962779425239e-06	1.1433972619446901e-05	7.174909954880066e-06	3.3228211355590196e-05	1.2118631010191769e-05	6.76617454023844e-06	1.7728296133458613e-05	3.0136963079394887e-05	1.6091232095260094e-05	4.515782133465516e-05	3.2278755164600826e-05	3.815115159251082e-06	5.6481921831279465e-05	1.0806122316659728e-06	6.521178515285741e-05	5.5254304482988925e-06	1.0612225165477017e-05	3.29421526895487e-05	2.336776183577137e-05	1.0785611233277545e-05	5.137511750322483e-05	3.425009418775902e-05	9.09103549033302e-06	5.783401814742514e-05	1.1654212347817279e-05	4.2544125969753464e-07	1.8485655131617863e-05	2.613027530550647e-05	3.6539922666907666e-06	1.0541988741156025e-05	1.5225460136243507e-06	1.199499568779905e-06	8.252727567724771e-07	8.821328071298044e-06
208447	Oceanithermus	genus	0.0	0.0	0.0	0.0	0.0	0.0	0.0	0.0	0.0	0.0	0.0	0.0	0.0	0.0	0.0	0.0	0.0	0.0	0.0	0.0	0.0	0.0	0.0	0.0	0.0	0.0	0.0	0.0	0.0	0.0	0.0	0.0	0.0	0.0	0.0	0.0	0.0	0.0	0.0	0.0	0.0	0.0	0.0	0.0	0.0	0.0	0.0	0.0	0.0	0.0	0.0	0.0	0.0	0.0	0.0	0.0	0.0	0.0	0.0	0.0	0.0	0.0	0.0	0.0	0.0	0.0	0.0	0.0	0.0	0.0	0.0	0.0	0.0	0.0	0.0	0.0	0.0	0.0	0.0	0.0
186191	Marinithermus	genus	0.0	0.0	0.0	0.0	0.0	0.0	0.0	0.0	0.0	0.0	0.0	0.0	0.0	0.0	0.0	0.0	0.0	0.0	0.0	0.0	0.0	0.0	0.0	0.0	0.0	0.0	0.0	0.0	0.0	0.0	0.0	0.0	0.0	0.0	0.0	0.0	0.0	0.0	0.0	0.0	0.0	0.0	0.0	0.0	0.0	0.0	0.0	0.0	0.0	0.0	0.0	0.0	0.0	0.0	0.0	0.0	0.0	0.0	0.0	0.0	0.0	0.0	0.0	0.0	0.0	0.0	0.0	0.0	0.0	0.0	0.0	0.0	0.0	0.0	0.0	0.0	0.0	0.0	0.0	0.0
233189	Anaerolinea	genus	0.0	0.0	0.0	0.0	0.0	0.0	0.0	0.0	0.0	0.0	0.0	0.0	0.0	0.0	0.0	0.0	0.0	0.0	0.0	0.0	0.0	0.0	0.0	0.0	0.0	0.0	0.0	0.0	0.0	0.0	0.0	0.0	0.0	0.0	0.0	0.0	0.0	0.0	0.0	0.0	0.0	0.0	0.0	0.0	0.0	0.0	0.0	0.0	0.0	0.0	0.0	0.0	0.0	0.0	0.0	0.0	0.0	0.0	0.0	0.0	0.0	0.0	0.0	0.0	0.0	0.0	0.0	0.0	0.0	0.0	0.0	0.0	0.0	0.0	0.0	0.0	0.0	0.0	0.0	0.0
120961	Roseiflexus	genus	0.00010931521824002499	1.0102744915793621e-05	1.4321518080916577e-05	0.00018801150188011502	3.386878265918328e-05	4.715757704369149e-06	0.00017765933821896514	2.6027178881547057e-05	4.1617895695148915e-05	5.773153553055281e-05	2.0143421158649584e-05	8.107560299979732e-05	1.1783559577677225e-05	3.158739283976979e-05	2.712365504813601e-05	9.699260353178229e-05	6.566904443331719e-06	3.371332335214639e-05	3.927328709558332e-06	2.1264521342269748e-05	9.554238114284881e-05	1.775659056749019e-05	2.7743533947229386e-05	2.4296613052140532e-05	3.446295232624928e-05	0.00012166567761574999	1.096423466651782e-05	7.978086854772225e-05	5.8150884931859626e-05	2.477243763538825e-05	2.428467958490197e-06	9.504565042589956e-06	0.0003482768212729292	8.141410879367358e-05	2.9645078655368987e-05	4.745056985168731e-05	0.00013057662638210336	2.5829381437973322e-05	1.5662913223545013e-05	2.2484834570788176e-05	1.0459824337710073e-05	1.6332308027329394e-05	2.0036248913659628e-05	5.270599148534707e-06	2.0620357387182384e-05	4.216285526855879e-05	1.3546397643419406e-05	2.413838664105457e-05	2.049974272822876e-05	0.00011478836650112976	2.3371645519655555e-05	3.1293557248602785e-05	3.359045583181632e-05	5.462324558140323e-05	2.232009613213497e-05	0.00016592873885757013	5.310375849660136e-05	2.2345674504184907e-05	0.00022705732576174345	2.521428540553936e-06	6.817595720526002e-05	1.1050860896597785e-05	1.1791361294974462e-05	0.00010149744342185275	3.8040542523348743e-05	5.836919020361965e-05	7.497990122092272e-05	0.00012143215212023652	3.422507478713608e-05	7.651885477967018e-05	3.0032008742452217e-05	1.4890444089413712e-06	3.79442394806893e-05	3.791451710995056e-05	3.6539922666907666e-06	1.2549986596614314e-05	4.263128838148182e-06	3.118698878827753e-06	2.475818270317431e-06	3.732100337856865e-05
1107	Chloroflexus	genus	0.0009213711251659249	0.0007476031237687279	0.0010311493018259935	0.0011170095111700952	0.00040642539191019936	0.00011789394260922874	0.002096380190983789	0.0006506794720386764	0.000647678501755755	0.00061580304565923	0.0007923078989068837	0.001553949057496115	0.00041410795087265675	0.000604372116334262	0.0005119589890335673	0.0011357520994205474	0.00048266747658488136	0.00045972713662017806	0.0005288802662205221	0.0005289549683889599	0.0010185789447263035	0.0005535878235746941	0.0005982953407750337	0.0004926813202239608	0.0005226881102814475	0.0012414865062831632	0.00039271895078254733	0.0010715665677488186	0.0007819217206016124	0.0004495738681977868	0.0001578504173018628	0.00036022301511415934	0.0015966456871343375	0.0009498312692595251	0.0005929015731073798	0.0008264307582502207	0.001279650938544613	0.0007679936080890735	0.0004751083677808654	0.0005100507210531423	0.0004759220073658083	0.00037836513596646435	0.0004483110694431342	0.0003551066176325259	0.0007617402611265023	0.0007304094633288566	0.00032942376087406283	0.0006555477635149556	0.0005688678607083482	0.0020118171602566425	0.0004475237308763675	0.0005531347686644925	0.0007688482112615736	0.0008843315103609937	0.0006467637158288411	0.0016036277483260101	0.001097477675596428	0.000501960151667178	0.003489453130736445	0.00015488775320545608	0.0009366783685592246	0.0004496319027303224	0.0005742392950652563	0.0009152576476988126	0.0006070183714082935	0.0007086781027982951	0.0011156731598335446	0.0015007768544090768	0.0007331652739556807	0.0011344365098148778	0.0006378440065747688	6.073173982182307e-05	0.0007710464048319557	0.0005343897479145735	0.00013008212469419128	0.0006802092735364958	0.00019458138054119202	0.00011299285937906706	0.00014458778698653798	0.0011623796143179655
61434	Dehalococcoides	genus	0.00029671273522292494	0.00013133568390531706	0.00022914428929466524	0.00061933200619332	8.709115540932843e-05	4.244181933932234e-05	0.0004352653786364646	0.0002147242257727632	0.0001508648718949148	0.00019564575929798453	0.00021486315902559557	0.0006260838231651014	7.406808877397112e-05	0.00015372531182021297	0.00015596101652678207	0.00044428870004880916	0.00013297981497746732	0.0001379181409860534	0.00024218527042276384	0.0001634710078186987	0.0003789307997868919	4.595823440997461e-05	0.00018576105338579676	0.00014308005464038314	0.00017375071797817346	0.0003823778439352143	7.973988848376596e-05	0.000359796073842669	0.0001661453855195989	0.00015505710964372647	2.4284679584901973e-05	0.00011975751953663344	0.0009340151115955828	0.00036093588231861953	0.0002511112544925373	0.00030447448988166025	0.0005022177937773207	0.00019630329892859726	0.00013182951963150387	0.0001715947901454887	0.0001297018217876049	0.00011160410485341753	0.00013440983646246667	9.355313488649106e-05	0.00027049057043186306	0.00019469318462246262	0.00010159798232564555	0.00024646563201918874	0.0001773227745991788	0.0009515351433646283	0.00010993329559245391	0.00023089570618563677	0.00022860171329986106	0.00042662638359268387	0.00012198192072213297	0.0006521629546237408	0.0003967163134746102	9.592289543259863e-05	0.0013250658861618163	2.917653025498126e-05	0.0003883065388647419	0.00014780526449199537	0.00013619022295695504	0.0002154594851586699	0.00016955213238978295	0.00020873329974990072	0.00025479281248220965	0.00035495552158222983	0.00014973470219372035	0.0004600028828033661	0.0001461258932841705	2.754732156541537e-05	0.00016734382540201434	0.0001721524020127485	8.550341904056394e-05	0.00023543774855248455	5.2375582868677666e-05	3.214658844330146e-05	2.954476469245468e-05	0.0004634590055920434
670486	Dehalogenimonas	genus	0.0	0.0	0.0	0.0	0.0	0.0	0.0	0.0	0.0	0.0	0.0	0.0	0.0	0.0	0.0	0.0	0.0	0.0	0.0	0.0	0.0	0.0	0.0	0.0	0.0	0.0	0.0	0.0	0.0	0.0	0.0	0.0	0.0	0.0	0.0	0.0	0.0	0.0	0.0	0.0	0.0	0.0	0.0	0.0	0.0	0.0	0.0	0.0	0.0	0.0	0.0	0.0	0.0	0.0	0.0	0.0	0.0	0.0	0.0	0.0	0.0	0.0	0.0	0.0	0.0	0.0	0.0	0.0	0.0	0.0	0.0	0.0	0.0	0.0	0.0	0.0	0.0	0.0	0.0	0.0
2056	Sphaerobacter	genus	0.0	0.0	0.0	0.0	0.0	0.0	0.0	0.0	0.0	0.0	0.0	0.0	0.0	0.0	0.0	0.0	0.0	0.0	0.0	0.0	0.0	0.0	0.0	0.0	0.0	0.0	0.0	0.0	0.0	0.0	0.0	0.0	0.0	0.0	0.0	0.0	0.0	0.0	0.0	0.0	0.0	0.0	0.0	0.0	0.0	0.0	0.0	0.0	0.0	0.0	0.0	0.0	0.0	0.0	0.0	0.0	0.0	0.0	0.0	0.0	0.0	0.0	0.0	0.0	0.0	0.0	0.0	0.0	0.0	0.0	0.0	0.0	0.0	0.0	0.0	0.0	0.0	0.0	0.0	0.0
499	Thermomicrobium	genus	0.0	0.0	0.0	0.0	0.0	0.0	0.0	0.0	0.0	0.0	0.0	0.0	0.0	0.0	0.0	0.0	0.0	0.0	0.0	0.0	0.0	0.0	0.0	0.0	0.0	0.0	0.0	0.0	0.0	0.0	0.0	0.0	0.0	0.0	0.0	0.0	0.0	0.0	0.0	0.0	0.0	0.0	0.0	0.0	0.0	0.0	0.0	0.0	0.0	0.0	0.0	0.0	0.0	0.0	0.0	0.0	0.0	0.0	0.0	0.0	0.0	0.0	0.0	0.0	0.0	0.0	0.0	0.0	0.0	0.0	0.0	0.0	0.0	0.0	0.0	0.0	0.0	0.0	0.0	0.0
233191	Caldilinea	genus	0.0	0.0	0.0	0.0	0.0	0.0	0.0	0.0	0.0	0.0	0.0	0.0	0.0	0.0	0.0	0.0	0.0	0.0	0.0	0.0	0.0	0.0	0.0	0.0	0.0	0.0	0.0	0.0	0.0	0.0	0.0	0.0	0.0	0.0	0.0	0.0	0.0	0.0	0.0	0.0	0.0	0.0	0.0	0.0	0.0	0.0	0.0	0.0	0.0	0.0	0.0	0.0	0.0	0.0	0.0	0.0	0.0	0.0	0.0	0.0	0.0	0.0	0.0	0.0	0.0	0.0	0.0	0.0	0.0	0.0	0.0	0.0	0.0	0.0	0.0	0.0	0.0	0.0	0.0	0.0
1005038	Fimbriimonas	genus	0.0	0.0	0.0	0.0	0.0	0.0	0.0	0.0	0.0	0.0	0.0	0.0	0.0	0.0	0.0	0.0	0.0	0.0	0.0	0.0	0.0	0.0	0.0	0.0	0.0	0.0	0.0	0.0	0.0	0.0	0.0	0.0	0.0	0.0	0.0	0.0	0.0	0.0	0.0	0.0	0.0	0.0	0.0	0.0	0.0	0.0	0.0	0.0	0.0	0.0	0.0	0.0	0.0	0.0	0.0	0.0	0.0	0.0	0.0	0.0	0.0	0.0	0.0	0.0	0.0	0.0	0.0	0.0	0.0	0.0	0.0	0.0	0.0	0.0	0.0	0.0	0.0	0.0	0.0	0.0
262406	Thermobaculum	genus	0.0	0.0	0.0	0.0	0.0	0.0	0.0	0.0	0.0	0.0	0.0	0.0	0.0	0.0	0.0	0.0	0.0	0.0	0.0	0.0	0.0	0.0	0.0	0.0	0.0	0.0	0.0	0.0	0.0	0.0	0.0	0.0	0.0	0.0	0.0	0.0	0.0	0.0	0.0	0.0	0.0	0.0	0.0	0.0	0.0	0.0	0.0	0.0	0.0	0.0	0.0	0.0	0.0	0.0	0.0	0.0	0.0	0.0	0.0	0.0	0.0	0.0	0.0	0.0	0.0	0.0	0.0	0.0	0.0	0.0	0.0	0.0	0.0	0.0	0.0	0.0	0.0	0.0	0.0	0.0
237	Flavobacterium	genus	0.012352619661122824	0.011335279795520443	0.004683136412459721	0.005828356558283566	0.0026224114573253337	0.0010280351795524745	0.009078392182989118	0.010527993857585785	0.012511379893354142	0.004657010532797927	0.005082856605699245	0.002801612503659663	0.013913017129928894	0.0031945383291953847	0.013968682349790046	0.005390911480169706	0.009807671786115923	0.006748794365584214	0.0025462181133636525	0.016943836412037314	0.0024031337901014855	0.032573943143397004	0.008817618832793339	0.012719276932795568	0.023838311315336015	0.00968607772202124	0.026972017279633834	0.0012655435814726923	0.009307256815076033	0.002187314493435763	0.0305209853023048	0.005504093616163844	0.0017345994929632252	0.002244315599078935	0.005118135638441645	0.0022034858374877296	0.005859877217793777	0.0032820534013851435	0.005470272443323096	0.0031798289732477805	0.011529864367457813	0.00501583326528205	0.05040285382972027	0.01903213352535883	0.003689831010106401	0.003220498092130799	0.006528747918780726	0.002692065331178665	0.00662859181117277	0.0026945058662896774	0.023616614989361573	0.011746079001853931	0.002853322609269286	0.0020389539083403106	0.004460385722405483	0.0007645324170146269	0.00546864587498334	0.008633060588933877	0.0015555121272334365	0.04413976782685999	0.0025452357356630408	0.008625196929794571	0.019126177588513326	0.005583249716652971	0.0018878977818016218	0.013657756059927393	0.0015238970664807905	0.005592106287383199	0.012149366782639759	0.0022795500691338956	0.00914631549835429	6.232714454568883e-05	0.033843829293731226	0.002566915280011518	0.0002738058205173615	0.0076876197896220645	0.12935672735433573	0.01748726431332848	0.028938684379880973	0.0033941756163563706
59732	Chryseobacterium	genus	0.0039978136956352	0.003596577190022529	0.0018904403866809882	0.0024109710241097104	0.005322237275014515	0.0018627242932258141	0.0020164334887852542	0.007674764372696188	0.003508908830797243	0.0026524433268759542	0.005230575027529342	0.0018827556696619598	0.015545881814264167	0.009861584044576129	0.006967388890489938	0.005312691638611817	0.004573848944780542	0.008250569678543462	0.009099620620046657	0.0048549560289569615	0.0016857562503339934	0.01149478112913115	0.008587226876970696	0.034081399052972014	0.0056533601378518095	0.002008725167166158	0.009685406204959422	0.0017098135161305965	0.0035015139998255474	0.004704928155343369	0.006107596915602846	0.005002252581915094	0.0009159228091917942	0.007050461821532132	0.003424878498773217	0.00828210154619659	0.0028043841604525584	0.004950631442278221	0.0025608863120496097	0.0037904697436965543	0.005616925669350309	0.002642204498643511	0.007961904412065495	0.007869004528762318	0.003213136865802714	0.00368676966804192	0.0047313872496379415	0.004080657783740383	0.00265881663185127	0.0046685636954604225	0.00802253372874695	0.01223070625329851	0.010879575416638285	0.006699823604587976	0.0020072514358829285	0.00047993312441714904	0.002379256630681061	0.00205525703793369	0.0009398591792724902	0.004217629540192292	0.0006333447618633575	0.0015671502108987735	0.024682856598770044	0.005018781478675298	0.0018525744208870837	0.004693644229634545	0.0013003458795072986	0.0041177954148464814	0.002624100655944949	0.005666844024322318	0.003746829269823255	0.00013337583491517712	0.006561921107115615	0.012422127936902045	0.0001529804762321201	0.0026726451456149844	0.011811607464494988	0.0031287746752055043	0.007468553394239563	0.0014874116255604087
308865	Elizabethkingia	genus	0.001233700320137425	0.0015356172272006305	0.0007017543859649122	0.0009621765096217651	0.0023611379910973484	0.0005753224399330363	0.000932711525649567	0.003321718704757443	0.0011705033164260631	0.0009269118760183202	0.002148631590255956	0.0007431930274981421	0.006482641133376428	0.004279038816694148	0.0029971638828190294	0.002008685531206588	0.0019470871674478548	0.003811137962581276	0.0038448548066576074	0.0016985036422137961	0.0006914677414914651	0.005348911782124544	0.0029613206887151365	0.015362208508133966	0.0019974152785755313	0.0008392448782474183	0.003709898311707211	0.0005209221416939512	0.0012471288000564895	0.002346959091530487	0.001607038671530888	0.001975048615850193	0.0004477844844937661	0.0031941468683384603	0.0015258496366734036	0.0036892818059686885	0.0010144799434301877	0.002061184638750271	0.0007779246901027356	0.001771568281708942	0.002157861760869588	0.00102167660215405	0.0021697587886083908	0.0021622633006863636	0.00128695289340003	0.0015625058128936492	0.0010369151650690127	0.0016782530922543728	0.0010280620978206723	0.0028757506555019876	0.002447097847558009	0.005796074265531754	0.004519782445814396	0.003414894628933933	0.0007121667882160274	0.0001974341956026784	0.0007590713714514195	0.0006044232445156357	0.0005185040424111455	0.0011213152923920577	0.0002815963449782479	0.0005863863063257199	0.011467688427427413	0.0021634981360973875	0.0007521158693187808	0.001832919461937578	0.0004957004580716558	0.0018650733107697865	0.0008935953120203811	0.002362297202790981	0.0011569046949890921	5.839181289348663e-05	0.002601126262862124	0.005413065854954428	9.086260769837706e-05	0.0011234748001289134	0.0036334038069131508	0.0013427198172922257	0.0019448377786100196	0.0007620270326205926
34084	Riemerella	genus	0.0	0.0	0.0	0.0	0.0	0.0	0.0	0.0	0.0	0.0	0.0	0.0	0.0	0.0	0.0	0.0	0.0	0.0	0.0	0.0	0.0	0.0	0.0	0.0	0.0	0.0	0.0	0.0	0.0	0.0	0.0	0.0	0.0	0.0	0.0	0.0	0.0	0.0	0.0	0.0	0.0	0.0	0.0	0.0	0.0	0.0	0.0	0.0	0.0	0.0	0.0	0.0	0.0	0.0	0.0	0.0	0.0	0.0	0.0	0.0	0.0	0.0	0.0	0.0	0.0	0.0	0.0	0.0	0.0	0.0	0.0	0.0	0.0	0.0	0.0	0.0	0.0	0.0	0.0	0.0
104264	Cellulophaga	genus	0.00028109627547435	0.0004748290110423002	0.00037235947010383103	0.000364963503649635	0.0002467582736597639	0.00010846242720049044	0.0006040417499444814	0.0004652358225076536	0.0004734035635323189	0.00019243845176850936	0.00025515000134289476	0.00011710920433304057	0.0006514625080801551	0.0002821807093686101	0.0006085870101425518	0.0004223871444126003	0.0003595380182724116	0.0003325359621552621	0.0002880041053676111	0.0005728130436573913	0.00015222006487165745	0.000874250959117017	0.00042821541527245354	0.0010393551138971227	0.0009506031016657093	0.00048666271046299996	0.0008781355219274725	0.00013766110651371684	0.000465207079454877	0.00028075429320106686	0.0007983588413536523	0.00030889836388417355	0.00016283072163409676	0.0002550975408868439	0.00024413594186774458	0.0002688865624928948	0.0003776677809205451	0.00024279618551694925	0.0002166702995923727	0.00017041137779965775	0.0004947496911736864	0.00018600684142236257	0.0013733178942904203	0.0005659305835739142	0.00021105542266880794	0.00017361175698818324	0.00023829344945469592	0.00019564797593275807	0.0002982712566957285	0.0005256098887156995	0.0008024264961748407	0.0007070652394549169	0.0003321722854479614	0.000312670991948722	0.00021022416124452705	0.00013022255454644743	0.00024781753965080636	0.0002779583901740074	0.00017283468080371515	0.0011569754960370348	0.00022824124803500094	0.0003163308931651116	0.0010111092310440602	0.0002519629516524941	9.455791998660973e-05	0.0006078009153811699	0.0001096928184528314	0.00039076243823306877	0.0006513459545426835	0.00035323238776196586	0.0003940020251435149	4.892574486521649e-06	0.0012147021279907844	0.00030946443695148836	1.778276236456173e-05	0.0003383476386447219	0.002784432149716213	0.0006472499673136368	0.0007049479888350499	0.0005082442096463258
52959	Polaribacter	genus	0.00010931521824002499	0.0001414384288211107	0.00010025062656641604	0.00017695200176952002	7.741436036384749e-05	4.715757704369149e-06	0.00024872307350655117	0.0001984572389717963	0.00015346599037586162	7.056076564845344e-05	0.00012086052695189751	5.405040199986487e-05	0.0002861721611721612	0.00012424374516976117	0.0001881703568964436	0.0002722050486214535	0.00012312945831246974	0.00015477480266212662	0.0001518567101029222	0.00021131618083880562	3.076788545278182e-05	0.0003634878539697992	0.00016525496307697504	0.0005291262398021716	0.0003561171740379092	0.0001589102728042449	0.000281083106905275	2.9722284360916136e-05	0.00017860628943356884	0.00012844967662793908	0.00019792013861695106	0.00012831162807496442	5.427690721136559e-05	0.00011262285049791512	7.672843887271973e-05	0.00014334026309363875	9.039920287991771e-05	9.126381441417241e-05	5.61254390510363e-05	0.00011360758519977183	0.00020501255701911743	5.625572764969014e-05	0.00039822044715898515	0.00016865917275311063	9.582401374043579e-05	6.820461881678628e-05	6.40375161325281e-05	0.00012577369881391592	9.737377795908661e-05	0.00017067217650825871	0.0002553568677147551	0.0003602987942676969	0.00018941284816274202	0.0001619861765517475	7.42272964394256e-05	1.1552000806539692e-05	8.850626416100227e-05	9.70129283352418e-05	8.246360587366802e-05	0.0003670479546892087	5.137898224164523e-05	9.53136752331559e-05	0.000498185014712671	0.00011129105638361048	3.532336091453812e-05	0.0002138088815067372	3.8878467299737706e-05	0.00014556290029797583	0.00024599272503254057	0.0001183372986708853	0.0001214727517791724	1.595404723865755e-06	0.0003901446161988823	0.00021057927746202272	3.897591751136818e-06	0.000124495867038414	0.0007274724853097148	0.000214950322725359	0.0002016966617551934	0.00020085485454647857
76831	Myroides	genus	0.0035761692824236744	0.0027378438721800714	0.0020909416398138202	0.002200840522008405	0.0018337526611186376	0.0006554903209073118	0.0038552076393515433	0.0035819904935729136	0.002936662764988945	0.0017736410637997613	0.0024574973813552494	0.0011665878431637502	0.004482802736479207	0.0018994552227648235	0.004056681658136842	0.0028190430897463174	0.0028385444456301354	0.0027292467677351236	0.00201733784714313	0.004123988107816439	0.001070398541278357	0.006358948433816487	0.002949258282651124	0.008436323976437685	0.007063469270534176	0.00279831058516225	0.005845930574466092	0.0008431742773965156	0.0024153385419911693	0.0019588575685760713	0.004699692616668154	0.0022934515447769564	0.0011895688830490957	0.0015482249688930259	0.0023088284788063845	0.0015806971081843335	0.0028325083569040884	0.0017753394841700332	0.0012438963585031998	0.0016496768100883535	0.003992514949703934	0.0013065846421863516	0.007605426150143301	0.003645278136105317	0.002400452192307879	0.001610869088054643	0.0016594337113188774	0.0015639133660599039	0.0019331257392719721	0.0026567465352037795	0.0044925496387782345	0.0058138354736998795	0.002133927013537887	0.0021453750592144234	0.0014819505687731474	0.0007477295067505692	0.002143934093029455	0.0018181748816088015	0.0022242580817157854	0.007816428475717202	0.0015986767935958074	0.002082396600202645	0.007003479041150082	0.0020103616425135398	0.0013873929294587048	0.0044087772035320974	0.0007720152792376488	0.0024200805188577903	0.0032733075433134364	0.0023667459734177058	0.002445143398359356	3.392894046087839e-05	0.009351309173555006	0.0023158596937429264	0.00020218757209022244	0.0024989533311178423	0.017299776825205324	0.005677711258862802	0.003759282461649988	0.0035644951045022025
358023	Lutibacter	genus	6.24658389943e-05	6.061646949476173e-05	0.0	6.635700066357e-05	4.838397522740468e-06	2.8294546226214898e-05	3.553186764379303e-05	4.880096040290073e-05	4.1617895695148915e-05	3.207307529475156e-05	3.357236859774931e-05	1.3512600499966218e-05	7.74348200818789e-05	3.369321902908778e-05	3.390456881017001e-05	5.318949225936448e-05	3.611797443832446e-05	2.758362819721068e-05	2.8800410536761106e-05	4.651614043621507e-05	1.619362392251675e-05	8.147141554495499e-05	3.739345879843961e-05	0.00017412572687367382	7.610568638713383e-05	2.7312703138229592e-05	7.076915102934228e-05	1.251464604670153e-05	4.984361565587968e-05	5.046237296097607e-05	7.103268778583827e-05	2.376141260647489e-05	9.046151201894265e-06	2.578113445132997e-05	1.3950625249585405e-05	3.954214154307276e-05	4.2186294677294934e-05	1.5497628862783995e-05	3.393631198434753e-05	2.0118009879126264e-05	3.347143788067223e-05	1.8147008919254882e-05	9.851155715882651e-05	5.99530653145823e-05	2.183331958642841e-05	2.356159559125344e-05	3.6328975498261137e-05	1.3974855423768435e-05	2.8699639819520266e-05	4.22904508162057e-05	6.232438805241481e-05	8.626872538804012e-05	3.5456592266917226e-05	2.7311622790701615e-05	1.920566411369753e-05	0.0	3.5402505664400906e-05	2.0165608698898575e-05	1.9203853422635016e-05	7.9244896988838e-05	8.89251615720783e-06	1.5885612538859317e-05	0.00010376397939577527	1.2464598314964374e-05	4.890926895859124e-06	4.060465405469193e-05	1.1108133514210775e-05	4.592626266085868e-05	9.251465528397722e-05	3.381065676311008e-05	3.810030959863341e-05	8.508825193950693e-07	0.00010118463861517147	4.150102548521616e-05	1.7051963911223579e-06	2.2087976410041193e-05	0.00018727315967579514	3.6704686804665094e-05	8.186705747182973e-05	1.967834723597256e-05
1013	Weeksella	genus	0.0	0.0	0.0	0.0	0.0	0.0	0.0	0.0	0.0	0.0	0.0	0.0	0.0	0.0	0.0	0.0	0.0	0.0	0.0	0.0	0.0	0.0	0.0	0.0	0.0	0.0	0.0	0.0	0.0	0.0	0.0	0.0	0.0	0.0	0.0	0.0	0.0	0.0	0.0	0.0	0.0	0.0	0.0	0.0	0.0	0.0	0.0	0.0	0.0	0.0	0.0	0.0	0.0	0.0	0.0	0.0	0.0	0.0	0.0	0.0	0.0	0.0	0.0	0.0	0.0	0.0	0.0	0.0	0.0	0.0	0.0	0.0	0.0	0.0	0.0	0.0	0.0	0.0	0.0	0.0
104267	Tenacibaculum	genus	0.0	0.0	0.0	0.0	0.0	0.0	0.0	0.0	0.0	0.0	0.0	0.0	0.0	0.0	0.0	0.0	0.0	0.0	0.0	0.0	0.0	0.0	0.0	0.0	0.0	0.0	0.0	0.0	0.0	0.0	0.0	0.0	0.0	0.0	0.0	0.0	0.0	0.0	0.0	0.0	0.0	0.0	0.0	0.0	0.0	0.0	0.0	0.0	0.0	0.0	0.0	0.0	0.0	0.0	0.0	0.0	0.0	0.0	0.0	0.0	0.0	0.0	0.0	0.0	0.0	0.0	0.0	0.0	0.0	0.0	0.0	0.0	0.0	0.0	0.0	0.0	0.0	0.0	0.0	0.0
1518147	Wenyingzhuangia	genus	0.0	0.0	0.0	0.0	0.0	0.0	0.0	0.0	0.0	0.0	0.0	0.0	0.0	0.0	0.0	0.0	0.0	0.0	0.0	0.0	0.0	0.0	0.0	0.0	0.0	0.0	0.0	0.0	0.0	0.0	0.0	0.0	0.0	0.0	0.0	0.0	0.0	0.0	0.0	0.0	0.0	0.0	0.0	0.0	0.0	0.0	0.0	0.0	0.0	0.0	0.0	0.0	0.0	0.0	0.0	0.0	0.0	0.0	0.0	0.0	0.0	0.0	0.0	0.0	0.0	0.0	0.0	0.0	0.0	0.0	0.0	0.0	0.0	0.0	0.0	0.0	0.0	0.0	0.0	0.0
252356	Maribacter	genus	0.0	2.0205489831587242e-05	0.0	0.0	0.0	0.0	1.7765933821896515e-05	3.253397360193382e-06	7.803355442840421e-06	0.0	6.7144737195498615e-06	0.0	3.3667313079077784e-06	0.0	5.0856853215255025e-06	6.257587324631115e-06	4.925178332498789e-06	4.597271366201781e-06	1.3091095698527775e-06	1.3290325838918592e-06	1.6193623922516747e-06	9.400547947494807e-06	3.618721819203833e-06	2.0247177543450442e-05	5.743825387708213e-06	7.4489190376989795e-06	7.973988848376596e-06	1.5643307558376913e-06	1.0384086594974932e-05	0.0	3.6427019377352958e-06	9.504565042589956e-07	2.261537800473566e-06	0.0	0.0	1.977107077153638e-06	2.0088711751092825e-05	0.0	0.0	1.1834123458309566e-06	9.413841903939065e-06	1.8147008919254884e-06	1.3357499275773087e-05	4.6117742549678694e-06	7.277773195476136e-06	3.7202519354610693e-06	3.694472084568929e-06	1.2704414021607666e-06	3.074961409234314e-06	4.531119730307753e-06	6.0593155050958845e-06	1.69154363505961e-06	2.79920465265136e-06	3.767120384924361e-06	1.5572160092187188e-06	1.0501818915036085e-06	5.206250833000133e-06	5.450164513215832e-07	1.3555661239507071e-05	5.042857081107872e-06	1.9761147016017397e-06	6.906788060373616e-07	4.126976453241062e-06	5.341970706413303e-06	1.6303089652863747e-06	4.44113403723193e-06	2.7770333785526937e-06	1.2454579704639643e-05	1.1230102664529026e-05	1.0677049504140026e-05	1.7929557458180427e-06	1.0636031492438366e-07	6.8105045221750025e-06	7.173016750531188e-06	9.743979377842045e-07	3.513996247052008e-06	2.222917179891552e-05	4.078298533851677e-06	9.573163978560734e-06	1.8321219840388247e-05
1016	Capnocytophaga	genus	0.0005153431717029749	0.0005455482254528556	0.0005298961689939133	0.0007520460075204601	0.0004741629572285659	0.00013675697342670535	0.0015811681101487896	0.0008458833136502793	0.0005462348809988295	0.0003143161378885653	0.0006110171084790374	0.0003648402134990879	0.0012120232708468003	0.0007138750781787973	0.0007696337119908593	0.0010418882895510807	0.0007519105587614818	0.0007830685560430366	0.0006427727987977137	0.0005980646627513367	0.00023642690926874453	0.0010821075192894022	0.0007020320329255436	0.002182645739183958	0.0008902929350947731	0.0007448919037698979	0.0010166835781680158	0.0003347667817492659	0.000467283896773872	0.0004982012457783638	0.0007261119195885689	0.0005094446862828217	0.0006694151889401755	0.0006160334232054634	0.0005370990721090381	0.0005911550160689377	0.0007653799177166367	0.0005320852576222504	0.00041115147211805657	0.00041537773338666577	0.0006390952670340854	0.00031303590385714676	0.0011562585310591078	0.0006015071278265235	0.0007338421305438437	0.00041790830075012677	0.00034604888525462303	0.0004586293461800368	0.0004930188126139017	0.0010784064958132453	0.0008604228017236156	0.0010690555773576736	0.0009731901509051228	0.0010726875296072117	0.0002642076495641093	0.00025309383585236966	0.0005716463414634146	0.0003264648543416283	0.0012956952868095509	0.0010200979466926782	0.0004199243740903697	0.00036605976719980164	0.0018117426629728262	0.0007318499867786225	0.0003581245360412403	0.0006782246122572762	0.0002638181709625059	0.0009364287115425931	0.0005764786034458233	0.0009075492078519023	0.0004110351047287863	1.850669479684276e-05	0.0012443764691231183	0.0011195029714221889	6.163066956485093e-05	0.0008659490751663877	0.0026257828550965553	0.0005157848145753591	0.0006501498777853575	0.0016292314383989698
291183	Lacinutrix	genus	0.0	0.0	0.0	0.0	0.0	0.0	0.0	0.0	0.0	0.0	0.0	0.0	0.0	0.0	0.0	0.0	0.0	0.0	0.0	0.0	0.0	0.0	0.0	0.0	0.0	0.0	0.0	0.0	0.0	0.0	0.0	0.0	0.0	0.0	0.0	0.0	0.0	0.0	0.0	0.0	0.0	0.0	0.0	0.0	0.0	0.0	0.0	0.0	0.0	0.0	0.0	0.0	0.0	0.0	0.0	0.0	0.0	0.0	0.0	0.0	0.0	0.0	0.0	0.0	0.0	0.0	0.0	0.0	0.0	0.0	0.0	0.0	0.0	0.0	0.0	0.0	0.0	0.0	0.0	0.0
363408	Nonlabens	genus	0.0	0.0	1.4321518080916577e-05	2.2119000221190002e-05	1.4515192568221405e-05	0.0	3.553186764379303e-05	2.9280576241740438e-05	1.3005592404734036e-05	1.2829230117900625e-05	0.0	1.8016800666621624e-05	4.881760396466279e-05	3.158739283976979e-05	2.881888348864451e-05	2.1901555636208904e-05	1.9700713329995157e-05	1.6856661676073195e-05	3.0109520106613884e-05	1.594839100670231e-05	1.6193623922516747e-06	4.386922375497576e-05	1.6887368489617887e-05	7.558946282888165e-05	2.010338885697875e-05	9.931892050265305e-06	6.379191078701277e-05	2.0336299825889986e-05	1.4537721232964907e-05	1.5597460733392603e-05	3.581990238773041e-05	1.1405478051107946e-05	4.523075600947132e-06	4.206395621006468e-05	3.4876563123963513e-06	2.6690945541574112e-05	1.4062098225764979e-05	1.5497628862783995e-05	6.526213843143756e-06	2.130142222495722e-05	1.7781701374107123e-05	9.073504459627441e-06	3.589827930364017e-05	1.5152972552037285e-05	1.5768508590198295e-05	1.6121091720331302e-05	1.0467670906278632e-05	1.90566210324115e-05	1.024987136411438e-05	1.5103732434359178e-05	3.1162194026207404e-05	4.313436269402006e-05	4.478727444242176e-05	5.556502567763432e-05	1.0900512064531032e-05	7.351273240525259e-06	1.1453751832600293e-05	1.0355312575110079e-05	4.518553746502357e-06	2.9536734332203253e-05	7.904458806406959e-06	8.28814567244834e-06	7.487514422308784e-05	2.581952508099763e-05	8.694981148193998e-06	2.0302327027345965e-05	4.859808412467213e-06	2.646598187235924e-05	1.9786371361313045e-05	3.736967326449009e-05	1.1205973411362767e-05	6.38161889546302e-07	5.3024642351219666e-05	4.252574216386347e-05	4.871989688921022e-07	9.537989813426879e-06	7.734533749211702e-05	2.0391492669258385e-05	2.1457091676084406e-05	1.5606965049219617e-05
1204360	Siansivirga	genus	0.0	0.0	0.0	0.0	0.0	0.0	0.0	0.0	0.0	0.0	0.0	0.0	0.0	0.0	0.0	0.0	0.0	0.0	0.0	0.0	0.0	0.0	0.0	0.0	0.0	0.0	0.0	0.0	0.0	0.0	0.0	0.0	0.0	0.0	0.0	0.0	0.0	0.0	0.0	0.0	0.0	0.0	0.0	0.0	0.0	0.0	0.0	0.0	0.0	0.0	0.0	0.0	0.0	0.0	0.0	0.0	0.0	0.0	0.0	0.0	0.0	0.0	0.0	0.0	0.0	0.0	0.0	0.0	0.0	0.0	0.0	0.0	0.0	0.0	0.0	0.0	0.0	0.0	0.0	0.0
225842	Formosa	genus	3.123291949715e-05	0.0	2.8643036161833155e-05	3.3178500331785e-05	0.0	4.715757704369149e-06	1.7765933821896515e-05	1.9520384161160293e-05	3.1213421771361686e-05	9.62192258842547e-06	6.7144737195498615e-06	1.3512600499966218e-05	4.881760396466279e-05	1.4740783325225903e-05	2.542842660762751e-05	1.8772761973893347e-05	1.1492082775830508e-05	1.2259390309871414e-05	1.4400205268380553e-05	3.9870977516755775e-05	1.2954899138013398e-05	2.924614916998384e-05	2.050609030882172e-05	6.479096813904142e-05	4.164273406088455e-05	2.4829730125663263e-05	4.68471844842125e-05	4.692992267513074e-06	1.972976453045237e-05	1.467996304319304e-05	3.703413636697551e-05	1.4256847563884935e-05	0.0	9.49831269259525e-06	1.0462968937189054e-05	3.954214154307276e-06	1.4062098225764979e-05	1.3775670100252438e-05	1.3052427686287511e-05	2.3668246916619133e-06	4.706920951969533e-05	6.35145312173921e-06	6.678749637886543e-05	2.6352995742673538e-05	6.064810996230114e-06	0.0	1.662512438056018e-05	1.1433972619446901e-05	1.1274858500525819e-05	1.6614105677795098e-05	5.280260654440699e-05	5.835825540955655e-05	1.5862159698357706e-05	7.534240769848722e-06	1.2976800076822657e-05	5.250909457518042e-06	1.1453751832600293e-05	1.5805477088325912e-05	1.694457654938384e-05	5.078877488830072e-05	1.5808917612813918e-05	1.8648327763008762e-05	3.360537969067722e-05	9.793612961757722e-06	7.064672182907623e-06	4.060465405469193e-05	6.942583446381734e-06	1.4789813399259575e-05	3.422507478713608e-05	1.1566803629485027e-05	2.2860185759180046e-05	2.1272062984876732e-07	4.9132925481405375e-05	1.4858391840386031e-05	1.4615969066763068e-06	2.3593974801634912e-05	0.00012972092036079468	1.847229335921054e-05	2.706894642213725e-05	3.3249621191815705e-05
261827	Algibacter	genus	0.0	0.0	0.0	0.0	0.0	0.0	0.0	0.0	0.0	0.0	0.0	0.0	0.0	0.0	0.0	0.0	0.0	0.0	0.0	0.0	0.0	0.0	0.0	0.0	0.0	0.0	0.0	0.0	0.0	0.0	0.0	0.0	0.0	0.0	0.0	0.0	0.0	0.0	0.0	0.0	0.0	0.0	0.0	0.0	0.0	0.0	0.0	0.0	0.0	0.0	0.0	0.0	0.0	0.0	0.0	0.0	0.0	0.0	0.0	0.0	0.0	0.0	0.0	0.0	0.0	0.0	0.0	0.0	0.0	0.0	0.0	0.0	0.0	0.0	0.0	0.0	0.0	0.0	0.0	0.0
153265	Aequorivita	genus	0.0	0.0	0.0	0.0	0.0	0.0	0.0	0.0	0.0	0.0	0.0	0.0	0.0	0.0	0.0	0.0	0.0	0.0	0.0	0.0	0.0	0.0	0.0	0.0	0.0	0.0	0.0	0.0	0.0	0.0	0.0	0.0	0.0	0.0	0.0	0.0	0.0	0.0	0.0	0.0	0.0	0.0	0.0	0.0	0.0	0.0	0.0	0.0	0.0	0.0	0.0	0.0	0.0	0.0	0.0	0.0	0.0	0.0	0.0	0.0	0.0	0.0	0.0	0.0	0.0	0.0	0.0	0.0	0.0	0.0	0.0	0.0	0.0	0.0	0.0	0.0	0.0	0.0	0.0	0.0
326319	Dokdonia	genus	0.000733973608183025	0.00058595920511603	0.0004010025062656642	0.0005972130059721301	0.00045480936713760404	0.00013675697342670535	0.0013235620697312903	0.0007645483796454447	0.0006970997528937443	0.00042657190142019575	0.0005774447398812881	0.0002972772109992568	0.0009982358327946562	0.0005433031568440404	0.0009459374698037434	0.0006633042564108982	0.0006862415143281647	0.0006512801102119189	0.0005262620470808166	0.0007907743874156563	0.00021699456056172443	0.0011823800307293468	0.0006754947395847155	0.001409203557024151	0.001160252728317059	0.0007871024449835254	0.001283812204588632	0.0002471642594223552	0.0005295884163437215	0.00045416135664878463	0.0009386028659564612	0.0004533677525315409	0.00046135371129660746	0.0004735587328165347	0.00047780891479830013	0.0004161810397408408	0.0007211847518642325	0.0005217535050470612	0.0004437825413337754	0.00029585308645773914	0.0007457854752787282	0.00034388581901988007	0.0015436260100565272	0.000791248697173773	0.0005227867078750357	0.00038318594935249015	0.00036883146310946475	0.00033793741297476394	0.00046226919852155853	0.0008956513333574993	0.000939193903289862	0.0012111452427026807	0.0006979350267277391	0.0008193486837210485	0.00033220608196666	0.0001344232821124619	0.0004487788218046115	0.0003994970588187204	0.0007365242606798842	0.0015254642670351315	0.00042585271819517494	0.0004012843863077071	0.0015647136438431111	0.0005787134931947745	0.0003391042647795659	0.0008108241856546295	0.00020480621166826116	0.0007807464652345976	0.000849209668155814	0.0006183791171147765	0.0005132335822404147	1.1699634641682203e-05	0.0016919239091517614	0.0007880071258797833	5.7976677298160165e-05	0.0007173572338624743	0.0037369369358396065	0.0008254956032343306	0.0009104409052713967	0.0016061602726740363
286104	Winogradskyella	genus	0.0	0.0	0.0	0.0	0.0	0.0	0.0	0.0	0.0	0.0	0.0	0.0	0.0	0.0	0.0	0.0	0.0	0.0	0.0	0.0	0.0	0.0	0.0	0.0	0.0	0.0	0.0	0.0	0.0	0.0	0.0	0.0	0.0	0.0	0.0	0.0	0.0	0.0	0.0	0.0	0.0	0.0	0.0	0.0	0.0	0.0	0.0	0.0	0.0	0.0	0.0	0.0	0.0	0.0	0.0	0.0	0.0	0.0	0.0	0.0	0.0	0.0	0.0	0.0	0.0	0.0	0.0	0.0	0.0	0.0	0.0	0.0	0.0	0.0	0.0	0.0	0.0	0.0	0.0	0.0
28250	Ornithobacterium	genus	0.0	0.0	0.0	0.0	0.0	0.0	0.0	0.0	0.0	0.0	0.0	0.0	0.0	0.0	0.0	0.0	0.0	0.0	0.0	0.0	0.0	0.0	0.0	0.0	0.0	0.0	0.0	0.0	0.0	0.0	0.0	0.0	0.0	0.0	0.0	0.0	0.0	0.0	0.0	0.0	0.0	0.0	0.0	0.0	0.0	0.0	0.0	0.0	0.0	0.0	0.0	0.0	0.0	0.0	0.0	0.0	0.0	0.0	0.0	0.0	0.0	0.0	0.0	0.0	0.0	0.0	0.0	0.0	0.0	0.0	0.0	0.0	0.0	0.0	0.0	0.0	0.0	0.0	0.0	0.0
111500	Allomuricauda	genus	6.24658389943e-05	0.0	0.0	1.1059500110595001e-05	0.0	0.0	3.553186764379303e-05	6.506794720386764e-06	1.5606710885680843e-05	9.62192258842547e-06	6.7144737195498615e-06	2.252100083327703e-05	1.0100193923723335e-05	1.4740783325225903e-05	1.8647512845593506e-05	3.1287936623155574e-05	8.208630554164648e-06	7.662118943669633e-06	2.618219139705555e-06	1.1961293255026734e-05	4.858087176755024e-06	1.775659056749019e-05	1.3268646670414055e-05	2.4296613052140532e-05	2.15393452039058e-05	2.2346757113096937e-05	1.5947977696753193e-05	6.257323023350765e-06	7.268860616482453e-06	1.0092474592195214e-05	7.89252086509314e-06	6.653195529812969e-06	4.070768040852419e-05	1.4925919945506823e-05	1.0462968937189054e-05	2.965660615730457e-06	1.4062098225764979e-05	1.033175257518933e-05	5.220971074515004e-06	0.0	9.413841903939065e-06	1.8147008919254884e-06	2.5880154846810355e-05	1.251767297776993e-05	1.819443298869034e-05	2.480167956974046e-06	6.773198821709703e-06	1.2704414021607666e-06	6.149922818468628e-06	1.8124478921231013e-05	1.8177946515287652e-05	2.1144295438245126e-05	8.39761395795408e-06	7.534240769848722e-06	5.709792033801968e-06	4.200727566014434e-06	8.330001332800213e-06	3.2700987079294987e-06	1.2426022802881481e-05	9.725510084993753e-06	4.9402867540043495e-06	1.1050860896597785e-05	3.006797130218488e-05	7.122627608551071e-06	1.0325290113480372e-05	1.6495640709718598e-05	4.16555006782904e-06	1.0897757241559687e-05	1.0695335870980024e-05	1.5125820130865037e-05	5.378867237454128e-06	2.1272062984876732e-07	2.9187876523607155e-05	7.173016750531188e-06	1.2179974222302555e-06	1.556198337980175e-05	3.623659512425955e-05	3.070718896076557e-05	7.92261846501578e-06	4.682089514765885e-05
417127	Zunongwangia	genus	0.0	0.0	0.0	0.0	0.0	0.0	0.0	0.0	0.0	0.0	0.0	0.0	0.0	0.0	0.0	0.0	0.0	0.0	0.0	0.0	0.0	0.0	0.0	0.0	0.0	0.0	0.0	0.0	0.0	0.0	0.0	0.0	0.0	0.0	0.0	0.0	0.0	0.0	0.0	0.0	0.0	0.0	0.0	0.0	0.0	0.0	0.0	0.0	0.0	0.0	0.0	0.0	0.0	0.0	0.0	0.0	0.0	0.0	0.0	0.0	0.0	0.0	0.0	0.0	0.0	0.0	0.0	0.0	0.0	0.0	0.0	0.0	0.0	0.0	0.0	0.0	0.0	0.0	0.0	0.0
216431	Croceibacter	genus	0.0	0.0	0.0	0.0	0.0	0.0	0.0	0.0	0.0	0.0	0.0	0.0	0.0	0.0	0.0	0.0	0.0	0.0	0.0	0.0	0.0	0.0	0.0	0.0	0.0	0.0	0.0	0.0	0.0	0.0	0.0	0.0	0.0	0.0	0.0	0.0	0.0	0.0	0.0	0.0	0.0	0.0	0.0	0.0	0.0	0.0	0.0	0.0	0.0	0.0	0.0	0.0	0.0	0.0	0.0	0.0	0.0	0.0	0.0	0.0	0.0	0.0	0.0	0.0	0.0	0.0	0.0	0.0	0.0	0.0	0.0	0.0	0.0	0.0	0.0	0.0	0.0	0.0	0.0	0.0
292691	Christiangramia	genus	0.0	0.0	0.0	0.0	0.0	0.0	0.0	0.0	0.0	0.0	0.0	0.0	0.0	0.0	0.0	0.0	0.0	0.0	0.0	0.0	0.0	0.0	0.0	0.0	0.0	0.0	0.0	0.0	0.0	0.0	0.0	0.0	0.0	0.0	0.0	0.0	0.0	0.0	0.0	0.0	0.0	0.0	0.0	0.0	0.0	0.0	0.0	0.0	0.0	0.0	0.0	0.0	0.0	0.0	0.0	0.0	0.0	0.0	0.0	0.0	0.0	0.0	0.0	0.0	0.0	0.0	0.0	0.0	0.0	0.0	0.0	0.0	0.0	0.0	0.0	0.0	0.0	0.0	0.0	0.0
83612	Psychroflexus	genus	0.0	0.0	0.0	0.0	0.0	0.0	0.0	0.0	0.0	0.0	0.0	0.0	0.0	0.0	0.0	0.0	0.0	0.0	0.0	0.0	0.0	0.0	0.0	0.0	0.0	0.0	0.0	0.0	0.0	0.0	0.0	0.0	0.0	0.0	0.0	0.0	0.0	0.0	0.0	0.0	0.0	0.0	0.0	0.0	0.0	0.0	0.0	0.0	0.0	0.0	0.0	0.0	0.0	0.0	0.0	0.0	0.0	0.0	0.0	0.0	0.0	0.0	0.0	0.0	0.0	0.0	0.0	0.0	0.0	0.0	0.0	0.0	0.0	0.0	0.0	0.0	0.0	0.0	0.0	0.0
389486	Sediminicola	genus	0.0	0.0	0.0	0.0	0.0	0.0	0.0	0.0	0.0	0.0	0.0	0.0	0.0	0.0	0.0	0.0	0.0	0.0	0.0	0.0	0.0	0.0	0.0	0.0	0.0	0.0	0.0	0.0	0.0	0.0	0.0	0.0	0.0	0.0	0.0	0.0	0.0	0.0	0.0	0.0	0.0	0.0	0.0	0.0	0.0	0.0	0.0	0.0	0.0	0.0	0.0	0.0	0.0	0.0	0.0	0.0	0.0	0.0	0.0	0.0	0.0	0.0	0.0	0.0	0.0	0.0	0.0	0.0	0.0	0.0	0.0	0.0	0.0	0.0	0.0	0.0	0.0	0.0	0.0	0.0
112040	Zobellia	genus	0.0	0.0	0.0	0.0	0.0	0.0	0.0	0.0	0.0	0.0	0.0	0.0	0.0	0.0	0.0	0.0	0.0	0.0	0.0	0.0	0.0	0.0	0.0	0.0	0.0	0.0	0.0	0.0	0.0	0.0	0.0	0.0	0.0	0.0	0.0	0.0	0.0	0.0	0.0	0.0	0.0	0.0	0.0	0.0	0.0	0.0	0.0	0.0	0.0	0.0	0.0	0.0	0.0	0.0	0.0	0.0	0.0	0.0	0.0	0.0	0.0	0.0	0.0	0.0	0.0	0.0	0.0	0.0	0.0	0.0	0.0	0.0	0.0	0.0	0.0	0.0	0.0	0.0	0.0	0.0
252306	Robiginitalea	genus	0.0	0.0	0.0	0.0	0.0	0.0	0.0	0.0	0.0	0.0	0.0	0.0	0.0	0.0	0.0	0.0	0.0	0.0	0.0	0.0	0.0	0.0	0.0	0.0	0.0	0.0	0.0	0.0	0.0	0.0	0.0	0.0	0.0	0.0	0.0	0.0	0.0	0.0	0.0	0.0	0.0	0.0	0.0	0.0	0.0	0.0	0.0	0.0	0.0	0.0	0.0	0.0	0.0	0.0	0.0	0.0	0.0	0.0	0.0	0.0	0.0	0.0	0.0	0.0	0.0	0.0	0.0	0.0	0.0	0.0	0.0	0.0	0.0	0.0	0.0	0.0	0.0	0.0	0.0	0.0
332102	Fluviicola	genus	0.0	0.0	0.0	0.0	0.0	0.0	0.0	0.0	0.0	0.0	0.0	0.0	0.0	0.0	0.0	0.0	0.0	0.0	0.0	0.0	0.0	0.0	0.0	0.0	0.0	0.0	0.0	0.0	0.0	0.0	0.0	0.0	0.0	0.0	0.0	0.0	0.0	0.0	0.0	0.0	0.0	0.0	0.0	0.0	0.0	0.0	0.0	0.0	0.0	0.0	0.0	0.0	0.0	0.0	0.0	0.0	0.0	0.0	0.0	0.0	0.0	0.0	0.0	0.0	0.0	0.0	0.0	0.0	0.0	0.0	0.0	0.0	0.0	0.0	0.0	0.0	0.0	0.0	0.0	0.0
34098	Blattabacterium	genus	0.0005934254704458499	0.0003940070517159512	0.0005298961689939133	0.0005972130059721301	0.0004983549448422682	6.130485015679894e-05	0.0008882966910948257	0.0005563309485930683	0.0003979711275848615	0.00030469421530013985	0.0003692960545752424	0.00030178141116591223	0.0007659313725490196	0.00045064680451404904	0.0005746824413323817	0.0004974781923081737	0.0005204271771340387	0.0007110446379725421	0.0004071330762242138	0.0005874324020802019	0.00015869751444066413	0.0004648048707372432	0.0005005898516565302	0.0012148306526070267	0.0007323377369327972	0.0004419691962368061	0.0005322637556291378	0.0001830266984330099	0.000387326429992565	0.0002899292701030625	0.0002738097623197697	0.00036782666714823127	0.0004070768040852419	0.0003351547478672896	0.0006434725896371269	0.0003084287040359675	0.0006729718436616097	0.00030823061849314835	0.0002688800103375227	0.0002757350765786129	0.0004874278141372894	0.0003021476985055938	0.0006795627756549557	0.0003531301429518254	0.0003905738281572193	0.00027157839128865807	0.0002302887599381299	0.000359534916811497	0.0002910963467408484	0.00048634018438636553	0.0004968638714178625	0.0012475134308564623	0.0005766361584461802	0.0006093317222615154	0.00030417619380072305	0.00013232291832945467	0.0006747301079568173	0.00021364644891806058	0.0004405589902839798	0.0003674081587664307	0.00032605892576428706	0.0003073520686866259	0.0010806782626844094	0.0005163905016199526	0.00041138129557392856	0.0004999448030483944	0.0001541253525096745	0.00045147851429318703	0.000429417735219848	0.0004715696864328511	0.00039176083046124237	7.338861729782473e-06	0.0006713211600429646	0.0004974999474832702	4.141191235582869e-05	0.0004533055158697091	0.001012797608262918	0.0002336625159983255	0.0003273031753359644	0.0011542368499444595
267986	Owenweeksia	genus	0.0	0.0	0.0	0.0	0.0	0.0	0.0	0.0	0.0	0.0	0.0	0.0	0.0	0.0	0.0	0.0	0.0	0.0	0.0	0.0	0.0	0.0	0.0	0.0	0.0	0.0	0.0	0.0	0.0	0.0	0.0	0.0	0.0	0.0	0.0	0.0	0.0	0.0	0.0	0.0	0.0	0.0	0.0	0.0	0.0	0.0	0.0	0.0	0.0	0.0	0.0	0.0	0.0	0.0	0.0	0.0	0.0	0.0	0.0	0.0	0.0	0.0	0.0	0.0	0.0	0.0	0.0	0.0	0.0	0.0	0.0	0.0	0.0	0.0	0.0	0.0	0.0	0.0	0.0	0.0
816	Bacteroides	genus	0.004841102522058249	0.00571815362233919	0.01175796634443251	0.012740544127405442	0.00372072769498742	0.0008629836598995544	0.014905618476571176	0.02823623568911836	0.004666406554818572	0.006109920843650173	0.02626702119087906	0.004995157984820846	0.003354947748330101	0.007359862531666361	0.005097551920609062	0.018391049147090846	0.013335741198295888	0.013551223563774115	0.003118298995389316	0.02047906308518966	0.0031043177059464607	0.009641828678147174	0.007849007625853114	0.008455221342144905	0.016750430786904077	0.011520994778307755	0.01890533081089486	0.0072272080919701335	0.02669540981836156	0.024929329740412377	0.0011784140768573682	0.006125692169949227	0.016237841407400203	0.0032022882792178274	0.004898413290760675	0.005263059039382984	0.017935201851375676	0.015790361852414357	0.015921351291733506	0.015751218323010033	0.008128329492834497	0.01682318461859524	0.02277036204666943	0.00566391760999411	0.016427147064388886	0.015310076798400787	0.005453040796823739	0.016428077771340876	0.042462142100116645	0.01873315933833569	0.013510542343362367	0.005548263122995521	0.008168079176436669	0.06756142054342595	0.00392574155924039	0.002528837994740689	0.006127757230441157	0.021807198250279186	0.01817362316843248	0.0008745754994949939	0.012989001933628236	0.008260518520206844	0.01138102192190935	0.010158647626695964	0.0034149538459531926	0.006962429274940457	0.004895215588043761	0.02997428129290992	0.015520001882379113	0.022084587145188298	0.022903664936016133	0.0006021057427869359	0.010737246843817619	0.0472240681354614	0.0017095811818423868	0.02770384441229417	0.0012676718109436345	0.0007372124349721296	0.0024433025237005955	0.019060175707283907
375288	Parabacteroides	genus	0.0	1.0102744915793621e-05	0.0	0.0	0.0	0.0	0.0	1.9520384161160293e-05	7.803355442840421e-06	3.207307529475156e-06	6.7144737195498615e-06	0.0	1.6833656539538892e-06	0.0	0.0	9.386380986946674e-06	4.925178332498789e-06	1.5324237887339268e-06	0.0	2.6580651677837185e-06	1.6193623922516747e-06	1.044505327499423e-06	1.2062406064012777e-06	6.749059181150148e-06	8.61573808156232e-06	9.931892050265305e-06	3.986994424188298e-06	3.1286615116753826e-06	7.268860616482453e-06	1.467996304319304e-05	0.0	5.702739025553973e-06	1.130768900236783e-05	0.0	3.4876563123963513e-06	9.88553538576819e-07	1.607096940087426e-05	6.887835050126219e-06	2.610485537257502e-06	1.1834123458309566e-06	3.137947301313022e-06	3.629401783850977e-06	1.0018124456829814e-05	0.0	1.0916659793214205e-05	4.960335913948092e-06	3.694472084568929e-06	1.2704414021607666e-06	2.1524729864640198e-05	6.0414929737436715e-06	2.5968495021839506e-06	1.69154363505961e-06	4.665341087752267e-06	2.0719162117083984e-05	1.0381440061458125e-06	0.0	5.206250833000133e-06	3.815115159251082e-06	6.777830619753536e-06	0.0	3.952229403203479e-06	3.453394030186808e-06	7.664384841733401e-06	4.451642255344419e-06	5.434363217621249e-07	1.2688954392091228e-06	6.942583446381734e-07	1.1676168473099664e-05	4.812901141941011e-06	8.897541253450021e-06	4.930628300999618e-06	0.0	4.3781814785410734e-06	2.3568483608888187e-05	4.871989688921022e-07	1.606398284366632e-05	3.0450920272487013e-07	0.0	6.602182054179817e-07	2.307116572493335e-05
195950	Tannerella	genus	3.123291949715e-05	3.0308234747380865e-05	2.8643036161833155e-05	4.4238000442380005e-05	9.676795045480936e-06	0.0	0.00010659560293137908	0.00011061551024657498	2.8612303290414877e-05	2.2451152706326092e-05	3.357236859774931e-05	2.252100083327703e-05	1.0100193923723335e-05	3.158739283976979e-05	3.390456881017001e-05	8.760622254483562e-05	3.611797443832446e-05	1.2259390309871414e-05	6.545547849263888e-06	2.1264521342269748e-05	2.1051711099271774e-05	1.775659056749019e-05	2.2918571521624277e-05	3.914454325067086e-05	3.8770821367030444e-05	1.7380811087964285e-05	2.9902458181412233e-05	2.346496133756537e-05	3.0113851125427306e-05	8.807977825915823e-05	3.6427019377352958e-06	3.041460813628786e-05	4.7492293809944885e-05	2.578113445132997e-05	1.9182109718179932e-05	4.942767692884095e-05	0.00011852339933144767	6.026855668860442e-05	1.6968155992173765e-05	2.3668246916619134e-05	2.4057595976733168e-05	2.2683761149068605e-05	2.3375623732602902e-05	9.882373403502577e-06	5.458329896607102e-05	4.588310720401986e-05	1.2314906948563096e-05	4.319500767346607e-05	7.892400950368073e-05	0.00011327799325769385	2.5968495021839505e-05	2.4527382708364346e-05	3.359045583181632e-05	0.000156335495974361	3.1144320184374376e-06	1.0501818915036084e-05	1.7701252832200453e-05	3.706111868986766e-05	0.00025077973293088083	5.763265235551854e-06	4.347452343523827e-05	2.1411042987158208e-05	4.480717292090296e-05	3.027116733634205e-05	1.575965333110162e-05	3.426017685864632e-05	1.7356458615954333e-05	7.784112315399776e-05	2.994694043874407e-05	0.00012812459404968032	2.9135530869543195e-05	6.38161889546302e-07	4.475474400286431e-05	0.0001501209934218313	3.897591751136818e-06	9.788989545359166e-05	3.349601229973572e-06	2.638899051315791e-06	1.8156000648994495e-06	0.0002585327688588119
346096	Paludibacter	genus	0.0	0.0	0.0	0.0	0.0	0.0	0.0	0.0	0.0	0.0	0.0	0.0	0.0	0.0	0.0	0.0	0.0	0.0	0.0	0.0	0.0	0.0	0.0	0.0	0.0	0.0	0.0	0.0	0.0	0.0	0.0	0.0	0.0	0.0	0.0	0.0	0.0	0.0	0.0	0.0	0.0	0.0	0.0	0.0	0.0	0.0	0.0	0.0	0.0	0.0	0.0	0.0	0.0	0.0	0.0	0.0	0.0	0.0	0.0	0.0	0.0	0.0	0.0	0.0	0.0	0.0	0.0	0.0	0.0	0.0	0.0	0.0	0.0	0.0	0.0	0.0	0.0	0.0	0.0	0.0
307628	Petrimonas	genus	0.0	0.0	0.0	0.0	0.0	0.0	0.0	0.0	0.0	0.0	0.0	0.0	0.0	0.0	0.0	0.0	0.0	0.0	0.0	0.0	0.0	0.0	0.0	0.0	0.0	0.0	0.0	0.0	0.0	0.0	0.0	0.0	0.0	0.0	0.0	0.0	0.0	0.0	0.0	0.0	0.0	0.0	0.0	0.0	0.0	0.0	0.0	0.0	0.0	0.0	0.0	0.0	0.0	0.0	0.0	0.0	0.0	0.0	0.0	0.0	0.0	0.0	0.0	0.0	0.0	0.0	0.0	0.0	0.0	0.0	0.0	0.0	0.0	0.0	0.0	0.0	0.0	0.0	0.0	0.0
1784836	Fermentimonas	genus	0.0	0.0	0.0	0.0	0.0	0.0	0.0	0.0	0.0	0.0	0.0	0.0	0.0	0.0	0.0	0.0	0.0	0.0	0.0	0.0	0.0	0.0	0.0	0.0	0.0	0.0	0.0	0.0	0.0	0.0	0.0	0.0	0.0	0.0	0.0	0.0	0.0	0.0	0.0	0.0	0.0	0.0	0.0	0.0	0.0	0.0	0.0	0.0	0.0	0.0	0.0	0.0	0.0	0.0	0.0	0.0	0.0	0.0	0.0	0.0	0.0	0.0	0.0	0.0	0.0	0.0	0.0	0.0	0.0	0.0	0.0	0.0	0.0	0.0	0.0	0.0	0.0	0.0	0.0	0.0
836	Porphyromonas	genus	0.0	3.0308234747380865e-05	0.0	2.2119000221190002e-05	4.838397522740468e-06	0.0	4.4414834554741284e-05	1.3013589440773528e-05	5.202236961893614e-06	1.2829230117900625e-05	6.7144737195498615e-06	1.8016800666621624e-05	1.6833656539538892e-06	4.211652378635972e-06	8.476142202542503e-06	2.503034929852446e-05	1.4775534997496367e-05	6.129695154935707e-06	0.0	5.316130335567437e-06	4.858087176755024e-06	1.044505327499423e-06	9.649924851210222e-06	1.0798494689840236e-05	1.1487650775416427e-05	4.965946025132653e-06	4.9837430302353725e-06	1.4078976802539221e-05	7.268860616482453e-06	2.0184949184390427e-05	6.071169896225493e-07	8.55410853833096e-06	1.130768900236783e-05	8.141410879367358e-06	0.0	1.0874088924345009e-05	2.6115325276420673e-05	1.3775670100252438e-05	2.610485537257502e-06	4.733649383323827e-06	4.183929735084029e-06	1.8147008919254884e-06	4.174218523679089e-06	1.9764746807005154e-06	1.6981470789444317e-05	1.6121091720331302e-05	3.078726737140774e-06	1.0163531217286133e-05	1.024987136411438e-05	3.4738584599026114e-05	3.462466002911934e-06	1.7761208168125907e-05	1.4929091480807254e-05	3.1078743175625975e-05	3.633504021510344e-06	2.100363783007217e-06	2.7072504331600693e-05	3.2700987079294987e-06	2.3722407169137373e-05	3.602040772219909e-06	5.9283441048052195e-06	5.5254304482988925e-06	1.7687041942461696e-05	7.122627608551071e-06	2.1737452870484995e-06	5.710029476441053e-06	5.554066757105387e-06	4.125579527161881e-05	8.021501903235019e-06	4.982623101932012e-05	2.689433618727064e-06	2.1272062984876732e-07	2.0431513566525008e-05	3.586508375265594e-05	7.307984533381534e-07	3.965795764530124e-05	3.349601229973572e-06	7.19699741267943e-07	1.1553818594814679e-06	0.0001716766155414158
397864	Barnesiella	genus	0.0	0.0	0.0	0.0	0.0	0.0	0.0	0.0	0.0	0.0	0.0	0.0	0.0	0.0	0.0	0.0	0.0	0.0	0.0	0.0	0.0	0.0	0.0	0.0	0.0	0.0	0.0	0.0	0.0	0.0	0.0	0.0	0.0	0.0	0.0	0.0	0.0	0.0	0.0	0.0	0.0	0.0	0.0	0.0	0.0	0.0	0.0	0.0	0.0	0.0	0.0	0.0	0.0	0.0	0.0	0.0	0.0	0.0	0.0	0.0	0.0	0.0	0.0	0.0	0.0	0.0	0.0	0.0	0.0	0.0	0.0	0.0	0.0	0.0	0.0	0.0	0.0	0.0	0.0	0.0
838	Prevotella	genus	0.0011868509408916998	0.0007577058686845216	0.004897959183673469	0.00230037602300376	0.0006435068705244823	0.00023578788521845748	0.002149677992449478	0.004571023291071702	0.0004916113928989465	0.0011033137901394537	0.002363494749281551	0.00047294101749881766	0.00034340659340659343	0.0017373066061873385	0.0004187214248055997	0.008554121872770734	0.0012739794620063535	0.0009087273067192186	0.0008784125213712137	0.002090568254461895	0.0012080443446197493	0.0006632608829621336	0.0007683752662776139	0.0014712949014907323	0.0013598506605399195	0.0019342359767891683	0.0014662171994952464	0.004143912172214044	0.0034662081054026325	0.0006330734062376998	0.0001341728547065834	0.0018514892702965234	0.008245566820526622	0.0005753263688086267	0.0019897079262221184	0.0025860560569169583	0.003945422987914631	0.004446097524856475	0.0030542680785912778	0.0006757284494694763	0.001148488712280566	0.0019671357668472294	0.0017815564659062354	0.0006561895939925711	0.016902628246493325	0.006152056617274122	0.002128631666059131	0.001067170777815044	0.00865294140558536	0.004750123850605962	0.0015286787402856187	0.0006529358431330095	0.004593494835000882	0.022690307858495656	0.0003732127702094196	0.0009955724331454207	0.0015899890043982407	0.002683115989856154	0.0017091429546145164	5.727244827829655e-05	0.010659162700439784	0.004800217701959663	0.0017486588800447128	0.002730637359428267	0.0018297500953730745	0.0008298576172427664	0.0010545784255053853	0.00419096607061124	0.0023770383973253104	0.01208997905518789	0.002692123052345791	8.85981423320116e-05	0.0010006577001509987	0.027085823608345088	0.0008299434435076962	0.0028533649526062306	0.00019031825170304385	8.636396895215316e-05	9.226549420716294e-05	0.0015193041193566402
239759	Alistipes	genus	0.0	0.0	0.0	0.0	0.0	0.0	0.0	0.0	0.0	0.0	0.0	0.0	0.0	0.0	0.0	0.0	0.0	0.0	0.0	0.0	0.0	0.0	0.0	0.0	0.0	0.0	0.0	0.0	0.0	0.0	0.0	0.0	0.0	0.0	0.0	0.0	0.0	0.0	0.0	0.0	0.0	0.0	0.0	0.0	0.0	0.0	0.0	0.0	0.0	0.0	0.0	0.0	0.0	0.0	0.0	0.0	0.0	0.0	0.0	0.0	0.0	0.0	0.0	0.0	0.0	0.0	0.0	0.0	0.0	0.0	0.0	0.0	0.0	0.0	0.0	0.0	0.0	0.0	0.0	0.0
1611681	Mucinivorans	genus	0.0	0.0	0.0	0.0	0.0	0.0	0.0	0.0	0.0	0.0	0.0	0.0	0.0	0.0	0.0	0.0	0.0	0.0	0.0	0.0	0.0	0.0	0.0	0.0	0.0	0.0	0.0	0.0	0.0	0.0	0.0	0.0	0.0	0.0	0.0	0.0	0.0	0.0	0.0	0.0	0.0	0.0	0.0	0.0	0.0	0.0	0.0	0.0	0.0	0.0	0.0	0.0	0.0	0.0	0.0	0.0	0.0	0.0	0.0	0.0	0.0	0.0	0.0	0.0	0.0	0.0	0.0	0.0	0.0	0.0	0.0	0.0	0.0	0.0	0.0	0.0	0.0	0.0	0.0	0.0
283168	Odoribacter	genus	0.0	0.0	0.0	0.0	0.0	0.0	0.0	0.0	0.0	0.0	0.0	0.0	0.0	0.0	0.0	0.0	0.0	0.0	0.0	0.0	0.0	0.0	0.0	0.0	0.0	0.0	0.0	0.0	0.0	0.0	0.0	0.0	0.0	0.0	0.0	0.0	0.0	0.0	0.0	0.0	0.0	0.0	0.0	0.0	0.0	0.0	0.0	0.0	0.0	0.0	0.0	0.0	0.0	0.0	0.0	0.0	0.0	0.0	0.0	0.0	0.0	0.0	0.0	0.0	0.0	0.0	0.0	0.0	0.0	0.0	0.0	0.0	0.0	0.0	0.0	0.0	0.0	0.0	0.0	0.0
1471399	Draconibacterium	genus	0.0	0.0	0.0	0.0	0.0	0.0	0.0	0.0	0.0	0.0	0.0	0.0	0.0	0.0	0.0	0.0	0.0	0.0	0.0	0.0	0.0	0.0	0.0	0.0	0.0	0.0	0.0	0.0	0.0	0.0	0.0	0.0	0.0	0.0	0.0	0.0	0.0	0.0	0.0	0.0	0.0	0.0	0.0	0.0	0.0	0.0	0.0	0.0	0.0	0.0	0.0	0.0	0.0	0.0	0.0	0.0	0.0	0.0	0.0	0.0	0.0	0.0	0.0	0.0	0.0	0.0	0.0	0.0	0.0	0.0	0.0	0.0	0.0	0.0	0.0	0.0	0.0	0.0	0.0	0.0
89966	Hymenobacter	genus	0.0008901382056687749	0.0005253427356212683	0.001016827783745077	0.001360318513603185	0.0005757693052061158	3.3010303930584046e-05	0.002389518099045081	0.0009857794001385948	0.000808947847574457	0.0007312661167203356	0.0007520210565895845	0.0013737810508298988	0.000456192092221504	0.0006549119448778937	0.0005560349284867883	0.0017771548001952367	0.0005401278904640338	0.0004244813894792977	0.0006100450595513943	0.0006153420863419308	0.0016306979289974364	0.0006757949468921266	0.0006525761680630912	0.0009124728012915	0.0006289488799540493	0.0015692389439419183	0.0004963808058114431	0.0014454416183940267	0.0009106843943793016	0.0005807760378963246	0.00021856211626411774	0.00042390360089951206	0.0029829683588246335	0.000990538323656362	0.001093380253936256	0.0010083246093483553	0.001357996914373875	0.0008730330926034984	0.000623906043404543	0.0006059071210654498	0.0006024858818521002	0.00044006496629193096	0.000636985746713429	0.0003597183918874938	0.0009400457044156675	0.000859378197091507	0.00035590081081347347	0.00079529631775264	0.0020438243500044075	0.0017550537088725365	0.0006431530600408917	0.0006207965140668769	0.0009545287865541138	0.0010425505665278168	0.0004474400666488452	0.0016540364791181833	0.000974610155937625	0.0006883557780191595	0.003801233339245108	0.0001347163248810246	0.0007548758160118646	0.0003902335254111093	0.0005612687976407844	0.0011164718776403802	0.000892322440333409	0.0008273198263643481	0.0010476358420590036	0.0029081443610333565	0.000867926505930029	0.0015499516863509938	0.0006302239446550421	3.265261668178579e-05	0.0011422189012904934	0.0010959344878133006	0.00014615969066763068	0.0008272951164488157	0.0002560922394916158	0.00012090955653301442	0.00014326735057570202	0.0016170172918387109
1379908	Rufibacter	genus	4.684937924572499e-05	5.05137245789681e-05	8.592910848549946e-05	0.00025436850254368504	5.322237275014515e-05	9.431515408738299e-06	0.0003553186764379303	9.434852344560808e-05	9.103914683313825e-05	4.810961294212734e-05	8.057368463459834e-05	6.305880233317569e-05	6.901799181210946e-05	5.685730711158562e-05	6.441868073932303e-05	0.0001314093338172534	6.895249665498305e-05	5.0569985028219585e-05	4.843705408455277e-05	8.240002020129528e-05	4.210342219854355e-05	5.01362557199723e-05	6.272451153286644e-05	9.448682853610206e-05	7.466973004020678e-05	0.0002631951393320306	3.687969842374176e-05	5.788023796599458e-05	7.372701482432202e-05	4.4039889129579115e-05	3.217720044999511e-05	3.9919173178877815e-05	0.0001334307302279404	0.00010041073417886409	4.185187574875622e-05	8.699271139476007e-05	0.00016673630753407046	6.543443297619908e-05	9.528272210989883e-05	3.905260741242157e-05	3.870135004952727e-05	3.992341962236074e-05	7.430108972148779e-05	3.360006957190876e-05	9.218512714269772e-05	6.448436688132521e-05	3.940770223540191e-05	6.606295291235986e-05	6.764915100315492e-05	0.0002869709162528244	6.145877155168683e-05	8.034832266533148e-05	6.718091166363264e-05	0.00017234575761028952	4.619740827348866e-05	8.821527888630311e-05	0.0001718062774890044	4.578138191101298e-05	0.0004541146515234869	2.4493877251095382e-05	0.00011659076739450265	3.936869194412961e-05	7.015859970509806e-05	0.0001753947048605701	4.6192087349780615e-05	6.915480143689719e-05	6.734305942990282e-05	0.0003090292589213711	7.165875033556617e-05	0.00013791188942847534	4.885804407354166e-05	2.552647558185208e-06	0.0001313454443562322	8.556384266705059e-05	1.0231178346734148e-05	8.483790939311276e-05	8.191297553299007e-05	2.4949591030622024e-05	2.8719491935682203e-05	0.0004973871904816512
323449	Pontibacter	genus	1.5616459748575e-05	0.0	0.0	6.635700066357e-05	0.0	0.0	0.00019542527204086165	3.2533973601933817e-05	4.421901417609572e-05	3.207307529475156e-05	3.357236859774931e-05	1.8016800666621624e-05	1.0100193923723335e-05	1.052913094658993e-05	2.034274128610201e-05	8.13486352202045e-05	3.283452221665859e-05	1.2259390309871414e-05	7.854657419116665e-06	2.1264521342269748e-05	2.2671073491523448e-05	1.775659056749019e-05	3.2568496372834495e-05	1.3498118362300296e-05	2.584721424468696e-05	0.00013904648870371428	9.967486060470745e-06	2.0336299825889986e-05	2.284499050894485e-05	1.1009972282394779e-05	2.428467958490197e-06	1.8058673580920918e-05	4.7492293809944885e-05	5.0205367089432044e-05	2.092593787437811e-05	2.7679499080150932e-05	9.2408074055027e-05	2.5829381437973322e-05	1.8273398760802515e-05	1.775118518746435e-05	2.301161354296216e-05	1.0888205351552931e-05	2.0871092618395447e-05	1.3176497871336769e-05	2.66851683834125e-05	1.7361175698818323e-05	9.851925558850478e-06	3.303147645617993e-05	2.9724626955931702e-05	0.00013140247217892487	1.5581097013103702e-05	2.706469816095376e-05	1.679522791590816e-05	6.215748635125195e-05	3.737318422124925e-05	4.725818511766238e-05	3.748500599760096e-05	1.7985542893612245e-05	0.00031065057007203704	6.1234693127738455e-06	2.5689491120822617e-05	1.1050860896597785e-05	2.063488226620531e-05	5.252937861306414e-05	1.5216217009339497e-05	3.806686317627369e-05	3.054736716407963e-05	0.00018370505064343472	2.8877406851646067e-05	5.5164755771390135e-05	1.7033079585271405e-05	2.1272062984876732e-07	6.080807609084824e-05	2.613027530550647e-05	3.897591751136818e-06	3.513996247052008e-05	8.526257676296364e-06	2.39899913755981e-06	2.9709819243809176e-06	0.00014521263132752165
992	Flexibacter	genus	0.0	0.0	0.0	0.0	0.0	0.0	0.0	0.0	0.0	0.0	0.0	0.0	0.0	0.0	0.0	0.0	0.0	0.0	0.0	0.0	0.0	0.0	0.0	0.0	0.0	0.0	0.0	0.0	0.0	0.0	0.0	0.0	0.0	0.0	0.0	0.0	0.0	0.0	0.0	0.0	0.0	0.0	0.0	0.0	0.0	0.0	0.0	0.0	0.0	0.0	0.0	0.0	0.0	0.0	0.0	0.0	0.0	0.0	0.0	0.0	0.0	0.0	0.0	0.0	0.0	0.0	0.0	0.0	0.0	0.0	0.0	0.0	0.0	0.0	0.0	0.0	0.0	0.0	0.0	0.0
319458	Leadbetterella	genus	0.0	0.0	0.0	0.0	0.0	0.0	0.0	0.0	0.0	0.0	0.0	0.0	0.0	0.0	0.0	0.0	0.0	0.0	0.0	0.0	0.0	0.0	0.0	0.0	0.0	0.0	0.0	0.0	0.0	0.0	0.0	0.0	0.0	0.0	0.0	0.0	0.0	0.0	0.0	0.0	0.0	0.0	0.0	0.0	0.0	0.0	0.0	0.0	0.0	0.0	0.0	0.0	0.0	0.0	0.0	0.0	0.0	0.0	0.0	0.0	0.0	0.0	0.0	0.0	0.0	0.0	0.0	0.0	0.0	0.0	0.0	0.0	0.0	0.0	0.0	0.0	0.0	0.0	0.0	0.0
312278	Emticicia	genus	0.0	0.0	0.0	0.0	0.0	0.0	0.0	0.0	0.0	0.0	0.0	0.0	0.0	0.0	0.0	0.0	0.0	0.0	0.0	0.0	0.0	0.0	0.0	0.0	0.0	0.0	0.0	0.0	0.0	0.0	0.0	0.0	0.0	0.0	0.0	0.0	0.0	0.0	0.0	0.0	0.0	0.0	0.0	0.0	0.0	0.0	0.0	0.0	0.0	0.0	0.0	0.0	0.0	0.0	0.0	0.0	0.0	0.0	0.0	0.0	0.0	0.0	0.0	0.0	0.0	0.0	0.0	0.0	0.0	0.0	0.0	0.0	0.0	0.0	0.0	0.0	0.0	0.0	0.0	0.0
105	Runella	genus	0.0	0.0	0.0	0.0	0.0	0.0	0.0	0.0	0.0	0.0	0.0	0.0	0.0	0.0	0.0	0.0	0.0	0.0	0.0	0.0	0.0	0.0	0.0	0.0	0.0	0.0	0.0	0.0	0.0	0.0	0.0	0.0	0.0	0.0	0.0	0.0	0.0	0.0	0.0	0.0	0.0	0.0	0.0	0.0	0.0	0.0	0.0	0.0	0.0	0.0	0.0	0.0	0.0	0.0	0.0	0.0	0.0	0.0	0.0	0.0	0.0	0.0	0.0	0.0	0.0	0.0	0.0	0.0	0.0	0.0	0.0	0.0	0.0	0.0	0.0	0.0	0.0	0.0	0.0	0.0
978	Cytophaga	genus	0.0	0.0	0.0	0.0	0.0	0.0	0.0	0.0	0.0	0.0	0.0	0.0	0.0	0.0	0.0	0.0	0.0	0.0	0.0	0.0	0.0	0.0	0.0	0.0	0.0	0.0	0.0	0.0	0.0	0.0	0.0	0.0	0.0	0.0	0.0	0.0	0.0	0.0	0.0	0.0	0.0	0.0	0.0	0.0	0.0	0.0	0.0	0.0	0.0	0.0	0.0	0.0	0.0	0.0	0.0	0.0	0.0	0.0	0.0	0.0	0.0	0.0	0.0	0.0	0.0	0.0	0.0	0.0	0.0	0.0	0.0	0.0	0.0	0.0	0.0	0.0	0.0	0.0	0.0	0.0
120831	Dyadobacter	genus	0.0	0.0	0.0	0.0	0.0	0.0	0.0	0.0	0.0	0.0	0.0	0.0	0.0	0.0	0.0	0.0	0.0	0.0	0.0	0.0	0.0	0.0	0.0	0.0	0.0	0.0	0.0	0.0	0.0	0.0	0.0	0.0	0.0	0.0	0.0	0.0	0.0	0.0	0.0	0.0	0.0	0.0	0.0	0.0	0.0	0.0	0.0	0.0	0.0	0.0	0.0	0.0	0.0	0.0	0.0	0.0	0.0	0.0	0.0	0.0	0.0	0.0	0.0	0.0	0.0	0.0	0.0	0.0	0.0	0.0	0.0	0.0	0.0	0.0	0.0	0.0	0.0	0.0	0.0	0.0
107	Spirosoma	genus	0.0	0.0	0.0	0.0	0.0	0.0	0.0	0.0	0.0	0.0	0.0	0.0	0.0	0.0	0.0	0.0	0.0	0.0	0.0	0.0	0.0	0.0	0.0	0.0	0.0	0.0	0.0	0.0	0.0	0.0	0.0	0.0	0.0	0.0	0.0	0.0	0.0	0.0	0.0	0.0	0.0	0.0	0.0	0.0	0.0	0.0	0.0	0.0	0.0	0.0	0.0	0.0	0.0	0.0	0.0	0.0	0.0	0.0	0.0	0.0	0.0	0.0	0.0	0.0	0.0	0.0	0.0	0.0	0.0	0.0	0.0	0.0	0.0	0.0	0.0	0.0	0.0	0.0	0.0	0.0
232244	Belliella	genus	0.0	0.0	0.0	0.0	0.0	0.0	0.0	0.0	0.0	0.0	0.0	0.0	0.0	0.0	0.0	0.0	0.0	0.0	0.0	0.0	0.0	0.0	0.0	0.0	0.0	0.0	0.0	0.0	0.0	0.0	0.0	0.0	0.0	0.0	0.0	0.0	0.0	0.0	0.0	0.0	0.0	0.0	0.0	0.0	0.0	0.0	0.0	0.0	0.0	0.0	0.0	0.0	0.0	0.0	0.0	0.0	0.0	0.0	0.0	0.0	0.0	0.0	0.0	0.0	0.0	0.0	0.0	0.0	0.0	0.0	0.0	0.0	0.0	0.0	0.0	0.0	0.0	0.0	0.0	0.0
68288	Cyclobacterium	genus	9.369875849144998e-05	0.00012123293898952346	0.00022914428929466524	0.00030966600309666	0.00011612154054577124	2.3578788521845746e-05	0.00031978680879413726	0.00011061551024657498	0.0001508648718949148	6.414615058950313e-05	8.72881583541482e-05	7.20672026664865e-05	0.00014981954320189615	0.00010529130946589931	0.00010001847799000155	0.00020337158805051124	0.00010014529276080872	8.734815595783382e-05	9.818321773895831e-05	6.51225966107011e-05	5.181959655205359e-05	0.0001775659056749019	9.046804548009582e-05	0.00030370766315175666	0.00011774842044801839	0.00018622297594247448	0.00012758382157402554	4.067259965177997e-05	8.099587544080448e-05	9.9089750541553e-05	0.00010320988823583338	5.417602074276275e-05	8.819997421846908e-05	0.00010041073417886409	6.626546993553068e-05	8.402705077902962e-05	0.00013057662638210336	0.00010331752575189329	5.4820196282407544e-05	6.627109136653358e-05	9.100047173807763e-05	5.7163078095652884e-05	0.0001494370231477114	6.917661382451803e-05	9.946290033817386e-05	8.804596247257865e-05	4.741239175196792e-05	5.7169863097234505e-05	8.09739837765036e-05	0.00014952695110015586	8.742726657352633e-05	0.00015900510169560334	0.00011849966362890757	0.00017799643818767607	6.073142435953003e-05	4.93585489006696e-05	0.00011037251765960283	5.0141513521585647e-05	0.00025077973293088083	8.392754999272387e-05	0.0001116504806404983	4.765683761657795e-05	0.00025882038042468946	0.00012019434089429932	4.0214287810397244e-05	9.326381478187053e-05	4.929234246931031e-05	0.0001984948640426943	9.30494220775262e-05	0.0001574864801860654	5.468515024745031e-05	4.573493541748497e-06	0.00018388362209872507	0.00012808958483091407	1.3641571128978863e-05	0.0001777078102080587	0.00035840733160717215	4.510118378612443e-05	6.387611137418972e-05	0.00048042309803684736
390846	Echinicola	genus	0.0	0.0	0.0	0.0	0.0	0.0	0.0	0.0	0.0	0.0	0.0	0.0	0.0	0.0	0.0	0.0	0.0	0.0	0.0	0.0	0.0	0.0	0.0	0.0	0.0	0.0	0.0	0.0	0.0	0.0	0.0	0.0	0.0	0.0	0.0	0.0	0.0	0.0	0.0	0.0	0.0	0.0	0.0	0.0	0.0	0.0	0.0	0.0	0.0	0.0	0.0	0.0	0.0	0.0	0.0	0.0	0.0	0.0	0.0	0.0	0.0	0.0	0.0	0.0	0.0	0.0	0.0	0.0	0.0	0.0	0.0	0.0	0.0	0.0	0.0	0.0	0.0	0.0	0.0	0.0
246875	Algoriphagus	genus	0.0	0.0	0.0	0.0	0.0	0.0	0.0	0.0	0.0	0.0	0.0	0.0	0.0	0.0	0.0	0.0	0.0	0.0	0.0	0.0	0.0	0.0	0.0	0.0	0.0	0.0	0.0	0.0	0.0	0.0	0.0	0.0	0.0	0.0	0.0	0.0	0.0	0.0	0.0	0.0	0.0	0.0	0.0	0.0	0.0	0.0	0.0	0.0	0.0	0.0	0.0	0.0	0.0	0.0	0.0	0.0	0.0	0.0	0.0	0.0	0.0	0.0	0.0	0.0	0.0	0.0	0.0	0.0	0.0	0.0	0.0	0.0	0.0	0.0	0.0	0.0	0.0	0.0	0.0	0.0
59739	Flammeovirga	genus	0.0	0.0	0.0	0.0	0.0	0.0	0.0	0.0	0.0	0.0	0.0	0.0	0.0	0.0	0.0	0.0	0.0	0.0	0.0	0.0	0.0	0.0	0.0	0.0	0.0	0.0	0.0	0.0	0.0	0.0	0.0	0.0	0.0	0.0	0.0	0.0	0.0	0.0	0.0	0.0	0.0	0.0	0.0	0.0	0.0	0.0	0.0	0.0	0.0	0.0	0.0	0.0	0.0	0.0	0.0	0.0	0.0	0.0	0.0	0.0	0.0	0.0	0.0	0.0	0.0	0.0	0.0	0.0	0.0	0.0	0.0	0.0	0.0	0.0	0.0	0.0	0.0	0.0	0.0	0.0
869806	Marivirga	genus	0.0	0.0	0.0	0.0	0.0	0.0	0.0	0.0	0.0	0.0	0.0	0.0	0.0	0.0	0.0	0.0	0.0	0.0	0.0	0.0	0.0	0.0	0.0	0.0	0.0	0.0	0.0	0.0	0.0	0.0	0.0	0.0	0.0	0.0	0.0	0.0	0.0	0.0	0.0	0.0	0.0	0.0	0.0	0.0	0.0	0.0	0.0	0.0	0.0	0.0	0.0	0.0	0.0	0.0	0.0	0.0	0.0	0.0	0.0	0.0	0.0	0.0	0.0	0.0	0.0	0.0	0.0	0.0	0.0	0.0	0.0	0.0	0.0	0.0	0.0	0.0	0.0	0.0	0.0	0.0
59740	Persicobacter	genus	0.0	0.0	0.0	0.0	0.0	0.0	0.0	0.0	0.0	0.0	0.0	0.0	0.0	0.0	0.0	0.0	0.0	0.0	0.0	0.0	0.0	0.0	0.0	0.0	0.0	0.0	0.0	0.0	0.0	0.0	0.0	0.0	0.0	0.0	0.0	0.0	0.0	0.0	0.0	0.0	0.0	0.0	0.0	0.0	0.0	0.0	0.0	0.0	0.0	0.0	0.0	0.0	0.0	0.0	0.0	0.0	0.0	0.0	0.0	0.0	0.0	0.0	0.0	0.0	0.0	0.0	0.0	0.0	0.0	0.0	0.0	0.0	0.0	0.0	0.0	0.0	0.0	0.0	0.0	0.0
84567	Pedobacter	genus	0.00031232919497149996	0.0003333905822211895	0.0001288936627282492	0.00037602300376023004	7.257596284110703e-05	1.4147273113107449e-05	0.0009060626249167222	0.0003611271069814654	0.00023149954480426583	0.00016677999153270814	0.00022157763274514543	5.855460216652028e-05	0.00021378743805214393	0.00013056122373771513	0.0002000369559800031	0.0002127579690374579	0.00017402296774829054	0.00015783965023959446	6.807369763234443e-05	0.00021264521342269748	4.696150937529857e-05	0.00022143512942987765	0.00019541097823700697	0.00024026650684894527	0.0002369327972429638	0.00044693514226193875	0.00023921966545129787	7.978086854772225e-05	0.00020560491458050366	9.358476440035563e-05	0.00013902979062356378	0.00012260888904941044	0.00023746146904972444	0.0001940369592915887	7.14969544041252e-05	0.00011269510339775736	0.00028726857804062744	9.987360822683019e-05	0.00017751301653351015	6.153744198320975e-05	0.0001903688029463233	0.00012793641288074694	0.0005401438769640741	0.0002892241282758421	0.00014676842610876874	0.00010540713817139696	0.0001145286346216368	8.257869114044984e-05	0.00019064760737252747	0.0003081161416609272	0.00026574426572349095	0.00019114443076173593	0.00011849966362890757	0.00025616418617485653	0.00012302006472827878	0.00012917237265494384	0.00030508629881380783	0.0001907557579625541	0.0006235604170173253	0.0002971683637081425	0.00014722054526932962	0.00013053829434106135	0.000247029019129715	0.00019142061697981002	5.0539577923877616e-05	0.00020873329974990072	9.789042659398244e-05	0.000417228420105428	0.0008486749013622649	0.00018506885807176044	0.00016898607904335054	5.2116554312948e-06	0.0003847935055028877	0.00017983777710260334	1.4372369582317016e-05	0.0003127456659876287	0.0006294205220323066	6.213407766279908e-05	0.0001833756065548444	0.0005421723945359337
28453	Sphingobacterium	genus	4.684937924572499e-05	3.0308234747380865e-05	1.4321518080916577e-05	2.2119000221190002e-05	9.676795045480936e-06	4.715757704369149e-06	4.4414834554741284e-05	3.253397360193382e-06	1.5606710885680843e-05	6.414615058950312e-06	6.7144737195498615e-06	0.0	2.020038784744667e-05	1.052913094658993e-05	5.0856853215255025e-06	1.8772761973893347e-05	1.1492082775830508e-05	6.129695154935707e-06	7.854657419116665e-06	1.3290325838918592e-05	3.2387247845033495e-06	1.044505327499423e-05	4.824962425605111e-06	1.4847930198530324e-05	1.0051694428489375e-05	1.7380811087964285e-05	1.6944726302800267e-05	3.1286615116753826e-06	7.268860616482453e-06	1.83499538039913e-06	6.071169896225493e-06	1.9009130085179912e-06	0.0	2.1710429011646287e-05	5.231484468594527e-06	8.89698184719137e-06	1.4062098225764979e-05	3.4439175250631096e-06	7.831456611772506e-06	4.733649383323827e-06	7.32187703639705e-06	4.5367522298137206e-06	1.7531717799452176e-05	1.1200023190636253e-05	3.638886597738068e-06	6.2004198924351154e-06	1.2314906948563096e-05	0.0	6.149922818468628e-06	1.6614105677795098e-05	1.6446713513831685e-05	1.014926181035766e-05	2.79920465265136e-06	1.0359581058541992e-05	1.5572160092187188e-06	3.1505456745108253e-06	2.6031254165000666e-05	6.540197415858997e-06	3.388915309876768e-05	2.3053060942207418e-05	5.9283441048052195e-06	8.28814567244834e-06	1.1791361294974462e-05	8.903284510688838e-06	1.6303089652863747e-06	6.978924915650176e-06	4.859808412467213e-06	1.946028078849944e-05	1.818207098066604e-05	9.787295378795025e-06	4.930628300999618e-06	0.0	2.1890907392705365e-05	5.635941732560219e-06	7.307984533381534e-07	1.8071980699124614e-05	4.263128838148182e-05	3.3585987925837342e-06	6.602182054179817e-06	3.3249621191815705e-05
1649482	Pseudopedobacter	genus	0.0	0.0	0.0	0.0	0.0	0.0	0.0	0.0	0.0	0.0	0.0	0.0	0.0	0.0	0.0	0.0	0.0	0.0	0.0	0.0	0.0	0.0	0.0	0.0	0.0	0.0	0.0	0.0	0.0	0.0	0.0	0.0	0.0	0.0	0.0	0.0	0.0	0.0	0.0	0.0	0.0	0.0	0.0	0.0	0.0	0.0	0.0	0.0	0.0	0.0	0.0	0.0	0.0	0.0	0.0	0.0	0.0	0.0	0.0	0.0	0.0	0.0	0.0	0.0	0.0	0.0	0.0	0.0	0.0	0.0	0.0	0.0	0.0	0.0	0.0	0.0	0.0	0.0	0.0	0.0
929509	Solitalea	genus	0.0	0.0	0.0	0.0	0.0	0.0	0.0	0.0	0.0	0.0	0.0	0.0	0.0	0.0	0.0	0.0	0.0	0.0	0.0	0.0	0.0	0.0	0.0	0.0	0.0	0.0	0.0	0.0	0.0	0.0	0.0	0.0	0.0	0.0	0.0	0.0	0.0	0.0	0.0	0.0	0.0	0.0	0.0	0.0	0.0	0.0	0.0	0.0	0.0	0.0	0.0	0.0	0.0	0.0	0.0	0.0	0.0	0.0	0.0	0.0	0.0	0.0	0.0	0.0	0.0	0.0	0.0	0.0	0.0	0.0	0.0	0.0	0.0	0.0	0.0	0.0	0.0	0.0	0.0	0.0
423349	Mucilaginibacter	genus	0.0	0.0	0.0	0.0	0.0	0.0	0.0	0.0	0.0	0.0	0.0	0.0	0.0	0.0	0.0	0.0	0.0	0.0	0.0	0.0	0.0	0.0	0.0	0.0	0.0	0.0	0.0	0.0	0.0	0.0	0.0	0.0	0.0	0.0	0.0	0.0	0.0	0.0	0.0	0.0	0.0	0.0	0.0	0.0	0.0	0.0	0.0	0.0	0.0	0.0	0.0	0.0	0.0	0.0	0.0	0.0	0.0	0.0	0.0	0.0	0.0	0.0	0.0	0.0	0.0	0.0	0.0	0.0	0.0	0.0	0.0	0.0	0.0	0.0	0.0	0.0	0.0	0.0	0.0	0.0
379899	Niabella	genus	6.24658389943e-05	1.0102744915793621e-05	0.0	0.00011059500110595002	2.4191987613702342e-05	0.0	0.00025760604041749944	7.808153664464117e-05	0.0005514371179607231	1.2829230117900625e-05	1.3428947439099723e-05	4.504200166655406e-06	3.535067873303168e-05	4.422234997567771e-05	2.034274128610201e-05	6.257587324631115e-05	1.805898721916223e-05	1.9921509253541048e-05	1.570931483823333e-05	4.385807526843136e-05	1.2954899138013398e-05	1.5667579912491343e-05	6.0312030320063884e-05	3.239548406952071e-05	2.2975301550832854e-05	0.00029795676150795917	2.2925217939082713e-05	3.128661511675382e-05	8.411110141929696e-05	6.422483831396955e-06	6.6782868858480424e-06	1.8058673580920918e-05	4.2969218208997754e-05	6.513128703493886e-05	1.3950625249585405e-05	2.0759624310113198e-05	0.00010446130110568269	2.2385463912910213e-05	4.046252582749128e-05	7.1004740749857395e-06	4.28852797846113e-05	1.8147008919254882e-05	0.00011604327495827868	1.9105921913438315e-05	3.274997937964261e-05	1.4881007741844277e-05	8.620434863994168e-06	1.90566210324115e-05	2.7674652683108826e-05	0.00010421575379707834	4.328082503639918e-05	8.203986630039109e-05	2.0527500786109973e-05	6.404104654371413e-05	1.920566411369753e-05	2.730472917909382e-05	6.872251099560176e-05	2.7250822566079156e-05	6.551902932428418e-05	1.2246938625547691e-05	2.1737261717619136e-05	1.3813576120747232e-05	2.063488226620531e-05	7.21166045365796e-05	6.521235861145499e-06	5.26591607271786e-05	3.4018658887270494e-05	0.00047249561754476643	4.1711809896822093e-05	8.986516665984522e-05	2.3308424695634557e-05	1.1699634641682204e-06	0.00016296564392347327	1.9981975233622594e-05	3.6539922666907666e-06	2.6103972120957775e-05	2.2838190204365262e-05	6.237397757655506e-06	1.3204364108359634e-05	6.921349717480004e-05
354354	Niastella	genus	0.0	0.0	0.0	0.0	0.0	0.0	0.0	0.0	0.0	0.0	0.0	0.0	0.0	0.0	0.0	0.0	0.0	0.0	0.0	0.0	0.0	0.0	0.0	0.0	0.0	0.0	0.0	0.0	0.0	0.0	0.0	0.0	0.0	0.0	0.0	0.0	0.0	0.0	0.0	0.0	0.0	0.0	0.0	0.0	0.0	0.0	0.0	0.0	0.0	0.0	0.0	0.0	0.0	0.0	0.0	0.0	0.0	0.0	0.0	0.0	0.0	0.0	0.0	0.0	0.0	0.0	0.0	0.0	0.0	0.0	0.0	0.0	0.0	0.0	0.0	0.0	0.0	0.0	0.0	0.0
1769012	Arachidicoccus	genus	0.0	0.0	0.0	0.0	0.0	0.0	0.0	0.0	0.0	0.0	0.0	0.0	0.0	0.0	0.0	0.0	0.0	0.0	0.0	0.0	0.0	0.0	0.0	0.0	0.0	0.0	0.0	0.0	0.0	0.0	0.0	0.0	0.0	0.0	0.0	0.0	0.0	0.0	0.0	0.0	0.0	0.0	0.0	0.0	0.0	0.0	0.0	0.0	0.0	0.0	0.0	0.0	0.0	0.0	0.0	0.0	0.0	0.0	0.0	0.0	0.0	0.0	0.0	0.0	0.0	0.0	0.0	0.0	0.0	0.0	0.0	0.0	0.0	0.0	0.0	0.0	0.0	0.0	0.0	0.0
79328	Chitinophaga	genus	0.0	0.0	0.0	0.0	0.0	0.0	0.0	0.0	0.0	0.0	0.0	0.0	0.0	0.0	0.0	0.0	0.0	0.0	0.0	0.0	0.0	0.0	0.0	0.0	0.0	0.0	0.0	0.0	0.0	0.0	0.0	0.0	0.0	0.0	0.0	0.0	0.0	0.0	0.0	0.0	0.0	0.0	0.0	0.0	0.0	0.0	0.0	0.0	0.0	0.0	0.0	0.0	0.0	0.0	0.0	0.0	0.0	0.0	0.0	0.0	0.0	0.0	0.0	0.0	0.0	0.0	0.0	0.0	0.0	0.0	0.0	0.0	0.0	0.0	0.0	0.0	0.0	0.0	0.0	0.0
398041	Flavisolibacter	genus	0.0	0.0	0.0	0.0	0.0	0.0	0.0	0.0	0.0	0.0	0.0	0.0	0.0	0.0	0.0	0.0	0.0	0.0	0.0	0.0	0.0	0.0	0.0	0.0	0.0	0.0	0.0	0.0	0.0	0.0	0.0	0.0	0.0	0.0	0.0	0.0	0.0	0.0	0.0	0.0	0.0	0.0	0.0	0.0	0.0	0.0	0.0	0.0	0.0	0.0	0.0	0.0	0.0	0.0	0.0	0.0	0.0	0.0	0.0	0.0	0.0	0.0	0.0	0.0	0.0	0.0	0.0	0.0	0.0	0.0	0.0	0.0	0.0	0.0	0.0	0.0	0.0	0.0	0.0	0.0
2349	Haliscomenobacter	genus	0.0	0.0	0.0	0.0	0.0	0.0	0.0	0.0	0.0	0.0	0.0	0.0	0.0	0.0	0.0	0.0	0.0	0.0	0.0	0.0	0.0	0.0	0.0	0.0	0.0	0.0	0.0	0.0	0.0	0.0	0.0	0.0	0.0	0.0	0.0	0.0	0.0	0.0	0.0	0.0	0.0	0.0	0.0	0.0	0.0	0.0	0.0	0.0	0.0	0.0	0.0	0.0	0.0	0.0	0.0	0.0	0.0	0.0	0.0	0.0	0.0	0.0	0.0	0.0	0.0	0.0	0.0	0.0	0.0	0.0	0.0	0.0	0.0	0.0	0.0	0.0	0.0	0.0	0.0	0.0
1007	Saprospira	genus	0.0	0.0	0.0	0.0	0.0	0.0	0.0	0.0	0.0	0.0	0.0	0.0	0.0	0.0	0.0	0.0	0.0	0.0	0.0	0.0	0.0	0.0	0.0	0.0	0.0	0.0	0.0	0.0	0.0	0.0	0.0	0.0	0.0	0.0	0.0	0.0	0.0	0.0	0.0	0.0	0.0	0.0	0.0	0.0	0.0	0.0	0.0	0.0	0.0	0.0	0.0	0.0	0.0	0.0	0.0	0.0	0.0	0.0	0.0	0.0	0.0	0.0	0.0	0.0	0.0	0.0	0.0	0.0	0.0	0.0	0.0	0.0	0.0	0.0	0.0	0.0	0.0	0.0	0.0	0.0
29548	Rhodothermus	genus	0.0	0.0	0.0	0.0	0.0	0.0	0.0	0.0	0.0	0.0	0.0	0.0	0.0	0.0	0.0	0.0	0.0	0.0	0.0	0.0	0.0	0.0	0.0	0.0	0.0	0.0	0.0	0.0	0.0	0.0	0.0	0.0	0.0	0.0	0.0	0.0	0.0	0.0	0.0	0.0	0.0	0.0	0.0	0.0	0.0	0.0	0.0	0.0	0.0	0.0	0.0	0.0	0.0	0.0	0.0	0.0	0.0	0.0	0.0	0.0	0.0	0.0	0.0	0.0	0.0	0.0	0.0	0.0	0.0	0.0	0.0	0.0	0.0	0.0	0.0	0.0	0.0	0.0	0.0	0.0
146918	Salinibacter	genus	0.0	0.0	0.0	0.0	0.0	0.0	0.0	0.0	0.0	0.0	0.0	0.0	0.0	0.0	0.0	0.0	0.0	0.0	0.0	0.0	0.0	0.0	0.0	0.0	0.0	0.0	0.0	0.0	0.0	0.0	0.0	0.0	0.0	0.0	0.0	0.0	0.0	0.0	0.0	0.0	0.0	0.0	0.0	0.0	0.0	0.0	0.0	0.0	0.0	0.0	0.0	0.0	0.0	0.0	0.0	0.0	0.0	0.0	0.0	0.0	0.0	0.0	0.0	0.0	0.0	0.0	0.0	0.0	0.0	0.0	0.0	0.0	0.0	0.0	0.0	0.0	0.0	0.0	0.0	0.0
1091	Chlorobium	genus	3.123291949715e-05	1.0102744915793621e-05	0.0	2.2119000221190002e-05	1.4515192568221405e-05	1.4147273113107449e-05	0.00010659560293137908	6.506794720386764e-06	7.803355442840421e-06	1.924384517685094e-05	4.7001316036849034e-05	4.504200166655406e-06	6.901799181210946e-05	1.2634957135907916e-05	1.6952284405085006e-05	5.006069859704892e-05	4.925178332498789e-06	1.0726966521137488e-05	7.854657419116665e-06	1.4619358422810452e-05	3.076788545278182e-05	2.089010654998846e-06	3.618721819203833e-06	1.0798494689840236e-05	8.61573808156232e-06	7.697216338955612e-05	7.973988848376596e-06	2.346496133756537e-05	2.0768173189949864e-05	1.7432456113791733e-05	1.2142339792450986e-06	2.8513695127769866e-06	1.809230240378853e-05	3.527944714392522e-05	1.3950625249585405e-05	2.7679499080150932e-05	4.2186294677294934e-05	1.3775670100252438e-05	1.5662913223545013e-05	1.1834123458309566e-06	6.275894602626044e-06	6.35145312173921e-06	8.348437047358179e-06	5.270599148534707e-06	6.064810996230114e-06	4.464302322553283e-05	6.157453474281548e-06	6.352207010803834e-06	9.224884227702943e-06	6.645642271118039e-05	1.4715480512375719e-05	1.353234908047688e-05	2.3326705438761334e-05	4.143832423416797e-05	7.786080046093593e-06	7.666327807976342e-05	2.186625349860056e-05	7.085213867180581e-06	8.133396743704242e-05	7.204081544439818e-07	1.2844745560411308e-05	3.453394030186808e-06	9.43308903597957e-06	1.602591211923991e-05	8.151544826431873e-06	1.3957849831300352e-05	1.5967941926677987e-05	5.604560867087839e-05	2.0321138154862046e-05	5.160573927001013e-05	1.2550690220726299e-05	6.38161889546302e-07	2.2863836610158938e-05	1.4858391840386031e-05	5.6027881422591755e-06	1.6565982307530895e-05	3.349601229973572e-06	4.078298533851677e-06	1.8156000648994495e-06	0.00012892710258050988
1099	Pelodictyon	genus	0.0	0.0	0.0	0.0	0.0	0.0	0.0	6.506794720386764e-06	0.0	0.0	6.7144737195498615e-06	0.0	1.6833656539538892e-06	0.0	0.0	3.1287936623155576e-06	0.0	1.5324237887339268e-06	0.0	0.0	3.2387247845033495e-06	0.0	1.2062406064012777e-06	0.0	1.4359563469270533e-06	0.0	9.967486060470745e-07	0.0	0.0	0.0	0.0	0.0	4.523075600947132e-06	0.0	0.0	0.0	4.017742350218565e-06	1.7219587625315548e-06	0.0	0.0	0.0	0.0	8.348437047358179e-07	0.0	1.2129621992460227e-06	1.240083978487023e-06	6.157453474281549e-07	1.2704414021607666e-06	0.0	3.0207464868718358e-06	8.656165007279835e-07	0.0	1.8661364351009068e-06	9.417800962310902e-07	0.0	7.351273240525259e-06	0.0	0.0	1.3555661239507071e-05	0.0	1.9761147016017397e-06	0.0	0.0	1.7806569021377677e-06	0.0	0.0	6.942583446381734e-07	3.8920561576998886e-06	5.347667935490012e-07	3.559016501380009e-06	1.344716809363532e-06	1.0636031492438366e-07	9.729292174535718e-07	1.0247166786473126e-06	0.0	5.019994638645725e-07	0.0	0.0	0.0	6.785636977921573e-07
256319	Chlorobaculum	genus	9.369875849144998e-05	9.092470424214259e-05	0.00017185821697099891	0.000387082503870825	8.709115540932843e-05	4.715757704369149e-06	0.0004619142793693093	0.0001626698680096691	9.884250227597868e-05	8.01826882368789e-05	0.00011414605323234765	0.00037384861383239873	9.25851109674639e-05	0.00010318548327658132	9.154233578745903e-05	0.00026907625495913793	8.044457943081356e-05	6.89590704930267e-05	7.723746462131388e-05	0.00016745810557037427	0.00021537519816947277	5.01362557199723e-05	9.288052669289838e-05	5.804190895789127e-05	8.61573808156232e-05	0.0002805759504199949	7.874313987771888e-05	0.00023152095186397832	0.0001422619863511566	0.00011927469972594344	1.2749456782073535e-05	6.938332481090668e-05	0.0006920305669449112	0.00020217837017095605	0.00011160500199668324	0.00019474504709963335	0.0002330290563126768	0.00017391783501568704	0.0001122508781020726	9.230616297481461e-05	0.00010878217311218476	7.712478790683326e-05	6.678749637886543e-05	4.875304212394605e-05	0.00011401844672912614	0.00016493116913877408	5.788006265824655e-05	0.00013847811283552357	0.00011684853355090394	0.0004561327195176472	7.530863556333456e-05	0.00010233838992110641	0.00013716102797991665	0.0002514552856937011	7.578451244864431e-05	0.0004925353071151923	0.0002030437824870052	8.06624347955943e-05	0.0007602466678490215	1.2607142702769682e-05	0.00016698169228534701	7.321195343996033e-05	5.954637453962104e-05	0.0002751114913802851	0.00010977413699594922	0.00014021294603260806	0.00019439233649868855	0.0003713021574445693	0.00010267522436140824	0.00030963443562006073	0.00012192099071562691	4.04169196712658e-06	0.00013377776739986614	0.00015063335176115493	2.4359948444605112e-05	0.00014055984988208033	1.674800614986786e-05	1.3194495256578955e-05	1.0233382183978716e-05	0.00021171187371115307
1101	Prosthecochloris	genus	0.0	0.0	0.0	0.0	0.0	0.0	1.7765933821896515e-05	3.253397360193382e-06	7.803355442840421e-06	0.0	6.7144737195498615e-06	0.0	1.0100193923723335e-05	6.317478567953958e-06	1.6952284405085007e-06	1.8772761973893347e-05	3.2834522216658596e-06	1.0726966521137488e-05	7.854657419116665e-06	5.316130335567437e-06	4.858087176755024e-06	8.356042619995384e-06	9.649924851210222e-06	4.049435508690089e-06	8.61573808156232e-06	7.4489190376989795e-06	2.9902458181412234e-06	6.257323023350765e-06	3.11522597849248e-06	6.422483831396955e-06	4.249818927357845e-06	1.2355934555366943e-05	1.583076460331496e-05	1.356901813227893e-05	3.4876563123963513e-06	7.908428308614552e-06	1.2053227050655696e-05	0.0	3.915728305886253e-06	1.1834123458309566e-06	3.137947301313022e-06	3.629401783850977e-06	9.183280752093997e-06	9.223548509935739e-06	6.064810996230114e-06	8.680587849409162e-06	1.1699161601134942e-05	1.2704414021607666e-06	1.024987136411438e-06	3.0207464868718358e-06	6.0593155050958845e-06	6.76617454023844e-06	2.79920465265136e-06	1.2243141251004174e-05	1.0381440061458125e-06	1.2602182698043301e-05	6.24750099960016e-06	5.450164513215831e-06	1.2426022802881481e-05	2.1612244633319455e-06	4.9402867540043495e-06	2.4173758211307657e-05	3.537408388492339e-06	6.232299157482187e-06	2.1737452870484995e-06	1.9033431588136843e-06	4.16555006782904e-06	2.023869202003942e-05	5.882434729039013e-06	1.0677049504140026e-05	3.5859114916360854e-06	2.1272062984876732e-07	1.1188686000716077e-05	4.09886671458925e-06	1.071837731562625e-05	3.0119967831874357e-06	1.5225460136243507e-06	7.19699741267943e-07	3.3010910270899083e-07	6.107073280129416e-06
100715	Chloroherpeton	genus	0.0	0.0	0.0	0.0	0.0	0.0	0.0	0.0	0.0	0.0	0.0	0.0	0.0	0.0	0.0	0.0	0.0	0.0	0.0	0.0	0.0	0.0	0.0	0.0	0.0	0.0	0.0	0.0	0.0	0.0	0.0	0.0	0.0	0.0	0.0	0.0	0.0	0.0	0.0	0.0	0.0	0.0	0.0	0.0	0.0	0.0	0.0	0.0	0.0	0.0	0.0	0.0	0.0	0.0	0.0	0.0	0.0	0.0	0.0	0.0	0.0	0.0	0.0	0.0	0.0	0.0	0.0	0.0	0.0	0.0	0.0	0.0	0.0	0.0	0.0	0.0	0.0	0.0	0.0	0.0
795750	Ignavibacterium	genus	0.0	0.0	0.0	0.0	0.0	0.0	0.0	0.0	0.0	0.0	0.0	0.0	0.0	0.0	0.0	0.0	0.0	0.0	0.0	0.0	0.0	0.0	0.0	0.0	0.0	0.0	0.0	0.0	0.0	0.0	0.0	0.0	0.0	0.0	0.0	0.0	0.0	0.0	0.0	0.0	0.0	0.0	0.0	0.0	0.0	0.0	0.0	0.0	0.0	0.0	0.0	0.0	0.0	0.0	0.0	0.0	0.0	0.0	0.0	0.0	0.0	0.0	0.0	0.0	0.0	0.0	0.0	0.0	0.0	0.0	0.0	0.0	0.0	0.0	0.0	0.0	0.0	0.0	0.0	0.0
1134403	Melioribacter	genus	0.0	0.0	0.0	0.0	0.0	0.0	0.0	0.0	0.0	0.0	0.0	0.0	0.0	0.0	0.0	0.0	0.0	0.0	0.0	0.0	0.0	0.0	0.0	0.0	0.0	0.0	0.0	0.0	0.0	0.0	0.0	0.0	0.0	0.0	0.0	0.0	0.0	0.0	0.0	0.0	0.0	0.0	0.0	0.0	0.0	0.0	0.0	0.0	0.0	0.0	0.0	0.0	0.0	0.0	0.0	0.0	0.0	0.0	0.0	0.0	0.0	0.0	0.0	0.0	0.0	0.0	0.0	0.0	0.0	0.0	0.0	0.0	0.0	0.0	0.0	0.0	0.0	0.0	0.0	0.0
173479	Gemmatimonas	genus	0.0	0.0	0.0	0.0	0.0	0.0	0.0	0.0	0.0	0.0	0.0	0.0	0.0	0.0	0.0	0.0	0.0	0.0	0.0	0.0	0.0	0.0	0.0	0.0	0.0	0.0	0.0	0.0	0.0	0.0	0.0	0.0	0.0	0.0	0.0	0.0	0.0	0.0	0.0	0.0	0.0	0.0	0.0	0.0	0.0	0.0	0.0	0.0	0.0	0.0	0.0	0.0	0.0	0.0	0.0	0.0	0.0	0.0	0.0	0.0	0.0	0.0	0.0	0.0	0.0	0.0	0.0	0.0	0.0	0.0	0.0	0.0	0.0	0.0	0.0	0.0	0.0	0.0	0.0	0.0
832	Fibrobacter	genus	0.0	0.0	0.0	0.0	0.0	0.0	0.0	0.0	0.0	0.0	0.0	0.0	0.0	0.0	0.0	0.0	0.0	0.0	0.0	0.0	0.0	0.0	0.0	0.0	0.0	0.0	0.0	0.0	0.0	0.0	0.0	0.0	0.0	0.0	0.0	0.0	0.0	0.0	0.0	0.0	0.0	0.0	0.0	0.0	0.0	0.0	0.0	0.0	0.0	0.0	0.0	0.0	0.0	0.0	0.0	0.0	0.0	0.0	0.0	0.0	0.0	0.0	0.0	0.0	0.0	0.0	0.0	0.0	0.0	0.0	0.0	0.0	0.0	0.0	0.0	0.0	0.0	0.0	0.0	0.0
32068	Sebaldella	genus	0.0	0.0	0.0	0.0	0.0	0.0	0.0	0.0	0.0	0.0	0.0	0.0	0.0	0.0	0.0	0.0	0.0	0.0	0.0	0.0	0.0	0.0	0.0	0.0	0.0	0.0	0.0	0.0	0.0	0.0	0.0	0.0	0.0	0.0	0.0	0.0	0.0	0.0	0.0	0.0	0.0	0.0	0.0	0.0	0.0	0.0	0.0	0.0	0.0	0.0	0.0	0.0	0.0	0.0	0.0	0.0	0.0	0.0	0.0	0.0	0.0	0.0	0.0	0.0	0.0	0.0	0.0	0.0	0.0	0.0	0.0	0.0	0.0	0.0	0.0	0.0	0.0	0.0	0.0	0.0
32067	Leptotrichia	genus	0.0028578121339892246	0.002616610933190548	0.0010741138560687433	0.0005972130059721301	0.0017176311205728662	2.8294546226214898e-05	0.00039973351099267156	0.001405467659603541	0.000660684094160489	0.001703080298151308	0.0009333118470174307	0.0005359998198319933	0.0005083764274940746	0.0007012401210428894	0.0021715876322913894	0.0001845988260766179	0.004600116562553869	0.004298448727398665	0.0022071587347717828	0.0005156646425500414	0.0005764930116415962	0.00021307908680988228	0.0017237178265474258	0.0013376635297039593	0.0019773118897185526	0.0008342789322222856	0.0002521773973299098	0.00024559992866651754	0.0007518078694761851	0.0008312529073208058	3.217720044999511e-05	0.0013857655832096155	0.00025555377145351294	0.0003283702388011501	0.002514600201237769	0.0008284078653273743	0.0013921477243507329	0.0008695891750784352	0.0005129604080710992	0.0007242483556485455	0.0005920260575143901	0.001482610628703124	0.0002487834240112737	0.00020291806721858623	0.0023203966871576413	0.0005456369505342902	0.0009556367792084963	0.001154831234564137	0.0004294696101563925	0.0002280663597588236	0.00023285083869582754	0.00836806636263989	0.0005477110437021161	0.00021566764203691968	0.0019127803313236595	7.351273240525259e-05	0.0007163801146208183	0.00017331523152026344	0.00012764914333869158	5.4030611583298635e-05	0.0002163845598253905	0.0006312804287181485	0.0011767778572384514	0.0012998795385605704	0.002873147833156354	0.0006978924915650176	0.0004221090735400094	0.00015646065753953552	0.001305900509846661	0.0011531213464471227	0.0020076621963797535	5.956177635765485e-06	0.00038527997011161445	0.00017112768533410119	7.868263347607451e-05	0.002602365220673944	0.0001979309817711656	1.5833394307894745e-05	0.00011355753133189284	0.00017574799772816874
34104	Streptobacillus	genus	0.0	0.0	0.0	0.0	0.0	0.0	0.0	0.0	0.0	0.0	0.0	0.0	0.0	0.0	0.0	0.0	0.0	0.0	0.0	0.0	0.0	0.0	0.0	0.0	0.0	0.0	0.0	0.0	0.0	0.0	0.0	0.0	0.0	0.0	0.0	0.0	0.0	0.0	0.0	0.0	0.0	0.0	0.0	0.0	0.0	0.0	0.0	0.0	0.0	0.0	0.0	0.0	0.0	0.0	0.0	0.0	0.0	0.0	0.0	0.0	0.0	0.0	0.0	0.0	0.0	0.0	0.0	0.0	0.0	0.0	0.0	0.0	0.0	0.0	0.0	0.0	0.0	0.0	0.0	0.0
168808	Sneathia	genus	0.0	0.0	0.0	0.0	0.0	0.0	0.0	0.0	0.0	0.0	0.0	0.0	0.0	0.0	0.0	0.0	0.0	0.0	0.0	0.0	0.0	0.0	0.0	0.0	0.0	0.0	0.0	0.0	0.0	0.0	0.0	0.0	0.0	0.0	0.0	0.0	0.0	0.0	0.0	0.0	0.0	0.0	0.0	0.0	0.0	0.0	0.0	0.0	0.0	0.0	0.0	0.0	0.0	0.0	0.0	0.0	0.0	0.0	0.0	0.0	0.0	0.0	0.0	0.0	0.0	0.0	0.0	0.0	0.0	0.0	0.0	0.0	0.0	0.0	0.0	0.0	0.0	0.0	0.0	0.0
848	Fusobacterium	genus	0.005715624267978449	0.004930139518907287	0.0035660580021482278	0.0036053970360539703	0.004252951422488872	0.00026408243144467237	0.004370419720186543	0.003741406964222389	0.0020054623488099882	0.003367672905948914	0.0037735342303870222	0.0016755624619958112	0.0013584760827407886	0.0017541532157018824	0.004090586226947013	0.0026657322002928553	0.008443397388013758	0.007639132586838625	0.0017214790843564024	0.0019124778882203856	0.0013489288727456452	0.000780245479642069	0.0035596160294901705	0.0034852141611459364	0.004576392877656519	0.00235882436193801	0.0014552529648287286	0.001550251779035152	0.002264769286364033	0.0038461503173165762	0.00028534498512259817	0.002994888444920095	0.0023045070186825637	0.0010828076469558585	0.005580250099834162	0.001354318347850242	0.005026195680123425	0.002619099277810495	0.0014292408316484825	0.001661510933546663	0.0020480336053236322	0.0031947809202348223	0.0011996704037053703	0.0009282842750356754	0.003845090171609892	0.0022309110772981548	0.002043043062766618	0.003184996595217042	0.001801927385811308	0.0032110535155447616	0.0014343265417062687	0.012519960214893704	0.0020826082615726118	0.003590065726832916	0.0034793396365976905	0.0013295302746435683	0.0035798180727708915	0.000767383163460789	0.0009093589414835994	0.0005828101969451813	0.003682489746434842	0.002275095987087069	0.003464891516528246	0.003531042636939193	0.005905522508589011	0.002212319198261106	0.0011955128694669346	0.0013809015247519204	0.003133733410197147	0.003332129199417033	0.0040735954544985934	3.5843426129517295e-05	0.0016418180544529024	0.0011896960639095299	0.00046624941322974183	0.006359329208236406	0.0010274140499937118	0.00027972329943947387	0.0003741786679206411	0.003378568651307151
167639	Ilyobacter	genus	0.0	0.0	0.0	0.0	0.0	0.0	0.0	0.0	0.0	0.0	0.0	0.0	0.0	0.0	0.0	0.0	0.0	0.0	0.0	0.0	0.0	0.0	0.0	0.0	0.0	0.0	0.0	0.0	0.0	0.0	0.0	0.0	0.0	0.0	0.0	0.0	0.0	0.0	0.0	0.0	0.0	0.0	0.0	0.0	0.0	0.0	0.0	0.0	0.0	0.0	0.0	0.0	0.0	0.0	0.0	0.0	0.0	0.0	0.0	0.0	0.0	0.0	0.0	0.0	0.0	0.0	0.0	0.0	0.0	0.0	0.0	0.0	0.0	0.0	0.0	0.0	0.0	0.0	0.0	0.0
239934	Akkermansia	genus	0.000327945654720075	0.00032328783730539587	0.0006874328678839957	0.00028754700287547	0.00011128314302303077	0.0	0.00022207417277370642	0.00017568345745044262	0.00018988164910911691	0.00020206037435693483	9.400263207369807e-05	0.0006801342251649663	3.703404438698556e-05	6.317478567953958e-05	6.102822385830602e-05	0.0009699260353178229	0.0001214877322016368	0.00017776115949313552	6.676458806249166e-05	0.0001435355190603208	0.0001797492255399359	1.5667579912491343e-05	0.00015198631640656098	7.693927466511169e-05	0.0001321079839172889	0.0006728856864054745	4.485368727211835e-05	0.0005490800952990296	0.00010799450058773931	9.358476440035563e-05	3.0355849481127467e-06	5.322556423850375e-05	0.0017866148623741172	0.00020217837017095605	0.00017438281561981756	0.00014927158432509967	0.00029329519156595527	8.437597936404619e-05	0.0001331347624001326	0.0001609440790330101	0.0001589893299331931	0.0001415466695701881	4.6751247465205805e-05	6.85177889309512e-05	8.49073539472216e-05	0.00015625058128936493	3.879195688797375e-05	0.000190566210324115	0.00011889850782372681	0.00023108710624569545	8.39648005706144e-05	0.0001031841617386362	0.00012969648223951302	0.00011018827125903755	0.00011211955266374775	0.0004484276676720408	0.00030716879914700787	6.104184254801732e-05	0.00043604043653747745	8.284693776105791e-06	0.00010967436593889656	2.0029685375083487e-05	4.244890066190807e-05	0.0001932012738819478	4.7278959993304865e-05	0.00023728344713210597	0.00037906505617244266	0.00018993234049575455	0.00012620496327756428	0.0002500209092219456	0.000125506902207263	4.998934801446032e-06	0.0001970181665343483	6.711894245139896e-05	1.559036700454727e-05	0.00017871180913578785	6.090184054497403e-06	7.436897326435411e-06	5.611854746052844e-06	9.974886357544712e-05
511745	Methylacidiphilum (ex Ratnadevi et al. 2023)	genus	6.24658389943e-05	0.0	4.296455424274973e-05	2.2119000221190002e-05	9.676795045480936e-06	0.0	5.329780146568954e-05	1.3013589440773528e-05	2.601118480946807e-06	3.207307529475156e-06	6.7144737195498615e-06	0.00015314280566628381	1.6833656539538892e-06	6.317478567953958e-06	5.0856853215255025e-06	4.380311127241781e-05	8.208630554164648e-06	4.597271366201781e-06	5.23643827941111e-06	2.6580651677837185e-06	1.4574261530265073e-05	3.1335159824982687e-06	4.824962425605111e-06	5.399247344920118e-06	1.0051694428489375e-05	8.44210824272551e-05	3.986994424188298e-06	9.229551459442379e-05	9.345677935477439e-06	1.3762465352993474e-05	6.071169896225493e-07	2.8513695127769866e-06	0.00013795380582888752	4.477775983652047e-05	8.719140780990878e-06	3.064515969588139e-05	3.8168552327076366e-05	3.099525772556799e-05	1.0441942149030008e-05	7.1004740749857395e-06	3.137947301313022e-06	4.5367522298137206e-06	3.3393748189432716e-06	1.9764746807005154e-06	1.2129621992460228e-05	1.7361175698818323e-05	3.078726737140774e-06	1.0163531217286133e-05	1.8449768455405885e-05	8.156015514553956e-05	6.924932005823868e-06	1.0995033627887464e-05	1.39960232632568e-05	3.767120384924361e-05	6.747936039947781e-06	0.00010606837104186446	2.499000399840064e-05	4.3601316105726655e-06	0.00010957492835268215	0.0	2.074920436681827e-05	6.216109254336254e-06	5.895680647487231e-06	6.677463383016628e-05	1.2499035400528873e-05	1.9667879307741403e-05	0.00016592774436852343	6.538654344935812e-05	8.55626869678402e-06	7.651885477967018e-05	5.378867237454128e-06	5.318015746219183e-07	2.6755553479973225e-05	1.7420183537004313e-05	1.2179974222302555e-06	1.5059983915937178e-05	1.2180368108994805e-06	7.19699741267943e-07	6.602182054179817e-07	2.9178239005062765e-05
178440	Opitutus	genus	0.0	0.0	0.0	0.0	0.0	0.0	0.0	0.0	0.0	0.0	0.0	0.0	0.0	0.0	0.0	0.0	0.0	0.0	0.0	0.0	0.0	0.0	0.0	0.0	0.0	0.0	0.0	0.0	0.0	0.0	0.0	0.0	0.0	0.0	0.0	0.0	0.0	0.0	0.0	0.0	0.0	0.0	0.0	0.0	0.0	0.0	0.0	0.0	0.0	0.0	0.0	0.0	0.0	0.0	0.0	0.0	0.0	0.0	0.0	0.0	0.0	0.0	0.0	0.0	0.0	0.0	0.0	0.0	0.0	0.0	0.0	0.0	0.0	0.0	0.0	0.0	0.0	0.0	0.0	0.0
442430	Coraliomargarita	genus	0.0	0.0	0.0	0.0	0.0	0.0	0.0	0.0	0.0	0.0	0.0	0.0	0.0	0.0	0.0	0.0	0.0	0.0	0.0	0.0	0.0	0.0	0.0	0.0	0.0	0.0	0.0	0.0	0.0	0.0	0.0	0.0	0.0	0.0	0.0	0.0	0.0	0.0	0.0	0.0	0.0	0.0	0.0	0.0	0.0	0.0	0.0	0.0	0.0	0.0	0.0	0.0	0.0	0.0	0.0	0.0	0.0	0.0	0.0	0.0	0.0	0.0	0.0	0.0	0.0	0.0	0.0	0.0	0.0	0.0	0.0	0.0	0.0	0.0	0.0	0.0	0.0	0.0	0.0	0.0
118	Planctomyces	genus	0.0	0.0	0.0	0.0	0.0	0.0	0.0	0.0	0.0	0.0	0.0	0.0	0.0	0.0	0.0	0.0	0.0	0.0	0.0	0.0	0.0	0.0	0.0	0.0	0.0	0.0	0.0	0.0	0.0	0.0	0.0	0.0	0.0	0.0	0.0	0.0	0.0	0.0	0.0	0.0	0.0	0.0	0.0	0.0	0.0	0.0	0.0	0.0	0.0	0.0	0.0	0.0	0.0	0.0	0.0	0.0	0.0	0.0	0.0	0.0	0.0	0.0	0.0	0.0	0.0	0.0	0.0	0.0	0.0	0.0	0.0	0.0	0.0	0.0	0.0	0.0	0.0	0.0	0.0	0.0
123	Pirellula	genus	0.0	0.0	0.0	0.0	0.0	0.0	0.0	0.0	0.0	0.0	0.0	0.0	0.0	0.0	0.0	0.0	0.0	0.0	0.0	0.0	0.0	0.0	0.0	0.0	0.0	0.0	0.0	0.0	0.0	0.0	0.0	0.0	0.0	0.0	0.0	0.0	0.0	0.0	0.0	0.0	0.0	0.0	0.0	0.0	0.0	0.0	0.0	0.0	0.0	0.0	0.0	0.0	0.0	0.0	0.0	0.0	0.0	0.0	0.0	0.0	0.0	0.0	0.0	0.0	0.0	0.0	0.0	0.0	0.0	0.0	0.0	0.0	0.0	0.0	0.0	0.0	0.0	0.0	0.0	0.0
1649490	Rubinisphaera	genus	0.0	0.0	0.0	0.0	0.0	0.0	0.0	0.0	0.0	0.0	0.0	0.0	0.0	0.0	0.0	0.0	0.0	0.0	0.0	0.0	0.0	0.0	0.0	0.0	0.0	0.0	0.0	0.0	0.0	0.0	0.0	0.0	0.0	0.0	0.0	0.0	0.0	0.0	0.0	0.0	0.0	0.0	0.0	0.0	0.0	0.0	0.0	0.0	0.0	0.0	0.0	0.0	0.0	0.0	0.0	0.0	0.0	0.0	0.0	0.0	0.0	0.0	0.0	0.0	0.0	0.0	0.0	0.0	0.0	0.0	0.0	0.0	0.0	0.0	0.0	0.0	0.0	0.0	0.0	0.0
265488	Rhodopirellula	genus	0.0	0.0	0.0	0.0	0.0	0.0	0.0	0.0	0.0	0.0	0.0	0.0	0.0	0.0	0.0	0.0	0.0	0.0	0.0	0.0	0.0	0.0	0.0	0.0	0.0	0.0	0.0	0.0	0.0	0.0	0.0	0.0	0.0	0.0	0.0	0.0	0.0	0.0	0.0	0.0	0.0	0.0	0.0	0.0	0.0	0.0	0.0	0.0	0.0	0.0	0.0	0.0	0.0	0.0	0.0	0.0	0.0	0.0	0.0	0.0	0.0	0.0	0.0	0.0	0.0	0.0	0.0	0.0	0.0	0.0	0.0	0.0	0.0	0.0	0.0	0.0	0.0	0.0	0.0	0.0
1649480	Planctopirus	genus	0.0	0.0	0.0	0.0	0.0	0.0	0.0	0.0	0.0	0.0	0.0	0.0	0.0	0.0	0.0	0.0	0.0	0.0	0.0	0.0	0.0	0.0	0.0	0.0	0.0	0.0	0.0	0.0	0.0	0.0	0.0	0.0	0.0	0.0	0.0	0.0	0.0	0.0	0.0	0.0	0.0	0.0	0.0	0.0	0.0	0.0	0.0	0.0	0.0	0.0	0.0	0.0	0.0	0.0	0.0	0.0	0.0	0.0	0.0	0.0	0.0	0.0	0.0	0.0	0.0	0.0	0.0	0.0	0.0	0.0	0.0	0.0	0.0	0.0	0.0	0.0	0.0	0.0	0.0	0.0
466152	Singulisphaera	genus	0.0	0.0	0.0	0.0	0.0	0.0	0.0	0.0	0.0	0.0	0.0	0.0	0.0	0.0	0.0	0.0	0.0	0.0	0.0	0.0	0.0	0.0	0.0	0.0	0.0	0.0	0.0	0.0	0.0	0.0	0.0	0.0	0.0	0.0	0.0	0.0	0.0	0.0	0.0	0.0	0.0	0.0	0.0	0.0	0.0	0.0	0.0	0.0	0.0	0.0	0.0	0.0	0.0	0.0	0.0	0.0	0.0	0.0	0.0	0.0	0.0	0.0	0.0	0.0	0.0	0.0	0.0	0.0	0.0	0.0	0.0	0.0	0.0	0.0	0.0	0.0	0.0	0.0	0.0	0.0
127	Isosphaera	genus	0.0	0.0	0.0	0.0	0.0	0.0	0.0	0.0	0.0	0.0	0.0	0.0	0.0	0.0	0.0	0.0	0.0	0.0	0.0	0.0	0.0	0.0	0.0	0.0	0.0	0.0	0.0	0.0	0.0	0.0	0.0	0.0	0.0	0.0	0.0	0.0	0.0	0.0	0.0	0.0	0.0	0.0	0.0	0.0	0.0	0.0	0.0	0.0	0.0	0.0	0.0	0.0	0.0	0.0	0.0	0.0	0.0	0.0	0.0	0.0	0.0	0.0	0.0	0.0	0.0	0.0	0.0	0.0	0.0	0.0	0.0	0.0	0.0	0.0	0.0	0.0	0.0	0.0	0.0	0.0
666508	Phycisphaera	genus	0.0	0.0	0.0	0.0	0.0	0.0	0.0	0.0	0.0	0.0	0.0	0.0	0.0	0.0	0.0	0.0	0.0	0.0	0.0	0.0	0.0	0.0	0.0	0.0	0.0	0.0	0.0	0.0	0.0	0.0	0.0	0.0	0.0	0.0	0.0	0.0	0.0	0.0	0.0	0.0	0.0	0.0	0.0	0.0	0.0	0.0	0.0	0.0	0.0	0.0	0.0	0.0	0.0	0.0	0.0	0.0	0.0	0.0	0.0	0.0	0.0	0.0	0.0	0.0	0.0	0.0	0.0	0.0	0.0	0.0	0.0	0.0	0.0	0.0	0.0	0.0	0.0	0.0	0.0	0.0
810	Chlamydia	genus	9.369875849144998e-05	8.082195932634897e-05	0.00011457214464733262	0.00024330900243309004	8.225275788658796e-05	1.4147273113107449e-05	0.000346435709526982	0.00011386890760676836	7.803355442840422e-05	8.01826882368789e-05	0.00012086052695189751	0.0001486386054996284	7.070135746606335e-05	9.265635232999138e-05	0.00012036121927610355	0.0003034929852446091	8.208630554164648e-05	8.734815595783382e-05	7.200102634190277e-05	9.967744379188944e-05	7.772939482808039e-05	7.102636226996075e-05	8.081812062888561e-05	0.00015252873749399334	0.0001048248133256749	0.00013904648870371428	8.97073745442367e-05	0.0001079388221528007	8.411110141929696e-05	0.00011927469972594344	3.764125335659806e-05	8.173925936627363e-05	0.0002329383934487773	0.00012076426137728247	9.591054859089966e-05	9.88553538576819e-05	0.00024709115453844173	0.00011364927832708262	8.745126549812632e-05	8.1655451862336e-05	9.204645417184864e-05	6.442188166335484e-05	8.682374529252506e-05	6.983543871808488e-05	0.00016738878349595112	0.00011160755806383209	6.465326147995626e-05	0.00014737120265064893	8.814889373138367e-05	0.0002522323316537983	7.530863556333456e-05	8.711449720556991e-05	0.00010823591323585259	0.00018458889886129368	4.5159264267342844e-05	0.0001890327404706495	0.00026135379181660667	5.722672738876623e-05	0.00021350166452223637	3.746122403108705e-05	0.00023515764949060702	6.216109254336254e-05	0.00015682510522316035	0.00013265893920926368	6.901641286378986e-05	0.00010658721689356631	7.220286784237003e-05	0.00015568224630799552	8.288885300009518e-05	0.0002464618927205656	8.561363686281155e-05	4.6798538566728815e-06	0.00011237332461588755	0.00011630534302646997	1.534676752010122e-05	0.000128009863285466	6.821006141037091e-05	2.422989128935408e-05	3.944803777372441e-05	0.0002972108996329649
83551	Parachlamydia	genus	0.0	0.0	0.0	0.0	0.0	0.0	0.0	0.0	0.0	0.0	0.0	0.0	0.0	0.0	0.0	0.0	0.0	0.0	0.0	0.0	0.0	0.0	0.0	0.0	0.0	0.0	0.0	0.0	0.0	0.0	0.0	0.0	0.0	0.0	0.0	0.0	0.0	0.0	0.0	0.0	0.0	0.0	0.0	0.0	0.0	0.0	0.0	0.0	0.0	0.0	0.0	0.0	0.0	0.0	0.0	0.0	0.0	0.0	0.0	0.0	0.0	0.0	0.0	0.0	0.0	0.0	0.0	0.0	0.0	0.0	0.0	0.0	0.0	0.0	0.0	0.0	0.0	0.0	0.0	0.0
71666	Waddlia	genus	0.0	0.0	0.0	0.0	0.0	0.0	0.0	0.0	0.0	0.0	0.0	0.0	0.0	0.0	0.0	0.0	0.0	0.0	0.0	0.0	0.0	0.0	0.0	0.0	0.0	0.0	0.0	0.0	0.0	0.0	0.0	0.0	0.0	0.0	0.0	0.0	0.0	0.0	0.0	0.0	0.0	0.0	0.0	0.0	0.0	0.0	0.0	0.0	0.0	0.0	0.0	0.0	0.0	0.0	0.0	0.0	0.0	0.0	0.0	0.0	0.0	0.0	0.0	0.0	0.0	0.0	0.0	0.0	0.0	0.0	0.0	0.0	0.0	0.0	0.0	0.0	0.0	0.0	0.0	0.0
34093	Simkania	genus	0.0	0.0	0.0	0.0	0.0	0.0	0.0	0.0	0.0	0.0	0.0	0.0	0.0	0.0	0.0	0.0	0.0	0.0	0.0	0.0	0.0	0.0	0.0	0.0	0.0	0.0	0.0	0.0	0.0	0.0	0.0	0.0	0.0	0.0	0.0	0.0	0.0	0.0	0.0	0.0	0.0	0.0	0.0	0.0	0.0	0.0	0.0	0.0	0.0	0.0	0.0	0.0	0.0	0.0	0.0	0.0	0.0	0.0	0.0	0.0	0.0	0.0	0.0	0.0	0.0	0.0	0.0	0.0	0.0	0.0	0.0	0.0	0.0	0.0	0.0	0.0	0.0	0.0	0.0	0.0
157	Treponema	genus	0.00028109627547435	0.0002727741127264278	0.0003007518796992481	0.0008626410086264101	0.00025159667118250436	2.8294546226214898e-05	0.000932711525649567	0.0003058193518581779	0.00015866822733775522	0.00022451152706326092	0.0002618644750624446	0.00024322680899939192	0.00012120232708468003	0.00024848749033952233	0.00014748487432423955	0.0007665544472673116	0.00019208195496745278	0.00018695570222553907	0.0001348382856948361	0.00023125166959718353	0.0002574786203680163	9.922800611244518e-05	0.0002219482715778351	0.0002146200819605747	0.00026995979322228604	0.00043948622322423977	0.00011462608969541356	0.0003081731589000252	0.00019002878468804126	0.00014312963967113212	3.6427019377352955e-05	0.00014446938864736734	0.0007395228607548561	0.00028494938077785754	0.0002650618797421227	0.00021649322494832337	0.000596634739007457	0.00027379144324251724	0.0002297227272786602	0.0001857957382954602	0.0001736330840059872	0.0002077832521254684	0.0001360795238719383	0.00010409433318356048	0.0004184719587398778	0.0003162214145141909	0.0001403899392136193	0.00025027695622567103	0.000198847504463819	0.0008745061079493964	0.00016273590213686088	0.00017000013532349081	0.0003163101257496037	0.0010510265873938968	0.000116272128688331	0.00044527712199752997	0.0004425313208050113	0.00018857569215726777	0.0007071536613276188	3.602040772219909e-05	0.0006056791560409332	0.00018579259882405027	0.00014385460779868845	0.00040955108749168655	0.0002119401654872287	0.00028359813066323894	0.0002450731956572752	0.0004343534671993075	0.00020855904948411047	0.0005649938695940764	0.0001846744418192584	1.159327432675782e-05	0.00019118059122962686	0.00047854268892829493	5.870747575149832e-05	0.00025903172335411945	9.531138045288436e-05	4.941938223373209e-05	3.383618302767156e-05	0.0005659221239586592
399320	Sphaerochaeta	genus	4.684937924572499e-05	2.0205489831587242e-05	4.296455424274973e-05	0.0009289980092899801	1.9353590090961872e-05	9.431515408738299e-06	0.0004885631801021541	5.205435776309411e-05	1.3005592404734036e-05	1.2829230117900625e-05	3.357236859774931e-05	4.954620183320947e-05	6.733462615815557e-06	1.8952435703861876e-05	1.3561827524068006e-05	6.57046669086267e-05	2.7909343884159806e-05	1.0726966521137488e-05	5.23643827941111e-06	6.645162919459296e-06	3.5625972629536846e-05	5.222526637497115e-06	3.2568496372834495e-05	3.7794731414440825e-05	1.723147616312464e-05	6.952324435185714e-05	8.97073745442367e-06	5.475157645431919e-05	1.3499312573467413e-05	2.0184949184390427e-05	6.6782868858480424e-06	1.2355934555366943e-05	0.00016509225943457033	4.477775983652047e-05	3.4876563123963513e-06	5.634755169887868e-05	6.227500642838777e-05	3.271721648809954e-05	6.65673812000663e-05	2.0118009879126264e-05	1.2551789205252088e-05	1.996170981118037e-05	1.6696874094716358e-06	4.6117742549678694e-06	3.7601828176626705e-05	2.1081427634279394e-05	1.0467670906278632e-05	1.90566210324115e-05	3.894951118363464e-05	0.0001011950073102065	1.2984247510919752e-05	8.45771817529805e-06	2.7058978308963148e-05	9.041088923818466e-05	1.1419584067603937e-05	7.981382375427424e-05	3.8526256164200986e-05	7.085213867180581e-06	0.00017961251142346868	3.602040772219909e-07	3.9522294032034796e-05	1.0360182090560424e-05	1.2970497424471909e-05	5.609069241733968e-05	2.336776183577137e-05	2.7915699662600703e-05	7.775693459947541e-05	4.592626266085868e-05	1.6043003806470037e-05	9.253442903588022e-05	1.1205973411362767e-05	1.3826840940169877e-06	2.3350301218885723e-05	4.7136967217776375e-05	5.359188657813125e-06	6.576192976625902e-05	2.131564419074091e-06	1.6792993962918671e-06	1.3204364108359633e-06	0.0012438072580530242
146	Spirochaeta	genus	0.0	0.0	0.0	3.3178500331785e-05	0.0	0.0	1.7765933821896515e-05	0.0	0.0	0.0	0.0	0.0	0.0	0.0	0.0	6.257587324631115e-06	0.0	0.0	0.0	0.0	0.0	0.0	0.0	1.3498118362300295e-06	0.0	1.2414865062831631e-05	0.0	0.0	0.0	0.0	0.0	0.0	2.261537800473566e-06	2.713803626455786e-06	0.0	9.88553538576819e-07	4.017742350218565e-06	0.0	5.220971074515004e-06	0.0	0.0	0.0	0.0	0.0	0.0	0.0	0.0	0.0	0.0	4.531119730307753e-06	0.0	0.0	0.0	1.8835601924621804e-06	1.5572160092187188e-06	0.0	1.0412501666000267e-06	0.0	0.0	0.0	9.880573508008699e-07	0.0	0.0	8.903284510688838e-07	0.0	1.2688954392091228e-06	0.0	1.5568224630799554e-06	0.0	0.0	0.0	0.0	9.729292174535718e-07	5.123583393236563e-07	2.435994844460511e-07	0.0	0.0	0.0	0.0	6.785636977921573e-07
1911556	Sediminispirochaeta	genus	0.0	0.0	0.0	0.0	0.0	0.0	0.0	0.0	0.0	0.0	0.0	0.0	0.0	0.0	0.0	0.0	0.0	0.0	0.0	0.0	0.0	0.0	0.0	0.0	0.0	0.0	0.0	0.0	0.0	0.0	0.0	0.0	0.0	0.0	0.0	0.0	0.0	0.0	0.0	0.0	0.0	0.0	0.0	0.0	0.0	0.0	0.0	0.0	0.0	0.0	0.0	0.0	0.0	0.0	0.0	0.0	0.0	0.0	0.0	0.0	0.0	0.0	0.0	0.0	0.0	0.0	0.0	0.0	0.0	0.0	0.0	0.0	0.0	0.0	0.0	0.0	0.0	0.0	0.0	0.0
1616789	Salinispira	genus	0.0	0.0	0.0	0.0	0.0	0.0	0.0	0.0	0.0	0.0	0.0	0.0	0.0	0.0	0.0	0.0	0.0	0.0	0.0	0.0	0.0	0.0	0.0	0.0	0.0	0.0	0.0	0.0	0.0	0.0	0.0	0.0	0.0	0.0	0.0	0.0	0.0	0.0	0.0	0.0	0.0	0.0	0.0	0.0	0.0	0.0	0.0	0.0	0.0	0.0	0.0	0.0	0.0	0.0	0.0	0.0	0.0	0.0	0.0	0.0	0.0	0.0	0.0	0.0	0.0	0.0	0.0	0.0	0.0	0.0	0.0	0.0	0.0	0.0	0.0	0.0	0.0	0.0	0.0	0.0
64895	Borreliella	genus	0.0009682205044116499	0.0007273976339371407	0.0008449695667740781	0.0008073435080734351	0.0005080317398877492	0.00015562000424418194	0.0010304241616699978	0.0006929736377211904	0.00043178566783716997	0.0006350468908360809	0.0006378750033572369	0.000288268810665946	0.00033835649644473173	0.00039589532359178136	0.0006424915789527217	0.000622629938800796	0.0012017435131297047	0.001152382689127913	0.00029585876278672774	0.0003455484718118834	0.00022347201013073114	0.000237102709342369	0.0006151827092646516	0.0007720923703235769	0.0007567489948305571	0.0005412881167394591	0.00040268643684301806	0.00027845087453910906	0.0004330164110104547	0.00040186398830740946	0.00012142339792450986	0.0004752282521294978	0.0006083536683273893	0.0003324409442408338	0.000814367748944548	0.00032029134649888937	0.001201304962715351	0.00040982618548251006	0.0004751083677808654	0.0003337222815243298	0.00044140458705136504	0.0005589278747130504	0.00037234029231217477	0.00023717696168406183	0.0007289902817468597	0.0003633446056966978	0.0004033132025654414	0.0004992834710491813	0.0003997449832004608	0.0009832529814767824	0.000417227153350888	0.0017896531658930673	0.00047493172273318075	0.000542465335429108	0.0005450256032265516	0.00047993312441714904	0.0008423713847794216	0.00018912070860858935	0.00043604043653747745	0.0001930693853909871	0.000941618655313229	0.00037296655526017526	0.0007758715732093197	0.0007995149490598577	0.0007113581451866214	0.0004618779398721207	0.0002485444873804661	0.0003386088857198903	0.0006128427454071554	0.0007705270725487719	0.0006347063340195871	9.25334739842138e-06	0.00042273774498357696	0.00039297884626124434	8.087502883608897e-05	0.0007720751754237127	0.00036784711689164315	0.00011923025713672255	0.0001404614232026756	0.001021916928874989
138	Borrelia	genus	0.00042164441321152494	0.0004344180313791257	0.0005298961689939133	0.0008847600088476001	0.0007064060383201084	7.073636556553724e-05	0.0012969131689984455	0.0006506794720386764	0.0003901677721420211	0.0003977061336549194	0.0007855934251873338	0.00032430241199918927	0.00041579131652661063	0.0003769428878879195	0.0006289297514286538	0.0008447742888252006	0.0007272846670989878	0.0007018500952401384	0.00039273287095583324	0.00035219363473134273	0.0003076788545278182	0.00024441424663486496	0.0005488394759125813	0.0006668070470976345	0.0006748994830557151	0.0005735667659028214	0.0004505303699332776	0.00027845087453910906	0.00040809460318251485	0.000366999076079826	0.00017424257602167165	0.000422953144395253	0.0006445382731349663	0.000303946006163048	0.0007655405605709991	0.0003450051849633098	0.000859796862946773	0.0004390994844455465	0.0004268143853416016	0.0003384559309076536	0.00039851930726675377	0.0004110297520211231	0.0004516504442620775	0.00027341233083023794	0.00074718471473555	0.0004340293924704581	0.0003368127050432007	0.0004548180219735545	0.0003587454977440033	0.0010904894817607327	0.0004405987988705436	0.0013549264516827476	0.0005169197925229511	0.0006639549678429186	0.00042667718652592896	0.00045157821334655164	0.0008777738904438225	0.00020056605408634259	0.00029144671664940204	0.00021468163002430658	0.0010058423831152854	0.0004081911743680807	0.0006679806173603033	0.0007291790014254158	0.0004765936541853835	0.00042254218125663793	0.00022841099538595903	0.0004102227190215682	0.0004759424462586111	0.0009280135527348373	0.0005697116882336831	1.393320125509426e-05	0.0005268411712511091	0.0004872527806967971	0.0001105941659385072	0.0006450693110659758	0.0004722937734262736	0.000126187354635646	0.0001800745155277545	0.0011182729739614753
29521	Brachyspira	genus	0.0005465760912001249	0.0004950345008738874	0.0010454708199069101	0.0009289980092899801	0.000382233404296497	0.00010846242720049044	0.0011103708638685321	0.0006864668430008035	0.0003979711275848615	0.0005035472821275995	0.0010273144790911288	0.0004954620183320946	0.00022220426632191338	0.00043169436881018713	0.0004238071101271252	0.0007665544472673116	0.0006501235398898401	0.000648215262634451	0.0003207318446139305	0.0008213421368451691	0.00027367224429053304	0.00022247963475737707	0.00047284631770930084	0.0005115786859311812	0.0007036186099942562	0.000494111629500699	0.000320953051147158	0.0003738750506452082	0.00043924686296743966	0.00042204893749179986	0.0001256732168518677	0.00035547073259286434	0.0006648921133392285	0.00032022882792178276	0.0006766053246048922	0.0002748178837243557	0.001102870275134996	0.0004959241236090878	0.0004059305010435416	0.00033490569387016074	0.0004727840600644953	0.0004273620600484525	0.00035313888710325096	0.00027670645529807213	0.0006853236425740028	0.00039434670515887336	0.0002746224249529571	0.0005259627404945574	0.0004069198931553409	0.001341211440171095	0.00041030222134506416	0.0008542295357051031	0.0004460066079891167	0.0007816774798718049	0.00034362566603426395	0.000378065480941299	0.0009641976542716247	0.00026378796243964624	0.0006156529479609461	0.00012499081479603084	0.0010898272579333594	0.00046966158810540586	0.00044630302501478343	0.00046564177990902623	0.0005640869019890856	0.0005024825939268126	0.0002610411375839532	0.0003650748675922495	0.00041177043103273093	0.0009938553580103673	0.0005298184228892316	9.25334739842138e-06	0.00036192966889272873	0.0004462641135509046	0.00013739010922757283	0.0006420573142827883	0.000391598834704183	6.621237619665076e-05	0.00012874255005650641	0.0007192775196596867
171	Leptospira	genus	0.0001249316779886	0.00017174666356849157	0.00015753669889008234	0.00022119000221190003	7.257596284110703e-05	3.7726061634953195e-05	0.00047968021319120586	0.0001626698680096691	9.624138379503186e-05	0.000102633840943205	0.0001544328955496468	0.00018467220683287164	9.595184227537169e-05	0.00012634957135907916	9.493279266847604e-05	0.0002878490169330313	9.3578388317477e-05	0.00010573724142264095	5.629171150366943e-05	8.107098761740342e-05	8.42068443970871e-05	8.66939421824521e-05	7.599315820328049e-05	0.0001187834415882426	0.00013354394026421598	0.0003277524376587551	7.973988848376596e-05	0.0001423540987812299	7.7880649462312e-05	9.633725747095432e-05	7.831809166130886e-05	7.888788985349664e-05	0.0006038305927264421	0.0001384039849492451	0.0001429939088082504	0.00012258063878352557	0.00029329519156595527	0.00015497628862783995	0.00010180893595304259	8.520568889982887e-05	9.413841903939066e-05	8.075418969068423e-05	0.00013274014905299505	0.00010475315807712731	0.00012493510652234033	0.00015625058128936493	9.605627419879215e-05	0.00011306928479230824	0.00010967362359602386	0.0005769625789925207	0.00014802042162448517	0.00010741302082628523	0.00013529489154481573	0.00032962303368088157	6.332678437489457e-05	0.0003665134801347593	0.000194713781154205	8.120745124691589e-05	0.00019994600328272929	7.348163175328614e-05	0.00015611306142653746	8.357213553052074e-05	0.00010730138778426761	0.00017895601866484566	6.575579493321711e-05	0.00012244840988368035	0.00010761004341891688	0.00033938729695143026	0.00010320999115495723	0.0002829418118597107	9.054426516381116e-05	5.743457005916718e-06	0.0001488581702703965	0.00012706486815226674	5.505348348480755e-05	0.00011395387829725797	0.00014403285288886358	4.126278516602873e-05	7.493476631494092e-05	0.0003609958872254277
338321	Turneriella	genus	0.0	0.0	0.0	0.0	0.0	0.0	0.0	0.0	0.0	0.0	0.0	0.0	0.0	0.0	0.0	0.0	0.0	0.0	0.0	0.0	0.0	0.0	0.0	0.0	0.0	0.0	0.0	0.0	0.0	0.0	0.0	0.0	0.0	0.0	0.0	0.0	0.0	0.0	0.0	0.0	0.0	0.0	0.0	0.0	0.0	0.0	0.0	0.0	0.0	0.0	0.0	0.0	0.0	0.0	0.0	0.0	0.0	0.0	0.0	0.0	0.0	0.0	0.0	0.0	0.0	0.0	0.0	0.0	0.0	0.0	0.0	0.0	0.0	0.0	0.0	0.0	0.0	0.0	0.0	0.0
1511648	Defluviitoga	genus	0.0	0.0	0.0	0.0	0.0	0.0	0.0	0.0	0.0	0.0	0.0	0.0	0.0	0.0	0.0	0.0	0.0	0.0	0.0	0.0	0.0	0.0	0.0	0.0	0.0	0.0	0.0	0.0	0.0	0.0	0.0	0.0	0.0	0.0	0.0	0.0	0.0	0.0	0.0	0.0	0.0	0.0	0.0	0.0	0.0	0.0	0.0	0.0	0.0	0.0	0.0	0.0	0.0	0.0	0.0	0.0	0.0	0.0	0.0	0.0	0.0	0.0	0.0	0.0	0.0	0.0	0.0	0.0	0.0	0.0	0.0	0.0	0.0	0.0	0.0	0.0	0.0	0.0	0.0	0.0
160798	Marinitoga	genus	0.0	0.0	0.0	0.0	0.0	0.0	0.0	0.0	0.0	0.0	0.0	0.0	0.0	0.0	0.0	0.0	0.0	0.0	0.0	0.0	0.0	0.0	0.0	0.0	0.0	0.0	0.0	0.0	0.0	0.0	0.0	0.0	0.0	0.0	0.0	0.0	0.0	0.0	0.0	0.0	0.0	0.0	0.0	0.0	0.0	0.0	0.0	0.0	0.0	0.0	0.0	0.0	0.0	0.0	0.0	0.0	0.0	0.0	0.0	0.0	0.0	0.0	0.0	0.0	0.0	0.0	0.0	0.0	0.0	0.0	0.0	0.0	0.0	0.0	0.0	0.0	0.0	0.0	0.0	0.0
28236	Petrotoga	genus	0.0	0.0	0.0	0.0	0.0	0.0	0.0	0.0	0.0	0.0	0.0	0.0	0.0	0.0	0.0	0.0	0.0	0.0	0.0	0.0	0.0	0.0	0.0	0.0	0.0	0.0	0.0	0.0	0.0	0.0	0.0	0.0	0.0	0.0	0.0	0.0	0.0	0.0	0.0	0.0	0.0	0.0	0.0	0.0	0.0	0.0	0.0	0.0	0.0	0.0	0.0	0.0	0.0	0.0	0.0	0.0	0.0	0.0	0.0	0.0	0.0	0.0	0.0	0.0	0.0	0.0	0.0	0.0	0.0	0.0	0.0	0.0	0.0	0.0	0.0	0.0	0.0	0.0	0.0	0.0
2420	Thermosipho	genus	0.0	1.0102744915793621e-05	2.8643036161833155e-05	3.3178500331785e-05	4.838397522740468e-06	0.0	6.218076837663779e-05	0.0	2.601118480946807e-06	6.414615058950312e-06	2.0143421158649584e-05	1.8016800666621624e-05	1.6833656539538892e-06	6.317478567953958e-06	3.3904568810170014e-06	6.257587324631115e-06	2.9551069994992735e-05	2.911605198594461e-05	1.8327533977938885e-05	3.987097751675578e-06	1.4574261530265073e-05	1.044505327499423e-06	7.237443638407666e-06	6.749059181150148e-06	7.179781734635267e-06	2.7312703138229592e-05	2.9902458181412234e-06	1.0950315290863838e-05	5.192043297487466e-06	1.1927469972594344e-05	6.071169896225493e-07	8.55410853833096e-06	2.7138453605682794e-05	8.141410879367358e-06	1.3950625249585405e-05	5.931321231460914e-06	2.4106454101311393e-05	6.887835050126219e-06	3.915728305886253e-06	3.5502370374928697e-06	7.32187703639705e-06	7.258803567701954e-06	2.5045311142074535e-06	3.952949361401031e-06	2.0620357387182384e-05	6.2004198924351154e-06	5.541708126853393e-06	1.5245296825929201e-05	3.074961409234314e-06	2.4165971894974686e-05	8.656165007279834e-06	2.1144295438245126e-05	1.679522791590816e-05	2.0719162117083984e-05	1.3495872079895562e-05	1.365236458954691e-05	1.3536252165800347e-05	3.2700987079294987e-06	7.907469056379125e-06	1.0806122316659728e-06	1.8773089665216527e-05	6.216109254336254e-06	7.664384841733401e-06	1.0683941412826606e-05	1.793339861815012e-05	4.44113403723193e-06	2.7770333785526937e-06	9.340934778479732e-06	6.9519683161370156e-06	1.4236066005520035e-05	3.1376725551815748e-06	2.1272062984876732e-07	3.891716869814287e-06	5.123583393236563e-07	0.0	9.537989813426879e-06	1.5225460136243507e-06	7.19699741267943e-07	0.0	4.071382186752944e-06
2422	Fervidobacterium	genus	3.123291949715e-05	6.061646949476173e-05	5.728607232366631e-05	0.00019907100199071002	0.00011128314302303077	1.4147273113107449e-05	0.00047968021319120586	3.57873709621272e-05	2.3410066328521263e-05	2.8865767765276406e-05	7.385921091504847e-05	4.954620183320947e-05	8.416828269769447e-06	1.684660951454389e-05	1.1866599083559505e-05	6.257587324631115e-05	1.4775534997496367e-05	3.6778170929614246e-05	4.0582396665436106e-05	1.727742359059417e-05	4.5342146983046896e-05	1.2534063929993075e-05	2.8949774553630662e-05	3.239548406952071e-05	2.4411257897759908e-05	6.952324435185714e-05	6.977240242329521e-06	3.59796073842669e-05	2.3883399168442347e-05	1.1009972282394779e-05	3.6427019377352958e-06	1.8058673580920918e-05	6.558459621373341e-05	4.070705439683679e-05	2.6157422342972634e-05	4.745056985168731e-05	0.0001828072769349447	1.2053711337720884e-05	2.0883884298060016e-05	5.562038025405496e-05	2.4057595976733168e-05	3.3571966500621534e-05	1.0018124456829814e-05	7.247073829235223e-06	2.66851683834125e-05	4.464302322553283e-05	9.236180211422322e-06	6.606295291235986e-05	1.1274858500525819e-05	8.911202136271915e-05	1.0387398008735803e-05	1.7761208168125907e-05	5.318488840037584e-05	4.8972565004016695e-05	8.3051520491665e-06	4.620800322615877e-05	0.00016243502598960416	1.2535378380396412e-05	4.631517590164916e-05	5.042857081107872e-06	5.039092489084436e-05	2.0029685375083487e-05	2.417229065469765e-05	3.739379494489312e-05	3.0432434018678994e-05	3.616352001746e-05	2.429904206233607e-05	2.646598187235924e-05	1.2299636251627027e-05	5.694426402208014e-05	1.7929557458180427e-05	9.57242834319453e-07	1.7512725914164294e-05	4.355045884251078e-05	4.871989688921022e-06	3.7649959789842944e-05	8.830766879021235e-06	4.078298533851677e-06	9.903273081269726e-07	0.0001458911950253138
2335	Thermotoga	genus	0.0005465760912001249	0.0003940070517159512	0.0006015037593984962	0.00103959301039593	0.00023224308109154248	5.187333474806065e-05	0.0012347324006218078	0.00047174261722804036	0.00031733645467551044	0.0003111088303590901	0.0004700131603684903	0.0007386888273314866	0.00012961915535444947	0.0003516729736161037	0.0002746270073623771	0.0007915847965658361	0.00029715242606076026	0.0002773687057608407	0.0002225486268749722	0.00032162588530182997	0.0005052410663825225	0.0001504087671599169	0.0002762290988658926	0.00024971518970255544	0.00036186099942561744	0.0007473748767824642	0.00019037898375499123	0.0007133348246619873	0.000311522597849248	0.0003082792239070538	0.00010503123920470103	0.00021860499597956898	0.0011759996562462542	0.0005522590379837525	0.0004481638361429311	0.0004161810397408408	0.0009039920287991772	0.0004201579380576994	0.00038504661674548156	0.0002650843654661343	0.0003043808882273631	0.00031303590385714676	0.00026381061069651843	0.00026155348274603486	0.0005458329896607103	0.0004712319118250688	0.0002142793809049979	0.0004154343385065707	0.000322870947969603	0.001490738391271251	0.00029604084324897034	0.00029348282068284234	0.0004553372901646212	0.0007920370609303469	0.00027458908962556743	0.001006074252060457	0.0008028038784486205	0.00019675093892709152	0.0013781588926832188	6.807857059495627e-05	0.0009228455656480125	0.0003487927970488676	0.00020988623105054545	0.0004843386773814728	0.00031954055719612945	0.00036290409561380913	0.00035893156417793565	0.000523870758826405	0.00027593966547128463	0.000857722976832582	0.00028732115826734134	2.0208459835632896e-05	0.000254420990364109	0.0004093743131196013	9.987578862288096e-05	0.00042268354857397014	0.00024634794500441994	5.757597930143544e-05	0.00016307389673824149	0.0015688392692954677
1643951	Pseudothermotoga	genus	0.00029671273522292494	0.00023236313306325328	0.0004296455424274973	0.00047555850475558504	0.00023708147861428296	7.073636556553724e-05	0.0007017543859649122	0.00035462031226107864	0.00016907270126154247	0.00026299921741696283	0.00044315526549029087	0.0002927730108326014	0.00017843675931911225	0.00023585253320361444	0.00018138944313440957	0.00034416730285471135	0.00026760135606576754	0.0002804335533383086	0.00024349437999261663	0.00021264521342269748	0.00023318818448424117	0.00014936426183241748	0.00023521691824824914	0.00047243414268051035	0.0002771395749569213	0.0002954737884953928	0.00013755130763449627	0.00022526362884062753	0.0002004128712830162	0.00021928194795769603	5.585476304527453e-05	0.0001739335402793962	0.00035506143467434984	0.0002306733082487418	0.00024762359818014093	0.0002491154917213584	0.0005303419902288506	0.0002755134020050488	0.00020883884298060018	0.00019762986175376977	0.00020605853945288843	0.00023954051773416446	0.00017114295947084267	0.00015548267488177386	0.00032871275599567214	0.00026661805537470996	0.00015208910081475425	0.00029474240530129786	0.0001701478646442987	0.00062529452278247	0.00020515111067253208	0.0003882092642461805	0.00028085353348268643	0.0003635271171452008	0.00013807315281739308	0.0003948683912053568	0.0005529038384646141	0.00011499847122885405	0.00038294743001607474	6.627755020884633e-05	0.0005029211915576427	0.00023690283047081502	0.00035256170271973645	0.0003703766356446557	0.0002228088919224712	0.0002563168787202428	0.00016315071098997074	0.0002615461737974325	0.00019305081247118945	0.0004751287029342312	0.00022053355673561927	4.148052282050963e-06	0.00018096483444636437	0.00023722191110685286	5.505348348480755e-05	0.0002675657142398172	0.00020737076705563658	5.2058281285047875e-05	9.424614882341688e-05	0.0010578808048579732
1184396	Mesotoga	genus	0.0	0.0	0.0	0.0	0.0	0.0	0.0	0.0	0.0	0.0	0.0	0.0	0.0	0.0	0.0	0.0	0.0	0.0	0.0	0.0	0.0	0.0	0.0	0.0	0.0	0.0	0.0	0.0	0.0	0.0	0.0	0.0	0.0	0.0	0.0	0.0	0.0	0.0	0.0	0.0	0.0	0.0	0.0	0.0	0.0	0.0	0.0	0.0	0.0	0.0	0.0	0.0	0.0	0.0	0.0	0.0	0.0	0.0	0.0	0.0	0.0	0.0	0.0	0.0	0.0	0.0	0.0	0.0	0.0	0.0	0.0	0.0	0.0	0.0	0.0	0.0	0.0	0.0	0.0	0.0
651456	Kosmotoga	genus	1.5616459748575e-05	2.0205489831587242e-05	5.728607232366631e-05	4.4238000442380005e-05	9.676795045480936e-06	0.0	7.106373528758606e-05	1.6266986800966908e-05	5.202236961893614e-06	2.565846023580125e-05	6.7144737195498615e-06	1.8016800666621624e-05	3.3667313079077784e-06	6.317478567953958e-06	1.0171370643051005e-05	0.00011576536550567563	1.1492082775830508e-05	7.662118943669633e-06	3.927328709558332e-06	5.316130335567437e-06	9.068429396609379e-05	3.1335159824982687e-06	1.568112788321661e-05	5.399247344920118e-06	5.743825387708213e-06	1.986378410053061e-05	9.967486060470745e-07	5.788023796599458e-05	4.153634637989973e-06	1.3762465352993474e-05	0.0	8.55410853833096e-06	9.046151201894264e-05	1.6282821758734716e-05	1.3950625249585405e-05	4.250780215880322e-05	3.4150809976857805e-05	3.788309277569421e-05	3.915728305886253e-06	1.065071111247861e-05	3.137947301313022e-06	1.8147008919254884e-06	5.843905933150726e-06	3.952949361401031e-06	2.9111092781904545e-05	2.2321511612766416e-05	4.925962779425239e-06	1.6515738228089966e-05	1.2299845636937257e-05	2.2655598651538768e-05	6.0593155050958845e-06	5.07463090517883e-06	1.4929091480807254e-05	2.7311622790701615e-05	4.671648027656156e-06	5.355927646668403e-05	3.748500599760096e-05	2.7250822566079155e-06	0.00019203853422635018	2.1612244633319455e-06	4.7426752838441756e-05	4.834751642261531e-06	6.4852487122359544e-06	1.0683941412826606e-05	2.554150712281987e-05	1.2054506672486668e-05	1.457942523740164e-05	1.8681869556959464e-05	1.0695335870980024e-05	6.940082177691017e-05	3.1376725551815748e-06	2.1272062984876732e-07	9.729292174535718e-06	1.4858391840386031e-05	8.038782986719687e-06	2.3593974801634912e-05	2.436073621798961e-06	7.19699741267943e-07	1.3204364108359633e-06	5.2249404729996114e-05
81461	Thermanaerovibrio	genus	0.0	0.0	0.0	0.0	0.0	0.0	0.0	0.0	0.0	0.0	0.0	0.0	0.0	0.0	0.0	0.0	0.0	0.0	0.0	0.0	0.0	0.0	0.0	0.0	0.0	0.0	0.0	0.0	0.0	0.0	0.0	0.0	0.0	0.0	0.0	0.0	0.0	0.0	0.0	0.0	0.0	0.0	0.0	0.0	0.0	0.0	0.0	0.0	0.0	0.0	0.0	0.0	0.0	0.0	0.0	0.0	0.0	0.0	0.0	0.0	0.0	0.0	0.0	0.0	0.0	0.0	0.0	0.0	0.0	0.0	0.0	0.0	0.0	0.0	0.0	0.0	0.0	0.0	0.0	0.0
508459	Cloacibacillus	genus	0.0	0.0	0.0	0.0	0.0	0.0	0.0	0.0	0.0	0.0	0.0	0.0	0.0	0.0	0.0	0.0	0.0	0.0	0.0	0.0	0.0	0.0	0.0	0.0	0.0	0.0	0.0	0.0	0.0	0.0	0.0	0.0	0.0	0.0	0.0	0.0	0.0	0.0	0.0	0.0	0.0	0.0	0.0	0.0	0.0	0.0	0.0	0.0	0.0	0.0	0.0	0.0	0.0	0.0	0.0	0.0	0.0	0.0	0.0	0.0	0.0	0.0	0.0	0.0	0.0	0.0	0.0	0.0	0.0	0.0	0.0	0.0	0.0	0.0	0.0	0.0	0.0	0.0	0.0	0.0
336260	Thermovirga	genus	0.0	0.0	0.0	0.0	0.0	0.0	0.0	0.0	0.0	0.0	0.0	0.0	0.0	0.0	0.0	0.0	0.0	0.0	0.0	0.0	0.0	0.0	0.0	0.0	0.0	0.0	0.0	0.0	0.0	0.0	0.0	0.0	0.0	0.0	0.0	0.0	0.0	0.0	0.0	0.0	0.0	0.0	0.0	0.0	0.0	0.0	0.0	0.0	0.0	0.0	0.0	0.0	0.0	0.0	0.0	0.0	0.0	0.0	0.0	0.0	0.0	0.0	0.0	0.0	0.0	0.0	0.0	0.0	0.0	0.0	0.0	0.0	0.0	0.0	0.0	0.0	0.0	0.0	0.0	0.0
81466	Aminobacterium	genus	0.0	0.0	0.0	0.0	0.0	0.0	0.0	0.0	0.0	0.0	0.0	0.0	0.0	0.0	0.0	0.0	0.0	0.0	0.0	0.0	0.0	0.0	0.0	0.0	0.0	0.0	0.0	0.0	0.0	0.0	0.0	0.0	0.0	0.0	0.0	0.0	0.0	0.0	0.0	0.0	0.0	0.0	0.0	0.0	0.0	0.0	0.0	0.0	0.0	0.0	0.0	0.0	0.0	0.0	0.0	0.0	0.0	0.0	0.0	0.0	0.0	0.0	0.0	0.0	0.0	0.0	0.0	0.0	0.0	0.0	0.0	0.0	0.0	0.0	0.0	0.0	0.0	0.0	0.0	0.0
46613	Acetomicrobium	genus	0.0	0.0	0.0	0.0	0.0	0.0	0.0	0.0	0.0	0.0	0.0	0.0	0.0	0.0	0.0	0.0	0.0	0.0	0.0	0.0	0.0	0.0	0.0	0.0	0.0	0.0	0.0	0.0	0.0	0.0	0.0	0.0	0.0	0.0	0.0	0.0	0.0	0.0	0.0	0.0	0.0	0.0	0.0	0.0	0.0	0.0	0.0	0.0	0.0	0.0	0.0	0.0	0.0	0.0	0.0	0.0	0.0	0.0	0.0	0.0	0.0	0.0	0.0	0.0	0.0	0.0	0.0	0.0	0.0	0.0	0.0	0.0	0.0	0.0	0.0	0.0	0.0	0.0	0.0	0.0
940557	Granulicella	genus	1.5616459748575e-05	1.0102744915793621e-05	1.4321518080916577e-05	0.0	0.0	0.0	2.664890073284477e-05	6.506794720386764e-06	2.601118480946807e-06	1.2829230117900625e-05	2.6857894878199446e-05	2.7025200999932437e-05	6.733462615815557e-06	2.105826189317986e-06	5.0856853215255025e-06	3.441673028547113e-05	1.3133808886663438e-05	3.0648475774678535e-06	6.545547849263888e-06	3.987097751675578e-06	3.23872478450335e-05	1.044505327499423e-06	1.2062406064012777e-05	5.399247344920118e-06	8.61573808156232e-06	2.2346757113096937e-05	3.986994424188298e-06	5.162291494264381e-05	8.307269275979946e-06	6.422483831396955e-06	6.071169896225493e-07	8.55410853833096e-06	4.523075600947132e-05	2.4424232638102076e-05	2.266976603057628e-05	1.977107077153638e-05	1.607096940087426e-05	1.721958762531555e-05	5.220971074515004e-06	1.1834123458309566e-06	5.229912168855036e-06	6.35145312173921e-06	8.348437047358179e-07	7.905898722802062e-06	8.490735394722158e-06	1.2400839784870231e-05	3.078726737140774e-06	1.6515738228089966e-05	6.149922818468628e-06	4.833194378994937e-05	3.462466002911934e-06	2.537315452589415e-06	1.119681861060544e-05	3.296230336808816e-05	5.709792033801968e-06	5.0408730792173204e-05	1.0412501666000267e-05	5.450164513215831e-06	8.585252118354478e-05	1.8010203861099544e-06	2.9641720524026097e-05	5.5254304482988925e-06	2.3582722589948926e-06	3.116149578741093e-05	4.890926895859124e-06	1.2054506672486668e-05	2.0827750339145203e-05	3.5028505419298994e-05	8.021501903235019e-06	3.0251640261730073e-05	7.620061919726682e-06	5.318015746219183e-07	1.1188686000716077e-05	8.710091768502156e-06	2.19239536001446e-06	8.03199142183316e-06	1.827055216349221e-06	1.6792993962918671e-06	3.3010910270899083e-07	7.803482524609809e-05
392733	Terriglobus	genus	0.0	1.0102744915793621e-05	0.0	1.1059500110595001e-05	9.676795045480936e-06	0.0	0.0	1.6266986800966908e-05	0.0	0.0	6.7144737195498615e-06	2.252100083327703e-05	6.733462615815557e-06	2.105826189317986e-06	3.3904568810170014e-06	1.5643968311577787e-05	3.2834522216658596e-06	3.0648475774678535e-06	6.545547849263888e-06	0.0	4.858087176755024e-06	8.356042619995384e-06	2.4124812128025555e-06	2.699623672460059e-06	7.179781734635267e-06	2.9795676150795918e-05	3.986994424188298e-06	1.7207638314214605e-05	4.153634637989973e-06	0.0	6.071169896225493e-07	1.9009130085179912e-06	2.0353840204262094e-05	1.2212116319051038e-05	1.0462968937189054e-05	1.0874088924345009e-05	4.017742350218565e-06	6.887835050126219e-06	5.220971074515004e-06	8.283886420816697e-06	6.275894602626044e-06	3.629401783850977e-06	6.678749637886543e-06	6.588248935668384e-07	3.638886597738068e-06	2.480167956974046e-06	4.310217431997084e-06	5.0817656086430665e-06	6.149922818468628e-06	2.2655598651538768e-05	4.328082503639917e-06	4.228859087649025e-06	6.5314775228531736e-06	1.9777382020852896e-05	8.824224052239407e-06	2.730472917909382e-05	5.206250833000133e-06	7.630230318502165e-06	4.518553746502357e-05	7.204081544439818e-07	1.2844745560411308e-05	1.3813576120747231e-06	2.3582722589948926e-06	1.5135583668171025e-05	5.977799539383374e-06	7.613372635254737e-06	1.874497530523068e-05	2.1795514483119373e-05	6.417201522588015e-06	1.690532838155504e-05	1.7929557458180427e-06	4.2544125969753464e-07	1.070222139198929e-05	1.0247166786473125e-05	9.743979377842045e-07	4.5179951747811535e-06	2.131564419074091e-06	7.19699741267943e-07	1.1553818594814679e-06	1.2892710258050988e-05
33973	Acidobacterium	genus	0.0	0.0	0.0	0.0	0.0	0.0	0.0	0.0	0.0	0.0	0.0	0.0	0.0	0.0	0.0	0.0	0.0	0.0	0.0	0.0	0.0	0.0	0.0	0.0	0.0	0.0	0.0	0.0	0.0	0.0	0.0	0.0	0.0	0.0	0.0	0.0	0.0	0.0	0.0	0.0	0.0	0.0	0.0	0.0	0.0	0.0	0.0	0.0	0.0	0.0	0.0	0.0	0.0	0.0	0.0	0.0	0.0	0.0	0.0	0.0	0.0	0.0	0.0	0.0	0.0	0.0	0.0	0.0	0.0	0.0	0.0	0.0	0.0	0.0	0.0	0.0	0.0	0.0	0.0	0.0
458032	Chloracidobacterium	genus	0.0	0.0	0.0	0.0	0.0	0.0	0.0	0.0	0.0	0.0	0.0	0.0	0.0	0.0	0.0	0.0	0.0	0.0	0.0	0.0	0.0	0.0	0.0	0.0	0.0	0.0	0.0	0.0	0.0	0.0	0.0	0.0	0.0	0.0	0.0	0.0	0.0	0.0	0.0	0.0	0.0	0.0	0.0	0.0	0.0	0.0	0.0	0.0	0.0	0.0	0.0	0.0	0.0	0.0	0.0	0.0	0.0	0.0	0.0	0.0	0.0	0.0	0.0	0.0	0.0	0.0	0.0	0.0	0.0	0.0	0.0	0.0	0.0	0.0	0.0	0.0	0.0	0.0	0.0	0.0
1234	Nitrospira	genus	1.5616459748575e-05	1.0102744915793621e-05	1.4321518080916577e-05	0.00011059500110595002	9.676795045480936e-06	0.0	0.00040861647790361983	3.2533973601933817e-05	9.103914683313825e-05	3.848769035370188e-05	2.6857894878199446e-05	9.909240366641894e-05	2.188375350140056e-05	2.737574046113382e-05	5.0856853215255025e-06	6.257587324631115e-05	1.1492082775830508e-05	1.5324237887339267e-05	1.3091095698527775e-05	3.189678201340462e-05	8.096811961258374e-05	1.775659056749019e-05	1.4474887276815331e-05	1.8897365707220412e-05	2.15393452039058e-05	0.0002830589234325612	1.6944726302800267e-05	9.855283761777455e-05	2.5960216487437334e-05	2.568993532558782e-05	2.428467958490197e-06	1.520730406814393e-05	0.00012438457902604614	7.191579610107833e-05	2.4413594186774458e-05	3.163371323445821e-05	6.428387760349704e-05	5.1658762875946644e-05	1.9578641529431267e-05	1.6567772841633394e-05	9.413841903939065e-06	1.4517607135403908e-05	0.00015027186685244722	5.270599148534707e-06	2.0620357387182384e-05	2.9762015483688554e-05	1.1699161601134942e-05	2.1597503836733036e-05	3.177460122875458e-05	0.00010723650028395017	1.731233001455967e-05	6.597020176732479e-05	2.6125910091412694e-05	6.498282663994522e-05	8.3051520491665e-06	0.00016697892074907375	6.351626016260163e-05	2.616078966343599e-05	0.00011748239740906128	2.881632617775927e-06	1.1856688209610439e-05	1.312289731470987e-05	1.1791361294974462e-05	0.0005199518154242282	2.880212505339262e-05	3.172238598022807e-05	4.304401736756675e-05	0.0008546955322308955	3.101647402584207e-05	9.520369141191523e-05	1.3447168093635321e-05	1.7017650387901386e-06	0.00013669655505222684	1.1784241804444094e-05	5.359188657813125e-06	2.8111969976416064e-05	4.567638040873052e-06	3.838398620095696e-06	3.3010910270899085e-06	1.492840135142746e-05
179	Leptospirillum	genus	0.00029671273522292494	0.0002525686228948405	0.0002005012531328321	0.00029860650298606505	0.0001064447455002903	0.00014147273113107448	0.0005329780146568954	0.00018869704689121616	0.00013265704252828715	0.00016998729906218327	0.00016786184298874654	0.0003152940116658784	7.74348200818789e-05	0.00018952435703861875	0.00012544690459762904	0.000488091811321227	0.00014447189775329783	0.00017009904054946588	0.00010865609429778053	0.0001501806819797801	0.0003076788545278182	8.878295283745095e-05	0.0001628424818641725	0.0001336313717867729	0.00014072372199885124	0.0003078886535582245	7.973988848376596e-05	0.0003582317430868313	0.0001391467603726641	8.257479211796085e-05	1.578504173018628e-05	8.83924548960866e-05	0.0006264459707311778	0.00029716149709690855	0.00019182109718179932	0.0002501040452599352	0.0003475347132939059	0.0002634596906673279	0.00010702990702755759	0.00011242417285394088	0.0001297018217876049	9.890119860993912e-05	9.600702604461906e-05	7.840016233445378e-05	0.00015647212370273694	0.0002628978034392489	8.743583933479799e-05	0.00017786179630250736	0.0001322233405970755	0.001030074552023296	0.00010993329559245391	0.00013701503443982842	0.00020247580320844838	0.00035975999676027644	0.00012769171275593493	0.000828593512396347	0.00033736505397840866	9.537787898127705e-05	0.0006800423388486047	3.385918325886714e-05	0.0003547125889375123	0.00014849594329803274	9.551002648929315e-05	0.0002252530981204276	0.00017335618664211783	0.0001744731228912544	0.00019439233649868855	0.00036429645636070954	0.0001331569315937013	0.0004644516534300911	0.00012326570752499045	8.827906138723845e-06	0.00012307554600787685	0.00014141090165332914	3.702712163579977e-05	0.00017620181181646498	5.389812888230202e-05	1.5593494394138765e-05	3.0370037449227156e-05	0.00044242353096048657
28261	Thermodesulfovibrio	genus	0.0	0.0	0.0	0.0	0.0	0.0	0.0	0.0	0.0	0.0	0.0	0.0	0.0	0.0	0.0	0.0	0.0	0.0	0.0	0.0	0.0	0.0	0.0	0.0	0.0	0.0	0.0	0.0	0.0	0.0	0.0	0.0	0.0	0.0	0.0	0.0	0.0	0.0	0.0	0.0	0.0	0.0	0.0	0.0	0.0	0.0	0.0	0.0	0.0	0.0	0.0	0.0	0.0	0.0	0.0	0.0	0.0	0.0	0.0	0.0	0.0	0.0	0.0	0.0	0.0	0.0	0.0	0.0	0.0	0.0	0.0	0.0	0.0	0.0	0.0	0.0	0.0	0.0	0.0	0.0
212790	Sulfurihydrogenibium	genus	3.123291949715e-05	2.0205489831587242e-05	0.0	0.0	4.838397522740468e-06	0.0	8.882966910948258e-06	0.0	7.803355442840421e-06	1.2829230117900625e-05	1.3428947439099723e-05	1.3512600499966218e-05	6.733462615815557e-06	4.211652378635972e-06	1.6952284405085007e-06	1.251517464926223e-05	2.1342439440828086e-05	1.2259390309871414e-05	3.927328709558332e-06	9.303228087243016e-06	4.858087176755024e-06	1.044505327499423e-06	7.237443638407666e-06	8.098871017380178e-06	7.179781734635267e-06	2.2346757113096937e-05	9.967486060470745e-07	1.4078976802539221e-05	9.345677935477439e-06	3.66999076079826e-06	1.2142339792450986e-06	3.8018260170359824e-06	1.583076460331496e-05	1.356901813227893e-05	3.4876563123963513e-06	1.1862642462921827e-05	3.0133067626639238e-05	6.887835050126219e-06	6.526213843143756e-06	4.733649383323827e-06	4.183929735084029e-06	7.258803567701954e-06	1.6696874094716358e-06	2.6352995742673536e-06	4.851848796984091e-06	1.1160755806383208e-05	6.773198821709703e-06	1.0163531217286133e-05	8.199897091291504e-06	3.6248957842462026e-05	6.924932005823868e-06	2.706469816095376e-05	4.665341087752267e-06	2.4486282502008347e-05	1.1419584067603937e-05	1.4702546481050519e-05	1.0412501666000267e-05	6.540197415858997e-06	3.16298762255165e-05	7.204081544439818e-06	1.383280291121218e-05	5.5254304482988925e-06	4.126976453241062e-06	2.1367882825653212e-05	2.7171816088106243e-06	8.88226807446386e-06	6.942583446381734e-06	2.3352336946199328e-05	9.625802283882022e-06	3.114139438707507e-05	8.516539792635703e-06	2.1272062984876732e-07	4.864646087267859e-06	6.148300071883875e-06	2.435994844460511e-07	9.035990349562307e-06	6.090184054497403e-07	7.19699741267943e-07	1.3204364108359633e-06	1.2892710258050988e-05
182899	Persephonella	genus	0.0	0.0	0.0	0.0	0.0	0.0	0.0	0.0	0.0	0.0	0.0	0.0	0.0	0.0	0.0	0.0	0.0	0.0	0.0	0.0	0.0	0.0	0.0	0.0	0.0	0.0	0.0	0.0	0.0	0.0	0.0	0.0	0.0	0.0	0.0	0.0	0.0	0.0	0.0	0.0	0.0	0.0	0.0	0.0	0.0	0.0	0.0	0.0	0.0	0.0	0.0	0.0	0.0	0.0	0.0	0.0	0.0	0.0	0.0	0.0	0.0	0.0	0.0	0.0	0.0	0.0	0.0	0.0	0.0	0.0	0.0	0.0	0.0	0.0	0.0	0.0	0.0	0.0	0.0	0.0
168657	Hydrogenobaculum	genus	0.0004528773327086749	0.00024246587797904692	0.0006444683136412459	0.00057509400575094	0.00045964776466034447	3.7726061634953195e-05	0.0007728181212524984	0.0005237969749911345	0.0003303420470802445	0.00033997459812436654	0.0005505868450030887	0.00020719320766614867	0.00020032051282051281	0.00029481566650451806	0.00035938842938780215	0.00044741749371112475	0.00045968331103322035	0.00047198652693004943	0.0002461125991323222	0.0006791356503687401	0.00022994945969973782	0.00012638514462743017	0.00045113398679407787	0.00045893602431821006	0.0005600229753015509	0.0004345202771991071	0.00023124567660292127	0.00020179866750306218	0.00033436758835819286	0.0003192891961894486	7.163980477546081e-05	0.00029844334233732463	0.0003256614432681935	0.00018589554841222134	0.00043944469536194027	0.0002244016532569379	0.0007151581383389046	0.0003530015463189688	0.00038504661674548156	0.00027691848892444387	0.00039538135996544074	0.00028581539047826444	0.00026381061069651843	0.00020423571700571992	0.0005094441236833295	0.00028149906311655424	0.00019519127513472508	0.00048784949842973444	0.00026752164260338533	0.0008609127487584732	0.00030642824125770617	0.0008889061802238251	0.0003937547878062913	0.0004445202054210746	0.0002242391053274955	0.0002614952909843985	0.0007247101159536186	0.0002038361527942721	0.0002948356319592788	0.00013975918196213247	0.0006817595720526003	0.0003467207606307555	0.0005058493995544045	0.00043715126947482195	0.0003776882436246768	0.0004047776451077102	0.00020480621166826116	0.00030825084768983113	0.00032781204444553777	0.0005231754257028613	0.0003787619013040615	8.40246487902631e-06	0.00029479755288843227	0.00029665547846839695	5.091229224922468e-05	0.00042368754750169926	0.00017174319033682676	5.901537878397133e-05	5.7438983871364406e-05	0.0008135978736527966
75905	Thermocrinis	genus	0.0	0.0	0.0	1.1059500110595001e-05	4.838397522740468e-06	0.0	2.664890073284477e-05	0.0	0.0	0.0	0.0	4.504200166655406e-06	1.6833656539538892e-06	2.105826189317986e-06	1.6952284405085007e-06	1.251517464926223e-05	1.6417261108329298e-06	1.5324237887339268e-06	1.3091095698527775e-06	0.0	1.6193623922516747e-06	0.0	3.618721819203833e-06	1.3498118362300295e-06	1.4359563469270533e-06	9.931892050265305e-06	0.0	0.0	1.0384086594974932e-06	0.0	0.0	5.702739025553973e-06	9.046151201894265e-06	5.427607252911572e-06	0.0	9.88553538576819e-07	2.4106454101311393e-05	5.165876287594665e-06	1.305242768628751e-06	0.0	0.0	0.0	0.0	0.0	0.0	2.480167956974046e-06	0.0	1.2704414021607666e-06	4.099948545645752e-06	9.062239460615506e-06	8.656165007279835e-07	8.45771817529805e-07	0.0	5.085612519647887e-05	3.1144320184374376e-06	1.6802910264057736e-05	5.206250833000133e-06	1.0900329026431664e-06	3.388915309876768e-06	0.0	3.952229403203479e-06	3.453394030186808e-06	0.0	8.903284510688838e-07	2.1737452870484995e-06	6.344477196045614e-07	0.0	8.562523546939755e-06	5.347667935490012e-07	4.448770626725011e-06	0.0	4.2544125969753464e-07	3.4052522610875012e-06	2.049433357294625e-06	0.0	0.0	0.0	4.79799827511962e-07	0.0	9.499891769090203e-06
939	Hydrogenobacter	genus	0.0	0.0	0.0	0.0	0.0	0.0	0.0	0.0	0.0	0.0	0.0	0.0	0.0	0.0	0.0	0.0	0.0	0.0	0.0	0.0	0.0	0.0	0.0	0.0	0.0	0.0	0.0	0.0	0.0	0.0	0.0	0.0	0.0	0.0	0.0	0.0	0.0	0.0	0.0	0.0	0.0	0.0	0.0	0.0	0.0	0.0	0.0	0.0	0.0	0.0	0.0	0.0	0.0	0.0	0.0	0.0	0.0	0.0	0.0	0.0	0.0	0.0	0.0	0.0	0.0	0.0	0.0	0.0	0.0	0.0	0.0	0.0	0.0	0.0	0.0	0.0	0.0	0.0	0.0	0.0
2713	Aquifex	genus	0.0	0.0	0.0	0.0	0.0	0.0	0.0	0.0	0.0	0.0	0.0	0.0	0.0	0.0	0.0	0.0	0.0	0.0	0.0	0.0	0.0	0.0	0.0	0.0	0.0	0.0	0.0	0.0	0.0	0.0	0.0	0.0	0.0	0.0	0.0	0.0	0.0	0.0	0.0	0.0	0.0	0.0	0.0	0.0	0.0	0.0	0.0	0.0	0.0	0.0	0.0	0.0	0.0	0.0	0.0	0.0	0.0	0.0	0.0	0.0	0.0	0.0	0.0	0.0	0.0	0.0	0.0	0.0	0.0	0.0	0.0	0.0	0.0	0.0	0.0	0.0	0.0	0.0	0.0	0.0
412592	Thermosulfidibacter	genus	0.0	0.0	0.0	0.0	0.0	0.0	0.0	0.0	0.0	0.0	0.0	0.0	0.0	0.0	0.0	0.0	0.0	0.0	0.0	0.0	0.0	0.0	0.0	0.0	0.0	0.0	0.0	0.0	0.0	0.0	0.0	0.0	0.0	0.0	0.0	0.0	0.0	0.0	0.0	0.0	0.0	0.0	0.0	0.0	0.0	0.0	0.0	0.0	0.0	0.0	0.0	0.0	0.0	0.0	0.0	0.0	0.0	0.0	0.0	0.0	0.0	0.0	0.0	0.0	0.0	0.0	0.0	0.0	0.0	0.0	0.0	0.0	0.0	0.0	0.0	0.0	0.0	0.0	0.0	0.0
64159	Desulfurobacterium	genus	0.0	0.0	0.0	0.0	0.0	0.0	0.0	0.0	0.0	0.0	0.0	0.0	0.0	0.0	0.0	0.0	0.0	0.0	0.0	0.0	0.0	0.0	0.0	0.0	0.0	0.0	0.0	0.0	0.0	0.0	0.0	0.0	0.0	0.0	0.0	0.0	0.0	0.0	0.0	0.0	0.0	0.0	0.0	0.0	0.0	0.0	0.0	0.0	0.0	0.0	0.0	0.0	0.0	0.0	0.0	0.0	0.0	0.0	0.0	0.0	0.0	0.0	0.0	0.0	0.0	0.0	0.0	0.0	0.0	0.0	0.0	0.0	0.0	0.0	0.0	0.0	0.0	0.0	0.0	0.0
171868	Thermovibrio	genus	0.0	0.0	0.0	0.0	0.0	0.0	0.0	0.0	0.0	0.0	0.0	0.0	0.0	0.0	0.0	0.0	0.0	0.0	0.0	0.0	0.0	0.0	0.0	0.0	0.0	0.0	0.0	0.0	0.0	0.0	0.0	0.0	0.0	0.0	0.0	0.0	0.0	0.0	0.0	0.0	0.0	0.0	0.0	0.0	0.0	0.0	0.0	0.0	0.0	0.0	0.0	0.0	0.0	0.0	0.0	0.0	0.0	0.0	0.0	0.0	0.0	0.0	0.0	0.0	0.0	0.0	0.0	0.0	0.0	0.0	0.0	0.0	0.0	0.0	0.0	0.0	0.0	0.0	0.0	0.0
53572	Deferribacter	genus	0.0	0.0	0.0	0.0	0.0	0.0	0.0	0.0	0.0	0.0	0.0	0.0	0.0	0.0	0.0	0.0	0.0	0.0	0.0	0.0	0.0	0.0	0.0	0.0	0.0	0.0	0.0	0.0	0.0	0.0	0.0	0.0	0.0	0.0	0.0	0.0	0.0	0.0	0.0	0.0	0.0	0.0	0.0	0.0	0.0	0.0	0.0	0.0	0.0	0.0	0.0	0.0	0.0	0.0	0.0	0.0	0.0	0.0	0.0	0.0	0.0	0.0	0.0	0.0	0.0	0.0	0.0	0.0	0.0	0.0	0.0	0.0	0.0	0.0	0.0	0.0	0.0	0.0	0.0	0.0
2351	Flexistipes	genus	0.0	0.0	0.0	0.0	0.0	0.0	0.0	0.0	0.0	0.0	0.0	0.0	0.0	0.0	0.0	0.0	0.0	0.0	0.0	0.0	0.0	0.0	0.0	0.0	0.0	0.0	0.0	0.0	0.0	0.0	0.0	0.0	0.0	0.0	0.0	0.0	0.0	0.0	0.0	0.0	0.0	0.0	0.0	0.0	0.0	0.0	0.0	0.0	0.0	0.0	0.0	0.0	0.0	0.0	0.0	0.0	0.0	0.0	0.0	0.0	0.0	0.0	0.0	0.0	0.0	0.0	0.0	0.0	0.0	0.0	0.0	0.0	0.0	0.0	0.0	0.0	0.0	0.0	0.0	0.0
545865	Calditerrivibrio	genus	0.0	0.0	0.0	0.0	0.0	0.0	0.0	0.0	0.0	0.0	0.0	0.0	0.0	0.0	0.0	0.0	0.0	0.0	0.0	0.0	0.0	0.0	0.0	0.0	0.0	0.0	0.0	0.0	0.0	0.0	0.0	0.0	0.0	0.0	0.0	0.0	0.0	0.0	0.0	0.0	0.0	0.0	0.0	0.0	0.0	0.0	0.0	0.0	0.0	0.0	0.0	0.0	0.0	0.0	0.0	0.0	0.0	0.0	0.0	0.0	0.0	0.0	0.0	0.0	0.0	0.0	0.0	0.0	0.0	0.0	0.0	0.0	0.0	0.0	0.0	0.0	0.0	0.0	0.0	0.0
117999	Denitrovibrio	genus	0.0	0.0	0.0	0.0	0.0	0.0	0.0	0.0	0.0	0.0	0.0	0.0	0.0	0.0	0.0	0.0	0.0	0.0	0.0	0.0	0.0	0.0	0.0	0.0	0.0	0.0	0.0	0.0	0.0	0.0	0.0	0.0	0.0	0.0	0.0	0.0	0.0	0.0	0.0	0.0	0.0	0.0	0.0	0.0	0.0	0.0	0.0	0.0	0.0	0.0	0.0	0.0	0.0	0.0	0.0	0.0	0.0	0.0	0.0	0.0	0.0	0.0	0.0	0.0	0.0	0.0	0.0	0.0	0.0	0.0	0.0	0.0	0.0	0.0	0.0	0.0	0.0	0.0	0.0	0.0
1740	Thermodesulfobacterium	genus	0.0	0.0	0.0	0.0	1.9353590090961872e-05	0.0	1.7765933821896515e-05	9.760192080580147e-06	0.0	1.924384517685094e-05	1.3428947439099723e-05	0.00015314280566628381	1.6833656539538892e-06	2.105826189317986e-06	6.780913762034003e-06	3.1287936623155576e-06	0.0	3.0648475774678535e-06	1.3091095698527775e-06	1.3290325838918592e-06	1.9432348707020097e-05	0.0	2.4124812128025555e-06	0.0	1.4359563469270533e-06	2.4829730125663263e-05	0.0	9.385984535026148e-06	0.0	9.17497690199565e-07	0.0	1.9009130085179912e-06	2.261537800473566e-06	5.427607252911572e-06	1.7438281561981756e-06	1.4828303078652286e-05	8.03548470043713e-06	0.0	5.220971074515004e-06	1.1834123458309566e-06	3.137947301313022e-06	1.8147008919254884e-06	1.6696874094716358e-06	6.588248935668384e-07	1.2129621992460227e-06	2.480167956974046e-06	3.078726737140774e-06	5.0817656086430665e-06	1.024987136411438e-06	1.8124478921231013e-05	2.5968495021839506e-06	3.38308727011922e-06	1.0263750393054987e-05	1.7893821828390713e-05	5.190720030729063e-07	3.8856729985633514e-05	1.0412501666000267e-05	5.450164513215832e-07	0.00019203853422635018	7.204081544439818e-07	7.904458806406959e-06	1.3813576120747231e-06	5.895680647487231e-07	8.903284510688838e-06	1.6303089652863747e-06	3.8066863176273686e-06	9.025358480296253e-06	2.2573925714659352e-05	2.673833967745006e-06	2.4023361384315058e-05	2.2411946822725534e-06	1.0636031492438366e-07	5.837575304721431e-06	7.173016750531188e-06	2.435994844460511e-06	3.513996247052008e-06	1.2180368108994805e-06	9.59599655023924e-07	0.0	2.1035474631556877e-05
241192	Thermodesulfatator	genus	0.0	0.0	0.0	0.0	0.0	0.0	0.0	0.0	0.0	0.0	0.0	0.0	0.0	0.0	0.0	0.0	0.0	0.0	0.0	0.0	0.0	0.0	0.0	0.0	0.0	0.0	0.0	0.0	0.0	0.0	0.0	0.0	0.0	0.0	0.0	0.0	0.0	0.0	0.0	0.0	0.0	0.0	0.0	0.0	0.0	0.0	0.0	0.0	0.0	0.0	0.0	0.0	0.0	0.0	0.0	0.0	0.0	0.0	0.0	0.0	0.0	0.0	0.0	0.0	0.0	0.0	0.0	0.0	0.0	0.0	0.0	0.0	0.0	0.0	0.0	0.0	0.0	0.0	0.0	0.0
444090	Caldimicrobium	genus	0.0	0.0	0.0	0.0	0.0	0.0	0.0	0.0	0.0	0.0	0.0	0.0	0.0	0.0	0.0	0.0	0.0	0.0	0.0	0.0	0.0	0.0	0.0	0.0	0.0	0.0	0.0	0.0	0.0	0.0	0.0	0.0	0.0	0.0	0.0	0.0	0.0	0.0	0.0	0.0	0.0	0.0	0.0	0.0	0.0	0.0	0.0	0.0	0.0	0.0	0.0	0.0	0.0	0.0	0.0	0.0	0.0	0.0	0.0	0.0	0.0	0.0	0.0	0.0	0.0	0.0	0.0	0.0	0.0	0.0	0.0	0.0	0.0	0.0	0.0	0.0	0.0	0.0	0.0	0.0
1408194	Endomicrobium	genus	0.0	0.0	0.0	0.0	0.0	0.0	0.0	0.0	0.0	0.0	0.0	0.0	0.0	0.0	0.0	0.0	0.0	0.0	0.0	0.0	0.0	0.0	0.0	0.0	0.0	0.0	0.0	0.0	0.0	0.0	0.0	0.0	0.0	0.0	0.0	0.0	0.0	0.0	0.0	0.0	0.0	0.0	0.0	0.0	0.0	0.0	0.0	0.0	0.0	0.0	0.0	0.0	0.0	0.0	0.0	0.0	0.0	0.0	0.0	0.0	0.0	0.0	0.0	0.0	0.0	0.0	0.0	0.0	0.0	0.0	0.0	0.0	0.0	0.0	0.0	0.0	0.0	0.0	0.0	0.0
423604	Elusimicrobium	genus	0.0	0.0	0.0	0.0	0.0	0.0	0.0	0.0	0.0	0.0	0.0	0.0	0.0	0.0	0.0	0.0	0.0	0.0	0.0	0.0	0.0	0.0	0.0	0.0	0.0	0.0	0.0	0.0	0.0	0.0	0.0	0.0	0.0	0.0	0.0	0.0	0.0	0.0	0.0	0.0	0.0	0.0	0.0	0.0	0.0	0.0	0.0	0.0	0.0	0.0	0.0	0.0	0.0	0.0	0.0	0.0	0.0	0.0	0.0	0.0	0.0	0.0	0.0	0.0	0.0	0.0	0.0	0.0	0.0	0.0	0.0	0.0	0.0	0.0	0.0	0.0	0.0	0.0	0.0	0.0
13	Dictyoglomus	genus	6.24658389943e-05	2.0205489831587242e-05	4.296455424274973e-05	7.7416500774165e-05	5.806077027288562e-05	1.4147273113107449e-05	0.00021319120586275815	7.808153664464117e-05	3.901677721420211e-05	4.1694997883177034e-05	4.7001316036849034e-05	9.008400333310812e-05	2.5250484809308337e-05	4.422234997567771e-05	5.085685321525502e-05	0.00014079571480420008	5.089350943582082e-05	3.218089956341246e-05	6.545547849263888e-06	3.455484718118834e-05	7.287130765132537e-05	1.5667579912491343e-05	3.2568496372834495e-05	1.8897365707220412e-05	5.025847214244687e-05	0.00019118892196760714	2.192846933303564e-05	0.00010950315290863839	3.945952906090474e-05	4.0369898368780855e-05	2.428467958490197e-06	1.520730406814393e-05	0.00032113836766724637	9.226932329949672e-05	2.4413594186774458e-05	7.414151539326143e-05	9.039920287991771e-05	8.78198968891093e-05	2.8715340909832524e-05	2.7218483954112004e-05	1.9873666241649138e-05	4.536752229813721e-05	1.5027186685244722e-05	1.1200023190636253e-05	3.5175903778134655e-05	7.936537462316948e-05	2.770854063426697e-05	3.5572359260501466e-05	6.969912527597778e-05	0.0001691618032648228	2.0774796017471605e-05	5.328362450437771e-05	6.158250235832992e-05	0.00023827036434646582	2.335824013828078e-05	0.0003287069320406294	0.0001405687724910036	1.7440526442290662e-05	0.00015250118894445455	4.682653003885881e-06	9.682962037848525e-05	3.108054627168127e-05	1.9455746136707865e-05	8.28005459494062e-05	4.2931469419207863e-05	5.202471300757404e-05	4.1655500678290406e-05	7.161383330167794e-05	2.566880609035206e-05	0.0002010844323279705	2.9135530869543195e-05	2.3399269283364407e-06	3.0160805741060728e-05	4.303810050318712e-05	8.525981955611789e-06	4.166595550075952e-05	2.7405828245238315e-06	2.878798965071772e-06	3.136036475735413e-06	8.278477113064319e-05
393029	Desulfurispirillum	genus	0.0	0.0	0.0	0.0	0.0	0.0	0.0	0.0	0.0	0.0	0.0	0.0	0.0	0.0	0.0	0.0	0.0	0.0	0.0	0.0	0.0	0.0	0.0	0.0	0.0	0.0	0.0	0.0	0.0	0.0	0.0	0.0	0.0	0.0	0.0	0.0	0.0	0.0	0.0	0.0	0.0	0.0	0.0	0.0	0.0	0.0	0.0	0.0	0.0	0.0	0.0	0.0	0.0	0.0	0.0	0.0	0.0	0.0	0.0	0.0	0.0	0.0	0.0	0.0	0.0	0.0	0.0	0.0	0.0	0.0	0.0	0.0	0.0	0.0	0.0	0.0	0.0	0.0	0.0	0.0
693074	Caldisericum	genus	0.0	0.0	0.0	0.0	0.0	0.0	0.0	0.0	0.0	0.0	0.0	0.0	0.0	0.0	0.0	0.0	0.0	0.0	0.0	0.0	0.0	0.0	0.0	0.0	0.0	0.0	0.0	0.0	0.0	0.0	0.0	0.0	0.0	0.0	0.0	0.0	0.0	0.0	0.0	0.0	0.0	0.0	0.0	0.0	0.0	0.0	0.0	0.0	0.0	0.0	0.0	0.0	0.0	0.0	0.0	0.0	0.0	0.0	0.0	0.0	0.0	0.0	0.0	0.0	0.0	0.0	0.0	0.0	0.0	0.0	0.0	0.0	0.0	0.0	0.0	0.0	0.0	0.0	0.0	0.0
