genus	sum_abundance	ALB.17	AUS.18	AUS.18a	AUT.70	BGR.66	BRA.53	BRA.53a	BWA.19	CAN.22	CAN.22a	CAN.22b	CAN.22c	CHE.67	CHN.64	CIV.13	COL.2	CZE.23	DEU.27	DNK.71_RA	DNK.71_RD	DNK.71_RL	ECU.14	ECU.14a	ESP.75	ETH.24	FIN.25	GEO.59	GHA.4	HRV.68	HUN.61	IND.11	IRL.69	IRN.12	ISL.28	ISR.29	ITA.30	KAZ.6	KEN.72	KHM.21	LKA.40	LUX.32	LVA.31	MDA.65	MKD.62	MLT.63	MYS.54	NGA.50	NLD.43	NOR.34	NPL.33	NZL.56	PAK.7	PER.35	POL.36	SEN.8	SGP.52	SRB.37	SVK.9	SVN.38	SWE.41	SWE.41a	TCD.1	TGO.44	TUR.46	TZA.15	USA.74	USA.74a	USA.74b	USA.74c	USA.74d	USA.74e	USA.74f	USA.74g	USA.74h	USA.74i	VNM.48	XK.60	ZAF.39	ZMB.49	ZMB.49b
Abiotrophia	0	0	0	0	0	0	0	0	0	0	0	0	0	0	0	0	0	0	0	0	0	0	0	0	0	0	0	0	0	0	0	0	0	0	0	0	0	0	0	0	0	0	0	0	0	0	0	0	0	0	0	0	0	0	0	0	0	0	0	0	0	0	0	0	0	0	0	0	0	0	0	0	0	0	0	0	0	0	0	0	0
Absicoccus	0	0	0	0	0	0	0	0	0	0	0	0	0	0	0	0	0	0	0	0	0	0	0	0	0	0	0	0	0	0	0	0	0	0	0	0	0	0	0	0	0	0	0	0	0	0	0	0	0	0	0	0	0	0	0	0	0	0	0	0	0	0	0	0	0	0	0	0	0	0	0	0	0	0	0	0	0	0	0	0	0
Abyssalbus	0	0	0	0	0	0	0	0	0	0	0	0	0	0	0	0	0	0	0	0	0	0	0	0	0	0	0	0	0	0	0	0	0	0	0	0	0	0	0	0	0	0	0	0	0	0	0	0	0	0	0	0	0	0	0	0	0	0	0	0	0	0	0	0	0	0	0	0	0	0	0	0	0	0	0	0	0	0	0	0	0
Abyssibacter	0	0	0	0	0	0	0	0	0	0	0	0	0	0	0	0	0	0	0	0	0	0	0	0	0	0	0	0	0	0	0	0	0	0	0	0	0	0	0	0	0	0	0	0	0	0	0	0	0	0	0	0	0	0	0	0	0	0	0	0	0	0	0	0	0	0	0	0	0	0	0	0	0	0	0	0	0	0	0	0	0
Abyssibius	0	0	0	0	0	0	0	0	0	0	0	0	0	0	0	0	0	0	0	0	0	0	0	0	0	0	0	0	0	0	0	0	0	0	0	0	0	0	0	0	0	0	0	0	0	0	0	0	0	0	0	0	0	0	0	0	0	0	0	0	0	0	0	0	0	0	0	0	0	0	0	0	0	0	0	0	0	0	0	0	0
Abyssicoccus	0	0	0	0	0	0	0	0	0	0	0	0	0	0	0	0	0	0	0	0	0	0	0	0	0	0	0	0	0	0	0	0	0	0	0	0	0	0	0	0	0	0	0	0	0	0	0	0	0	0	0	0	0	0	0	0	0	0	0	0	0	0	0	0	0	0	0	0	0	0	0	0	0	0	0	0	0	0	0	0	0
Acaricomes	0	0	0	0	0	0	0	0	0	0	0	0	0	0	0	0	0	0	0	0	0	0	0	0	0	0	0	0	0	0	0	0	0	0	0	0	0	0	0	0	0	0	0	0	0	0	0	0	0	0	0	0	0	0	0	0	0	0	0	0	0	0	0	0	0	0	0	0	0	0	0	0	0	0	0	0	0	0	0	0	0
Acaryochloris	0	0	0	0	0	0	0	0	0	0	0	0	0	0	0	0	0	0	0	0	0	0	0	0	0	0	0	0	0	0	0	0	0	0	0	0	0	0	0	0	0	0	0	0	0	0	0	0	0	0	0	0	0	0	0	0	0	0	0	0	0	0	0	0	0	0	0	0	0	0	0	0	0	0	0	0	0	0	0	0	0
Acerihabitans	0	0	0	0	0	0	0	0	0	0	0	0	0	0	0	0	0	0	0	0	0	0	0	0	0	0	0	0	0	0	0	0	0	0	0	0	0	0	0	0	0	0	0	0	0	0	0	0	0	0	0	0	0	0	0	0	0	0	0	0	0	0	0	0	0	0	0	0	0	0	0	0	0	0	0	0	0	0	0	0	0
Acetatifactor	0	0	0	0	0	0	0	0	0	0	0	0	0	0	0	0	0	0	0	0	0	0	0	0	0	0	0	0	0	0	0	0	0	0	0	0	0	0	0	0	0	0	0	0	0	0	0	0	0	0	0	0	0	0	0	0	0	0	0	0	0	0	0	0	0	0	0	0	0	0	0	0	0	0	0	0	0	0	0	0	0
Aceticella	0	0	0	0	0	0	0	0	0	0	0	0	0	0	0	0	0	0	0	0	0	0	0	0	0	0	0	0	0	0	0	0	0	0	0	0	0	0	0	0	0	0	0	0	0	0	0	0	0	0	0	0	0	0	0	0	0	0	0	0	0	0	0	0	0	0	0	0	0	0	0	0	0	0	0	0	0	0	0	0	0
Acetilactobacillus	0	0	0	0	0	0	0	0	0	0	0	0	0	0	0	0	0	0	0	0	0	0	0	0	0	0	0	0	0	0	0	0	0	0	0	0	0	0	0	0	0	0	0	0	0	0	0	0	0	0	0	0	0	0	0	0	0	0	0	0	0	0	0	0	0	0	0	0	0	0	0	0	0	0	0	0	0	0	0	0	0
Acetivibrio	0	0	0	0	0	0	0	0	0	0	0	0	0	0	0	0	0	0	0	0	0	0	0	0	0	0	0	0	0	0	0	0	0	0	0	0	0	0	0	0	0	0	0	0	0	0	0	0	0	0	0	0	0	0	0	0	0	0	0	0	0	0	0	0	0	0	0	0	0	0	0	0	0	0	0	0	0	0	0	0	0
Acetoanaerobium	0	0	0	0	0	0	0	0	0	0	0	0	0	0	0	0	0	0	0	0	0	0	0	0	0	0	0	0	0	0	0	0	0	0	0	0	0	0	0	0	0	0	0	0	0	0	0	0	0	0	0	0	0	0	0	0	0	0	0	0	0	0	0	0	0	0	0	0	0	0	0	0	0	0	0	0	0	0	0	0	0
Acetobacter	0.01996331955787635	0.0001330009950444	0.0001464528118939	0.0002322430810915	0.0001741032684898	0.0001784180004824	0.0002971678723565	0.0007989874457776	0.0002542398955835	0.0002323631330632	0.0003123291949714	0.0001976826687466	0.0001915375691339	0.0002653140850565	0.0002623245850289	0.0004873568945183	0.0004364767954913	0.0002588061761641	0.0002886576776527	0.0002310192548131	0.0002021557603409	0.0002128737751969	6.486046018039734e-05	0.0003003641915822	0.0002265582032949	0.0003706235714417	0.0002364231588546	4.006972131508825e-05	0.0004936519968053	0.0001966464990989	0.0003096660030966	0.0004256846034964	0.0001442826516911	0.0001795249742185	0.0001744323896924	0.0002721088435374	0.0002164767508834	0.0001863035084605	0.0003461683087112	0.0003938182093138	2.79727628251129e-05	0.0002185515969799	0.0002667785835358	0.0001254602585621	0.0001866743251005	0.0002321269156204	0.0002526991427181	0.000366053396866	0.0002931379080612	0.0002087109261839	0.000228241248035	4.621527437925872e-05	0.0003914918151518	0.0003165831340032	0.0003093661609668	5.578428193814571e-05	0.0002361009155016	0.0001684031718371	0.0002388220027838	0.0002405287884846	0.0002696402808319	0.0002112104261776	8.959939638301384e-05	0.0003671029605055	5.835306050996252e-05	0.0002730869948595	0.0003222988992869	0.0001631553460785	0.0003525821677844	0.0003328556473661	0.0001388246182322	0.0002745516642327	0.0002972772109992	0.0003021513173797	0.0002911596890414	0.0003783707978278	5.901537878397133e-05	0.0001602374830006	0.0002720371923669	0.0002951399868799	0.0002737914432425
Acetobacterium	0	0	0	0	0	0	0	0	0	0	0	0	0	0	0	0	0	0	0	0	0	0	0	0	0	0	0	0	0	0	0	0	0	0	0	0	0	0	0	0	0	0	0	0	0	0	0	0	0	0	0	0	0	0	0	0	0	0	0	0	0	0	0	0	0	0	0	0	0	0	0	0	0	0	0	0	0	0	0	0	0
Acetobacteroides	0	0	0	0	0	0	0	0	0	0	0	0	0	0	0	0	0	0	0	0	0	0	0	0	0	0	0	0	0	0	0	0	0	0	0	0	0	0	0	0	0	0	0	0	0	0	0	0	0	0	0	0	0	0	0	0	0	0	0	0	0	0	0	0	0	0	0	0	0	0	0	0	0	0	0	0	0	0	0	0	0
Acetohalobium	0	0	0	0	0	0	0	0	0	0	0	0	0	0	0	0	0	0	0	0	0	0	0	0	0	0	0	0	0	0	0	0	0	0	0	0	0	0	0	0	0	0	0	0	0	0	0	0	0	0	0	0	0	0	0	0	0	0	0	0	0	0	0	0	0	0	0	0	0	0	0	0	0	0	0	0	0	0	0	0	0
Acetomicrobium	0	0	0	0	0	0	0	0	0	0	0	0	0	0	0	0	0	0	0	0	0	0	0	0	0	0	0	0	0	0	0	0	0	0	0	0	0	0	0	0	0	0	0	0	0	0	0	0	0	0	0	0	0	0	0	0	0	0	0	0	0	0	0	0	0	0	0	0	0	0	0	0	0	0	0	0	0	0	0	0	0
Acetonema	0	0	0	0	0	0	0	0	0	0	0	0	0	0	0	0	0	0	0	0	0	0	0	0	0	0	0	0	0	0	0	0	0	0	0	0	0	0	0	0	0	0	0	0	0	0	0	0	0	0	0	0	0	0	0	0	0	0	0	0	0	0	0	0	0	0	0	0	0	0	0	0	0	0	0	0	0	0	0	0	0
Acholeplasma	0.02381189457837186	3.632897549826114e-05	2.525048480930834e-05	6.289916779562609e-05	0.0001076516392952	5.48211733325891e-05	4.974616365440555e-05	0.0001465062046132	5.991640851331197e-05	0.0001717466635684	6.24658389943e-05	0.0001241263268874	6.540307238718619e-05	8.843802835219144e-05	0.0001050855162578	7.018730123895415e-05	0.000167353797235	0.0004685575869115	0.0001186703785905	6.042864767103714e-05	9.592313240126529e-05	9.864882265226186e-05	1.248487731171968e-05	0.0001470533021288	0.000323420043834	9.021042941251271e-05	0.0001230365418529	1.882062667829903e-05	8.698215962017037e-05	9.832324954949304e-05	0.0003981420039814	0.0001139553916439	5.66589408467481e-05	4.049435508690088e-05	3.133515982498269e-05	0.0002148227712137	4.961939009013216e-05	4.952371743889275e-05	0.0001045036403656	9.136582456081392e-05	3.722611022353429e-06	3.488105288458132e-05	0.0001724300600902	6.748241180238869e-05	0.0001579551981619	4.95448752707765e-05	9.476217851930936e-05	0.0001063744913969	0.0003997335109926	2.504531114207454e-05	0.0003438439580787	9.243054875851745e-06	0.0002019741864533	0.0001006758625374	0.000277224222165	1.461596906676307e-05	7.734340335398991e-05	8.995448930430663e-05	6.252421532109772e-05	0.0001832600293216	0.0001332340211169	6.31900045531428e-05	9.4315154087383e-06	0.015119077750507	1.728979570665556e-05	7.480431754125381e-05	0.0001469041944263	0.0001057246642589	0.0002036037870304	0.0001245032574117	0.0001025306003937	0.0001242582963122	7.20672026664865e-05	0.0001745763167082	0.0001500978396955	5.554066757105387e-05	8.636396895215317e-06	7.597466866410977e-05	0.0001028858612156	9.796663430047485e-05	8.609793812657775e-05
Achromobacter	0.3686037644645762	0.0025639636266908	0.0040636446886446	0.002999806464099	0.0039352654809037	0.0048511754656311	0.004748140409856	0.0053346382958156	0.0058928597454038	0.0047280846205914	0.0041539782931209	0.0034111753537217	0.009733119129620001	0.0065730264013525	0.0077708793244635	0.0055477624584931	0.0065629826969742	0.003930301636061	0.0061676523791807	0.0053348335324448	0.0051327840613406	0.0049459404451865	0.0018830849096505	0.0046368722075516	0.0046263841803271	0.0063522271650774	0.0050179609226293	0.0015693974181742	0.0077843384667869	0.0053670932426499	0.0056292855562928	0.0030155798681319	0.0031261241199746	0.0047351399214949	0.0081481860598229	0.004453992123165	0.0058735736857672	0.0039005823163775	0.0052951621345988	0.0035433137019331	0.0002935544691912	0.0060491375932182	0.0048020145036454	0.0024873446716457	0.0048937392303273	0.0032350968556436	0.0046580875307713	0.0079248996090737	0.0062447257383966	0.0049957047291391	0.0020225533970893	0.0007214534439704	0.0047201456349552	0.0044952379104057	0.00487151259964	0.0010138610542644	0.0057017014191836	0.004645207988377	0.0055482553693951	0.0040390093962415	0.0049290243336078	0.0046526886914129	0.0004574284973238	0.0073854872867698	0.0053036448330165	0.0032432282879187	0.0057372765386878	0.0035881123709604	0.0050826457567232	0.0035673994572674	0.0028572465543366	0.003527752202922	0.0051483007904871	0.0034579539655681	0.0051244105271295	0.0071619690832873	0.0018781764247955	0.0032489531035997	0.0050169936053821	0.0050694633040549	0.00546205319475
Acidaminobacter	0	0	0	0	0	0	0	0	0	0	0	0	0	0	0	0	0	0	0	0	0	0	0	0	0	0	0	0	0	0	0	0	0	0	0	0	0	0	0	0	0	0	0	0	0	0	0	0	0	0	0	0	0	0	0	0	0	0	0	0	0	0	0	0	0	0	0	0	0	0	0	0	0	0	0	0	0	0	0	0	0
Acidaminococcus	0.05843989686179905	0.0003565165561609	0.0001683365653953	0.0006289916779562	0.0006007227279191	0.0002850701013294	0.0005472078001984	0.0024377424149055	0.0014056065564744	0.0004243152864633	0.00043726087296	0.0005378807498456	9.343296055312312e-05	0.0003121342177136	0.0003954329056223	0.001705254854045	0.0032701836594847	0.0002968659079529	0.000708814964014	0.000213371950626	0.0003191461227556	0.0003468284922721	3.654110432698442e-05	0.0013297373064841	0.0006353480048923	0.0006907075649596	0.0004414840619428	2.367756259527943e-05	0.0003095209316354	0.0004644925926993	0.0004423800044238	0.0018901526531357	0.0003004241514664	0.0005034798149138	8.982745816495037e-05	0.0013462226996061	0.0002490698796681	0.0002859405114031	0.0011420754982817	0.0035328118830181	2.510103432215455e-05	0.0002970339659702	0.0012655715731152	0.0004400613614719	0.0006461803561171	0.0009083227132975	0.001086606313688	0.0012733652352518	0.0002309571396846	0.0001694732720613	0.0005523240590975999	2.046676436795743e-05	0.0024085644173089	0.0007690180343219	0.0018039663152481	0.0002333683060993	0.0004504914019916	0.0004508184289553	0.0011141610172792	0.0008111338797814	0.0004663190739093	0.0004345394833654	4.244181933932234e-05	0.0001818550710082	1.260714270276968e-05	0.0005364391812718	0.0014832871994807	0.0003719941890591	0.0016586259723943	0.0005894848106025	0.0004554899238732	0.0005124175457448	0.000666621624665	0.0005774447398812	0.0005828213775467	0.0011385836852066	5.613657981889956e-05	0.0004005937075016	0.000730663997447	0.0016369108516028	0.0017426222676819
Acidibrevibacterium	0	0	0	0	0	0	0	0	0	0	0	0	0	0	0	0	0	0	0	0	0	0	0	0	0	0	0	0	0	0	0	0	0	0	0	0	0	0	0	0	0	0	0	0	0	0	0	0	0	0	0	0	0	0	0	0	0	0	0	0	0	0	0	0	0	0	0	0	0	0	0	0	0	0	0	0	0	0	0	0	0
Acidicapsa	0	0	0	0	0	0	0	0	0	0	0	0	0	0	0	0	0	0	0	0	0	0	0	0	0	0	0	0	0	0	0	0	0	0	0	0	0	0	0	0	0	0	0	0	0	0	0	0	0	0	0	0	0	0	0	0	0	0	0	0	0	0	0	0	0	0	0	0	0	0	0	0	0	0	0	0	0	0	0	0	0
Acididesulfobacillus	0	0	0	0	0	0	0	0	0	0	0	0	0	0	0	0	0	0	0	0	0	0	0	0	0	0	0	0	0	0	0	0	0	0	0	0	0	0	0	0	0	0	0	0	0	0	0	0	0	0	0	0	0	0	0	0	0	0	0	0	0	0	0	0	0	0	0	0	0	0	0	0	0	0	0	0	0	0	0	0	0
Acidiferrobacter	0	0	0	0	0	0	0	0	0	0	0	0	0	0	0	0	0	0	0	0	0	0	0	0	0	0	0	0	0	0	0	0	0	0	0	0	0	0	0	0	0	0	0	0	0	0	0	0	0	0	0	0	0	0	0	0	0	0	0	0	0	0	0	0	0	0	0	0	0	0	0	0	0	0	0	0	0	0	0	0	0
Acidihalobacter	0	0	0	0	0	0	0	0	0	0	0	0	0	0	0	0	0	0	0	0	0	0	0	0	0	0	0	0	0	0	0	0	0	0	0	0	0	0	0	0	0	0	0	0	0	0	0	0	0	0	0	0	0	0	0	0	0	0	0	0	0	0	0	0	0	0	0	0	0	0	0	0	0	0	0	0	0	0	0	0	0
Acidilutibacter	0	0	0	0	0	0	0	0	0	0	0	0	0	0	0	0	0	0	0	0	0	0	0	0	0	0	0	0	0	0	0	0	0	0	0	0	0	0	0	0	0	0	0	0	0	0	0	0	0	0	0	0	0	0	0	0	0	0	0	0	0	0	0	0	0	0	0	0	0	0	0	0	0	0	0	0	0	0	0	0	0
Acidimangrovimonas	0	0	0	0	0	0	0	0	0	0	0	0	0	0	0	0	0	0	0	0	0	0	0	0	0	0	0	0	0	0	0	0	0	0	0	0	0	0	0	0	0	0	0	0	0	0	0	0	0	0	0	0	0	0	0	0	0	0	0	0	0	0	0	0	0	0	0	0	0	0	0	0	0	0	0	0	0	0	0	0	0
Acidimicrobium	0	0	0	0	0	0	0	0	0	0	0	0	0	0	0	0	0	0	0	0	0	0	0	0	0	0	0	0	0	0	0	0	0	0	0	0	0	0	0	0	0	0	0	0	0	0	0	0	0	0	0	0	0	0	0	0	0	0	0	0	0	0	0	0	0	0	0	0	0	0	0	0	0	0	0	0	0	0	0	0	0
Acidiphilium	0.1552944919099419	0.0007253480192703	0.0011194381598793	0.0009289723243661	0.0013782067894958	0.0010894462264094	0.0010355056697535	0.0036913522069573	0.003641946020174	0.0015962336966953	0.0017490434918403	0.0010022051578319	0.0024219899663381	0.0024242424242424	0.0056590496532956	0.0021115503584	0.0053530599737209	0.001392140411654	0.002315676036281	0.0016294344199438	0.0012927210927348	0.0017372576873393	0.0003328285585782	0.0046431297948762	0.0011721924431347	0.0011292606766216	0.001782823616261	0.0002373827429424	0.0054459869029719	0.0013205829551561	0.0027206370272063	0.0019805635423739	0.0008907312561023	0.0010892981518376	0.0021213903201513	0.0018045112781954	0.0018349445041174	0.0008336492435546	0.0015302318767827	0.0039885908239307	9.604336437671846e-05	0.0015293161624083	0.001766594766585	0.000825946702201	0.0011975875933371	0.0009404351324545	0.0021732126273761	0.0034962792392972	0.0043260048856318	0.0013040258667973	0.0016391871449786	0.0002056579709877	0.0028836931202431	0.0013585176631555	0.002703940601697	0.0003714892137802	0.0029200527020664	0.0011338449582077	0.0016922537622152	0.0018148990403838	0.0018360917005356	0.0012802468045766	0.0001226097003135	0.0072979525697546	0.0003158989757236	0.0011789365387837	0.0049128323929981	0.0012491173295777	0.0036201746523217	0.0014012968665833	0.0008456506156371999	0.0011573772742226	0.003044839312659	0.0013093223753122	0.001500978396955	0.0037739883614531	0.0003632084694265	0.0009386324974047	0.0018432263611014	0.0018650863036444	0.0019044863913598
Acidipila	0	0	0	0	0	0	0	0	0	0	0	0	0	0	0	0	0	0	0	0	0	0	0	0	0	0	0	0	0	0	0	0	0	0	0	0	0	0	0	0	0	0	0	0	0	0	0	0	0	0	0	0	0	0	0	0	0	0	0	0	0	0	0	0	0	0	0	0	0	0	0	0	0	0	0	0	0	0	0	0	0
Acidipropionibacterium	0	0	0	0	0	0	0	0	0	0	0	0	0	0	0	0	0	0	0	0	0	0	0	0	0	0	0	0	0	0	0	0	0	0	0	0	0	0	0	0	0	0	0	0	0	0	0	0	0	0	0	0	0	0	0	0	0	0	0	0	0	0	0	0	0	0	0	0	0	0	0	0	0	0	0	0	0	0	0	0	0
Acidisarcina	0	0	0	0	0	0	0	0	0	0	0	0	0	0	0	0	0	0	0	0	0	0	0	0	0	0	0	0	0	0	0	0	0	0	0	0	0	0	0	0	0	0	0	0	0	0	0	0	0	0	0	0	0	0	0	0	0	0	0	0	0	0	0	0	0	0	0	0	0	0	0	0	0	0	0	0	0	0	0	0	0
Acidisoma	0	0	0	0	0	0	0	0	0	0	0	0	0	0	0	0	0	0	0	0	0	0	0	0	0	0	0	0	0	0	0	0	0	0	0	0	0	0	0	0	0	0	0	0	0	0	0	0	0	0	0	0	0	0	0	0	0	0	0	0	0	0	0	0	0	0	0	0	0	0	0	0	0	0	0	0	0	0	0	0	0
Acidisphaera	0	0	0	0	0	0	0	0	0	0	0	0	0	0	0	0	0	0	0	0	0	0	0	0	0	0	0	0	0	0	0	0	0	0	0	0	0	0	0	0	0	0	0	0	0	0	0	0	0	0	0	0	0	0	0	0	0	0	0	0	0	0	0	0	0	0	0	0	0	0	0	0	0	0	0	0	0	0	0	0	0
Acidithiobacillus	0.009470307833541886	4.187068362511453e-05	5.723443223443224e-05	8.709115540932843e-05	5.581936852345809e-05	5.980491636282447e-05	0.0001165107517168	0.0003232198740952	0.0001667943264019	0.0001212329389895	4.684937924572499e-05	6.436179912682492e-05	0.0001334015047897	7.283131746651059e-05	0.0002848985107436	0.0001383974954007	0.0001877076374393	7.527369176015264e-05	0.00012187768612	9.09103549033302e-05	9.099250410026568e-05	0.0001069560919282	1.979309817711656e-05	0.0001626972704404	9.193666220664406e-05	0.0001146650638918	8.202436123528688e-05	2.185621162641177e-05	0.0004123180293683	8.137096514440804e-05	8.847600088476001e-05	0.0001657532969366	3.623536914617611e-05	6.749059181150148e-05	7.102636226996075e-05	4.296455424274973e-05	0.0001079951431373	7.015859970509806e-05	0.0001343618233272	0.0001963840137111	1.43586425147918e-05	5.995180964537414e-05	0.0001659232653698	6.177967277683471e-05	9.046524985640436e-05	0.0001357896581495	9.055052614067341e-05	0.0001626903986071	0.0002487230735065	5.509968451256398e-05	8.596098951967568e-05	1.056349128668771e-05	0.000435979521419	0.0001637498968982	0.0001727629210593	3.629632318246162e-05	0.000119407359564	5.75290338574054e-05	0.0001055736750503	0.0001072487671598	7.676817407215194e-05	6.751808705678271e-05	2.357878852184574e-05	0.0001187486471136	1.764999978387755e-05	0.0001327008098848	0.0001584784642902	6.656738120006631e-05	0.0002036037870304	0.00020581150715	4.808957363602544e-05	0.0001065071111247	0.0002026890074994	0.0001880052641473	0.0001671658214669	0.0003707339560367	1.679299396291867e-05	4.558480119846586e-05	0.0001691513311512	0.0001475699934399	0.0001446445360526
Acidithrix	0	0	0	0	0	0	0	0	0	0	0	0	0	0	0	0	0	0	0	0	0	0	0	0	0	0	0	0	0	0	0	0	0	0	0	0	0	0	0	0	0	0	0	0	0	0	0	0	0	0	0	0	0	0	0	0	0	0	0	0	0	0	0	0	0	0	0	0	0	0	0	0	0	0	0	0	0	0	0	0	0
Acidobacterium	0	0	0	0	0	0	0	0	0	0	0	0	0	0	0	0	0	0	0	0	0	0	0	0	0	0	0	0	0	0	0	0	0	0	0	0	0	0	0	0	0	0	0	0	0	0	0	0	0	0	0	0	0	0	0	0	0	0	0	0	0	0	0	0	0	0	0	0	0	0	0	0	0	0	0	0	0	0	0	0	0
Acidocella	0	0	0	0	0	0	0	0	0	0	0	0	0	0	0	0	0	0	0	0	0	0	0	0	0	0	0	0	0	0	0	0	0	0	0	0	0	0	0	0	0	0	0	0	0	0	0	0	0	0	0	0	0	0	0	0	0	0	0	0	0	0	0	0	0	0	0	0	0	0	0	0	0	0	0	0	0	0	0	0	0
Acidomonas	0	0	0	0	0	0	0	0	0	0	0	0	0	0	0	0	0	0	0	0	0	0	0	0	0	0	0	0	0	0	0	0	0	0	0	0	0	0	0	0	0	0	0	0	0	0	0	0	0	0	0	0	0	0	0	0	0	0	0	0	0	0	0	0	0	0	0	0	0	0	0	0	0	0	0	0	0	0	0	0	0
Acidothermus	0	0	0	0	0	0	0	0	0	0	0	0	0	0	0	0	0	0	0	0	0	0	0	0	0	0	0	0	0	0	0	0	0	0	0	0	0	0	0	0	0	0	0	0	0	0	0	0	0	0	0	0	0	0	0	0	0	0	0	0	0	0	0	0	0	0	0	0	0	0	0	0	0	0	0	0	0	0	0	0	0
Acidovorax	9.684074605692686	0.0903427731200063	0.1576118428140487	0.0791997290497387	0.1223281461191584	0.2339010148894307	0.1999520865897434	0.0606822658015248	0.0776791945939205	0.0931271026337856	0.1072382290934645	0.1513758866987147	0.09704154911848591	0.2041878007543243	0.07517272945227869	0.1463207520124478	0.0164074567424357	0.1507207667428989	0.1359834246346876	0.1810672233945498	0.2277062761967643	0.1846903257695646	0.0591716192550913	0.0358997784814087	0.2059528988778802	0.2746407614194991	0.1859528456422145	0.0414223779679672	0.1216846523933084	0.2733623669457578	0.1356668878566689	0.0275837972385124	0.1131518578203173	0.2318247836251626	0.2265657395985548	0.0616970998925886	0.2543134816855804	0.2007544112956524	0.1845263699074303	0.0123532895897569	0.0015409482426244	0.2757837745332342	0.1349671894876224	0.1109277786120673	0.2338655944859276	0.0555544851415836	0.1152981955175383	0.114509011327319	0.066089273817455	0.1800991627352485	0.0173048364419264	0.023089316134429	0.06575549912537169	0.08807925009824991	0.0850114103882746	0.0114559965545288	0.1200071101655013	0.2333095197999244	0.2447413034966411	0.087962731574037	0.1550882072664566	0.1590224073487378	0.00549385772559	0.0200440930690825	0.0404602831780373	0.0950019956357316	0.1005536952637197	0.09125082719760461	0.0797282634335047	0.0733311481741216	0.0965566050575713	0.0753466806467111	0.06334256694367491	0.0935124754921709	0.1708233895606199	0.1126663269429166	0.015324806490732	0.1226196618298429	0.101809919243318	0.1478750540986635	0.1596083576990498
Aciduricibacillus	0	0	0	0	0	0	0	0	0	0	0	0	0	0	0	0	0	0	0	0	0	0	0	0	0	0	0	0	0	0	0	0	0	0	0	0	0	0	0	0	0	0	0	0	0	0	0	0	0	0	0	0	0	0	0	0	0	0	0	0	0	0	0	0	0	0	0	0	0	0	0	0	0	0	0	0	0	0	0	0	0
Acinetobacter	8.35554520415114	0.3569204851088145	0.1962535014005602	0.0500677375653183	0.1637102336837992	0.1879180114466609	0.0867730187281215	0.0125270356810575	0.029746067783271	0.0673145893739328	0.09424533458265009	0.0491770118042604	0.0230685979605661	0.0547041227727923	0.0202472545435863	0.0615107668308654	0.0097336586932382	0.1457916085903352	0.0651789036139941	0.0476151005308095	0.0750885383959231	0.0589348834697802	0.182221961020995	0.0380555173147441	0.0618503894995197	0.0443248401482059	0.0413089158068181	0.2070378215671025	0.0138550154252128	0.1020730948598978	0.0425127184251271	0.008177476575574501	0.3252216616354406	0.1150039684467985	0.1349803789674229	0.0884640171858217	0.1166872927660766	0.1394558404675982	0.0719031699126554	0.251030228435565	0.0067783428701309	0.1101047685124375	0.0823402337891343	0.4412009588205215	0.1555614589316484	0.1683323837232239	0.0404339686610946	0.0238935879646648	0.0370242060848323	0.1876920662298208	0.0139098713845746	0.0686529551449401	0.0395335552973291	0.0813970413426036	0.0486910195422987	0.27291156680996	0.038833172992769	0.2102707107136842	0.06635766721127651	0.0737455017992802	0.1067534421961027	0.2450257347785666	0.4263233595057886	0.1474566414761203	0.1342145606014543	0.1448011767846337	0.0347530807590228	0.1367711687535323	0.0253859160804781	0.0318143935929099	0.0292148696591084	0.09941373752387531	0.0350156520955791	0.0637539279671259	0.036363335163958	0.0322496886251324	0.09249796984697981	0.4064451383464182	0.0550857876261441	0.0340031026901141	0.0298467112309594
Acrocarpospora	0	0	0	0	0	0	0	0	0	0	0	0	0	0	0	0	0	0	0	0	0	0	0	0	0	0	0	0	0	0	0	0	0	0	0	0	0	0	0	0	0	0	0	0	0	0	0	0	0	0	0	0	0	0	0	0	0	0	0	0	0	0	0	0	0	0	0	0	0	0	0	0	0	0	0	0	0	0	0	0	0
Actibacterium	0	0	0	0	0	0	0	0	0	0	0	0	0	0	0	0	0	0	0	0	0	0	0	0	0	0	0	0	0	0	0	0	0	0	0	0	0	0	0	0	0	0	0	0	0	0	0	0	0	0	0	0	0	0	0	0	0	0	0	0	0	0	0	0	0	0	0	0	0	0	0	0	0	0	0	0	0	0	0	0	0
Actimicrobium	0	0	0	0	0	0	0	0	0	0	0	0	0	0	0	0	0	0	0	0	0	0	0	0	0	0	0	0	0	0	0	0	0	0	0	0	0	0	0	0	0	0	0	0	0	0	0	0	0	0	0	0	0	0	0	0	0	0	0	0	0	0	0	0	0	0	0	0	0	0	0	0	0	0	0	0	0	0	0	0	0
Actinacidiphila	0	0	0	0	0	0	0	0	0	0	0	0	0	0	0	0	0	0	0	0	0	0	0	0	0	0	0	0	0	0	0	0	0	0	0	0	0	0	0	0	0	0	0	0	0	0	0	0	0	0	0	0	0	0	0	0	0	0	0	0	0	0	0	0	0	0	0	0	0	0	0	0	0	0	0	0	0	0	0	0	0
Actinoallomurus	0	0	0	0	0	0	0	0	0	0	0	0	0	0	0	0	0	0	0	0	0	0	0	0	0	0	0	0	0	0	0	0	0	0	0	0	0	0	0	0	0	0	0	0	0	0	0	0	0	0	0	0	0	0	0	0	0	0	0	0	0	0	0	0	0	0	0	0	0	0	0	0	0	0	0	0	0	0	0	0	0
Actinoalloteichus	0	0	0	0	0	0	0	0	0	0	0	0	0	0	0	0	0	0	0	0	0	0	0	0	0	0	0	0	0	0	0	0	0	0	0	0	0	0	0	0	0	0	0	0	0	0	0	0	0	0	0	0	0	0	0	0	0	0	0	0	0	0	0	0	0	0	0	0	0	0	0	0	0	0	0	0	0	0	0	0	0
Actinobacillus	0.06173034311067913	0.000355285065466	0.0003703404438698	0.0004402941745693	0.0003163097549662	0.0002880603471476	0.0011533255310402	0.0004848298111429	0.0022768235235058	0.0005253427356212	0.0003904114937143	0.0003264062670003	0.0001728509770232	0.0001976850045519	0.0002296313133042	0.0086379808200842	0.0002781691494582	0.0006021895340812	0.0003752549809485	0.0002834264005809	0.0002859764414579	0.0002782935207453	0.0002822800309259	0.0003003641915822	0.0003661049227157	0.0003276921020225	0.0003136225576643	0.0001797066289282	0.000189779257353	0.00030005543397	0.0003428445034284	0.0004190921428228	0.0003682831155038	0.0008841267527306	0.0002882834703898	0.0004296455424274	0.0002573397780164	0.0005011328550364	0.0005617070669653	0.0004872843976576	2.499467400723016e-05	0.0002174615640773	0.0003806474911426	0.0003250561244565	0.0003446295232624	0.0122568516433759	0.0005475148092226	0.0005475157645431	0.0006129247168554	0.0003606524804458	0.0003329753272198	0.0001711615697546	0.001202057823341	0.0038184050032264	0.0004881556955515	0.000317897327202	0.0028060729497552	0.0002845072219857	0.0002634216940577	0.0004414900706384	0.0003629040956138	0.0003713494788123	0.0006460588054985	0.0007966337812079	0.0002406163235842	0.0006640164077634	0.0003196279139337	0.0002832376807924	0.0002309164901686	0.0016210832291571	0.000194172995436	0.0008011701581274999	0.0004639326171655	0.0009467407944565	0.0004844294826293	0.0002575698458607	0.0001796850354032	0.0004959073827348	0.0006818368090734	0.0004935534234378	0.000382274845282
Actinobaculum	0	0	0	0	0	0	0	0	0	0	0	0	0	0	0	0	0	0	0	0	0	0	0	0	0	0	0	0	0	0	0	0	0	0	0	0	0	0	0	0	0	0	0	0	0	0	0	0	0	0	0	0	0	0	0	0	0	0	0	0	0	0	0	0	0	0	0	0	0	0	0	0	0	0	0	0	0	0	0	0	0
Actinocatenispora	0	0	0	0	0	0	0	0	0	0	0	0	0	0	0	0	0	0	0	0	0	0	0	0	0	0	0	0	0	0	0	0	0	0	0	0	0	0	0	0	0	0	0	0	0	0	0	0	0	0	0	0	0	0	0	0	0	0	0	0	0	0	0	0	0	0	0	0	0	0	0	0	0	0	0	0	0	0	0	0	0
Actinocorallia	0	0	0	0	0	0	0	0	0	0	0	0	0	0	0	0	0	0	0	0	0	0	0	0	0	0	0	0	0	0	0	0	0	0	0	0	0	0	0	0	0	0	0	0	0	0	0	0	0	0	0	0	0	0	0	0	0	0	0	0	0	0	0	0	0	0	0	0	0	0	0	0	0	0	0	0	0	0	0	0	0
Actinocrinis	0	0	0	0	0	0	0	0	0	0	0	0	0	0	0	0	0	0	0	0	0	0	0	0	0	0	0	0	0	0	0	0	0	0	0	0	0	0	0	0	0	0	0	0	0	0	0	0	0	0	0	0	0	0	0	0	0	0	0	0	0	0	0	0	0	0	0	0	0	0	0	0	0	0	0	0	0	0	0	0	0
Actinocrispum	0	0	0	0	0	0	0	0	0	0	0	0	0	0	0	0	0	0	0	0	0	0	0	0	0	0	0	0	0	0	0	0	0	0	0	0	0	0	0	0	0	0	0	0	0	0	0	0	0	0	0	0	0	0	0	0	0	0	0	0	0	0	0	0	0	0	0	0	0	0	0	0	0	0	0	0	0	0	0	0	0
Actinokineospora	0	0	0	0	0	0	0	0	0	0	0	0	0	0	0	0	0	0	0	0	0	0	0	0	0	0	0	0	0	0	0	0	0	0	0	0	0	0	0	0	0	0	0	0	0	0	0	0	0	0	0	0	0	0	0	0	0	0	0	0	0	0	0	0	0	0	0	0	0	0	0	0	0	0	0	0	0	0	0	0	0
Actinomadura	0	0	0	0	0	0	0	0	0	0	0	0	0	0	0	0	0	0	0	0	0	0	0	0	0	0	0	0	0	0	0	0	0	0	0	0	0	0	0	0	0	0	0	0	0	0	0	0	0	0	0	0	0	0	0	0	0	0	0	0	0	0	0	0	0	0	0	0	0	0	0	0	0	0	0	0	0	0	0	0	0
Actinomarinicola	0	0	0	0	0	0	0	0	0	0	0	0	0	0	0	0	0	0	0	0	0	0	0	0	0	0	0	0	0	0	0	0	0	0	0	0	0	0	0	0	0	0	0	0	0	0	0	0	0	0	0	0	0	0	0	0	0	0	0	0	0	0	0	0	0	0	0	0	0	0	0	0	0	0	0	0	0	0	0	0	0
Actinomyces	0.01666776958857497	9.113031141936691e-05	8.248491704374058e-05	0.0001935359009096	0.0001661290729864	5.781141915073032e-05	0.0001662569153713	0.0002522323316537	0.0002590979827602	0.0002020548983158	0.0001561645974857	0.0001241263268874	0.0001443020168542	0.0001560671088568	0.0002381938368512	0.0004270551286651	0.0004726614002989	0.0002004479207545	0.0001635726840032	0.0001572214373034	0.0001658484064881	0.0002128737751969	1.552996933896838e-05	0.0006288875261254	0.0001034287449824	0.0002206351466354	0.0001821423315665	1.214233979245099e-05	0.0006461531857498	0.0001576562449672	0.0002764875027648	0.0002175512022293	6.85177889309512e-05	7.693927466511169e-05	0.0001430972298674	0.0002005012531328	0.0001099410015722	7.6643848417334e-05	0.0005094552467824999	0.000308753476102	7.977023619328774e-06	0.0001149984712288	0.0002049640336921	7.033378131516567e-05	0.0001134405514072	7.706980597676346e-05	0.0001747835737133	0.0004145476502969	0.0002309571396846	4.424671635099835e-05	0.0008922157877731	1.171887314616917e-05	0.0006379537078723	0.0002450183642476	0.0004078008485471	6.796425616044826e-05	0.0001546868067079	0.0001307478042213	0.0001568230318709	0.0002467762894842	0.000206829956591	0.0001151269945968	4.715757704369149e-06	8.88918444107726e-05	1.404795901165764e-05	0.00066657819946	0.000272440506027	0.000147492432855	0.0004221054121362	0.0001600756166722	0.0001370099173403	0.0001479265432288	0.0003062856113325	0.0001342894743909	0.0001656598230753	0.0003506004640422	9.59599655023924e-06	0.0001153433606082	0.000149969221433	0.0004662715759111	0.0001377567010025
Actinomycetospora	0	0	0	0	0	0	0	0	0	0	0	0	0	0	0	0	0	0	0	0	0	0	0	0	0	0	0	0	0	0	0	0	0	0	0	0	0	0	0	0	0	0	0	0	0	0	0	0	0	0	0	0	0	0	0	0	0	0	0	0	0	0	0	0	0	0	0	0	0	0	0	0	0	0	0	0	0	0	0	0	0
Actinophytocola	0	0	0	0	0	0	0	0	0	0	0	0	0	0	0	0	0	0	0	0	0	0	0	0	0	0	0	0	0	0	0	0	0	0	0	0	0	0	0	0	0	0	0	0	0	0	0	0	0	0	0	0	0	0	0	0	0	0	0	0	0	0	0	0	0	0	0	0	0	0	0	0	0	0	0	0	0	0	0	0	0
Actinoplanes	0.02993699480796683	0.0001588622996364	0.0001481361775479	0.000203212695955	0.0002990323313756	0.0001355578104224	0.000168875134511	0.0007310206498229	0.0006574611312541	0.0002626713678106	0.0004684937924572	0.0001823584308593	0.0004920802589131	0.0002835219144232	0.0010057073111496	0.0004754942520554	0.0008322459105742	0.0004313436269402	0.0003528038282422	0.0003229991433035	0.0002599785831436	0.0004278243677129	3.897717794878338e-05	0.0007571680662803001	0.0002167078466299	0.0002266129461748	0.0003293036855475	4.735512519055885e-05	0.0010968789219634	0.0002508938091952	0.0007520460075204	0.0003757702583962	0.0001278120293519	0.0001363309954592	0.0003363307154548	0.0005298961689939	0.0003604702750665	0.0001326528145684	0.0003303061490128	0.0007739840540381	1.446500282971618e-05	0.0002343570740682	0.0003155795439387	0.0001463703016558	0.0002039058012636	0.0001422121419809	0.0002969214926938	0.0006961271863477	0.0009327115256495	0.0001761520216992	0.000744007185153	3.152541930870863e-05	0.000588127476853	0.0002656387216348	0.0007975218565183	7.722103656939821e-05	0.0004667742237503	0.0002029205921515	0.0003095461151962	0.0003581900573104	0.0003876475566783	0.0002293883726929	9.4315154087383e-06	0.0003223177564512	5.727244827829655e-05	0.0002766735032347	0.0008217731603365	0.0003498050619925	0.0010031210970767	0.0002185159211716	0.0002340964150583	0.0001680445531079	0.0004729410174988	0.0002484355276233	0.0002359397480163	0.0016856592607814	4.17425849935407e-05	0.000185101920018	0.0002389044573991	0.0003621045217182	0.0002686255669549
Actinopolymorpha	0	0	0	0	0	0	0	0	0	0	0	0	0	0	0	0	0	0	0	0	0	0	0	0	0	0	0	0	0	0	0	0	0	0	0	0	0	0	0	0	0	0	0	0	0	0	0	0	0	0	0	0	0	0	0	0	0	0	0	0	0	0	0	0	0	0	0	0	0	0	0	0	0	0	0	0	0	0	0	0	0
Actinopolyspora	0	0	0	0	0	0	0	0	0	0	0	0	0	0	0	0	0	0	0	0	0	0	0	0	0	0	0	0	0	0	0	0	0	0	0	0	0	0	0	0	0	0	0	0	0	0	0	0	0	0	0	0	0	0	0	0	0	0	0	0	0	0	0	0	0	0	0	0	0	0	0	0	0	0	0	0	0	0	0	0	0
Actinospica	0	0	0	0	0	0	0	0	0	0	0	0	0	0	0	0	0	0	0	0	0	0	0	0	0	0	0	0	0	0	0	0	0	0	0	0	0	0	0	0	0	0	0	0	0	0	0	0	0	0	0	0	0	0	0	0	0	0	0	0	0	0	0	0	0	0	0	0	0	0	0	0	0	0	0	0	0	0	0	0	0
Actinosynnema	0	0	0	0	0	0	0	0	0	0	0	0	0	0	0	0	0	0	0	0	0	0	0	0	0	0	0	0	0	0	0	0	0	0	0	0	0	0	0	0	0	0	0	0	0	0	0	0	0	0	0	0	0	0	0	0	0	0	0	0	0	0	0	0	0	0	0	0	0	0	0	0	0	0	0	0	0	0	0	0	0
Actinotalea	0	0	0	0	0	0	0	0	0	0	0	0	0	0	0	0	0	0	0	0	0	0	0	0	0	0	0	0	0	0	0	0	0	0	0	0	0	0	0	0	0	0	0	0	0	0	0	0	0	0	0	0	0	0	0	0	0	0	0	0	0	0	0	0	0	0	0	0	0	0	0	0	0	0	0	0	0	0	0	0	0
Actinotignum	0	0	0	0	0	0	0	0	0	0	0	0	0	0	0	0	0	0	0	0	0	0	0	0	0	0	0	0	0	0	0	0	0	0	0	0	0	0	0	0	0	0	0	0	0	0	0	0	0	0	0	0	0	0	0	0	0	0	0	0	0	0	0	0	0	0	0	0	0	0	0	0	0	0	0	0	0	0	0	0	0
Actomonas	0	0	0	0	0	0	0	0	0	0	0	0	0	0	0	0	0	0	0	0	0	0	0	0	0	0	0	0	0	0	0	0	0	0	0	0	0	0	0	0	0	0	0	0	0	0	0	0	0	0	0	0	0	0	0	0	0	0	0	0	0	0	0	0	0	0	0	0	0	0	0	0	0	0	0	0	0	0	0	0	0
Acutalibacter	0	0	0	0	0	0	0	0	0	0	0	0	0	0	0	0	0	0	0	0	0	0	0	0	0	0	0	0	0	0	0	0	0	0	0	0	0	0	0	0	0	0	0	0	0	0	0	0	0	0	0	0	0	0	0	0	0	0	0	0	0	0	0	0	0	0	0	0	0	0	0	0	0	0	0	0	0	0	0	0	0
Acuticoccus	0	0	0	0	0	0	0	0	0	0	0	0	0	0	0	0	0	0	0	0	0	0	0	0	0	0	0	0	0	0	0	0	0	0	0	0	0	0	0	0	0	0	0	0	0	0	0	0	0	0	0	0	0	0	0	0	0	0	0	0	0	0	0	0	0	0	0	0	0	0	0	0	0	0	0	0	0	0	0	0	0
Adhaeretor	0	0	0	0	0	0	0	0	0	0	0	0	0	0	0	0	0	0	0	0	0	0	0	0	0	0	0	0	0	0	0	0	0	0	0	0	0	0	0	0	0	0	0	0	0	0	0	0	0	0	0	0	0	0	0	0	0	0	0	0	0	0	0	0	0	0	0	0	0	0	0	0	0	0	0	0	0	0	0	0	0
Adhaeribacter	0	0	0	0	0	0	0	0	0	0	0	0	0	0	0	0	0	0	0	0	0	0	0	0	0	0	0	0	0	0	0	0	0	0	0	0	0	0	0	0	0	0	0	0	0	0	0	0	0	0	0	0	0	0	0	0	0	0	0	0	0	0	0	0	0	0	0	0	0	0	0	0	0	0	0	0	0	0	0	0	0
Adlercreutzia	0	0	0	0	0	0	0	0	0	0	0	0	0	0	0	0	0	0	0	0	0	0	0	0	0	0	0	0	0	0	0	0	0	0	0	0	0	0	0	0	0	0	0	0	0	0	0	0	0	0	0	0	0	0	0	0	0	0	0	0	0	0	0	0	0	0	0	0	0	0	0	0	0	0	0	0	0	0	0	0	0
Advenella	0.01945240250951613	0.0001317695043496	0.0001885369532428	0.000203212695955	0.0001315742258052	0.0001624700227856	0.0003364411594521	0.0002144730005679	0.0002995820425665	0.0002323631330632	0.0002030139767314	0.0001409829885635	0.0003737318422124	0.0001638704642996	0.0001408924329087	0.0004418834317438	0.0002148460910449	0.0005590551713872	0.000311108830359	0.0001812859430131	0.0001739167073443	0.0001869135587095	6.303340496404813e-05	0.0001126365718433	0.0001970071332999	0.000516264505674	0.0003220662419091	5.039071013867159e-05	0.0001378158892683	0.0002898840633269	0.0002101305021013	0.0001601026163592	8.696488595082268e-05	0.0002308178239953	0.0004564488281172	0.0002291442892946	0.0002534480611466	0.0003649426320794	0.0005439787708319	0.0001312727364379	7.232501414858089e-06	0.0002016560869889	0.0001724300600902	0.000139717106126	0.0001507754164273	0.0006505058623514	0.0002211117498783	0.0004708635575071	0.0003109038418831	0.0001886746772702	0.000486124216594	2.475818270317431e-05	0.0003078549273693	0.0004754811821044	0.0002410645410131	0.0002077903602324	0.0002415285227545	0.0001736330840059	0.0001885976330997	0.0002488587898174	0.0003952609293136	0.0001861075476565	4.715757704369149e-05	0.0009615247597714	7.348163175328614e-05	0.0001598558018689	0.0001584784642902	0.0001057246642589	0.0001812570299173	0.0001689687064873	0.0001769333369627	0.0001798786765663	0.0001351260049996	0.0001342894743909	0.0002108397748231	0.0002527100374482	3.334608801208136e-05	0.0001333010095652	0.000510941649766	0.0004811525836529	0.0003082306184931
Aedoeadaptatus	0	0	0	0	0	0	0	0	0	0	0	0	0	0	0	0	0	0	0	0	0	0	0	0	0	0	0	0	0	0	0	0	0	0	0	0	0	0	0	0	0	0	0	0	0	0	0	0	0	0	0	0	0	0	0	0	0	0	0	0	0	0	0	0	0	0	0	0	0	0	0	0	0	0	0	0	0	0	0	0	0
Aegicerativicinus	0	0	0	0	0	0	0	0	0	0	0	0	0	0	0	0	0	0	0	0	0	0	0	0	0	0	0	0	0	0	0	0	0	0	0	0	0	0	0	0	0	0	0	0	0	0	0	0	0	0	0	0	0	0	0	0	0	0	0	0	0	0	0	0	0	0	0	0	0	0	0	0	0	0	0	0	0	0	0	0	0
Aeoliella	0	0	0	0	0	0	0	0	0	0	0	0	0	0	0	0	0	0	0	0	0	0	0	0	0	0	0	0	0	0	0	0	0	0	0	0	0	0	0	0	0	0	0	0	0	0	0	0	0	0	0	0	0	0	0	0	0	0	0	0	0	0	0	0	0	0	0	0	0	0	0	0	0	0	0	0	0	0	0	0	0
Aequoribacter	0	0	0	0	0	0	0	0	0	0	0	0	0	0	0	0	0	0	0	0	0	0	0	0	0	0	0	0	0	0	0	0	0	0	0	0	0	0	0	0	0	0	0	0	0	0	0	0	0	0	0	0	0	0	0	0	0	0	0	0	0	0	0	0	0	0	0	0	0	0	0	0	0	0	0	0	0	0	0	0	0
Aequorivita	0	0	0	0	0	0	0	0	0	0	0	0	0	0	0	0	0	0	0	0	0	0	0	0	0	0	0	0	0	0	0	0	0	0	0	0	0	0	0	0	0	0	0	0	0	0	0	0	0	0	0	0	0	0	0	0	0	0	0	0	0	0	0	0	0	0	0	0	0	0	0	0	0	0	0	0	0	0	0	0	0
Aeribacillus	0	0	0	0	0	0	0	0	0	0	0	0	0	0	0	0	0	0	0	0	0	0	0	0	0	0	0	0	0	0	0	0	0	0	0	0	0	0	0	0	0	0	0	0	0	0	0	0	0	0	0	0	0	0	0	0	0	0	0	0	0	0	0	0	0	0	0	0	0	0	0	0	0	0	0	0	0	0	0	0	0
Aerococcus	0.1670980683161999	0.0017327074076628	0.0002693385046326	0.0009047803367524	0.0026567361351998	0.0006000426608403	0.0002670583522499	0.0006117011635915	0.0002493818084067	0.0107089096107412	0.0048567189818068	0.0063151184333725	0.0051798195186645	0.0025647028222135	0.0002802280433543	0.0004260665751266	0.0006422767353344	0.0021778624301392	0.0037140621191322	0.0037380198869075	0.0043116103297559	0.0044423122453302	0.0001117548774	0.0005318949225936	0.0022984165551661	0.0010944807520289	0.0045909517479632	0.0001997414895858	0.0003908548990724	0.0037481500819642	0.0024662685246626	0.0004473455457097	0.0016055562656223	0.000299658227643	0.0013651684630417	0.0032796276405298	0.0004757623873347	0.002174916590858	0.0007688482112615	0.0003245062044746	4.647945762195566e-05	0.0017582230719634	0.0057682735196228	0.0024388713899285	0.002873348650201	0.0002330444133106	0.0002990273188831	0.0003504100893076	0.0006573395514101	0.0007271488668248	0.0156528045513873	0.0006692962057424	0.0013675520906552	0.0007665921099234	0.0064384321162252	0.0001025553829517	0.0002469561300074	0.0045270119733609	0.0024456193074776	0.0107977642276422	0.0032813636057947	0.0014525044882215	0.0002027775812878	0.0012560214046132	0.0001300336718771	0.0003099767952908	0.0005680295517819	0.0018926020145116	0.0023439265238626	0.0006568182049171	0.0019816533739826	0.0004567971654907	0.0005134788189987	0.000953455268176	0.0022896195546863	0.001087902826048	4.965928214748807e-05	0.0053341124190265	0.0005702318070768	0.0005307559427924	0.000246240103042
Aerolutibacter	0	0	0	0	0	0	0	0	0	0	0	0	0	0	0	0	0	0	0	0	0	0	0	0	0	0	0	0	0	0	0	0	0	0	0	0	0	0	0	0	0	0	0	0	0	0	0	0	0	0	0	0	0	0	0	0	0	0	0	0	0	0	0	0	0	0	0	0	0	0	0	0	0	0	0	0	0	0	0	0	0
Aeromicrobium	0	0	0	0	0	0	0	0	0	0	0	0	0	0	0	0	0	0	0	0	0	0	0	0	0	0	0	0	0	0	0	0	0	0	0	0	0	0	0	0	0	0	0	0	0	0	0	0	0	0	0	0	0	0	0	0	0	0	0	0	0	0	0	0	0	0	0	0	0	0	0	0	0	0	0	0	0	0	0	0	0
Aeromonas	1.157226740711329	0.0074394352876269	0.0080953054298642	0.0060383201083801	0.0067355371351639	0.0221547312666083	0.0043593348676097	0.0102599654426601	0.01943234870702	0.0048392148146651	0.0053408292340126	0.003501588357257	0.0032961072195129	0.0046612043178566	0.0151486609769995	0.0065877207810759	0.0080759514854911	0.0054239346658186	0.0055454347184625	0.0092386311253525	0.0068401261702958	0.0079812089568977	0.006951640589006	0.0217232143974569	0.0386413074706746	0.0042393467460663	0.0082374171011143	0.0155543372741297	0.0068410903722045	0.008155744027286299	0.0102079186020791	0.0290313132464195	0.0066066960326882	0.0213445745663054	0.0186057733987472	0.007962764052989599	0.0116941227291832	0.0126798403685507	0.0067899374191146	0.004237483932217	0.0007246328255798	0.0075866290023964	0.0094966668944044	0.0071987575632576	0.0093337162550258	0.0502036386123397	0.006344854308415	0.0067344439038812	0.0191161447923606	0.0105883227071643	0.0061407764352274	0.0011753534601953	0.0149852389790605	0.0292081297578442	0.008123875032141899	0.0016223725664107	0.0045334089579943	0.0029580383227044	0.0145865919382711	0.0042732906837265	0.0041067800890003	0.0057901087733694	0.0617056895616703	0.0334124764792858	0.0104030539542483	0.098811379888603	0.0065982241508714	0.0024695193182455	0.0132143823728779	0.009440650059456599	0.0070991098892125	0.0057655849488884	0.0063284012341508	0.0113676040071979	0.034962254660312	0.0072147327174798	0.1185239917906249	0.0068384108585759	0.0069910070781984	0.0319222417742129	0.0488261407115822
Aerophototrophica	0	0	0	0	0	0	0	0	0	0	0	0	0	0	0	0	0	0	0	0	0	0	0	0	0	0	0	0	0	0	0	0	0	0	0	0	0	0	0	0	0	0	0	0	0	0	0	0	0	0	0	0	0	0	0	0	0	0	0	0	0	0	0	0	0	0	0	0	0	0	0	0	0	0	0	0	0	0	0	0	0
Aerosakkonema	0	0	0	0	0	0	0	0	0	0	0	0	0	0	0	0	0	0	0	0	0	0	0	0	0	0	0	0	0	0	0	0	0	0	0	0	0	0	0	0	0	0	0	0	0	0	0	0	0	0	0	0	0	0	0	0	0	0	0	0	0	0	0	0	0	0	0	0	0	0	0	0	0	0	0	0	0	0	0	0	0
Aerosticca	0	0	0	0	0	0	0	0	0	0	0	0	0	0	0	0	0	0	0	0	0	0	0	0	0	0	0	0	0	0	0	0	0	0	0	0	0	0	0	0	0	0	0	0	0	0	0	0	0	0	0	0	0	0	0	0	0	0	0	0	0	0	0	0	0	0	0	0	0	0	0	0	0	0	0	0	0	0	0	0	0
Aestuariibacter	0	0	0	0	0	0	0	0	0	0	0	0	0	0	0	0	0	0	0	0	0	0	0	0	0	0	0	0	0	0	0	0	0	0	0	0	0	0	0	0	0	0	0	0	0	0	0	0	0	0	0	0	0	0	0	0	0	0	0	0	0	0	0	0	0	0	0	0	0	0	0	0	0	0	0	0	0	0	0	0	0
Aestuariibaculum	0	0	0	0	0	0	0	0	0	0	0	0	0	0	0	0	0	0	0	0	0	0	0	0	0	0	0	0	0	0	0	0	0	0	0	0	0	0	0	0	0	0	0	0	0	0	0	0	0	0	0	0	0	0	0	0	0	0	0	0	0	0	0	0	0	0	0	0	0	0	0	0	0	0	0	0	0	0	0	0	0
Aestuariibius	0	0	0	0	0	0	0	0	0	0	0	0	0	0	0	0	0	0	0	0	0	0	0	0	0	0	0	0	0	0	0	0	0	0	0	0	0	0	0	0	0	0	0	0	0	0	0	0	0	0	0	0	0	0	0	0	0	0	0	0	0	0	0	0	0	0	0	0	0	0	0	0	0	0	0	0	0	0	0	0	0
Aestuariimicrobium	0	0	0	0	0	0	0	0	0	0	0	0	0	0	0	0	0	0	0	0	0	0	0	0	0	0	0	0	0	0	0	0	0	0	0	0	0	0	0	0	0	0	0	0	0	0	0	0	0	0	0	0	0	0	0	0	0	0	0	0	0	0	0	0	0	0	0	0	0	0	0	0	0	0	0	0	0	0	0	0	0
Aestuariirhabdus	0	0	0	0	0	0	0	0	0	0	0	0	0	0	0	0	0	0	0	0	0	0	0	0	0	0	0	0	0	0	0	0	0	0	0	0	0	0	0	0	0	0	0	0	0	0	0	0	0	0	0	0	0	0	0	0	0	0	0	0	0	0	0	0	0	0	0	0	0	0	0	0	0	0	0	0	0	0	0	0	0
Aestuariispira	0	0	0	0	0	0	0	0	0	0	0	0	0	0	0	0	0	0	0	0	0	0	0	0	0	0	0	0	0	0	0	0	0	0	0	0	0	0	0	0	0	0	0	0	0	0	0	0	0	0	0	0	0	0	0	0	0	0	0	0	0	0	0	0	0	0	0	0	0	0	0	0	0	0	0	0	0	0	0	0	0
Aestuariivirga	0	0	0	0	0	0	0	0	0	0	0	0	0	0	0	0	0	0	0	0	0	0	0	0	0	0	0	0	0	0	0	0	0	0	0	0	0	0	0	0	0	0	0	0	0	0	0	0	0	0	0	0	0	0	0	0	0	0	0	0	0	0	0	0	0	0	0	0	0	0	0	0	0	0	0	0	0	0	0	0	0
Aestuariivita	0	0	0	0	0	0	0	0	0	0	0	0	0	0	0	0	0	0	0	0	0	0	0	0	0	0	0	0	0	0	0	0	0	0	0	0	0	0	0	0	0	0	0	0	0	0	0	0	0	0	0	0	0	0	0	0	0	0	0	0	0	0	0	0	0	0	0	0	0	0	0	0	0	0	0	0	0	0	0	0	0
Aestuariivivens	0	0	0	0	0	0	0	0	0	0	0	0	0	0	0	0	0	0	0	0	0	0	0	0	0	0	0	0	0	0	0	0	0	0	0	0	0	0	0	0	0	0	0	0	0	0	0	0	0	0	0	0	0	0	0	0	0	0	0	0	0	0	0	0	0	0	0	0	0	0	0	0	0	0	0	0	0	0	0	0	0
Afifella	0	0	0	0	0	0	0	0	0	0	0	0	0	0	0	0	0	0	0	0	0	0	0	0	0	0	0	0	0	0	0	0	0	0	0	0	0	0	0	0	0	0	0	0	0	0	0	0	0	0	0	0	0	0	0	0	0	0	0	0	0	0	0	0	0	0	0	0	0	0	0	0	0	0	0	0	0	0	0	0	0
Afipia	0	0	0	0	0	0	0	0	0	0	0	0	0	0	0	0	0	0	0	0	0	0	0	0	0	0	0	0	0	0	0	0	0	0	0	0	0	0	0	0	0	0	0	0	0	0	0	0	0	0	0	0	0	0	0	0	0	0	0	0	0	0	0	0	0	0	0	0	0	0	0	0	0	0	0	0	0	0	0	0	0
Agaribacter	0	0	0	0	0	0	0	0	0	0	0	0	0	0	0	0	0	0	0	0	0	0	0	0	0	0	0	0	0	0	0	0	0	0	0	0	0	0	0	0	0	0	0	0	0	0	0	0	0	0	0	0	0	0	0	0	0	0	0	0	0	0	0	0	0	0	0	0	0	0	0	0	0	0	0	0	0	0	0	0	0
Agaribacterium	0	0	0	0	0	0	0	0	0	0	0	0	0	0	0	0	0	0	0	0	0	0	0	0	0	0	0	0	0	0	0	0	0	0	0	0	0	0	0	0	0	0	0	0	0	0	0	0	0	0	0	0	0	0	0	0	0	0	0	0	0	0	0	0	0	0	0	0	0	0	0	0	0	0	0	0	0	0	0	0	0
Agarilytica	0	0	0	0	0	0	0	0	0	0	0	0	0	0	0	0	0	0	0	0	0	0	0	0	0	0	0	0	0	0	0	0	0	0	0	0	0	0	0	0	0	0	0	0	0	0	0	0	0	0	0	0	0	0	0	0	0	0	0	0	0	0	0	0	0	0	0	0	0	0	0	0	0	0	0	0	0	0	0	0	0
Agarivorans	0	0	0	0	0	0	0	0	0	0	0	0	0	0	0	0	0	0	0	0	0	0	0	0	0	0	0	0	0	0	0	0	0	0	0	0	0	0	0	0	0	0	0	0	0	0	0	0	0	0	0	0	0	0	0	0	0	0	0	0	0	0	0	0	0	0	0	0	0	0	0	0	0	0	0	0	0	0	0	0	0
Agathobacter	0	0	0	0	0	0	0	0	0	0	0	0	0	0	0	0	0	0	0	0	0	0	0	0	0	0	0	0	0	0	0	0	0	0	0	0	0	0	0	0	0	0	0	0	0	0	0	0	0	0	0	0	0	0	0	0	0	0	0	0	0	0	0	0	0	0	0	0	0	0	0	0	0	0	0	0	0	0	0	0	0
Agathobaculum	0	0	0	0	0	0	0	0	0	0	0	0	0	0	0	0	0	0	0	0	0	0	0	0	0	0	0	0	0	0	0	0	0	0	0	0	0	0	0	0	0	0	0	0	0	0	0	0	0	0	0	0	0	0	0	0	0	0	0	0	0	0	0	0	0	0	0	0	0	0	0	0	0	0	0	0	0	0	0	0	0
Aggregatibacter	0.009051653708050184	8.066264051308828e-05	8.753501400560224e-05	0.0001161215405457	3.58838797650802e-05	6.578540799910692e-05	0.0002408761608529	4.682157054651345e-05	0.001518961923932	0.0001515411737369	7.808229874287499e-05	6.436179912682492e-05	2.906803217208275e-05	3.64156587332553e-05	3.892056157699888e-05	0.0006573881031535	2.939999140615636e-05	6.597020176732479e-05	0.0001026338409432	4.22465766903711e-05	4.661684939126912e-05	6.230451956984959e-05	4.719892642235487e-05	4.067431761010225e-05	8.208630554164648e-05	9.347104734308548e-05	5.307458668165622e-05	3.764125335659806e-05	0.0001287787817753	5.763776697728902e-05	1.1059500110595e-05	6.874994702486959e-05	4.677656744324553e-05	0.0001498291138215	2.924614916998384e-05	8.592910848549946e-05	3.989009791559645e-05	5.129242163313892e-05	0.0001240980729342	0.0001039680072588	7.55158235963124e-06	3.978620094647557e-05	0.0001073621128863	5.417602074276275e-05	8.61573808156232e-05	0.0001880870264909	7.370391662612951e-05	0.0002377782748873	3.553186764379303e-05	5.342999710309235e-05	3.95222940320348e-05	2.838938283297321e-05	0.0001699430379408	0.0004961015394916	6.830161995371561e-05	4.798909843587207e-05	0.0001451884940153	4.916117438723734e-05	5.329933109339478e-05	5.518625882980141e-05	6.344477196045614e-05	6.751808705678271e-05	4.244181933932234e-05	7.396344305934515e-05	2.485408132831737e-05	0.000245419644536	4.896806480878861e-05	4.829398243926379e-05	5.710837928902551e-05	0.0002477360734213	3.447931694658428e-05	0.0002106473975579	0.0002026890074994	0.0001141460532323	0.0001410618493459	7.081435115309368e-05	1.823239344545456e-05	5.041955284072739e-05	0.0001900772690256	0.0001413695735475	7.23222680263253e-05
Aggregatilinea	0	0	0	0	0	0	0	0	0	0	0	0	0	0	0	0	0	0	0	0	0	0	0	0	0	0	0	0	0	0	0	0	0	0	0	0	0	0	0	0	0	0	0	0	0	0	0	0	0	0	0	0	0	0	0	0	0	0	0	0	0	0	0	0	0	0	0	0	0	0	0	0	0	0	0	0	0	0	0	0	0
Aggregatimonas	0	0	0	0	0	0	0	0	0	0	0	0	0	0	0	0	0	0	0	0	0	0	0	0	0	0	0	0	0	0	0	0	0	0	0	0	0	0	0	0	0	0	0	0	0	0	0	0	0	0	0	0	0	0	0	0	0	0	0	0	0	0	0	0	0	0	0	0	0	0	0	0	0	0	0	0	0	0	0	0	0
Agitococcus	0	0	0	0	0	0	0	0	0	0	0	0	0	0	0	0	0	0	0	0	0	0	0	0	0	0	0	0	0	0	0	0	0	0	0	0	0	0	0	0	0	0	0	0	0	0	0	0	0	0	0	0	0	0	0	0	0	0	0	0	0	0	0	0	0	0	0	0	0	0	0	0	0	0	0	0	0	0	0	0	0
Agreia	0	0	0	0	0	0	0	0	0	0	0	0	0	0	0	0	0	0	0	0	0	0	0	0	0	0	0	0	0	0	0	0	0	0	0	0	0	0	0	0	0	0	0	0	0	0	0	0	0	0	0	0	0	0	0	0	0	0	0	0	0	0	0	0	0	0	0	0	0	0	0	0	0	0	0	0	0	0	0	0	0
Agrilactobacillus	0	0	0	0	0	0	0	0	0	0	0	0	0	0	0	0	0	0	0	0	0	0	0	0	0	0	0	0	0	0	0	0	0	0	0	0	0	0	0	0	0	0	0	0	0	0	0	0	0	0	0	0	0	0	0	0	0	0	0	0	0	0	0	0	0	0	0	0	0	0	0	0	0	0	0	0	0	0	0	0	0
Agrilutibacter	0	0	0	0	0	0	0	0	0	0	0	0	0	0	0	0	0	0	0	0	0	0	0	0	0	0	0	0	0	0	0	0	0	0	0	0	0	0	0	0	0	0	0	0	0	0	0	0	0	0	0	0	0	0	0	0	0	0	0	0	0	0	0	0	0	0	0	0	0	0	0	0	0	0	0	0	0	0	0	0	0
Agriterribacter	0	0	0	0	0	0	0	0	0	0	0	0	0	0	0	0	0	0	0	0	0	0	0	0	0	0	0	0	0	0	0	0	0	0	0	0	0	0	0	0	0	0	0	0	0	0	0	0	0	0	0	0	0	0	0	0	0	0	0	0	0	0	0	0	0	0	0	0	0	0	0	0	0	0	0	0	0	0	0	0	0
Agrobacterium	0.1181273260121903	0.0008805158468222	0.0010066526610644	0.0012724985484807	0.0015190842433883	0.0006638345716273	0.0009163766988969	0.0019317673783545	0.0018995120861112	0.0016063364416111	0.0017490434918403	0.0012458605402406	0.0023955172941814	0.0016517102354012	0.0019304598542191	0.0011091570702831	0.0025623223279365	0.0009582594692612	0.0014048006979101	0.0011390532702593	0.0009726784921062	0.0011536720207017	0.0004345346322883	0.0031068921066793	0.0015973995058404	0.0010319855750262	0.0018045359471763	0.0002149194143263	0.001785958368305	0.0014612869157183	0.0033178500331785	0.0012252559051966	0.001759721290717	0.0010704007861304	0.000788601522262	0.0031936985320443	0.0011509752642475	0.0006155090595976001	0.0011252802703658	0.0017937106706881	0.000102637703902	0.003104958723179	0.0011842366391103	0.0006016389671959	0.0011645605973578	0.0005697660656139	0.0016572852109932	0.0017176351699097	0.0018298911836553	0.0009024660448194	0.0017271242491999	0.000221668262469	0.0015819828348634	0.0014955823916703	0.0017517356646952	0.0003254489112199	0.0013745415367998	0.0010072810837214	0.0012105098081019	0.0017711665333866	0.0015328256905646	0.001069036378399	0.0003536818278276	0.0015858033617402	0.0009563418250242999	0.0006015086903659	0.0041284530276064	0.0023220268853905	0.0017902235420603	0.0016071083737333	0.0018056273874658	0.0031786455609019	0.0028151251041596	0.0012757500067144	0.0020546838055976	0.0019314267147833	0.0004361380432083	0.0013765228604324	0.0018536893300386	0.0014149358194536	0.0012880251543736
Agrococcus	0	0	0	0	0	0	0	0	0	0	0	0	0	0	0	0	0	0	0	0	0	0	0	0	0	0	0	0	0	0	0	0	0	0	0	0	0	0	0	0	0	0	0	0	0	0	0	0	0	0	0	0	0	0	0	0	0	0	0	0	0	0	0	0	0	0	0	0	0	0	0	0	0	0	0	0	0	0	0	0	0
Agromyces	0	0	0	0	0	0	0	0	0	0	0	0	0	0	0	0	0	0	0	0	0	0	0	0	0	0	0	0	0	0	0	0	0	0	0	0	0	0	0	0	0	0	0	0	0	0	0	0	0	0	0	0	0	0	0	0	0	0	0	0	0	0	0	0	0	0	0	0	0	0	0	0	0	0	0	0	0	0	0	0	0
Ahniella	0	0	0	0	0	0	0	0	0	0	0	0	0	0	0	0	0	0	0	0	0	0	0	0	0	0	0	0	0	0	0	0	0	0	0	0	0	0	0	0	0	0	0	0	0	0	0	0	0	0	0	0	0	0	0	0	0	0	0	0	0	0	0	0	0	0	0	0	0	0	0	0	0	0	0	0	0	0	0	0	0
Ahrensia	0	0	0	0	0	0	0	0	0	0	0	0	0	0	0	0	0	0	0	0	0	0	0	0	0	0	0	0	0	0	0	0	0	0	0	0	0	0	0	0	0	0	0	0	0	0	0	0	0	0	0	0	0	0	0	0	0	0	0	0	0	0	0	0	0	0	0	0	0	0	0	0	0	0	0	0	0	0	0	0	0
Aidingimonas	0	0	0	0	0	0	0	0	0	0	0	0	0	0	0	0	0	0	0	0	0	0	0	0	0	0	0	0	0	0	0	0	0	0	0	0	0	0	0	0	0	0	0	0	0	0	0	0	0	0	0	0	0	0	0	0	0	0	0	0	0	0	0	0	0	0	0	0	0	0	0	0	0	0	0	0	0	0	0	0	0
Akkermansia	0.01534674929779847	3.879195688797375e-05	3.703404438698556e-05	0.000111283143023	0.0001435355190603	4.485368727211835e-05	6.676458806249166e-05	0.0002310871062456	0.0001797492255399	0.0003232878373053	0.00032794565472	0.0001777611594931	0.0001121195526637	0.0001898816491091	0.0001899323404957	0.000149271584325	0.0017866148623741	0.0001031841617386	0.0002020603743569	0.0001262049632775	0.0001255069022072	0.0001079945005877	6.090184054497403e-06	0.0009699260353178	0.0001214877322016	4.727895999330487e-05	0.0001519863164065	3.035584948112747e-06	0.0004360404365374	6.102822385830602e-05	0.0002875470028754	0.000110188271259	6.85177889309512e-05	7.693927466511169e-05	1.566757991249134e-05	0.0006874328678839	0.0001970181665343	4.244890066190807e-05	0.0001296964822395	0.000448427667672	4.998934801446032e-06	6.104184254801732e-05	0.0001756834574504	5.322556423850375e-05	0.0001321079839172	9.358476440035564e-05	6.317478567953958e-05	0.000549080095299	0.0002220741727737	4.67512474652058e-05	0.0001096743659388	5.611854746052844e-06	0.0002500209092219	8.490735394722159e-05	0.0002932951915659	1.559036700454727e-05	0.0002021783701709	0.0001589893299331	0.0001188985078237	0.000307168799147	0.0002372834471321	8.39648005706144e-05	0	9.974886357544712e-05	8.284693776105791e-06	6.711894245139896e-05	0.0001932012738819	0.0001331347624001	0.0006728856864054	0.0001905662103241	0.0001415466695701	0.000160944079033	0.0006801342251649	9.400263207369808e-05	0.0001787118091357	0.0003790650561724	7.436897326435411e-06	2.002968537508349e-05	0.0001743828156198	0.0001562505812893	8.437597936404619e-05
Albibacterium	0	0	0	0	0	0	0	0	0	0	0	0	0	0	0	0	0	0	0	0	0	0	0	0	0	0	0	0	0	0	0	0	0	0	0	0	0	0	0	0	0	0	0	0	0	0	0	0	0	0	0	0	0	0	0	0	0	0	0	0	0	0	0	0	0	0	0	0	0	0	0	0	0	0	0	0	0	0	0	0	0
Albidovulum	0	0	0	0	0	0	0	0	0	0	0	0	0	0	0	0	0	0	0	0	0	0	0	0	0	0	0	0	0	0	0	0	0	0	0	0	0	0	0	0	0	0	0	0	0	0	0	0	0	0	0	0	0	0	0	0	0	0	0	0	0	0	0	0	0	0	0	0	0	0	0	0	0	0	0	0	0	0	0	0	0
Albimonas	0	0	0	0	0	0	0	0	0	0	0	0	0	0	0	0	0	0	0	0	0	0	0	0	0	0	0	0	0	0	0	0	0	0	0	0	0	0	0	0	0	0	0	0	0	0	0	0	0	0	0	0	0	0	0	0	0	0	0	0	0	0	0	0	0	0	0	0	0	0	0	0	0	0	0	0	0	0	0	0	0
Alcaligenes	0	0	0	0	0	0	0	0	0	0	0	0	0	0	0	0	0	0	0	0	0	0	0	0	0	0	0	0	0	0	0	0	0	0	0	0	0	0	0	0	0	0	0	0	0	0	0	0	0	0	0	0	0	0	0	0	0	0	0	0	0	0	0	0	0	0	0	0	0	0	0	0	0	0	0	0	0	0	0	0	0
Alcanivorax	0.07151348017030407	0.0006342177078509	0.0007827650290885	0.0009289723243661	0.0006007227279191	0.0007226427393841	0.0013850379249042	0.0016795350467007	0.0009861916968812001	0.0010910964509057	0.0005621925509487	0.0006650719243105	0.0005984900195429999	0.0008193523214982	0.0010290596480958	0.0012712798506097	0.0011036304466311	0.0009540306101736	0.0008884241856646	0.0011080367962335	0.0008283455545679	0.0008608407787234	0.0005161430986186	0.0007790696219165	0.0008339968643031001	0.0009950319051464001	0.0007671690256712	0.0003873406393791	0.0015001598438387	0.0007984525954795	0.0010617120106171	0.0008833897302647	0.0005936012291037	0.0009381192261798	0.0008878295283745	0.0007590404582885	0.0008469348837933	0.0008371866519431001	0.0013725433480167	0.0011730531728095	0.0001862369114325	0.0008071693644072	0.0009369784397356	0.0005218006208381	0.0007797242963813	0.0009780525377527001	0.0009265635232999	0.0009120048306532999	0.0016699977792582	0.0010602515050144	0.0006214880736537	0.0002853793192919	0.0011379955263162	0.0012784621580053	0.0008577879917716	0.0003405520792555	0.0008969120985436	0.0007008082306265	0.0007892400950368	0.0007715663734506	0.0008717311667366001	0.0008136795106843	0.0008629836598995	0.0013978412174518	0.0005104091774235	0.0008684473851535	0.0009108060054434	0.0005403705062123	0.0010627124493783	0.0013136364098342	0.0004945059930496	0.0010011668445729	0.0013512600499966	0.0008527381623828	0.0010843188419474	0.0017585563869684	0.0002667687040966	0.0005877676639377	0.0011474389267783	0.0009089815562309	0.0010176776286561
Aldersonia	0	0	0	0	0	0	0	0	0	0	0	0	0	0	0	0	0	0	0	0	0	0	0	0	0	0	0	0	0	0	0	0	0	0	0	0	0	0	0	0	0	0	0	0	0	0	0	0	0	0	0	0	0	0	0	0	0	0	0	0	0	0	0	0	0	0	0	0	0	0	0	0	0	0	0	0	0	0	0	0	0
Algibacter	0	0	0	0	0	0	0	0	0	0	0	0	0	0	0	0	0	0	0	0	0	0	0	0	0	0	0	0	0	0	0	0	0	0	0	0	0	0	0	0	0	0	0	0	0	0	0	0	0	0	0	0	0	0	0	0	0	0	0	0	0	0	0	0	0	0	0	0	0	0	0	0	0	0	0	0	0	0	0	0	0
Algicella	0	0	0	0	0	0	0	0	0	0	0	0	0	0	0	0	0	0	0	0	0	0	0	0	0	0	0	0	0	0	0	0	0	0	0	0	0	0	0	0	0	0	0	0	0	0	0	0	0	0	0	0	0	0	0	0	0	0	0	0	0	0	0	0	0	0	0	0	0	0	0	0	0	0	0	0	0	0	0	0	0
Algicola	0	0	0	0	0	0	0	0	0	0	0	0	0	0	0	0	0	0	0	0	0	0	0	0	0	0	0	0	0	0	0	0	0	0	0	0	0	0	0	0	0	0	0	0	0	0	0	0	0	0	0	0	0	0	0	0	0	0	0	0	0	0	0	0	0	0	0	0	0	0	0	0	0	0	0	0	0	0	0	0	0
Algihabitans	0	0	0	0	0	0	0	0	0	0	0	0	0	0	0	0	0	0	0	0	0	0	0	0	0	0	0	0	0	0	0	0	0	0	0	0	0	0	0	0	0	0	0	0	0	0	0	0	0	0	0	0	0	0	0	0	0	0	0	0	0	0	0	0	0	0	0	0	0	0	0	0	0	0	0	0	0	0	0	0	0
Algimonas	0	0	0	0	0	0	0	0	0	0	0	0	0	0	0	0	0	0	0	0	0	0	0	0	0	0	0	0	0	0	0	0	0	0	0	0	0	0	0	0	0	0	0	0	0	0	0	0	0	0	0	0	0	0	0	0	0	0	0	0	0	0	0	0	0	0	0	0	0	0	0	0	0	0	0	0	0	0	0	0	0
Algiphilus	0	0	0	0	0	0	0	0	0	0	0	0	0	0	0	0	0	0	0	0	0	0	0	0	0	0	0	0	0	0	0	0	0	0	0	0	0	0	0	0	0	0	0	0	0	0	0	0	0	0	0	0	0	0	0	0	0	0	0	0	0	0	0	0	0	0	0	0	0	0	0	0	0	0	0	0	0	0	0	0	0
Algirhabdus	0	0	0	0	0	0	0	0	0	0	0	0	0	0	0	0	0	0	0	0	0	0	0	0	0	0	0	0	0	0	0	0	0	0	0	0	0	0	0	0	0	0	0	0	0	0	0	0	0	0	0	0	0	0	0	0	0	0	0	0	0	0	0	0	0	0	0	0	0	0	0	0	0	0	0	0	0	0	0	0	0
Algoriella	0	0	0	0	0	0	0	0	0	0	0	0	0	0	0	0	0	0	0	0	0	0	0	0	0	0	0	0	0	0	0	0	0	0	0	0	0	0	0	0	0	0	0	0	0	0	0	0	0	0	0	0	0	0	0	0	0	0	0	0	0	0	0	0	0	0	0	0	0	0	0	0	0	0	0	0	0	0	0	0	0
Algoriphagus	0	0	0	0	0	0	0	0	0	0	0	0	0	0	0	0	0	0	0	0	0	0	0	0	0	0	0	0	0	0	0	0	0	0	0	0	0	0	0	0	0	0	0	0	0	0	0	0	0	0	0	0	0	0	0	0	0	0	0	0	0	0	0	0	0	0	0	0	0	0	0	0	0	0	0	0	0	0	0	0	0
Aliagarivorans	0	0	0	0	0	0	0	0	0	0	0	0	0	0	0	0	0	0	0	0	0	0	0	0	0	0	0	0	0	0	0	0	0	0	0	0	0	0	0	0	0	0	0	0	0	0	0	0	0	0	0	0	0	0	0	0	0	0	0	0	0	0	0	0	0	0	0	0	0	0	0	0	0	0	0	0	0	0	0	0	0
Aliamphritea	0	0	0	0	0	0	0	0	0	0	0	0	0	0	0	0	0	0	0	0	0	0	0	0	0	0	0	0	0	0	0	0	0	0	0	0	0	0	0	0	0	0	0	0	0	0	0	0	0	0	0	0	0	0	0	0	0	0	0	0	0	0	0	0	0	0	0	0	0	0	0	0	0	0	0	0	0	0	0	0	0
Aliarcobacter	0	0	0	0	0	0	0	0	0	0	0	0	0	0	0	0	0	0	0	0	0	0	0	0	0	0	0	0	0	0	0	0	0	0	0	0	0	0	0	0	0	0	0	0	0	0	0	0	0	0	0	0	0	0	0	0	0	0	0	0	0	0	0	0	0	0	0	0	0	0	0	0	0	0	0	0	0	0	0	0	0
Alicycliphilus	0	0	0	0	0	0	0	0	0	0	0	0	0	0	0	0	0	0	0	0	0	0	0	0	0	0	0	0	0	0	0	0	0	0	0	0	0	0	0	0	0	0	0	0	0	0	0	0	0	0	0	0	0	0	0	0	0	0	0	0	0	0	0	0	0	0	0	0	0	0	0	0	0	0	0	0	0	0	0	0	0
Alicyclobacillus	0	0	0	0	0	0	0	0	0	0	0	0	0	0	0	0	0	0	0	0	0	0	0	0	0	0	0	0	0	0	0	0	0	0	0	0	0	0	0	0	0	0	0	0	0	0	0	0	0	0	0	0	0	0	0	0	0	0	0	0	0	0	0	0	0	0	0	0	0	0	0	0	0	0	0	0	0	0	0	0	0
Alienimonas	0	0	0	0	0	0	0	0	0	0	0	0	0	0	0	0	0	0	0	0	0	0	0	0	0	0	0	0	0	0	0	0	0	0	0	0	0	0	0	0	0	0	0	0	0	0	0	0	0	0	0	0	0	0	0	0	0	0	0	0	0	0	0	0	0	0	0	0	0	0	0	0	0	0	0	0	0	0	0	0	0
Aliidiomarina	0	0	0	0	0	0	0	0	0	0	0	0	0	0	0	0	0	0	0	0	0	0	0	0	0	0	0	0	0	0	0	0	0	0	0	0	0	0	0	0	0	0	0	0	0	0	0	0	0	0	0	0	0	0	0	0	0	0	0	0	0	0	0	0	0	0	0	0	0	0	0	0	0	0	0	0	0	0	0	0	0
Aliidongia	0	0	0	0	0	0	0	0	0	0	0	0	0	0	0	0	0	0	0	0	0	0	0	0	0	0	0	0	0	0	0	0	0	0	0	0	0	0	0	0	0	0	0	0	0	0	0	0	0	0	0	0	0	0	0	0	0	0	0	0	0	0	0	0	0	0	0	0	0	0	0	0	0	0	0	0	0	0	0	0	0
Aliiglaciecola	0	0	0	0	0	0	0	0	0	0	0	0	0	0	0	0	0	0	0	0	0	0	0	0	0	0	0	0	0	0	0	0	0	0	0	0	0	0	0	0	0	0	0	0	0	0	0	0	0	0	0	0	0	0	0	0	0	0	0	0	0	0	0	0	0	0	0	0	0	0	0	0	0	0	0	0	0	0	0	0	0
Aliihoeflea	0	0	0	0	0	0	0	0	0	0	0	0	0	0	0	0	0	0	0	0	0	0	0	0	0	0	0	0	0	0	0	0	0	0	0	0	0	0	0	0	0	0	0	0	0	0	0	0	0	0	0	0	0	0	0	0	0	0	0	0	0	0	0	0	0	0	0	0	0	0	0	0	0	0	0	0	0	0	0	0	0
Aliikangiella	0	0	0	0	0	0	0	0	0	0	0	0	0	0	0	0	0	0	0	0	0	0	0	0	0	0	0	0	0	0	0	0	0	0	0	0	0	0	0	0	0	0	0	0	0	0	0	0	0	0	0	0	0	0	0	0	0	0	0	0	0	0	0	0	0	0	0	0	0	0	0	0	0	0	0	0	0	0	0	0	0
Aliinostoc	0	0	0	0	0	0	0	0	0	0	0	0	0	0	0	0	0	0	0	0	0	0	0	0	0	0	0	0	0	0	0	0	0	0	0	0	0	0	0	0	0	0	0	0	0	0	0	0	0	0	0	0	0	0	0	0	0	0	0	0	0	0	0	0	0	0	0	0	0	0	0	0	0	0	0	0	0	0	0	0	0
Aliirhizobium	0	0	0	0	0	0	0	0	0	0	0	0	0	0	0	0	0	0	0	0	0	0	0	0	0	0	0	0	0	0	0	0	0	0	0	0	0	0	0	0	0	0	0	0	0	0	0	0	0	0	0	0	0	0	0	0	0	0	0	0	0	0	0	0	0	0	0	0	0	0	0	0	0	0	0	0	0	0	0	0	0
Aliiroseovarius	0	0	0	0	0	0	0	0	0	0	0	0	0	0	0	0	0	0	0	0	0	0	0	0	0	0	0	0	0	0	0	0	0	0	0	0	0	0	0	0	0	0	0	0	0	0	0	0	0	0	0	0	0	0	0	0	0	0	0	0	0	0	0	0	0	0	0	0	0	0	0	0	0	0	0	0	0	0	0	0	0
Aliiruegeria	0	0	0	0	0	0	0	0	0	0	0	0	0	0	0	0	0	0	0	0	0	0	0	0	0	0	0	0	0	0	0	0	0	0	0	0	0	0	0	0	0	0	0	0	0	0	0	0	0	0	0	0	0	0	0	0	0	0	0	0	0	0	0	0	0	0	0	0	0	0	0	0	0	0	0	0	0	0	0	0	0
Aliisedimentitalea	0	0	0	0	0	0	0	0	0	0	0	0	0	0	0	0	0	0	0	0	0	0	0	0	0	0	0	0	0	0	0	0	0	0	0	0	0	0	0	0	0	0	0	0	0	0	0	0	0	0	0	0	0	0	0	0	0	0	0	0	0	0	0	0	0	0	0	0	0	0	0	0	0	0	0	0	0	0	0	0	0
Aliivibrio	0.007546040040981382	0.0001219175787907	8.080155138978668e-05	0.0001306367331139	7.575485728183598e-05	9.76813633926133e-05	0.0001112743134374	0.0001495269511001	5.343895894430527e-05	7.071921441055535e-05	1.5616459748575e-05	7.202391807049456e-05	2.906803217208275e-05	2.861230329041488e-05	5.137514128163853e-05	0.0001403746024779	9.046151201894264e-05	0.0001767663098637	6.414615058950313e-05	8.074978582589918e-05	9.726784921062882e-05	4.880520699638218e-05	0.0001653484970796	5.631828592168004e-05	6.402731832248426e-05	6.575579493321711e-05	8.805556426729327e-05	0.0001268874508311	4.970409121152593e-05	7.798050826339103e-05	6.635700066357e-05	0.000146917695012	0.0001304473289262	7.019021548396153e-05	6.267031964996537e-05	8.592910848549946e-05	8.026666043991968e-05	0.0001509294245756	8.490920779709126e-05	0.0002698967461164	7.019780785009322e-06	5.286659577819356e-05	9.434852344560808e-05	8.744199839182759e-05	9.19012062033314e-05	8.716228056895867e-05	5.896313330090361e-05	4.067259965177997e-05	0.0001332445036642	0.0001828307713371	0.000108686308588	8.615847580704661e-05	0.0002135409900828	0.0001770924810899	8.03548470043713e-05	5.822027678260622e-05	6.241748340848308e-05	7.426475279774152e-05	6.45741895939206e-05	8.330001332800213e-05	0.0001148350372484	0.0001410954896186	8.959939638301384e-05	0.0002096761826177	0.0001390387738076	0.0001629299519049	6.05423346726841e-05	9.267223657264132e-05	6.952324435185714e-05	0.0001410189956398	5.534837720372739e-05	0.0001230748839664	6.756300249983109e-05	5.371578975639889e-05	6.124393459147785e-05	7.289712618700821e-05	6.741187576543066e-05	9.87670692633427e-05	0.000106373517528	7.688520666619543e-05	6.715639173873064e-05
Alishewanella	0	0	0	0	0	0	0	0	0	0	0	0	0	0	0	0	0	0	0	0	0	0	0	0	0	0	0	0	0	0	0	0	0	0	0	0	0	0	0	0	0	0	0	0	0	0	0	0	0	0	0	0	0	0	0	0	0	0	0	0	0	0	0	0	0	0	0	0	0	0	0	0	0	0	0	0	0	0	0	0	0
Alistipes	0	0	0	0	0	0	0	0	0	0	0	0	0	0	0	0	0	0	0	0	0	0	0	0	0	0	0	0	0	0	0	0	0	0	0	0	0	0	0	0	0	0	0	0	0	0	0	0	0	0	0	0	0	0	0	0	0	0	0	0	0	0	0	0	0	0	0	0	0	0	0	0	0	0	0	0	0	0	0	0	0
Aliterella	0	0	0	0	0	0	0	0	0	0	0	0	0	0	0	0	0	0	0	0	0	0	0	0	0	0	0	0	0	0	0	0	0	0	0	0	0	0	0	0	0	0	0	0	0	0	0	0	0	0	0	0	0	0	0	0	0	0	0	0	0	0	0	0	0	0	0	0	0	0	0	0	0	0	0	0	0	0	0	0	0
Alitiscatomonas	0	0	0	0	0	0	0	0	0	0	0	0	0	0	0	0	0	0	0	0	0	0	0	0	0	0	0	0	0	0	0	0	0	0	0	0	0	0	0	0	0	0	0	0	0	0	0	0	0	0	0	0	0	0	0	0	0	0	0	0	0	0	0	0	0	0	0	0	0	0	0	0	0	0	0	0	0	0	0	0	0
Alkalibacillus	0	0	0	0	0	0	0	0	0	0	0	0	0	0	0	0	0	0	0	0	0	0	0	0	0	0	0	0	0	0	0	0	0	0	0	0	0	0	0	0	0	0	0	0	0	0	0	0	0	0	0	0	0	0	0	0	0	0	0	0	0	0	0	0	0	0	0	0	0	0	0	0	0	0	0	0	0	0	0	0	0
Alkalibacter	0	0	0	0	0	0	0	0	0	0	0	0	0	0	0	0	0	0	0	0	0	0	0	0	0	0	0	0	0	0	0	0	0	0	0	0	0	0	0	0	0	0	0	0	0	0	0	0	0	0	0	0	0	0	0	0	0	0	0	0	0	0	0	0	0	0	0	0	0	0	0	0	0	0	0	0	0	0	0	0	0
Alkalibacterium	0	0	0	0	0	0	0	0	0	0	0	0	0	0	0	0	0	0	0	0	0	0	0	0	0	0	0	0	0	0	0	0	0	0	0	0	0	0	0	0	0	0	0	0	0	0	0	0	0	0	0	0	0	0	0	0	0	0	0	0	0	0	0	0	0	0	0	0	0	0	0	0	0	0	0	0	0	0	0	0	0
Alkalibaculum	0	0	0	0	0	0	0	0	0	0	0	0	0	0	0	0	0	0	0	0	0	0	0	0	0	0	0	0	0	0	0	0	0	0	0	0	0	0	0	0	0	0	0	0	0	0	0	0	0	0	0	0	0	0	0	0	0	0	0	0	0	0	0	0	0	0	0	0	0	0	0	0	0	0	0	0	0	0	0	0	0
Alkalicella	0	0	0	0	0	0	0	0	0	0	0	0	0	0	0	0	0	0	0	0	0	0	0	0	0	0	0	0	0	0	0	0	0	0	0	0	0	0	0	0	0	0	0	0	0	0	0	0	0	0	0	0	0	0	0	0	0	0	0	0	0	0	0	0	0	0	0	0	0	0	0	0	0	0	0	0	0	0	0	0	0
Alkalicoccobacillus	0	0	0	0	0	0	0	0	0	0	0	0	0	0	0	0	0	0	0	0	0	0	0	0	0	0	0	0	0	0	0	0	0	0	0	0	0	0	0	0	0	0	0	0	0	0	0	0	0	0	0	0	0	0	0	0	0	0	0	0	0	0	0	0	0	0	0	0	0	0	0	0	0	0	0	0	0	0	0	0	0
Alkalicoccus	0	0	0	0	0	0	0	0	0	0	0	0	0	0	0	0	0	0	0	0	0	0	0	0	0	0	0	0	0	0	0	0	0	0	0	0	0	0	0	0	0	0	0	0	0	0	0	0	0	0	0	0	0	0	0	0	0	0	0	0	0	0	0	0	0	0	0	0	0	0	0	0	0	0	0	0	0	0	0	0	0
Alkaliflexus	0	0	0	0	0	0	0	0	0	0	0	0	0	0	0	0	0	0	0	0	0	0	0	0	0	0	0	0	0	0	0	0	0	0	0	0	0	0	0	0	0	0	0	0	0	0	0	0	0	0	0	0	0	0	0	0	0	0	0	0	0	0	0	0	0	0	0	0	0	0	0	0	0	0	0	0	0	0	0	0	0
Alkalihalobacillus	0	0	0	0	0	0	0	0	0	0	0	0	0	0	0	0	0	0	0	0	0	0	0	0	0	0	0	0	0	0	0	0	0	0	0	0	0	0	0	0	0	0	0	0	0	0	0	0	0	0	0	0	0	0	0	0	0	0	0	0	0	0	0	0	0	0	0	0	0	0	0	0	0	0	0	0	0	0	0	0	0
Alkalihalobacterium	0	0	0	0	0	0	0	0	0	0	0	0	0	0	0	0	0	0	0	0	0	0	0	0	0	0	0	0	0	0	0	0	0	0	0	0	0	0	0	0	0	0	0	0	0	0	0	0	0	0	0	0	0	0	0	0	0	0	0	0	0	0	0	0	0	0	0	0	0	0	0	0	0	0	0	0	0	0	0	0	0
Alkalihalophilus	0	0	0	0	0	0	0	0	0	0	0	0	0	0	0	0	0	0	0	0	0	0	0	0	0	0	0	0	0	0	0	0	0	0	0	0	0	0	0	0	0	0	0	0	0	0	0	0	0	0	0	0	0	0	0	0	0	0	0	0	0	0	0	0	0	0	0	0	0	0	0	0	0	0	0	0	0	0	0	0	0
Alkalilimnicola	0	0	0	0	0	0	0	0	0	0	0	0	0	0	0	0	0	0	0	0	0	0	0	0	0	0	0	0	0	0	0	0	0	0	0	0	0	0	0	0	0	0	0	0	0	0	0	0	0	0	0	0	0	0	0	0	0	0	0	0	0	0	0	0	0	0	0	0	0	0	0	0	0	0	0	0	0	0	0	0	0
Alkalimarinus	0	0	0	0	0	0	0	0	0	0	0	0	0	0	0	0	0	0	0	0	0	0	0	0	0	0	0	0	0	0	0	0	0	0	0	0	0	0	0	0	0	0	0	0	0	0	0	0	0	0	0	0	0	0	0	0	0	0	0	0	0	0	0	0	0	0	0	0	0	0	0	0	0	0	0	0	0	0	0	0	0
Alkalimonas	0	0	0	0	0	0	0	0	0	0	0	0	0	0	0	0	0	0	0	0	0	0	0	0	0	0	0	0	0	0	0	0	0	0	0	0	0	0	0	0	0	0	0	0	0	0	0	0	0	0	0	0	0	0	0	0	0	0	0	0	0	0	0	0	0	0	0	0	0	0	0	0	0	0	0	0	0	0	0	0	0
Alkalinema	0	0	0	0	0	0	0	0	0	0	0	0	0	0	0	0	0	0	0	0	0	0	0	0	0	0	0	0	0	0	0	0	0	0	0	0	0	0	0	0	0	0	0	0	0	0	0	0	0	0	0	0	0	0	0	0	0	0	0	0	0	0	0	0	0	0	0	0	0	0	0	0	0	0	0	0	0	0	0	0	0
Alkaliphilus	0.00108877406317	6.157453474281549e-07	0	2.419198761370234e-05	3.987097751675578e-06	5.980491636282447e-06	2.618219139705555e-06	2.56763451384106e-05	2.105171109927177e-05	4.041097966317448e-05	0	4.597271366201781e-06	3.633504021510344e-06	2.601118480946807e-06	2.413074817773931e-05	9.885535385768191e-06	4.296921820899776e-05	1.268657726294708e-05	3.848769035370188e-05	1.229963625162703e-05	1.434364596654434e-05	1.038408659497493e-05	1.21803681089948e-06	1.251517464926223e-05	9.85035666499758e-06	7.608108504669747e-06	1.447488727681533e-05	0	1.129638436625589e-05	1.18665990835595e-05	2.211900022119e-05	1.412670144346635e-05	6.588248935668384e-06	2.024717754345044e-05	1.044505327499423e-06	4.296455424274973e-05	3.891716869814287e-06	7.074816776984678e-06	2.705897830896315e-05	1.680291026405774e-05	2.127206298487673e-07	3.270098707929499e-06	3.253397360193382e-05	1.330639105962594e-05	2.010338885697875e-05	5.504986141197389e-06	6.317478567953958e-06	1.251464604670153e-05	8.882966910948258e-06	3.339374818943272e-06	1.877308966521653e-05	1.650545513544954e-07	1.601557425621004e-05	1.698147078944432e-05	6.629274877860632e-05	2.19239536001446e-06	8.141410879367358e-06	1.35977716390231e-05	1.947475559181732e-05	3.436125549780088e-05	1.522674527050948e-05	1.384986401164774e-05	0	3.596387598298434e-05	1.801020386109954e-06	6.660658411207531e-06	2.670985353206652e-06	3.915728305886253e-06	4.965946025132653e-06	2.28679452388938e-05	4.536752229813721e-06	2.366824691661913e-06	9.008400333310812e-06	4.028684231729917e-05	3.764995978984294e-05	8.33110013565808e-06	2.39899913755981e-07	1.588561253885932e-05	1.569445340578358e-05	4.960335913948092e-06	8.609793812657775e-06
Alkalispirochaeta	0	0	0	0	0	0	0	0	0	0	0	0	0	0	0	0	0	0	0	0	0	0	0	0	0	0	0	0	0	0	0	0	0	0	0	0	0	0	0	0	0	0	0	0	0	0	0	0	0	0	0	0	0	0	0	0	0	0	0	0	0	0	0	0	0	0	0	0	0	0	0	0	0	0	0	0	0	0	0	0	0
Alkalitalea	0	0	0	0	0	0	0	0	0	0	0	0	0	0	0	0	0	0	0	0	0	0	0	0	0	0	0	0	0	0	0	0	0	0	0	0	0	0	0	0	0	0	0	0	0	0	0	0	0	0	0	0	0	0	0	0	0	0	0	0	0	0	0	0	0	0	0	0	0	0	0	0	0	0	0	0	0	0	0	0	0
Alkalithermobacter	0	0	0	0	0	0	0	0	0	0	0	0	0	0	0	0	0	0	0	0	0	0	0	0	0	0	0	0	0	0	0	0	0	0	0	0	0	0	0	0	0	0	0	0	0	0	0	0	0	0	0	0	0	0	0	0	0	0	0	0	0	0	0	0	0	0	0	0	0	0	0	0	0	0	0	0	0	0	0	0	0
Alkanindiges	0	0	0	0	0	0	0	0	0	0	0	0	0	0	0	0	0	0	0	0	0	0	0	0	0	0	0	0	0	0	0	0	0	0	0	0	0	0	0	0	0	0	0	0	0	0	0	0	0	0	0	0	0	0	0	0	0	0	0	0	0	0	0	0	0	0	0	0	0	0	0	0	0	0	0	0	0	0	0	0	0
Allisonella	0	0	0	0	0	0	0	0	0	0	0	0	0	0	0	0	0	0	0	0	0	0	0	0	0	0	0	0	0	0	0	0	0	0	0	0	0	0	0	0	0	0	0	0	0	0	0	0	0	0	0	0	0	0	0	0	0	0	0	0	0	0	0	0	0	0	0	0	0	0	0	0	0	0	0	0	0	0	0	0	0
Alloacidobacterium	0	0	0	0	0	0	0	0	0	0	0	0	0	0	0	0	0	0	0	0	0	0	0	0	0	0	0	0	0	0	0	0	0	0	0	0	0	0	0	0	0	0	0	0	0	0	0	0	0	0	0	0	0	0	0	0	0	0	0	0	0	0	0	0	0	0	0	0	0	0	0	0	0	0	0	0	0	0	0	0	0
Alloactinosynnema	0	0	0	0	0	0	0	0	0	0	0	0	0	0	0	0	0	0	0	0	0	0	0	0	0	0	0	0	0	0	0	0	0	0	0	0	0	0	0	0	0	0	0	0	0	0	0	0	0	0	0	0	0	0	0	0	0	0	0	0	0	0	0	0	0	0	0	0	0	0	0	0	0	0	0	0	0	0	0	0	0
Alloalcanivorax	0	0	0	0	0	0	0	0	0	0	0	0	0	0	0	0	0	0	0	0	0	0	0	0	0	0	0	0	0	0	0	0	0	0	0	0	0	0	0	0	0	0	0	0	0	0	0	0	0	0	0	0	0	0	0	0	0	0	0	0	0	0	0	0	0	0	0	0	0	0	0	0	0	0	0	0	0	0	0	0	0
Allobacillus	0	0	0	0	0	0	0	0	0	0	0	0	0	0	0	0	0	0	0	0	0	0	0	0	0	0	0	0	0	0	0	0	0	0	0	0	0	0	0	0	0	0	0	0	0	0	0	0	0	0	0	0	0	0	0	0	0	0	0	0	0	0	0	0	0	0	0	0	0	0	0	0	0	0	0	0	0	0	0	0	0
Allobaculum	0	0	0	0	0	0	0	0	0	0	0	0	0	0	0	0	0	0	0	0	0	0	0	0	0	0	0	0	0	0	0	0	0	0	0	0	0	0	0	0	0	0	0	0	0	0	0	0	0	0	0	0	0	0	0	0	0	0	0	0	0	0	0	0	0	0	0	0	0	0	0	0	0	0	0	0	0	0	0	0	0
Allobranchiibius	0	0	0	0	0	0	0	0	0	0	0	0	0	0	0	0	0	0	0	0	0	0	0	0	0	0	0	0	0	0	0	0	0	0	0	0	0	0	0	0	0	0	0	0	0	0	0	0	0	0	0	0	0	0	0	0	0	0	0	0	0	0	0	0	0	0	0	0	0	0	0	0	0	0	0	0	0	0	0	0	0
Allochromatium	0	0	0	0	0	0	0	0	0	0	0	0	0	0	0	0	0	0	0	0	0	0	0	0	0	0	0	0	0	0	0	0	0	0	0	0	0	0	0	0	0	0	0	0	0	0	0	0	0	0	0	0	0	0	0	0	0	0	0	0	0	0	0	0	0	0	0	0	0	0	0	0	0	0	0	0	0	0	0	0	0
Allocoleopsis	0	0	0	0	0	0	0	0	0	0	0	0	0	0	0	0	0	0	0	0	0	0	0	0	0	0	0	0	0	0	0	0	0	0	0	0	0	0	0	0	0	0	0	0	0	0	0	0	0	0	0	0	0	0	0	0	0	0	0	0	0	0	0	0	0	0	0	0	0	0	0	0	0	0	0	0	0	0	0	0	0
Allocoprobacillus	0	0	0	0	0	0	0	0	0	0	0	0	0	0	0	0	0	0	0	0	0	0	0	0	0	0	0	0	0	0	0	0	0	0	0	0	0	0	0	0	0	0	0	0	0	0	0	0	0	0	0	0	0	0	0	0	0	0	0	0	0	0	0	0	0	0	0	0	0	0	0	0	0	0	0	0	0	0	0	0	0
Allofournierella	0	0	0	0	0	0	0	0	0	0	0	0	0	0	0	0	0	0	0	0	0	0	0	0	0	0	0	0	0	0	0	0	0	0	0	0	0	0	0	0	0	0	0	0	0	0	0	0	0	0	0	0	0	0	0	0	0	0	0	0	0	0	0	0	0	0	0	0	0	0	0	0	0	0	0	0	0	0	0	0	0
Allofrancisella	0	0	0	0	0	0	0	0	0	0	0	0	0	0	0	0	0	0	0	0	0	0	0	0	0	0	0	0	0	0	0	0	0	0	0	0	0	0	0	0	0	0	0	0	0	0	0	0	0	0	0	0	0	0	0	0	0	0	0	0	0	0	0	0	0	0	0	0	0	0	0	0	0	0	0	0	0	0	0	0	0
Allofustis	0	0	0	0	0	0	0	0	0	0	0	0	0	0	0	0	0	0	0	0	0	0	0	0	0	0	0	0	0	0	0	0	0	0	0	0	0	0	0	0	0	0	0	0	0	0	0	0	0	0	0	0	0	0	0	0	0	0	0	0	0	0	0	0	0	0	0	0	0	0	0	0	0	0	0	0	0	0	0	0	0
Allohahella	0	0	0	0	0	0	0	0	0	0	0	0	0	0	0	0	0	0	0	0	0	0	0	0	0	0	0	0	0	0	0	0	0	0	0	0	0	0	0	0	0	0	0	0	0	0	0	0	0	0	0	0	0	0	0	0	0	0	0	0	0	0	0	0	0	0	0	0	0	0	0	0	0	0	0	0	0	0	0	0	0
Alloiococcus	0	0	0	0	0	0	0	0	0	0	0	0	0	0	0	0	0	0	0	0	0	0	0	0	0	0	0	0	0	0	0	0	0	0	0	0	0	0	0	0	0	0	0	0	0	0	0	0	0	0	0	0	0	0	0	0	0	0	0	0	0	0	0	0	0	0	0	0	0	0	0	0	0	0	0	0	0	0	0	0	0
Allokutzneria	0	0	0	0	0	0	0	0	0	0	0	0	0	0	0	0	0	0	0	0	0	0	0	0	0	0	0	0	0	0	0	0	0	0	0	0	0	0	0	0	0	0	0	0	0	0	0	0	0	0	0	0	0	0	0	0	0	0	0	0	0	0	0	0	0	0	0	0	0	0	0	0	0	0	0	0	0	0	0	0	0
Allomeiothermus	0	0	0	0	0	0	0	0	0	0	0	0	0	0	0	0	0	0	0	0	0	0	0	0	0	0	0	0	0	0	0	0	0	0	0	0	0	0	0	0	0	0	0	0	0	0	0	0	0	0	0	0	0	0	0	0	0	0	0	0	0	0	0	0	0	0	0	0	0	0	0	0	0	0	0	0	0	0	0	0	0
Allomesorhizobium	0	0	0	0	0	0	0	0	0	0	0	0	0	0	0	0	0	0	0	0	0	0	0	0	0	0	0	0	0	0	0	0	0	0	0	0	0	0	0	0	0	0	0	0	0	0	0	0	0	0	0	0	0	0	0	0	0	0	0	0	0	0	0	0	0	0	0	0	0	0	0	0	0	0	0	0	0	0	0	0	0
Allomuricauda	0.001034952405072563	6.773198821709703e-06	1.010019392372334e-05	0	1.196129325502673e-05	1.594797769675319e-05	2.618219139705555e-06	1.812447892123101e-05	4.858087176755024e-06	0	6.24658389943e-05	7.662118943669633e-06	5.709792033801968e-06	1.560671088568084e-05	1.089775724155969e-05	2.965660615730457e-06	4.070768040852419e-05	2.114429543824513e-05	9.621922588425469e-06	1.069533587098002e-05	5.378867237454128e-06	7.268860616482453e-06	3.623659512425955e-05	3.128793662315557e-05	8.208630554164648e-06	1.032529011348037e-05	1.326864667041406e-05	7.892520865093141e-06	1.242602280288148e-05	1.86475128455935e-05	1.1059500110595e-05	7.534240769848722e-06	1.251767297776993e-05	2.429661305214053e-05	1.775659056749019e-05	0	2.918787652360716e-05	3.006797130218488e-05	8.39761395795408e-06	4.200727566014434e-06	2.127206298487673e-07	3.270098707929499e-06	6.506794720386764e-06	6.653195529812969e-06	2.15393452039058e-05	1.009247459219521e-05	1.47407833252259e-05	6.257323023350765e-06	3.553186764379303e-05	2.588015484681035e-05	4.940286754004349e-06	7.922618465015781e-06	1.512582013086504e-05	1.819443298869034e-05	1.406209822576498e-05	1.217997422230256e-06	1.492591994550682e-05	9.413841903939064e-06	6.149922818468628e-06	8.330001332800213e-06	1.64956407097186e-05	1.817794651528765e-05	0	4.682089514765885e-05	9.725510084993752e-06	7.173016750531188e-06	7.122627608551071e-06	5.220971074515004e-06	2.234675711309694e-05	1.270441402160767e-06	1.814700891925488e-06	0	2.252100083327703e-05	6.714473719549861e-06	1.556198337980175e-05	4.16555006782904e-06	3.070718896076557e-05	1.105086089659778e-05	1.046296893718905e-05	2.480167956974046e-06	1.033175257518933e-05
Allopontixanthobacter	0	0	0	0	0	0	0	0	0	0	0	0	0	0	0	0	0	0	0	0	0	0	0	0	0	0	0	0	0	0	0	0	0	0	0	0	0	0	0	0	0	0	0	0	0	0	0	0	0	0	0	0	0	0	0	0	0	0	0	0	0	0	0	0	0	0	0	0	0	0	0	0	0	0	0	0	0	0	0	0	0
Alloprevotella	0	0	0	0	0	0	0	0	0	0	0	0	0	0	0	0	0	0	0	0	0	0	0	0	0	0	0	0	0	0	0	0	0	0	0	0	0	0	0	0	0	0	0	0	0	0	0	0	0	0	0	0	0	0	0	0	0	0	0	0	0	0	0	0	0	0	0	0	0	0	0	0	0	0	0	0	0	0	0	0	0
Allopusillimonas	0	0	0	0	0	0	0	0	0	0	0	0	0	0	0	0	0	0	0	0	0	0	0	0	0	0	0	0	0	0	0	0	0	0	0	0	0	0	0	0	0	0	0	0	0	0	0	0	0	0	0	0	0	0	0	0	0	0	0	0	0	0	0	0	0	0	0	0	0	0	0	0	0	0	0	0	0	0	0	0	0
Allorhizobium	0	0	0	0	0	0	0	0	0	0	0	0	0	0	0	0	0	0	0	0	0	0	0	0	0	0	0	0	0	0	0	0	0	0	0	0	0	0	0	0	0	0	0	0	0	0	0	0	0	0	0	0	0	0	0	0	0	0	0	0	0	0	0	0	0	0	0	0	0	0	0	0	0	0	0	0	0	0	0	0	0
Allorhodopirellula	0	0	0	0	0	0	0	0	0	0	0	0	0	0	0	0	0	0	0	0	0	0	0	0	0	0	0	0	0	0	0	0	0	0	0	0	0	0	0	0	0	0	0	0	0	0	0	0	0	0	0	0	0	0	0	0	0	0	0	0	0	0	0	0	0	0	0	0	0	0	0	0	0	0	0	0	0	0	0	0	0
Allosaccharopolyspora	0	0	0	0	0	0	0	0	0	0	0	0	0	0	0	0	0	0	0	0	0	0	0	0	0	0	0	0	0	0	0	0	0	0	0	0	0	0	0	0	0	0	0	0	0	0	0	0	0	0	0	0	0	0	0	0	0	0	0	0	0	0	0	0	0	0	0	0	0	0	0	0	0	0	0	0	0	0	0	0	0
Allosalinactinospora	0	0	0	0	0	0	0	0	0	0	0	0	0	0	0	0	0	0	0	0	0	0	0	0	0	0	0	0	0	0	0	0	0	0	0	0	0	0	0	0	0	0	0	0	0	0	0	0	0	0	0	0	0	0	0	0	0	0	0	0	0	0	0	0	0	0	0	0	0	0	0	0	0	0	0	0	0	0	0	0	0
Alloscardovia	0	0	0	0	0	0	0	0	0	0	0	0	0	0	0	0	0	0	0	0	0	0	0	0	0	0	0	0	0	0	0	0	0	0	0	0	0	0	0	0	0	0	0	0	0	0	0	0	0	0	0	0	0	0	0	0	0	0	0	0	0	0	0	0	0	0	0	0	0	0	0	0	0	0	0	0	0	0	0	0	0
Allosphingosinicella	0	0	0	0	0	0	0	0	0	0	0	0	0	0	0	0	0	0	0	0	0	0	0	0	0	0	0	0	0	0	0	0	0	0	0	0	0	0	0	0	0	0	0	0	0	0	0	0	0	0	0	0	0	0	0	0	0	0	0	0	0	0	0	0	0	0	0	0	0	0	0	0	0	0	0	0	0	0	0	0	0
Allotamlana	0	0	0	0	0	0	0	0	0	0	0	0	0	0	0	0	0	0	0	0	0	0	0	0	0	0	0	0	0	0	0	0	0	0	0	0	0	0	0	0	0	0	0	0	0	0	0	0	0	0	0	0	0	0	0	0	0	0	0	0	0	0	0	0	0	0	0	0	0	0	0	0	0	0	0	0	0	0	0	0	0
Alloyangia	0	0	0	0	0	0	0	0	0	0	0	0	0	0	0	0	0	0	0	0	0	0	0	0	0	0	0	0	0	0	0	0	0	0	0	0	0	0	0	0	0	0	0	0	0	0	0	0	0	0	0	0	0	0	0	0	0	0	0	0	0	0	0	0	0	0	0	0	0	0	0	0	0	0	0	0	0	0	0	0	0
Alsobacter	0	0	0	0	0	0	0	0	0	0	0	0	0	0	0	0	0	0	0	0	0	0	0	0	0	0	0	0	0	0	0	0	0	0	0	0	0	0	0	0	0	0	0	0	0	0	0	0	0	0	0	0	0	0	0	0	0	0	0	0	0	0	0	0	0	0	0	0	0	0	0	0	0	0	0	0	0	0	0	0	0
Alteraurantiacibacter	0	0	0	0	0	0	0	0	0	0	0	0	0	0	0	0	0	0	0	0	0	0	0	0	0	0	0	0	0	0	0	0	0	0	0	0	0	0	0	0	0	0	0	0	0	0	0	0	0	0	0	0	0	0	0	0	0	0	0	0	0	0	0	0	0	0	0	0	0	0	0	0	0	0	0	0	0	0	0	0	0
Altererythrobacter	0.01359102805467033	7.265795099652227e-05	0.0001212023270846	7.741436036384749e-05	0.0001302451932214	0.0001146260896954	7.985568376101943e-05	0.0004667053322216	0.0001392651657336	9.09247042421426e-05	0.00010931521824	0.0001333208696198	0.0001328824327866	0.0004812069189751	0.0005845868348865	0.000161134226788	0.0002781691494582	0.000127711544447	0.000256584602358	0.0001026752243614	6.185697323072248e-05	0.0001547228902651	3.25824846915611e-05	0.0002972353979199	8.701148387414527e-05	8.423262987312935e-05	0.0001435426321617	1.092810581320589e-05	0.0002055941954658	8.815187890644204e-05	0.000298606502986	0.0001440923547233	7.70825125473201e-05	0.0001012358877172	0.0001347411872474	0.0001861797350519	0.000172694936098	5.895680647487231e-05	0.0001184996636289	0.0003476102060876	7.126141099933706e-06	0.0001553296886266	0.0001952038416116	9.409519392164056e-05	0.000116312464101	0.0001027597413023	0.0001895243570386	0.0002283922903523	0.0001776593382189	0.0002813423284959	0.0001600652908297	1.617534603274055e-05	0.0002998471402412	0.0001067406735336	0.0002310201851375	3.727072112024582e-05	0.0002279595046222	0.0001317937866551	0.0002398469899202	0.000119743769159	0.00011229724637	8.569603357207036e-05	0	0.0007959552175101999	2.521428540553936e-05	4.9186400575071e-05	0.0004861193342836	0.0001083351497961	0.0005114924405886	0.0001130692847923	6.260718077142935e-05	0.0001301753580414	0.0002792604103326	0.0002215776327451	0.0001129498793695	0.0003679569226582	3.574508714964117e-05	7.73560262761845e-05	0.0001342747680272	0.0001029269702144	0.000194581340166
Alteribacillus	0	0	0	0	0	0	0	0	0	0	0	0	0	0	0	0	0	0	0	0	0	0	0	0	0	0	0	0	0	0	0	0	0	0	0	0	0	0	0	0	0	0	0	0	0	0	0	0	0	0	0	0	0	0	0	0	0	0	0	0	0	0	0	0	0	0	0	0	0	0	0	0	0	0	0	0	0	0	0	0	0
Alteribacter	0	0	0	0	0	0	0	0	0	0	0	0	0	0	0	0	0	0	0	0	0	0	0	0	0	0	0	0	0	0	0	0	0	0	0	0	0	0	0	0	0	0	0	0	0	0	0	0	0	0	0	0	0	0	0	0	0	0	0	0	0	0	0	0	0	0	0	0	0	0	0	0	0	0	0	0	0	0	0	0	0
Altericista	0	0	0	0	0	0	0	0	0	0	0	0	0	0	0	0	0	0	0	0	0	0	0	0	0	0	0	0	0	0	0	0	0	0	0	0	0	0	0	0	0	0	0	0	0	0	0	0	0	0	0	0	0	0	0	0	0	0	0	0	0	0	0	0	0	0	0	0	0	0	0	0	0	0	0	0	0	0	0	0	0
Altericroceibacterium	0	0	0	0	0	0	0	0	0	0	0	0	0	0	0	0	0	0	0	0	0	0	0	0	0	0	0	0	0	0	0	0	0	0	0	0	0	0	0	0	0	0	0	0	0	0	0	0	0	0	0	0	0	0	0	0	0	0	0	0	0	0	0	0	0	0	0	0	0	0	0	0	0	0	0	0	0	0	0	0	0
Alteriqipengyuania	0	0	0	0	0	0	0	0	0	0	0	0	0	0	0	0	0	0	0	0	0	0	0	0	0	0	0	0	0	0	0	0	0	0	0	0	0	0	0	0	0	0	0	0	0	0	0	0	0	0	0	0	0	0	0	0	0	0	0	0	0	0	0	0	0	0	0	0	0	0	0	0	0	0	0	0	0	0	0	0	0
Alterirhizorhabdus	0	0	0	0	0	0	0	0	0	0	0	0	0	0	0	0	0	0	0	0	0	0	0	0	0	0	0	0	0	0	0	0	0	0	0	0	0	0	0	0	0	0	0	0	0	0	0	0	0	0	0	0	0	0	0	0	0	0	0	0	0	0	0	0	0	0	0	0	0	0	0	0	0	0	0	0	0	0	0	0	0
Alterisphingorhabdus (ex Yan et al. 2024)	0	0	0	0	0	0	0	0	0	0	0	0	0	0	0	0	0	0	0	0	0	0	0	0	0	0	0	0	0	0	0	0	0	0	0	0	0	0	0	0	0	0	0	0	0	0	0	0	0	0	0	0	0	0	0	0	0	0	0	0	0	0	0	0	0	0	0	0	0	0	0	0	0	0	0	0	0	0	0	0	0
Alteromonas	0.09418314144040368	0.0010375309104164	0.0012928248222365	0.0009821946971163001	0.0008213421368451	0.0009817973769562999	0.0016128229900586	0.0018698420753736	0.0013521675975301	0.0012830486043057	0.0010306863434059	0.0008765464071558	0.0005367204511773	0.0007257120561841	0.0008718205793247	0.0015777314475686	0.0009860304810064	0.0017769665886301	0.001019923794373	0.0009887838012720999	0.0009166486250494	0.000791267398537	0.001001530767762	0.0012233583219653	0.001119657207588	0.0010053571952599	0.0009384551917801	0.0007279332705574	0.0009782668861177	0.0009934038661379	0.0014930325149303	0.0016452898281157	0.0010890375490659	0.0015576828590094	0.0009431883107319	0.0010025062656641	0.0010240080013698	0.0014096572428141	0.0016058104024043	0.0016697892074907	9.625608500656722e-05	0.0006976210576916	0.0012330375995132	0.0011776156087768	0.0010008615738081	0.0015423136172254	0.001046595616091	0.0008228379775706	0.0016966466799911	0.001412555548413	0.000977188719942	0.0006468487867582	0.0019405537473774	0.0017745636974969	0.0014845557984057	0.0006903609389201	0.0009145518221155	0.0009936833120824	0.0008435644132666	0.0010849826735972	0.0012143329353231	0.0011928195380031	0.0013534224611539	0.0026789694788834	0.0008360336632322	0.001849101246619	0.0010639424990273	0.0008053347882439001	0.0011272697477051	0.0018078381152747	0.0006188130041465001	0.0014295621137637	0.0014143188523297	0.001282464480434	0.0014000765047182	0.0010268080917198	0.0011270497948255	0.0011665565033971	0.0013776242433965	0.001283486917734	0.0012897471131361
Altibacter	0	0	0	0	0	0	0	0	0	0	0	0	0	0	0	0	0	0	0	0	0	0	0	0	0	0	0	0	0	0	0	0	0	0	0	0	0	0	0	0	0	0	0	0	0	0	0	0	0	0	0	0	0	0	0	0	0	0	0	0	0	0	0	0	0	0	0	0	0	0	0	0	0	0	0	0	0	0	0	0	0
Alysiella	0	0	0	0	0	0	0	0	0	0	0	0	0	0	0	0	0	0	0	0	0	0	0	0	0	0	0	0	0	0	0	0	0	0	0	0	0	0	0	0	0	0	0	0	0	0	0	0	0	0	0	0	0	0	0	0	0	0	0	0	0	0	0	0	0	0	0	0	0	0	0	0	0	0	0	0	0	0	0	0	0
Amantichitinum	0	0	0	0	0	0	0	0	0	0	0	0	0	0	0	0	0	0	0	0	0	0	0	0	0	0	0	0	0	0	0	0	0	0	0	0	0	0	0	0	0	0	0	0	0	0	0	0	0	0	0	0	0	0	0	0	0	0	0	0	0	0	0	0	0	0	0	0	0	0	0	0	0	0	0	0	0	0	0	0	0
Amaricoccus	0	0	0	0	0	0	0	0	0	0	0	0	0	0	0	0	0	0	0	0	0	0	0	0	0	0	0	0	0	0	0	0	0	0	0	0	0	0	0	0	0	0	0	0	0	0	0	0	0	0	0	0	0	0	0	0	0	0	0	0	0	0	0	0	0	0	0	0	0	0	0	0	0	0	0	0	0	0	0	0	0
Amedibacillus	0	0	0	0	0	0	0	0	0	0	0	0	0	0	0	0	0	0	0	0	0	0	0	0	0	0	0	0	0	0	0	0	0	0	0	0	0	0	0	0	0	0	0	0	0	0	0	0	0	0	0	0	0	0	0	0	0	0	0	0	0	0	0	0	0	0	0	0	0	0	0	0	0	0	0	0	0	0	0	0	0
Amedibacterium	0	0	0	0	0	0	0	0	0	0	0	0	0	0	0	0	0	0	0	0	0	0	0	0	0	0	0	0	0	0	0	0	0	0	0	0	0	0	0	0	0	0	0	0	0	0	0	0	0	0	0	0	0	0	0	0	0	0	0	0	0	0	0	0	0	0	0	0	0	0	0	0	0	0	0	0	0	0	0	0	0
Aminicella	0	0	0	0	0	0	0	0	0	0	0	0	0	0	0	0	0	0	0	0	0	0	0	0	0	0	0	0	0	0	0	0	0	0	0	0	0	0	0	0	0	0	0	0	0	0	0	0	0	0	0	0	0	0	0	0	0	0	0	0	0	0	0	0	0	0	0	0	0	0	0	0	0	0	0	0	0	0	0	0	0
Aminiphilus	0	0	0	0	0	0	0	0	0	0	0	0	0	0	0	0	0	0	0	0	0	0	0	0	0	0	0	0	0	0	0	0	0	0	0	0	0	0	0	0	0	0	0	0	0	0	0	0	0	0	0	0	0	0	0	0	0	0	0	0	0	0	0	0	0	0	0	0	0	0	0	0	0	0	0	0	0	0	0	0	0
Aminipila	0	0	0	0	0	0	0	0	0	0	0	0	0	0	0	0	0	0	0	0	0	0	0	0	0	0	0	0	0	0	0	0	0	0	0	0	0	0	0	0	0	0	0	0	0	0	0	0	0	0	0	0	0	0	0	0	0	0	0	0	0	0	0	0	0	0	0	0	0	0	0	0	0	0	0	0	0	0	0	0	0
Aminirod	0	0	0	0	0	0	0	0	0	0	0	0	0	0	0	0	0	0	0	0	0	0	0	0	0	0	0	0	0	0	0	0	0	0	0	0	0	0	0	0	0	0	0	0	0	0	0	0	0	0	0	0	0	0	0	0	0	0	0	0	0	0	0	0	0	0	0	0	0	0	0	0	0	0	0	0	0	0	0	0	0
Aminithiophilus	0	0	0	0	0	0	0	0	0	0	0	0	0	0	0	0	0	0	0	0	0	0	0	0	0	0	0	0	0	0	0	0	0	0	0	0	0	0	0	0	0	0	0	0	0	0	0	0	0	0	0	0	0	0	0	0	0	0	0	0	0	0	0	0	0	0	0	0	0	0	0	0	0	0	0	0	0	0	0	0	0
Aminivibrio	0	0	0	0	0	0	0	0	0	0	0	0	0	0	0	0	0	0	0	0	0	0	0	0	0	0	0	0	0	0	0	0	0	0	0	0	0	0	0	0	0	0	0	0	0	0	0	0	0	0	0	0	0	0	0	0	0	0	0	0	0	0	0	0	0	0	0	0	0	0	0	0	0	0	0	0	0	0	0	0	0
Aminobacter	0	0	0	0	0	0	0	0	0	0	0	0	0	0	0	0	0	0	0	0	0	0	0	0	0	0	0	0	0	0	0	0	0	0	0	0	0	0	0	0	0	0	0	0	0	0	0	0	0	0	0	0	0	0	0	0	0	0	0	0	0	0	0	0	0	0	0	0	0	0	0	0	0	0	0	0	0	0	0	0	0
Aminobacterium	0	0	0	0	0	0	0	0	0	0	0	0	0	0	0	0	0	0	0	0	0	0	0	0	0	0	0	0	0	0	0	0	0	0	0	0	0	0	0	0	0	0	0	0	0	0	0	0	0	0	0	0	0	0	0	0	0	0	0	0	0	0	0	0	0	0	0	0	0	0	0	0	0	0	0	0	0	0	0	0	0
Aminomonas	0	0	0	0	0	0	0	0	0	0	0	0	0	0	0	0	0	0	0	0	0	0	0	0	0	0	0	0	0	0	0	0	0	0	0	0	0	0	0	0	0	0	0	0	0	0	0	0	0	0	0	0	0	0	0	0	0	0	0	0	0	0	0	0	0	0	0	0	0	0	0	0	0	0	0	0	0	0	0	0	0
Ammonicoccus	0	0	0	0	0	0	0	0	0	0	0	0	0	0	0	0	0	0	0	0	0	0	0	0	0	0	0	0	0	0	0	0	0	0	0	0	0	0	0	0	0	0	0	0	0	0	0	0	0	0	0	0	0	0	0	0	0	0	0	0	0	0	0	0	0	0	0	0	0	0	0	0	0	0	0	0	0	0	0	0	0
Ammonifex	0	0	0	0	0	0	0	0	0	0	0	0	0	0	0	0	0	0	0	0	0	0	0	0	0	0	0	0	0	0	0	0	0	0	0	0	0	0	0	0	0	0	0	0	0	0	0	0	0	0	0	0	0	0	0	0	0	0	0	0	0	0	0	0	0	0	0	0	0	0	0	0	0	0	0	0	0	0	0	0	0
Ammoniphilus	0	0	0	0	0	0	0	0	0	0	0	0	0	0	0	0	0	0	0	0	0	0	0	0	0	0	0	0	0	0	0	0	0	0	0	0	0	0	0	0	0	0	0	0	0	0	0	0	0	0	0	0	0	0	0	0	0	0	0	0	0	0	0	0	0	0	0	0	0	0	0	0	0	0	0	0	0	0	0	0	0
Amnibacterium	0	0	0	0	0	0	0	0	0	0	0	0	0	0	0	0	0	0	0	0	0	0	0	0	0	0	0	0	0	0	0	0	0	0	0	0	0	0	0	0	0	0	0	0	0	0	0	0	0	0	0	0	0	0	0	0	0	0	0	0	0	0	0	0	0	0	0	0	0	0	0	0	0	0	0	0	0	0	0	0	0
Amniculibacterium	0	0	0	0	0	0	0	0	0	0	0	0	0	0	0	0	0	0	0	0	0	0	0	0	0	0	0	0	0	0	0	0	0	0	0	0	0	0	0	0	0	0	0	0	0	0	0	0	0	0	0	0	0	0	0	0	0	0	0	0	0	0	0	0	0	0	0	0	0	0	0	0	0	0	0	0	0	0	0	0	0
Amnimonas	0	0	0	0	0	0	0	0	0	0	0	0	0	0	0	0	0	0	0	0	0	0	0	0	0	0	0	0	0	0	0	0	0	0	0	0	0	0	0	0	0	0	0	0	0	0	0	0	0	0	0	0	0	0	0	0	0	0	0	0	0	0	0	0	0	0	0	0	0	0	0	0	0	0	0	0	0	0	0	0	0
Amorphus	0	0	0	0	0	0	0	0	0	0	0	0	0	0	0	0	0	0	0	0	0	0	0	0	0	0	0	0	0	0	0	0	0	0	0	0	0	0	0	0	0	0	0	0	0	0	0	0	0	0	0	0	0	0	0	0	0	0	0	0	0	0	0	0	0	0	0	0	0	0	0	0	0	0	0	0	0	0	0	0	0
Amphibacillus	0	0	0	0	0	0	0	0	0	0	0	0	0	0	0	0	0	0	0	0	0	0	0	0	0	0	0	0	0	0	0	0	0	0	0	0	0	0	0	0	0	0	0	0	0	0	0	0	0	0	0	0	0	0	0	0	0	0	0	0	0	0	0	0	0	0	0	0	0	0	0	0	0	0	0	0	0	0	0	0	0
Amphritea	0	0	0	0	0	0	0	0	0	0	0	0	0	0	0	0	0	0	0	0	0	0	0	0	0	0	0	0	0	0	0	0	0	0	0	0	0	0	0	0	0	0	0	0	0	0	0	0	0	0	0	0	0	0	0	0	0	0	0	0	0	0	0	0	0	0	0	0	0	0	0	0	0	0	0	0	0	0	0	0	0
Ampullimonas	0	0	0	0	0	0	0	0	0	0	0	0	0	0	0	0	0	0	0	0	0	0	0	0	0	0	0	0	0	0	0	0	0	0	0	0	0	0	0	0	0	0	0	0	0	0	0	0	0	0	0	0	0	0	0	0	0	0	0	0	0	0	0	0	0	0	0	0	0	0	0	0	0	0	0	0	0	0	0	0	0
Amycolatopsis	0.06185146880137717	0.0003152616178832	0.0003299396681749	0.0004596477646603	0.0005967356301674	0.000340888023268	0.0004254606102021	0.0013955848769347	0.0013278771616463	0.0006061646949476	0.0007808229874287	0.0004459353225215	0.0013288243278666	0.0008401612693458	0.0023811599572807	0.0008610301321004	0.0020873993898371	0.0008178613475513	0.0007440953468382	0.0006882448632975	0.0005773317501533999	0.0009636432360136	0.0001169315338463	0.0014173435290289	0.0003710301010482	0.0004923533075164	0.0006839384238295	0.0001262803338414	0.0026682059873096	0.0004814448771044	0.0012607830126078	0.0007882699405454	0.0003511536682711	0.0003226050288589	0.0006538603350146	0.0008020050125312999	0.0007812621616152	0.0003195458910938	0.0006942027538575	0.0016792408445142	3.882151494740004e-05	0.0005264858919766	0.0006246522931571	0.0002879883207904	0.0004824813325674	0.0002477243763538	0.0007559916019651	0.0015533804405468	0.0019453697534976	0.0004483110694431	0.0012983073589523	7.509982086629541e-05	0.0011798139702074	0.0005421941030629	0.0015347775777834	0.0001332489179919	0.0010081780472283	0.0004560483411241	0.0006436919216663	0.0006913901106224	0.0007638750544037999	0.0004579111288851	4.715757704369149e-05	0.0007660984148073	0.0001242704066415	0.0005815267151323	0.001822502339338	0.0007844509039458	0.0017604278659095	0.0005501011271356	0.000436435564508	0.0003585739407867	0.001058487039164	0.0003625815808556	0.0005296094343771	0.0022167668944296	0.0001043564624838	0.0003446487242126	0.0005737194633891	0.0007465305550491	0.0006629541235746
Amygdalobacter	0	0	0	0	0	0	0	0	0	0	0	0	0	0	0	0	0	0	0	0	0	0	0	0	0	0	0	0	0	0	0	0	0	0	0	0	0	0	0	0	0	0	0	0	0	0	0	0	0	0	0	0	0	0	0	0	0	0	0	0	0	0	0	0	0	0	0	0	0	0	0	0	0	0	0	0	0	0	0	0	0
Amylibacter	0	0	0	0	0	0	0	0	0	0	0	0	0	0	0	0	0	0	0	0	0	0	0	0	0	0	0	0	0	0	0	0	0	0	0	0	0	0	0	0	0	0	0	0	0	0	0	0	0	0	0	0	0	0	0	0	0	0	0	0	0	0	0	0	0	0	0	0	0	0	0	0	0	0	0	0	0	0	0	0	0
Amylolactobacillus	0	0	0	0	0	0	0	0	0	0	0	0	0	0	0	0	0	0	0	0	0	0	0	0	0	0	0	0	0	0	0	0	0	0	0	0	0	0	0	0	0	0	0	0	0	0	0	0	0	0	0	0	0	0	0	0	0	0	0	0	0	0	0	0	0	0	0	0	0	0	0	0	0	0	0	0	0	0	0	0	0
Anabaena	0.009991591948360619	9.605627419879216e-05	9.763520792932558e-05	8.709115540932843e-05	9.701937862410572e-05	0.0001036618550288	6.41463689227861e-05	0.0001887966554294	0.0001538394272639	0.0001515411737369	0.00010931521824	0.0001103345127888	6.280771237182166e-05	9.364026531408504e-05	0.0001852618731065	0.0001245577458606	0.0001809230240378	0.0001319404035346	8.980461082530437e-05	0.0001026752243614	7.261470770563073e-05	7.788064946231199e-05	9.744294487195845e-05	0.0001908564134012	8.701148387414527e-05	5.923455907207161e-05	9.288052669289838e-05	3.703413636697551e-05	0.0001039267361695	9.154233578745903e-05	0.0003096660030966	0.0001422087945308	9.025901041865688e-05	0.0002605136843923	5.431427702996999e-05	0.0001861797350519	0.0001221026167904	0.0001521085607051	0.000167952279159	0.0001638283750745	4.467133226824114e-06	5.123154642422881e-05	0.0001073621128863	7.223469432368367e-05	0.0001062607696726	8.440978749835998e-05	0.0001179262666018	0.0001423540987812	0.0003197868087941	0.0001602899913092	0.0002410859935954	3.548672854121652e-05	0.0002268873019629	0.0001843702542853	0.0002611532527642	4.068111390249053e-05	0.0001601144139608	8.472457713545158e-05	9.019886800420656e-05	0.000192631280821	0.0001059527691739	9.868028108299012e-05	8.488363867864469e-05	0.0004451377857516	6.195510128218243e-05	0.0001250154347949	0.000142452552171	0.0001044194214903	0.0001663591918419	9.020133955341444e-05	5.988512943354112e-05	7.218815309568836e-05	8.557980316645271e-05	0.0001745763167082	9.989789330904996e-05	0.0001110813351421	4.869968249246414e-05	0.0001091272513539	0.0001133488301528	0.0001128476420423	0.0001050394845144
Anabaenopsis	0	0	0	0	0	0	0	0	0	0	0	0	0	0	0	0	0	0	0	0	0	0	0	0	0	0	0	0	0	0	0	0	0	0	0	0	0	0	0	0	0	0	0	0	0	0	0	0	0	0	0	0	0	0	0	0	0	0	0	0	0	0	0	0	0	0	0	0	0	0	0	0	0	0	0	0	0	0	0	0	0
Anaeroarcus	0	0	0	0	0	0	0	0	0	0	0	0	0	0	0	0	0	0	0	0	0	0	0	0	0	0	0	0	0	0	0	0	0	0	0	0	0	0	0	0	0	0	0	0	0	0	0	0	0	0	0	0	0	0	0	0	0	0	0	0	0	0	0	0	0	0	0	0	0	0	0	0	0	0	0	0	0	0	0	0	0
Anaerobacillus	0	0	0	0	0	0	0	0	0	0	0	0	0	0	0	0	0	0	0	0	0	0	0	0	0	0	0	0	0	0	0	0	0	0	0	0	0	0	0	0	0	0	0	0	0	0	0	0	0	0	0	0	0	0	0	0	0	0	0	0	0	0	0	0	0	0	0	0	0	0	0	0	0	0	0	0	0	0	0	0	0
Anaerobaculum	0	0	0	0	0	0	0	0	0	0	0	0	0	0	0	0	0	0	0	0	0	0	0	0	0	0	0	0	0	0	0	0	0	0	0	0	0	0	0	0	0	0	0	0	0	0	0	0	0	0	0	0	0	0	0	0	0	0	0	0	0	0	0	0	0	0	0	0	0	0	0	0	0	0	0	0	0	0	0	0	0
Anaerobiospirillum	0	0	0	0	0	0	0	0	0	0	0	0	0	0	0	0	0	0	0	0	0	0	0	0	0	0	0	0	0	0	0	0	0	0	0	0	0	0	0	0	0	0	0	0	0	0	0	0	0	0	0	0	0	0	0	0	0	0	0	0	0	0	0	0	0	0	0	0	0	0	0	0	0	0	0	0	0	0	0	0	0
Anaerobranca	0	0	0	0	0	0	0	0	0	0	0	0	0	0	0	0	0	0	0	0	0	0	0	0	0	0	0	0	0	0	0	0	0	0	0	0	0	0	0	0	0	0	0	0	0	0	0	0	0	0	0	0	0	0	0	0	0	0	0	0	0	0	0	0	0	0	0	0	0	0	0	0	0	0	0	0	0	0	0	0	0
Anaerobutyricum	0	0	0	0	0	0	0	0	0	0	0	0	0	0	0	0	0	0	0	0	0	0	0	0	0	0	0	0	0	0	0	0	0	0	0	0	0	0	0	0	0	0	0	0	0	0	0	0	0	0	0	0	0	0	0	0	0	0	0	0	0	0	0	0	0	0	0	0	0	0	0	0	0	0	0	0	0	0	0	0	0
Anaerocellum	0	0	0	0	0	0	0	0	0	0	0	0	0	0	0	0	0	0	0	0	0	0	0	0	0	0	0	0	0	0	0	0	0	0	0	0	0	0	0	0	0	0	0	0	0	0	0	0	0	0	0	0	0	0	0	0	0	0	0	0	0	0	0	0	0	0	0	0	0	0	0	0	0	0	0	0	0	0	0	0	0
Anaerococcus	0	0	0	0	0	0	0	0	0	0	0	0	0	0	0	0	0	0	0	0	0	0	0	0	0	0	0	0	0	0	0	0	0	0	0	0	0	0	0	0	0	0	0	0	0	0	0	0	0	0	0	0	0	0	0	0	0	0	0	0	0	0	0	0	0	0	0	0	0	0	0	0	0	0	0	0	0	0	0	0	0
Anaerocolumna	0	0	0	0	0	0	0	0	0	0	0	0	0	0	0	0	0	0	0	0	0	0	0	0	0	0	0	0	0	0	0	0	0	0	0	0	0	0	0	0	0	0	0	0	0	0	0	0	0	0	0	0	0	0	0	0	0	0	0	0	0	0	0	0	0	0	0	0	0	0	0	0	0	0	0	0	0	0	0	0	0
Anaerofilum	0	0	0	0	0	0	0	0	0	0	0	0	0	0	0	0	0	0	0	0	0	0	0	0	0	0	0	0	0	0	0	0	0	0	0	0	0	0	0	0	0	0	0	0	0	0	0	0	0	0	0	0	0	0	0	0	0	0	0	0	0	0	0	0	0	0	0	0	0	0	0	0	0	0	0	0	0	0	0	0	0
Anaerofustis	0	0	0	0	0	0	0	0	0	0	0	0	0	0	0	0	0	0	0	0	0	0	0	0	0	0	0	0	0	0	0	0	0	0	0	0	0	0	0	0	0	0	0	0	0	0	0	0	0	0	0	0	0	0	0	0	0	0	0	0	0	0	0	0	0	0	0	0	0	0	0	0	0	0	0	0	0	0	0	0	0
Anaeroglobus	0	0	0	0	0	0	0	0	0	0	0	0	0	0	0	0	0	0	0	0	0	0	0	0	0	0	0	0	0	0	0	0	0	0	0	0	0	0	0	0	0	0	0	0	0	0	0	0	0	0	0	0	0	0	0	0	0	0	0	0	0	0	0	0	0	0	0	0	0	0	0	0	0	0	0	0	0	0	0	0	0
Anaerohalosphaera	0	0	0	0	0	0	0	0	0	0	0	0	0	0	0	0	0	0	0	0	0	0	0	0	0	0	0	0	0	0	0	0	0	0	0	0	0	0	0	0	0	0	0	0	0	0	0	0	0	0	0	0	0	0	0	0	0	0	0	0	0	0	0	0	0	0	0	0	0	0	0	0	0	0	0	0	0	0	0	0	0
Anaerolactibacter	0	0	0	0	0	0	0	0	0	0	0	0	0	0	0	0	0	0	0	0	0	0	0	0	0	0	0	0	0	0	0	0	0	0	0	0	0	0	0	0	0	0	0	0	0	0	0	0	0	0	0	0	0	0	0	0	0	0	0	0	0	0	0	0	0	0	0	0	0	0	0	0	0	0	0	0	0	0	0	0	0
Anaerolinea	0	0	0	0	0	0	0	0	0	0	0	0	0	0	0	0	0	0	0	0	0	0	0	0	0	0	0	0	0	0	0	0	0	0	0	0	0	0	0	0	0	0	0	0	0	0	0	0	0	0	0	0	0	0	0	0	0	0	0	0	0	0	0	0	0	0	0	0	0	0	0	0	0	0	0	0	0	0	0	0	0
Anaeromassilibacillus	0	0	0	0	0	0	0	0	0	0	0	0	0	0	0	0	0	0	0	0	0	0	0	0	0	0	0	0	0	0	0	0	0	0	0	0	0	0	0	0	0	0	0	0	0	0	0	0	0	0	0	0	0	0	0	0	0	0	0	0	0	0	0	0	0	0	0	0	0	0	0	0	0	0	0	0	0	0	0	0	0
Anaeromicrobium	0	0	0	0	0	0	0	0	0	0	0	0	0	0	0	0	0	0	0	0	0	0	0	0	0	0	0	0	0	0	0	0	0	0	0	0	0	0	0	0	0	0	0	0	0	0	0	0	0	0	0	0	0	0	0	0	0	0	0	0	0	0	0	0	0	0	0	0	0	0	0	0	0	0	0	0	0	0	0	0	0
Anaeromicropila	0	0	0	0	0	0	0	0	0	0	0	0	0	0	0	0	0	0	0	0	0	0	0	0	0	0	0	0	0	0	0	0	0	0	0	0	0	0	0	0	0	0	0	0	0	0	0	0	0	0	0	0	0	0	0	0	0	0	0	0	0	0	0	0	0	0	0	0	0	0	0	0	0	0	0	0	0	0	0	0	0
Anaeromonas	0	0	0	0	0	0	0	0	0	0	0	0	0	0	0	0	0	0	0	0	0	0	0	0	0	0	0	0	0	0	0	0	0	0	0	0	0	0	0	0	0	0	0	0	0	0	0	0	0	0	0	0	0	0	0	0	0	0	0	0	0	0	0	0	0	0	0	0	0	0	0	0	0	0	0	0	0	0	0	0	0
Anaeromusa	0	0	0	0	0	0	0	0	0	0	0	0	0	0	0	0	0	0	0	0	0	0	0	0	0	0	0	0	0	0	0	0	0	0	0	0	0	0	0	0	0	0	0	0	0	0	0	0	0	0	0	0	0	0	0	0	0	0	0	0	0	0	0	0	0	0	0	0	0	0	0	0	0	0	0	0	0	0	0	0	0
Anaeromyxobacter	0.2278384546864721	0.000839876653892	0.0011480553759965	0.0011031546351848	0.0019231101488915	0.0012559032436193	0.0012331812148013	0.0072784886601176	0.0057050137079026	0.0019195215340007	0.0025142500195205	0.0012994953728463	0.001987007627763	0.0028040057224606	0.0133699913129306	0.0036289800401155	0.0106835045694371	0.0017076132995926	0.0028063940882907	0.0020759646925572	0.0017396153123799	0.0023852246908657	0.0003212572088747	0.0060354429746067	0.0012953219014471	0.0016841091611408	0.0018853540678051	0.0003733769486178	0.0147338741289075	0.001696923668949	0.004722406547224	0.0033640385037374	0.0008920489058893999	0.0011959332868998	0.0022456864541237	0.002391693519513	0.0035589750774451	0.0010806782626844	0.0022057732662892	0.0097981970477286	9.11507898901968e-05	0.0015369463927268	0.0023782334703013	0.0009552087867802001	0.0016470419299253	0.001163387071173	0.0022132233249732	0.0061399982166629	0.008296691094825601	0.0014793430447918	0.0030036943464346	0.0001972401888686	0.0048669550656371	0.0016265823091889	0.0042266649524299	0.0005449320467058	0.0046785974520097	0.0013911566369154	0.0021965474333297	0.0027884679461548	0.0024737116587381	0.0014499076387193	0.0001037466694961	0.0031098574269814	0.0003231030572681	0.0018675461468347	0.0060862852915068	0.0014931977273112	0.0056239338734627	0.0016884166234716	0.0010824690820335	0.0012721682717682	0.0049095781816543	0.0016987618510461	0.0016560962312892	0.0039052031885897	0.0003360997791721	0.0011195903445865	0.0018467140174138	0.002721984332779	0.0027585779375755
Anaeropeptidivorans	0	0	0	0	0	0	0	0	0	0	0	0	0	0	0	0	0	0	0	0	0	0	0	0	0	0	0	0	0	0	0	0	0	0	0	0	0	0	0	0	0	0	0	0	0	0	0	0	0	0	0	0	0	0	0	0	0	0	0	0	0	0	0	0	0	0	0	0	0	0	0	0	0	0	0	0	0	0	0	0	0
Anaerophaga	0	0	0	0	0	0	0	0	0	0	0	0	0	0	0	0	0	0	0	0	0	0	0	0	0	0	0	0	0	0	0	0	0	0	0	0	0	0	0	0	0	0	0	0	0	0	0	0	0	0	0	0	0	0	0	0	0	0	0	0	0	0	0	0	0	0	0	0	0	0	0	0	0	0	0	0	0	0	0	0	0
Anaeroplasma	0	0	0	0	0	0	0	0	0	0	0	0	0	0	0	0	0	0	0	0	0	0	0	0	0	0	0	0	0	0	0	0	0	0	0	0	0	0	0	0	0	0	0	0	0	0	0	0	0	0	0	0	0	0	0	0	0	0	0	0	0	0	0	0	0	0	0	0	0	0	0	0	0	0	0	0	0	0	0	0	0
Anaerorhabdus	0	0	0	0	0	0	0	0	0	0	0	0	0	0	0	0	0	0	0	0	0	0	0	0	0	0	0	0	0	0	0	0	0	0	0	0	0	0	0	0	0	0	0	0	0	0	0	0	0	0	0	0	0	0	0	0	0	0	0	0	0	0	0	0	0	0	0	0	0	0	0	0	0	0	0	0	0	0	0	0	0
Anaerosalibacter	0	0	0	0	0	0	0	0	0	0	0	0	0	0	0	0	0	0	0	0	0	0	0	0	0	0	0	0	0	0	0	0	0	0	0	0	0	0	0	0	0	0	0	0	0	0	0	0	0	0	0	0	0	0	0	0	0	0	0	0	0	0	0	0	0	0	0	0	0	0	0	0	0	0	0	0	0	0	0	0	0
Anaerosolibacter	0	0	0	0	0	0	0	0	0	0	0	0	0	0	0	0	0	0	0	0	0	0	0	0	0	0	0	0	0	0	0	0	0	0	0	0	0	0	0	0	0	0	0	0	0	0	0	0	0	0	0	0	0	0	0	0	0	0	0	0	0	0	0	0	0	0	0	0	0	0	0	0	0	0	0	0	0	0	0	0	0
Anaerosphaera	0	0	0	0	0	0	0	0	0	0	0	0	0	0	0	0	0	0	0	0	0	0	0	0	0	0	0	0	0	0	0	0	0	0	0	0	0	0	0	0	0	0	0	0	0	0	0	0	0	0	0	0	0	0	0	0	0	0	0	0	0	0	0	0	0	0	0	0	0	0	0	0	0	0	0	0	0	0	0	0	0
Anaerospora	0	0	0	0	0	0	0	0	0	0	0	0	0	0	0	0	0	0	0	0	0	0	0	0	0	0	0	0	0	0	0	0	0	0	0	0	0	0	0	0	0	0	0	0	0	0	0	0	0	0	0	0	0	0	0	0	0	0	0	0	0	0	0	0	0	0	0	0	0	0	0	0	0	0	0	0	0	0	0	0	0
Anaerosporobacter	0	0	0	0	0	0	0	0	0	0	0	0	0	0	0	0	0	0	0	0	0	0	0	0	0	0	0	0	0	0	0	0	0	0	0	0	0	0	0	0	0	0	0	0	0	0	0	0	0	0	0	0	0	0	0	0	0	0	0	0	0	0	0	0	0	0	0	0	0	0	0	0	0	0	0	0	0	0	0	0	0
Anaerostipes	0	0	0	0	0	0	0	0	0	0	0	0	0	0	0	0	0	0	0	0	0	0	0	0	0	0	0	0	0	0	0	0	0	0	0	0	0	0	0	0	0	0	0	0	0	0	0	0	0	0	0	0	0	0	0	0	0	0	0	0	0	0	0	0	0	0	0	0	0	0	0	0	0	0	0	0	0	0	0	0	0
Anaerotignum	0	0	0	0	0	0	0	0	0	0	0	0	0	0	0	0	0	0	0	0	0	0	0	0	0	0	0	0	0	0	0	0	0	0	0	0	0	0	0	0	0	0	0	0	0	0	0	0	0	0	0	0	0	0	0	0	0	0	0	0	0	0	0	0	0	0	0	0	0	0	0	0	0	0	0	0	0	0	0	0	0
Anaerotruncus	0	0	0	0	0	0	0	0	0	0	0	0	0	0	0	0	0	0	0	0	0	0	0	0	0	0	0	0	0	0	0	0	0	0	0	0	0	0	0	0	0	0	0	0	0	0	0	0	0	0	0	0	0	0	0	0	0	0	0	0	0	0	0	0	0	0	0	0	0	0	0	0	0	0	0	0	0	0	0	0	0
Anaerovibrio	0	0	0	0	0	0	0	0	0	0	0	0	0	0	0	0	0	0	0	0	0	0	0	0	0	0	0	0	0	0	0	0	0	0	0	0	0	0	0	0	0	0	0	0	0	0	0	0	0	0	0	0	0	0	0	0	0	0	0	0	0	0	0	0	0	0	0	0	0	0	0	0	0	0	0	0	0	0	0	0	0
Anaerovorax	0	0	0	0	0	0	0	0	0	0	0	0	0	0	0	0	0	0	0	0	0	0	0	0	0	0	0	0	0	0	0	0	0	0	0	0	0	0	0	0	0	0	0	0	0	0	0	0	0	0	0	0	0	0	0	0	0	0	0	0	0	0	0	0	0	0	0	0	0	0	0	0	0	0	0	0	0	0	0	0	0
Anaplasma	0.001372077172756011	5.541708126853393e-06	6.733462615815557e-06	4.838397522740468e-06	1.727742359059417e-05	6.977240242329521e-06	2.618219139705555e-06	5.135269027682121e-05	3.23872478450335e-05	2.020548983158724e-05	0	9.19454273240356e-06	1.297680007682266e-05	2.601118480946807e-06	4.436944019777873e-05	6.919874770037733e-06	4.523075600947132e-05	8.45771817529805e-06	9.621922588425469e-06	6.951968316137016e-06	7.620061919726682e-06	1.038408659497493e-05	3.045092027248701e-06	4.380311127241781e-05	9.85035666499758e-06	8.151544826431873e-06	7.237443638407666e-06	2.428467958490197e-06	2.485204560576296e-05	8.476142202542503e-06	7.741650077416501e-05	7.534240769848722e-05	1.383532276490361e-05	8.098871017380178e-06	9.400547947494808e-06	0	2.09179781752518e-05	4.716544517989785e-06	8.39761395795408e-06	5.145891268367681e-05	1.063603149243837e-06	7.085213867180581e-06	3.57873709621272e-05	9.504565042589956e-06	5.743825387708213e-06	5.504986141197389e-06	6.317478567953958e-06	2.190063058172768e-05	1.776593382189652e-05	4.174218523679089e-06	1.679697496361479e-05	2.310763718962936e-06	5.961352639811515e-05	6.064810996230114e-06	3.615968115196709e-05	3.166793297798664e-06	3.256564351746943e-05	7.32187703639705e-06	8.199897091291504e-06	3.019625483140077e-05	1.522674527050948e-05	9.521781508007818e-06	0	5.632078691674906e-05	9.725510084993752e-06	2.664263364483012e-05	2.849051043420428e-05	7.831456611772506e-06	2.731270313822959e-05	1.270441402160767e-05	6.35145312173921e-06	8.283886420816697e-06	5.855460216652028e-05	2.014342115864958e-05	8.031991421833161e-06	2.08277503391452e-05	3.598498706339715e-06	1.036018209056042e-05	1.220679709338723e-05	1.61210917203313e-05	6.887835050126219e-06
Anatilimnocola	0	0	0	0	0	0	0	0	0	0	0	0	0	0	0	0	0	0	0	0	0	0	0	0	0	0	0	0	0	0	0	0	0	0	0	0	0	0	0	0	0	0	0	0	0	0	0	0	0	0	0	0	0	0	0	0	0	0	0	0	0	0	0	0	0	0	0	0	0	0	0	0	0	0	0	0	0	0	0	0	0
Ancrocorticia	0	0	0	0	0	0	0	0	0	0	0	0	0	0	0	0	0	0	0	0	0	0	0	0	0	0	0	0	0	0	0	0	0	0	0	0	0	0	0	0	0	0	0	0	0	0	0	0	0	0	0	0	0	0	0	0	0	0	0	0	0	0	0	0	0	0	0	0	0	0	0	0	0	0	0	0	0	0	0	0	0
Ancylobacter	0	0	0	0	0	0	0	0	0	0	0	0	0	0	0	0	0	0	0	0	0	0	0	0	0	0	0	0	0	0	0	0	0	0	0	0	0	0	0	0	0	0	0	0	0	0	0	0	0	0	0	0	0	0	0	0	0	0	0	0	0	0	0	0	0	0	0	0	0	0	0	0	0	0	0	0	0	0	0	0	0
Ancylomarina	0	0	0	0	0	0	0	0	0	0	0	0	0	0	0	0	0	0	0	0	0	0	0	0	0	0	0	0	0	0	0	0	0	0	0	0	0	0	0	0	0	0	0	0	0	0	0	0	0	0	0	0	0	0	0	0	0	0	0	0	0	0	0	0	0	0	0	0	0	0	0	0	0	0	0	0	0	0	0	0	0
Anderseniella	0	0	0	0	0	0	0	0	0	0	0	0	0	0	0	0	0	0	0	0	0	0	0	0	0	0	0	0	0	0	0	0	0	0	0	0	0	0	0	0	0	0	0	0	0	0	0	0	0	0	0	0	0	0	0	0	0	0	0	0	0	0	0	0	0	0	0	0	0	0	0	0	0	0	0	0	0	0	0	0	0
Anditalea	0	0	0	0	0	0	0	0	0	0	0	0	0	0	0	0	0	0	0	0	0	0	0	0	0	0	0	0	0	0	0	0	0	0	0	0	0	0	0	0	0	0	0	0	0	0	0	0	0	0	0	0	0	0	0	0	0	0	0	0	0	0	0	0	0	0	0	0	0	0	0	0	0	0	0	0	0	0	0	0	0
Andreesenia	0	0	0	0	0	0	0	0	0	0	0	0	0	0	0	0	0	0	0	0	0	0	0	0	0	0	0	0	0	0	0	0	0	0	0	0	0	0	0	0	0	0	0	0	0	0	0	0	0	0	0	0	0	0	0	0	0	0	0	0	0	0	0	0	0	0	0	0	0	0	0	0	0	0	0	0	0	0	0	0	0
Andreprevotia	0	0	0	0	0	0	0	0	0	0	0	0	0	0	0	0	0	0	0	0	0	0	0	0	0	0	0	0	0	0	0	0	0	0	0	0	0	0	0	0	0	0	0	0	0	0	0	0	0	0	0	0	0	0	0	0	0	0	0	0	0	0	0	0	0	0	0	0	0	0	0	0	0	0	0	0	0	0	0	0	0
Aneurinibacillus	0	0	0	0	0	0	0	0	0	0	0	0	0	0	0	0	0	0	0	0	0	0	0	0	0	0	0	0	0	0	0	0	0	0	0	0	0	0	0	0	0	0	0	0	0	0	0	0	0	0	0	0	0	0	0	0	0	0	0	0	0	0	0	0	0	0	0	0	0	0	0	0	0	0	0	0	0	0	0	0	0
Angustibacter	0	0	0	0	0	0	0	0	0	0	0	0	0	0	0	0	0	0	0	0	0	0	0	0	0	0	0	0	0	0	0	0	0	0	0	0	0	0	0	0	0	0	0	0	0	0	0	0	0	0	0	0	0	0	0	0	0	0	0	0	0	0	0	0	0	0	0	0	0	0	0	0	0	0	0	0	0	0	0	0	0
Anoxybacillus	0.02938540826294466	0.0001847236042284	0.0001649698340874	0.0007402748209792	0.0002405548976844	0.0001624700227856	0.0002277850651543	0.0007400828892835	0.0002024202990314	0.0005455482254528	0.0003747950339657	0.000373911404451	0.0002730318736163	0.0002314995448042	0.0002545404727135	0.0003766388981977	0.0007960613057666	0.0003526868479099	0.0003592184433012	0.0002684529303615	0.0002707363176185	0.0003260603190822	0.0001671755522959	0.0004505462873734	0.0002905855216174	0.0002412857268623	0.0003293036855475	8.560349553677946e-05	0.0003355026156778	0.0002373319816711	0.0005308560053085	0.0004143832423416	0.0001607532740303	0.0002834604856083	0.0002057675495173	0.0003723594701038	0.0002446916981895	0.0002971423046333	0.0003051133071389	0.0005292916733178	1.159327432675782e-05	0.0001978409718297	0.0004261950541853	0.0002052986049199	0.0003403216542217	0.0001926745149419	0.0002548049689074	0.0002956585128533	0.0006129247168554	0.0001986928017271	0.0009742245478896	8.500309394756514e-05	0.0006495205115018	0.0003238609071986	0.0006066790948830001	7.405424327159954e-05	0.0002415285227545	0.0002960130287571	0.0002603467326485	0.001754506530721	0.0003146860689238	0.0002345820716972	8.959939638301384e-05	0.0006880635895612	6.915918282662226e-05	0.0002356848360888	0.0026914629075812	0.0002545223398826	0.0004295543311739	0.0003252329989531	0.0002948888949378	0.0002260317580537	0.0002116974078328	0.0004565842129293	0.0003288096488312	0.0002749263044767	4.893958240622013e-05	0.0003467207606307	0.0003016822710222	0.0002963800708583	0.0003168404123058
Anoxybacter	0	0	0	0	0	0	0	0	0	0	0	0	0	0	0	0	0	0	0	0	0	0	0	0	0	0	0	0	0	0	0	0	0	0	0	0	0	0	0	0	0	0	0	0	0	0	0	0	0	0	0	0	0	0	0	0	0	0	0	0	0	0	0	0	0	0	0	0	0	0	0	0	0	0	0	0	0	0	0	0	0
Anoxybacterium	0	0	0	0	0	0	0	0	0	0	0	0	0	0	0	0	0	0	0	0	0	0	0	0	0	0	0	0	0	0	0	0	0	0	0	0	0	0	0	0	0	0	0	0	0	0	0	0	0	0	0	0	0	0	0	0	0	0	0	0	0	0	0	0	0	0	0	0	0	0	0	0	0	0	0	0	0	0	0	0	0
Anoxybacteroides	0	0	0	0	0	0	0	0	0	0	0	0	0	0	0	0	0	0	0	0	0	0	0	0	0	0	0	0	0	0	0	0	0	0	0	0	0	0	0	0	0	0	0	0	0	0	0	0	0	0	0	0	0	0	0	0	0	0	0	0	0	0	0	0	0	0	0	0	0	0	0	0	0	0	0	0	0	0	0	0	0
Anoxynatronum	0	0	0	0	0	0	0	0	0	0	0	0	0	0	0	0	0	0	0	0	0	0	0	0	0	0	0	0	0	0	0	0	0	0	0	0	0	0	0	0	0	0	0	0	0	0	0	0	0	0	0	0	0	0	0	0	0	0	0	0	0	0	0	0	0	0	0	0	0	0	0	0	0	0	0	0	0	0	0	0	0
Anseongella	0	0	0	0	0	0	0	0	0	0	0	0	0	0	0	0	0	0	0	0	0	0	0	0	0	0	0	0	0	0	0	0	0	0	0	0	0	0	0	0	0	0	0	0	0	0	0	0	0	0	0	0	0	0	0	0	0	0	0	0	0	0	0	0	0	0	0	0	0	0	0	0	0	0	0	0	0	0	0	0	0
Antarcticibacterium	0	0	0	0	0	0	0	0	0	0	0	0	0	0	0	0	0	0	0	0	0	0	0	0	0	0	0	0	0	0	0	0	0	0	0	0	0	0	0	0	0	0	0	0	0	0	0	0	0	0	0	0	0	0	0	0	0	0	0	0	0	0	0	0	0	0	0	0	0	0	0	0	0	0	0	0	0	0	0	0	0
Antarcticimicrobium	0	0	0	0	0	0	0	0	0	0	0	0	0	0	0	0	0	0	0	0	0	0	0	0	0	0	0	0	0	0	0	0	0	0	0	0	0	0	0	0	0	0	0	0	0	0	0	0	0	0	0	0	0	0	0	0	0	0	0	0	0	0	0	0	0	0	0	0	0	0	0	0	0	0	0	0	0	0	0	0	0
Antarcticirhabdus	0	0	0	0	0	0	0	0	0	0	0	0	0	0	0	0	0	0	0	0	0	0	0	0	0	0	0	0	0	0	0	0	0	0	0	0	0	0	0	0	0	0	0	0	0	0	0	0	0	0	0	0	0	0	0	0	0	0	0	0	0	0	0	0	0	0	0	0	0	0	0	0	0	0	0	0	0	0	0	0	0
Antarctobacter	0	0	0	0	0	0	0	0	0	0	0	0	0	0	0	0	0	0	0	0	0	0	0	0	0	0	0	0	0	0	0	0	0	0	0	0	0	0	0	0	0	0	0	0	0	0	0	0	0	0	0	0	0	0	0	0	0	0	0	0	0	0	0	0	0	0	0	0	0	0	0	0	0	0	0	0	0	0	0	0	0
Anthocerotibacter	0	0	0	0	0	0	0	0	0	0	0	0	0	0	0	0	0	0	0	0	0	0	0	0	0	0	0	0	0	0	0	0	0	0	0	0	0	0	0	0	0	0	0	0	0	0	0	0	0	0	0	0	0	0	0	0	0	0	0	0	0	0	0	0	0	0	0	0	0	0	0	0	0	0	0	0	0	0	0	0	0
Anthropogastromicrobium	0	0	0	0	0	0	0	0	0	0	0	0	0	0	0	0	0	0	0	0	0	0	0	0	0	0	0	0	0	0	0	0	0	0	0	0	0	0	0	0	0	0	0	0	0	0	0	0	0	0	0	0	0	0	0	0	0	0	0	0	0	0	0	0	0	0	0	0	0	0	0	0	0	0	0	0	0	0	0	0	0
Antiquaquibacter	0	0	0	0	0	0	0	0	0	0	0	0	0	0	0	0	0	0	0	0	0	0	0	0	0	0	0	0	0	0	0	0	0	0	0	0	0	0	0	0	0	0	0	0	0	0	0	0	0	0	0	0	0	0	0	0	0	0	0	0	0	0	0	0	0	0	0	0	0	0	0	0	0	0	0	0	0	0	0	0	0
Antribacter	0	0	0	0	0	0	0	0	0	0	0	0	0	0	0	0	0	0	0	0	0	0	0	0	0	0	0	0	0	0	0	0	0	0	0	0	0	0	0	0	0	0	0	0	0	0	0	0	0	0	0	0	0	0	0	0	0	0	0	0	0	0	0	0	0	0	0	0	0	0	0	0	0	0	0	0	0	0	0	0	0
Antrihabitans	0	0	0	0	0	0	0	0	0	0	0	0	0	0	0	0	0	0	0	0	0	0	0	0	0	0	0	0	0	0	0	0	0	0	0	0	0	0	0	0	0	0	0	0	0	0	0	0	0	0	0	0	0	0	0	0	0	0	0	0	0	0	0	0	0	0	0	0	0	0	0	0	0	0	0	0	0	0	0	0	0
Aphanizomenon	0	0	0	0	0	0	0	0	0	0	0	0	0	0	0	0	0	0	0	0	0	0	0	0	0	0	0	0	0	0	0	0	0	0	0	0	0	0	0	0	0	0	0	0	0	0	0	0	0	0	0	0	0	0	0	0	0	0	0	0	0	0	0	0	0	0	0	0	0	0	0	0	0	0	0	0	0	0	0	0	0
Aphanocapsa	0	0	0	0	0	0	0	0	0	0	0	0	0	0	0	0	0	0	0	0	0	0	0	0	0	0	0	0	0	0	0	0	0	0	0	0	0	0	0	0	0	0	0	0	0	0	0	0	0	0	0	0	0	0	0	0	0	0	0	0	0	0	0	0	0	0	0	0	0	0	0	0	0	0	0	0	0	0	0	0	0
Aphanothece	0	0	0	0	0	0	0	0	0	0	0	0	0	0	0	0	0	0	0	0	0	0	0	0	0	0	0	0	0	0	0	0	0	0	0	0	0	0	0	0	0	0	0	0	0	0	0	0	0	0	0	0	0	0	0	0	0	0	0	0	0	0	0	0	0	0	0	0	0	0	0	0	0	0	0	0	0	0	0	0	0
Apibacter	0	0	0	0	0	0	0	0	0	0	0	0	0	0	0	0	0	0	0	0	0	0	0	0	0	0	0	0	0	0	0	0	0	0	0	0	0	0	0	0	0	0	0	0	0	0	0	0	0	0	0	0	0	0	0	0	0	0	0	0	0	0	0	0	0	0	0	0	0	0	0	0	0	0	0	0	0	0	0	0	0
Apilactobacillus	0	0	0	0	0	0	0	0	0	0	0	0	0	0	0	0	0	0	0	0	0	0	0	0	0	0	0	0	0	0	0	0	0	0	0	0	0	0	0	0	0	0	0	0	0	0	0	0	0	0	0	0	0	0	0	0	0	0	0	0	0	0	0	0	0	0	0	0	0	0	0	0	0	0	0	0	0	0	0	0	0
Aporhodopirellula	0	0	0	0	0	0	0	0	0	0	0	0	0	0	0	0	0	0	0	0	0	0	0	0	0	0	0	0	0	0	0	0	0	0	0	0	0	0	0	0	0	0	0	0	0	0	0	0	0	0	0	0	0	0	0	0	0	0	0	0	0	0	0	0	0	0	0	0	0	0	0	0	0	0	0	0	0	0	0	0	0
Aquabacter	0	0	0	0	0	0	0	0	0	0	0	0	0	0	0	0	0	0	0	0	0	0	0	0	0	0	0	0	0	0	0	0	0	0	0	0	0	0	0	0	0	0	0	0	0	0	0	0	0	0	0	0	0	0	0	0	0	0	0	0	0	0	0	0	0	0	0	0	0	0	0	0	0	0	0	0	0	0	0	0	0
Aquabacterium	0	0	0	0	0	0	0	0	0	0	0	0	0	0	0	0	0	0	0	0	0	0	0	0	0	0	0	0	0	0	0	0	0	0	0	0	0	0	0	0	0	0	0	0	0	0	0	0	0	0	0	0	0	0	0	0	0	0	0	0	0	0	0	0	0	0	0	0	0	0	0	0	0	0	0	0	0	0	0	0	0
Aquamicrobium	0	0	0	0	0	0	0	0	0	0	0	0	0	0	0	0	0	0	0	0	0	0	0	0	0	0	0	0	0	0	0	0	0	0	0	0	0	0	0	0	0	0	0	0	0	0	0	0	0	0	0	0	0	0	0	0	0	0	0	0	0	0	0	0	0	0	0	0	0	0	0	0	0	0	0	0	0	0	0	0	0
Aquariibacter	0	0	0	0	0	0	0	0	0	0	0	0	0	0	0	0	0	0	0	0	0	0	0	0	0	0	0	0	0	0	0	0	0	0	0	0	0	0	0	0	0	0	0	0	0	0	0	0	0	0	0	0	0	0	0	0	0	0	0	0	0	0	0	0	0	0	0	0	0	0	0	0	0	0	0	0	0	0	0	0	0
Aquaspirillum	0	0	0	0	0	0	0	0	0	0	0	0	0	0	0	0	0	0	0	0	0	0	0	0	0	0	0	0	0	0	0	0	0	0	0	0	0	0	0	0	0	0	0	0	0	0	0	0	0	0	0	0	0	0	0	0	0	0	0	0	0	0	0	0	0	0	0	0	0	0	0	0	0	0	0	0	0	0	0	0	0
Aquella	0	0	0	0	0	0	0	0	0	0	0	0	0	0	0	0	0	0	0	0	0	0	0	0	0	0	0	0	0	0	0	0	0	0	0	0	0	0	0	0	0	0	0	0	0	0	0	0	0	0	0	0	0	0	0	0	0	0	0	0	0	0	0	0	0	0	0	0	0	0	0	0	0	0	0	0	0	0	0	0	0
Aquibacillus	0	0	0	0	0	0	0	0	0	0	0	0	0	0	0	0	0	0	0	0	0	0	0	0	0	0	0	0	0	0	0	0	0	0	0	0	0	0	0	0	0	0	0	0	0	0	0	0	0	0	0	0	0	0	0	0	0	0	0	0	0	0	0	0	0	0	0	0	0	0	0	0	0	0	0	0	0	0	0	0	0
Aquibaculum	0	0	0	0	0	0	0	0	0	0	0	0	0	0	0	0	0	0	0	0	0	0	0	0	0	0	0	0	0	0	0	0	0	0	0	0	0	0	0	0	0	0	0	0	0	0	0	0	0	0	0	0	0	0	0	0	0	0	0	0	0	0	0	0	0	0	0	0	0	0	0	0	0	0	0	0	0	0	0	0	0
Aquibium	0	0	0	0	0	0	0	0	0	0	0	0	0	0	0	0	0	0	0	0	0	0	0	0	0	0	0	0	0	0	0	0	0	0	0	0	0	0	0	0	0	0	0	0	0	0	0	0	0	0	0	0	0	0	0	0	0	0	0	0	0	0	0	0	0	0	0	0	0	0	0	0	0	0	0	0	0	0	0	0	0
Aquicella	0	0	0	0	0	0	0	0	0	0	0	0	0	0	0	0	0	0	0	0	0	0	0	0	0	0	0	0	0	0	0	0	0	0	0	0	0	0	0	0	0	0	0	0	0	0	0	0	0	0	0	0	0	0	0	0	0	0	0	0	0	0	0	0	0	0	0	0	0	0	0	0	0	0	0	0	0	0	0	0	0
Aquicoccus	0	0	0	0	0	0	0	0	0	0	0	0	0	0	0	0	0	0	0	0	0	0	0	0	0	0	0	0	0	0	0	0	0	0	0	0	0	0	0	0	0	0	0	0	0	0	0	0	0	0	0	0	0	0	0	0	0	0	0	0	0	0	0	0	0	0	0	0	0	0	0	0	0	0	0	0	0	0	0	0	0
Aquidulcibacter	0	0	0	0	0	0	0	0	0	0	0	0	0	0	0	0	0	0	0	0	0	0	0	0	0	0	0	0	0	0	0	0	0	0	0	0	0	0	0	0	0	0	0	0	0	0	0	0	0	0	0	0	0	0	0	0	0	0	0	0	0	0	0	0	0	0	0	0	0	0	0	0	0	0	0	0	0	0	0	0	0
Aquifex	0	0	0	0	0	0	0	0	0	0	0	0	0	0	0	0	0	0	0	0	0	0	0	0	0	0	0	0	0	0	0	0	0	0	0	0	0	0	0	0	0	0	0	0	0	0	0	0	0	0	0	0	0	0	0	0	0	0	0	0	0	0	0	0	0	0	0	0	0	0	0	0	0	0	0	0	0	0	0	0	0
Aquiflexum	0	0	0	0	0	0	0	0	0	0	0	0	0	0	0	0	0	0	0	0	0	0	0	0	0	0	0	0	0	0	0	0	0	0	0	0	0	0	0	0	0	0	0	0	0	0	0	0	0	0	0	0	0	0	0	0	0	0	0	0	0	0	0	0	0	0	0	0	0	0	0	0	0	0	0	0	0	0	0	0	0
Aquihabitans	0	0	0	0	0	0	0	0	0	0	0	0	0	0	0	0	0	0	0	0	0	0	0	0	0	0	0	0	0	0	0	0	0	0	0	0	0	0	0	0	0	0	0	0	0	0	0	0	0	0	0	0	0	0	0	0	0	0	0	0	0	0	0	0	0	0	0	0	0	0	0	0	0	0	0	0	0	0	0	0	0
Aquiluna	0	0	0	0	0	0	0	0	0	0	0	0	0	0	0	0	0	0	0	0	0	0	0	0	0	0	0	0	0	0	0	0	0	0	0	0	0	0	0	0	0	0	0	0	0	0	0	0	0	0	0	0	0	0	0	0	0	0	0	0	0	0	0	0	0	0	0	0	0	0	0	0	0	0	0	0	0	0	0	0	0
Aquimarina	0	0	0	0	0	0	0	0	0	0	0	0	0	0	0	0	0	0	0	0	0	0	0	0	0	0	0	0	0	0	0	0	0	0	0	0	0	0	0	0	0	0	0	0	0	0	0	0	0	0	0	0	0	0	0	0	0	0	0	0	0	0	0	0	0	0	0	0	0	0	0	0	0	0	0	0	0	0	0	0	0
Aquimonas	0	0	0	0	0	0	0	0	0	0	0	0	0	0	0	0	0	0	0	0	0	0	0	0	0	0	0	0	0	0	0	0	0	0	0	0	0	0	0	0	0	0	0	0	0	0	0	0	0	0	0	0	0	0	0	0	0	0	0	0	0	0	0	0	0	0	0	0	0	0	0	0	0	0	0	0	0	0	0	0	0
Aquincola	0	0	0	0	0	0	0	0	0	0	0	0	0	0	0	0	0	0	0	0	0	0	0	0	0	0	0	0	0	0	0	0	0	0	0	0	0	0	0	0	0	0	0	0	0	0	0	0	0	0	0	0	0	0	0	0	0	0	0	0	0	0	0	0	0	0	0	0	0	0	0	0	0	0	0	0	0	0	0	0	0
Aquipluma	0	0	0	0	0	0	0	0	0	0	0	0	0	0	0	0	0	0	0	0	0	0	0	0	0	0	0	0	0	0	0	0	0	0	0	0	0	0	0	0	0	0	0	0	0	0	0	0	0	0	0	0	0	0	0	0	0	0	0	0	0	0	0	0	0	0	0	0	0	0	0	0	0	0	0	0	0	0	0	0	0
Aquipseudomonas	0	0	0	0	0	0	0	0	0	0	0	0	0	0	0	0	0	0	0	0	0	0	0	0	0	0	0	0	0	0	0	0	0	0	0	0	0	0	0	0	0	0	0	0	0	0	0	0	0	0	0	0	0	0	0	0	0	0	0	0	0	0	0	0	0	0	0	0	0	0	0	0	0	0	0	0	0	0	0	0	0
Aquipuribacter	0	0	0	0	0	0	0	0	0	0	0	0	0	0	0	0	0	0	0	0	0	0	0	0	0	0	0	0	0	0	0	0	0	0	0	0	0	0	0	0	0	0	0	0	0	0	0	0	0	0	0	0	0	0	0	0	0	0	0	0	0	0	0	0	0	0	0	0	0	0	0	0	0	0	0	0	0	0	0	0	0
Aquirhabdus	0	0	0	0	0	0	0	0	0	0	0	0	0	0	0	0	0	0	0	0	0	0	0	0	0	0	0	0	0	0	0	0	0	0	0	0	0	0	0	0	0	0	0	0	0	0	0	0	0	0	0	0	0	0	0	0	0	0	0	0	0	0	0	0	0	0	0	0	0	0	0	0	0	0	0	0	0	0	0	0	0
Aquirufa	0	0	0	0	0	0	0	0	0	0	0	0	0	0	0	0	0	0	0	0	0	0	0	0	0	0	0	0	0	0	0	0	0	0	0	0	0	0	0	0	0	0	0	0	0	0	0	0	0	0	0	0	0	0	0	0	0	0	0	0	0	0	0	0	0	0	0	0	0	0	0	0	0	0	0	0	0	0	0	0	0
Aquisalimonas	0	0	0	0	0	0	0	0	0	0	0	0	0	0	0	0	0	0	0	0	0	0	0	0	0	0	0	0	0	0	0	0	0	0	0	0	0	0	0	0	0	0	0	0	0	0	0	0	0	0	0	0	0	0	0	0	0	0	0	0	0	0	0	0	0	0	0	0	0	0	0	0	0	0	0	0	0	0	0	0	0
Aquisalinus	0	0	0	0	0	0	0	0	0	0	0	0	0	0	0	0	0	0	0	0	0	0	0	0	0	0	0	0	0	0	0	0	0	0	0	0	0	0	0	0	0	0	0	0	0	0	0	0	0	0	0	0	0	0	0	0	0	0	0	0	0	0	0	0	0	0	0	0	0	0	0	0	0	0	0	0	0	0	0	0	0
Aquisediminimonas	0	0	0	0	0	0	0	0	0	0	0	0	0	0	0	0	0	0	0	0	0	0	0	0	0	0	0	0	0	0	0	0	0	0	0	0	0	0	0	0	0	0	0	0	0	0	0	0	0	0	0	0	0	0	0	0	0	0	0	0	0	0	0	0	0	0	0	0	0	0	0	0	0	0	0	0	0	0	0	0	0
Aquisphaera	0	0	0	0	0	0	0	0	0	0	0	0	0	0	0	0	0	0	0	0	0	0	0	0	0	0	0	0	0	0	0	0	0	0	0	0	0	0	0	0	0	0	0	0	0	0	0	0	0	0	0	0	0	0	0	0	0	0	0	0	0	0	0	0	0	0	0	0	0	0	0	0	0	0	0	0	0	0	0	0	0
Aquitalea	0	0	0	0	0	0	0	0	0	0	0	0	0	0	0	0	0	0	0	0	0	0	0	0	0	0	0	0	0	0	0	0	0	0	0	0	0	0	0	0	0	0	0	0	0	0	0	0	0	0	0	0	0	0	0	0	0	0	0	0	0	0	0	0	0	0	0	0	0	0	0	0	0	0	0	0	0	0	0	0	0
Arabiibacter	0	0	0	0	0	0	0	0	0	0	0	0	0	0	0	0	0	0	0	0	0	0	0	0	0	0	0	0	0	0	0	0	0	0	0	0	0	0	0	0	0	0	0	0	0	0	0	0	0	0	0	0	0	0	0	0	0	0	0	0	0	0	0	0	0	0	0	0	0	0	0	0	0	0	0	0	0	0	0	0	0
Arachidicoccus	0	0	0	0	0	0	0	0	0	0	0	0	0	0	0	0	0	0	0	0	0	0	0	0	0	0	0	0	0	0	0	0	0	0	0	0	0	0	0	0	0	0	0	0	0	0	0	0	0	0	0	0	0	0	0	0	0	0	0	0	0	0	0	0	0	0	0	0	0	0	0	0	0	0	0	0	0	0	0	0	0
Arachnia	0	0	0	0	0	0	0	0	0	0	0	0	0	0	0	0	0	0	0	0	0	0	0	0	0	0	0	0	0	0	0	0	0	0	0	0	0	0	0	0	0	0	0	0	0	0	0	0	0	0	0	0	0	0	0	0	0	0	0	0	0	0	0	0	0	0	0	0	0	0	0	0	0	0	0	0	0	0	0	0	0
Arcanobacterium	0	0	0	0	0	0	0	0	0	0	0	0	0	0	0	0	0	0	0	0	0	0	0	0	0	0	0	0	0	0	0	0	0	0	0	0	0	0	0	0	0	0	0	0	0	0	0	0	0	0	0	0	0	0	0	0	0	0	0	0	0	0	0	0	0	0	0	0	0	0	0	0	0	0	0	0	0	0	0	0	0
Archangium	0	0	0	0	0	0	0	0	0	0	0	0	0	0	0	0	0	0	0	0	0	0	0	0	0	0	0	0	0	0	0	0	0	0	0	0	0	0	0	0	0	0	0	0	0	0	0	0	0	0	0	0	0	0	0	0	0	0	0	0	0	0	0	0	0	0	0	0	0	0	0	0	0	0	0	0	0	0	0	0	0
Arcicella	0	0	0	0	0	0	0	0	0	0	0	0	0	0	0	0	0	0	0	0	0	0	0	0	0	0	0	0	0	0	0	0	0	0	0	0	0	0	0	0	0	0	0	0	0	0	0	0	0	0	0	0	0	0	0	0	0	0	0	0	0	0	0	0	0	0	0	0	0	0	0	0	0	0	0	0	0	0	0	0	0
Arcobacter	0.8883383810560326	0.0061506802754598	0.0034273324714501	0.0009580027095026	0.0041771494111721	0.0268902838939379	0.0015800952508123	0.0553944490762557	0.0011481279361064	0.0045563379570229	0.0038416490981494	0.0028748270276648	0.0035535669330371	0.0125582000260111	0.01146911108551	0.0021184702331701	0.0082161668291204	0.0173501630648064	0.0031335394562972	0.0275634848398961	0.0319356795055745	0.0189063064634708	0.0008307011050334	0.0119926661076555	0.0137067712993441	0.0021351613082033	0.0097814050773079	0.0003205577705207	0.0013374919089646	0.0169777128316926	0.0258018137580181	0.0110470805287906	0.002435016806623	0.0127975660192969	0.0020984112029463	0.0052703186537773	0.0268693861984152	0.0311840236487542	0.005290496793511	0.0007193745956799	5.658368753977211e-05	0.005921603743609	0.0205517111243415	0.0142368879772954	0.0310453762205628	0.0265698156104892	0.0026175419533222	0.0019663637600879	0.0346258050188763	0.0208034702783118	0.0123754183187808	0.0004238600878783	0.0089793986329817	0.0123782792433056	0.0157977629210594	0.0006847581507778	0.0007367976845827	0.0048512665278299	0.0170291362843396	0.0077833449953351	0.0079210797792629	0.0146453655758167	0.0004998703166631	0.0127590332095859	0.0082054488791169	0.0109701044032588	0.006669450426957	0.0010533309142834	0.0109399790933672	0.0154371334776554	0.0052363194236509	0.0038449067116047	0.0037474945386572	0.0466051620873955	0.0265120976850796	0.0038281405123348	0.0002725263020267	0.0050329764595942	0.0023716062924295	0.007839810911994901	0.0261117826750285
Arcticibacter	0	0	0	0	0	0	0	0	0	0	0	0	0	0	0	0	0	0	0	0	0	0	0	0	0	0	0	0	0	0	0	0	0	0	0	0	0	0	0	0	0	0	0	0	0	0	0	0	0	0	0	0	0	0	0	0	0	0	0	0	0	0	0	0	0	0	0	0	0	0	0	0	0	0	0	0	0	0	0	0	0
Arcticibacterium	0	0	0	0	0	0	0	0	0	0	0	0	0	0	0	0	0	0	0	0	0	0	0	0	0	0	0	0	0	0	0	0	0	0	0	0	0	0	0	0	0	0	0	0	0	0	0	0	0	0	0	0	0	0	0	0	0	0	0	0	0	0	0	0	0	0	0	0	0	0	0	0	0	0	0	0	0	0	0	0	0
Ardenticatena	0	0	0	0	0	0	0	0	0	0	0	0	0	0	0	0	0	0	0	0	0	0	0	0	0	0	0	0	0	0	0	0	0	0	0	0	0	0	0	0	0	0	0	0	0	0	0	0	0	0	0	0	0	0	0	0	0	0	0	0	0	0	0	0	0	0	0	0	0	0	0	0	0	0	0	0	0	0	0	0	0
Arenibacter	0	0	0	0	0	0	0	0	0	0	0	0	0	0	0	0	0	0	0	0	0	0	0	0	0	0	0	0	0	0	0	0	0	0	0	0	0	0	0	0	0	0	0	0	0	0	0	0	0	0	0	0	0	0	0	0	0	0	0	0	0	0	0	0	0	0	0	0	0	0	0	0	0	0	0	0	0	0	0	0	0
Arenibacterium	0	0	0	0	0	0	0	0	0	0	0	0	0	0	0	0	0	0	0	0	0	0	0	0	0	0	0	0	0	0	0	0	0	0	0	0	0	0	0	0	0	0	0	0	0	0	0	0	0	0	0	0	0	0	0	0	0	0	0	0	0	0	0	0	0	0	0	0	0	0	0	0	0	0	0	0	0	0	0	0	0
Arenibaculum	0	0	0	0	0	0	0	0	0	0	0	0	0	0	0	0	0	0	0	0	0	0	0	0	0	0	0	0	0	0	0	0	0	0	0	0	0	0	0	0	0	0	0	0	0	0	0	0	0	0	0	0	0	0	0	0	0	0	0	0	0	0	0	0	0	0	0	0	0	0	0	0	0	0	0	0	0	0	0	0	0
Arenicella	0	0	0	0	0	0	0	0	0	0	0	0	0	0	0	0	0	0	0	0	0	0	0	0	0	0	0	0	0	0	0	0	0	0	0	0	0	0	0	0	0	0	0	0	0	0	0	0	0	0	0	0	0	0	0	0	0	0	0	0	0	0	0	0	0	0	0	0	0	0	0	0	0	0	0	0	0	0	0	0	0
Arenimonas	0	0	0	0	0	0	0	0	0	0	0	0	0	0	0	0	0	0	0	0	0	0	0	0	0	0	0	0	0	0	0	0	0	0	0	0	0	0	0	0	0	0	0	0	0	0	0	0	0	0	0	0	0	0	0	0	0	0	0	0	0	0	0	0	0	0	0	0	0	0	0	0	0	0	0	0	0	0	0	0	0
Arenitalea	0	0	0	0	0	0	0	0	0	0	0	0	0	0	0	0	0	0	0	0	0	0	0	0	0	0	0	0	0	0	0	0	0	0	0	0	0	0	0	0	0	0	0	0	0	0	0	0	0	0	0	0	0	0	0	0	0	0	0	0	0	0	0	0	0	0	0	0	0	0	0	0	0	0	0	0	0	0	0	0	0
Argonema	0	0	0	0	0	0	0	0	0	0	0	0	0	0	0	0	0	0	0	0	0	0	0	0	0	0	0	0	0	0	0	0	0	0	0	0	0	0	0	0	0	0	0	0	0	0	0	0	0	0	0	0	0	0	0	0	0	0	0	0	0	0	0	0	0	0	0	0	0	0	0	0	0	0	0	0	0	0	0	0	0
Arhodomonas	0	0	0	0	0	0	0	0	0	0	0	0	0	0	0	0	0	0	0	0	0	0	0	0	0	0	0	0	0	0	0	0	0	0	0	0	0	0	0	0	0	0	0	0	0	0	0	0	0	0	0	0	0	0	0	0	0	0	0	0	0	0	0	0	0	0	0	0	0	0	0	0	0	0	0	0	0	0	0	0	0
Aristaeella	0	0	0	0	0	0	0	0	0	0	0	0	0	0	0	0	0	0	0	0	0	0	0	0	0	0	0	0	0	0	0	0	0	0	0	0	0	0	0	0	0	0	0	0	0	0	0	0	0	0	0	0	0	0	0	0	0	0	0	0	0	0	0	0	0	0	0	0	0	0	0	0	0	0	0	0	0	0	0	0	0
Aristophania	0	0	0	0	0	0	0	0	0	0	0	0	0	0	0	0	0	0	0	0	0	0	0	0	0	0	0	0	0	0	0	0	0	0	0	0	0	0	0	0	0	0	0	0	0	0	0	0	0	0	0	0	0	0	0	0	0	0	0	0	0	0	0	0	0	0	0	0	0	0	0	0	0	0	0	0	0	0	0	0	0
Armatimonas	0	0	0	0	0	0	0	0	0	0	0	0	0	0	0	0	0	0	0	0	0	0	0	0	0	0	0	0	0	0	0	0	0	0	0	0	0	0	0	0	0	0	0	0	0	0	0	0	0	0	0	0	0	0	0	0	0	0	0	0	0	0	0	0	0	0	0	0	0	0	0	0	0	0	0	0	0	0	0	0	0
Aromatoleum	0	0	0	0	0	0	0	0	0	0	0	0	0	0	0	0	0	0	0	0	0	0	0	0	0	0	0	0	0	0	0	0	0	0	0	0	0	0	0	0	0	0	0	0	0	0	0	0	0	0	0	0	0	0	0	0	0	0	0	0	0	0	0	0	0	0	0	0	0	0	0	0	0	0	0	0	0	0	0	0	0
Arsenicicoccus	0	0	0	0	0	0	0	0	0	0	0	0	0	0	0	0	0	0	0	0	0	0	0	0	0	0	0	0	0	0	0	0	0	0	0	0	0	0	0	0	0	0	0	0	0	0	0	0	0	0	0	0	0	0	0	0	0	0	0	0	0	0	0	0	0	0	0	0	0	0	0	0	0	0	0	0	0	0	0	0	0
Arsenophonus	0	0	0	0	0	0	0	0	0	0	0	0	0	0	0	0	0	0	0	0	0	0	0	0	0	0	0	0	0	0	0	0	0	0	0	0	0	0	0	0	0	0	0	0	0	0	0	0	0	0	0	0	0	0	0	0	0	0	0	0	0	0	0	0	0	0	0	0	0	0	0	0	0	0	0	0	0	0	0	0	0
Arsukibacterium	0	0	0	0	0	0	0	0	0	0	0	0	0	0	0	0	0	0	0	0	0	0	0	0	0	0	0	0	0	0	0	0	0	0	0	0	0	0	0	0	0	0	0	0	0	0	0	0	0	0	0	0	0	0	0	0	0	0	0	0	0	0	0	0	0	0	0	0	0	0	0	0	0	0	0	0	0	0	0	0	0
Arthrobacter	0.07490015210196906	0.0012628937075751	0.0003753905408317	0.0005709309076833	0.0009289937761404	0.0009000639912605	0.0006100450595513	0.0015224562293834	0.0010121014951572	0.0007779113585161	0.0006871242289372	0.0006420855674795001	0.0010640976062994	0.0008323579139029	0.0012532420827793	0.0010992715348974	0.0022343993468678	0.0009599510128963	0.0008050341898982	0.0007390477086847	0.0007759015990027	0.0008784937259347999	0.0002606598775324	0.0015268513072099	0.0007437019282073	0.0007733098858675	0.0008045624844695999	0.0001523863643952	0.0022502397657581	0.0006780913762034001	0.001172307011723	0.0008607870079552	0.0007174603090941999	0.0006020160789585	0.0005964125420021	0.0014321518080916	0.0007019684303927	0.0008047604083820001	0.0009153399214169	0.0014019928251573	6.711335871728609e-05	0.0011935860283942	0.0008719104925318	0.0004419622744804	0.0006820792647903	0.0004064514767584	0.0007159809043681	0.0013891257111838	0.0016078170108816	0.0011504146251259	0.0021865709173223	0.0004874060901498	0.0014147090592985	0.0008454346528744	0.0016974961429673	0.0002087647581702	0.0008195686951896	0.0006275894602626	0.0007533655452624	0.0011682826869252	0.0008755378530542	0.0015572440848096	0.0019711867204263	0.0009262394474862	0.0002290897931131	0.0006758006495679	0.0010799684111465	0.0010481099432088	0.0016884216485451	0.0007203402750251	0.0006768834326882	0.000489932711174	0.0011485710424971	0.000611017108479	0.0008057091395025999	0.0022480085199384	0.000113952459034	0.0006022719188645	0.0007934418110701	0.0009251026479512999	0.0006509004122369
Arthrospira	0	0	0	0	0	0	0	0	0	0	0	0	0	0	0	0	0	0	0	0	0	0	0	0	0	0	0	0	0	0	0	0	0	0	0	0	0	0	0	0	0	0	0	0	0	0	0	0	0	0	0	0	0	0	0	0	0	0	0	0	0	0	0	0	0	0	0	0	0	0	0	0	0	0	0	0	0	0	0	0	0
Asaia	0	0	0	0	0	0	0	0	0	0	0	0	0	0	0	0	0	0	0	0	0	0	0	0	0	0	0	0	0	0	0	0	0	0	0	0	0	0	0	0	0	0	0	0	0	0	0	0	0	0	0	0	0	0	0	0	0	0	0	0	0	0	0	0	0	0	0	0	0	0	0	0	0	0	0	0	0	0	0	0	0
Asanoa	0	0	0	0	0	0	0	0	0	0	0	0	0	0	0	0	0	0	0	0	0	0	0	0	0	0	0	0	0	0	0	0	0	0	0	0	0	0	0	0	0	0	0	0	0	0	0	0	0	0	0	0	0	0	0	0	0	0	0	0	0	0	0	0	0	0	0	0	0	0	0	0	0	0	0	0	0	0	0	0	0
Ascidiaceihabitans	0	0	0	0	0	0	0	0	0	0	0	0	0	0	0	0	0	0	0	0	0	0	0	0	0	0	0	0	0	0	0	0	0	0	0	0	0	0	0	0	0	0	0	0	0	0	0	0	0	0	0	0	0	0	0	0	0	0	0	0	0	0	0	0	0	0	0	0	0	0	0	0	0	0	0	0	0	0	0	0	0
Ascidiimonas	0	0	0	0	0	0	0	0	0	0	0	0	0	0	0	0	0	0	0	0	0	0	0	0	0	0	0	0	0	0	0	0	0	0	0	0	0	0	0	0	0	0	0	0	0	0	0	0	0	0	0	0	0	0	0	0	0	0	0	0	0	0	0	0	0	0	0	0	0	0	0	0	0	0	0	0	0	0	0	0	0
Asticcacaulis	0	0	0	0	0	0	0	0	0	0	0	0	0	0	0	0	0	0	0	0	0	0	0	0	0	0	0	0	0	0	0	0	0	0	0	0	0	0	0	0	0	0	0	0	0	0	0	0	0	0	0	0	0	0	0	0	0	0	0	0	0	0	0	0	0	0	0	0	0	0	0	0	0	0	0	0	0	0	0	0	0
Athalassotoga	0	0	0	0	0	0	0	0	0	0	0	0	0	0	0	0	0	0	0	0	0	0	0	0	0	0	0	0	0	0	0	0	0	0	0	0	0	0	0	0	0	0	0	0	0	0	0	0	0	0	0	0	0	0	0	0	0	0	0	0	0	0	0	0	0	0	0	0	0	0	0	0	0	0	0	0	0	0	0	0	0
Atlantibacter	0	0	0	0	0	0	0	0	0	0	0	0	0	0	0	0	0	0	0	0	0	0	0	0	0	0	0	0	0	0	0	0	0	0	0	0	0	0	0	0	0	0	0	0	0	0	0	0	0	0	0	0	0	0	0	0	0	0	0	0	0	0	0	0	0	0	0	0	0	0	0	0	0	0	0	0	0	0	0	0	0
Atopobacter	0	0	0	0	0	0	0	0	0	0	0	0	0	0	0	0	0	0	0	0	0	0	0	0	0	0	0	0	0	0	0	0	0	0	0	0	0	0	0	0	0	0	0	0	0	0	0	0	0	0	0	0	0	0	0	0	0	0	0	0	0	0	0	0	0	0	0	0	0	0	0	0	0	0	0	0	0	0	0	0	0
Atopobium	0	0	0	0	0	0	0	0	0	0	0	0	0	0	0	0	0	0	0	0	0	0	0	0	0	0	0	0	0	0	0	0	0	0	0	0	0	0	0	0	0	0	0	0	0	0	0	0	0	0	0	0	0	0	0	0	0	0	0	0	0	0	0	0	0	0	0	0	0	0	0	0	0	0	0	0	0	0	0	0	0
Atopococcus	0	0	0	0	0	0	0	0	0	0	0	0	0	0	0	0	0	0	0	0	0	0	0	0	0	0	0	0	0	0	0	0	0	0	0	0	0	0	0	0	0	0	0	0	0	0	0	0	0	0	0	0	0	0	0	0	0	0	0	0	0	0	0	0	0	0	0	0	0	0	0	0	0	0	0	0	0	0	0	0	0
Atopomonas	0	0	0	0	0	0	0	0	0	0	0	0	0	0	0	0	0	0	0	0	0	0	0	0	0	0	0	0	0	0	0	0	0	0	0	0	0	0	0	0	0	0	0	0	0	0	0	0	0	0	0	0	0	0	0	0	0	0	0	0	0	0	0	0	0	0	0	0	0	0	0	0	0	0	0	0	0	0	0	0	0
Atribacter	0	0	0	0	0	0	0	0	0	0	0	0	0	0	0	0	0	0	0	0	0	0	0	0	0	0	0	0	0	0	0	0	0	0	0	0	0	0	0	0	0	0	0	0	0	0	0	0	0	0	0	0	0	0	0	0	0	0	0	0	0	0	0	0	0	0	0	0	0	0	0	0	0	0	0	0	0	0	0	0	0
Atrimonas	0	0	0	0	0	0	0	0	0	0	0	0	0	0	0	0	0	0	0	0	0	0	0	0	0	0	0	0	0	0	0	0	0	0	0	0	0	0	0	0	0	0	0	0	0	0	0	0	0	0	0	0	0	0	0	0	0	0	0	0	0	0	0	0	0	0	0	0	0	0	0	0	0	0	0	0	0	0	0	0	0
Aurantiacibacter	0	0	0	0	0	0	0	0	0	0	0	0	0	0	0	0	0	0	0	0	0	0	0	0	0	0	0	0	0	0	0	0	0	0	0	0	0	0	0	0	0	0	0	0	0	0	0	0	0	0	0	0	0	0	0	0	0	0	0	0	0	0	0	0	0	0	0	0	0	0	0	0	0	0	0	0	0	0	0	0	0
Aurantibacillus	0	0	0	0	0	0	0	0	0	0	0	0	0	0	0	0	0	0	0	0	0	0	0	0	0	0	0	0	0	0	0	0	0	0	0	0	0	0	0	0	0	0	0	0	0	0	0	0	0	0	0	0	0	0	0	0	0	0	0	0	0	0	0	0	0	0	0	0	0	0	0	0	0	0	0	0	0	0	0	0	0
Aurantibacter	0	0	0	0	0	0	0	0	0	0	0	0	0	0	0	0	0	0	0	0	0	0	0	0	0	0	0	0	0	0	0	0	0	0	0	0	0	0	0	0	0	0	0	0	0	0	0	0	0	0	0	0	0	0	0	0	0	0	0	0	0	0	0	0	0	0	0	0	0	0	0	0	0	0	0	0	0	0	0	0	0
Aurantimicrobium	0	0	0	0	0	0	0	0	0	0	0	0	0	0	0	0	0	0	0	0	0	0	0	0	0	0	0	0	0	0	0	0	0	0	0	0	0	0	0	0	0	0	0	0	0	0	0	0	0	0	0	0	0	0	0	0	0	0	0	0	0	0	0	0	0	0	0	0	0	0	0	0	0	0	0	0	0	0	0	0	0
Aurantimonas	0	0	0	0	0	0	0	0	0	0	0	0	0	0	0	0	0	0	0	0	0	0	0	0	0	0	0	0	0	0	0	0	0	0	0	0	0	0	0	0	0	0	0	0	0	0	0	0	0	0	0	0	0	0	0	0	0	0	0	0	0	0	0	0	0	0	0	0	0	0	0	0	0	0	0	0	0	0	0	0	0
Auraticoccus	0	0	0	0	0	0	0	0	0	0	0	0	0	0	0	0	0	0	0	0	0	0	0	0	0	0	0	0	0	0	0	0	0	0	0	0	0	0	0	0	0	0	0	0	0	0	0	0	0	0	0	0	0	0	0	0	0	0	0	0	0	0	0	0	0	0	0	0	0	0	0	0	0	0	0	0	0	0	0	0	0
Aureibacter	0	0	0	0	0	0	0	0	0	0	0	0	0	0	0	0	0	0	0	0	0	0	0	0	0	0	0	0	0	0	0	0	0	0	0	0	0	0	0	0	0	0	0	0	0	0	0	0	0	0	0	0	0	0	0	0	0	0	0	0	0	0	0	0	0	0	0	0	0	0	0	0	0	0	0	0	0	0	0	0	0
Aureibaculum	0	0	0	0	0	0	0	0	0	0	0	0	0	0	0	0	0	0	0	0	0	0	0	0	0	0	0	0	0	0	0	0	0	0	0	0	0	0	0	0	0	0	0	0	0	0	0	0	0	0	0	0	0	0	0	0	0	0	0	0	0	0	0	0	0	0	0	0	0	0	0	0	0	0	0	0	0	0	0	0	0
Aureimonas	0	0	0	0	0	0	0	0	0	0	0	0	0	0	0	0	0	0	0	0	0	0	0	0	0	0	0	0	0	0	0	0	0	0	0	0	0	0	0	0	0	0	0	0	0	0	0	0	0	0	0	0	0	0	0	0	0	0	0	0	0	0	0	0	0	0	0	0	0	0	0	0	0	0	0	0	0	0	0	0	0
Aureispira	0	0	0	0	0	0	0	0	0	0	0	0	0	0	0	0	0	0	0	0	0	0	0	0	0	0	0	0	0	0	0	0	0	0	0	0	0	0	0	0	0	0	0	0	0	0	0	0	0	0	0	0	0	0	0	0	0	0	0	0	0	0	0	0	0	0	0	0	0	0	0	0	0	0	0	0	0	0	0	0	0
Aureitalea	0	0	0	0	0	0	0	0	0	0	0	0	0	0	0	0	0	0	0	0	0	0	0	0	0	0	0	0	0	0	0	0	0	0	0	0	0	0	0	0	0	0	0	0	0	0	0	0	0	0	0	0	0	0	0	0	0	0	0	0	0	0	0	0	0	0	0	0	0	0	0	0	0	0	0	0	0	0	0	0	0
Aureivirga	0	0	0	0	0	0	0	0	0	0	0	0	0	0	0	0	0	0	0	0	0	0	0	0	0	0	0	0	0	0	0	0	0	0	0	0	0	0	0	0	0	0	0	0	0	0	0	0	0	0	0	0	0	0	0	0	0	0	0	0	0	0	0	0	0	0	0	0	0	0	0	0	0	0	0	0	0	0	0	0	0
Aureliella	0	0	0	0	0	0	0	0	0	0	0	0	0	0	0	0	0	0	0	0	0	0	0	0	0	0	0	0	0	0	0	0	0	0	0	0	0	0	0	0	0	0	0	0	0	0	0	0	0	0	0	0	0	0	0	0	0	0	0	0	0	0	0	0	0	0	0	0	0	0	0	0	0	0	0	0	0	0	0	0	0
Auritidibacter	0	0	0	0	0	0	0	0	0	0	0	0	0	0	0	0	0	0	0	0	0	0	0	0	0	0	0	0	0	0	0	0	0	0	0	0	0	0	0	0	0	0	0	0	0	0	0	0	0	0	0	0	0	0	0	0	0	0	0	0	0	0	0	0	0	0	0	0	0	0	0	0	0	0	0	0	0	0	0	0	0
Austwickia	0	0	0	0	0	0	0	0	0	0	0	0	0	0	0	0	0	0	0	0	0	0	0	0	0	0	0	0	0	0	0	0	0	0	0	0	0	0	0	0	0	0	0	0	0	0	0	0	0	0	0	0	0	0	0	0	0	0	0	0	0	0	0	0	0	0	0	0	0	0	0	0	0	0	0	0	0	0	0	0	0
Autumnicola	0	0	0	0	0	0	0	0	0	0	0	0	0	0	0	0	0	0	0	0	0	0	0	0	0	0	0	0	0	0	0	0	0	0	0	0	0	0	0	0	0	0	0	0	0	0	0	0	0	0	0	0	0	0	0	0	0	0	0	0	0	0	0	0	0	0	0	0	0	0	0	0	0	0	0	0	0	0	0	0	0
Avibacterium	0	0	0	0	0	0	0	0	0	0	0	0	0	0	0	0	0	0	0	0	0	0	0	0	0	0	0	0	0	0	0	0	0	0	0	0	0	0	0	0	0	0	0	0	0	0	0	0	0	0	0	0	0	0	0	0	0	0	0	0	0	0	0	0	0	0	0	0	0	0	0	0	0	0	0	0	0	0	0	0	0
Azoarcus	0.749129241498953	0.0044456814084312	0.0066577111613876	0.0050222566286046	0.0057719885118423	0.007793577350682	0.007006354417852	0.023650934618963	0.013345165474546	0.009314730812361701	0.0065120637151557	0.0051458790825685	0.0076666934853868	0.0115073481597086	0.0280741794767208	0.0154293436301069	0.0087091820696237	0.0064515474241173	0.0105424198493848	0.0142558131824292	0.0122795056641713	0.0124474046013964	0.0018224875783083	0.0127936372852083	0.0083908621524671	0.009748160739768899	0.0089478928182846	0.0023750416634034	0.0268435981695338	0.009767906274209899	0.0126741871267418	0.0107155739349173	0.0045406211664626	0.0081933578459162	0.0175727576298502	0.0056283566058002	0.0124126309562726	0.0065100105709554	0.0100482116348008	0.0068146302939669	0.0003379067205147	0.0100506483788213	0.0090054038930152	0.0041886618142693	0.0092719701321079	0.0067720504513629	0.0108618514845021	0.0158341559105891	0.0230335332000888	0.0081681108071352	0.0034641290719078	0.00088469239526	0.0127074684181773	0.007852717277918701	0.0111331640524556	0.0016362577370241	0.0116530727720011	0.0064484817041982	0.0104897183540346	0.0072679261628681	0.008132350869891201	0.0077455364485139	0.0008488363867863999	0.0205930511005963	0.0015960642661706	0.0128673673337743	0.011129105638361	0.0048463663999185	0.0120771807331226	0.008578020347389401	0.004212828120605	0.0054010939463724	0.0083327703083125	0.0067749039830258	0.0109079463503132	0.0102715522089217	0.0013038560312637	0.0045722936959673	0.0084732610109669	0.0156709412361405	0.0159022891719789
Azohydromonas	0	0	0	0	0	0	0	0	0	0	0	0	0	0	0	0	0	0	0	0	0	0	0	0	0	0	0	0	0	0	0	0	0	0	0	0	0	0	0	0	0	0	0	0	0	0	0	0	0	0	0	0	0	0	0	0	0	0	0	0	0	0	0	0	0	0	0	0	0	0	0	0	0	0	0	0	0	0	0	0	0
Azomonas	0	0	0	0	0	0	0	0	0	0	0	0	0	0	0	0	0	0	0	0	0	0	0	0	0	0	0	0	0	0	0	0	0	0	0	0	0	0	0	0	0	0	0	0	0	0	0	0	0	0	0	0	0	0	0	0	0	0	0	0	0	0	0	0	0	0	0	0	0	0	0	0	0	0	0	0	0	0	0	0	0
Azonexus	0	0	0	0	0	0	0	0	0	0	0	0	0	0	0	0	0	0	0	0	0	0	0	0	0	0	0	0	0	0	0	0	0	0	0	0	0	0	0	0	0	0	0	0	0	0	0	0	0	0	0	0	0	0	0	0	0	0	0	0	0	0	0	0	0	0	0	0	0	0	0	0	0	0	0	0	0	0	0	0	0
Azorhizobium	0	0	0	0	0	0	0	0	0	0	0	0	0	0	0	0	0	0	0	0	0	0	0	0	0	0	0	0	0	0	0	0	0	0	0	0	0	0	0	0	0	0	0	0	0	0	0	0	0	0	0	0	0	0	0	0	0	0	0	0	0	0	0	0	0	0	0	0	0	0	0	0	0	0	0	0	0	0	0	0	0
Azorhizophilus	0	0	0	0	0	0	0	0	0	0	0	0	0	0	0	0	0	0	0	0	0	0	0	0	0	0	0	0	0	0	0	0	0	0	0	0	0	0	0	0	0	0	0	0	0	0	0	0	0	0	0	0	0	0	0	0	0	0	0	0	0	0	0	0	0	0	0	0	0	0	0	0	0	0	0	0	0	0	0	0	0
Azospira	0	0	0	0	0	0	0	0	0	0	0	0	0	0	0	0	0	0	0	0	0	0	0	0	0	0	0	0	0	0	0	0	0	0	0	0	0	0	0	0	0	0	0	0	0	0	0	0	0	0	0	0	0	0	0	0	0	0	0	0	0	0	0	0	0	0	0	0	0	0	0	0	0	0	0	0	0	0	0	0	0
Azospirillum	0.2022098666033221	0.0009784193570633001	0.001568896789485	0.0013063673311399	0.0019018456275492	0.001546953836585	0.0014478751842571	0.0052289121687751	0.0053908574038058	0.0018690078094218	0.0023268525025376	0.0013224817296773	0.0029934882417214	0.0031603589543503	0.0069013939788334	0.002922164260033	0.0061219828258819	0.0017279118232133	0.0027133821699359	0.0021802442172992	0.0017974381351825	0.0022886526855324	0.0004939139268197	0.0053283356069233	0.0015448642702937	0.0016428080006869	0.0022930633927688	0.000550047992598	0.0065044581180901	0.0017121807249135	0.0034173855341738	0.0028950320158143	0.0011799553843782	0.001467245465982	0.0033194379307931	0.0036233440744718	0.0025943157583399	0.0011620386556197	0.0022402967903386	0.0050692279902879	0.0001224207224779	0.0020449017253585	0.0024433014175052	0.0010426507851721	0.0017274554853532	0.0013074342085343	0.0028849818793656	0.0044380063543115	0.0050011103708638	0.0017356400621457	0.0019751266442509	0.0002637571730644	0.0034469074815865	0.0017988229414818	0.0034733382617639	0.0005186233023856	0.0037979681752248	0.0016244107196463	0.0022067973046938	0.0024073703851792	0.0022599027772314	0.0017511421809727	0.0001178939426092	0.0059862889419224	0.0004275622396625	0.0016451826275682	0.0076407987670731	0.0016433006457035	0.0048641441316174	0.0020034860912075	0.0012367186578472	0.0015976066668717	0.0038105533409904	0.0016987618510461	0.001882999988956	0.0050465639071748	0.0007595231269514	0.0011610310729488	0.0023053408224939	0.0026128569426721	0.0027637438138631
Azotobacter	0.0270710503372621	0.000197038511177	0.0001834868562809	0.0001548287207276	0.0002711226471139	0.000212307453088	0.000159711367522	0.0005950870579137	0.0004841893552832	0.0003738015618843	0.0002967127352229	0.0001930853973804	0.0002875658897023	0.0004109767199895	0.0007768544090768	0.0004468261994367	0.0004523075600947	0.0001970648334844	0.0003431819056538	0.0004615037428327	0.0003429027863877	0.0003478669009316	0.0003425728530654	0.0004912206049835	0.0002134243944082	0.0002271563824965	0.0002508980461314	0.0002762382302782	0.0009726186939346	0.0002847983780054	0.0004202610042026	0.0007769685793906	0.0002180710397706	0.0002267683884866	0.0004188466363272	0.0002291442892946	0.0003546326997618	0.0002004531420145	0.0002649913737843	0.0005376931284498	0.0002336736118888	0.0003226497391823	0.0003643805043416	0.0001539739536899	0.0002972429638139	0.0005110462134411	0.0003916836712131	0.0005193578109381	0.0008349988896291	0.0002738287351533	0.0002005756422125	0.0001226355316563	0.00046445165343	0.0002741294570296	0.0003435169709436	0.0001934179906501	0.0003663634895715	0.0001652652245358	0.0003197959865603	0.00026031254165	0.0002544135355614	0.0002293883726929	6.130485015679894e-05	0.0005211369199043	0.000465743871848	0.0003386688622929	0.0004077704305895	0.0002271122417414	0.0004717648723876	0.0002388429836062	0.0001796553883006	0.0001810620889121	0.0002792604103326	0.0002618644750624	0.0003257976520481	0.0006116416016262	0.0002103922243639	0.0001533306949402	0.0002371606292429	0.0004241087206425	0.0004821484535088
Azovibrio	0	0	0	0	0	0	0	0	0	0	0	0	0	0	0	0	0	0	0	0	0	0	0	0	0	0	0	0	0	0	0	0	0	0	0	0	0	0	0	0	0	0	0	0	0	0	0	0	0	0	0	0	0	0	0	0	0	0	0	0	0	0	0	0	0	0	0	0	0	0	0	0	0	0	0	0	0	0	0	0	0
Baaleninema	0	0	0	0	0	0	0	0	0	0	0	0	0	0	0	0	0	0	0	0	0	0	0	0	0	0	0	0	0	0	0	0	0	0	0	0	0	0	0	0	0	0	0	0	0	0	0	0	0	0	0	0	0	0	0	0	0	0	0	0	0	0	0	0	0	0	0	0	0	0	0	0	0	0	0	0	0	0	0	0	0
Bacillus	0.6212897524964942	0.0054216377841049	0.0037286549235078	0.0088494290690923	0.0068804016868081	0.004320905207214	0.0051696736913486	0.0131840480419521	0.0049714425442126	0.0113352797955204	0.0092449441711564	0.011218874557321	0.0066171298951734	0.0056366237482117	0.0048035757098332	0.0067033815450894	0.0128523193200912	0.010956128124281	0.0079573299806278	0.0070888686152855	0.0126336144239703	0.0077101842967688	0.0043282938075313	0.0115202182646458	0.0091230719978985	0.0071244501783014	0.008584814395757799	0.0018954192416015	0.0072714826165589	0.0069097511235126	0.009964609599646001	0.0098237081837865	0.0047817510775081	0.0075076534331114	0.0034834252672105	0.0116004296455424	0.0048184319494388	0.0076785344752873	0.0079058870073049	0.008911843531299601	0.000271431523687	0.0041503002768138	0.0100985454060402	0.0056219502226919	0.008602814474439901	0.0044012364198873	0.0068291943319582	0.0084458217507676	0.011672218520986	0.0050925465988884	0.0221729950093223	0.0021778948051225	0.0131790381046101	0.0105988636970117	0.0149580547698637	0.0016472197138241	0.0045537624851928	0.0082622152443571	0.0058024521792251	0.0171837514994002	0.0080892084249581	0.0062047390772181	0.0025134988564287	0.0216210751027515	0.0024587530311173	0.0057199685002092	0.0082800545949406	0.0061202833421002	0.007985241208413299	0.007940258763504701	0.008187023073921801	0.0061229754773293	0.0064274936378172	0.0095076947868826	0.0085204369001733	0.0048021849698622	0.0013736669061667	0.0100134613299296	0.0087226284373032	0.0078968547750053	0.0065417213388573
Bacterioplanes	0	0	0	0	0	0	0	0	0	0	0	0	0	0	0	0	0	0	0	0	0	0	0	0	0	0	0	0	0	0	0	0	0	0	0	0	0	0	0	0	0	0	0	0	0	0	0	0	0	0	0	0	0	0	0	0	0	0	0	0	0	0	0	0	0	0	0	0	0	0	0	0	0	0	0	0	0	0	0	0	0
Bacterioplanoides	0	0	0	0	0	0	0	0	0	0	0	0	0	0	0	0	0	0	0	0	0	0	0	0	0	0	0	0	0	0	0	0	0	0	0	0	0	0	0	0	0	0	0	0	0	0	0	0	0	0	0	0	0	0	0	0	0	0	0	0	0	0	0	0	0	0	0	0	0	0	0	0	0	0	0	0	0	0	0	0	0
Bacteriovorax	0	0	0	0	0	0	0	0	0	0	0	0	0	0	0	0	0	0	0	0	0	0	0	0	0	0	0	0	0	0	0	0	0	0	0	0	0	0	0	0	0	0	0	0	0	0	0	0	0	0	0	0	0	0	0	0	0	0	0	0	0	0	0	0	0	0	0	0	0	0	0	0	0	0	0	0	0	0	0	0	0
Bacteroides	1.023347507149689	0.0054530407968237	0.0033549477483301	0.0037207276949874	0.0204790630851896	0.0189053308108948	0.0031182989953893	0.0187331593383356	0.0031043177059464	0.0057181536223391	0.0048411025220582	0.0135512235637741	0.0039257415592403	0.0046664065548185	0.0299742812929099	0.0052630590393829	0.0162378414074002	0.0055482631229955	0.0061099208436501	0.0155200018823791	0.0229036649360161	0.0266954098183615	0.0012676718109436	0.0183910491470908	0.0133357411982958	0.0034149538459531	0.0078490076258531	0.0011784140768573	0.0181736231684324	0.005097551920609	0.0127405441274054	0.0675614205434259	0.0056639176099941	0.0084552213421449	0.009641828678147101	0.0117579663444325	0.0107372468438176	0.0113810219219093	0.0081680791764366	0.0025288379947406	0.0006021057427869	0.0218071982502791	0.0282362356891183	0.0061256921699492	0.016750430786904	0.0249293297404123	0.0073598625316663	0.0072272080919701	0.0149056184765711	0.0227703620466694	0.0129890019336282	0.0024433025237005	0.0220845871451882	0.0164271470643888	0.0179352018513756	0.0017095811818423	0.0032022882792178	0.0081283294928344	0.0424621421001166	0.0061277572304411	0.0069624292749404	0.0135105423433623	0.0008629836598995	0.0190601757072839	0.0008745754994949	0.0472240681354614	0.0101586476266959	0.0159213512917335	0.0115209947783077	0.0164280777713408	0.0168231846185952	0.01575121832301	0.0049951579848208	0.026267021190879	0.0277038444122941	0.0048952155880437	0.0007372124349721	0.008260518520206799	0.0048984132907606	0.0153100767984007	0.0157903618524143
Baekduia	0	0	0	0	0	0	0	0	0	0	0	0	0	0	0	0	0	0	0	0	0	0	0	0	0	0	0	0	0	0	0	0	0	0	0	0	0	0	0	0	0	0	0	0	0	0	0	0	0	0	0	0	0	0	0	0	0	0	0	0	0	0	0	0	0	0	0	0	0	0	0	0	0	0	0	0	0	0	0	0	0
Baileyella	0	0	0	0	0	0	0	0	0	0	0	0	0	0	0	0	0	0	0	0	0	0	0	0	0	0	0	0	0	0	0	0	0	0	0	0	0	0	0	0	0	0	0	0	0	0	0	0	0	0	0	0	0	0	0	0	0	0	0	0	0	0	0	0	0	0	0	0	0	0	0	0	0	0	0	0	0	0	0	0	0
Balneatrix	0	0	0	0	0	0	0	0	0	0	0	0	0	0	0	0	0	0	0	0	0	0	0	0	0	0	0	0	0	0	0	0	0	0	0	0	0	0	0	0	0	0	0	0	0	0	0	0	0	0	0	0	0	0	0	0	0	0	0	0	0	0	0	0	0	0	0	0	0	0	0	0	0	0	0	0	0	0	0	0	0
Balneola	0	0	0	0	0	0	0	0	0	0	0	0	0	0	0	0	0	0	0	0	0	0	0	0	0	0	0	0	0	0	0	0	0	0	0	0	0	0	0	0	0	0	0	0	0	0	0	0	0	0	0	0	0	0	0	0	0	0	0	0	0	0	0	0	0	0	0	0	0	0	0	0	0	0	0	0	0	0	0	0	0
Bariatricus	0	0	0	0	0	0	0	0	0	0	0	0	0	0	0	0	0	0	0	0	0	0	0	0	0	0	0	0	0	0	0	0	0	0	0	0	0	0	0	0	0	0	0	0	0	0	0	0	0	0	0	0	0	0	0	0	0	0	0	0	0	0	0	0	0	0	0	0	0	0	0	0	0	0	0	0	0	0	0	0	0
Barnesiella	0	0	0	0	0	0	0	0	0	0	0	0	0	0	0	0	0	0	0	0	0	0	0	0	0	0	0	0	0	0	0	0	0	0	0	0	0	0	0	0	0	0	0	0	0	0	0	0	0	0	0	0	0	0	0	0	0	0	0	0	0	0	0	0	0	0	0	0	0	0	0	0	0	0	0	0	0	0	0	0	0
Barrientosiimonas	0	0	0	0	0	0	0	0	0	0	0	0	0	0	0	0	0	0	0	0	0	0	0	0	0	0	0	0	0	0	0	0	0	0	0	0	0	0	0	0	0	0	0	0	0	0	0	0	0	0	0	0	0	0	0	0	0	0	0	0	0	0	0	0	0	0	0	0	0	0	0	0	0	0	0	0	0	0	0	0	0
Bartonella	0.02013398587332268	0.0001576308089416	0.0002222042663219	0.0002177278885233	0.0001648000404025	0.000234235922421	0.0002146939694558	0.0008473193895675	0.0002331881844842	0.0002626713678106	0.0002498633559772	0.0001731638881269	0.0001245772807374	0.0001768760567043	0.0002631029962605	0.0002629552412614	0.0002351999312492	0.0003070151697633	0.0001603653764737	0.0002326235551938	0.0002048451939597	0.0001889903760285	0.0002609643867352	0.0002252731436867	0.0002249164771841	0.0002988899769691	0.0002086796249074	8.317502757828925e-05	0.0002089831107757	0.000206817869742	0.000353904003539	0.0003475168555092	0.0001568003246689	0.0003226050288589	0.0001765214003474	0.0003007518796992	0.0002836088668877	0.0002918361920506	0.0002547276233912	0.0002719971098994	6.062537950689869e-06	0.0001318939812198	0.0002602717888154	0.0001644289752368	0.0002211372774267	0.0001440471373613	0.0002484874903395	0.0001798980369213	0.0004530313124583	0.0003155709203901	0.0003290230978166	9.01197850395545e-05	0.000433310259043	0.0003214349828001	0.0004218629467729	7.381064378715348e-05	0.0002388147191281	0.0001997826448502	0.000184497684554	0.0003311175529788	0.0002924803987377	0.000235447688198	0.0001084624272004	0.0015036971543074	0.0001397591819621	0.0002484937945719	0.0003098343009719	0.0001657658316158	0.0003352013566964	0.0002401134250083	0.0001469907722459	0.000216564459287	0.0002026890074994	0.0002417210539037	0.0002384497453356	0.0001374631522383	8.180587059078952e-05	0.0002396655456949	0.0002354168010867	0.0002380961238695	0.0002152448453164
Basfia	0	0	0	0	0	0	0	0	0	0	0	0	0	0	0	0	0	0	0	0	0	0	0	0	0	0	0	0	0	0	0	0	0	0	0	0	0	0	0	0	0	0	0	0	0	0	0	0	0	0	0	0	0	0	0	0	0	0	0	0	0	0	0	0	0	0	0	0	0	0	0	0	0	0	0	0	0	0	0	0	0
Basilea	0	0	0	0	0	0	0	0	0	0	0	0	0	0	0	0	0	0	0	0	0	0	0	0	0	0	0	0	0	0	0	0	0	0	0	0	0	0	0	0	0	0	0	0	0	0	0	0	0	0	0	0	0	0	0	0	0	0	0	0	0	0	0	0	0	0	0	0	0	0	0	0	0	0	0	0	0	0	0	0	0
Bauldia	0	0	0	0	0	0	0	0	0	0	0	0	0	0	0	0	0	0	0	0	0	0	0	0	0	0	0	0	0	0	0	0	0	0	0	0	0	0	0	0	0	0	0	0	0	0	0	0	0	0	0	0	0	0	0	0	0	0	0	0	0	0	0	0	0	0	0	0	0	0	0	0	0	0	0	0	0	0	0	0	0
Bavariicoccus	0	0	0	0	0	0	0	0	0	0	0	0	0	0	0	0	0	0	0	0	0	0	0	0	0	0	0	0	0	0	0	0	0	0	0	0	0	0	0	0	0	0	0	0	0	0	0	0	0	0	0	0	0	0	0	0	0	0	0	0	0	0	0	0	0	0	0	0	0	0	0	0	0	0	0	0	0	0	0	0	0
Bdellovibrio	0.002337310659320662	1.108341625370679e-05	2.188375350140056e-05	1.935359009096187e-05	2.126452134226975e-05	1.694472630280027e-05	1.701842440808611e-05	7.249791568492405e-05	4.696150937529857e-05	0	1.5616459748575e-05	2.29863568310089e-05	1.816752010755172e-05	3.64156587332553e-05	0.0001074207499525	2.570239200299729e-05	6.332305841325984e-05	1.776120816812591e-05	2.245115270632609e-05	1.497347021937203e-05	1.299892915718081e-05	1.765294721145738e-05	3.958619635423312e-06	5.631828592168004e-05	2.298416555166101e-05	1.3042471722291e-05	2.050609030882172e-05	6.071169896225493e-06	3.953734528189562e-05	1.525705596457651e-05	6.635700066357e-05	2.636984269447053e-05	9.223548509935741e-06	4.049435508690088e-05	2.924614916998384e-05	8.592910848549946e-05	4.280888556795716e-05	2.004531420145658e-05	2.239363722121088e-05	4.620800322615877e-05	1.063603149243837e-07	1.580547708832591e-05	5.530775512328749e-05	2.09100430936979e-05	1.866743251005169e-05	1.192746997259434e-05	4.211652378635972e-05	7.039488401269611e-05	7.994670219853431e-05	1.41923429805089e-05	2.173726171761914e-05	6.602182054179817e-06	5.427500164604513e-05	3.274997937964261e-05	4.419516585240422e-05	2.679594328906562e-06	8.141410879367358e-05	3.765536761575626e-05	1.127485850052582e-05	2.603125416500066e-05	3.362572913904176e-05	2.077479601747161e-05	0	1.764265614259609e-05	6.123469312773845e-06	2.049433357294625e-05	3.917445184703089e-05	2.871534090983252e-05	6.952324435185714e-05	2.159750383673304e-05	1.633230802732939e-05	2.130142222495722e-05	2.702520099993244e-05	1.342894743909972e-05	2.509997319322863e-05	4.651530909075762e-05	2.39899913755981e-06	1.657629134489668e-05	1.569445340578358e-05	3.844260333309772e-05	3.960505153822577e-05
Beduini	0	0	0	0	0	0	0	0	0	0	0	0	0	0	0	0	0	0	0	0	0	0	0	0	0	0	0	0	0	0	0	0	0	0	0	0	0	0	0	0	0	0	0	0	0	0	0	0	0	0	0	0	0	0	0	0	0	0	0	0	0	0	0	0	0	0	0	0	0	0	0	0	0	0	0	0	0	0	0	0	0
Beggiatoa	0	0	0	0	0	0	0	0	0	0	0	0	0	0	0	0	0	0	0	0	0	0	0	0	0	0	0	0	0	0	0	0	0	0	0	0	0	0	0	0	0	0	0	0	0	0	0	0	0	0	0	0	0	0	0	0	0	0	0	0	0	0	0	0	0	0	0	0	0	0	0	0	0	0	0	0	0	0	0	0	0
Beijerinckia	0	0	0	0	0	0	0	0	0	0	0	0	0	0	0	0	0	0	0	0	0	0	0	0	0	0	0	0	0	0	0	0	0	0	0	0	0	0	0	0	0	0	0	0	0	0	0	0	0	0	0	0	0	0	0	0	0	0	0	0	0	0	0	0	0	0	0	0	0	0	0	0	0	0	0	0	0	0	0	0	0
Belliella	0	0	0	0	0	0	0	0	0	0	0	0	0	0	0	0	0	0	0	0	0	0	0	0	0	0	0	0	0	0	0	0	0	0	0	0	0	0	0	0	0	0	0	0	0	0	0	0	0	0	0	0	0	0	0	0	0	0	0	0	0	0	0	0	0	0	0	0	0	0	0	0	0	0	0	0	0	0	0	0	0
Bellilinea	0	0	0	0	0	0	0	0	0	0	0	0	0	0	0	0	0	0	0	0	0	0	0	0	0	0	0	0	0	0	0	0	0	0	0	0	0	0	0	0	0	0	0	0	0	0	0	0	0	0	0	0	0	0	0	0	0	0	0	0	0	0	0	0	0	0	0	0	0	0	0	0	0	0	0	0	0	0	0	0	0
Belnapia	0	0	0	0	0	0	0	0	0	0	0	0	0	0	0	0	0	0	0	0	0	0	0	0	0	0	0	0	0	0	0	0	0	0	0	0	0	0	0	0	0	0	0	0	0	0	0	0	0	0	0	0	0	0	0	0	0	0	0	0	0	0	0	0	0	0	0	0	0	0	0	0	0	0	0	0	0	0	0	0	0
Bengtsoniella	0	0	0	0	0	0	0	0	0	0	0	0	0	0	0	0	0	0	0	0	0	0	0	0	0	0	0	0	0	0	0	0	0	0	0	0	0	0	0	0	0	0	0	0	0	0	0	0	0	0	0	0	0	0	0	0	0	0	0	0	0	0	0	0	0	0	0	0	0	0	0	0	0	0	0	0	0	0	0	0	0
Bergeriella	0	0	0	0	0	0	0	0	0	0	0	0	0	0	0	0	0	0	0	0	0	0	0	0	0	0	0	0	0	0	0	0	0	0	0	0	0	0	0	0	0	0	0	0	0	0	0	0	0	0	0	0	0	0	0	0	0	0	0	0	0	0	0	0	0	0	0	0	0	0	0	0	0	0	0	0	0	0	0	0	0
Bergeyella	0	0	0	0	0	0	0	0	0	0	0	0	0	0	0	0	0	0	0	0	0	0	0	0	0	0	0	0	0	0	0	0	0	0	0	0	0	0	0	0	0	0	0	0	0	0	0	0	0	0	0	0	0	0	0	0	0	0	0	0	0	0	0	0	0	0	0	0	0	0	0	0	0	0	0	0	0	0	0	0	0
Bermanella	0	0	0	0	0	0	0	0	0	0	0	0	0	0	0	0	0	0	0	0	0	0	0	0	0	0	0	0	0	0	0	0	0	0	0	0	0	0	0	0	0	0	0	0	0	0	0	0	0	0	0	0	0	0	0	0	0	0	0	0	0	0	0	0	0	0	0	0	0	0	0	0	0	0	0	0	0	0	0	0	0
Bernardetia	0	0	0	0	0	0	0	0	0	0	0	0	0	0	0	0	0	0	0	0	0	0	0	0	0	0	0	0	0	0	0	0	0	0	0	0	0	0	0	0	0	0	0	0	0	0	0	0	0	0	0	0	0	0	0	0	0	0	0	0	0	0	0	0	0	0	0	0	0	0	0	0	0	0	0	0	0	0	0	0	0
Berryella	0	0	0	0	0	0	0	0	0	0	0	0	0	0	0	0	0	0	0	0	0	0	0	0	0	0	0	0	0	0	0	0	0	0	0	0	0	0	0	0	0	0	0	0	0	0	0	0	0	0	0	0	0	0	0	0	0	0	0	0	0	0	0	0	0	0	0	0	0	0	0	0	0	0	0	0	0	0	0	0	0
Beutenbergia	0	0	0	0	0	0	0	0	0	0	0	0	0	0	0	0	0	0	0	0	0	0	0	0	0	0	0	0	0	0	0	0	0	0	0	0	0	0	0	0	0	0	0	0	0	0	0	0	0	0	0	0	0	0	0	0	0	0	0	0	0	0	0	0	0	0	0	0	0	0	0	0	0	0	0	0	0	0	0	0	0
Bhargavaea	0	0	0	0	0	0	0	0	0	0	0	0	0	0	0	0	0	0	0	0	0	0	0	0	0	0	0	0	0	0	0	0	0	0	0	0	0	0	0	0	0	0	0	0	0	0	0	0	0	0	0	0	0	0	0	0	0	0	0	0	0	0	0	0	0	0	0	0	0	0	0	0	0	0	0	0	0	0	0	0	0
Bibersteinia	0	0	0	0	0	0	0	0	0	0	0	0	0	0	0	0	0	0	0	0	0	0	0	0	0	0	0	0	0	0	0	0	0	0	0	0	0	0	0	0	0	0	0	0	0	0	0	0	0	0	0	0	0	0	0	0	0	0	0	0	0	0	0	0	0	0	0	0	0	0	0	0	0	0	0	0	0	0	0	0	0
Bifidobacterium	0.9291015994502535	0.0062375003694472	0.0026092167636285	0.0104461002515966	0.0115732157405303	0.0019805394802155	0.0046394843155582	0.007989874457776	0.0141062657989043	0.0071628461452976	0.0074646677598188	0.0075763032115005	0.0063139918453788	0.0064923917284432	0.0041668353224335	0.0062555667921141	0.0313991908217749	0.005876422588197	0.0110620036691598	0.0061327055884199	0.0123543615665592	0.0100154515208533	0.000478079448278	0.0235754602455477	0.0058035018017944	0.0104519107764509	0.0101565459058987	0.0003982687451923	0.0054527647335917	0.0059994134509595	0.0131165671311656	0.0611497816482846	0.008181946353206499	0.0057259018092877	0.0027501825273059	0.0344289294665234	0.0025636684879901	0.0035957756269024	0.0205844179473805	0.014553420652457	0.0007079342561366	0.0048086801500103	0.009909848359148999	0.0039852641223579	0.0095807007466973	0.0036654032723472	0.0222122546449261	0.0225764214682495	0.0044770153231179	0.0030296478044862	0.1331446802498204	0.0003817711772829	0.0381588851736711	0.009400457044156599	0.0165249742864489	0.0046758921039419	0.0041873989956212	0.0093678186768531	0.0073153331925684	0.0176897990803678	0.0121496738304273	0.0054802180661088	0.0005564594091155	0.002282009715675	0.0004761897900874	0.008833057769939799	0.0076986701163926	0.0062416709195826	0.0054352279245076	0.0156924921994897	0.0124851421364473	0.0114151954878854	0.0197013715289507	0.0136236671769666	0.0110746101723163	0.0068627437367483	0.0002509353097887	0.008647989330393799	0.0207236538082591	0.0125843722136863	0.0102645961834506
Bilifractor	0	0	0	0	0	0	0	0	0	0	0	0	0	0	0	0	0	0	0	0	0	0	0	0	0	0	0	0	0	0	0	0	0	0	0	0	0	0	0	0	0	0	0	0	0	0	0	0	0	0	0	0	0	0	0	0	0	0	0	0	0	0	0	0	0	0	0	0	0	0	0	0	0	0	0	0	0	0	0	0	0
Billgrantia	0	0	0	0	0	0	0	0	0	0	0	0	0	0	0	0	0	0	0	0	0	0	0	0	0	0	0	0	0	0	0	0	0	0	0	0	0	0	0	0	0	0	0	0	0	0	0	0	0	0	0	0	0	0	0	0	0	0	0	0	0	0	0	0	0	0	0	0	0	0	0	0	0	0	0	0	0	0	0	0	0
Bilophila	0	0	0	0	0	0	0	0	0	0	0	0	0	0	0	0	0	0	0	0	0	0	0	0	0	0	0	0	0	0	0	0	0	0	0	0	0	0	0	0	0	0	0	0	0	0	0	0	0	0	0	0	0	0	0	0	0	0	0	0	0	0	0	0	0	0	0	0	0	0	0	0	0	0	0	0	0	0	0	0	0
Biomaibacter	0	0	0	0	0	0	0	0	0	0	0	0	0	0	0	0	0	0	0	0	0	0	0	0	0	0	0	0	0	0	0	0	0	0	0	0	0	0	0	0	0	0	0	0	0	0	0	0	0	0	0	0	0	0	0	0	0	0	0	0	0	0	0	0	0	0	0	0	0	0	0	0	0	0	0	0	0	0	0	0	0
Bisgaardia	0	0	0	0	0	0	0	0	0	0	0	0	0	0	0	0	0	0	0	0	0	0	0	0	0	0	0	0	0	0	0	0	0	0	0	0	0	0	0	0	0	0	0	0	0	0	0	0	0	0	0	0	0	0	0	0	0	0	0	0	0	0	0	0	0	0	0	0	0	0	0	0	0	0	0	0	0	0	0	0	0
Bittarella (ex Durand et al. 2017)	0	0	0	0	0	0	0	0	0	0	0	0	0	0	0	0	0	0	0	0	0	0	0	0	0	0	0	0	0	0	0	0	0	0	0	0	0	0	0	0	0	0	0	0	0	0	0	0	0	0	0	0	0	0	0	0	0	0	0	0	0	0	0	0	0	0	0	0	0	0	0	0	0	0	0	0	0	0	0	0	0
Bizionia	0	0	0	0	0	0	0	0	0	0	0	0	0	0	0	0	0	0	0	0	0	0	0	0	0	0	0	0	0	0	0	0	0	0	0	0	0	0	0	0	0	0	0	0	0	0	0	0	0	0	0	0	0	0	0	0	0	0	0	0	0	0	0	0	0	0	0	0	0	0	0	0	0	0	0	0	0	0	0	0	0
Blastochloris	0	0	0	0	0	0	0	0	0	0	0	0	0	0	0	0	0	0	0	0	0	0	0	0	0	0	0	0	0	0	0	0	0	0	0	0	0	0	0	0	0	0	0	0	0	0	0	0	0	0	0	0	0	0	0	0	0	0	0	0	0	0	0	0	0	0	0	0	0	0	0	0	0	0	0	0	0	0	0	0	0
Blastococcus	0	0	0	0	0	0	0	0	0	0	0	0	0	0	0	0	0	0	0	0	0	0	0	0	0	0	0	0	0	0	0	0	0	0	0	0	0	0	0	0	0	0	0	0	0	0	0	0	0	0	0	0	0	0	0	0	0	0	0	0	0	0	0	0	0	0	0	0	0	0	0	0	0	0	0	0	0	0	0	0	0
Blastomonas	0	0	0	0	0	0	0	0	0	0	0	0	0	0	0	0	0	0	0	0	0	0	0	0	0	0	0	0	0	0	0	0	0	0	0	0	0	0	0	0	0	0	0	0	0	0	0	0	0	0	0	0	0	0	0	0	0	0	0	0	0	0	0	0	0	0	0	0	0	0	0	0	0	0	0	0	0	0	0	0	0
Blastopirellula	0	0	0	0	0	0	0	0	0	0	0	0	0	0	0	0	0	0	0	0	0	0	0	0	0	0	0	0	0	0	0	0	0	0	0	0	0	0	0	0	0	0	0	0	0	0	0	0	0	0	0	0	0	0	0	0	0	0	0	0	0	0	0	0	0	0	0	0	0	0	0	0	0	0	0	0	0	0	0	0	0
Blattabacterium	0.03712861522841281	0.0002302887599381	0.000765931372549	0.0004983549448422	0.0005874324020802	0.0005322637556291	0.0004071330762242	0.0004863401843863	0.0001586975144406	0.0003940070517159	0.0005934254704458	0.0007110446379725	0.0003041761938007	0.0003979711275848	0.0004514785142931	0.0003084287040359	0.0004070768040852	0.0012475134308564	0.0003046942153001	0.0004294177352198	0.0003917608304612	0.0003873264299925	0.0010127976082629	0.0004974781923081	0.000520427177134	0.0004113812955739	0.0005005898516564999	0.0002738097623197	0.0004405589902839	0.0005746824413323	0.0005972130059721	0.0006093317222615	0.0003531301429518	0.001214830652607	0.0004648048707372	0.0005298961689939	0.0006713211600429001	0.0010806782626844	0.0005766361584461	0.0001323229183294	7.338861729782473e-06	0.000213646448918	0.000556330948593	0.0003678266671482	0.0007323377369327	0.000289929270103	0.000450646804514	0.000183026698433	0.0008882966910948	0.0006795627756549	0.0003260589257642	0.0003273031753359	0.0004715696864328	0.0003905738281572	0.0006729718436616	4.141191235582869e-05	0.0003351547478672	0.0004874278141372	0.0002910963467408	0.0006747301079568	0.0004999448030483001	0.0004968638714178	6.130485015679894e-05	0.0011542368499444	0.0003674081587664	0.0004974999474832	0.0005163905016198999	0.0002688800103375	0.0004419691962368	0.0003595349168114	0.0003021476985055	0.0002757350765786	0.0003017814111659	0.0003692960545752	0.0004533055158697	0.0001541253525096	0.0002336625159983	0.0003073520686866	0.0006434725896371	0.0002715783912886	0.0003082306184931
Blautia	0	0	0	0	0	0	0	0	0	0	0	0	0	0	0	0	0	0	0	0	0	0	0	0	0	0	0	0	0	0	0	0	0	0	0	0	0	0	0	0	0	0	0	0	0	0	0	0	0	0	0	0	0	0	0	0	0	0	0	0	0	0	0	0	0	0	0	0	0	0	0	0	0	0	0	0	0	0	0	0	0
Bombella	0	0	0	0	0	0	0	0	0	0	0	0	0	0	0	0	0	0	0	0	0	0	0	0	0	0	0	0	0	0	0	0	0	0	0	0	0	0	0	0	0	0	0	0	0	0	0	0	0	0	0	0	0	0	0	0	0	0	0	0	0	0	0	0	0	0	0	0	0	0	0	0	0	0	0	0	0	0	0	0	0
Bombilactobacillus	0	0	0	0	0	0	0	0	0	0	0	0	0	0	0	0	0	0	0	0	0	0	0	0	0	0	0	0	0	0	0	0	0	0	0	0	0	0	0	0	0	0	0	0	0	0	0	0	0	0	0	0	0	0	0	0	0	0	0	0	0	0	0	0	0	0	0	0	0	0	0	0	0	0	0	0	0	0	0	0	0
Bombiscardovia	0	0	0	0	0	0	0	0	0	0	0	0	0	0	0	0	0	0	0	0	0	0	0	0	0	0	0	0	0	0	0	0	0	0	0	0	0	0	0	0	0	0	0	0	0	0	0	0	0	0	0	0	0	0	0	0	0	0	0	0	0	0	0	0	0	0	0	0	0	0	0	0	0	0	0	0	0	0	0	0	0
Bordetella	1.225983303525093	0.008531151788617001	0.0134349412842059	0.009599380685117001	0.0130378096479791	0.0158423223445122	0.0151097426552407	0.0197224538127862	0.0197189758504486	0.0129416162371316	0.0124307019598656	0.0104189493396019	0.0358720279883624	0.02131876706984	0.0280243611579022	0.0191077513471513	0.0201344710376161	0.0142394143199317	0.020331122429343	0.0183777956271049	0.0174078073361473	0.0172375837476583	0.0053249524280498	0.0151683916749058	0.0141631711581556	0.0180996901326093	0.0179355915765805	0.0049637885071539	0.0289469849385307	0.018252524618955	0.0208029197080291	0.0109971661836904	0.0098204438635072	0.015104394447414	0.0259089546486231	0.0129323308270676	0.0197908396768318	0.0125843303420614	0.0169417196260635	0.0131157216429885	0.0009201230844108	0.0205182343429036	0.0163515751323319	0.008504684800109401	0.0159865020103388	0.0114081662799413	0.0155915371057103	0.0292936577338166	0.0241527870308683	0.0169364742379755	0.0070527533700166	0.0022173428428962	0.0162184381967886	0.0142850558205204	0.0168463936744664	0.0031419461503851	0.0207131061789237	0.0145422937767183	0.0186076164744132	0.0138621634679461	0.0170717192391195	0.0155828282461051	0.0009667303293956001	0.0295636631854087	0.0067635519579973	0.0109378258278814	0.0187013491147019	0.0119103402637373	0.0187141675957124	0.0118455956337469	0.00886390650661	0.0103702423865166	0.0150260117559624	0.0108371605833534	0.0164013264833833	0.0272781046191784	0.0031482065682197	0.0106095171395399	0.0166727410014107	0.0163517473403298	0.0175226523675211
Borrelia	0.04097336113999444	0.0003368127050432	0.0004157913165266	0.0007064060383201	0.0003521936347313	0.0004505303699332	0.0003927328709558	0.0010904894817607	0.0003076788545278	0.0004344180313791	0.0004216444132115	0.0007018500952401001	0.0004266771865259	0.000390167772142	0.0004102227190215	0.0003450051849633	0.0006445382731349	0.0013549264516827	0.0003977061336549	0.0004759424462586	0.0005697116882336	0.0004080946031825	0.0004722937734262	0.0008447742888252	0.0007272846670989	0.0004765936541853	0.0005488394759125	0.0001742425760216	0.0002914467166494	0.0006289297514286	0.0008847600088476	0.0006639549678429	0.0002734123308302	0.0006668070470976	0.0002444142466348	0.0005298961689939	0.0005268411712511	0.0006679806173603	0.0005169197925229	0.0004515782133465	1.393320125509426e-05	0.0002005660540863	0.0006506794720386	0.0004229531443952	0.0006748994830557	0.0003669990760798	0.0003769428878879	0.0002784508745391	0.0012969131689984	0.000451650444262	0.0010058423831152	0.0001800745155277	0.0009280135527348	0.0007471847147355	0.0008597968629467	0.0001105941659385	0.000303946006163	0.0003985193072667	0.000358745497744	0.0008777738904438	0.0004225421812566	0.0004405987988705	7.073636556553724e-05	0.0011182729739614	0.0002146816300243	0.0004872527806967	0.0007291790014254	0.0004268143853416	0.0005735667659028	0.0004548180219735	0.0004110297520211	0.0003384559309076	0.0003243024119991	0.0007855934251873	0.0006450693110659	0.0002284109953859	0.0001261873546356	0.000408191174368	0.0007655405605709	0.0004340293924704	0.0004390994844455
Borreliella	0.0433702661548066	0.0004033132025654	0.0003383564964447	0.0005080317398877	0.0003455484718118	0.000402686436843	0.0002958587627867	0.0009832529814767	0.0002234720101307	0.0007273976339371	0.0009682205044116001	0.0011523826891279	0.0005450256032265	0.0004317856678371	0.0003386088857198	0.0003202913464988	0.0006083536683273	0.001789653165893	0.000635046890836	0.0006128427454071	0.0006347063340195	0.0004330164110104	0.0003678471168916	0.0006226299388007	0.0012017435131297	0.0007113581451866	0.0006151827092646	0.0001214233979245	0.0004360404365374	0.0006424915789527	0.0008073435080733999	0.0005424653354291	0.000237176961684	0.0007720923703235	0.0002371027093423	0.000844969566774	0.0004227377449835	0.0007758715732093	0.0004749317227331	0.0004799331244171	9.25334739842138e-06	0.0001891207086085	0.0006929736377211	0.0004752282521294	0.0007567489948305	0.0004018639883074	0.0003958953235917	0.0002784508745391	0.0010304241616699	0.0003723402923121	0.0009416186553132	0.0001404614232026	0.0007705270725487	0.0007289902817468	0.0012013049627153	8.087502883608897e-05	0.0003324409442408	0.0004414045870513	0.0003997449832004	0.0008423713847794	0.0004618779398721	0.0004172271533508	0.0001556200042441	0.0010219169288749	0.0001930693853909	0.0003929788462612	0.0007995149490598	0.0004751083677808	0.0005412881167394	0.0004992834710491	0.000558927874713	0.0003337222815243	0.0002882688106659	0.0006378750033572	0.0007720751754237	0.0002485444873804	0.0001192302571367	0.0003729665552601	0.0008143677489445	0.0003633446056966	0.0004098261854825
Bosea	0.09472208194803851	0.0005615597568544	0.0008265325360913	0.0011273466227985	0.0018646327152002	0.0005362507500533	0.0010957247099667	0.0012566305385386	0.0017537694708085	0.0013840760534637	0.0017178105723432	0.0008964679164093	0.00218581220494	0.0020912992586812	0.001802022001015	0.0008274193117887	0.0013456149912817	0.000866916112968	0.0018249579842713	0.0008882476440848	0.0009592313240126	0.0011484799774042	0.0002503065646398	0.0028190430897463	0.0009505594181722	0.0008961264945857	0.0014004453440318	7.406827273395102e-05	0.001043785915442	0.0011290221413786	0.0020017695200176	0.0007468316163112	0.001104190521618	0.0007558946282888	0.0006538603350146	0.0015896885069817	0.0008975272031009	0.0004162350537125	0.0009759893555577	0.0011457484436304	2.265474707889372e-05	0.002116843896933	0.0014184812490443	0.0007071396391686	0.0009721424468696	0.0001834995380399	0.0022300699344877	0.0015737167403727	0.0014745725072174	0.000701268711978	0.0021855828599715	0.0001445877869865	0.001021437735896	0.0008478605772729	0.0017678066340961	0.0002772162132996	0.0013813260458659	0.0012426271313199	0.0010659866218678	0.00171806277489	0.0012156018307623	0.0008500354037148001	4.715757704369149e-05	0.0013550917044909	0.0002773571394609	0.0003981024296544	0.0026059913762786	0.001511471126072	0.0010726443414286	0.0014127308392027	0.001071580876682	0.0013585573730139	0.0023061504853275	0.0008661671098219	0.0012213646955825	0.0033254974708168	0.00015329604489	0.000961424898004	0.002042022770908	0.0010801131452621	0.0007249446390257
Boseongicola	0	0	0	0	0	0	0	0	0	0	0	0	0	0	0	0	0	0	0	0	0	0	0	0	0	0	0	0	0	0	0	0	0	0	0	0	0	0	0	0	0	0	0	0	0	0	0	0	0	0	0	0	0	0	0	0	0	0	0	0	0	0	0	0	0	0	0	0	0	0	0	0	0	0	0	0	0	0	0	0	0
Botrimarina	0	0	0	0	0	0	0	0	0	0	0	0	0	0	0	0	0	0	0	0	0	0	0	0	0	0	0	0	0	0	0	0	0	0	0	0	0	0	0	0	0	0	0	0	0	0	0	0	0	0	0	0	0	0	0	0	0	0	0	0	0	0	0	0	0	0	0	0	0	0	0	0	0	0	0	0	0	0	0	0	0
Boudabousia	0	0	0	0	0	0	0	0	0	0	0	0	0	0	0	0	0	0	0	0	0	0	0	0	0	0	0	0	0	0	0	0	0	0	0	0	0	0	0	0	0	0	0	0	0	0	0	0	0	0	0	0	0	0	0	0	0	0	0	0	0	0	0	0	0	0	0	0	0	0	0	0	0	0	0	0	0	0	0	0	0
Bowdeniella	0	0	0	0	0	0	0	0	0	0	0	0	0	0	0	0	0	0	0	0	0	0	0	0	0	0	0	0	0	0	0	0	0	0	0	0	0	0	0	0	0	0	0	0	0	0	0	0	0	0	0	0	0	0	0	0	0	0	0	0	0	0	0	0	0	0	0	0	0	0	0	0	0	0	0	0	0	0	0	0	0
Bowmanella	0	0	0	0	0	0	0	0	0	0	0	0	0	0	0	0	0	0	0	0	0	0	0	0	0	0	0	0	0	0	0	0	0	0	0	0	0	0	0	0	0	0	0	0	0	0	0	0	0	0	0	0	0	0	0	0	0	0	0	0	0	0	0	0	0	0	0	0	0	0	0	0	0	0	0	0	0	0	0	0	0
Brachybacterium	0	0	0	0	0	0	0	0	0	0	0	0	0	0	0	0	0	0	0	0	0	0	0	0	0	0	0	0	0	0	0	0	0	0	0	0	0	0	0	0	0	0	0	0	0	0	0	0	0	0	0	0	0	0	0	0	0	0	0	0	0	0	0	0	0	0	0	0	0	0	0	0	0	0	0	0	0	0	0	0	0
Brachymonas	0	0	0	0	0	0	0	0	0	0	0	0	0	0	0	0	0	0	0	0	0	0	0	0	0	0	0	0	0	0	0	0	0	0	0	0	0	0	0	0	0	0	0	0	0	0	0	0	0	0	0	0	0	0	0	0	0	0	0	0	0	0	0	0	0	0	0	0	0	0	0	0	0	0	0	0	0	0	0	0	0
Brachyspira	0.04034753443873885	0.0002746224249529	0.0002222042663219	0.0003822334042964	0.0008213421368451	0.0003209530511471	0.0003207318446139	0.001341211440171	0.0002736722442905	0.0004950345008738	0.0005465760912001	0.0006482152626344	0.0003436256660342	0.0003979711275848	0.0003650748675922	0.0002748178837243	0.0006648921133392	0.0008542295357051	0.0005035472821275	0.0004117704310327	0.0005298184228892	0.0004392468629674	0.0003915988347041	0.0007665544472673	0.0006501235398898	0.000564086901989	0.0004728463177093	0.0001256732168518	0.0006156529479609001	0.0004238071101271	0.0009289980092899	0.0007816774798718	0.000276706455298	0.0005115786859311	0.0002224796347573	0.0010454708199069	0.0003619296688927	0.0004463030250147	0.0004460066079891	0.0003780654809412	9.25334739842138e-06	0.0002637879624396	0.0006864668430008	0.0003554707325928	0.0007036186099942	0.0004220489374917	0.0004316943688101	0.0003738750506452	0.0011103708638685	0.0003531388871032	0.0010898272579333	0.0001287425500565	0.0009938553580103001	0.000685323642574	0.0011028702751349	0.0001373901092275	0.0003202288279217	0.0004727840600644	0.0004069198931553	0.0009641976542716	0.0005024825939268001	0.000410302221345	0.0001084624272004	0.0007192775196596	0.000124990814796	0.0004462641135509	0.000465641779909	0.0004059305010435	0.0004941116295006	0.0005259627404945	0.0004273620600484	0.0003349056938701	0.000495462018332	0.0010273144790911	0.0006420573142827	0.0002610411375839	6.621237619665076e-05	0.0004696615881054	0.0006766053246048	0.0003943467051588	0.000495924123609
Brackiella	0	0	0	0	0	0	0	0	0	0	0	0	0	0	0	0	0	0	0	0	0	0	0	0	0	0	0	0	0	0	0	0	0	0	0	0	0	0	0	0	0	0	0	0	0	0	0	0	0	0	0	0	0	0	0	0	0	0	0	0	0	0	0	0	0	0	0	0	0	0	0	0	0	0	0	0	0	0	0	0	0
Bradymonas	0	0	0	0	0	0	0	0	0	0	0	0	0	0	0	0	0	0	0	0	0	0	0	0	0	0	0	0	0	0	0	0	0	0	0	0	0	0	0	0	0	0	0	0	0	0	0	0	0	0	0	0	0	0	0	0	0	0	0	0	0	0	0	0	0	0	0	0	0	0	0	0	0	0	0	0	0	0	0	0	0
Bradyrhizobium	0.3401872146822389	0.0014377653862447	0.0025957498383968	0.0023562995935746	0.0031006330182197	0.0020473216368206	0.0022621413367055	0.010016795350467	0.0098311490833599	0.003081337199317	0.0040915124541266	0.0020932908954105	0.0056449080334178	0.0061516452074391	0.0181074020680829	0.0041637875044855	0.0092383819149345	0.0033145797528993	0.0046281447650326	0.0029444259652808	0.0025186545839378	0.0037953836504633	0.0007710173012993	0.0085134475551606	0.0023443848862694	0.0022808022424356	0.0038853009932185	0.0006107596915601999	0.0073279645383901	0.0024479098680942	0.0072550320725503	0.0036296204908746	0.0018414155775193	0.0019950218939479	0.0038949603662453	0.0062012173290368	0.0045450388393343	0.0014580018241235	0.0029456963628067	0.0076768296268913	0.0001551796994746	0.003321875270805	0.0034648681886059	0.0016005687531721	0.0022645031591039	0.0014661613089389	0.0045591136998734	0.0065201305903314	0.0107217410615145	0.0032191573254613	0.0035421856026211	0.0004250154697378	0.0045502025970143	0.0024647391888679	0.0063480329133453	0.0006888993420134	0.0062336069299689	0.0022812876880545	0.0031723351871934	0.0038359656137544	0.0045673891334332	0.002777763350836	0.0001509042465398	0.0070577410207362	0.0006562918286984	0.002046871565598	0.0233132504912387	0.0040684417098158	0.0086134333805925	0.0031227449665111	0.0023300759452323	0.0029372294423524	0.0063959642366506	0.0030013697526387	0.0030325787612058	0.008777508251260399	0.0006721995583442	0.0016963071476277	0.0038486287407293	0.0036024439575048	0.0036367769064666
Branchiibius	0	0	0	0	0	0	0	0	0	0	0	0	0	0	0	0	0	0	0	0	0	0	0	0	0	0	0	0	0	0	0	0	0	0	0	0	0	0	0	0	0	0	0	0	0	0	0	0	0	0	0	0	0	0	0	0	0	0	0	0	0	0	0	0	0	0	0	0	0	0	0	0	0	0	0	0	0	0	0	0	0
Brasilonema	0	0	0	0	0	0	0	0	0	0	0	0	0	0	0	0	0	0	0	0	0	0	0	0	0	0	0	0	0	0	0	0	0	0	0	0	0	0	0	0	0	0	0	0	0	0	0	0	0	0	0	0	0	0	0	0	0	0	0	0	0	0	0	0	0	0	0	0	0	0	0	0	0	0	0	0	0	0	0	0	0
Bremerella	0	0	0	0	0	0	0	0	0	0	0	0	0	0	0	0	0	0	0	0	0	0	0	0	0	0	0	0	0	0	0	0	0	0	0	0	0	0	0	0	0	0	0	0	0	0	0	0	0	0	0	0	0	0	0	0	0	0	0	0	0	0	0	0	0	0	0	0	0	0	0	0	0	0	0	0	0	0	0	0	0
Brenneria	0	0	0	0	0	0	0	0	0	0	0	0	0	0	0	0	0	0	0	0	0	0	0	0	0	0	0	0	0	0	0	0	0	0	0	0	0	0	0	0	0	0	0	0	0	0	0	0	0	0	0	0	0	0	0	0	0	0	0	0	0	0	0	0	0	0	0	0	0	0	0	0	0	0	0	0	0	0	0	0	0
Breoghania	0	0	0	0	0	0	0	0	0	0	0	0	0	0	0	0	0	0	0	0	0	0	0	0	0	0	0	0	0	0	0	0	0	0	0	0	0	0	0	0	0	0	0	0	0	0	0	0	0	0	0	0	0	0	0	0	0	0	0	0	0	0	0	0	0	0	0	0	0	0	0	0	0	0	0	0	0	0	0	0	0
Brevibacillus	0.006071886459465211	4.925962779425239e-05	1.346692523163111e-05	2.903038513644281e-05	8.505808536907899e-05	1.794147490884734e-05	7.854657419116665e-06	0.00029452278247	2.59097982760268e-05	0.0003535960720527	0.00010931521824	0.000190020549803	0.0001536453129095	8.583690987124464e-05	3.035803803005913e-05	1.680541015580592e-05	9.046151201894264e-05	8.626872538804012e-05	0.0001090484560021	9.946662360011424e-05	0.0001178868402875	0.0001204554045017	2.740582824523831e-06	3.754552394778669e-05	6.402731832248426e-05	4.238803309744574e-05	0.0001182115794273	1.821350968867648e-06	5.083372964815152e-05	0.000116970762395	6.635700066357e-05	4.991434510024778e-05	3.755301893330979e-05	1.34981183623003e-05	3.655768646247981e-05	0.0001718582169709	1.167515060944286e-05	6.721075938135444e-05	3.172431939671541e-05	6.30109134902165e-05	2.02084598356329e-06	4.305629965440507e-05	0.0001756834574504	8.554108538330961e-05	8.184951177484205e-05	1.55974607333926e-05	2.737574046113382e-05	3.754393814010459e-05	6.218076837663779e-05	1.168781186630145e-05	0.0004505541519651	1.964149161118495e-05	8.18573795317402e-05	2.547220618416648e-05	0.000295304062741	3.653992266690767e-06	1.89966253851905e-05	0.0001286558393538	8.302395804932648e-05	0.0003446538051446	0.000115469484968	3.63558930305753e-05	9.4315154087383e-06	6.649924238363141e-05	4.682653003885881e-06	1.946961689429894e-05	5.787134931947745e-05	6.004116735692256e-05	0.0001067678395403	4.065412486914453e-05	4.536752229813721e-05	2.011800987912626e-05	5.405040199986487e-05	3.357236859774931e-05	6.074193512761328e-05	4.512679240148127e-05	2.159099223803829e-06	0.0001588561253885	3.313273496776534e-05	1.984134365579237e-05	1.721958762531555e-05
Brevibacterium	0	0	0	0	0	0	0	0	0	0	0	0	0	0	0	0	0	0	0	0	0	0	0	0	0	0	0	0	0	0	0	0	0	0	0	0	0	0	0	0	0	0	0	0	0	0	0	0	0	0	0	0	0	0	0	0	0	0	0	0	0	0	0	0	0	0	0	0	0	0	0	0	0	0	0	0	0	0	0	0	0
Brevirhabdus	0	0	0	0	0	0	0	0	0	0	0	0	0	0	0	0	0	0	0	0	0	0	0	0	0	0	0	0	0	0	0	0	0	0	0	0	0	0	0	0	0	0	0	0	0	0	0	0	0	0	0	0	0	0	0	0	0	0	0	0	0	0	0	0	0	0	0	0	0	0	0	0	0	0	0	0	0	0	0	0	0
Brevundimonas	0.1974368988738477	0.0023367535934898	0.0028044871794871	0.0018240758660731	0.0025038973880522	0.0031836150477143	0.001280309159316	0.0019136428994333	0.001473619776949	0.0083650727902771	0.0034043882251893	0.0024059053483122	0.0021100276924913	0.0024632592014566	0.0022472732254559	0.0015045784857139	0.0065833365371785	0.0016653247087161	0.0060361527704722	0.0026267744899126	0.0016320379676308	0.0021972727234966	0.001971088069238	0.0031569528052763	0.0024987071406877	0.0009591651079101	0.0025391364764746	0.0002343471579943	0.0013679921467535	0.0020410550423722	0.0024662685246626	0.0025889534845392	0.003849513853111	0.0026213345859587	0.0009515443533519	0.0029645542427497	0.0025699925279036	0.000797685591605	0.001683255064461	0.0029657136616061	0.0001050839911452	0.0034199782320429	0.0039333574084737	0.0018334305967156	0.0029164273406088	0.0025313761272605	0.0018131163490027	0.0022667152652088	0.0017499444814568	0.0011362222821454	0.0022754960788944	0.0008209813384372	0.0019743644041405	0.0009982678899794	0.00331061969658	0.0002893961875219	0.0022158206610011	0.0024591047017956	0.0047846399527685	0.0032507830201252	0.0021063664290871	0.0016489994338868	0.000141472731131	0.0053111180626192	0.0013122234533197	0.0003545519708119	0.004317202659233	0.0013026322830914	0.0020360378703043	0.0024811720584199	0.0015207193474335	0.0030354526670564	0.0096254757561426	0.001819622377998	0.0025747552501613	0.0027339893611851	0.0050736432760252	0.0026301048933902	0.0015607261997973	0.0012562050702073	0.001720236803769
Breznakia	0	0	0	0	0	0	0	0	0	0	0	0	0	0	0	0	0	0	0	0	0	0	0	0	0	0	0	0	0	0	0	0	0	0	0	0	0	0	0	0	0	0	0	0	0	0	0	0	0	0	0	0	0	0	0	0	0	0	0	0	0	0	0	0	0	0	0	0	0	0	0	0	0	0	0	0	0	0	0	0	0
Breznakibacter	0	0	0	0	0	0	0	0	0	0	0	0	0	0	0	0	0	0	0	0	0	0	0	0	0	0	0	0	0	0	0	0	0	0	0	0	0	0	0	0	0	0	0	0	0	0	0	0	0	0	0	0	0	0	0	0	0	0	0	0	0	0	0	0	0	0	0	0	0	0	0	0	0	0	0	0	0	0	0	0	0
Breznakiella	0	0	0	0	0	0	0	0	0	0	0	0	0	0	0	0	0	0	0	0	0	0	0	0	0	0	0	0	0	0	0	0	0	0	0	0	0	0	0	0	0	0	0	0	0	0	0	0	0	0	0	0	0	0	0	0	0	0	0	0	0	0	0	0	0	0	0	0	0	0	0	0	0	0	0	0	0	0	0	0	0
Brochothrix	0	0	0	0	0	0	0	0	0	0	0	0	0	0	0	0	0	0	0	0	0	0	0	0	0	0	0	0	0	0	0	0	0	0	0	0	0	0	0	0	0	0	0	0	0	0	0	0	0	0	0	0	0	0	0	0	0	0	0	0	0	0	0	0	0	0	0	0	0	0	0	0	0	0	0	0	0	0	0	0	0
Brooklawnia	0	0	0	0	0	0	0	0	0	0	0	0	0	0	0	0	0	0	0	0	0	0	0	0	0	0	0	0	0	0	0	0	0	0	0	0	0	0	0	0	0	0	0	0	0	0	0	0	0	0	0	0	0	0	0	0	0	0	0	0	0	0	0	0	0	0	0	0	0	0	0	0	0	0	0	0	0	0	0	0	0
Brotaphodocola	0	0	0	0	0	0	0	0	0	0	0	0	0	0	0	0	0	0	0	0	0	0	0	0	0	0	0	0	0	0	0	0	0	0	0	0	0	0	0	0	0	0	0	0	0	0	0	0	0	0	0	0	0	0	0	0	0	0	0	0	0	0	0	0	0	0	0	0	0	0	0	0	0	0	0	0	0	0	0	0	0
Brotocaccenecus	0	0	0	0	0	0	0	0	0	0	0	0	0	0	0	0	0	0	0	0	0	0	0	0	0	0	0	0	0	0	0	0	0	0	0	0	0	0	0	0	0	0	0	0	0	0	0	0	0	0	0	0	0	0	0	0	0	0	0	0	0	0	0	0	0	0	0	0	0	0	0	0	0	0	0	0	0	0	0	0	0
Brucella	0.1766077233505012	0.0012530417820162	0.0013349089635854	0.0020659957422101	0.002101200515133	0.0013495976125877	0.0017123153173674	0.0038786384891434	0.003146421128145	0.0023741450552115	0.0026391816975091	0.0017377685764242	0.0026887929759176	0.0029600728313174	0.0039496585888338	0.0022766387993424	0.0037292758329809	0.0024535840426539	0.0024856633353432	0.0020470872857055	0.0017893698343264	0.0019542850971742	0.0006126725158824	0.0040674317610102	0.0017861980085862	0.0020688620769484	0.0024691745213034	0.0004589804441546	0.0033629336258343	0.0018647512845593	0.0027759345277593	0.0023742276225985	0.0019804276300619	0.0020935581579927	0.0016847870932565	0.0028213390619405	0.0023744337551954	0.0015493848741596	0.0024157136152381	0.0030150722105068	0.0001907040446594	0.0024018875009742	0.0021277218735664	0.0012508007596048	0.0018164847788627	0.0012147669418242	0.0024195942915263	0.0031662054498154	0.0037219631356873	0.0021639148826752	0.0026242803237271	0.0003773147043963	0.0028392054139759	0.0021020634912933	0.003071564026742	0.0005829335662794	0.0023230159042461	0.0016620660872621	0.0018747014724965	0.0024740103958416	0.0026805416153292	0.0018134665690251	0.0003442503124189	0.0029144310820173	0.0006876295834167	0.0013936146829603	0.0042771378789349	0.0019970214360019	0.0038535741155029	0.0022143793639662	0.0015960294344484	0.0023881261138868	0.003333108123325	0.001551043429216	0.0022549815916796	0.0032491290529066	0.0004855574254421	0.0014842687541742	0.0032365450579038	0.0023127566198782	0.0024314057726945
Brucepastera	0	0	0	0	0	0	0	0	0	0	0	0	0	0	0	0	0	0	0	0	0	0	0	0	0	0	0	0	0	0	0	0	0	0	0	0	0	0	0	0	0	0	0	0	0	0	0	0	0	0	0	0	0	0	0	0	0	0	0	0	0	0	0	0	0	0	0	0	0	0	0	0	0	0	0	0	0	0	0	0	0
Brumicola	0	0	0	0	0	0	0	0	0	0	0	0	0	0	0	0	0	0	0	0	0	0	0	0	0	0	0	0	0	0	0	0	0	0	0	0	0	0	0	0	0	0	0	0	0	0	0	0	0	0	0	0	0	0	0	0	0	0	0	0	0	0	0	0	0	0	0	0	0	0	0	0	0	0	0	0	0	0	0	0	0
Brumimicrobium	0	0	0	0	0	0	0	0	0	0	0	0	0	0	0	0	0	0	0	0	0	0	0	0	0	0	0	0	0	0	0	0	0	0	0	0	0	0	0	0	0	0	0	0	0	0	0	0	0	0	0	0	0	0	0	0	0	0	0	0	0	0	0	0	0	0	0	0	0	0	0	0	0	0	0	0	0	0	0	0	0
Bryobacter	0	0	0	0	0	0	0	0	0	0	0	0	0	0	0	0	0	0	0	0	0	0	0	0	0	0	0	0	0	0	0	0	0	0	0	0	0	0	0	0	0	0	0	0	0	0	0	0	0	0	0	0	0	0	0	0	0	0	0	0	0	0	0	0	0	0	0	0	0	0	0	0	0	0	0	0	0	0	0	0	0
Buchananella	0	0	0	0	0	0	0	0	0	0	0	0	0	0	0	0	0	0	0	0	0	0	0	0	0	0	0	0	0	0	0	0	0	0	0	0	0	0	0	0	0	0	0	0	0	0	0	0	0	0	0	0	0	0	0	0	0	0	0	0	0	0	0	0	0	0	0	0	0	0	0	0	0	0	0	0	0	0	0	0	0
Buchnera	0	0	0	0	0	0	0	0	0	0	0	0	0	0	0	0	0	0	0	0	0	0	0	0	0	0	0	0	0	0	0	0	0	0	0	0	0	0	0	0	0	0	0	0	0	0	0	0	0	0	0	0	0	0	0	0	0	0	0	0	0	0	0	0	0	0	0	0	0	0	0	0	0	0	0	0	0	0	0	0	0
Budvicia	0	0	0	0	0	0	0	0	0	0	0	0	0	0	0	0	0	0	0	0	0	0	0	0	0	0	0	0	0	0	0	0	0	0	0	0	0	0	0	0	0	0	0	0	0	0	0	0	0	0	0	0	0	0	0	0	0	0	0	0	0	0	0	0	0	0	0	0	0	0	0	0	0	0	0	0	0	0	0	0	0
Bulleidia	0	0	0	0	0	0	0	0	0	0	0	0	0	0	0	0	0	0	0	0	0	0	0	0	0	0	0	0	0	0	0	0	0	0	0	0	0	0	0	0	0	0	0	0	0	0	0	0	0	0	0	0	0	0	0	0	0	0	0	0	0	0	0	0	0	0	0	0	0	0	0	0	0	0	0	0	0	0	0	0	0
Bullifex	0	0	0	0	0	0	0	0	0	0	0	0	0	0	0	0	0	0	0	0	0	0	0	0	0	0	0	0	0	0	0	0	0	0	0	0	0	0	0	0	0	0	0	0	0	0	0	0	0	0	0	0	0	0	0	0	0	0	0	0	0	0	0	0	0	0	0	0	0	0	0	0	0	0	0	0	0	0	0	0	0
Burkholderia	2.155433709598146	0.0141350501955607	0.0211481227106227	0.0168182697890458	0.0193334369978748	0.0213692933650432	0.0247343162127983	0.0497803917304044	0.039654946261459	0.022710970570704	0.023549621300851	0.0161793303614528	0.0324570532801457	0.0334347769540902	0.08176898622834849	0.0332668036801871	0.0505906005965936	0.0242313625722289	0.0318389418450998	0.03068919674819	0.0246271436466837	0.0276891669055006	0.0077786875836068	0.0340381462523309	0.0214491516380322	0.0280913103445277	0.0272152005616256	0.0080491570484157	0.0593365181606323	0.0257081393003114	0.0400796284007962	0.0271336263525139	0.0145033712069803	0.0209990227362305	0.0508089171508819	0.0208378088077336	0.0331228887435981	0.0198395549468592	0.0297779390949051	0.0357397901316508	0.0020383954355258	0.0272094013157787	0.0250153723025269	0.0129081497843414	0.02279437105112	0.0140312921762219	0.0319917114681188	0.0486757157986456	0.063681989784588	0.0260855263981753	0.0157456819423626	0.0036133742382526	0.0354976305847642	0.0226823931259006	0.0333030663409616	0.005246645695999	0.0460885269880986	0.0196655157373287	0.0268146884756596	0.0229252049180327	0.0275978413550788	0.0236157493728608	0.0016835255004597	0.0283571769307342	0.0072411825643936	0.0221138982835483	0.0510852658654304	0.0195929991998861	0.042642578517814	0.0211782581740199	0.0157289199807641	0.0173180562688902	0.0308898047429227	0.018988531678887	0.0264157137880176	0.0366651716970312	0.0047325055986642	0.0154511755698618	0.0280599388613848	0.0313666841518507	0.0341774375187263
Buttiauxella	0	0	0	0	0	0	0	0	0	0	0	0	0	0	0	0	0	0	0	0	0	0	0	0	0	0	0	0	0	0	0	0	0	0	0	0	0	0	0	0	0	0	0	0	0	0	0	0	0	0	0	0	0	0	0	0	0	0	0	0	0	0	0	0	0	0	0	0	0	0	0	0	0	0	0	0	0	0	0	0	0
Butyribacter	0	0	0	0	0	0	0	0	0	0	0	0	0	0	0	0	0	0	0	0	0	0	0	0	0	0	0	0	0	0	0	0	0	0	0	0	0	0	0	0	0	0	0	0	0	0	0	0	0	0	0	0	0	0	0	0	0	0	0	0	0	0	0	0	0	0	0	0	0	0	0	0	0	0	0	0	0	0	0	0	0
Butyricicoccus	0	0	0	0	0	0	0	0	0	0	0	0	0	0	0	0	0	0	0	0	0	0	0	0	0	0	0	0	0	0	0	0	0	0	0	0	0	0	0	0	0	0	0	0	0	0	0	0	0	0	0	0	0	0	0	0	0	0	0	0	0	0	0	0	0	0	0	0	0	0	0	0	0	0	0	0	0	0	0	0	0
Butyricimonas	0	0	0	0	0	0	0	0	0	0	0	0	0	0	0	0	0	0	0	0	0	0	0	0	0	0	0	0	0	0	0	0	0	0	0	0	0	0	0	0	0	0	0	0	0	0	0	0	0	0	0	0	0	0	0	0	0	0	0	0	0	0	0	0	0	0	0	0	0	0	0	0	0	0	0	0	0	0	0	0	0
Butyrivibrio	0.03898642950333775	0.0002130478902101	8.416828269769446e-05	0.0005854461002515	0.0003508646021474	0.0001196098327256	0.0003783326656874	0.0003806140573458	0.000495524892029	0.0002525686228948	0.0002342468962286	0.000258979620296	0.0001827133450816	0.0001794771751853	0.0001875971068011	0.0005694068382202	0.0021936916664593	0.0001962190616669	0.000513169204716	0.0001593605044776	0.000299871848488	0.0003873264299925	1.248487731171968e-05	0.0008197439395266	0.0002971524260607	0.0004689855456807	0.0003570472194947	1.214233979245099e-05	0.0002338351563814	0.0002288558394686	0.0006635700066357	0.0018929779934244	0.0001910592191343	0.0001660268558562	9.296097414744864e-05	0.0012173290368779	8.902302339700182e-05	0.0001214510213382	0.0011112842471025	0.00046102985037	2.690915967586907e-05	0.0001934808402191	0.0006213988957969	0.0002043481484156	0.0005040206777713	0.0002633218370872	0.0005538322877906	0.0009260838074559	0.0001954252720408	0.0001728126468803	0.002049230945561	3.086520110329064e-05	0.0010855000329209	0.0006258884948109001	0.0010004178452044	0.0001583396648899	0.0001913231556651	0.0005303130939219	0.0008784139759046	0.0009621151539384	0.0003984331679116	0.0002328508386958	1.414727311310745e-05	0.0002341044757382	9.365306007771762e-06	0.000546173989719	0.0015536231471152	0.0004999079803848	0.0002979567615079	0.0007203402750251	0.0005044868479552	0.0005171511951281	0.0009593946354976	0.0006915907931136	0.0003990895737723	0.0009733501991827	9.35609663648326e-06	0.0005207718197521	0.0006835806372296	0.0007676119826834	0.0006199051545113
Bythopirellula	0	0	0	0	0	0	0	0	0	0	0	0	0	0	0	0	0	0	0	0	0	0	0	0	0	0	0	0	0	0	0	0	0	0	0	0	0	0	0	0	0	0	0	0	0	0	0	0	0	0	0	0	0	0	0	0	0	0	0	0	0	0	0	0	0	0	0	0	0	0	0	0	0	0	0	0	0	0	0	0	0
Caballeronia	0	0	0	0	0	0	0	0	0	0	0	0	0	0	0	0	0	0	0	0	0	0	0	0	0	0	0	0	0	0	0	0	0	0	0	0	0	0	0	0	0	0	0	0	0	0	0	0	0	0	0	0	0	0	0	0	0	0	0	0	0	0	0	0	0	0	0	0	0	0	0	0	0	0	0	0	0	0	0	0	0
Caecibacter	0	0	0	0	0	0	0	0	0	0	0	0	0	0	0	0	0	0	0	0	0	0	0	0	0	0	0	0	0	0	0	0	0	0	0	0	0	0	0	0	0	0	0	0	0	0	0	0	0	0	0	0	0	0	0	0	0	0	0	0	0	0	0	0	0	0	0	0	0	0	0	0	0	0	0	0	0	0	0	0	0
Caedibacter	0	0	0	0	0	0	0	0	0	0	0	0	0	0	0	0	0	0	0	0	0	0	0	0	0	0	0	0	0	0	0	0	0	0	0	0	0	0	0	0	0	0	0	0	0	0	0	0	0	0	0	0	0	0	0	0	0	0	0	0	0	0	0	0	0	0	0	0	0	0	0	0	0	0	0	0	0	0	0	0	0
Caedimonas	0	0	0	0	0	0	0	0	0	0	0	0	0	0	0	0	0	0	0	0	0	0	0	0	0	0	0	0	0	0	0	0	0	0	0	0	0	0	0	0	0	0	0	0	0	0	0	0	0	0	0	0	0	0	0	0	0	0	0	0	0	0	0	0	0	0	0	0	0	0	0	0	0	0	0	0	0	0	0	0	0
Caenibius	0	0	0	0	0	0	0	0	0	0	0	0	0	0	0	0	0	0	0	0	0	0	0	0	0	0	0	0	0	0	0	0	0	0	0	0	0	0	0	0	0	0	0	0	0	0	0	0	0	0	0	0	0	0	0	0	0	0	0	0	0	0	0	0	0	0	0	0	0	0	0	0	0	0	0	0	0	0	0	0	0
Caenimonas	0	0	0	0	0	0	0	0	0	0	0	0	0	0	0	0	0	0	0	0	0	0	0	0	0	0	0	0	0	0	0	0	0	0	0	0	0	0	0	0	0	0	0	0	0	0	0	0	0	0	0	0	0	0	0	0	0	0	0	0	0	0	0	0	0	0	0	0	0	0	0	0	0	0	0	0	0	0	0	0	0
Caenispirillum	0	0	0	0	0	0	0	0	0	0	0	0	0	0	0	0	0	0	0	0	0	0	0	0	0	0	0	0	0	0	0	0	0	0	0	0	0	0	0	0	0	0	0	0	0	0	0	0	0	0	0	0	0	0	0	0	0	0	0	0	0	0	0	0	0	0	0	0	0	0	0	0	0	0	0	0	0	0	0	0	0
Caldalkalibacillus	0	0	0	0	0	0	0	0	0	0	0	0	0	0	0	0	0	0	0	0	0	0	0	0	0	0	0	0	0	0	0	0	0	0	0	0	0	0	0	0	0	0	0	0	0	0	0	0	0	0	0	0	0	0	0	0	0	0	0	0	0	0	0	0	0	0	0	0	0	0	0	0	0	0	0	0	0	0	0	0	0
Caldanaerobacter	0	0	0	0	0	0	0	0	0	0	0	0	0	0	0	0	0	0	0	0	0	0	0	0	0	0	0	0	0	0	0	0	0	0	0	0	0	0	0	0	0	0	0	0	0	0	0	0	0	0	0	0	0	0	0	0	0	0	0	0	0	0	0	0	0	0	0	0	0	0	0	0	0	0	0	0	0	0	0	0	0
Caldanaerobius	0	0	0	0	0	0	0	0	0	0	0	0	0	0	0	0	0	0	0	0	0	0	0	0	0	0	0	0	0	0	0	0	0	0	0	0	0	0	0	0	0	0	0	0	0	0	0	0	0	0	0	0	0	0	0	0	0	0	0	0	0	0	0	0	0	0	0	0	0	0	0	0	0	0	0	0	0	0	0	0	0
Caldibacillus	0	0	0	0	0	0	0	0	0	0	0	0	0	0	0	0	0	0	0	0	0	0	0	0	0	0	0	0	0	0	0	0	0	0	0	0	0	0	0	0	0	0	0	0	0	0	0	0	0	0	0	0	0	0	0	0	0	0	0	0	0	0	0	0	0	0	0	0	0	0	0	0	0	0	0	0	0	0	0	0	0
Caldicellulosiruptor	0.09213701825653994	0.0006582317764006	0.0006834464555052	0.0011708922005031	0.0011030970446302	0.0007176589963538	0.0007160829347094	0.0024890951051823	0.0008210167328715	0.0010910964509057	0.0016084953541032	0.0015125022794803	0.000762516772514	0.0008843802835219	0.0007464963710468	0.0008382934007131	0.0022049993554617	0.0021423400138029	0.001019923794373	0.0009315637543623	0.001058292128969	0.0008836857692323	0.0005886162888671	0.0014423738783274	0.0013051722581121	0.0011390425304134	0.0010228920342282	0.0002319186900358	0.0014030109382889	0.0009662802110898	0.0020238885202388	0.0016773103513875	0.0005824012059130001	0.0014119031806966	0.0004783834399947	0.0018045112781954	0.0008547183175329	0.0011932857630514	0.0012045910688576	0.0013904408243507	2.722824062064222e-05	0.0005608219284099	0.0013892006728025	0.0008535099408245	0.0013885697874784	0.0009587850862585	0.0009834208304114001	0.0010590519217021	0.0019720186542305	0.0007238094920059	0.0025531401944694	0.000255174336394	0.0019530103051322	0.001444637979302	0.0024950179994857	0.0002029183705435	0.0009199794293685	0.0010846837838205	0.0009501630754534	0.0021335215913634	0.0011597704314371	0.0008206044426901	0.000179198792766	0.0032923910616875	0.0003331887714303	0.0009627213195891	0.0012838536264413	0.0009319433368009	0.001236520560258	0.0013720767143336	0.0009908266869913	0.0007917028593609	0.0012026214444969	0.0017659065882416	0.0013699565368864	0.0007525760455877	0.0001681698395429	0.0009869800138272999	0.0015903712784527	0.0011011945728964	0.0011709319585214
Caldichromatium	0	0	0	0	0	0	0	0	0	0	0	0	0	0	0	0	0	0	0	0	0	0	0	0	0	0	0	0	0	0	0	0	0	0	0	0	0	0	0	0	0	0	0	0	0	0	0	0	0	0	0	0	0	0	0	0	0	0	0	0	0	0	0	0	0	0	0	0	0	0	0	0	0	0	0	0	0	0	0	0	0
Caldicoprobacter	0	0	0	0	0	0	0	0	0	0	0	0	0	0	0	0	0	0	0	0	0	0	0	0	0	0	0	0	0	0	0	0	0	0	0	0	0	0	0	0	0	0	0	0	0	0	0	0	0	0	0	0	0	0	0	0	0	0	0	0	0	0	0	0	0	0	0	0	0	0	0	0	0	0	0	0	0	0	0	0	0
Caldifermentibacillus	0	0	0	0	0	0	0	0	0	0	0	0	0	0	0	0	0	0	0	0	0	0	0	0	0	0	0	0	0	0	0	0	0	0	0	0	0	0	0	0	0	0	0	0	0	0	0	0	0	0	0	0	0	0	0	0	0	0	0	0	0	0	0	0	0	0	0	0	0	0	0	0	0	0	0	0	0	0	0	0	0
Caldilinea	0	0	0	0	0	0	0	0	0	0	0	0	0	0	0	0	0	0	0	0	0	0	0	0	0	0	0	0	0	0	0	0	0	0	0	0	0	0	0	0	0	0	0	0	0	0	0	0	0	0	0	0	0	0	0	0	0	0	0	0	0	0	0	0	0	0	0	0	0	0	0	0	0	0	0	0	0	0	0	0	0
Caldimicrobium	0	0	0	0	0	0	0	0	0	0	0	0	0	0	0	0	0	0	0	0	0	0	0	0	0	0	0	0	0	0	0	0	0	0	0	0	0	0	0	0	0	0	0	0	0	0	0	0	0	0	0	0	0	0	0	0	0	0	0	0	0	0	0	0	0	0	0	0	0	0	0	0	0	0	0	0	0	0	0	0	0
Caldimonas	0	0	0	0	0	0	0	0	0	0	0	0	0	0	0	0	0	0	0	0	0	0	0	0	0	0	0	0	0	0	0	0	0	0	0	0	0	0	0	0	0	0	0	0	0	0	0	0	0	0	0	0	0	0	0	0	0	0	0	0	0	0	0	0	0	0	0	0	0	0	0	0	0	0	0	0	0	0	0	0	0
Caldinitratiruptor	0	0	0	0	0	0	0	0	0	0	0	0	0	0	0	0	0	0	0	0	0	0	0	0	0	0	0	0	0	0	0	0	0	0	0	0	0	0	0	0	0	0	0	0	0	0	0	0	0	0	0	0	0	0	0	0	0	0	0	0	0	0	0	0	0	0	0	0	0	0	0	0	0	0	0	0	0	0	0	0	0
Caldisalinibacter	0	0	0	0	0	0	0	0	0	0	0	0	0	0	0	0	0	0	0	0	0	0	0	0	0	0	0	0	0	0	0	0	0	0	0	0	0	0	0	0	0	0	0	0	0	0	0	0	0	0	0	0	0	0	0	0	0	0	0	0	0	0	0	0	0	0	0	0	0	0	0	0	0	0	0	0	0	0	0	0	0
Caldisericum	0	0	0	0	0	0	0	0	0	0	0	0	0	0	0	0	0	0	0	0	0	0	0	0	0	0	0	0	0	0	0	0	0	0	0	0	0	0	0	0	0	0	0	0	0	0	0	0	0	0	0	0	0	0	0	0	0	0	0	0	0	0	0	0	0	0	0	0	0	0	0	0	0	0	0	0	0	0	0	0	0
Calditerricola	0	0	0	0	0	0	0	0	0	0	0	0	0	0	0	0	0	0	0	0	0	0	0	0	0	0	0	0	0	0	0	0	0	0	0	0	0	0	0	0	0	0	0	0	0	0	0	0	0	0	0	0	0	0	0	0	0	0	0	0	0	0	0	0	0	0	0	0	0	0	0	0	0	0	0	0	0	0	0	0	0
Calditerrivibrio	0	0	0	0	0	0	0	0	0	0	0	0	0	0	0	0	0	0	0	0	0	0	0	0	0	0	0	0	0	0	0	0	0	0	0	0	0	0	0	0	0	0	0	0	0	0	0	0	0	0	0	0	0	0	0	0	0	0	0	0	0	0	0	0	0	0	0	0	0	0	0	0	0	0	0	0	0	0	0	0	0
Caldithrix	0	0	0	0	0	0	0	0	0	0	0	0	0	0	0	0	0	0	0	0	0	0	0	0	0	0	0	0	0	0	0	0	0	0	0	0	0	0	0	0	0	0	0	0	0	0	0	0	0	0	0	0	0	0	0	0	0	0	0	0	0	0	0	0	0	0	0	0	0	0	0	0	0	0	0	0	0	0	0	0	0
Caldovatus	0	0	0	0	0	0	0	0	0	0	0	0	0	0	0	0	0	0	0	0	0	0	0	0	0	0	0	0	0	0	0	0	0	0	0	0	0	0	0	0	0	0	0	0	0	0	0	0	0	0	0	0	0	0	0	0	0	0	0	0	0	0	0	0	0	0	0	0	0	0	0	0	0	0	0	0	0	0	0	0	0
Calidifontibacillus	0	0	0	0	0	0	0	0	0	0	0	0	0	0	0	0	0	0	0	0	0	0	0	0	0	0	0	0	0	0	0	0	0	0	0	0	0	0	0	0	0	0	0	0	0	0	0	0	0	0	0	0	0	0	0	0	0	0	0	0	0	0	0	0	0	0	0	0	0	0	0	0	0	0	0	0	0	0	0	0	0
Calidithermus	0	0	0	0	0	0	0	0	0	0	0	0	0	0	0	0	0	0	0	0	0	0	0	0	0	0	0	0	0	0	0	0	0	0	0	0	0	0	0	0	0	0	0	0	0	0	0	0	0	0	0	0	0	0	0	0	0	0	0	0	0	0	0	0	0	0	0	0	0	0	0	0	0	0	0	0	0	0	0	0	0
Caloramator	0	0	0	0	0	0	0	0	0	0	0	0	0	0	0	0	0	0	0	0	0	0	0	0	0	0	0	0	0	0	0	0	0	0	0	0	0	0	0	0	0	0	0	0	0	0	0	0	0	0	0	0	0	0	0	0	0	0	0	0	0	0	0	0	0	0	0	0	0	0	0	0	0	0	0	0	0	0	0	0	0
Caloranaerobacter	0	0	0	0	0	0	0	0	0	0	0	0	0	0	0	0	0	0	0	0	0	0	0	0	0	0	0	0	0	0	0	0	0	0	0	0	0	0	0	0	0	0	0	0	0	0	0	0	0	0	0	0	0	0	0	0	0	0	0	0	0	0	0	0	0	0	0	0	0	0	0	0	0	0	0	0	0	0	0	0	0
Calothrix	0.0006855814078063156	6.773198821709703e-06	8.416828269769447e-06	4.838397522740468e-06	0	4.983743030235373e-06	9.163766988969442e-06	9.062239460615506e-06	1.457426153026507e-05	1.010274491579362e-05	0	7.662118943669633e-06	1.557216009218719e-06	7.803355442840421e-06	1.634663586233953e-05	7.908428308614552e-06	2.035384020426209e-05	5.07463090517883e-06	1.282923011790062e-05	8.021501903235019e-06	2.689433618727064e-06	3.11522597849248e-06	7.308220865396884e-06	1.564396831157779e-05	4.925178332498789e-06	4.890926895859124e-06	7.237443638407666e-06	1.821350968867648e-06	1.355566123950707e-05	6.780913762034003e-06	0	1.789382182839071e-05	3.294124467834192e-06	2.699623672460059e-06	7.31153729249596e-06	0	8.269898348355361e-06	5.895680647487231e-06	1.212988682815589e-05	2.730472917909382e-05	6.38161889546302e-07	2.725082256607916e-06	1.301358944077353e-05	2.851369512776987e-06	8.615738081562321e-06	9.174976901995648e-06	6.317478567953958e-06	1.564330755837691e-06	3.553186764379303e-05	1.502718668524472e-05	8.89251615720783e-06	4.29141833521688e-06	1.779508250690004e-05	1.212962199246023e-06	4.017742350218565e-06	4.871989688921022e-07	9.498312692595251e-06	3.137947301313022e-06	6.149922818468628e-06	4.165000666400107e-06	5.075581756836491e-06	9.521781508007818e-06	0	5.428509582337258e-06	8.248673368383592e-05	9.734808447149469e-06	1.335492676603326e-05	5.220971074515004e-06	9.931892050265304e-06	8.893089815125366e-06	7.258803567701954e-06	5.917061729154784e-06	0	1.342894743909972e-05	5.521994102510298e-06	2.08277503391452e-06	2.39899913755981e-06	2.072036418112085e-06	1.220679709338723e-05	6.200419892435115e-06	1.549762886278399e-05
Camelimonas	0	0	0	0	0	0	0	0	0	0	0	0	0	0	0	0	0	0	0	0	0	0	0	0	0	0	0	0	0	0	0	0	0	0	0	0	0	0	0	0	0	0	0	0	0	0	0	0	0	0	0	0	0	0	0	0	0	0	0	0	0	0	0	0	0	0	0	0	0	0	0	0	0	0	0	0	0	0	0	0	0
Caminibacter	0	0	0	0	0	0	0	0	0	0	0	0	0	0	0	0	0	0	0	0	0	0	0	0	0	0	0	0	0	0	0	0	0	0	0	0	0	0	0	0	0	0	0	0	0	0	0	0	0	0	0	0	0	0	0	0	0	0	0	0	0	0	0	0	0	0	0	0	0	0	0	0	0	0	0	0	0	0	0	0	0
Caminicella	0	0	0	0	0	0	0	0	0	0	0	0	0	0	0	0	0	0	0	0	0	0	0	0	0	0	0	0	0	0	0	0	0	0	0	0	0	0	0	0	0	0	0	0	0	0	0	0	0	0	0	0	0	0	0	0	0	0	0	0	0	0	0	0	0	0	0	0	0	0	0	0	0	0	0	0	0	0	0	0	0
Campylobacter	0.2459962060142705	0.0016403456055486	0.0012507406808877	0.0020563189471646	0.0020998714825491	0.0031746443102599	0.0015787861412424	0.0145313009750969	0.0010412500182178	0.0022428093713061	0.0025298664792691	0.002332349006453	0.0013656784400848	0.0025282871634802	0.0024013986493008	0.0012999479032285	0.0040458911250472	0.0048589590917087	0.0017191168357986	0.0036685002037461	0.004424118302806	0.0034662081054026	0.0011452591114482	0.0059885110696719	0.0037020923799282	0.0016145493119552	0.0024233373782601	0.0004274103606942	0.0011612683128511	0.0031260012442976	0.0059500110595001	0.0032792782950766	0.0014625912637183	0.0038213173083672	0.0009181201828719	0.0034085213032581	0.0038805281838135	0.0046216240595652	0.0029027752247994	0.0014198459173128	4.467133226824114e-05	0.0014453836289048	0.0033249721021176	0.0027496706668212	0.0053230901780585	0.0051343170743567	0.002139519408347	0.0031552551345246	0.0067332889184987	0.0024878342401127	0.0058720248358095	0.0004609973619331	0.0058127637008788	0.004116793704241	0.0046866964515299	0.0004187475137627	0.0010624541197574	0.002319989038104	0.0027797651139478	0.0037703668532586	0.0025441353556142	0.0023951608575143	0.0003866921317582	0.0051489413388468	0.0010424305994804	0.0026570903477324	0.002922057976408	0.0015754280217349	0.002249573549385	0.005911363844254	0.002920761085554	0.0031786455609019	0.0027745873026597	0.0099642789998119	0.0057694798381955	0.0014954324743506	0.0003622488697715	0.0022081001429014	0.0025268069983311	0.0037400932791168	0.0048748652567268
Candidatus Accumulibacter	0	0	0	0	0	0	0	0	0	0	0	0	0	0	0	0	0	0	0	0	0	0	0	0	0	0	0	0	0	0	0	0	0	0	0	0	0	0	0	0	0	0	0	0	0	0	0	0	0	0	0	0	0	0	0	0	0	0	0	0	0	0	0	0	0	0	0	0	0	0	0	0	0	0	0	0	0	0	0	0	0
Candidatus Amoebophilus	0	0	0	0	0	0	0	0	0	0	0	0	0	0	0	0	0	0	0	0	0	0	0	0	0	0	0	0	0	0	0	0	0	0	0	0	0	0	0	0	0	0	0	0	0	0	0	0	0	0	0	0	0	0	0	0	0	0	0	0	0	0	0	0	0	0	0	0	0	0	0	0	0	0	0	0	0	0	0	0	0
Candidatus Aquiluna	0	0	0	0	0	0	0	0	0	0	0	0	0	0	0	0	0	0	0	0	0	0	0	0	0	0	0	0	0	0	0	0	0	0	0	0	0	0	0	0	0	0	0	0	0	0	0	0	0	0	0	0	0	0	0	0	0	0	0	0	0	0	0	0	0	0	0	0	0	0	0	0	0	0	0	0	0	0	0	0	0
Candidatus Arthromitus	0	0	0	0	0	0	0	0	0	0	0	0	0	0	0	0	0	0	0	0	0	0	0	0	0	0	0	0	0	0	0	0	0	0	0	0	0	0	0	0	0	0	0	0	0	0	0	0	0	0	0	0	0	0	0	0	0	0	0	0	0	0	0	0	0	0	0	0	0	0	0	0	0	0	0	0	0	0	0	0	0
Candidatus Atelocyanobacterium	0	0	0	0	0	0	0	0	0	0	0	0	0	0	0	0	0	0	0	0	0	0	0	0	0	0	0	0	0	0	0	0	0	0	0	0	0	0	0	0	0	0	0	0	0	0	0	0	0	0	0	0	0	0	0	0	0	0	0	0	0	0	0	0	0	0	0	0	0	0	0	0	0	0	0	0	0	0	0	0	0
Candidatus Azobacteroides	0	0	0	0	0	0	0	0	0	0	0	0	0	0	0	0	0	0	0	0	0	0	0	0	0	0	0	0	0	0	0	0	0	0	0	0	0	0	0	0	0	0	0	0	0	0	0	0	0	0	0	0	0	0	0	0	0	0	0	0	0	0	0	0	0	0	0	0	0	0	0	0	0	0	0	0	0	0	0	0	0
Candidatus Babela	0	0	0	0	0	0	0	0	0	0	0	0	0	0	0	0	0	0	0	0	0	0	0	0	0	0	0	0	0	0	0	0	0	0	0	0	0	0	0	0	0	0	0	0	0	0	0	0	0	0	0	0	0	0	0	0	0	0	0	0	0	0	0	0	0	0	0	0	0	0	0	0	0	0	0	0	0	0	0	0	0
Candidatus Blochmannia	0	0	0	0	0	0	0	0	0	0	0	0	0	0	0	0	0	0	0	0	0	0	0	0	0	0	0	0	0	0	0	0	0	0	0	0	0	0	0	0	0	0	0	0	0	0	0	0	0	0	0	0	0	0	0	0	0	0	0	0	0	0	0	0	0	0	0	0	0	0	0	0	0	0	0	0	0	0	0	0	0
Candidatus Brocadia	0	0	0	0	0	0	0	0	0	0	0	0	0	0	0	0	0	0	0	0	0	0	0	0	0	0	0	0	0	0	0	0	0	0	0	0	0	0	0	0	0	0	0	0	0	0	0	0	0	0	0	0	0	0	0	0	0	0	0	0	0	0	0	0	0	0	0	0	0	0	0	0	0	0	0	0	0	0	0	0	0
Candidatus Cardinium	0	0	0	0	0	0	0	0	0	0	0	0	0	0	0	0	0	0	0	0	0	0	0	0	0	0	0	0	0	0	0	0	0	0	0	0	0	0	0	0	0	0	0	0	0	0	0	0	0	0	0	0	0	0	0	0	0	0	0	0	0	0	0	0	0	0	0	0	0	0	0	0	0	0	0	0	0	0	0	0	0
Candidatus Carsonella	0	0	0	0	0	0	0	0	0	0	0	0	0	0	0	0	0	0	0	0	0	0	0	0	0	0	0	0	0	0	0	0	0	0	0	0	0	0	0	0	0	0	0	0	0	0	0	0	0	0	0	0	0	0	0	0	0	0	0	0	0	0	0	0	0	0	0	0	0	0	0	0	0	0	0	0	0	0	0	0	0
Candidatus Cloacimonas	0	0	0	0	0	0	0	0	0	0	0	0	0	0	0	0	0	0	0	0	0	0	0	0	0	0	0	0	0	0	0	0	0	0	0	0	0	0	0	0	0	0	0	0	0	0	0	0	0	0	0	0	0	0	0	0	0	0	0	0	0	0	0	0	0	0	0	0	0	0	0	0	0	0	0	0	0	0	0	0	0
Candidatus Competibacter	0	0	0	0	0	0	0	0	0	0	0	0	0	0	0	0	0	0	0	0	0	0	0	0	0	0	0	0	0	0	0	0	0	0	0	0	0	0	0	0	0	0	0	0	0	0	0	0	0	0	0	0	0	0	0	0	0	0	0	0	0	0	0	0	0	0	0	0	0	0	0	0	0	0	0	0	0	0	0	0	0
Candidatus Contendobacter	0	0	0	0	0	0	0	0	0	0	0	0	0	0	0	0	0	0	0	0	0	0	0	0	0	0	0	0	0	0	0	0	0	0	0	0	0	0	0	0	0	0	0	0	0	0	0	0	0	0	0	0	0	0	0	0	0	0	0	0	0	0	0	0	0	0	0	0	0	0	0	0	0	0	0	0	0	0	0	0	0
Candidatus Desulfofervidus	0	0	0	0	0	0	0	0	0	0	0	0	0	0	0	0	0	0	0	0	0	0	0	0	0	0	0	0	0	0	0	0	0	0	0	0	0	0	0	0	0	0	0	0	0	0	0	0	0	0	0	0	0	0	0	0	0	0	0	0	0	0	0	0	0	0	0	0	0	0	0	0	0	0	0	0	0	0	0	0	0
Candidatus Desulforudis	0	0	0	0	0	0	0	0	0	0	0	0	0	0	0	0	0	0	0	0	0	0	0	0	0	0	0	0	0	0	0	0	0	0	0	0	0	0	0	0	0	0	0	0	0	0	0	0	0	0	0	0	0	0	0	0	0	0	0	0	0	0	0	0	0	0	0	0	0	0	0	0	0	0	0	0	0	0	0	0	0
Candidatus Endolissoclinum	0	0	0	0	0	0	0	0	0	0	0	0	0	0	0	0	0	0	0	0	0	0	0	0	0	0	0	0	0	0	0	0	0	0	0	0	0	0	0	0	0	0	0	0	0	0	0	0	0	0	0	0	0	0	0	0	0	0	0	0	0	0	0	0	0	0	0	0	0	0	0	0	0	0	0	0	0	0	0	0	0
Candidatus Evansia	0	0	0	0	0	0	0	0	0	0	0	0	0	0	0	0	0	0	0	0	0	0	0	0	0	0	0	0	0	0	0	0	0	0	0	0	0	0	0	0	0	0	0	0	0	0	0	0	0	0	0	0	0	0	0	0	0	0	0	0	0	0	0	0	0	0	0	0	0	0	0	0	0	0	0	0	0	0	0	0	0
Candidatus Glomeribacter	0	0	0	0	0	0	0	0	0	0	0	0	0	0	0	0	0	0	0	0	0	0	0	0	0	0	0	0	0	0	0	0	0	0	0	0	0	0	0	0	0	0	0	0	0	0	0	0	0	0	0	0	0	0	0	0	0	0	0	0	0	0	0	0	0	0	0	0	0	0	0	0	0	0	0	0	0	0	0	0	0
Candidatus Hamiltonella	0	0	0	0	0	0	0	0	0	0	0	0	0	0	0	0	0	0	0	0	0	0	0	0	0	0	0	0	0	0	0	0	0	0	0	0	0	0	0	0	0	0	0	0	0	0	0	0	0	0	0	0	0	0	0	0	0	0	0	0	0	0	0	0	0	0	0	0	0	0	0	0	0	0	0	0	0	0	0	0	0
Candidatus Hepatobacter	0	0	0	0	0	0	0	0	0	0	0	0	0	0	0	0	0	0	0	0	0	0	0	0	0	0	0	0	0	0	0	0	0	0	0	0	0	0	0	0	0	0	0	0	0	0	0	0	0	0	0	0	0	0	0	0	0	0	0	0	0	0	0	0	0	0	0	0	0	0	0	0	0	0	0	0	0	0	0	0	0
Candidatus Hepatoplasma	0	0	0	0	0	0	0	0	0	0	0	0	0	0	0	0	0	0	0	0	0	0	0	0	0	0	0	0	0	0	0	0	0	0	0	0	0	0	0	0	0	0	0	0	0	0	0	0	0	0	0	0	0	0	0	0	0	0	0	0	0	0	0	0	0	0	0	0	0	0	0	0	0	0	0	0	0	0	0	0	0
Candidatus Ishikawaella	0	0	0	0	0	0	0	0	0	0	0	0	0	0	0	0	0	0	0	0	0	0	0	0	0	0	0	0	0	0	0	0	0	0	0	0	0	0	0	0	0	0	0	0	0	0	0	0	0	0	0	0	0	0	0	0	0	0	0	0	0	0	0	0	0	0	0	0	0	0	0	0	0	0	0	0	0	0	0	0	0
Candidatus Jettenia	0	0	0	0	0	0	0	0	0	0	0	0	0	0	0	0	0	0	0	0	0	0	0	0	0	0	0	0	0	0	0	0	0	0	0	0	0	0	0	0	0	0	0	0	0	0	0	0	0	0	0	0	0	0	0	0	0	0	0	0	0	0	0	0	0	0	0	0	0	0	0	0	0	0	0	0	0	0	0	0	0
Candidatus Koribacter	0	0	0	0	0	0	0	0	0	0	0	0	0	0	0	0	0	0	0	0	0	0	0	0	0	0	0	0	0	0	0	0	0	0	0	0	0	0	0	0	0	0	0	0	0	0	0	0	0	0	0	0	0	0	0	0	0	0	0	0	0	0	0	0	0	0	0	0	0	0	0	0	0	0	0	0	0	0	0	0	0
Candidatus Liberibacter	0	0	0	0	0	0	0	0	0	0	0	0	0	0	0	0	0	0	0	0	0	0	0	0	0	0	0	0	0	0	0	0	0	0	0	0	0	0	0	0	0	0	0	0	0	0	0	0	0	0	0	0	0	0	0	0	0	0	0	0	0	0	0	0	0	0	0	0	0	0	0	0	0	0	0	0	0	0	0	0	0
Candidatus Magnetobacterium	0	0	0	0	0	0	0	0	0	0	0	0	0	0	0	0	0	0	0	0	0	0	0	0	0	0	0	0	0	0	0	0	0	0	0	0	0	0	0	0	0	0	0	0	0	0	0	0	0	0	0	0	0	0	0	0	0	0	0	0	0	0	0	0	0	0	0	0	0	0	0	0	0	0	0	0	0	0	0	0	0
Candidatus Methylomirabilis	0	0	0	0	0	0	0	0	0	0	0	0	0	0	0	0	0	0	0	0	0	0	0	0	0	0	0	0	0	0	0	0	0	0	0	0	0	0	0	0	0	0	0	0	0	0	0	0	0	0	0	0	0	0	0	0	0	0	0	0	0	0	0	0	0	0	0	0	0	0	0	0	0	0	0	0	0	0	0	0	0
Candidatus Methylopumilus	0	0	0	0	0	0	0	0	0	0	0	0	0	0	0	0	0	0	0	0	0	0	0	0	0	0	0	0	0	0	0	0	0	0	0	0	0	0	0	0	0	0	0	0	0	0	0	0	0	0	0	0	0	0	0	0	0	0	0	0	0	0	0	0	0	0	0	0	0	0	0	0	0	0	0	0	0	0	0	0	0
Candidatus Microthrix	0	0	0	0	0	0	0	0	0	0	0	0	0	0	0	0	0	0	0	0	0	0	0	0	0	0	0	0	0	0	0	0	0	0	0	0	0	0	0	0	0	0	0	0	0	0	0	0	0	0	0	0	0	0	0	0	0	0	0	0	0	0	0	0	0	0	0	0	0	0	0	0	0	0	0	0	0	0	0	0	0
Candidatus Midichloria	0	0	0	0	0	0	0	0	0	0	0	0	0	0	0	0	0	0	0	0	0	0	0	0	0	0	0	0	0	0	0	0	0	0	0	0	0	0	0	0	0	0	0	0	0	0	0	0	0	0	0	0	0	0	0	0	0	0	0	0	0	0	0	0	0	0	0	0	0	0	0	0	0	0	0	0	0	0	0	0	0
Candidatus Moranella	0	0	0	0	0	0	0	0	0	0	0	0	0	0	0	0	0	0	0	0	0	0	0	0	0	0	0	0	0	0	0	0	0	0	0	0	0	0	0	0	0	0	0	0	0	0	0	0	0	0	0	0	0	0	0	0	0	0	0	0	0	0	0	0	0	0	0	0	0	0	0	0	0	0	0	0	0	0	0	0	0
Candidatus Odyssella	0	0	0	0	0	0	0	0	0	0	0	0	0	0	0	0	0	0	0	0	0	0	0	0	0	0	0	0	0	0	0	0	0	0	0	0	0	0	0	0	0	0	0	0	0	0	0	0	0	0	0	0	0	0	0	0	0	0	0	0	0	0	0	0	0	0	0	0	0	0	0	0	0	0	0	0	0	0	0	0	0
Candidatus Paracaedibacter	0	0	0	0	0	0	0	0	0	0	0	0	0	0	0	0	0	0	0	0	0	0	0	0	0	0	0	0	0	0	0	0	0	0	0	0	0	0	0	0	0	0	0	0	0	0	0	0	0	0	0	0	0	0	0	0	0	0	0	0	0	0	0	0	0	0	0	0	0	0	0	0	0	0	0	0	0	0	0	0	0
Candidatus Pelagibacter	0	0	0	0	0	0	0	0	0	0	0	0	0	0	0	0	0	0	0	0	0	0	0	0	0	0	0	0	0	0	0	0	0	0	0	0	0	0	0	0	0	0	0	0	0	0	0	0	0	0	0	0	0	0	0	0	0	0	0	0	0	0	0	0	0	0	0	0	0	0	0	0	0	0	0	0	0	0	0	0	0
Candidatus Peribacter	0	0	0	0	0	0	0	0	0	0	0	0	0	0	0	0	0	0	0	0	0	0	0	0	0	0	0	0	0	0	0	0	0	0	0	0	0	0	0	0	0	0	0	0	0	0	0	0	0	0	0	0	0	0	0	0	0	0	0	0	0	0	0	0	0	0	0	0	0	0	0	0	0	0	0	0	0	0	0	0	0
Candidatus Phaeomarinobacter	0	0	0	0	0	0	0	0	0	0	0	0	0	0	0	0	0	0	0	0	0	0	0	0	0	0	0	0	0	0	0	0	0	0	0	0	0	0	0	0	0	0	0	0	0	0	0	0	0	0	0	0	0	0	0	0	0	0	0	0	0	0	0	0	0	0	0	0	0	0	0	0	0	0	0	0	0	0	0	0	0
Candidatus Photodesmus	0	0	0	0	0	0	0	0	0	0	0	0	0	0	0	0	0	0	0	0	0	0	0	0	0	0	0	0	0	0	0	0	0	0	0	0	0	0	0	0	0	0	0	0	0	0	0	0	0	0	0	0	0	0	0	0	0	0	0	0	0	0	0	0	0	0	0	0	0	0	0	0	0	0	0	0	0	0	0	0	0
Candidatus Phytoplasma	0	0	0	0	0	0	0	0	0	0	0	0	0	0	0	0	0	0	0	0	0	0	0	0	0	0	0	0	0	0	0	0	0	0	0	0	0	0	0	0	0	0	0	0	0	0	0	0	0	0	0	0	0	0	0	0	0	0	0	0	0	0	0	0	0	0	0	0	0	0	0	0	0	0	0	0	0	0	0	0	0
Candidatus Portiera	0	0	0	0	0	0	0	0	0	0	0	0	0	0	0	0	0	0	0	0	0	0	0	0	0	0	0	0	0	0	0	0	0	0	0	0	0	0	0	0	0	0	0	0	0	0	0	0	0	0	0	0	0	0	0	0	0	0	0	0	0	0	0	0	0	0	0	0	0	0	0	0	0	0	0	0	0	0	0	0	0
Candidatus Profftella	0	0	0	0	0	0	0	0	0	0	0	0	0	0	0	0	0	0	0	0	0	0	0	0	0	0	0	0	0	0	0	0	0	0	0	0	0	0	0	0	0	0	0	0	0	0	0	0	0	0	0	0	0	0	0	0	0	0	0	0	0	0	0	0	0	0	0	0	0	0	0	0	0	0	0	0	0	0	0	0	0
Candidatus Protochlamydia	0	0	0	0	0	0	0	0	0	0	0	0	0	0	0	0	0	0	0	0	0	0	0	0	0	0	0	0	0	0	0	0	0	0	0	0	0	0	0	0	0	0	0	0	0	0	0	0	0	0	0	0	0	0	0	0	0	0	0	0	0	0	0	0	0	0	0	0	0	0	0	0	0	0	0	0	0	0	0	0	0
Candidatus Puniceispirillum	0	0	0	0	0	0	0	0	0	0	0	0	0	0	0	0	0	0	0	0	0	0	0	0	0	0	0	0	0	0	0	0	0	0	0	0	0	0	0	0	0	0	0	0	0	0	0	0	0	0	0	0	0	0	0	0	0	0	0	0	0	0	0	0	0	0	0	0	0	0	0	0	0	0	0	0	0	0	0	0	0
Candidatus Regiella	0	0	0	0	0	0	0	0	0	0	0	0	0	0	0	0	0	0	0	0	0	0	0	0	0	0	0	0	0	0	0	0	0	0	0	0	0	0	0	0	0	0	0	0	0	0	0	0	0	0	0	0	0	0	0	0	0	0	0	0	0	0	0	0	0	0	0	0	0	0	0	0	0	0	0	0	0	0	0	0	0
Candidatus Ruthia	0	0	0	0	0	0	0	0	0	0	0	0	0	0	0	0	0	0	0	0	0	0	0	0	0	0	0	0	0	0	0	0	0	0	0	0	0	0	0	0	0	0	0	0	0	0	0	0	0	0	0	0	0	0	0	0	0	0	0	0	0	0	0	0	0	0	0	0	0	0	0	0	0	0	0	0	0	0	0	0	0
Candidatus Saccharimonas	0	0	0	0	0	0	0	0	0	0	0	0	0	0	0	0	0	0	0	0	0	0	0	0	0	0	0	0	0	0	0	0	0	0	0	0	0	0	0	0	0	0	0	0	0	0	0	0	0	0	0	0	0	0	0	0	0	0	0	0	0	0	0	0	0	0	0	0	0	0	0	0	0	0	0	0	0	0	0	0	0
Candidatus Schmidhempelia	0	0	0	0	0	0	0	0	0	0	0	0	0	0	0	0	0	0	0	0	0	0	0	0	0	0	0	0	0	0	0	0	0	0	0	0	0	0	0	0	0	0	0	0	0	0	0	0	0	0	0	0	0	0	0	0	0	0	0	0	0	0	0	0	0	0	0	0	0	0	0	0	0	0	0	0	0	0	0	0	0
Candidatus Soleaferrea	0	0	0	0	0	0	0	0	0	0	0	0	0	0	0	0	0	0	0	0	0	0	0	0	0	0	0	0	0	0	0	0	0	0	0	0	0	0	0	0	0	0	0	0	0	0	0	0	0	0	0	0	0	0	0	0	0	0	0	0	0	0	0	0	0	0	0	0	0	0	0	0	0	0	0	0	0	0	0	0	0
Candidatus Solibacter	0	0	0	0	0	0	0	0	0	0	0	0	0	0	0	0	0	0	0	0	0	0	0	0	0	0	0	0	0	0	0	0	0	0	0	0	0	0	0	0	0	0	0	0	0	0	0	0	0	0	0	0	0	0	0	0	0	0	0	0	0	0	0	0	0	0	0	0	0	0	0	0	0	0	0	0	0	0	0	0	0
Candidatus Stoquefichus	0	0	0	0	0	0	0	0	0	0	0	0	0	0	0	0	0	0	0	0	0	0	0	0	0	0	0	0	0	0	0	0	0	0	0	0	0	0	0	0	0	0	0	0	0	0	0	0	0	0	0	0	0	0	0	0	0	0	0	0	0	0	0	0	0	0	0	0	0	0	0	0	0	0	0	0	0	0	0	0	0
Candidatus Sulcia	0	0	0	0	0	0	0	0	0	0	0	0	0	0	0	0	0	0	0	0	0	0	0	0	0	0	0	0	0	0	0	0	0	0	0	0	0	0	0	0	0	0	0	0	0	0	0	0	0	0	0	0	0	0	0	0	0	0	0	0	0	0	0	0	0	0	0	0	0	0	0	0	0	0	0	0	0	0	0	0	0
Candidatus Symbiobacter	0	0	0	0	0	0	0	0	0	0	0	0	0	0	0	0	0	0	0	0	0	0	0	0	0	0	0	0	0	0	0	0	0	0	0	0	0	0	0	0	0	0	0	0	0	0	0	0	0	0	0	0	0	0	0	0	0	0	0	0	0	0	0	0	0	0	0	0	0	0	0	0	0	0	0	0	0	0	0	0	0
Candidatus Tachikawaea	0	0	0	0	0	0	0	0	0	0	0	0	0	0	0	0	0	0	0	0	0	0	0	0	0	0	0	0	0	0	0	0	0	0	0	0	0	0	0	0	0	0	0	0	0	0	0	0	0	0	0	0	0	0	0	0	0	0	0	0	0	0	0	0	0	0	0	0	0	0	0	0	0	0	0	0	0	0	0	0	0
Candidatus Tenderia	0	0	0	0	0	0	0	0	0	0	0	0	0	0	0	0	0	0	0	0	0	0	0	0	0	0	0	0	0	0	0	0	0	0	0	0	0	0	0	0	0	0	0	0	0	0	0	0	0	0	0	0	0	0	0	0	0	0	0	0	0	0	0	0	0	0	0	0	0	0	0	0	0	0	0	0	0	0	0	0	0
Candidatus Tremblaya	0	0	0	0	0	0	0	0	0	0	0	0	0	0	0	0	0	0	0	0	0	0	0	0	0	0	0	0	0	0	0	0	0	0	0	0	0	0	0	0	0	0	0	0	0	0	0	0	0	0	0	0	0	0	0	0	0	0	0	0	0	0	0	0	0	0	0	0	0	0	0	0	0	0	0	0	0	0	0	0	0
Candidatus Xiphinematobacter	0	0	0	0	0	0	0	0	0	0	0	0	0	0	0	0	0	0	0	0	0	0	0	0	0	0	0	0	0	0	0	0	0	0	0	0	0	0	0	0	0	0	0	0	0	0	0	0	0	0	0	0	0	0	0	0	0	0	0	0	0	0	0	0	0	0	0	0	0	0	0	0	0	0	0	0	0	0	0	0	0
Candidiatus Paracoxiella	0	0	0	0	0	0	0	0	0	0	0	0	0	0	0	0	0	0	0	0	0	0	0	0	0	0	0	0	0	0	0	0	0	0	0	0	0	0	0	0	0	0	0	0	0	0	0	0	0	0	0	0	0	0	0	0	0	0	0	0	0	0	0	0	0	0	0	0	0	0	0	0	0	0	0	0	0	0	0	0	0
Candidimonas	0	0	0	0	0	0	0	0	0	0	0	0	0	0	0	0	0	0	0	0	0	0	0	0	0	0	0	0	0	0	0	0	0	0	0	0	0	0	0	0	0	0	0	0	0	0	0	0	0	0	0	0	0	0	0	0	0	0	0	0	0	0	0	0	0	0	0	0	0	0	0	0	0	0	0	0	0	0	0	0	0
Canibacter	0	0	0	0	0	0	0	0	0	0	0	0	0	0	0	0	0	0	0	0	0	0	0	0	0	0	0	0	0	0	0	0	0	0	0	0	0	0	0	0	0	0	0	0	0	0	0	0	0	0	0	0	0	0	0	0	0	0	0	0	0	0	0	0	0	0	0	0	0	0	0	0	0	0	0	0	0	0	0	0	0
Capillibacterium	0	0	0	0	0	0	0	0	0	0	0	0	0	0	0	0	0	0	0	0	0	0	0	0	0	0	0	0	0	0	0	0	0	0	0	0	0	0	0	0	0	0	0	0	0	0	0	0	0	0	0	0	0	0	0	0	0	0	0	0	0	0	0	0	0	0	0	0	0	0	0	0	0	0	0	0	0	0	0	0	0
Capillimicrobium	0	0	0	0	0	0	0	0	0	0	0	0	0	0	0	0	0	0	0	0	0	0	0	0	0	0	0	0	0	0	0	0	0	0	0	0	0	0	0	0	0	0	0	0	0	0	0	0	0	0	0	0	0	0	0	0	0	0	0	0	0	0	0	0	0	0	0	0	0	0	0	0	0	0	0	0	0	0	0	0	0
Capilliphycus	0	0	0	0	0	0	0	0	0	0	0	0	0	0	0	0	0	0	0	0	0	0	0	0	0	0	0	0	0	0	0	0	0	0	0	0	0	0	0	0	0	0	0	0	0	0	0	0	0	0	0	0	0	0	0	0	0	0	0	0	0	0	0	0	0	0	0	0	0	0	0	0	0	0	0	0	0	0	0	0	0
Capnocytophaga	0.0577954998039993	0.0003460488852546	0.0012120232708468	0.0004741629572285	0.0005980646627513	0.001016683578168	0.0006427727987977	0.0010784064958132	0.0002364269092687	0.0005455482254528	0.0005153431717029	0.000783068556043	0.0002642076495641	0.0005462348809988	0.0009364287115425001	0.0005911550160689	0.0006694151889401	0.0010690555773576	0.0003143161378885	0.0005764786034458	0.0004110351047287	0.0004672838967738	0.0026257828550965	0.001041888289551	0.0007519105587614001	0.0003581245360412	0.0007020320329255	0.0007261119195885	0.0012956952868095	0.0007696337119908	0.0007520460075204	0.0010726875296072	0.0006015071278265	0.0021826457391839	0.0010821075192894	0.0005298961689939	0.0012443764691231	0.0018117426629728	0.0009731901509051	0.0002530938358523	1.850669479684276e-05	0.0003264648543416	0.0008458833136502	0.0005094446862828	0.0008902929350947	0.0004982012457783	0.0007138750781787001	0.0003347667817492	0.0015811681101487	0.0011562585310591	0.0004199243740903	0.0006501498777853	0.0009075492078519	0.0007338421305438	0.0007653799177166	6.163066956485093e-05	0.0006160334232054	0.000639095267034	0.0004930188126139	0.0005716463414634	0.0006782246122572	0.0008604228017236	0.0001367569734267	0.0016292314383989	0.0010200979466926	0.0011195029714221	0.0007318499867786	0.000411151472118	0.0007448919037698	0.00045862934618	0.0003130359038571	0.0004153777333866	0.000364840213499	0.000611017108479	0.0008659490751663	0.0002638181709625	0.0005157848145753	0.0003660597671998	0.000537099072109	0.0004179083007501	0.0005320852576222
Caproicibacter	0	0	0	0	0	0	0	0	0	0	0	0	0	0	0	0	0	0	0	0	0	0	0	0	0	0	0	0	0	0	0	0	0	0	0	0	0	0	0	0	0	0	0	0	0	0	0	0	0	0	0	0	0	0	0	0	0	0	0	0	0	0	0	0	0	0	0	0	0	0	0	0	0	0	0	0	0	0	0	0	0
Caproicibacterium	0	0	0	0	0	0	0	0	0	0	0	0	0	0	0	0	0	0	0	0	0	0	0	0	0	0	0	0	0	0	0	0	0	0	0	0	0	0	0	0	0	0	0	0	0	0	0	0	0	0	0	0	0	0	0	0	0	0	0	0	0	0	0	0	0	0	0	0	0	0	0	0	0	0	0	0	0	0	0	0	0
Caproiciproducens	0	0	0	0	0	0	0	0	0	0	0	0	0	0	0	0	0	0	0	0	0	0	0	0	0	0	0	0	0	0	0	0	0	0	0	0	0	0	0	0	0	0	0	0	0	0	0	0	0	0	0	0	0	0	0	0	0	0	0	0	0	0	0	0	0	0	0	0	0	0	0	0	0	0	0	0	0	0	0	0	0
Capsulimonas	0	0	0	0	0	0	0	0	0	0	0	0	0	0	0	0	0	0	0	0	0	0	0	0	0	0	0	0	0	0	0	0	0	0	0	0	0	0	0	0	0	0	0	0	0	0	0	0	0	0	0	0	0	0	0	0	0	0	0	0	0	0	0	0	0	0	0	0	0	0	0	0	0	0	0	0	0	0	0	0	0
Carbonactinospora	0	0	0	0	0	0	0	0	0	0	0	0	0	0	0	0	0	0	0	0	0	0	0	0	0	0	0	0	0	0	0	0	0	0	0	0	0	0	0	0	0	0	0	0	0	0	0	0	0	0	0	0	0	0	0	0	0	0	0	0	0	0	0	0	0	0	0	0	0	0	0	0	0	0	0	0	0	0	0	0	0
Carboxydichorda	0	0	0	0	0	0	0	0	0	0	0	0	0	0	0	0	0	0	0	0	0	0	0	0	0	0	0	0	0	0	0	0	0	0	0	0	0	0	0	0	0	0	0	0	0	0	0	0	0	0	0	0	0	0	0	0	0	0	0	0	0	0	0	0	0	0	0	0	0	0	0	0	0	0	0	0	0	0	0	0	0
Carboxydocella	0	0	0	0	0	0	0	0	0	0	0	0	0	0	0	0	0	0	0	0	0	0	0	0	0	0	0	0	0	0	0	0	0	0	0	0	0	0	0	0	0	0	0	0	0	0	0	0	0	0	0	0	0	0	0	0	0	0	0	0	0	0	0	0	0	0	0	0	0	0	0	0	0	0	0	0	0	0	0	0	0
Carboxydothermus	0	0	0	0	0	0	0	0	0	0	0	0	0	0	0	0	0	0	0	0	0	0	0	0	0	0	0	0	0	0	0	0	0	0	0	0	0	0	0	0	0	0	0	0	0	0	0	0	0	0	0	0	0	0	0	0	0	0	0	0	0	0	0	0	0	0	0	0	0	0	0	0	0	0	0	0	0	0	0	0	0
Carboxylicivirga	0	0	0	0	0	0	0	0	0	0	0	0	0	0	0	0	0	0	0	0	0	0	0	0	0	0	0	0	0	0	0	0	0	0	0	0	0	0	0	0	0	0	0	0	0	0	0	0	0	0	0	0	0	0	0	0	0	0	0	0	0	0	0	0	0	0	0	0	0	0	0	0	0	0	0	0	0	0	0	0	0
Cardiobacterium	0	0	0	0	0	0	0	0	0	0	0	0	0	0	0	0	0	0	0	0	0	0	0	0	0	0	0	0	0	0	0	0	0	0	0	0	0	0	0	0	0	0	0	0	0	0	0	0	0	0	0	0	0	0	0	0	0	0	0	0	0	0	0	0	0	0	0	0	0	0	0	0	0	0	0	0	0	0	0	0	0
Carnimonas	0	0	0	0	0	0	0	0	0	0	0	0	0	0	0	0	0	0	0	0	0	0	0	0	0	0	0	0	0	0	0	0	0	0	0	0	0	0	0	0	0	0	0	0	0	0	0	0	0	0	0	0	0	0	0	0	0	0	0	0	0	0	0	0	0	0	0	0	0	0	0	0	0	0	0	0	0	0	0	0	0
Carnobacterium	0.1221069767977983	0.0013915844851876	0.0002070539754363	0.0005757693052061	0.0020307617881867	0.0003917222021765	0.0001531658196727	0.0002401493457063	0.0001506007024794	0.0078397300546558	0.0038728820176465	0.0045068583626664	0.0037487380061925	0.0019846534009624	0.000167358414781	0.0002016649218696	0.000420646030888	0.002029006590254	0.0029090279292339	0.0026470956280675	0.0030547483519374	0.0032512575128866	0.0001047511657373	0.0003285233345431	0.0015859074230646	0.0007950473387379	0.0031157194863345	0.0001596717682707	9.150071336667271e-05	0.0028310314956491	0.0017805795178057	0.0003154963322374	0.0011568965131033	0.0002686125554097	0.0009703454492469001	0.0021768707482993	0.0003127967434113	0.0016519697174259	0.0004124161521573	0.000169079284532	4.052327998619018e-05	0.0013298401412246	0.0044376339993037	0.002378042173656	0.0022458357265939	0.0001578096027143	0.0001705719213347	0.0001798980369213	0.0004885631801021	0.0004566595064904	0.0112421165374122	0.0005212422731774	0.0007909914174317	0.000276555381428	0.0046625899974286	6.065627162706673e-05	9.498312692595252e-05	0.0035176389247718	0.0016625291352593	0.0089672464347594	0.0024521404362716	0.0009919965098342	0.0001603357619485	0.0006297071115511	0.0002157622422559	0.0001634423102442	0.0003472280959168	0.0014240198605739	0.0015617900249042	0.0004141638971044	0.0011595938699403	0.0002816521383077	0.0002522352093327	0.0006915907931136	0.001723364159447	0.0007872889628196	3.02273891332536e-05	0.0043671620905742	0.000308657583647	0.0003025804907508	0.0001584202061529
Caryophanon	0	0	0	0	0	0	0	0	0	0	0	0	0	0	0	0	0	0	0	0	0	0	0	0	0	0	0	0	0	0	0	0	0	0	0	0	0	0	0	0	0	0	0	0	0	0	0	0	0	0	0	0	0	0	0	0	0	0	0	0	0	0	0	0	0	0	0	0	0	0	0	0	0	0	0	0	0	0	0	0	0
Casimicrobium	0	0	0	0	0	0	0	0	0	0	0	0	0	0	0	0	0	0	0	0	0	0	0	0	0	0	0	0	0	0	0	0	0	0	0	0	0	0	0	0	0	0	0	0	0	0	0	0	0	0	0	0	0	0	0	0	0	0	0	0	0	0	0	0	0	0	0	0	0	0	0	0	0	0	0	0	0	0	0	0	0
Castellaniella	0	0	0	0	0	0	0	0	0	0	0	0	0	0	0	0	0	0	0	0	0	0	0	0	0	0	0	0	0	0	0	0	0	0	0	0	0	0	0	0	0	0	0	0	0	0	0	0	0	0	0	0	0	0	0	0	0	0	0	0	0	0	0	0	0	0	0	0	0	0	0	0	0	0	0	0	0	0	0	0	0
Catabacter	0	0	0	0	0	0	0	0	0	0	0	0	0	0	0	0	0	0	0	0	0	0	0	0	0	0	0	0	0	0	0	0	0	0	0	0	0	0	0	0	0	0	0	0	0	0	0	0	0	0	0	0	0	0	0	0	0	0	0	0	0	0	0	0	0	0	0	0	0	0	0	0	0	0	0	0	0	0	0	0	0
Catalinimonas	0	0	0	0	0	0	0	0	0	0	0	0	0	0	0	0	0	0	0	0	0	0	0	0	0	0	0	0	0	0	0	0	0	0	0	0	0	0	0	0	0	0	0	0	0	0	0	0	0	0	0	0	0	0	0	0	0	0	0	0	0	0	0	0	0	0	0	0	0	0	0	0	0	0	0	0	0	0	0	0	0
Catellatospora	0	0	0	0	0	0	0	0	0	0	0	0	0	0	0	0	0	0	0	0	0	0	0	0	0	0	0	0	0	0	0	0	0	0	0	0	0	0	0	0	0	0	0	0	0	0	0	0	0	0	0	0	0	0	0	0	0	0	0	0	0	0	0	0	0	0	0	0	0	0	0	0	0	0	0	0	0	0	0	0	0
Catellicoccus	0	0	0	0	0	0	0	0	0	0	0	0	0	0	0	0	0	0	0	0	0	0	0	0	0	0	0	0	0	0	0	0	0	0	0	0	0	0	0	0	0	0	0	0	0	0	0	0	0	0	0	0	0	0	0	0	0	0	0	0	0	0	0	0	0	0	0	0	0	0	0	0	0	0	0	0	0	0	0	0	0
Catelliglobosispora	0	0	0	0	0	0	0	0	0	0	0	0	0	0	0	0	0	0	0	0	0	0	0	0	0	0	0	0	0	0	0	0	0	0	0	0	0	0	0	0	0	0	0	0	0	0	0	0	0	0	0	0	0	0	0	0	0	0	0	0	0	0	0	0	0	0	0	0	0	0	0	0	0	0	0	0	0	0	0	0	0
Catenibacterium	0	0	0	0	0	0	0	0	0	0	0	0	0	0	0	0	0	0	0	0	0	0	0	0	0	0	0	0	0	0	0	0	0	0	0	0	0	0	0	0	0	0	0	0	0	0	0	0	0	0	0	0	0	0	0	0	0	0	0	0	0	0	0	0	0	0	0	0	0	0	0	0	0	0	0	0	0	0	0	0	0
Catenovulum	0	0	0	0	0	0	0	0	0	0	0	0	0	0	0	0	0	0	0	0	0	0	0	0	0	0	0	0	0	0	0	0	0	0	0	0	0	0	0	0	0	0	0	0	0	0	0	0	0	0	0	0	0	0	0	0	0	0	0	0	0	0	0	0	0	0	0	0	0	0	0	0	0	0	0	0	0	0	0	0	0
Catenulispora	0	0	0	0	0	0	0	0	0	0	0	0	0	0	0	0	0	0	0	0	0	0	0	0	0	0	0	0	0	0	0	0	0	0	0	0	0	0	0	0	0	0	0	0	0	0	0	0	0	0	0	0	0	0	0	0	0	0	0	0	0	0	0	0	0	0	0	0	0	0	0	0	0	0	0	0	0	0	0	0	0
Catenuloplanes	0	0	0	0	0	0	0	0	0	0	0	0	0	0	0	0	0	0	0	0	0	0	0	0	0	0	0	0	0	0	0	0	0	0	0	0	0	0	0	0	0	0	0	0	0	0	0	0	0	0	0	0	0	0	0	0	0	0	0	0	0	0	0	0	0	0	0	0	0	0	0	0	0	0	0	0	0	0	0	0	0
Catonella	0	0	0	0	0	0	0	0	0	0	0	0	0	0	0	0	0	0	0	0	0	0	0	0	0	0	0	0	0	0	0	0	0	0	0	0	0	0	0	0	0	0	0	0	0	0	0	0	0	0	0	0	0	0	0	0	0	0	0	0	0	0	0	0	0	0	0	0	0	0	0	0	0	0	0	0	0	0	0	0	0
Caulifigura	0	0	0	0	0	0	0	0	0	0	0	0	0	0	0	0	0	0	0	0	0	0	0	0	0	0	0	0	0	0	0	0	0	0	0	0	0	0	0	0	0	0	0	0	0	0	0	0	0	0	0	0	0	0	0	0	0	0	0	0	0	0	0	0	0	0	0	0	0	0	0	0	0	0	0	0	0	0	0	0	0
Caulobacter	0.1241696252118512	0.0008349506911125	0.0012625242404654	0.0008080123862976	0.0015403487647306	0.0010266510642284	0.0008234299194373	0.0017293773637341	0.0024889599968908	0.0023842478001272	0.0023268525025376	0.0010343860573954	0.0018401102508934	0.0014384185199635	0.0034172253064605	0.000850156043176	0.0019856301888157	0.0009777122210644	0.0030629786906487	0.000873808940659	0.0006329133782737	0.0009241837069527	0.0006671796631700999	0.0039109920778944	0.0012953219014471	0.0008379788081571	0.0012689651179341	0.000136601322665	0.0015182340588247	0.0008713474184213	0.0018137580181375	0.0011103587334564	0.0013275321605371	0.0009246211078175	0.0009128976562344	0.0013175796634443	0.0010638980992854	0.0005199990331083	0.0008266984407497	0.0018136641266267	3.988511809664388e-05	0.001745687693583	0.0021439888603674	0.0008658658753799	0.0009175761056863	0.0006835357791986	0.0022090116725945	0.0023902973949199	0.0023095713968465	0.0007839182387468999	0.0010078184978168	0.0003972863051102	0.0013195053678866	0.0008442216906752	0.0023523881460529	0.0002555358591839	0.0023080899843006	0.0012185695353432	0.00183370198704	0.001504606490737	0.0011020356889531	0.0008361855397032	6.130485015679894e-05	0.0152914329297462	0.0003130173431059	0.0003970777129758	0.0029291806040166	0.0013613682076797	0.0027958276121496	0.0011370450549338	0.0007168068523105	0.0011798621087934	0.0046123009706551	0.0011146026374452	0.0010070109245123	0.0016926018442278	0.0008391698983184	0.0008060221666456	0.0017263898746361	0.0011569983519283	0.0015618165976161
Cecembia	0	0	0	0	0	0	0	0	0	0	0	0	0	0	0	0	0	0	0	0	0	0	0	0	0	0	0	0	0	0	0	0	0	0	0	0	0	0	0	0	0	0	0	0	0	0	0	0	0	0	0	0	0	0	0	0	0	0	0	0	0	0	0	0	0	0	0	0	0	0	0	0	0	0	0	0	0	0	0	0	0
Cedecea	0	0	0	0	0	0	0	0	0	0	0	0	0	0	0	0	0	0	0	0	0	0	0	0	0	0	0	0	0	0	0	0	0	0	0	0	0	0	0	0	0	0	0	0	0	0	0	0	0	0	0	0	0	0	0	0	0	0	0	0	0	0	0	0	0	0	0	0	0	0	0	0	0	0	0	0	0	0	0	0	0
Celeribacter	0.000272175460844545	3.694472084568929e-06	5.050096961861668e-06	0	1.329032583891859e-06	0	2.618219139705555e-06	3.020746486871836e-06	3.238724784503349e-06	1.010274491579362e-05	0	0	7.267008043020688e-06	1.040447392378723e-05	3.892056157699889e-06	4.942767692884095e-06	0	6.76617454023844e-06	0	3.208600761294007e-06	4.034150428090597e-06	2.076817318994986e-06	6.090184054497403e-07	1.251517464926223e-05	4.925178332498789e-06	0	7.237443638407666e-06	6.071169896225493e-07	7.907469056379125e-06	0	0	0	3.952949361401031e-06	0	7.31153729249596e-06	0	3.891716869814287e-06	2.358272258994893e-06	9.330682175504534e-07	0	0	3.815115159251082e-06	1.301358944077353e-05	2.851369512776987e-06	1.435956346927053e-06	3.66999076079826e-06	4.211652378635972e-06	1.564330755837691e-06	0	5.009062228414907e-06	1.97611470160174e-06	4.951636540634863e-07	3.559016501380009e-06	2.425924398492045e-06	6.026613525327848e-06	9.743979377842045e-07	1.356901813227893e-06	5.229912168855036e-06	6.149922818468628e-06	4.165000666400107e-06	6.344477196045614e-06	5.193699004367901e-06	0	8.142764373505887e-06	1.080612231665973e-06	5.123583393236563e-07	2.670985353206652e-06	1.305242768628751e-06	1.241486506283163e-05	5.081765608643067e-06	1.814700891925488e-06	4.733649383323827e-06	4.504200166655406e-06	0	5.521994102510298e-06	5.554066757105387e-06	1.919199310047848e-06	4.14407283622417e-06	3.487656312396352e-06	2.480167956974046e-06	3.44391752506311e-06
Celerinatantimonas	0	0	0	0	0	0	0	0	0	0	0	0	0	0	0	0	0	0	0	0	0	0	0	0	0	0	0	0	0	0	0	0	0	0	0	0	0	0	0	0	0	0	0	0	0	0	0	0	0	0	0	0	0	0	0	0	0	0	0	0	0	0	0	0	0	0	0	0	0	0	0	0	0	0	0	0	0	0	0	0	0
Cellulomonas	0.01395870020465242	0.0001545520822044	7.91181857358328e-05	0.0001645055157731	0.0002126452134226	4.784393309025957e-05	7.985568376101943e-05	0.0002537427048972	0.0002186139229539	0.0001919521534	0.0001717810572343	7.355634185922849e-05	0.0002226818893182	0.0001690727012615	0.0003339384183306	0.0002441727240284	0.000210323015444	0.000312935572486	0.0001603653764737	0.0002149762510066	0.0001891568311838	0.0002596021648743	2.892837425886267e-05	0.00033790971553	7.387767498748184e-05	0.0001108610096394	0.000231598196429	2.792738152263726e-05	0.000521892957721	0.0001678276156103	0.0003870825038708	0.0001666950770329	9.355313488649106e-05	4.994303794051109e-05	7.207086759746018e-05	0.0002721088435374	0.0001099410015722	8.13603929353238e-05	0.0001968773939031	0.0002268392885647	3.297169762655894e-06	0.0001656850012017	0.0001756834574504	8.554108538330961e-05	0.0001349798966111	2.844242839618651e-05	0.0001558311380095	0.0002987871743649	0.000328669775705	6.762234008360125e-05	0.000471303356332	1.402963686513211e-05	0.0002909495989878	0.0001055277113344	0.000441951658524	2.655234380461957e-05	0.0001533299048947	0.0001495754880292	0.000149648121916	0.0002207450353192	0.0002201533587027	0.0001333049411121	9.4315154087383e-06	9.499891769090202e-05	2.737550986887131e-05	0.000137824393278	0.000271550177576	0.0002075336002119	0.000469281899375	8.639001534693214e-05	0.0001533422253677	5.917061729154783e-05	0.0001441344053329	8.72881583541482e-05	0.0001445758455929	0.0006373291603778	1.151519586028709e-05	0.0001070552149357	0.0001011420330594	0.000183532428816	8.093206183898308e-05
Cellulophaga	0.03576414047409231	0.0002382934494546	0.0006514625080801	0.0002467582736597	0.0005728130436573	0.0008781355219274	0.0002880041053676	0.0005256098887156	0.0001522200648716	0.0004748290110423	0.0002810962754743	0.0003325359621552	0.0002102241612445	0.0004734035635323	0.000390762438233	0.0002688865624928	0.000162830721634	0.0007070652394549	0.0001924384517685	0.0006513459545426	0.0003940020251435	0.0004652070794548	0.0027844321497162	0.0004223871444126	0.0003595380182724	9.455791998660972e-05	0.0004282154152724	0.0007983588413536	0.0001728346808037	0.0006085870101425	0.0003649635036496	0.0003126709919487	0.0005659305835739	0.0010393551138971	0.000874250959117	0.0003723594701038	0.0012147021279907	0.001011109231044	0.0003321722854479	0.0001302225545464	4.892574486521649e-06	0.000277958390174	0.0004652358225076	0.0003088983638841	0.0009506031016657	0.000280754293201	0.0002821807093686	0.0001376611065137	0.0006040417499444	0.0013733178942904	0.000228241248035	0.000704947988835	0.0003532323877619	0.0002110554226688	0.0003776677809205	1.778276236456173e-05	0.0002550975408868	0.0004947496911736	0.0002982712566957	0.0002478175396508	0.0006078009153811	0.0008024264961748	0.0001084624272004	0.0005082442096463	0.001156975496037	0.0003094644369514	0.0002519629516524	0.0002166702995923	0.0004866627104629	0.0001956479759327	0.0001860068414223	0.0001704113777996	0.000117109204333	0.0002551500013428	0.0003383476386447	0.0001096928184528	0.0006472499673136	0.0003163308931651	0.0002441359418677	0.0001736117569881	0.0002427961855169
Cellulosilyticum	0	0	0	0	0	0	0	0	0	0	0	0	0	0	0	0	0	0	0	0	0	0	0	0	0	0	0	0	0	0	0	0	0	0	0	0	0	0	0	0	0	0	0	0	0	0	0	0	0	0	0	0	0	0	0	0	0	0	0	0	0	0	0	0	0	0	0	0	0	0	0	0	0	0	0	0	0	0	0	0	0
Cellulosimicrobium	0	0	0	0	0	0	0	0	0	0	0	0	0	0	0	0	0	0	0	0	0	0	0	0	0	0	0	0	0	0	0	0	0	0	0	0	0	0	0	0	0	0	0	0	0	0	0	0	0	0	0	0	0	0	0	0	0	0	0	0	0	0	0	0	0	0	0	0	0	0	0	0	0	0	0	0	0	0	0	0	0
Cellvibrio	0	0	0	0	0	0	0	0	0	0	0	0	0	0	0	0	0	0	0	0	0	0	0	0	0	0	0	0	0	0	0	0	0	0	0	0	0	0	0	0	0	0	0	0	0	0	0	0	0	0	0	0	0	0	0	0	0	0	0	0	0	0	0	0	0	0	0	0	0	0	0	0	0	0	0	0	0	0	0	0	0
Centipeda	0	0	0	0	0	0	0	0	0	0	0	0	0	0	0	0	0	0	0	0	0	0	0	0	0	0	0	0	0	0	0	0	0	0	0	0	0	0	0	0	0	0	0	0	0	0	0	0	0	0	0	0	0	0	0	0	0	0	0	0	0	0	0	0	0	0	0	0	0	0	0	0	0	0	0	0	0	0	0	0	0
Cephaloticoccus	0	0	0	0	0	0	0	0	0	0	0	0	0	0	0	0	0	0	0	0	0	0	0	0	0	0	0	0	0	0	0	0	0	0	0	0	0	0	0	0	0	0	0	0	0	0	0	0	0	0	0	0	0	0	0	0	0	0	0	0	0	0	0	0	0	0	0	0	0	0	0	0	0	0	0	0	0	0	0	0	0
Cerasibacillus	0	0	0	0	0	0	0	0	0	0	0	0	0	0	0	0	0	0	0	0	0	0	0	0	0	0	0	0	0	0	0	0	0	0	0	0	0	0	0	0	0	0	0	0	0	0	0	0	0	0	0	0	0	0	0	0	0	0	0	0	0	0	0	0	0	0	0	0	0	0	0	0	0	0	0	0	0	0	0	0	0
Cerasicoccus	0	0	0	0	0	0	0	0	0	0	0	0	0	0	0	0	0	0	0	0	0	0	0	0	0	0	0	0	0	0	0	0	0	0	0	0	0	0	0	0	0	0	0	0	0	0	0	0	0	0	0	0	0	0	0	0	0	0	0	0	0	0	0	0	0	0	0	0	0	0	0	0	0	0	0	0	0	0	0	0	0
Cereibacter	0	0	0	0	0	0	0	0	0	0	0	0	0	0	0	0	0	0	0	0	0	0	0	0	0	0	0	0	0	0	0	0	0	0	0	0	0	0	0	0	0	0	0	0	0	0	0	0	0	0	0	0	0	0	0	0	0	0	0	0	0	0	0	0	0	0	0	0	0	0	0	0	0	0	0	0	0	0	0	0	0
Cesiribacter	0	0	0	0	0	0	0	0	0	0	0	0	0	0	0	0	0	0	0	0	0	0	0	0	0	0	0	0	0	0	0	0	0	0	0	0	0	0	0	0	0	0	0	0	0	0	0	0	0	0	0	0	0	0	0	0	0	0	0	0	0	0	0	0	0	0	0	0	0	0	0	0	0	0	0	0	0	0	0	0	0
Cetobacterium	0	0	0	0	0	0	0	0	0	0	0	0	0	0	0	0	0	0	0	0	0	0	0	0	0	0	0	0	0	0	0	0	0	0	0	0	0	0	0	0	0	0	0	0	0	0	0	0	0	0	0	0	0	0	0	0	0	0	0	0	0	0	0	0	0	0	0	0	0	0	0	0	0	0	0	0	0	0	0	0	0
Chachezhania	0	0	0	0	0	0	0	0	0	0	0	0	0	0	0	0	0	0	0	0	0	0	0	0	0	0	0	0	0	0	0	0	0	0	0	0	0	0	0	0	0	0	0	0	0	0	0	0	0	0	0	0	0	0	0	0	0	0	0	0	0	0	0	0	0	0	0	0	0	0	0	0	0	0	0	0	0	0	0	0	0
Chakrabartyella	0	0	0	0	0	0	0	0	0	0	0	0	0	0	0	0	0	0	0	0	0	0	0	0	0	0	0	0	0	0	0	0	0	0	0	0	0	0	0	0	0	0	0	0	0	0	0	0	0	0	0	0	0	0	0	0	0	0	0	0	0	0	0	0	0	0	0	0	0	0	0	0	0	0	0	0	0	0	0	0	0
Chamaesiphon	0	0	0	0	0	0	0	0	0	0	0	0	0	0	0	0	0	0	0	0	0	0	0	0	0	0	0	0	0	0	0	0	0	0	0	0	0	0	0	0	0	0	0	0	0	0	0	0	0	0	0	0	0	0	0	0	0	0	0	0	0	0	0	0	0	0	0	0	0	0	0	0	0	0	0	0	0	0	0	0	0
Changchengzhania	0	0	0	0	0	0	0	0	0	0	0	0	0	0	0	0	0	0	0	0	0	0	0	0	0	0	0	0	0	0	0	0	0	0	0	0	0	0	0	0	0	0	0	0	0	0	0	0	0	0	0	0	0	0	0	0	0	0	0	0	0	0	0	0	0	0	0	0	0	0	0	0	0	0	0	0	0	0	0	0	0
Changpingibacter	0	0	0	0	0	0	0	0	0	0	0	0	0	0	0	0	0	0	0	0	0	0	0	0	0	0	0	0	0	0	0	0	0	0	0	0	0	0	0	0	0	0	0	0	0	0	0	0	0	0	0	0	0	0	0	0	0	0	0	0	0	0	0	0	0	0	0	0	0	0	0	0	0	0	0	0	0	0	0	0	0
Chania	0	0	0	0	0	0	0	0	0	0	0	0	0	0	0	0	0	0	0	0	0	0	0	0	0	0	0	0	0	0	0	0	0	0	0	0	0	0	0	0	0	0	0	0	0	0	0	0	0	0	0	0	0	0	0	0	0	0	0	0	0	0	0	0	0	0	0	0	0	0	0	0	0	0	0	0	0	0	0	0	0
Chelativorans	0	0	0	0	0	0	0	0	0	0	0	0	0	0	0	0	0	0	0	0	0	0	0	0	0	0	0	0	0	0	0	0	0	0	0	0	0	0	0	0	0	0	0	0	0	0	0	0	0	0	0	0	0	0	0	0	0	0	0	0	0	0	0	0	0	0	0	0	0	0	0	0	0	0	0	0	0	0	0	0	0
Chelatococcus	0	0	0	0	0	0	0	0	0	0	0	0	0	0	0	0	0	0	0	0	0	0	0	0	0	0	0	0	0	0	0	0	0	0	0	0	0	0	0	0	0	0	0	0	0	0	0	0	0	0	0	0	0	0	0	0	0	0	0	0	0	0	0	0	0	0	0	0	0	0	0	0	0	0	0	0	0	0	0	0	0
Chelonobacter	0	0	0	0	0	0	0	0	0	0	0	0	0	0	0	0	0	0	0	0	0	0	0	0	0	0	0	0	0	0	0	0	0	0	0	0	0	0	0	0	0	0	0	0	0	0	0	0	0	0	0	0	0	0	0	0	0	0	0	0	0	0	0	0	0	0	0	0	0	0	0	0	0	0	0	0	0	0	0	0	0
Chenggangzhangella	0	0	0	0	0	0	0	0	0	0	0	0	0	0	0	0	0	0	0	0	0	0	0	0	0	0	0	0	0	0	0	0	0	0	0	0	0	0	0	0	0	0	0	0	0	0	0	0	0	0	0	0	0	0	0	0	0	0	0	0	0	0	0	0	0	0	0	0	0	0	0	0	0	0	0	0	0	0	0	0	0
Chengkuizengella	0	0	0	0	0	0	0	0	0	0	0	0	0	0	0	0	0	0	0	0	0	0	0	0	0	0	0	0	0	0	0	0	0	0	0	0	0	0	0	0	0	0	0	0	0	0	0	0	0	0	0	0	0	0	0	0	0	0	0	0	0	0	0	0	0	0	0	0	0	0	0	0	0	0	0	0	0	0	0	0	0
Chiayiivirga	0	0	0	0	0	0	0	0	0	0	0	0	0	0	0	0	0	0	0	0	0	0	0	0	0	0	0	0	0	0	0	0	0	0	0	0	0	0	0	0	0	0	0	0	0	0	0	0	0	0	0	0	0	0	0	0	0	0	0	0	0	0	0	0	0	0	0	0	0	0	0	0	0	0	0	0	0	0	0	0	0
Chimaeribacter	0	0	0	0	0	0	0	0	0	0	0	0	0	0	0	0	0	0	0	0	0	0	0	0	0	0	0	0	0	0	0	0	0	0	0	0	0	0	0	0	0	0	0	0	0	0	0	0	0	0	0	0	0	0	0	0	0	0	0	0	0	0	0	0	0	0	0	0	0	0	0	0	0	0	0	0	0	0	0	0	0
Chishuiella	0	0	0	0	0	0	0	0	0	0	0	0	0	0	0	0	0	0	0	0	0	0	0	0	0	0	0	0	0	0	0	0	0	0	0	0	0	0	0	0	0	0	0	0	0	0	0	0	0	0	0	0	0	0	0	0	0	0	0	0	0	0	0	0	0	0	0	0	0	0	0	0	0	0	0	0	0	0	0	0	0
Chitinibacter	0	0	0	0	0	0	0	0	0	0	0	0	0	0	0	0	0	0	0	0	0	0	0	0	0	0	0	0	0	0	0	0	0	0	0	0	0	0	0	0	0	0	0	0	0	0	0	0	0	0	0	0	0	0	0	0	0	0	0	0	0	0	0	0	0	0	0	0	0	0	0	0	0	0	0	0	0	0	0	0	0
Chitinilyticum	0	0	0	0	0	0	0	0	0	0	0	0	0	0	0	0	0	0	0	0	0	0	0	0	0	0	0	0	0	0	0	0	0	0	0	0	0	0	0	0	0	0	0	0	0	0	0	0	0	0	0	0	0	0	0	0	0	0	0	0	0	0	0	0	0	0	0	0	0	0	0	0	0	0	0	0	0	0	0	0	0
Chitinimonas	0	0	0	0	0	0	0	0	0	0	0	0	0	0	0	0	0	0	0	0	0	0	0	0	0	0	0	0	0	0	0	0	0	0	0	0	0	0	0	0	0	0	0	0	0	0	0	0	0	0	0	0	0	0	0	0	0	0	0	0	0	0	0	0	0	0	0	0	0	0	0	0	0	0	0	0	0	0	0	0	0
Chitiniphilus	0	0	0	0	0	0	0	0	0	0	0	0	0	0	0	0	0	0	0	0	0	0	0	0	0	0	0	0	0	0	0	0	0	0	0	0	0	0	0	0	0	0	0	0	0	0	0	0	0	0	0	0	0	0	0	0	0	0	0	0	0	0	0	0	0	0	0	0	0	0	0	0	0	0	0	0	0	0	0	0	0
Chitinispirillum	0	0	0	0	0	0	0	0	0	0	0	0	0	0	0	0	0	0	0	0	0	0	0	0	0	0	0	0	0	0	0	0	0	0	0	0	0	0	0	0	0	0	0	0	0	0	0	0	0	0	0	0	0	0	0	0	0	0	0	0	0	0	0	0	0	0	0	0	0	0	0	0	0	0	0	0	0	0	0	0	0
Chitinivibrio	0	0	0	0	0	0	0	0	0	0	0	0	0	0	0	0	0	0	0	0	0	0	0	0	0	0	0	0	0	0	0	0	0	0	0	0	0	0	0	0	0	0	0	0	0	0	0	0	0	0	0	0	0	0	0	0	0	0	0	0	0	0	0	0	0	0	0	0	0	0	0	0	0	0	0	0	0	0	0	0	0
Chitinivorax	0	0	0	0	0	0	0	0	0	0	0	0	0	0	0	0	0	0	0	0	0	0	0	0	0	0	0	0	0	0	0	0	0	0	0	0	0	0	0	0	0	0	0	0	0	0	0	0	0	0	0	0	0	0	0	0	0	0	0	0	0	0	0	0	0	0	0	0	0	0	0	0	0	0	0	0	0	0	0	0	0
Chitinolyticbacter	0	0	0	0	0	0	0	0	0	0	0	0	0	0	0	0	0	0	0	0	0	0	0	0	0	0	0	0	0	0	0	0	0	0	0	0	0	0	0	0	0	0	0	0	0	0	0	0	0	0	0	0	0	0	0	0	0	0	0	0	0	0	0	0	0	0	0	0	0	0	0	0	0	0	0	0	0	0	0	0	0
Chitinophaga	0	0	0	0	0	0	0	0	0	0	0	0	0	0	0	0	0	0	0	0	0	0	0	0	0	0	0	0	0	0	0	0	0	0	0	0	0	0	0	0	0	0	0	0	0	0	0	0	0	0	0	0	0	0	0	0	0	0	0	0	0	0	0	0	0	0	0	0	0	0	0	0	0	0	0	0	0	0	0	0	0
Chlamydia	0.009284431733065288	6.465326147995626e-05	7.070135746606335e-05	8.225275788658796e-05	9.967744379188944e-05	8.97073745442367e-05	7.200102634190277e-05	0.0002522323316537	7.772939482808039e-05	8.082195932634897e-05	9.369875849144998e-05	8.734815595783382e-05	4.515926426734285e-05	7.803355442840422e-05	0.0001556822463079	9.88553538576819e-05	0.0002329383934487	8.711449720556991e-05	8.01826882368789e-05	8.288885300009518e-05	8.561363686281155e-05	8.411110141929696e-05	6.821006141037091e-05	0.0003034929852446	8.208630554164648e-05	6.901641286378986e-05	8.081812062888561e-05	3.764125335659806e-05	0.0002135016645222	0.0001203612192761	0.000243309002433	0.0001845888988612	6.983543871808488e-05	0.0001525287374939	7.102636226996075e-05	0.0001145721446473	0.0001123733246158	0.0001568251052231	0.0001082359132358	0.0001890327404706	4.679853856672881e-06	5.722672738876623e-05	0.0001138689076067	8.173925936627363e-05	0.0001048248133256	0.0001192746997259	9.265635232999138e-05	0.0001079388221528	0.0003464357095269	8.682374529252506e-05	0.0002351576494906	3.944803777372441e-05	0.0002464618927205	0.0001673887834959	0.0002470911545384	1.534676752010122e-05	0.0001207642613772	9.204645417184864e-05	8.814889373138367e-05	0.0002613537918166	0.0001065872168935	7.530863556333456e-05	1.414727311310745e-05	0.0002972108996329	3.746122403108705e-05	0.0001163053430264	0.0001326589392092	8.745126549812632e-05	0.0001390464887037	0.0001473712026506	6.442188166335484e-05	8.1655451862336e-05	0.0001486386054996	0.0001208605269518	0.0001280098632854	7.220286784237003e-05	2.422989128935408e-05	6.216109254336254e-05	9.591054859089966e-05	0.0001116075580638	0.000113649278327
Chlamydiifrater	0	0	0	0	0	0	0	0	0	0	0	0	0	0	0	0	0	0	0	0	0	0	0	0	0	0	0	0	0	0	0	0	0	0	0	0	0	0	0	0	0	0	0	0	0	0	0	0	0	0	0	0	0	0	0	0	0	0	0	0	0	0	0	0	0	0	0	0	0	0	0	0	0	0	0	0	0	0	0	0	0
Chloracidobacterium	0	0	0	0	0	0	0	0	0	0	0	0	0	0	0	0	0	0	0	0	0	0	0	0	0	0	0	0	0	0	0	0	0	0	0	0	0	0	0	0	0	0	0	0	0	0	0	0	0	0	0	0	0	0	0	0	0	0	0	0	0	0	0	0	0	0	0	0	0	0	0	0	0	0	0	0	0	0	0	0	0
Chlorobaculum	0.01249753104213339	5.788006265824655e-05	9.25851109674639e-05	8.709115540932843e-05	0.0001674581055703	7.874313987771888e-05	7.723746462131388e-05	0.0004561327195176	0.0002153751981694	9.09247042421426e-05	9.369875849144998e-05	6.89590704930267e-05	7.578451244864431e-05	9.884250227597868e-05	0.0003713021574445	0.0001947450470996	0.0006920305669449	0.0001023383899211	8.01826882368789e-05	0.0001026752243614	0.0001219209907156	0.0001422619863511	1.674800614986786e-05	0.0002690762549591	8.044457943081356e-05	0.0001097741369959	9.288052669289838e-05	1.274945678207354e-05	0.000760246667849	9.154233578745903e-05	0.0003870825038708	0.0002514552856937	4.875304212394605e-05	5.804190895789127e-05	5.01362557199723e-05	0.0001718582169709	0.0001337777673998	5.954637453962104e-05	0.0001371610279799	0.0004925353071151	4.04169196712658e-06	8.06624347955943e-05	0.0001626698680096	6.938332481090668e-05	8.61573808156232e-05	0.0001192746997259	0.0001031854832765	0.0002315209518639	0.0004619142793693	6.678749637886543e-05	0.0001669816922853	1.023338218397872e-05	0.00030963443562	0.0001140184467291	0.0002330290563126	2.435994844460511e-05	0.0002021783701709	0.0001087821731121	0.0001168485335509	0.000203043782487	0.0001402129460326	7.530863556333456e-05	4.715757704369149e-06	0.0002117118737111	1.260714270276968e-05	0.0001506333517611	0.0002751114913802	0.000112250878102	0.0002805759504199	0.0001384781128355	7.712478790683326e-05	9.23061629748146e-05	0.0003738486138323	0.0001141460532323	0.000140559849882	0.0001943923364986	1.319449525657896e-05	7.321195343996033e-05	0.0001116050019966	0.0001649311691387	0.0001739178350156
Chlorobium	0.001717612361490789	6.157453474281548e-06	6.901799181210946e-05	1.45151925682214e-05	1.461935842281045e-05	7.973988848376596e-06	7.854657419116665e-06	6.645642271118039e-05	3.076788545278182e-05	1.010274491579362e-05	3.123291949715e-05	1.072696652113749e-05	7.786080046093593e-06	7.803355442840421e-06	5.604560867087839e-05	2.767949908015093e-05	1.809230240378853e-05	1.353234908047688e-05	1.924384517685094e-05	2.032113815486205e-05	1.25506902207263e-05	2.076817318994986e-05	3.349601229973572e-06	5.006069859704892e-05	4.925178332498789e-06	8.151544826431873e-06	3.618721819203833e-06	1.214233979245099e-06	8.133396743704242e-05	1.695228440508501e-05	2.211900022119e-05	4.143832423416797e-05	5.270599148534707e-06	1.079849468984024e-05	2.089010654998846e-06	0	2.286383661015893e-05	9.43308903597957e-06	2.332670543876133e-05	7.666327807976342e-05	6.38161889546302e-07	7.085213867180581e-06	6.506794720386764e-06	2.851369512776987e-06	8.615738081562321e-06	1.743245611379173e-05	1.263495713590792e-05	2.346496133756537e-05	0.0001065956029313	8.348437047358179e-06	1.284474556041131e-05	1.815600064899449e-06	5.160573927001013e-05	6.064810996230114e-06	4.218629467729493e-05	5.602788142259176e-06	3.527944714392522e-05	6.275894602626044e-06	9.224884227702944e-06	2.186625349860056e-05	1.395784983130035e-05	1.471548051237572e-05	1.414727311310745e-05	0.0001289271025805	7.204081544439818e-07	1.485839184038603e-05	1.602591211923991e-05	1.566291322354501e-05	7.697216338955612e-05	6.352207010803834e-06	6.35145312173921e-06	1.183412345830957e-06	4.504200166655406e-06	4.700131603684904e-05	1.656598230753089e-05	1.596794192667799e-05	4.078298533851677e-06	3.453394030186808e-06	1.39506252495854e-05	4.464302322553283e-05	1.377567010025244e-05
Chloroflexus	0.05997237699720541	0.000329423760874	0.0004141079508726	0.0004064253919101	0.0005289549683889	0.0003927189507825	0.0005288802662205	0.0020118171602566	0.0010185789447263	0.0007476031237687	0.0009213711251659	0.0004597271366201	0.0006467637158287999	0.0006476785017557	0.001500776854409	0.0008264307582502	0.0015966456871343	0.0005531347686644	0.0006158030456592	0.0007331652739556	0.0006378440065747	0.0007819217206016	0.0001945813805411	0.0011357520994205	0.0004826674765848	0.0006070183714082	0.000598295340775	0.0001578504173018	0.0034894531307364	0.0005119589890335	0.00111700951117	0.0008843315103609001	0.0003551066176325	0.0004926813202239	0.0005535878235746	0.0010311493018259	0.0007710464048319	0.0005742392950652	0.0007688482112615	0.001603627748326	6.073173982182307e-05	0.0005019601516671	0.0006506794720386	0.0003602230151141	0.0005226881102814	0.0004495738681977	0.0006043721163342	0.0010715665677488	0.0020963801909837	0.0004483110694431	0.0009366783685592	0.0001445877869865	0.0011344365098148	0.0007617402611265	0.0012796509385446	0.0001300821246941	0.0009498312692595001	0.0004759220073658	0.0005688678607083	0.0010974776755964	0.0007086781027982	0.0004475237308763	0.0001178939426092	0.0011623796143179	0.0001548877532054	0.0005343897479145	0.0009152576476988	0.0004751083677808	0.0012414865062831	0.0006555477635149	0.0003783651359664	0.0005100507210531	0.0015539490574961	0.0007923078989068	0.0006802092735364	0.0011156731598335	0.000112992859379	0.0004496319027303	0.0005929015731073	0.0007304094633288	0.000767993608089
Chlorogloea	0	0	0	0	0	0	0	0	0	0	0	0	0	0	0	0	0	0	0	0	0	0	0	0	0	0	0	0	0	0	0	0	0	0	0	0	0	0	0	0	0	0	0	0	0	0	0	0	0	0	0	0	0	0	0	0	0	0	0	0	0	0	0	0	0	0	0	0	0	0	0	0	0	0	0	0	0	0	0	0	0
Chlorogloeopsis	0	0	0	0	0	0	0	0	0	0	0	0	0	0	0	0	0	0	0	0	0	0	0	0	0	0	0	0	0	0	0	0	0	0	0	0	0	0	0	0	0	0	0	0	0	0	0	0	0	0	0	0	0	0	0	0	0	0	0	0	0	0	0	0	0	0	0	0	0	0	0	0	0	0	0	0	0	0	0	0	0
Chloroherpeton	0	0	0	0	0	0	0	0	0	0	0	0	0	0	0	0	0	0	0	0	0	0	0	0	0	0	0	0	0	0	0	0	0	0	0	0	0	0	0	0	0	0	0	0	0	0	0	0	0	0	0	0	0	0	0	0	0	0	0	0	0	0	0	0	0	0	0	0	0	0	0	0	0	0	0	0	0	0	0	0	0
Chondrinema	0	0	0	0	0	0	0	0	0	0	0	0	0	0	0	0	0	0	0	0	0	0	0	0	0	0	0	0	0	0	0	0	0	0	0	0	0	0	0	0	0	0	0	0	0	0	0	0	0	0	0	0	0	0	0	0	0	0	0	0	0	0	0	0	0	0	0	0	0	0	0	0	0	0	0	0	0	0	0	0	0
Chondromyces	0	0	0	0	0	0	0	0	0	0	0	0	0	0	0	0	0	0	0	0	0	0	0	0	0	0	0	0	0	0	0	0	0	0	0	0	0	0	0	0	0	0	0	0	0	0	0	0	0	0	0	0	0	0	0	0	0	0	0	0	0	0	0	0	0	0	0	0	0	0	0	0	0	0	0	0	0	0	0	0	0
Chordicoccus	0	0	0	0	0	0	0	0	0	0	0	0	0	0	0	0	0	0	0	0	0	0	0	0	0	0	0	0	0	0	0	0	0	0	0	0	0	0	0	0	0	0	0	0	0	0	0	0	0	0	0	0	0	0	0	0	0	0	0	0	0	0	0	0	0	0	0	0	0	0	0	0	0	0	0	0	0	0	0	0	0
Christensenella	0	0	0	0	0	0	0	0	0	0	0	0	0	0	0	0	0	0	0	0	0	0	0	0	0	0	0	0	0	0	0	0	0	0	0	0	0	0	0	0	0	0	0	0	0	0	0	0	0	0	0	0	0	0	0	0	0	0	0	0	0	0	0	0	0	0	0	0	0	0	0	0	0	0	0	0	0	0	0	0	0
Christiangramia	0	0	0	0	0	0	0	0	0	0	0	0	0	0	0	0	0	0	0	0	0	0	0	0	0	0	0	0	0	0	0	0	0	0	0	0	0	0	0	0	0	0	0	0	0	0	0	0	0	0	0	0	0	0	0	0	0	0	0	0	0	0	0	0	0	0	0	0	0	0	0	0	0	0	0	0	0	0	0	0	0
Chromobacterium	0.1195476819372198	0.0006933292612041	0.0011514221073044	0.0015579640023224	0.000897096994127	0.0008821225163516	0.0021875220912239	0.0031189207476951	0.0024160886892394	0.0018386995746744	0.0012961661591317	0.0009945430388883	0.0011243099586559	0.0013707894394589	0.0033736342774942	0.0024862121495207	0.0012845534706689	0.0010546774564596	0.001991737975804	0.0014599133463887	0.0012824115971963	0.0013322783101352	0.000333133067781	0.002518678898164	0.0012657708314521	0.0016640020172356	0.0013099772985517	0.0003509136200018	0.0027868180231553	0.0012629451881788	0.00204600752046	0.0024100152662553	0.0007820251486638	0.001226978959133	0.0020064947341263	0.0012602935911206	0.0012998334345179	0.0008018125680582	0.0020928720119656	0.0011457484436304	8.710909792307023e-05	0.0012540828544909	0.0013924540701627	0.000690031422092	0.0011085582998276	0.0015698385479314	0.0015856871205564	0.0028267456757987	0.0022918054630246	0.0009859504152930001	0.0006481656221253	0.0001338592411484	0.0019450025180041	0.0024065170033041	0.0016472743635896	0.0003261797096732	0.0018575985823089	0.0008733953321987	0.0013724577756549	0.0011995201919232	0.0013025211683481	0.0010473959658808	0.0001178939426092	0.0010918089897475	0.0002575459152137	0.0016446702692289	0.0017815472305888	0.0007479041064242	0.0014873008345272	0.0026234614954619	0.0010570632695465	0.0024650479163658	0.0028061167038263	0.0019941986947063	0.0023322895091148	0.002281332920481	0.0002689278033204	0.0008723273320251	0.0026262052032344	0.0021131030993418	0.0020680724738003
Chromohalobacter	0	0	0	0	0	0	0	0	0	0	0	0	0	0	0	0	0	0	0	0	0	0	0	0	0	0	0	0	0	0	0	0	0	0	0	0	0	0	0	0	0	0	0	0	0	0	0	0	0	0	0	0	0	0	0	0	0	0	0	0	0	0	0	0	0	0	0	0	0	0	0	0	0	0	0	0	0	0	0	0	0
Chroococcidiopsis	0	0	0	0	0	0	0	0	0	0	0	0	0	0	0	0	0	0	0	0	0	0	0	0	0	0	0	0	0	0	0	0	0	0	0	0	0	0	0	0	0	0	0	0	0	0	0	0	0	0	0	0	0	0	0	0	0	0	0	0	0	0	0	0	0	0	0	0	0	0	0	0	0	0	0	0	0	0	0	0	0
Chryseobacterium	0.4333005441241349	0.0047313872496379	0.0155458818142641	0.0053222372750145	0.0048549560289569	0.009685406204959401	0.0090996206200466	0.0046685636954604	0.0016857562503339	0.0035965771900225	0.0039978136956352	0.0082505696785434	0.0020072514358829	0.0035089088307972	0.0041177954148464	0.0082821015461965	0.0009159228091917	0.0122307062532985	0.0026524433268759	0.0026241006559449	0.0037468292698232	0.0035015139998255	0.0118116074644949	0.0053126916386118	0.0045738489447805	0.001852574420887	0.0085872268769706	0.0061075969156028	0.0009398591792724	0.0069673888904899	0.0024109710241097	0.0066998236045879	0.0078690045287623	0.034081399052972	0.0114947811291311	0.0018904403866809	0.0065619211071156	0.02468285659877	0.0108795754166382	0.0004799331244171	0.0001333758349151	0.0020552570379336	0.0076747643726961	0.005002252581915	0.0056533601378518	0.0047049281553433	0.009861584044576099	0.0017098135161305	0.0020164334887852	0.0079619044120654	0.0006333447618633	0.0074685533942395	0.0056668440243223	0.0032131368658027	0.0028043841604525	0.0001529804762321	0.0070504618215321	0.0056169256693503	0.0026588166318512	0.002379256630681	0.0046936442296345	0.0080225337287469	0.0018627242932258	0.0014874116255604	0.0042176295401922	0.012422127936902	0.0050187814786752	0.0025608863120496	0.0020087251671661	0.0040806577837403	0.0026422044986435	0.0037904697436965	0.0018827556696619	0.0052305750275293	0.0026726451456149	0.0013003458795072	0.0031287746752055	0.0015671502108987	0.0034248784987732	0.0036867696680419	0.0049506314422782
Chryseolinea	0	0	0	0	0	0	0	0	0	0	0	0	0	0	0	0	0	0	0	0	0	0	0	0	0	0	0	0	0	0	0	0	0	0	0	0	0	0	0	0	0	0	0	0	0	0	0	0	0	0	0	0	0	0	0	0	0	0	0	0	0	0	0	0	0	0	0	0	0	0	0	0	0	0	0	0	0	0	0	0	0
Chryseomicrobium	0	0	0	0	0	0	0	0	0	0	0	0	0	0	0	0	0	0	0	0	0	0	0	0	0	0	0	0	0	0	0	0	0	0	0	0	0	0	0	0	0	0	0	0	0	0	0	0	0	0	0	0	0	0	0	0	0	0	0	0	0	0	0	0	0	0	0	0	0	0	0	0	0	0	0	0	0	0	0	0	0
Chryseosolibacter	0	0	0	0	0	0	0	0	0	0	0	0	0	0	0	0	0	0	0	0	0	0	0	0	0	0	0	0	0	0	0	0	0	0	0	0	0	0	0	0	0	0	0	0	0	0	0	0	0	0	0	0	0	0	0	0	0	0	0	0	0	0	0	0	0	0	0	0	0	0	0	0	0	0	0	0	0	0	0	0	0
Chrysiogenes	0	0	0	0	0	0	0	0	0	0	0	0	0	0	0	0	0	0	0	0	0	0	0	0	0	0	0	0	0	0	0	0	0	0	0	0	0	0	0	0	0	0	0	0	0	0	0	0	0	0	0	0	0	0	0	0	0	0	0	0	0	0	0	0	0	0	0	0	0	0	0	0	0	0	0	0	0	0	0	0	0
Chrysosporum	0	0	0	0	0	0	0	0	0	0	0	0	0	0	0	0	0	0	0	0	0	0	0	0	0	0	0	0	0	0	0	0	0	0	0	0	0	0	0	0	0	0	0	0	0	0	0	0	0	0	0	0	0	0	0	0	0	0	0	0	0	0	0	0	0	0	0	0	0	0	0	0	0	0	0	0	0	0	0	0	0
Chthoniobacter	0	0	0	0	0	0	0	0	0	0	0	0	0	0	0	0	0	0	0	0	0	0	0	0	0	0	0	0	0	0	0	0	0	0	0	0	0	0	0	0	0	0	0	0	0	0	0	0	0	0	0	0	0	0	0	0	0	0	0	0	0	0	0	0	0	0	0	0	0	0	0	0	0	0	0	0	0	0	0	0	0
Chthonobacter	0	0	0	0	0	0	0	0	0	0	0	0	0	0	0	0	0	0	0	0	0	0	0	0	0	0	0	0	0	0	0	0	0	0	0	0	0	0	0	0	0	0	0	0	0	0	0	0	0	0	0	0	0	0	0	0	0	0	0	0	0	0	0	0	0	0	0	0	0	0	0	0	0	0	0	0	0	0	0	0	0
Chthonomonas	0	0	0	0	0	0	0	0	0	0	0	0	0	0	0	0	0	0	0	0	0	0	0	0	0	0	0	0	0	0	0	0	0	0	0	0	0	0	0	0	0	0	0	0	0	0	0	0	0	0	0	0	0	0	0	0	0	0	0	0	0	0	0	0	0	0	0	0	0	0	0	0	0	0	0	0	0	0	0	0	0
Ciceribacter	0	0	0	0	0	0	0	0	0	0	0	0	0	0	0	0	0	0	0	0	0	0	0	0	0	0	0	0	0	0	0	0	0	0	0	0	0	0	0	0	0	0	0	0	0	0	0	0	0	0	0	0	0	0	0	0	0	0	0	0	0	0	0	0	0	0	0	0	0	0	0	0	0	0	0	0	0	0	0	0	0
Citreicella	0	0	0	0	0	0	0	0	0	0	0	0	0	0	0	0	0	0	0	0	0	0	0	0	0	0	0	0	0	0	0	0	0	0	0	0	0	0	0	0	0	0	0	0	0	0	0	0	0	0	0	0	0	0	0	0	0	0	0	0	0	0	0	0	0	0	0	0	0	0	0	0	0	0	0	0	0	0	0	0	0
Citreimonas	0	0	0	0	0	0	0	0	0	0	0	0	0	0	0	0	0	0	0	0	0	0	0	0	0	0	0	0	0	0	0	0	0	0	0	0	0	0	0	0	0	0	0	0	0	0	0	0	0	0	0	0	0	0	0	0	0	0	0	0	0	0	0	0	0	0	0	0	0	0	0	0	0	0	0	0	0	0	0	0	0
Citricoccus	0	0	0	0	0	0	0	0	0	0	0	0	0	0	0	0	0	0	0	0	0	0	0	0	0	0	0	0	0	0	0	0	0	0	0	0	0	0	0	0	0	0	0	0	0	0	0	0	0	0	0	0	0	0	0	0	0	0	0	0	0	0	0	0	0	0	0	0	0	0	0	0	0	0	0	0	0	0	0	0	0
Citrifermentans	0	0	0	0	0	0	0	0	0	0	0	0	0	0	0	0	0	0	0	0	0	0	0	0	0	0	0	0	0	0	0	0	0	0	0	0	0	0	0	0	0	0	0	0	0	0	0	0	0	0	0	0	0	0	0	0	0	0	0	0	0	0	0	0	0	0	0	0	0	0	0	0	0	0	0	0	0	0	0	0	0
Citrobacter	0.2748825350479489	0.0006730096647389	0.0014190772462831	0.0072575962841107	0.0010618970345295	0.0033221631039548	0.0016390051814556	0.0013593359190923	0.0039269538012103	0.0034450360162856	0.0011556180213945	0.0043490187124268	0.0009203146614482	0.0005592404734035	0.0013723390012049	0.0012851196001498	0.0035121682041354	0.0009159708783847	0.0021104083543946	0.0019887977052087	0.0011165631907081	0.0013032028676693	0.0004598088961145	0.0016301014980664	0.0074074682120781	0.0011868649267284	0.0017176866235154	0.0003229862384791	0.0006088751173411	0.000713691173454	0.0009400575094005	0.0016707178907139	0.0013789205022353	0.0016440708165281	0.0005431427702996	0.0032939491586108	0.0006985631781316	0.0015434891935121	0.0019221205281539	0.0006311593167936	0.000448627808351	0.0008513156969643	0.0017470743824238	0.0010103352640273	0.0007682366456059	0.0098640176673355	0.0012213791898044	0.0012248709818209	0.0008971796580057	0.0006670401200839	0.0003952229403203	0.0001668701514193	0.0016949816087822	0.0024186466252965	0.0020189155309848	0.0019607322503062	0.001411177885757	0.0006725667049146999	0.0027982148824032	0.0008777738904438	0.0018950953384588	0.000932268971284	0.121449623918323	0.0010890947349564	0.0002719540783026	0.0018280945547068	0.0017494954063503	0.0012530330578836	0.001986378410053	0.0044973625636491	0.0024135521862608	0.0034034939066098	0.0036664189356575	0.0056267289769827	0.0050571425989717	0.002313963062679	0.0019938081832259	0.0006395685743905	0.0023506803545551	0.0013950944757979	0.002947993401454
Citromicrobium	0	0	0	0	0	0	0	0	0	0	0	0	0	0	0	0	0	0	0	0	0	0	0	0	0	0	0	0	0	0	0	0	0	0	0	0	0	0	0	0	0	0	0	0	0	0	0	0	0	0	0	0	0	0	0	0	0	0	0	0	0	0	0	0	0	0	0	0	0	0	0	0	0	0	0	0	0	0	0	0	0
Claveliimonas	0	0	0	0	0	0	0	0	0	0	0	0	0	0	0	0	0	0	0	0	0	0	0	0	0	0	0	0	0	0	0	0	0	0	0	0	0	0	0	0	0	0	0	0	0	0	0	0	0	0	0	0	0	0	0	0	0	0	0	0	0	0	0	0	0	0	0	0	0	0	0	0	0	0	0	0	0	0	0	0	0
Clavibacter	0	0	0	0	0	0	0	0	0	0	0	0	0	0	0	0	0	0	0	0	0	0	0	0	0	0	0	0	0	0	0	0	0	0	0	0	0	0	0	0	0	0	0	0	0	0	0	0	0	0	0	0	0	0	0	0	0	0	0	0	0	0	0	0	0	0	0	0	0	0	0	0	0	0	0	0	0	0	0	0	0
Cloacibacillus	0	0	0	0	0	0	0	0	0	0	0	0	0	0	0	0	0	0	0	0	0	0	0	0	0	0	0	0	0	0	0	0	0	0	0	0	0	0	0	0	0	0	0	0	0	0	0	0	0	0	0	0	0	0	0	0	0	0	0	0	0	0	0	0	0	0	0	0	0	0	0	0	0	0	0	0	0	0	0	0	0
Cloacibacterium	0	0	0	0	0	0	0	0	0	0	0	0	0	0	0	0	0	0	0	0	0	0	0	0	0	0	0	0	0	0	0	0	0	0	0	0	0	0	0	0	0	0	0	0	0	0	0	0	0	0	0	0	0	0	0	0	0	0	0	0	0	0	0	0	0	0	0	0	0	0	0	0	0	0	0	0	0	0	0	0	0
Clostridiisalibacter	0	0	0	0	0	0	0	0	0	0	0	0	0	0	0	0	0	0	0	0	0	0	0	0	0	0	0	0	0	0	0	0	0	0	0	0	0	0	0	0	0	0	0	0	0	0	0	0	0	0	0	0	0	0	0	0	0	0	0	0	0	0	0	0	0	0	0	0	0	0	0	0	0	0	0	0	0	0	0	0	0
Clostridioides	0	0	0	0	0	0	0	0	0	0	0	0	0	0	0	0	0	0	0	0	0	0	0	0	0	0	0	0	0	0	0	0	0	0	0	0	0	0	0	0	0	0	0	0	0	0	0	0	0	0	0	0	0	0	0	0	0	0	0	0	0	0	0	0	0	0	0	0	0	0	0	0	0	0	0	0	0	0	0	0	0
Clostridium	0.7156778654681333	0.005823103750628	0.0029829239388062	0.0089607122121153	0.0071634856271771	0.0042371783243061	0.0044208630173928	0.0126931767378354	0.0047350156349438	0.0100017174666356	0.0096509721246193	0.0118425710393357	0.0060269450276795	0.0057458707244114	0.0049405760865842	0.0067142556340137	0.0148899648783179	0.0212246437609104	0.0095257033625412	0.007822568656034701	0.009397329302768801	0.0073893160209841	0.0029025817203734	0.0122961590929001	0.0131945527527642	0.0128674852266835	0.0092313593607889	0.0009671373644687	0.0043299041275858	0.0082693243328004	0.0120659146206591	0.0228909070189928	0.0036103604167462	0.008282445427107399	0.0028170308682659	0.014751163623344	0.00447790672333	0.0079338174473235	0.0109850121252214	0.0075256034345148	0.0001679429372656	0.0034096229194678	0.013325915587352	0.0067301825066579	0.0118322802986789	0.0058600577473046	0.008318013447806	0.0101133983364906	0.0104996668887408	0.0038720051025647	0.0410913291051065	0.0011335946587026	0.0165992529624363	0.0127166956968953	0.0187226793520185	0.0020525692559424	0.0035442275361512	0.008565550150150701	0.0078862510275496	0.0152647274423563	0.008205946805365299	0.0055788983471918	0.0030275164462049	0.0220010707735151	0.0017819295700171	0.0060740081126819	0.0127788842581916	0.0062260080063591	0.008697854463019799	0.009281844884186499	0.0110769342443131	0.0053490238031559	0.0060491408238182	0.0125157790132409	0.0113773158490266	0.0037878735283458	0.0008022253116	0.0111061152010807	0.0138704091544002	0.0104836699541292	0.0083118949467398
Cnuibacter	0	0	0	0	0	0	0	0	0	0	0	0	0	0	0	0	0	0	0	0	0	0	0	0	0	0	0	0	0	0	0	0	0	0	0	0	0	0	0	0	0	0	0	0	0	0	0	0	0	0	0	0	0	0	0	0	0	0	0	0	0	0	0	0	0	0	0	0	0	0	0	0	0	0	0	0	0	0	0	0	0
Cobetia	0	0	0	0	0	0	0	0	0	0	0	0	0	0	0	0	0	0	0	0	0	0	0	0	0	0	0	0	0	0	0	0	0	0	0	0	0	0	0	0	0	0	0	0	0	0	0	0	0	0	0	0	0	0	0	0	0	0	0	0	0	0	0	0	0	0	0	0	0	0	0	0	0	0	0	0	0	0	0	0	0
Cocleimonas	0	0	0	0	0	0	0	0	0	0	0	0	0	0	0	0	0	0	0	0	0	0	0	0	0	0	0	0	0	0	0	0	0	0	0	0	0	0	0	0	0	0	0	0	0	0	0	0	0	0	0	0	0	0	0	0	0	0	0	0	0	0	0	0	0	0	0	0	0	0	0	0	0	0	0	0	0	0	0	0	0
Cognataquiflexum	0	0	0	0	0	0	0	0	0	0	0	0	0	0	0	0	0	0	0	0	0	0	0	0	0	0	0	0	0	0	0	0	0	0	0	0	0	0	0	0	0	0	0	0	0	0	0	0	0	0	0	0	0	0	0	0	0	0	0	0	0	0	0	0	0	0	0	0	0	0	0	0	0	0	0	0	0	0	0	0	0
Cognaticolwellia	0	0	0	0	0	0	0	0	0	0	0	0	0	0	0	0	0	0	0	0	0	0	0	0	0	0	0	0	0	0	0	0	0	0	0	0	0	0	0	0	0	0	0	0	0	0	0	0	0	0	0	0	0	0	0	0	0	0	0	0	0	0	0	0	0	0	0	0	0	0	0	0	0	0	0	0	0	0	0	0	0
Cognatiluteimonas	0	0	0	0	0	0	0	0	0	0	0	0	0	0	0	0	0	0	0	0	0	0	0	0	0	0	0	0	0	0	0	0	0	0	0	0	0	0	0	0	0	0	0	0	0	0	0	0	0	0	0	0	0	0	0	0	0	0	0	0	0	0	0	0	0	0	0	0	0	0	0	0	0	0	0	0	0	0	0	0	0
Cognatilysobacter	0	0	0	0	0	0	0	0	0	0	0	0	0	0	0	0	0	0	0	0	0	0	0	0	0	0	0	0	0	0	0	0	0	0	0	0	0	0	0	0	0	0	0	0	0	0	0	0	0	0	0	0	0	0	0	0	0	0	0	0	0	0	0	0	0	0	0	0	0	0	0	0	0	0	0	0	0	0	0	0	0
Cognatishimia	0	0	0	0	0	0	0	0	0	0	0	0	0	0	0	0	0	0	0	0	0	0	0	0	0	0	0	0	0	0	0	0	0	0	0	0	0	0	0	0	0	0	0	0	0	0	0	0	0	0	0	0	0	0	0	0	0	0	0	0	0	0	0	0	0	0	0	0	0	0	0	0	0	0	0	0	0	0	0	0	0
Cognatiyoonia	0	0	0	0	0	0	0	0	0	0	0	0	0	0	0	0	0	0	0	0	0	0	0	0	0	0	0	0	0	0	0	0	0	0	0	0	0	0	0	0	0	0	0	0	0	0	0	0	0	0	0	0	0	0	0	0	0	0	0	0	0	0	0	0	0	0	0	0	0	0	0	0	0	0	0	0	0	0	0	0	0
Cohaesibacter	0	0	0	0	0	0	0	0	0	0	0	0	0	0	0	0	0	0	0	0	0	0	0	0	0	0	0	0	0	0	0	0	0	0	0	0	0	0	0	0	0	0	0	0	0	0	0	0	0	0	0	0	0	0	0	0	0	0	0	0	0	0	0	0	0	0	0	0	0	0	0	0	0	0	0	0	0	0	0	0	0
Cohnella	0	0	0	0	0	0	0	0	0	0	0	0	0	0	0	0	0	0	0	0	0	0	0	0	0	0	0	0	0	0	0	0	0	0	0	0	0	0	0	0	0	0	0	0	0	0	0	0	0	0	0	0	0	0	0	0	0	0	0	0	0	0	0	0	0	0	0	0	0	0	0	0	0	0	0	0	0	0	0	0	0
Coleofasciculus	0	0	0	0	0	0	0	0	0	0	0	0	0	0	0	0	0	0	0	0	0	0	0	0	0	0	0	0	0	0	0	0	0	0	0	0	0	0	0	0	0	0	0	0	0	0	0	0	0	0	0	0	0	0	0	0	0	0	0	0	0	0	0	0	0	0	0	0	0	0	0	0	0	0	0	0	0	0	0	0	0
Colibacter	0	0	0	0	0	0	0	0	0	0	0	0	0	0	0	0	0	0	0	0	0	0	0	0	0	0	0	0	0	0	0	0	0	0	0	0	0	0	0	0	0	0	0	0	0	0	0	0	0	0	0	0	0	0	0	0	0	0	0	0	0	0	0	0	0	0	0	0	0	0	0	0	0	0	0	0	0	0	0	0	0
Collimonas	0.1139908191745559	0.0012401111297203	0.0011834060547295	0.0010547706599574	0.0010831615558718	0.001461233456465	0.0018982088762865	0.0023063399427266	0.0015432523598158	0.0012022266449794	0.0013898649176231	0.0010757614996912	0.0014367913045058	0.0017895695148914	0.0022278129446674	0.0021451611787116	0.0012958611596713	0.0019503498112237	0.0016325195325028	0.0021037725658217	0.0015939376580322	0.0013945828297051	0.000713769571187	0.0011764264170306	0.0013971089203188	0.0020585367868349	0.0016911493301745	0.0008985331446413	0.0019994600328272	0.0016850570698654	0.0015704490157044	0.0012365572663514	0.0009921902897116	0.0014254012990589	0.0019793375956114	0.0009738632295023	0.0017104095642833	0.0016407679241956	0.0022617573593422	0.0009640669764003	0.0001668793341163	0.0019130077441387	0.0012688249704754	0.0007841266160135999	0.0014862148190695	0.0010413598783765	0.0016551793848039	0.0022588936114296	0.0025049966688874	0.0019977809854328	0.0005612165752548	0.000325487575271	0.0015401643909721	0.001444637979302	0.0013881299820005	0.0002842805983485	0.0015916458269163	0.0012426271313199	0.0016071798298931	0.0012557477009196	0.0016984165453814	0.0016533275163904	0.0002216406121053	0.0015579822501307	0.0006335989718334	0.0011374355132985	0.0018812640171085	0.0012360649018914	0.0016387621882937	0.001359372300312	0.0010597853208844	0.0011845957581767	0.0014908902551629	0.0010541723739693	0.0017489661321041	0.0017599449036577	0.0002394201139284	0.0010194419177111	0.0019182109718179	0.0018601259677305	0.0019354816490854
Collinsella	0	0	0	0	0	0	0	0	0	0	0	0	0	0	0	0	0	0	0	0	0	0	0	0	0	0	0	0	0	0	0	0	0	0	0	0	0	0	0	0	0	0	0	0	0	0	0	0	0	0	0	0	0	0	0	0	0	0	0	0	0	0	0	0	0	0	0	0	0	0	0	0	0	0	0	0	0	0	0	0	0
Colwellia	0.002892419624493311	2.58613045919825e-05	6.901799181210946e-05	2.903038513644281e-05	2.92387168456209e-05	3.488620121164761e-05	6.152814978308055e-05	7.098754244148815e-05	2.105171109927177e-05	4.041097966317448e-05	0	1.532423788733927e-05	1.090051206453103e-05	2.341006632852126e-05	3.892056157699888e-05	6.821019416180051e-05	2.71384536056828e-05	4.820899359919889e-05	3.207307529475156e-05	2.887740685164607e-05	2.95837698059977e-05	3.530589442291477e-05	2.984190186703728e-05	4.380311127241781e-05	2.298416555166101e-05	2.825868873163049e-05	3.618721819203833e-05	1.457080775094118e-05	3.501879153539327e-05	2.203796972661051e-05	0	5.556502567763432e-05	3.952949361401031e-05	5.264266161297115e-05	4.178021309997692e-05	1.432151808091658e-05	2.529615965379287e-05	4.952371743889275e-05	8.584227601464171e-05	4.515782133465516e-05	2.233566613412057e-06	1.689550999096908e-05	3.253397360193382e-05	2.18604995979569e-05	1.292360712234348e-05	3.211241915698477e-05	2.948156665045181e-05	2.033629982588998e-05	0.0001065956029313	7.847530824516688e-05	3.359394992722958e-05	2.046676436795743e-05	0.0001067704950414	5.458329896607102e-05	4.419516585240422e-05	1.169277525341045e-05	2.713803626455786e-05	3.033349057935921e-05	3.279958836516602e-05	3.956750633080101e-05	5.075581756836491e-05	6.232438805241481e-05	1.88630308174766e-05	5.971360540570984e-05	2.449387725109539e-05	5.328526728966025e-05	4.184543720023754e-05	3.263106921571878e-05	4.965946025132653e-05	4.319500767346607e-05	2.812786382484507e-05	1.89345975332953e-05	2.252100083327703e-05	4.700131603684904e-05	2.760997051255149e-05	2.429904206233607e-05	2.710869025442585e-05	3.729665552601752e-05	2.266976603057628e-05	2.356159559125344e-05	3.960505153822577e-05
Comamonas	0	0	0	0	0	0	0	0	0	0	0	0	0	0	0	0	0	0	0	0	0	0	0	0	0	0	0	0	0	0	0	0	0	0	0	0	0	0	0	0	0	0	0	0	0	0	0	0	0	0	0	0	0	0	0	0	0	0	0	0	0	0	0	0	0	0	0	0	0	0	0	0	0	0	0	0	0	0	0	0	0
Commensalibacter	0	0	0	0	0	0	0	0	0	0	0	0	0	0	0	0	0	0	0	0	0	0	0	0	0	0	0	0	0	0	0	0	0	0	0	0	0	0	0	0	0	0	0	0	0	0	0	0	0	0	0	0	0	0	0	0	0	0	0	0	0	0	0	0	0	0	0	0	0	0	0	0	0	0	0	0	0	0	0	0	0
Companilactobacillus	0	0	0	0	0	0	0	0	0	0	0	0	0	0	0	0	0	0	0	0	0	0	0	0	0	0	0	0	0	0	0	0	0	0	0	0	0	0	0	0	0	0	0	0	0	0	0	0	0	0	0	0	0	0	0	0	0	0	0	0	0	0	0	0	0	0	0	0	0	0	0	0	0	0	0	0	0	0	0	0	0
Conchiformibius	0	0	0	0	0	0	0	0	0	0	0	0	0	0	0	0	0	0	0	0	0	0	0	0	0	0	0	0	0	0	0	0	0	0	0	0	0	0	0	0	0	0	0	0	0	0	0	0	0	0	0	0	0	0	0	0	0	0	0	0	0	0	0	0	0	0	0	0	0	0	0	0	0	0	0	0	0	0	0	0	0
Conexibacter	0	0	0	0	0	0	0	0	0	0	0	0	0	0	0	0	0	0	0	0	0	0	0	0	0	0	0	0	0	0	0	0	0	0	0	0	0	0	0	0	0	0	0	0	0	0	0	0	0	0	0	0	0	0	0	0	0	0	0	0	0	0	0	0	0	0	0	0	0	0	0	0	0	0	0	0	0	0	0	0	0
Confluentibacter	0	0	0	0	0	0	0	0	0	0	0	0	0	0	0	0	0	0	0	0	0	0	0	0	0	0	0	0	0	0	0	0	0	0	0	0	0	0	0	0	0	0	0	0	0	0	0	0	0	0	0	0	0	0	0	0	0	0	0	0	0	0	0	0	0	0	0	0	0	0	0	0	0	0	0	0	0	0	0	0	0
Confluentimicrobium	0	0	0	0	0	0	0	0	0	0	0	0	0	0	0	0	0	0	0	0	0	0	0	0	0	0	0	0	0	0	0	0	0	0	0	0	0	0	0	0	0	0	0	0	0	0	0	0	0	0	0	0	0	0	0	0	0	0	0	0	0	0	0	0	0	0	0	0	0	0	0	0	0	0	0	0	0	0	0	0	0
Congregibacter	0	0	0	0	0	0	0	0	0	0	0	0	0	0	0	0	0	0	0	0	0	0	0	0	0	0	0	0	0	0	0	0	0	0	0	0	0	0	0	0	0	0	0	0	0	0	0	0	0	0	0	0	0	0	0	0	0	0	0	0	0	0	0	0	0	0	0	0	0	0	0	0	0	0	0	0	0	0	0	0	0
Congregicoccus	0	0	0	0	0	0	0	0	0	0	0	0	0	0	0	0	0	0	0	0	0	0	0	0	0	0	0	0	0	0	0	0	0	0	0	0	0	0	0	0	0	0	0	0	0	0	0	0	0	0	0	0	0	0	0	0	0	0	0	0	0	0	0	0	0	0	0	0	0	0	0	0	0	0	0	0	0	0	0	0	0
Congzhengia	0	0	0	0	0	0	0	0	0	0	0	0	0	0	0	0	0	0	0	0	0	0	0	0	0	0	0	0	0	0	0	0	0	0	0	0	0	0	0	0	0	0	0	0	0	0	0	0	0	0	0	0	0	0	0	0	0	0	0	0	0	0	0	0	0	0	0	0	0	0	0	0	0	0	0	0	0	0	0	0	0
Consotaella	0	0	0	0	0	0	0	0	0	0	0	0	0	0	0	0	0	0	0	0	0	0	0	0	0	0	0	0	0	0	0	0	0	0	0	0	0	0	0	0	0	0	0	0	0	0	0	0	0	0	0	0	0	0	0	0	0	0	0	0	0	0	0	0	0	0	0	0	0	0	0	0	0	0	0	0	0	0	0	0	0
Constantimarinum	0	0	0	0	0	0	0	0	0	0	0	0	0	0	0	0	0	0	0	0	0	0	0	0	0	0	0	0	0	0	0	0	0	0	0	0	0	0	0	0	0	0	0	0	0	0	0	0	0	0	0	0	0	0	0	0	0	0	0	0	0	0	0	0	0	0	0	0	0	0	0	0	0	0	0	0	0	0	0	0	0
Convivina	0	0	0	0	0	0	0	0	0	0	0	0	0	0	0	0	0	0	0	0	0	0	0	0	0	0	0	0	0	0	0	0	0	0	0	0	0	0	0	0	0	0	0	0	0	0	0	0	0	0	0	0	0	0	0	0	0	0	0	0	0	0	0	0	0	0	0	0	0	0	0	0	0	0	0	0	0	0	0	0	0
Conyzicola	0	0	0	0	0	0	0	0	0	0	0	0	0	0	0	0	0	0	0	0	0	0	0	0	0	0	0	0	0	0	0	0	0	0	0	0	0	0	0	0	0	0	0	0	0	0	0	0	0	0	0	0	0	0	0	0	0	0	0	0	0	0	0	0	0	0	0	0	0	0	0	0	0	0	0	0	0	0	0	0	0
Coprobacillus	0	0	0	0	0	0	0	0	0	0	0	0	0	0	0	0	0	0	0	0	0	0	0	0	0	0	0	0	0	0	0	0	0	0	0	0	0	0	0	0	0	0	0	0	0	0	0	0	0	0	0	0	0	0	0	0	0	0	0	0	0	0	0	0	0	0	0	0	0	0	0	0	0	0	0	0	0	0	0	0	0
Coprobacter	0	0	0	0	0	0	0	0	0	0	0	0	0	0	0	0	0	0	0	0	0	0	0	0	0	0	0	0	0	0	0	0	0	0	0	0	0	0	0	0	0	0	0	0	0	0	0	0	0	0	0	0	0	0	0	0	0	0	0	0	0	0	0	0	0	0	0	0	0	0	0	0	0	0	0	0	0	0	0	0	0
Coprococcus	0	0	0	0	0	0	0	0	0	0	0	0	0	0	0	0	0	0	0	0	0	0	0	0	0	0	0	0	0	0	0	0	0	0	0	0	0	0	0	0	0	0	0	0	0	0	0	0	0	0	0	0	0	0	0	0	0	0	0	0	0	0	0	0	0	0	0	0	0	0	0	0	0	0	0	0	0	0	0	0	0
Coprothermobacter	0	0	0	0	0	0	0	0	0	0	0	0	0	0	0	0	0	0	0	0	0	0	0	0	0	0	0	0	0	0	0	0	0	0	0	0	0	0	0	0	0	0	0	0	0	0	0	0	0	0	0	0	0	0	0	0	0	0	0	0	0	0	0	0	0	0	0	0	0	0	0	0	0	0	0	0	0	0	0	0	0
Coraliomargarita	0	0	0	0	0	0	0	0	0	0	0	0	0	0	0	0	0	0	0	0	0	0	0	0	0	0	0	0	0	0	0	0	0	0	0	0	0	0	0	0	0	0	0	0	0	0	0	0	0	0	0	0	0	0	0	0	0	0	0	0	0	0	0	0	0	0	0	0	0	0	0	0	0	0	0	0	0	0	0	0	0
Corallibacter	0	0	0	0	0	0	0	0	0	0	0	0	0	0	0	0	0	0	0	0	0	0	0	0	0	0	0	0	0	0	0	0	0	0	0	0	0	0	0	0	0	0	0	0	0	0	0	0	0	0	0	0	0	0	0	0	0	0	0	0	0	0	0	0	0	0	0	0	0	0	0	0	0	0	0	0	0	0	0	0	0
Corallincola	0	0	0	0	0	0	0	0	0	0	0	0	0	0	0	0	0	0	0	0	0	0	0	0	0	0	0	0	0	0	0	0	0	0	0	0	0	0	0	0	0	0	0	0	0	0	0	0	0	0	0	0	0	0	0	0	0	0	0	0	0	0	0	0	0	0	0	0	0	0	0	0	0	0	0	0	0	0	0	0	0
Coralliovum	0	0	0	0	0	0	0	0	0	0	0	0	0	0	0	0	0	0	0	0	0	0	0	0	0	0	0	0	0	0	0	0	0	0	0	0	0	0	0	0	0	0	0	0	0	0	0	0	0	0	0	0	0	0	0	0	0	0	0	0	0	0	0	0	0	0	0	0	0	0	0	0	0	0	0	0	0	0	0	0	0
Corallococcus	0	0	0	0	0	0	0	0	0	0	0	0	0	0	0	0	0	0	0	0	0	0	0	0	0	0	0	0	0	0	0	0	0	0	0	0	0	0	0	0	0	0	0	0	0	0	0	0	0	0	0	0	0	0	0	0	0	0	0	0	0	0	0	0	0	0	0	0	0	0	0	0	0	0	0	0	0	0	0	0	0
Coralloluteibacterium	0	0	0	0	0	0	0	0	0	0	0	0	0	0	0	0	0	0	0	0	0	0	0	0	0	0	0	0	0	0	0	0	0	0	0	0	0	0	0	0	0	0	0	0	0	0	0	0	0	0	0	0	0	0	0	0	0	0	0	0	0	0	0	0	0	0	0	0	0	0	0	0	0	0	0	0	0	0	0	0	0
Coriobacterium	0	0	0	0	0	0	0	0	0	0	0	0	0	0	0	0	0	0	0	0	0	0	0	0	0	0	0	0	0	0	0	0	0	0	0	0	0	0	0	0	0	0	0	0	0	0	0	0	0	0	0	0	0	0	0	0	0	0	0	0	0	0	0	0	0	0	0	0	0	0	0	0	0	0	0	0	0	0	0	0	0
Corticimicrobacter	0	0	0	0	0	0	0	0	0	0	0	0	0	0	0	0	0	0	0	0	0	0	0	0	0	0	0	0	0	0	0	0	0	0	0	0	0	0	0	0	0	0	0	0	0	0	0	0	0	0	0	0	0	0	0	0	0	0	0	0	0	0	0	0	0	0	0	0	0	0	0	0	0	0	0	0	0	0	0	0	0
Corynebacterium	0.1749627573962683	0.0012419583657625	0.0009325845722904	0.0018192374685504	0.002162336013992	0.0008193273541706	0.001493694019202	0.003735153031017	0.0026994771078835	0.0019195215340007	0.002201920824549	0.0014803213799169	0.0025003698388021	0.0016074912212251	0.0028404225838893	0.0034648801527117	0.0064001519753401	0.0019072154485297	0.0019885306682745	0.0016117871157566	0.0016876195957512	0.0020145127994251	0.0002941558898322	0.0045930690962792	0.0014496441558654	0.002062884277409	0.0018805291053795	0.0002543820186518	0.008558140795875401	0.0013409256964422	0.003494802034948	0.0025964877253091	0.0010534610048133	0.0012769219970736	0.0011061311418218	0.0035230934479054	0.0014034503961767	0.0011862109462744	0.00291397204341	0.0036756366202626	8.27483250111705e-05	0.0013990572305425	0.0023847402650217	0.00106451128477	0.0014618035611717	0.0010523698506589	0.0019647358346336	0.003863896966919	0.0032955807239618	0.0010535727553766	0.008663286851821999	0.0001957546979064	0.0043722517719453	0.0024659521510671	0.0043632681923373	0.0006586930059421	0.0016065717468618	0.0016380084912853	0.0015128810133432	0.0027114154338264	0.0021552189034966	0.0012880373530832	0.0004197024356888	0.0024815074428259	0.0003706499954614	0.0018660090718167	0.0028401477589097	0.0020622835744334	0.003371877351065	0.001889146365013	0.0018029053361279	0.0013538237236306	0.0024052428889939	0.0016719039561679	0.0018543860195157	0.0039954567733926	0.0001988770285037	0.001536069664627	0.002279183400151	0.0023053161160073	0.0018115006181831
Costertonia	0	0	0	0	0	0	0	0	0	0	0	0	0	0	0	0	0	0	0	0	0	0	0	0	0	0	0	0	0	0	0	0	0	0	0	0	0	0	0	0	0	0	0	0	0	0	0	0	0	0	0	0	0	0	0	0	0	0	0	0	0	0	0	0	0	0	0	0	0	0	0	0	0	0	0	0	0	0	0	0	0
Couchioplanes	0	0	0	0	0	0	0	0	0	0	0	0	0	0	0	0	0	0	0	0	0	0	0	0	0	0	0	0	0	0	0	0	0	0	0	0	0	0	0	0	0	0	0	0	0	0	0	0	0	0	0	0	0	0	0	0	0	0	0	0	0	0	0	0	0	0	0	0	0	0	0	0	0	0	0	0	0	0	0	0	0
Coxiella	0.0003776564940445796	3.694472084568929e-06	1.683365653953889e-06	0	1.329032583891859e-06	0	2.618219139705555e-06	3.32282113555902e-05	3.238724784503349e-06	0	0	0	0	2.601118480946807e-06	7.005701083859799e-06	5.931321231460914e-06	4.523075600947132e-05	1.69154363505961e-06	3.207307529475156e-06	5.347667935490012e-07	0	1.038408659497493e-06	9.135276081746104e-07	1.877276197389335e-05	0	1.630308965286375e-05	0	6.071169896225493e-07	2.259276873251179e-06	1.695228440508501e-06	2.211900022119e-05	2.91951829831638e-05	0	5.399247344920118e-06	2.089010654998846e-06	0	1.945858434907144e-06	5.895680647487231e-07	8.39761395795408e-06	1.050181891503608e-06	1.063603149243837e-07	1.090032902643166e-06	3.253397360193382e-06	1.900913008517991e-06	0	1.83499538039913e-06	6.317478567953958e-06	1.407897680253922e-05	0	0	5.92834410480522e-06	1.650545513544954e-07	1.423606600552004e-05	9.703697593968182e-06	2.008871175109283e-06	9.743979377842045e-07	5.427607252911572e-06	0	1.024987136411438e-06	5.206250833000133e-06	0	3.462466002911934e-06	0	2.035691093376472e-06	0	4.611225053912906e-06	4.451642255344419e-06	0	0	2.540882804321533e-06	1.814700891925488e-06	1.183412345830957e-06	0	0	5.019994638645725e-07	2.429904206233607e-05	9.59599655023924e-07	3.453394030186808e-06	1.046296893718905e-05	9.920671827896185e-06	1.033175257518933e-05
Crassaminicella	0	0	0	0	0	0	0	0	0	0	0	0	0	0	0	0	0	0	0	0	0	0	0	0	0	0	0	0	0	0	0	0	0	0	0	0	0	0	0	0	0	0	0	0	0	0	0	0	0	0	0	0	0	0	0	0	0	0	0	0	0	0	0	0	0	0	0	0	0	0	0	0	0	0	0	0	0	0	0	0	0
Crateriforma	0	0	0	0	0	0	0	0	0	0	0	0	0	0	0	0	0	0	0	0	0	0	0	0	0	0	0	0	0	0	0	0	0	0	0	0	0	0	0	0	0	0	0	0	0	0	0	0	0	0	0	0	0	0	0	0	0	0	0	0	0	0	0	0	0	0	0	0	0	0	0	0	0	0	0	0	0	0	0	0	0
Craterilacuibacter	0	0	0	0	0	0	0	0	0	0	0	0	0	0	0	0	0	0	0	0	0	0	0	0	0	0	0	0	0	0	0	0	0	0	0	0	0	0	0	0	0	0	0	0	0	0	0	0	0	0	0	0	0	0	0	0	0	0	0	0	0	0	0	0	0	0	0	0	0	0	0	0	0	0	0	0	0	0	0	0	0
Crenobacter	0	0	0	0	0	0	0	0	0	0	0	0	0	0	0	0	0	0	0	0	0	0	0	0	0	0	0	0	0	0	0	0	0	0	0	0	0	0	0	0	0	0	0	0	0	0	0	0	0	0	0	0	0	0	0	0	0	0	0	0	0	0	0	0	0	0	0	0	0	0	0	0	0	0	0	0	0	0	0	0	0
Crenothrix	0	0	0	0	0	0	0	0	0	0	0	0	0	0	0	0	0	0	0	0	0	0	0	0	0	0	0	0	0	0	0	0	0	0	0	0	0	0	0	0	0	0	0	0	0	0	0	0	0	0	0	0	0	0	0	0	0	0	0	0	0	0	0	0	0	0	0	0	0	0	0	0	0	0	0	0	0	0	0	0	0
Criblamydia	0	0	0	0	0	0	0	0	0	0	0	0	0	0	0	0	0	0	0	0	0	0	0	0	0	0	0	0	0	0	0	0	0	0	0	0	0	0	0	0	0	0	0	0	0	0	0	0	0	0	0	0	0	0	0	0	0	0	0	0	0	0	0	0	0	0	0	0	0	0	0	0	0	0	0	0	0	0	0	0	0
Cribrihabitans	0	0	0	0	0	0	0	0	0	0	0	0	0	0	0	0	0	0	0	0	0	0	0	0	0	0	0	0	0	0	0	0	0	0	0	0	0	0	0	0	0	0	0	0	0	0	0	0	0	0	0	0	0	0	0	0	0	0	0	0	0	0	0	0	0	0	0	0	0	0	0	0	0	0	0	0	0	0	0	0	0
Criibacterium	0	0	0	0	0	0	0	0	0	0	0	0	0	0	0	0	0	0	0	0	0	0	0	0	0	0	0	0	0	0	0	0	0	0	0	0	0	0	0	0	0	0	0	0	0	0	0	0	0	0	0	0	0	0	0	0	0	0	0	0	0	0	0	0	0	0	0	0	0	0	0	0	0	0	0	0	0	0	0	0	0
Crinalium	0	0	0	0	0	0	0	0	0	0	0	0	0	0	0	0	0	0	0	0	0	0	0	0	0	0	0	0	0	0	0	0	0	0	0	0	0	0	0	0	0	0	0	0	0	0	0	0	0	0	0	0	0	0	0	0	0	0	0	0	0	0	0	0	0	0	0	0	0	0	0	0	0	0	0	0	0	0	0	0	0
Croceibacter	0	0	0	0	0	0	0	0	0	0	0	0	0	0	0	0	0	0	0	0	0	0	0	0	0	0	0	0	0	0	0	0	0	0	0	0	0	0	0	0	0	0	0	0	0	0	0	0	0	0	0	0	0	0	0	0	0	0	0	0	0	0	0	0	0	0	0	0	0	0	0	0	0	0	0	0	0	0	0	0	0
Croceibacterium	0	0	0	0	0	0	0	0	0	0	0	0	0	0	0	0	0	0	0	0	0	0	0	0	0	0	0	0	0	0	0	0	0	0	0	0	0	0	0	0	0	0	0	0	0	0	0	0	0	0	0	0	0	0	0	0	0	0	0	0	0	0	0	0	0	0	0	0	0	0	0	0	0	0	0	0	0	0	0	0	0
Croceicoccus	0	0	0	0	0	0	0	0	0	0	0	0	0	0	0	0	0	0	0	0	0	0	0	0	0	0	0	0	0	0	0	0	0	0	0	0	0	0	0	0	0	0	0	0	0	0	0	0	0	0	0	0	0	0	0	0	0	0	0	0	0	0	0	0	0	0	0	0	0	0	0	0	0	0	0	0	0	0	0	0	0
Croceimicrobium	0	0	0	0	0	0	0	0	0	0	0	0	0	0	0	0	0	0	0	0	0	0	0	0	0	0	0	0	0	0	0	0	0	0	0	0	0	0	0	0	0	0	0	0	0	0	0	0	0	0	0	0	0	0	0	0	0	0	0	0	0	0	0	0	0	0	0	0	0	0	0	0	0	0	0	0	0	0	0	0	0
Croceitalea	0	0	0	0	0	0	0	0	0	0	0	0	0	0	0	0	0	0	0	0	0	0	0	0	0	0	0	0	0	0	0	0	0	0	0	0	0	0	0	0	0	0	0	0	0	0	0	0	0	0	0	0	0	0	0	0	0	0	0	0	0	0	0	0	0	0	0	0	0	0	0	0	0	0	0	0	0	0	0	0	0
Croceivirga	0	0	0	0	0	0	0	0	0	0	0	0	0	0	0	0	0	0	0	0	0	0	0	0	0	0	0	0	0	0	0	0	0	0	0	0	0	0	0	0	0	0	0	0	0	0	0	0	0	0	0	0	0	0	0	0	0	0	0	0	0	0	0	0	0	0	0	0	0	0	0	0	0	0	0	0	0	0	0	0	0
Crocinitomix	0	0	0	0	0	0	0	0	0	0	0	0	0	0	0	0	0	0	0	0	0	0	0	0	0	0	0	0	0	0	0	0	0	0	0	0	0	0	0	0	0	0	0	0	0	0	0	0	0	0	0	0	0	0	0	0	0	0	0	0	0	0	0	0	0	0	0	0	0	0	0	0	0	0	0	0	0	0	0	0	0
Crocosphaera	0	0	0	0	0	0	0	0	0	0	0	0	0	0	0	0	0	0	0	0	0	0	0	0	0	0	0	0	0	0	0	0	0	0	0	0	0	0	0	0	0	0	0	0	0	0	0	0	0	0	0	0	0	0	0	0	0	0	0	0	0	0	0	0	0	0	0	0	0	0	0	0	0	0	0	0	0	0	0	0	0
Cronobacter	0.1442173147878857	0.0017437908239165	0.001129538353803	0.0023514611960518	0.0013808648546636	0.001376509824951	0.0019099908624152	0.0024755017459914	0.0024047531524937	0.001757877615348	0.0015460295151089	0.0016718743535087	0.0013558160720264	0.0014878397711015	0.0028591044534463	0.0020670654491641	0.0029354760650146	0.0014978618888452	0.0019628722080387	0.0021369281070218	0.0016566911091358	0.001624071143454	0.0009479371480825	0.0020712614044528	0.0025660179112318	0.0017645377367616	0.0018238357968787	0.0006222949143631	0.0023891852934631	0.0013833064074549	0.0018690555186905	0.002714210237338	0.0014039558481909	0.0012593744432026	0.0014633519638266	0.0018617973505191	0.0015143643269664	0.0012050771243463	0.0020751437158322	0.0023471565275105	0.0016770894457276	0.0014045073950557	0.0017080336141015	0.000906735505063	0.0014330844342331	0.0022579618155811	0.0019036668751434	0.0019522847832854	0.0027803686431268	0.0013916844557946	0.0014820860262013	0.0004040535417158	0.0026559160641548	0.0023143318761614	0.0021093147338647	0.0014506349298762	0.0019037332439587	0.0011348909406415	0.0016871288265332	0.0015264727442356	0.001654005205009	0.0014074924301837	0.0034330716087807	0.0014107339277098	0.0007585897866295	0.0019064853806233	0.001978309818275	0.0014370722882602	0.0022123289541965	0.0023604801252147	0.0012975111377267	0.0019005602274045	0.0024187554894939	0.0018531947465957	0.0024919253386237	0.0023396506214306	0.0012438810528247	0.0011195903445865	0.002209430273903	0.0018737668914938	0.002212717009853
Crossiella	0	0	0	0	0	0	0	0	0	0	0	0	0	0	0	0	0	0	0	0	0	0	0	0	0	0	0	0	0	0	0	0	0	0	0	0	0	0	0	0	0	0	0	0	0	0	0	0	0	0	0	0	0	0	0	0	0	0	0	0	0	0	0	0	0	0	0	0	0	0	0	0	0	0	0	0	0	0	0	0	0
Cruoricaptor	0	0	0	0	0	0	0	0	0	0	0	0	0	0	0	0	0	0	0	0	0	0	0	0	0	0	0	0	0	0	0	0	0	0	0	0	0	0	0	0	0	0	0	0	0	0	0	0	0	0	0	0	0	0	0	0	0	0	0	0	0	0	0	0	0	0	0	0	0	0	0	0	0	0	0	0	0	0	0	0	0
Cryobacterium	0	0	0	0	0	0	0	0	0	0	0	0	0	0	0	0	0	0	0	0	0	0	0	0	0	0	0	0	0	0	0	0	0	0	0	0	0	0	0	0	0	0	0	0	0	0	0	0	0	0	0	0	0	0	0	0	0	0	0	0	0	0	0	0	0	0	0	0	0	0	0	0	0	0	0	0	0	0	0	0	0
Cryocola	0	0	0	0	0	0	0	0	0	0	0	0	0	0	0	0	0	0	0	0	0	0	0	0	0	0	0	0	0	0	0	0	0	0	0	0	0	0	0	0	0	0	0	0	0	0	0	0	0	0	0	0	0	0	0	0	0	0	0	0	0	0	0	0	0	0	0	0	0	0	0	0	0	0	0	0	0	0	0	0	0
Cryptobacterium	0	0	0	0	0	0	0	0	0	0	0	0	0	0	0	0	0	0	0	0	0	0	0	0	0	0	0	0	0	0	0	0	0	0	0	0	0	0	0	0	0	0	0	0	0	0	0	0	0	0	0	0	0	0	0	0	0	0	0	0	0	0	0	0	0	0	0	0	0	0	0	0	0	0	0	0	0	0	0	0	0
Cryptosporangium	0	0	0	0	0	0	0	0	0	0	0	0	0	0	0	0	0	0	0	0	0	0	0	0	0	0	0	0	0	0	0	0	0	0	0	0	0	0	0	0	0	0	0	0	0	0	0	0	0	0	0	0	0	0	0	0	0	0	0	0	0	0	0	0	0	0	0	0	0	0	0	0	0	0	0	0	0	0	0	0	0
Crystallibacter	0	0	0	0	0	0	0	0	0	0	0	0	0	0	0	0	0	0	0	0	0	0	0	0	0	0	0	0	0	0	0	0	0	0	0	0	0	0	0	0	0	0	0	0	0	0	0	0	0	0	0	0	0	0	0	0	0	0	0	0	0	0	0	0	0	0	0	0	0	0	0	0	0	0	0	0	0	0	0	0	0
Cucumibacter	0	0	0	0	0	0	0	0	0	0	0	0	0	0	0	0	0	0	0	0	0	0	0	0	0	0	0	0	0	0	0	0	0	0	0	0	0	0	0	0	0	0	0	0	0	0	0	0	0	0	0	0	0	0	0	0	0	0	0	0	0	0	0	0	0	0	0	0	0	0	0	0	0	0	0	0	0	0	0	0	0
Culturomica	0	0	0	0	0	0	0	0	0	0	0	0	0	0	0	0	0	0	0	0	0	0	0	0	0	0	0	0	0	0	0	0	0	0	0	0	0	0	0	0	0	0	0	0	0	0	0	0	0	0	0	0	0	0	0	0	0	0	0	0	0	0	0	0	0	0	0	0	0	0	0	0	0	0	0	0	0	0	0	0	0
Cumulibacter	0	0	0	0	0	0	0	0	0	0	0	0	0	0	0	0	0	0	0	0	0	0	0	0	0	0	0	0	0	0	0	0	0	0	0	0	0	0	0	0	0	0	0	0	0	0	0	0	0	0	0	0	0	0	0	0	0	0	0	0	0	0	0	0	0	0	0	0	0	0	0	0	0	0	0	0	0	0	0	0	0
Cuneatibacter	0	0	0	0	0	0	0	0	0	0	0	0	0	0	0	0	0	0	0	0	0	0	0	0	0	0	0	0	0	0	0	0	0	0	0	0	0	0	0	0	0	0	0	0	0	0	0	0	0	0	0	0	0	0	0	0	0	0	0	0	0	0	0	0	0	0	0	0	0	0	0	0	0	0	0	0	0	0	0	0	0
Cupriavidus	0.925698406909804	0.0064308444085396	0.0111102133160956	0.0073156570543835	0.0098468024140547	0.0118991848589899	0.0112819062729912	0.0165567114945445	0.0163587988865264	0.009577402180172299	0.008963847895682	0.0081892727269941	0.0130717902533849	0.0163090128755364	0.0257210423237754	0.0155815808750478	0.0144761034608312	0.009920057647807	0.0150166138530026	0.0136135582633769	0.0123799111859371	0.0125605911452816	0.0042585612001073	0.0125777505225085	0.0105661492493207	0.0138103472449408	0.0132288407304028	0.0045418421993662	0.0237574259606727	0.013065125590999	0.0161579296615792	0.009233212063449601	0.0074842507909192	0.0111629438856223	0.0272271203719274	0.01046902971715	0.0152526113420196	0.0094124541537133	0.0130433606131377	0.0094253824762448	0.0007702614006823	0.0147699458308149	0.0123271225977727	0.0064193832297652	0.0112119471568064	0.0067977403866885	0.013807902323358	0.0259897911774874	0.0205374194981123	0.0134418184899514	0.0049304061804963	0.0017654234812876	0.0120552786442994	0.0099462900338173	0.0125092408074055	0.0023585302084066	0.0169137811018856	0.0107370096826593	0.0134857557537652	0.0104999666799946	0.0125132123737607	0.0122701138978191	0.0007215109287684	0.0131702428104479	0.0040447315831257	0.0093894789264453	0.0161665840145087	0.009538714153138899	0.0154267113270745	0.008630108444878	0.0069666367241019	0.008090990208446201	0.0111974416143053	0.008238659253887601	0.0118025093949199	0.016842707440922	0.002227710599138	0.0078046705082221	0.0124736028012855	0.0122830318069139	0.0137687822652023
Curtobacterium	0.008081548822112501	0.0001096026718422	5.050096961861667e-05	8.225275788658796e-05	0.0001209419651341	3.388945260560053e-05	5.629171150366943e-05	0.0001600995638042	0.0001230715418111	0.0001010274491579	7.808229874287499e-05	4.903756123948566e-05	0.0002320251853735	0.0001222525686044	0.0001790345832541	0.0001146722104749	0.0001040307388217	0.0001141791953665	0.0001186703785905	8.074978582589918e-05	9.233722090962921e-05	9.761041399276435e-05	2.009760737984143e-05	0.0001814700324143	7.387767498748184e-05	5.380019585445036e-05	0.0001061491733633	9.10675484433824e-06	0.0002417426254378	0.0001152755339545	0.0001437735014377	9.041088923818466e-05	0.0001087061074385	4.184416692313092e-05	3.133515982498269e-05	0.0001288936627282	8.026666043991968e-05	3.714278807916956e-05	8.490920779709126e-05	0.000152276374268	2.871728502958359e-06	0.0001035531257511	0.0001203757023271	3.991917317887782e-05	6.892590465249856e-05	3.027742377658564e-05	8.212722138340146e-05	0.0001204534681995	0.000168776371308	5.342999710309235e-05	0.0002717157714702	1.188392769752367e-05	0.0001850688580717	5.579626116531705e-05	0.0002430734121882	1.778276236456173e-05	8.955551967304093e-05	7.008082306265749e-05	6.764915100315492e-05	0.0001062075169932	9.897384425831158e-05	8.742726657352633e-05	4.715757704369149e-06	0.000189319271684	3.782142810830905e-05	7.326724252328284e-05	0.0001673817488009	0.0002923743801728	0.0002830589234325	6.86038357166814e-05	8.529094192049796e-05	4.260284444991444e-05	0.000130621804833	4.700131603684904e-05	5.772993834442585e-05	0.0002193856369056	5.517698016387563e-06	9.462299642711854e-05	0.0001220679709338	7.564512268770841e-05	6.715639173873064e-05
Curvibacter	0	0	0	0	0	0	0	0	0	0	0	0	0	0	0	0	0	0	0	0	0	0	0	0	0	0	0	0	0	0	0	0	0	0	0	0	0	0	0	0	0	0	0	0	0	0	0	0	0	0	0	0	0	0	0	0	0	0	0	0	0	0	0	0	0	0	0	0	0	0	0	0	0	0	0	0	0	0	0	0	0
Curvivirga	0	0	0	0	0	0	0	0	0	0	0	0	0	0	0	0	0	0	0	0	0	0	0	0	0	0	0	0	0	0	0	0	0	0	0	0	0	0	0	0	0	0	0	0	0	0	0	0	0	0	0	0	0	0	0	0	0	0	0	0	0	0	0	0	0	0	0	0	0	0	0	0	0	0	0	0	0	0	0	0	0
Cutibacterium	0	0	0	0	0	0	0	0	0	0	0	0	0	0	0	0	0	0	0	0	0	0	0	0	0	0	0	0	0	0	0	0	0	0	0	0	0	0	0	0	0	0	0	0	0	0	0	0	0	0	0	0	0	0	0	0	0	0	0	0	0	0	0	0	0	0	0	0	0	0	0	0	0	0	0	0	0	0	0	0	0
Cyanobacterium	0	0	0	0	0	0	0	0	0	0	0	0	0	0	0	0	0	0	0	0	0	0	0	0	0	0	0	0	0	0	0	0	0	0	0	0	0	0	0	0	0	0	0	0	0	0	0	0	0	0	0	0	0	0	0	0	0	0	0	0	0	0	0	0	0	0	0	0	0	0	0	0	0	0	0	0	0	0	0	0	0
Cyanobium	0	0	0	0	0	0	0	0	0	0	0	0	0	0	0	0	0	0	0	0	0	0	0	0	0	0	0	0	0	0	0	0	0	0	0	0	0	0	0	0	0	0	0	0	0	0	0	0	0	0	0	0	0	0	0	0	0	0	0	0	0	0	0	0	0	0	0	0	0	0	0	0	0	0	0	0	0	0	0	0	0
Cyanothece	0.03057939116754168	0.0002284415238958	0.000398957659987	0.0003919101993419	0.00026979361453	0.0002940408387838	0.0004372425963308	0.0009092446925484001	0.0004372278459079	0.0001717466635684	0.0005153431717029	0.0003294711145777	0.0002553834255118	0.0002653140850565	0.0004055522516323	0.0003746617911206	0.0005269383075103	0.0005522889968469	0.0001956457592979	0.0003229991433035	0.0002891141140131	0.0002762167034263	0.0004351436506938	0.0007821984155788	0.0003020776043932	0.0002363947999665	0.0002786415800786	0.0001293159187896	0.0007387835375531	0.0003254838605776	0.0006193320061933	0.0004953763306175	0.0002457416853004	0.00050482962675	0.0002402362253248	0.0004153240243465	0.0003556056289792	0.0005530148447343	0.0004096169475046	0.0005754996765439	1.542224566403563e-05	0.0001558747050779	0.0004034212726639	0.0002281095610221	0.0004063756461803	0.0002568993532558	0.0003221914069656	0.0002862725283182	0.0010926049300466	0.0003715054486074	0.0005681329767105	0.0001766083699493	0.0006548590362539	0.0004948885772923	0.0005303419902288	7.42978427560456e-05	0.0003202288279217	0.000237438012466	0.0002869963981952	0.0005903888444622	0.0003584629615765	0.0003523059157962	0.0002452194006271	0.0006649924238363	0.0002229663238004	0.0004334551550678	0.0004567384953983	0.0003067320506277	0.0006281921721792	0.0004560884633757	0.0002404478681801	0.000314787683991	0.0003152940116658	0.0004297263180511	0.0003810175930732	0.0001950865948433	0.0001410611492885	0.0002514070853975	0.0004778089147983	0.0003881462852664	0.000356445463844
Cyclobacterium	0.009452781640188765	4.741239175196792e-05	0.0001498195432018	0.0001161215405457	6.51225966107011e-05	0.000127583821574	9.818321773895832e-05	0.0001495269511001	5.181959655205359e-05	0.0001212329389895	9.369875849144998e-05	8.734815595783382e-05	6.073142435953003e-05	0.0001508648718949	0.0001984948640426	8.402705077902962e-05	8.819997421846908e-05	0.0001590051016956	6.414615058950313e-05	9.304942207752621e-05	5.468515024745031e-05	8.099587544080448e-05	0.0003584073316071	0.0002033715880505	0.0001001452927608	4.021428781039725e-05	9.046804548009582e-05	0.0001032098882358	0.0002507797329308	0.00010001847799	0.0003096660030966	0.0001779964381876	6.917661382451803e-05	0.0003037076631517	0.0001775659056749	0.0002291442892946	0.0001838836220987	0.0002588203804246	0.0001184996636289	4.93585489006696e-05	4.573493541748497e-06	5.014151352158565e-05	0.0001106155102465	5.417602074276275e-05	0.000117748420448	9.908975054155301e-05	0.0001052913094658	4.067259965177997e-05	0.0003197868087941	0.0001494370231477	0.0001116504806404	6.387611137418972e-05	0.000157486480186	9.946290033817386e-05	0.0001305766263821	1.364157112897886e-05	0.0001004107341788	9.100047173807764e-05	8.09739837765036e-05	0.0001103725176596	9.326381478187052e-05	8.742726657352633e-05	2.357878852184574e-05	0.0004804230980368	8.392754999272387e-05	0.0001280895848309	0.0001201943408942	5.482019628240754e-05	0.0001862229759424	5.716986309723451e-05	5.716307809565288e-05	6.627109136653358e-05	7.20672026664865e-05	8.72881583541482e-05	0.000177707810208	4.929234246931031e-05	4.510118378612443e-05	4.765683761657795e-05	6.626546993553068e-05	8.804596247257865e-05	0.0001033175257518
Cycloclasticus	0.01784024628618571	0.0002456823936238	0.0001885369532428	0.0001838591058641	0.0001727742359059	0.0002382229168452	0.0002592036948308	0.0004274356278923	0.000251001170799	0.0001515411737369	0.0001717810572343	0.0001808260070706	0.0001385922248204	0.0001326570425282	0.0001720288821703	0.0002362642957198	0.0001763999484369	0.0005150750368756001	0.0001314996087084	0.0001978637136131	0.0002003628045951	0.0001619917508816	0.0002155925155292	0.000168954857765	0.0001789481460807	0.0001929198942255	0.000201442181269	0.0001420653755716	0.0001909088957897	0.000213598783504	0.0002322495023224	0.0002476881653087	0.0002971300269986	0.0003671488194545	0.0002089010654998	0.0002577873254564	0.000224260184623	0.0004256681427485	0.0002649913737843	0.0002184378334327	1.074239180736275e-05	0.000137344145733	0.0002667785835358	0.0001995958658943	0.0002182653647329	0.0002027669895341	0.0003537787998054	0.0001454827602929	0.000337552742616	0.000470851849471	0.0001877308966521	0.000169511024241	0.0003452246006338	0.0002062035738718	0.0003194105168423	8.184942677387318e-05	0.0001981076647312	0.0001799089786086	0.0001629729546894	0.000213456284153	0.0002797914443456	0.000283056595738	0.0001980618235835	0.0005957789266615	0.0002193642830281	0.0002500308695899	0.000219911127414	0.0001331347624001	0.0002433313552314	0.0002147045969651	0.0001125114552993	0.0001585772543413	0.0001711596063329	0.0002417210539037	0.0001877477994853	0.0001923095614647	8.34851699870814e-05	0.0002189451815138	0.0002406482855553	0.0001822923448375	0.0002238546391291
Cyclonatronum	0	0	0	0	0	0	0	0	0	0	0	0	0	0	0	0	0	0	0	0	0	0	0	0	0	0	0	0	0	0	0	0	0	0	0	0	0	0	0	0	0	0	0	0	0	0	0	0	0	0	0	0	0	0	0	0	0	0	0	0	0	0	0	0	0	0	0	0	0	0	0	0	0	0	0	0	0	0	0	0	0
Cylindrospermopsis	0	0	0	0	0	0	0	0	0	0	0	0	0	0	0	0	0	0	0	0	0	0	0	0	0	0	0	0	0	0	0	0	0	0	0	0	0	0	0	0	0	0	0	0	0	0	0	0	0	0	0	0	0	0	0	0	0	0	0	0	0	0	0	0	0	0	0	0	0	0	0	0	0	0	0	0	0	0	0	0	0
Cylindrospermum	0	0	0	0	0	0	0	0	0	0	0	0	0	0	0	0	0	0	0	0	0	0	0	0	0	0	0	0	0	0	0	0	0	0	0	0	0	0	0	0	0	0	0	0	0	0	0	0	0	0	0	0	0	0	0	0	0	0	0	0	0	0	0	0	0	0	0	0	0	0	0	0	0	0	0	0	0	0	0	0	0
Cypionkella	0	0	0	0	0	0	0	0	0	0	0	0	0	0	0	0	0	0	0	0	0	0	0	0	0	0	0	0	0	0	0	0	0	0	0	0	0	0	0	0	0	0	0	0	0	0	0	0	0	0	0	0	0	0	0	0	0	0	0	0	0	0	0	0	0	0	0	0	0	0	0	0	0	0	0	0	0	0	0	0	0
Cysteiniphilum	0	0	0	0	0	0	0	0	0	0	0	0	0	0	0	0	0	0	0	0	0	0	0	0	0	0	0	0	0	0	0	0	0	0	0	0	0	0	0	0	0	0	0	0	0	0	0	0	0	0	0	0	0	0	0	0	0	0	0	0	0	0	0	0	0	0	0	0	0	0	0	0	0	0	0	0	0	0	0	0	0
Cystobacter	0	0	0	0	0	0	0	0	0	0	0	0	0	0	0	0	0	0	0	0	0	0	0	0	0	0	0	0	0	0	0	0	0	0	0	0	0	0	0	0	0	0	0	0	0	0	0	0	0	0	0	0	0	0	0	0	0	0	0	0	0	0	0	0	0	0	0	0	0	0	0	0	0	0	0	0	0	0	0	0	0
Cytobacillus	0	0	0	0	0	0	0	0	0	0	0	0	0	0	0	0	0	0	0	0	0	0	0	0	0	0	0	0	0	0	0	0	0	0	0	0	0	0	0	0	0	0	0	0	0	0	0	0	0	0	0	0	0	0	0	0	0	0	0	0	0	0	0	0	0	0	0	0	0	0	0	0	0	0	0	0	0	0	0	0	0
Cytophaga	0	0	0	0	0	0	0	0	0	0	0	0	0	0	0	0	0	0	0	0	0	0	0	0	0	0	0	0	0	0	0	0	0	0	0	0	0	0	0	0	0	0	0	0	0	0	0	0	0	0	0	0	0	0	0	0	0	0	0	0	0	0	0	0	0	0	0	0	0	0	0	0	0	0	0	0	0	0	0	0	0
Dactylococcopsis	0	0	0	0	0	0	0	0	0	0	0	0	0	0	0	0	0	0	0	0	0	0	0	0	0	0	0	0	0	0	0	0	0	0	0	0	0	0	0	0	0	0	0	0	0	0	0	0	0	0	0	0	0	0	0	0	0	0	0	0	0	0	0	0	0	0	0	0	0	0	0	0	0	0	0	0	0	0	0	0	0
Dactylosporangium	0	0	0	0	0	0	0	0	0	0	0	0	0	0	0	0	0	0	0	0	0	0	0	0	0	0	0	0	0	0	0	0	0	0	0	0	0	0	0	0	0	0	0	0	0	0	0	0	0	0	0	0	0	0	0	0	0	0	0	0	0	0	0	0	0	0	0	0	0	0	0	0	0	0	0	0	0	0	0	0	0
Daejeonella	0	0	0	0	0	0	0	0	0	0	0	0	0	0	0	0	0	0	0	0	0	0	0	0	0	0	0	0	0	0	0	0	0	0	0	0	0	0	0	0	0	0	0	0	0	0	0	0	0	0	0	0	0	0	0	0	0	0	0	0	0	0	0	0	0	0	0	0	0	0	0	0	0	0	0	0	0	0	0	0	0
Daejeonia	0	0	0	0	0	0	0	0	0	0	0	0	0	0	0	0	0	0	0	0	0	0	0	0	0	0	0	0	0	0	0	0	0	0	0	0	0	0	0	0	0	0	0	0	0	0	0	0	0	0	0	0	0	0	0	0	0	0	0	0	0	0	0	0	0	0	0	0	0	0	0	0	0	0	0	0	0	0	0	0	0
Dakarella	0	0	0	0	0	0	0	0	0	0	0	0	0	0	0	0	0	0	0	0	0	0	0	0	0	0	0	0	0	0	0	0	0	0	0	0	0	0	0	0	0	0	0	0	0	0	0	0	0	0	0	0	0	0	0	0	0	0	0	0	0	0	0	0	0	0	0	0	0	0	0	0	0	0	0	0	0	0	0	0	0
Dankookia	0	0	0	0	0	0	0	0	0	0	0	0	0	0	0	0	0	0	0	0	0	0	0	0	0	0	0	0	0	0	0	0	0	0	0	0	0	0	0	0	0	0	0	0	0	0	0	0	0	0	0	0	0	0	0	0	0	0	0	0	0	0	0	0	0	0	0	0	0	0	0	0	0	0	0	0	0	0	0	0	0
Dasania	0	0	0	0	0	0	0	0	0	0	0	0	0	0	0	0	0	0	0	0	0	0	0	0	0	0	0	0	0	0	0	0	0	0	0	0	0	0	0	0	0	0	0	0	0	0	0	0	0	0	0	0	0	0	0	0	0	0	0	0	0	0	0	0	0	0	0	0	0	0	0	0	0	0	0	0	0	0	0	0	0
Dawidia	0	0	0	0	0	0	0	0	0	0	0	0	0	0	0	0	0	0	0	0	0	0	0	0	0	0	0	0	0	0	0	0	0	0	0	0	0	0	0	0	0	0	0	0	0	0	0	0	0	0	0	0	0	0	0	0	0	0	0	0	0	0	0	0	0	0	0	0	0	0	0	0	0	0	0	0	0	0	0	0	0
Dechloromonas	0	0	0	0	0	0	0	0	0	0	0	0	0	0	0	0	0	0	0	0	0	0	0	0	0	0	0	0	0	0	0	0	0	0	0	0	0	0	0	0	0	0	0	0	0	0	0	0	0	0	0	0	0	0	0	0	0	0	0	0	0	0	0	0	0	0	0	0	0	0	0	0	0	0	0	0	0	0	0	0	0
Deefgea	0	0	0	0	0	0	0	0	0	0	0	0	0	0	0	0	0	0	0	0	0	0	0	0	0	0	0	0	0	0	0	0	0	0	0	0	0	0	0	0	0	0	0	0	0	0	0	0	0	0	0	0	0	0	0	0	0	0	0	0	0	0	0	0	0	0	0	0	0	0	0	0	0	0	0	0	0	0	0	0	0
Deferribacter	0	0	0	0	0	0	0	0	0	0	0	0	0	0	0	0	0	0	0	0	0	0	0	0	0	0	0	0	0	0	0	0	0	0	0	0	0	0	0	0	0	0	0	0	0	0	0	0	0	0	0	0	0	0	0	0	0	0	0	0	0	0	0	0	0	0	0	0	0	0	0	0	0	0	0	0	0	0	0	0	0
Deferrisoma	0	0	0	0	0	0	0	0	0	0	0	0	0	0	0	0	0	0	0	0	0	0	0	0	0	0	0	0	0	0	0	0	0	0	0	0	0	0	0	0	0	0	0	0	0	0	0	0	0	0	0	0	0	0	0	0	0	0	0	0	0	0	0	0	0	0	0	0	0	0	0	0	0	0	0	0	0	0	0	0	0
Defluviicoccus	0	0	0	0	0	0	0	0	0	0	0	0	0	0	0	0	0	0	0	0	0	0	0	0	0	0	0	0	0	0	0	0	0	0	0	0	0	0	0	0	0	0	0	0	0	0	0	0	0	0	0	0	0	0	0	0	0	0	0	0	0	0	0	0	0	0	0	0	0	0	0	0	0	0	0	0	0	0	0	0	0
Defluviimonas	0	0	0	0	0	0	0	0	0	0	0	0	0	0	0	0	0	0	0	0	0	0	0	0	0	0	0	0	0	0	0	0	0	0	0	0	0	0	0	0	0	0	0	0	0	0	0	0	0	0	0	0	0	0	0	0	0	0	0	0	0	0	0	0	0	0	0	0	0	0	0	0	0	0	0	0	0	0	0	0	0
Defluviitalea	0	0	0	0	0	0	0	0	0	0	0	0	0	0	0	0	0	0	0	0	0	0	0	0	0	0	0	0	0	0	0	0	0	0	0	0	0	0	0	0	0	0	0	0	0	0	0	0	0	0	0	0	0	0	0	0	0	0	0	0	0	0	0	0	0	0	0	0	0	0	0	0	0	0	0	0	0	0	0	0	0
Defluviitoga	0	0	0	0	0	0	0	0	0	0	0	0	0	0	0	0	0	0	0	0	0	0	0	0	0	0	0	0	0	0	0	0	0	0	0	0	0	0	0	0	0	0	0	0	0	0	0	0	0	0	0	0	0	0	0	0	0	0	0	0	0	0	0	0	0	0	0	0	0	0	0	0	0	0	0	0	0	0	0	0	0
Dehalobacter	0.07595895832904651	0.0004457996315379	0.0003046891833656	0.0008370427714340999	0.0007881163222478	0.0003588294981769	0.0005026980748234	0.0029603315571343	0.0009214172011912	0.0009092470424214	0.0008589052861716	0.0007861334036205	0.0004868895388823	0.0005436337625178	0.0006235073964635	0.0012159208524494	0.0030214145014326	0.0006622393331258	0.0009910580266077999	0.0005898477732845	0.0006849090949024	0.0006967722105227999	0.0002539606750725	0.0014517602593144	0.0007732529982023	0.0007852654849462	0.0008081812062888	0.0001359942056754	0.0015701974269095	0.0005916347257374	0.0016810440168104	0.0019607861603531	0.0004051773095436	0.000539924734492	0.0003123070929223	0.0013462226996061	0.0005015450115973	0.0005742392950652	0.0011551384533274	0.0024700278088164	3.467346266534908e-05	0.0004300179800927	0.0012525579836744	0.0004752282521294	0.0008701895462377	0.000832170405011	0.0008802353471349	0.001262414919961	0.0013146791028203	0.0004307793516436	0.0020709682072786	0.0001586174238516	0.0027787021334524	0.0010589159999417	0.0020791816662381	0.0002263039210503	0.0007110165501314	0.0007562452996163999	0.0008292145933568	0.0019742103158736	0.0009662638769577	0.0005851567544921	0.0002499351583315	0.002314580773169	0.0001131040802477	0.0007562409088417	0.0010853103818529	0.0006239060434045	0.0012141738031449	0.0011103657854885	0.000753100870149	0.0007928862717067	0.0012341508456635	0.0010676013214084	0.001067250860176	0.0009115612065099	9.068216739976084e-05	0.0008039501302274	0.0010131641587511	0.0012314033906376	0.0010417850513315
Dehalobacterium	0	0	0	0	0	0	0	0	0	0	0	0	0	0	0	0	0	0	0	0	0	0	0	0	0	0	0	0	0	0	0	0	0	0	0	0	0	0	0	0	0	0	0	0	0	0	0	0	0	0	0	0	0	0	0	0	0	0	0	0	0	0	0	0	0	0	0	0	0	0	0	0	0	0	0	0	0	0	0	0	0
Dehalococcoides	0.01974085095886905	0.0001015979823256	7.406808877397112e-05	8.709115540932843e-05	0.0001634710078186	7.973988848376596e-05	0.0002421852704227	0.0009515351433646	0.0003789307997868	0.0001313356839053	0.0002967127352229	0.000137918140986	0.0001219819207221	0.0001508648718949	0.0003549555215822	0.0003044744898816	0.0009340151115955	0.0002308957061856	0.0001956457592979	0.0001497347021937	0.0001461258932841	0.0001661453855195	5.237558286867767e-05	0.0004442887000488	0.0001329798149774	0.0001695521323897	0.0001857610533857	2.428467958490197e-05	0.0013250658861618	0.0001559610165267	0.0006193320061933	0.0004266263835926	9.355313488649106e-05	0.0001430800546403	4.595823440997461e-05	0.0002291442892946	0.000167343825402	0.0001361902229569	0.0002286017132998	0.0006521629546237	2.754732156541537e-05	9.592289543259864e-05	0.0002147242257727	0.0001197575195366	0.0001737507179781	0.0001550571096437	0.0001537253118202	0.0003597960738426	0.0004352653786364	0.0001344098364624	0.0003883065388647	2.954476469245468e-05	0.0004600028828033	0.0002704905704318	0.0005022177937773	8.550341904056394e-05	0.0003609358823186	0.0001297018217876	0.0001773227745991	0.0003967163134746	0.0002087332997499	0.0001099332955924	4.244181933932234e-05	0.000463459005592	2.917653025498126e-05	0.0001721524020127	0.0002154594851586	0.0001318295196315	0.0003823778439352	0.0002464656320191	0.0001116041048534	0.0001715947901454	0.0006260838231651	0.0002148631590255	0.0002354377485524	0.0002547928124822	3.214658844330146e-05	0.0001478052644919	0.0002511112544925	0.0001946931846224	0.0001963032989285
Dehalogenimonas	0	0	0	0	0	0	0	0	0	0	0	0	0	0	0	0	0	0	0	0	0	0	0	0	0	0	0	0	0	0	0	0	0	0	0	0	0	0	0	0	0	0	0	0	0	0	0	0	0	0	0	0	0	0	0	0	0	0	0	0	0	0	0	0	0	0	0	0	0	0	0	0	0	0	0	0	0	0	0	0	0
Deinococcus	0.09108473782314924	0.0004981379860692999	0.000400641025641	0.0007160828333655	0.0010592389693618	0.000635925610658	0.0005930266351433	0.0027670037819746	0.0019254218843872	0.0008183223381792	0.0011868509408916	0.0006405531436907	0.000947306405608	0.0010950708804786	0.00279527473246	0.0012604057616854	0.0048826601112224	0.0007273637630756	0.0011033137901394	0.0010262174768205	0.0009421982444273	0.0011235581695762	0.0001592583130251	0.0018772761973893	0.0006550487182223	0.0007983079566685	0.000964992485121	0.0002276688711084	0.0041164024630636	0.0006831770615249	0.0017363415173634	0.0012827044910667	0.0005046598684721	0.0006965029074946	0.000893052055012	0.0015467239527389	0.0011169227416367	0.0005023119911659	0.0010907567463164	0.0025760961798583	5.360559872188937e-05	0.0008791115359817	0.0011647162549492	0.0004961382952231	0.0008342906375646	0.0007229881798772	0.0010592305732269	0.0020836885667758	0.0026560071063735	0.0007388366786911	0.0013022595883555	9.094505779632696e-05	0.0019610180922603	0.0011098604123101	0.001968693751607	0.0002284963164103	0.0014274607075157	0.0007656591415203	0.0011705353097818	0.0014171414767426	0.001293004452554	0.0008881225297469	3.301030393058405e-05	0.0011270943020327	0.0001354367330354	0.0008069643844347	0.0017281275235247	0.0008457973140714	0.0019044403006383	0.000846113973839	0.0007322318098919	0.0006863791605819	0.0018827556696619	0.0007318776354309	0.0008825150574739	0.0017988233709575	0.0001170711579129	0.0006506194352871001	0.0010585036908122	0.0011148354966598	0.0011175512368829
Delftia	3.639064104721159	0.0361467148754224	0.0627070539754363	0.0333897813044319	0.0449824368344038	0.0825975667373029	0.0696459382257376	0.0238714491125046	0.027404469764075	0.0346423123162563	0.041555399390958	0.0482560251072313	0.039913522604288	0.0748809988294966	0.0328582949057655	0.047247916376279	0.0104483046381878	0.0513958618076511	0.0486067456091959	0.0677838301495101	0.0805337449959725	0.0686097369503183	0.0264877329990228	0.0177621616209654	0.07081093061244589	0.0885888154283745	0.0660645917719915	0.0177775996901274	0.0468438466899899	0.0889740647000886	0.0518248175182481	0.0145448518061929	0.0456368003773749	0.07680699310516111	0.08790243484636889	0.0288865019692087	0.08558906972399941	0.06397697854620769	0.06576638024582609	0.0073145168743226	0.0008600295064785	0.099906420675308	0.0472133024911263	0.0372911609446016	0.0779638139000574	0.0435756352983381	0.0392336477331834	0.0515040258052001	0.0312147457250721	0.07152439955953641	0.0090733306524043	0.0105727343415635	0.0288244746446766	0.04221351045816	0.0332930219850861	0.0048198593992495	0.0418007172582984	0.0764111087518396	0.0816207506595792	0.0333356240836998	0.0571853107588375	0.06587255008889881	0.003819763740539	0.0126253561611208	0.0378480832100234	0.0357077897424835	0.0434409057845529	0.0427741107707328	0.0323928659219402	0.0271315465845453	0.04042699911987	0.0320030200683065	0.025696461950769	0.0347474014986705	0.0603689495259619	0.0506086562907442	0.0072960760770606	0.0494008016018222	0.0414786965233298	0.0425026382786642	0.0544466141124852
Dellaglioa	0	0	0	0	0	0	0	0	0	0	0	0	0	0	0	0	0	0	0	0	0	0	0	0	0	0	0	0	0	0	0	0	0	0	0	0	0	0	0	0	0	0	0	0	0	0	0	0	0	0	0	0	0	0	0	0	0	0	0	0	0	0	0	0	0	0	0	0	0	0	0	0	0	0	0	0	0	0	0	0	0
Demequina	0	0	0	0	0	0	0	0	0	0	0	0	0	0	0	0	0	0	0	0	0	0	0	0	0	0	0	0	0	0	0	0	0	0	0	0	0	0	0	0	0	0	0	0	0	0	0	0	0	0	0	0	0	0	0	0	0	0	0	0	0	0	0	0	0	0	0	0	0	0	0	0	0	0	0	0	0	0	0	0	0
Demetria	0	0	0	0	0	0	0	0	0	0	0	0	0	0	0	0	0	0	0	0	0	0	0	0	0	0	0	0	0	0	0	0	0	0	0	0	0	0	0	0	0	0	0	0	0	0	0	0	0	0	0	0	0	0	0	0	0	0	0	0	0	0	0	0	0	0	0	0	0	0	0	0	0	0	0	0	0	0	0	0	0
Dendronalium	0	0	0	0	0	0	0	0	0	0	0	0	0	0	0	0	0	0	0	0	0	0	0	0	0	0	0	0	0	0	0	0	0	0	0	0	0	0	0	0	0	0	0	0	0	0	0	0	0	0	0	0	0	0	0	0	0	0	0	0	0	0	0	0	0	0	0	0	0	0	0	0	0	0	0	0	0	0	0	0	0
Dendrosporobacter	0	0	0	0	0	0	0	0	0	0	0	0	0	0	0	0	0	0	0	0	0	0	0	0	0	0	0	0	0	0	0	0	0	0	0	0	0	0	0	0	0	0	0	0	0	0	0	0	0	0	0	0	0	0	0	0	0	0	0	0	0	0	0	0	0	0	0	0	0	0	0	0	0	0	0	0	0	0	0	0	0
Denitratimonas	0	0	0	0	0	0	0	0	0	0	0	0	0	0	0	0	0	0	0	0	0	0	0	0	0	0	0	0	0	0	0	0	0	0	0	0	0	0	0	0	0	0	0	0	0	0	0	0	0	0	0	0	0	0	0	0	0	0	0	0	0	0	0	0	0	0	0	0	0	0	0	0	0	0	0	0	0	0	0	0	0
Denitratisoma	0	0	0	0	0	0	0	0	0	0	0	0	0	0	0	0	0	0	0	0	0	0	0	0	0	0	0	0	0	0	0	0	0	0	0	0	0	0	0	0	0	0	0	0	0	0	0	0	0	0	0	0	0	0	0	0	0	0	0	0	0	0	0	0	0	0	0	0	0	0	0	0	0	0	0	0	0	0	0	0	0
Denitrificimonas	0	0	0	0	0	0	0	0	0	0	0	0	0	0	0	0	0	0	0	0	0	0	0	0	0	0	0	0	0	0	0	0	0	0	0	0	0	0	0	0	0	0	0	0	0	0	0	0	0	0	0	0	0	0	0	0	0	0	0	0	0	0	0	0	0	0	0	0	0	0	0	0	0	0	0	0	0	0	0	0	0
Denitrobacterium	0	0	0	0	0	0	0	0	0	0	0	0	0	0	0	0	0	0	0	0	0	0	0	0	0	0	0	0	0	0	0	0	0	0	0	0	0	0	0	0	0	0	0	0	0	0	0	0	0	0	0	0	0	0	0	0	0	0	0	0	0	0	0	0	0	0	0	0	0	0	0	0	0	0	0	0	0	0	0	0	0
Denitromonas	0	0	0	0	0	0	0	0	0	0	0	0	0	0	0	0	0	0	0	0	0	0	0	0	0	0	0	0	0	0	0	0	0	0	0	0	0	0	0	0	0	0	0	0	0	0	0	0	0	0	0	0	0	0	0	0	0	0	0	0	0	0	0	0	0	0	0	0	0	0	0	0	0	0	0	0	0	0	0	0	0
Denitrovibrio	0	0	0	0	0	0	0	0	0	0	0	0	0	0	0	0	0	0	0	0	0	0	0	0	0	0	0	0	0	0	0	0	0	0	0	0	0	0	0	0	0	0	0	0	0	0	0	0	0	0	0	0	0	0	0	0	0	0	0	0	0	0	0	0	0	0	0	0	0	0	0	0	0	0	0	0	0	0	0	0	0
Dermabacter	0	0	0	0	0	0	0	0	0	0	0	0	0	0	0	0	0	0	0	0	0	0	0	0	0	0	0	0	0	0	0	0	0	0	0	0	0	0	0	0	0	0	0	0	0	0	0	0	0	0	0	0	0	0	0	0	0	0	0	0	0	0	0	0	0	0	0	0	0	0	0	0	0	0	0	0	0	0	0	0	0
Dermacoccus	0	0	0	0	0	0	0	0	0	0	0	0	0	0	0	0	0	0	0	0	0	0	0	0	0	0	0	0	0	0	0	0	0	0	0	0	0	0	0	0	0	0	0	0	0	0	0	0	0	0	0	0	0	0	0	0	0	0	0	0	0	0	0	0	0	0	0	0	0	0	0	0	0	0	0	0	0	0	0	0	0
Dermatobacter	0	0	0	0	0	0	0	0	0	0	0	0	0	0	0	0	0	0	0	0	0	0	0	0	0	0	0	0	0	0	0	0	0	0	0	0	0	0	0	0	0	0	0	0	0	0	0	0	0	0	0	0	0	0	0	0	0	0	0	0	0	0	0	0	0	0	0	0	0	0	0	0	0	0	0	0	0	0	0	0	0
Dermatophilus	0	0	0	0	0	0	0	0	0	0	0	0	0	0	0	0	0	0	0	0	0	0	0	0	0	0	0	0	0	0	0	0	0	0	0	0	0	0	0	0	0	0	0	0	0	0	0	0	0	0	0	0	0	0	0	0	0	0	0	0	0	0	0	0	0	0	0	0	0	0	0	0	0	0	0	0	0	0	0	0	0
Derxia	0	0	0	0	0	0	0	0	0	0	0	0	0	0	0	0	0	0	0	0	0	0	0	0	0	0	0	0	0	0	0	0	0	0	0	0	0	0	0	0	0	0	0	0	0	0	0	0	0	0	0	0	0	0	0	0	0	0	0	0	0	0	0	0	0	0	0	0	0	0	0	0	0	0	0	0	0	0	0	0	0
Desemzia	0	0	0	0	0	0	0	0	0	0	0	0	0	0	0	0	0	0	0	0	0	0	0	0	0	0	0	0	0	0	0	0	0	0	0	0	0	0	0	0	0	0	0	0	0	0	0	0	0	0	0	0	0	0	0	0	0	0	0	0	0	0	0	0	0	0	0	0	0	0	0	0	0	0	0	0	0	0	0	0	0
Desertifilum	0	0	0	0	0	0	0	0	0	0	0	0	0	0	0	0	0	0	0	0	0	0	0	0	0	0	0	0	0	0	0	0	0	0	0	0	0	0	0	0	0	0	0	0	0	0	0	0	0	0	0	0	0	0	0	0	0	0	0	0	0	0	0	0	0	0	0	0	0	0	0	0	0	0	0	0	0	0	0	0	0
Desertihabitans	0	0	0	0	0	0	0	0	0	0	0	0	0	0	0	0	0	0	0	0	0	0	0	0	0	0	0	0	0	0	0	0	0	0	0	0	0	0	0	0	0	0	0	0	0	0	0	0	0	0	0	0	0	0	0	0	0	0	0	0	0	0	0	0	0	0	0	0	0	0	0	0	0	0	0	0	0	0	0	0	0
Desertivirga	0	0	0	0	0	0	0	0	0	0	0	0	0	0	0	0	0	0	0	0	0	0	0	0	0	0	0	0	0	0	0	0	0	0	0	0	0	0	0	0	0	0	0	0	0	0	0	0	0	0	0	0	0	0	0	0	0	0	0	0	0	0	0	0	0	0	0	0	0	0	0	0	0	0	0	0	0	0	0	0	0
Desmospora	0	0	0	0	0	0	0	0	0	0	0	0	0	0	0	0	0	0	0	0	0	0	0	0	0	0	0	0	0	0	0	0	0	0	0	0	0	0	0	0	0	0	0	0	0	0	0	0	0	0	0	0	0	0	0	0	0	0	0	0	0	0	0	0	0	0	0	0	0	0	0	0	0	0	0	0	0	0	0	0	0
Desulfacinum	0	0	0	0	0	0	0	0	0	0	0	0	0	0	0	0	0	0	0	0	0	0	0	0	0	0	0	0	0	0	0	0	0	0	0	0	0	0	0	0	0	0	0	0	0	0	0	0	0	0	0	0	0	0	0	0	0	0	0	0	0	0	0	0	0	0	0	0	0	0	0	0	0	0	0	0	0	0	0	0	0
Desulfallas	0	0	0	0	0	0	0	0	0	0	0	0	0	0	0	0	0	0	0	0	0	0	0	0	0	0	0	0	0	0	0	0	0	0	0	0	0	0	0	0	0	0	0	0	0	0	0	0	0	0	0	0	0	0	0	0	0	0	0	0	0	0	0	0	0	0	0	0	0	0	0	0	0	0	0	0	0	0	0	0	0
Desulfarculus	0	0	0	0	0	0	0	0	0	0	0	0	0	0	0	0	0	0	0	0	0	0	0	0	0	0	0	0	0	0	0	0	0	0	0	0	0	0	0	0	0	0	0	0	0	0	0	0	0	0	0	0	0	0	0	0	0	0	0	0	0	0	0	0	0	0	0	0	0	0	0	0	0	0	0	0	0	0	0	0	0
Desulfatibacillum	0	0	0	0	0	0	0	0	0	0	0	0	0	0	0	0	0	0	0	0	0	0	0	0	0	0	0	0	0	0	0	0	0	0	0	0	0	0	0	0	0	0	0	0	0	0	0	0	0	0	0	0	0	0	0	0	0	0	0	0	0	0	0	0	0	0	0	0	0	0	0	0	0	0	0	0	0	0	0	0	0
Desulfatiglans	0	0	0	0	0	0	0	0	0	0	0	0	0	0	0	0	0	0	0	0	0	0	0	0	0	0	0	0	0	0	0	0	0	0	0	0	0	0	0	0	0	0	0	0	0	0	0	0	0	0	0	0	0	0	0	0	0	0	0	0	0	0	0	0	0	0	0	0	0	0	0	0	0	0	0	0	0	0	0	0	0
Desulfatirhabdium	0	0	0	0	0	0	0	0	0	0	0	0	0	0	0	0	0	0	0	0	0	0	0	0	0	0	0	0	0	0	0	0	0	0	0	0	0	0	0	0	0	0	0	0	0	0	0	0	0	0	0	0	0	0	0	0	0	0	0	0	0	0	0	0	0	0	0	0	0	0	0	0	0	0	0	0	0	0	0	0	0
Desulfatitalea	0	0	0	0	0	0	0	0	0	0	0	0	0	0	0	0	0	0	0	0	0	0	0	0	0	0	0	0	0	0	0	0	0	0	0	0	0	0	0	0	0	0	0	0	0	0	0	0	0	0	0	0	0	0	0	0	0	0	0	0	0	0	0	0	0	0	0	0	0	0	0	0	0	0	0	0	0	0	0	0	0
Desulfitibacter	0	0	0	0	0	0	0	0	0	0	0	0	0	0	0	0	0	0	0	0	0	0	0	0	0	0	0	0	0	0	0	0	0	0	0	0	0	0	0	0	0	0	0	0	0	0	0	0	0	0	0	0	0	0	0	0	0	0	0	0	0	0	0	0	0	0	0	0	0	0	0	0	0	0	0	0	0	0	0	0	0
Desulfitobacterium	0.02006551129295556	9.236180211422322e-05	7.575145442792502e-05	0.0003048190439326	0.0001515097145636	6.578540799910692e-05	8.247390290072498e-05	0.0007718007273957	0.0002348075468764	0.0001616439186526	0.0002498633559772	0.0001624369216057	9.810460858077928e-05	8.843802835219144e-05	0.0001502333676872	0.0003835587729678	0.0012958611596713	0.0001505473835203	0.0001988530668274	0.0001080228922968	0.0001349199198728	0.0001630301595411	1.796604296076734e-05	0.0004349023190618	0.0001904402288566	0.0002097664202001	0.0001809360909601	1.092810581320589e-05	0.0004382997134107	0.0001305325899191	0.000353904003539	0.0005810783193745	7.774133744088693e-05	0.0001066351350621	3.864669711747865e-05	0.0003723594701038	7.832080200501253e-05	0.0001155553406907	0.0002631252373492	0.0010680349836591	1.16996346416822e-05	9.646791188392022e-05	0.0002765387756164	9.884747644293554e-05	0.0002067777139574	0.0001954270080125	0.000271651578422	0.0003457170970401	0.0002576060404174	6.929202749307288e-05	0.0004258527181951	2.310763718962936e-05	0.0007358266616603	0.000217120233665	0.0005323508614039	6.698985822266406e-05	0.0001804679411593	0.0001851388907774	0.0002080723886915	0.0004466963214714	0.0002163466723851	0.0001298424751091	4.715757704369149e-06	0.0014833402433736	1.873061201554352e-05	0.000226462385981	0.0002706598491249	0.000147492432855	0.0002607121663194	0.0003023650537142	0.0001587863280434	0.000202363511137	0.0003963696146656	0.0002282921064646	0.0002419637415827	0.0001305205687919	2.806828990944978e-05	0.0001374450824014	0.0002057717224313	0.0003162214145141	0.0003133964947807
Desulfobacca	0	0	0	0	0	0	0	0	0	0	0	0	0	0	0	0	0	0	0	0	0	0	0	0	0	0	0	0	0	0	0	0	0	0	0	0	0	0	0	0	0	0	0	0	0	0	0	0	0	0	0	0	0	0	0	0	0	0	0	0	0	0	0	0	0	0	0	0	0	0	0	0	0	0	0	0	0	0	0	0	0
Desulfobacter	0	0	0	0	0	0	0	0	0	0	0	0	0	0	0	0	0	0	0	0	0	0	0	0	0	0	0	0	0	0	0	0	0	0	0	0	0	0	0	0	0	0	0	0	0	0	0	0	0	0	0	0	0	0	0	0	0	0	0	0	0	0	0	0	0	0	0	0	0	0	0	0	0	0	0	0	0	0	0	0	0
Desulfobacterium	0	0	0	0	0	0	0	0	0	0	0	0	0	0	0	0	0	0	0	0	0	0	0	0	0	0	0	0	0	0	0	0	0	0	0	0	0	0	0	0	0	0	0	0	0	0	0	0	0	0	0	0	0	0	0	0	0	0	0	0	0	0	0	0	0	0	0	0	0	0	0	0	0	0	0	0	0	0	0	0	0
Desulfobacula	0	0	0	0	0	0	0	0	0	0	0	0	0	0	0	0	0	0	0	0	0	0	0	0	0	0	0	0	0	0	0	0	0	0	0	0	0	0	0	0	0	0	0	0	0	0	0	0	0	0	0	0	0	0	0	0	0	0	0	0	0	0	0	0	0	0	0	0	0	0	0	0	0	0	0	0	0	0	0	0	0
Desulfobaculum	0	0	0	0	0	0	0	0	0	0	0	0	0	0	0	0	0	0	0	0	0	0	0	0	0	0	0	0	0	0	0	0	0	0	0	0	0	0	0	0	0	0	0	0	0	0	0	0	0	0	0	0	0	0	0	0	0	0	0	0	0	0	0	0	0	0	0	0	0	0	0	0	0	0	0	0	0	0	0	0	0
Desulfobotulus	0	0	0	0	0	0	0	0	0	0	0	0	0	0	0	0	0	0	0	0	0	0	0	0	0	0	0	0	0	0	0	0	0	0	0	0	0	0	0	0	0	0	0	0	0	0	0	0	0	0	0	0	0	0	0	0	0	0	0	0	0	0	0	0	0	0	0	0	0	0	0	0	0	0	0	0	0	0	0	0	0
Desulfobulbus	0	0	0	0	0	0	0	0	0	0	0	0	0	0	0	0	0	0	0	0	0	0	0	0	0	0	0	0	0	0	0	0	0	0	0	0	0	0	0	0	0	0	0	0	0	0	0	0	0	0	0	0	0	0	0	0	0	0	0	0	0	0	0	0	0	0	0	0	0	0	0	0	0	0	0	0	0	0	0	0	0
Desulfocapsa	0	0	0	0	0	0	0	0	0	0	0	0	0	0	0	0	0	0	0	0	0	0	0	0	0	0	0	0	0	0	0	0	0	0	0	0	0	0	0	0	0	0	0	0	0	0	0	0	0	0	0	0	0	0	0	0	0	0	0	0	0	0	0	0	0	0	0	0	0	0	0	0	0	0	0	0	0	0	0	0	0
Desulfocarbo	0	0	0	0	0	0	0	0	0	0	0	0	0	0	0	0	0	0	0	0	0	0	0	0	0	0	0	0	0	0	0	0	0	0	0	0	0	0	0	0	0	0	0	0	0	0	0	0	0	0	0	0	0	0	0	0	0	0	0	0	0	0	0	0	0	0	0	0	0	0	0	0	0	0	0	0	0	0	0	0	0
Desulfococcus	0.0005437198085327341	1.847236042284464e-06	0	0	1.329032583891859e-06	1.993497212094149e-06	1.309109569852777e-06	4.531119730307754e-05	4.858087176755024e-06	1.010274491579362e-05	0	3.064847577467853e-06	7.267008043020688e-06	0	1.946028078849944e-05	1.977107077153638e-05	4.523075600947132e-06	2.537315452589415e-06	0	3.743367554843009e-06	1.792955745818043e-06	3.11522597849248e-06	3.045092027248701e-07	1.877276197389335e-05	1.64172611083293e-06	3.260617930572749e-06	1.206240606401278e-06	0	4.631517590164916e-05	3.390456881017001e-06	0	9.417800962310902e-06	6.588248935668384e-07	1.34981183623003e-06	1.044505327499423e-06	0	1.459393826180358e-06	2.358272258994893e-06	1.866136435100907e-06	5.460945835818764e-05	2.127206298487673e-07	5.450164513215832e-07	3.253397360193382e-06	9.504565042589956e-07	0	4.587488450997824e-06	4.211652378635972e-06	2.815795360507844e-05	4.441483455474128e-05	8.348437047358179e-07	4.940286754004349e-06	1.650545513544954e-07	2.402336138431505e-05	3.638886597738068e-06	4.017742350218565e-06	1.948795875568409e-06	1.763972357196261e-05	2.091964867542014e-06	5.12493568205719e-06	2.082500333200053e-06	5.075581756836491e-06	1.731233001455967e-06	0	8.142764373505887e-06	0	4.09886671458925e-06	6.232299157482187e-06	1.305242768628751e-06	2.731270313822959e-05	5.081765608643067e-06	1.814700891925488e-06	5.917061729154784e-06	4.504200166655406e-06	1.342894743909972e-05	2.509997319322863e-06	2.777033378552694e-06	4.79799827511962e-07	2.762715224149446e-06	3.487656312396352e-06	2.480167956974046e-06	1.205371133772088e-05
Desulfocurvibacter	0	0	0	0	0	0	0	0	0	0	0	0	0	0	0	0	0	0	0	0	0	0	0	0	0	0	0	0	0	0	0	0	0	0	0	0	0	0	0	0	0	0	0	0	0	0	0	0	0	0	0	0	0	0	0	0	0	0	0	0	0	0	0	0	0	0	0	0	0	0	0	0	0	0	0	0	0	0	0	0	0
Desulfocurvus	0	0	0	0	0	0	0	0	0	0	0	0	0	0	0	0	0	0	0	0	0	0	0	0	0	0	0	0	0	0	0	0	0	0	0	0	0	0	0	0	0	0	0	0	0	0	0	0	0	0	0	0	0	0	0	0	0	0	0	0	0	0	0	0	0	0	0	0	0	0	0	0	0	0	0	0	0	0	0	0	0
Desulfofarcimen	0	0	0	0	0	0	0	0	0	0	0	0	0	0	0	0	0	0	0	0	0	0	0	0	0	0	0	0	0	0	0	0	0	0	0	0	0	0	0	0	0	0	0	0	0	0	0	0	0	0	0	0	0	0	0	0	0	0	0	0	0	0	0	0	0	0	0	0	0	0	0	0	0	0	0	0	0	0	0	0	0
Desulfoferula	0	0	0	0	0	0	0	0	0	0	0	0	0	0	0	0	0	0	0	0	0	0	0	0	0	0	0	0	0	0	0	0	0	0	0	0	0	0	0	0	0	0	0	0	0	0	0	0	0	0	0	0	0	0	0	0	0	0	0	0	0	0	0	0	0	0	0	0	0	0	0	0	0	0	0	0	0	0	0	0	0
Desulfofundulus	0	0	0	0	0	0	0	0	0	0	0	0	0	0	0	0	0	0	0	0	0	0	0	0	0	0	0	0	0	0	0	0	0	0	0	0	0	0	0	0	0	0	0	0	0	0	0	0	0	0	0	0	0	0	0	0	0	0	0	0	0	0	0	0	0	0	0	0	0	0	0	0	0	0	0	0	0	0	0	0	0
Desulfofustis	0	0	0	0	0	0	0	0	0	0	0	0	0	0	0	0	0	0	0	0	0	0	0	0	0	0	0	0	0	0	0	0	0	0	0	0	0	0	0	0	0	0	0	0	0	0	0	0	0	0	0	0	0	0	0	0	0	0	0	0	0	0	0	0	0	0	0	0	0	0	0	0	0	0	0	0	0	0	0	0	0
Desulfoglaeba	0	0	0	0	0	0	0	0	0	0	0	0	0	0	0	0	0	0	0	0	0	0	0	0	0	0	0	0	0	0	0	0	0	0	0	0	0	0	0	0	0	0	0	0	0	0	0	0	0	0	0	0	0	0	0	0	0	0	0	0	0	0	0	0	0	0	0	0	0	0	0	0	0	0	0	0	0	0	0	0	0
Desulfogranum	0	0	0	0	0	0	0	0	0	0	0	0	0	0	0	0	0	0	0	0	0	0	0	0	0	0	0	0	0	0	0	0	0	0	0	0	0	0	0	0	0	0	0	0	0	0	0	0	0	0	0	0	0	0	0	0	0	0	0	0	0	0	0	0	0	0	0	0	0	0	0	0	0	0	0	0	0	0	0	0	0
Desulfohalobium	0	0	0	0	0	0	0	0	0	0	0	0	0	0	0	0	0	0	0	0	0	0	0	0	0	0	0	0	0	0	0	0	0	0	0	0	0	0	0	0	0	0	0	0	0	0	0	0	0	0	0	0	0	0	0	0	0	0	0	0	0	0	0	0	0	0	0	0	0	0	0	0	0	0	0	0	0	0	0	0	0
Desulfolithobacter	0	0	0	0	0	0	0	0	0	0	0	0	0	0	0	0	0	0	0	0	0	0	0	0	0	0	0	0	0	0	0	0	0	0	0	0	0	0	0	0	0	0	0	0	0	0	0	0	0	0	0	0	0	0	0	0	0	0	0	0	0	0	0	0	0	0	0	0	0	0	0	0	0	0	0	0	0	0	0	0	0
Desulfoluna	0	0	0	0	0	0	0	0	0	0	0	0	0	0	0	0	0	0	0	0	0	0	0	0	0	0	0	0	0	0	0	0	0	0	0	0	0	0	0	0	0	0	0	0	0	0	0	0	0	0	0	0	0	0	0	0	0	0	0	0	0	0	0	0	0	0	0	0	0	0	0	0	0	0	0	0	0	0	0	0	0
Desulfolutivibrio	0	0	0	0	0	0	0	0	0	0	0	0	0	0	0	0	0	0	0	0	0	0	0	0	0	0	0	0	0	0	0	0	0	0	0	0	0	0	0	0	0	0	0	0	0	0	0	0	0	0	0	0	0	0	0	0	0	0	0	0	0	0	0	0	0	0	0	0	0	0	0	0	0	0	0	0	0	0	0	0	0
Desulfomarina	0	0	0	0	0	0	0	0	0	0	0	0	0	0	0	0	0	0	0	0	0	0	0	0	0	0	0	0	0	0	0	0	0	0	0	0	0	0	0	0	0	0	0	0	0	0	0	0	0	0	0	0	0	0	0	0	0	0	0	0	0	0	0	0	0	0	0	0	0	0	0	0	0	0	0	0	0	0	0	0	0
Desulfomicrobium	0.008352157512626898	1.416214299084756e-05	1.346692523163111e-05	3.870718018192374e-05	4.784517302010694e-05	2.392196654512979e-05	1.963664354779167e-05	0.0011931948623143	0.0002299494596997	0.0003333905822211	0	2.451878061974283e-05	3.529689620895763e-05	5.202236961893614e-05	0.000165801592318	0.0001206035317063	0.0002510306958525	3.129355724860278e-05	0.0001122557635316	7.968025223880119e-05	5.827106173908639e-05	3.738271174190976e-05	1.21803681089948e-06	0.0002596898739721	6.07438661008184e-05	5.271332321092611e-05	6.513699274566899e-05	6.071169896225493e-06	0.0008483584659058	5.594253853678053e-05	1.1059500110595e-05	0.0001139553916439	1.383532276490361e-05	2.294680121591051e-05	3.029065449748327e-05	2.864303616183315e-05	4.183595635050359e-05	3.242624356117977e-05	6.811397988118309e-05	0.000302452384753	7.019780785009322e-06	3.597108578722449e-05	0.0001073621128863	4.182008618739581e-05	4.164273406088455e-05	6.881232676496737e-05	2.948156665045181e-05	0.0001501757525604	0.0001421274705751	2.170593632313127e-05	8.793710422127742e-05	3.301091027089909e-06	0.0002259975478376	7.399069415400739e-05	0.0001406209822576	4.092471338693659e-05	8.955551967304093e-05	2.196563110919116e-05	0.0001014737265047	5.726875916300147e-05	5.456250388599228e-05	2.856534452402345e-05	4.715757704369149e-06	0.000483137352828	2.521428540553936e-06	5.687177566492584e-05	8.191021749833731e-05	3.393631198434753e-05	7.697216338955612e-05	0.0001829435619111	2.26837611490686e-05	5.443696790822401e-05	0.0001351260049996	0.0001275750006714	0.0002068237791122	7.359138453164637e-05	6.477297671411487e-06	2.831783104753182e-05	5.405867284214344e-05	8.804596247257865e-05	0.0001618641236779
Desulfomonile	0	0	0	0	0	0	0	0	0	0	0	0	0	0	0	0	0	0	0	0	0	0	0	0	0	0	0	0	0	0	0	0	0	0	0	0	0	0	0	0	0	0	0	0	0	0	0	0	0	0	0	0	0	0	0	0	0	0	0	0	0	0	0	0	0	0	0	0	0	0	0	0	0	0	0	0	0	0	0	0	0
Desulfonatronospira	0	0	0	0	0	0	0	0	0	0	0	0	0	0	0	0	0	0	0	0	0	0	0	0	0	0	0	0	0	0	0	0	0	0	0	0	0	0	0	0	0	0	0	0	0	0	0	0	0	0	0	0	0	0	0	0	0	0	0	0	0	0	0	0	0	0	0	0	0	0	0	0	0	0	0	0	0	0	0	0	0
Desulfonatronovibrio	0	0	0	0	0	0	0	0	0	0	0	0	0	0	0	0	0	0	0	0	0	0	0	0	0	0	0	0	0	0	0	0	0	0	0	0	0	0	0	0	0	0	0	0	0	0	0	0	0	0	0	0	0	0	0	0	0	0	0	0	0	0	0	0	0	0	0	0	0	0	0	0	0	0	0	0	0	0	0	0	0
Desulfonatronum	0	0	0	0	0	0	0	0	0	0	0	0	0	0	0	0	0	0	0	0	0	0	0	0	0	0	0	0	0	0	0	0	0	0	0	0	0	0	0	0	0	0	0	0	0	0	0	0	0	0	0	0	0	0	0	0	0	0	0	0	0	0	0	0	0	0	0	0	0	0	0	0	0	0	0	0	0	0	0	0	0
Desulfonema	0	0	0	0	0	0	0	0	0	0	0	0	0	0	0	0	0	0	0	0	0	0	0	0	0	0	0	0	0	0	0	0	0	0	0	0	0	0	0	0	0	0	0	0	0	0	0	0	0	0	0	0	0	0	0	0	0	0	0	0	0	0	0	0	0	0	0	0	0	0	0	0	0	0	0	0	0	0	0	0	0
Desulfopila	0	0	0	0	0	0	0	0	0	0	0	0	0	0	0	0	0	0	0	0	0	0	0	0	0	0	0	0	0	0	0	0	0	0	0	0	0	0	0	0	0	0	0	0	0	0	0	0	0	0	0	0	0	0	0	0	0	0	0	0	0	0	0	0	0	0	0	0	0	0	0	0	0	0	0	0	0	0	0	0	0
Desulfoprunum	0	0	0	0	0	0	0	0	0	0	0	0	0	0	0	0	0	0	0	0	0	0	0	0	0	0	0	0	0	0	0	0	0	0	0	0	0	0	0	0	0	0	0	0	0	0	0	0	0	0	0	0	0	0	0	0	0	0	0	0	0	0	0	0	0	0	0	0	0	0	0	0	0	0	0	0	0	0	0	0	0
Desulforamulus	0	0	0	0	0	0	0	0	0	0	0	0	0	0	0	0	0	0	0	0	0	0	0	0	0	0	0	0	0	0	0	0	0	0	0	0	0	0	0	0	0	0	0	0	0	0	0	0	0	0	0	0	0	0	0	0	0	0	0	0	0	0	0	0	0	0	0	0	0	0	0	0	0	0	0	0	0	0	0	0	0
Desulforapulum	0	0	0	0	0	0	0	0	0	0	0	0	0	0	0	0	0	0	0	0	0	0	0	0	0	0	0	0	0	0	0	0	0	0	0	0	0	0	0	0	0	0	0	0	0	0	0	0	0	0	0	0	0	0	0	0	0	0	0	0	0	0	0	0	0	0	0	0	0	0	0	0	0	0	0	0	0	0	0	0	0
Desulforegula	0	0	0	0	0	0	0	0	0	0	0	0	0	0	0	0	0	0	0	0	0	0	0	0	0	0	0	0	0	0	0	0	0	0	0	0	0	0	0	0	0	0	0	0	0	0	0	0	0	0	0	0	0	0	0	0	0	0	0	0	0	0	0	0	0	0	0	0	0	0	0	0	0	0	0	0	0	0	0	0	0
Desulforhabdus	0	0	0	0	0	0	0	0	0	0	0	0	0	0	0	0	0	0	0	0	0	0	0	0	0	0	0	0	0	0	0	0	0	0	0	0	0	0	0	0	0	0	0	0	0	0	0	0	0	0	0	0	0	0	0	0	0	0	0	0	0	0	0	0	0	0	0	0	0	0	0	0	0	0	0	0	0	0	0	0	0
Desulforhopalus	0	0	0	0	0	0	0	0	0	0	0	0	0	0	0	0	0	0	0	0	0	0	0	0	0	0	0	0	0	0	0	0	0	0	0	0	0	0	0	0	0	0	0	0	0	0	0	0	0	0	0	0	0	0	0	0	0	0	0	0	0	0	0	0	0	0	0	0	0	0	0	0	0	0	0	0	0	0	0	0	0
Desulfosalsimonas	0	0	0	0	0	0	0	0	0	0	0	0	0	0	0	0	0	0	0	0	0	0	0	0	0	0	0	0	0	0	0	0	0	0	0	0	0	0	0	0	0	0	0	0	0	0	0	0	0	0	0	0	0	0	0	0	0	0	0	0	0	0	0	0	0	0	0	0	0	0	0	0	0	0	0	0	0	0	0	0	0
Desulfosarcina	0	0	0	0	0	0	0	0	0	0	0	0	0	0	0	0	0	0	0	0	0	0	0	0	0	0	0	0	0	0	0	0	0	0	0	0	0	0	0	0	0	0	0	0	0	0	0	0	0	0	0	0	0	0	0	0	0	0	0	0	0	0	0	0	0	0	0	0	0	0	0	0	0	0	0	0	0	0	0	0	0
Desulfoscipio	0	0	0	0	0	0	0	0	0	0	0	0	0	0	0	0	0	0	0	0	0	0	0	0	0	0	0	0	0	0	0	0	0	0	0	0	0	0	0	0	0	0	0	0	0	0	0	0	0	0	0	0	0	0	0	0	0	0	0	0	0	0	0	0	0	0	0	0	0	0	0	0	0	0	0	0	0	0	0	0	0
Desulfosediminicola	0	0	0	0	0	0	0	0	0	0	0	0	0	0	0	0	0	0	0	0	0	0	0	0	0	0	0	0	0	0	0	0	0	0	0	0	0	0	0	0	0	0	0	0	0	0	0	0	0	0	0	0	0	0	0	0	0	0	0	0	0	0	0	0	0	0	0	0	0	0	0	0	0	0	0	0	0	0	0	0	0
Desulfospira	0	0	0	0	0	0	0	0	0	0	0	0	0	0	0	0	0	0	0	0	0	0	0	0	0	0	0	0	0	0	0	0	0	0	0	0	0	0	0	0	0	0	0	0	0	0	0	0	0	0	0	0	0	0	0	0	0	0	0	0	0	0	0	0	0	0	0	0	0	0	0	0	0	0	0	0	0	0	0	0	0
Desulfosporosinus	0.006579459126351714	5.110686383653685e-05	5.050096961861667e-05	5.322237275014515e-05	5.183227077178251e-05	2.990245818141224e-05	5.23643827941111e-05	0.0003066057684174	8.258748200483542e-05	0.0001414384288211	7.808229874287499e-05	7.815361322543027e-05	4.879276828885319e-05	5.982572506177657e-05	5.21535525131785e-05	0.0001018210144734	0.0002691229982563	4.99005372342585e-05	7.697538070740375e-05	5.133761218070412e-05	6.633936259526759e-05	7.580383214331701e-05	1.218036810899481e-05	9.699260353178229e-05	0.0001017870188716	7.499421240317324e-05	8.564308305449071e-05	3.642701937735296e-06	8.811179805679596e-05	5.085685321525502e-05	0.0001548330015483	0.0001535101556856	3.755301893330979e-05	4.859322610428106e-05	1.775659056749019e-05	7.160759040458288e-05	3.551191643705537e-05	4.716544517989785e-05	0.0001017044357129	0.000173280012098	3.084449132807126e-06	3.815115159251082e-05	9.434852344560808e-05	3.991917317887782e-05	7.897759908098794e-05	9.266726671015606e-05	5.685730711158562e-05	6.726622250102073e-05	0.0001421274705751	3.589827930364017e-05	0.0001857547819505	1.138876404346018e-05	0.0002108717277067	8.612031614646762e-05	0.0001727629210593	1.680836442677753e-05	5.020536708943205e-05	6.380492846003145e-05	7.892400950368073e-05	0.0002061675329868	9.897384425831158e-05	4.328082503639918e-05	0	0.000306710791402	6.483673389995836e-06	6.250771739748606e-05	8.191021749833731e-05	4.829398243926379e-05	0.0001291145966534	8.511957394477137e-05	5.534837720372739e-05	8.1655451862336e-05	5.855460216652028e-05	0.0001007171057932	0.0001410618493459	5.48464092264157e-05	1.559349439413876e-05	7.252127463392296e-05	5.05710165297471e-05	9.300629838652672e-05	7.748814431391997e-05
Desulfosudis	0	0	0	0	0	0	0	0	0	0	0	0	0	0	0	0	0	0	0	0	0	0	0	0	0	0	0	0	0	0	0	0	0	0	0	0	0	0	0	0	0	0	0	0	0	0	0	0	0	0	0	0	0	0	0	0	0	0	0	0	0	0	0	0	0	0	0	0	0	0	0	0	0	0	0	0	0	0	0	0	0
Desulfotalea	0	0	0	0	0	0	0	0	0	0	0	0	0	0	0	0	0	0	0	0	0	0	0	0	0	0	0	0	0	0	0	0	0	0	0	0	0	0	0	0	0	0	0	0	0	0	0	0	0	0	0	0	0	0	0	0	0	0	0	0	0	0	0	0	0	0	0	0	0	0	0	0	0	0	0	0	0	0	0	0	0
Desulfothermobacter	0	0	0	0	0	0	0	0	0	0	0	0	0	0	0	0	0	0	0	0	0	0	0	0	0	0	0	0	0	0	0	0	0	0	0	0	0	0	0	0	0	0	0	0	0	0	0	0	0	0	0	0	0	0	0	0	0	0	0	0	0	0	0	0	0	0	0	0	0	0	0	0	0	0	0	0	0	0	0	0	0
Desulfotignum	0	0	0	0	0	0	0	0	0	0	0	0	0	0	0	0	0	0	0	0	0	0	0	0	0	0	0	0	0	0	0	0	0	0	0	0	0	0	0	0	0	0	0	0	0	0	0	0	0	0	0	0	0	0	0	0	0	0	0	0	0	0	0	0	0	0	0	0	0	0	0	0	0	0	0	0	0	0	0	0	0
Desulfotomaculum	0.010074203320449	3.940770223540191e-05	2.525048480930834e-05	8.225275788658796e-05	6.113549885902553e-05	4.186344145397713e-05	5.890993064337499e-05	0.0011448629185244	0.0001425038905181	5.05137245789681e-05	7.808229874287499e-05	7.968603701416419e-05	4.360204825812413e-05	5.202236961893614e-05	0.0001128696285732	0.0001374089418621	0.0004409998710923	9.388067174580835e-05	6.093884306002797e-05	4.705947783231211e-05	6.678760153172209e-05	7.061178884582954e-05	7.003711662672014e-06	0.0001501820957911	9.3578388317477e-05	8.097201194255661e-05	6.754947395847155e-05	2.428467958490197e-06	0.000256427925114	6.272345229881452e-05	0.0001880115018801	0.0004124996821492	2.767064552980721e-05	6.209134446658136e-05	1.148955860249365e-05	0.0002148227712137	5.010585469885895e-05	4.539674098565168e-05	0.0001157004589762	0.0006416611357087	6.275258580538637e-06	4.414633255704823e-05	0.0001073621128863	5.037419472572676e-05	0.000117748420448	7.798730366696302e-05	0.0001895243570386	0.0001048101606411	0.0002664890073284	3.506343559890435e-05	0.0002223129039301	4.126363783862386e-06	0.0002989573861159	0.0001455554639095	0.0002651709951144	1.607756597343937e-05	0.000101767635992	5.543706898986339e-05	0.0001229984563693	0.0002884262961482	9.960829197791614e-05	5.280260654440699e-05	1.414727311310745e-05	0.0001486054498164	2.881632617775927e-06	7.582903421990112e-05	0.0001602591211923	6.265165289418005e-05	0.0002011208140178	0.0001461007612484	6.079247987950386e-05	0.0001017734617414	0.0002026890074994	6.714473719549862e-05	0.0001094358831224	8.469951804585716e-05	6.957097498923449e-06	7.873738388825922e-05	0.0001290432835586	0.0001723716730096	0.0001549762886278
Desulfotruncus	0	0	0	0	0	0	0	0	0	0	0	0	0	0	0	0	0	0	0	0	0	0	0	0	0	0	0	0	0	0	0	0	0	0	0	0	0	0	0	0	0	0	0	0	0	0	0	0	0	0	0	0	0	0	0	0	0	0	0	0	0	0	0	0	0	0	0	0	0	0	0	0	0	0	0	0	0	0	0	0	0
Desulfovermiculus	0	0	0	0	0	0	0	0	0	0	0	0	0	0	0	0	0	0	0	0	0	0	0	0	0	0	0	0	0	0	0	0	0	0	0	0	0	0	0	0	0	0	0	0	0	0	0	0	0	0	0	0	0	0	0	0	0	0	0	0	0	0	0	0	0	0	0	0	0	0	0	0	0	0	0	0	0	0	0	0	0
Desulfovibrio	0.247080250127782	0.0003934612770065	0.0006396789485024	0.0029562608863944	0.0010618970345295	0.0005910719233858999	0.0010944156003969	0.009279733207670201	0.009178546039282399	0.0026166109331905	0.0020613726868118	0.0018205194610159	0.000783279652637	0.0007387176485888	0.0021110512599364	0.0041301766841739	0.0360149894725415	0.000667313964031	0.0024824560278137	0.0008267494628267	0.0008624117137384	0.0010612536500064	9.043923320928644e-05	0.008360136665707099	0.0025019905929093	0.0027889152032832	0.001587412638024	7.771097467168631e-05	0.0086360858480026	0.0009272899569581	0.0016146870161468	0.0090627498660317	0.0004018831850757	0.0010515034204231	0.0004376477322222	0.0021052631578947	0.000701481965784	0.0008448510367849	0.0027786771518652	0.019362203533652	0.0001669856944312	0.0006671001364176	0.00202035976068	0.000642508596879	0.0010367604824813	0.0022506218340595	0.0020700271440995	0.0045819247838485	0.0021319120586275	0.0004174218523679	0.0014998710585157	6.717720240127964e-05	0.0079277092568239	0.0021032764534926	0.0034833826176394	0.002013593338431	0.0031290155813035	0.0006934863535901	0.0024128197191125	0.0015712465013994	0.0012295596805936	0.0006483467590452	0.0001131781849048	0.0026321485837357	5.907346866440651e-05	0.0025382232130093	0.0021234333557992	0.0005638648760476	0.002358824361938	0.0071792643636104	0.0012721053252397	0.0035857394078677	0.0122379118528027	0.0034579539655681	0.004384965316857	0.0034317189975464	0.0004140672511428	0.0006796279451407	0.002613998406141	0.0050000186012596	0.004966129071141
Desulfovirgula	0	0	0	0	0	0	0	0	0	0	0	0	0	0	0	0	0	0	0	0	0	0	0	0	0	0	0	0	0	0	0	0	0	0	0	0	0	0	0	0	0	0	0	0	0	0	0	0	0	0	0	0	0	0	0	0	0	0	0	0	0	0	0	0	0	0	0	0	0	0	0	0	0	0	0	0	0	0	0	0	0
Desulfurella	0	0	0	0	0	0	0	0	0	0	0	0	0	0	0	0	0	0	0	0	0	0	0	0	0	0	0	0	0	0	0	0	0	0	0	0	0	0	0	0	0	0	0	0	0	0	0	0	0	0	0	0	0	0	0	0	0	0	0	0	0	0	0	0	0	0	0	0	0	0	0	0	0	0	0	0	0	0	0	0	0
Desulfuribacillus	0	0	0	0	0	0	0	0	0	0	0	0	0	0	0	0	0	0	0	0	0	0	0	0	0	0	0	0	0	0	0	0	0	0	0	0	0	0	0	0	0	0	0	0	0	0	0	0	0	0	0	0	0	0	0	0	0	0	0	0	0	0	0	0	0	0	0	0	0	0	0	0	0	0	0	0	0	0	0	0	0
Desulfurispirillum	0	0	0	0	0	0	0	0	0	0	0	0	0	0	0	0	0	0	0	0	0	0	0	0	0	0	0	0	0	0	0	0	0	0	0	0	0	0	0	0	0	0	0	0	0	0	0	0	0	0	0	0	0	0	0	0	0	0	0	0	0	0	0	0	0	0	0	0	0	0	0	0	0	0	0	0	0	0	0	0	0
Desulfurispora	0	0	0	0	0	0	0	0	0	0	0	0	0	0	0	0	0	0	0	0	0	0	0	0	0	0	0	0	0	0	0	0	0	0	0	0	0	0	0	0	0	0	0	0	0	0	0	0	0	0	0	0	0	0	0	0	0	0	0	0	0	0	0	0	0	0	0	0	0	0	0	0	0	0	0	0	0	0	0	0	0
Desulfurivibrio	0	0	0	0	0	0	0	0	0	0	0	0	0	0	0	0	0	0	0	0	0	0	0	0	0	0	0	0	0	0	0	0	0	0	0	0	0	0	0	0	0	0	0	0	0	0	0	0	0	0	0	0	0	0	0	0	0	0	0	0	0	0	0	0	0	0	0	0	0	0	0	0	0	0	0	0	0	0	0	0	0
Desulfurobacterium	0	0	0	0	0	0	0	0	0	0	0	0	0	0	0	0	0	0	0	0	0	0	0	0	0	0	0	0	0	0	0	0	0	0	0	0	0	0	0	0	0	0	0	0	0	0	0	0	0	0	0	0	0	0	0	0	0	0	0	0	0	0	0	0	0	0	0	0	0	0	0	0	0	0	0	0	0	0	0	0	0
Desulfuromonas	0.0033084991819146	9.851925558850478e-06	1.346692523163111e-05	4.838397522740468e-06	9.303228087243016e-06	9.967486060470743e-06	9.163766988969442e-06	0.000187286282186	0.0001020198307118	2.020548983158724e-05	3.123291949715e-05	1.838908546480712e-05	2.180102412906206e-05	2.601118480946807e-05	8.796046916401747e-05	5.140478400599459e-05	0.0002306768556483	2.368161089083454e-05	3.528038282422672e-05	2.085590494841105e-05	1.927427426754396e-05	2.180658184944736e-05	2.740582824523831e-06	0.000109507778181	1.970071332999516e-05	1.902027126167437e-05	2.412481212802556e-05	2.428467958490197e-06	0.0002123720260856	2.373319816711901e-05	9.9535500995355e-05	6.121570625502086e-05	7.247073829235223e-06	1.34981183623003e-05	1.35785692574925e-05	2.864303616183315e-05	2.286383661015893e-05	1.002265710072829e-05	4.478727444242176e-05	0.0002268392885647	6.38161889546302e-07	1.3080394831718e-05	1.301358944077353e-05	1.520730406814393e-05	1.723147616312464e-05	1.743245611379173e-05	3.579904521840576e-05	7.039488401269611e-05	0.000168776371308	6.678749637886543e-06	5.829538369725132e-05	2.805927373026422e-06	0.0001023217244146	1.940739518793636e-05	5.624839290305992e-05	9.987578862288096e-06	8.548481423335726e-05	1.778170137410712e-05	2.972462695593171e-05	4.373250699720112e-05	3.362572913904176e-05	1.125301450946379e-05	0	3.460674858740002e-05	3.602040772219909e-07	1.793254187632797e-05	5.163905016199526e-05	1.435767045491626e-05	0.0001018018935152	2.28679452388938e-05	1.723965847329214e-05	2.130142222495722e-05	8.557980316645271e-05	6.714473719549861e-06	2.309197533777034e-05	5.345789253713935e-05	4.078298533851677e-06	1.174153970263515e-05	2.092593787437811e-05	4.216285526855879e-05	5.33807216384782e-05
Desulfuromusa	0	0	0	0	0	0	0	0	0	0	0	0	0	0	0	0	0	0	0	0	0	0	0	0	0	0	0	0	0	0	0	0	0	0	0	0	0	0	0	0	0	0	0	0	0	0	0	0	0	0	0	0	0	0	0	0	0	0	0	0	0	0	0	0	0	0	0	0	0	0	0	0	0	0	0	0	0	0	0	0	0
Dethiobacter	0	0	0	0	0	0	0	0	0	0	0	0	0	0	0	0	0	0	0	0	0	0	0	0	0	0	0	0	0	0	0	0	0	0	0	0	0	0	0	0	0	0	0	0	0	0	0	0	0	0	0	0	0	0	0	0	0	0	0	0	0	0	0	0	0	0	0	0	0	0	0	0	0	0	0	0	0	0	0	0	0
Dethiosulfatarculus	0	0	0	0	0	0	0	0	0	0	0	0	0	0	0	0	0	0	0	0	0	0	0	0	0	0	0	0	0	0	0	0	0	0	0	0	0	0	0	0	0	0	0	0	0	0	0	0	0	0	0	0	0	0	0	0	0	0	0	0	0	0	0	0	0	0	0	0	0	0	0	0	0	0	0	0	0	0	0	0	0
Dethiosulfovibrio	0	0	0	0	0	0	0	0	0	0	0	0	0	0	0	0	0	0	0	0	0	0	0	0	0	0	0	0	0	0	0	0	0	0	0	0	0	0	0	0	0	0	0	0	0	0	0	0	0	0	0	0	0	0	0	0	0	0	0	0	0	0	0	0	0	0	0	0	0	0	0	0	0	0	0	0	0	0	0	0	0
Devosia	0.004629040264524423	1.477788833827572e-05	3.030058177117001e-05	1.935359009096187e-05	5.581936852345809e-05	1.495122909070612e-05	2.88004105367611e-05	9.968463406677058e-05	8.582620678933876e-05	5.05137245789681e-05	4.684937924572499e-05	3.064847577467853e-05	0.0001609123209526	7.803355442840422e-05	0.0002553188839451	3.064515969588139e-05	6.558459621373341e-05	6.427865813226518e-05	8.338999576635407e-05	5.294191256135112e-05	3.989326534445145e-05	6.645815420783957e-05	5.481165649047663e-06	9.386380986946672e-05	2.298416555166101e-05	2.554150712281987e-05	7.840563941608305e-05	7.892520865093141e-06	0.0001016674592963	3.390456881017001e-05	6.635700066357e-05	4.520544461909233e-05	2.832947042337405e-05	3.104567223329068e-05	2.611263318748557e-05	0.0001145721446473	8.026666043991968e-05	2.29931545252002e-05	3.265738761426587e-05	8.191418753728146e-05	1.489044408941371e-06	5.450164513215831e-05	5.530775512328749e-05	2.281095610221589e-05	3.733486502010339e-05	4.128739605898042e-05	4.843400235431368e-05	7.508787628020918e-05	0.0001510104374861	4.090734153205508e-05	6.619984250365828e-05	4.29141833521688e-06	5.160573927001013e-05	3.517590377813466e-05	0.0001044613011056	8.525981955611789e-06	5.020536708943205e-05	2.510357841050417e-05	5.12493568205719e-05	8.850626416100227e-05	8.755378530542947e-05	5.193699004367901e-05	0	8.88918444107726e-05	1.404795901165764e-05	2.408084194821184e-05	0.0001566978073881	9.267223657264132e-05	0.0002036037870304	4.319500767346607e-05	2.812786382484507e-05	4.37862567957454e-05	0.0001261176046663	3.357236859774931e-05	3.865395871757209e-05	0.0001235779853455	7.436897326435411e-06	2.900850985356919e-05	5.754632915453979e-05	4.092277129007177e-05	4.993680411341509e-05
Devriesea	0	0	0	0	0	0	0	0	0	0	0	0	0	0	0	0	0	0	0	0	0	0	0	0	0	0	0	0	0	0	0	0	0	0	0	0	0	0	0	0	0	0	0	0	0	0	0	0	0	0	0	0	0	0	0	0	0	0	0	0	0	0	0	0	0	0	0	0	0	0	0	0	0	0	0	0	0	0	0	0	0
Dialister	0	0	0	0	0	0	0	0	0	0	0	0	0	0	0	0	0	0	0	0	0	0	0	0	0	0	0	0	0	0	0	0	0	0	0	0	0	0	0	0	0	0	0	0	0	0	0	0	0	0	0	0	0	0	0	0	0	0	0	0	0	0	0	0	0	0	0	0	0	0	0	0	0	0	0	0	0	0	0	0	0
Diaminobutyricimonas	0	0	0	0	0	0	0	0	0	0	0	0	0	0	0	0	0	0	0	0	0	0	0	0	0	0	0	0	0	0	0	0	0	0	0	0	0	0	0	0	0	0	0	0	0	0	0	0	0	0	0	0	0	0	0	0	0	0	0	0	0	0	0	0	0	0	0	0	0	0	0	0	0	0	0	0	0	0	0	0	0
Diaphorobacter	0	0	0	0	0	0	0	0	0	0	0	0	0	0	0	0	0	0	0	0	0	0	0	0	0	0	0	0	0	0	0	0	0	0	0	0	0	0	0	0	0	0	0	0	0	0	0	0	0	0	0	0	0	0	0	0	0	0	0	0	0	0	0	0	0	0	0	0	0	0	0	0	0	0	0	0	0	0	0	0	0
Dichelobacter	0	0	0	0	0	0	0	0	0	0	0	0	0	0	0	0	0	0	0	0	0	0	0	0	0	0	0	0	0	0	0	0	0	0	0	0	0	0	0	0	0	0	0	0	0	0	0	0	0	0	0	0	0	0	0	0	0	0	0	0	0	0	0	0	0	0	0	0	0	0	0	0	0	0	0	0	0	0	0	0	0
Dickeya	0.04298236609422727	0.0003091041644089	0.0004208414134884	0.0005564157151151	0.0003774452538252	0.0003907254535704	0.0007684473175035	0.0010240330590495	0.0007238549893364	0.0004344180313791	0.0004841102522058	0.0004581947128314	0.0004090287384214	0.0004734035635323	0.0007394906699629	0.0007038501194666	0.0010041227834102	0.0002884081897776	0.0005388276649518	0.0005176542561554	0.0003904161136518	0.0004517077668814	0.0002585283131134	0.000754039272618	0.0005565451515723	0.0007119015815083	0.0005138584983269	0.0001797066289282	0.0008404509968494	0.0003848168559954	0.0004976775049767	0.000868321248725	0.0003419301197611	0.0005628715357079	0.0004261581736197	0.0005871822413174999	0.0004348993602017	0.0003555095430434	0.0008565566237113	0.0007760844178211	0.00054148036328	0.0004131224701017	0.0003969144779435	0.0002509205171243	0.0003762205628948	0.0005596735910217	0.0006380653353633	0.0008541245926873	0.0005862758161225	0.0004332838827578	0.0004248646608443	9.40810942720624e-05	0.0007812041220529	0.0007289902817468	0.0005865903831319	0.0002338555050682	0.0005821108778747	0.0003765536761575	0.0004458694043389	0.0005112538318006	0.0004739324465446	0.0004501205803785	0.0002829454622621	0.0004566733686141	0.0001952306098543	0.0006138052905097	0.0006196686019439	0.0004046252582749	0.0006356410912169	0.0009528310516205	0.0003202947074248	0.0007112308198444	0.0007567056279981	0.0005640157924421	0.0006842252692474	0.0009643248407024	0.0002171094219491	0.0003142588567469	0.0007254325129784	0.0006274824931144	0.0008248182472526
Dictyobacter	0	0	0	0	0	0	0	0	0	0	0	0	0	0	0	0	0	0	0	0	0	0	0	0	0	0	0	0	0	0	0	0	0	0	0	0	0	0	0	0	0	0	0	0	0	0	0	0	0	0	0	0	0	0	0	0	0	0	0	0	0	0	0	0	0	0	0	0	0	0	0	0	0	0	0	0	0	0	0	0	0
Dictyoglomus	0.004986967971664489	2.770854063426697e-05	2.525048480930834e-05	5.806077027288562e-05	3.455484718118834e-05	2.192846933303564e-05	6.545547849263888e-06	0.0001691618032648	7.287130765132537e-05	2.020548983158724e-05	6.24658389943e-05	3.218089956341246e-05	2.335824013828078e-05	3.901677721420211e-05	7.161383330167794e-05	7.414151539326143e-05	0.0003211383676672	5.328362450437771e-05	4.169499788317704e-05	2.566880609035206e-05	2.913553086954319e-05	3.945952906090474e-05	2.740582824523831e-06	0.0001407957148042	5.089350943582082e-05	4.293146941920786e-05	3.25684963728345e-05	2.428467958490197e-06	0.0001525011889444	5.085685321525502e-05	7.741650077416501e-05	0.0002382703643464	1.120002319063625e-05	1.889736570722041e-05	1.566757991249134e-05	4.296455424274973e-05	3.016080574106073e-05	1.945574613670786e-05	6.158250235832992e-05	0.0003287069320406	2.339926928336441e-06	1.744052644229066e-05	7.808153664464117e-05	1.520730406814393e-05	5.025847214244687e-05	4.036989836878085e-05	4.422234997567771e-05	0.0001095031529086	0.0002131912058627	1.502718668524472e-05	9.682962037848524e-05	3.136036475735413e-06	0.0002010844323279	3.517590377813466e-05	9.039920287991773e-05	8.525981955611789e-06	9.226932329949672e-05	1.987366624164913e-05	6.969912527597778e-05	0.000140568772491	5.202471300757404e-05	2.077479601747161e-05	1.414727311310745e-05	8.278477113064319e-05	4.682653003885881e-06	4.303810050318712e-05	8.28005459494062e-05	2.871534090983252e-05	0.0001911889219676	3.557235926050147e-05	4.536752229813721e-05	2.7218483954112e-05	9.008400333310812e-05	4.700131603684904e-05	4.166595550075952e-05	4.165550067829041e-05	2.878798965071772e-06	3.108054627168127e-05	2.441359418677446e-05	7.936537462316948e-05	8.781989688910929e-05
Dielma	0	0	0	0	0	0	0	0	0	0	0	0	0	0	0	0	0	0	0	0	0	0	0	0	0	0	0	0	0	0	0	0	0	0	0	0	0	0	0	0	0	0	0	0	0	0	0	0	0	0	0	0	0	0	0	0	0	0	0	0	0	0	0	0	0	0	0	0	0	0	0	0	0	0	0	0	0	0	0	0	0
Dietzia	0	0	0	0	0	0	0	0	0	0	0	0	0	0	0	0	0	0	0	0	0	0	0	0	0	0	0	0	0	0	0	0	0	0	0	0	0	0	0	0	0	0	0	0	0	0	0	0	0	0	0	0	0	0	0	0	0	0	0	0	0	0	0	0	0	0	0	0	0	0	0	0	0	0	0	0	0	0	0	0	0
Dinghuibacter	0	0	0	0	0	0	0	0	0	0	0	0	0	0	0	0	0	0	0	0	0	0	0	0	0	0	0	0	0	0	0	0	0	0	0	0	0	0	0	0	0	0	0	0	0	0	0	0	0	0	0	0	0	0	0	0	0	0	0	0	0	0	0	0	0	0	0	0	0	0	0	0	0	0	0	0	0	0	0	0	0
Dinoroseobacter	0	0	0	0	0	0	0	0	0	0	0	0	0	0	0	0	0	0	0	0	0	0	0	0	0	0	0	0	0	0	0	0	0	0	0	0	0	0	0	0	0	0	0	0	0	0	0	0	0	0	0	0	0	0	0	0	0	0	0	0	0	0	0	0	0	0	0	0	0	0	0	0	0	0	0	0	0	0	0	0	0
Diplocloster	0	0	0	0	0	0	0	0	0	0	0	0	0	0	0	0	0	0	0	0	0	0	0	0	0	0	0	0	0	0	0	0	0	0	0	0	0	0	0	0	0	0	0	0	0	0	0	0	0	0	0	0	0	0	0	0	0	0	0	0	0	0	0	0	0	0	0	0	0	0	0	0	0	0	0	0	0	0	0	0	0
Diplorickettsia	0	0	0	0	0	0	0	0	0	0	0	0	0	0	0	0	0	0	0	0	0	0	0	0	0	0	0	0	0	0	0	0	0	0	0	0	0	0	0	0	0	0	0	0	0	0	0	0	0	0	0	0	0	0	0	0	0	0	0	0	0	0	0	0	0	0	0	0	0	0	0	0	0	0	0	0	0	0	0	0	0
Diplosphaera	0	0	0	0	0	0	0	0	0	0	0	0	0	0	0	0	0	0	0	0	0	0	0	0	0	0	0	0	0	0	0	0	0	0	0	0	0	0	0	0	0	0	0	0	0	0	0	0	0	0	0	0	0	0	0	0	0	0	0	0	0	0	0	0	0	0	0	0	0	0	0	0	0	0	0	0	0	0	0	0	0
Dissulfurimicrobium	0	0	0	0	0	0	0	0	0	0	0	0	0	0	0	0	0	0	0	0	0	0	0	0	0	0	0	0	0	0	0	0	0	0	0	0	0	0	0	0	0	0	0	0	0	0	0	0	0	0	0	0	0	0	0	0	0	0	0	0	0	0	0	0	0	0	0	0	0	0	0	0	0	0	0	0	0	0	0	0	0
Dissulfurispira	0	0	0	0	0	0	0	0	0	0	0	0	0	0	0	0	0	0	0	0	0	0	0	0	0	0	0	0	0	0	0	0	0	0	0	0	0	0	0	0	0	0	0	0	0	0	0	0	0	0	0	0	0	0	0	0	0	0	0	0	0	0	0	0	0	0	0	0	0	0	0	0	0	0	0	0	0	0	0	0	0
Dokdonella	0	0	0	0	0	0	0	0	0	0	0	0	0	0	0	0	0	0	0	0	0	0	0	0	0	0	0	0	0	0	0	0	0	0	0	0	0	0	0	0	0	0	0	0	0	0	0	0	0	0	0	0	0	0	0	0	0	0	0	0	0	0	0	0	0	0	0	0	0	0	0	0	0	0	0	0	0	0	0	0	0
Dokdonia	0.05702374942542614	0.0003688314631094	0.0009982358327946001	0.0004548093671376	0.0007907743874156	0.0012838122045886	0.0005262620470808	0.0008956513333574	0.0002169945605617	0.000585959205116	0.000733973608183	0.0006512801102119	0.0003322060819666	0.0006970997528937	0.0007807464652345	0.0004161810397408	0.0004613537112966	0.0012111452427026	0.0004265719014201	0.0008492096681558	0.0005132335822404	0.0005295884163437	0.0037369369358396	0.0006633042564108	0.0006862415143281001	0.0003391042647795	0.0006754947395847	0.0009386028659564	0.0007365242606798	0.0009459374698037	0.0005972130059721	0.000819348683721	0.0007912486971737	0.0014092035570241	0.0011823800307293	0.0004010025062656	0.0016919239091517	0.0015647136438431	0.0006979350267277	0.0001344232821124	1.16996346416822e-05	0.0003994970588187	0.0007645483796454	0.0004533677525315	0.001160252728317	0.0004541613566487	0.000543303156844	0.0002471642594223	0.0013235620697312	0.0015436260100565	0.0004258527181951	0.0009104409052713	0.0006183791171146999	0.000522786707875	0.0007211847518642	5.797667729816017e-05	0.0004735587328165	0.0007457854752787	0.0004622691985215	0.0004487788218046	0.0008108241856546	0.0009391939032898	0.0001367569734267	0.001606160272674	0.0015254642670351	0.0007880071258797	0.0005787134931947	0.0004437825413337	0.0007871024449835001	0.0003379374129747	0.0003438858190198	0.0002958530864577	0.0002972772109992	0.0005774447398812	0.0007173572338624	0.0002048062116682	0.0008254956032343	0.0004012843863077	0.0004778089147983	0.0003831859493524	0.000521753505047
Dolichospermum	0	0	0	0	0	0	0	0	0	0	0	0	0	0	0	0	0	0	0	0	0	0	0	0	0	0	0	0	0	0	0	0	0	0	0	0	0	0	0	0	0	0	0	0	0	0	0	0	0	0	0	0	0	0	0	0	0	0	0	0	0	0	0	0	0	0	0	0	0	0	0	0	0	0	0	0	0	0	0	0	0
Dolosigranulum	0	0	0	0	0	0	0	0	0	0	0	0	0	0	0	0	0	0	0	0	0	0	0	0	0	0	0	0	0	0	0	0	0	0	0	0	0	0	0	0	0	0	0	0	0	0	0	0	0	0	0	0	0	0	0	0	0	0	0	0	0	0	0	0	0	0	0	0	0	0	0	0	0	0	0	0	0	0	0	0	0
Domibacillus	0	0	0	0	0	0	0	0	0	0	0	0	0	0	0	0	0	0	0	0	0	0	0	0	0	0	0	0	0	0	0	0	0	0	0	0	0	0	0	0	0	0	0	0	0	0	0	0	0	0	0	0	0	0	0	0	0	0	0	0	0	0	0	0	0	0	0	0	0	0	0	0	0	0	0	0	0	0	0	0	0
Donghicola	0	0	0	0	0	0	0	0	0	0	0	0	0	0	0	0	0	0	0	0	0	0	0	0	0	0	0	0	0	0	0	0	0	0	0	0	0	0	0	0	0	0	0	0	0	0	0	0	0	0	0	0	0	0	0	0	0	0	0	0	0	0	0	0	0	0	0	0	0	0	0	0	0	0	0	0	0	0	0	0	0
Dongia	0	0	0	0	0	0	0	0	0	0	0	0	0	0	0	0	0	0	0	0	0	0	0	0	0	0	0	0	0	0	0	0	0	0	0	0	0	0	0	0	0	0	0	0	0	0	0	0	0	0	0	0	0	0	0	0	0	0	0	0	0	0	0	0	0	0	0	0	0	0	0	0	0	0	0	0	0	0	0	0	0
Dongshaea	0	0	0	0	0	0	0	0	0	0	0	0	0	0	0	0	0	0	0	0	0	0	0	0	0	0	0	0	0	0	0	0	0	0	0	0	0	0	0	0	0	0	0	0	0	0	0	0	0	0	0	0	0	0	0	0	0	0	0	0	0	0	0	0	0	0	0	0	0	0	0	0	0	0	0	0	0	0	0	0	0
Dorea	0	0	0	0	0	0	0	0	0	0	0	0	0	0	0	0	0	0	0	0	0	0	0	0	0	0	0	0	0	0	0	0	0	0	0	0	0	0	0	0	0	0	0	0	0	0	0	0	0	0	0	0	0	0	0	0	0	0	0	0	0	0	0	0	0	0	0	0	0	0	0	0	0	0	0	0	0	0	0	0	0
Draconibacterium	0	0	0	0	0	0	0	0	0	0	0	0	0	0	0	0	0	0	0	0	0	0	0	0	0	0	0	0	0	0	0	0	0	0	0	0	0	0	0	0	0	0	0	0	0	0	0	0	0	0	0	0	0	0	0	0	0	0	0	0	0	0	0	0	0	0	0	0	0	0	0	0	0	0	0	0	0	0	0	0	0
Drancourtella	0	0	0	0	0	0	0	0	0	0	0	0	0	0	0	0	0	0	0	0	0	0	0	0	0	0	0	0	0	0	0	0	0	0	0	0	0	0	0	0	0	0	0	0	0	0	0	0	0	0	0	0	0	0	0	0	0	0	0	0	0	0	0	0	0	0	0	0	0	0	0	0	0	0	0	0	0	0	0	0	0
Dryocola	0	0	0	0	0	0	0	0	0	0	0	0	0	0	0	0	0	0	0	0	0	0	0	0	0	0	0	0	0	0	0	0	0	0	0	0	0	0	0	0	0	0	0	0	0	0	0	0	0	0	0	0	0	0	0	0	0	0	0	0	0	0	0	0	0	0	0	0	0	0	0	0	0	0	0	0	0	0	0	0	0
Dubosiella	0	0	0	0	0	0	0	0	0	0	0	0	0	0	0	0	0	0	0	0	0	0	0	0	0	0	0	0	0	0	0	0	0	0	0	0	0	0	0	0	0	0	0	0	0	0	0	0	0	0	0	0	0	0	0	0	0	0	0	0	0	0	0	0	0	0	0	0	0	0	0	0	0	0	0	0	0	0	0	0	0
Duffyella	0	0	0	0	0	0	0	0	0	0	0	0	0	0	0	0	0	0	0	0	0	0	0	0	0	0	0	0	0	0	0	0	0	0	0	0	0	0	0	0	0	0	0	0	0	0	0	0	0	0	0	0	0	0	0	0	0	0	0	0	0	0	0	0	0	0	0	0	0	0	0	0	0	0	0	0	0	0	0	0	0
Duganella	0	0	0	0	0	0	0	0	0	0	0	0	0	0	0	0	0	0	0	0	0	0	0	0	0	0	0	0	0	0	0	0	0	0	0	0	0	0	0	0	0	0	0	0	0	0	0	0	0	0	0	0	0	0	0	0	0	0	0	0	0	0	0	0	0	0	0	0	0	0	0	0	0	0	0	0	0	0	0	0	0
Duncaniella	0	0	0	0	0	0	0	0	0	0	0	0	0	0	0	0	0	0	0	0	0	0	0	0	0	0	0	0	0	0	0	0	0	0	0	0	0	0	0	0	0	0	0	0	0	0	0	0	0	0	0	0	0	0	0	0	0	0	0	0	0	0	0	0	0	0	0	0	0	0	0	0	0	0	0	0	0	0	0	0	0
Duodenibacillus	0	0	0	0	0	0	0	0	0	0	0	0	0	0	0	0	0	0	0	0	0	0	0	0	0	0	0	0	0	0	0	0	0	0	0	0	0	0	0	0	0	0	0	0	0	0	0	0	0	0	0	0	0	0	0	0	0	0	0	0	0	0	0	0	0	0	0	0	0	0	0	0	0	0	0	0	0	0	0	0	0
Dyadobacter	0	0	0	0	0	0	0	0	0	0	0	0	0	0	0	0	0	0	0	0	0	0	0	0	0	0	0	0	0	0	0	0	0	0	0	0	0	0	0	0	0	0	0	0	0	0	0	0	0	0	0	0	0	0	0	0	0	0	0	0	0	0	0	0	0	0	0	0	0	0	0	0	0	0	0	0	0	0	0	0	0
Dyella	0.04564090777333508	0.0001964227658295	0.0005319435466494	0.0002854654538416	0.0004518710785232	0.0003897287049644	0.0003613142412793	0.0009122654390352	0.000746526062828	0.0009597607670003	0.0004684937924572	0.0003601195903524	0.0026752971038377	0.0010638574587072	0.0013622196551949	0.0006840790486951	0.0007960613057666	0.0004524879223784	0.0011770818633173	0.0013796983273564	0.0004935110690364	0.0005057050171752	0.0001038376381291	0.0006695618437355	0.0004646084893657	0.0004119247318956	0.0006501636868502	5.585476304527453e-05	0.0010336191695124	0.0004543212220562	0.0009511170095111	0.0005142119325421	0.0002991065016793	0.0003023578513155	0.0002726158904773	0.0005442176870748	0.0006377551020408	0.0002429020426764	0.0004572034265997	0.0006437614994917	1.797489322222084e-05	0.0004632639836233	0.0008231095321289	0.000319353385431	0.0003877082136703	0.0002614868417068	0.0006612294234458	0.0011059818443772	0.0009415944925605	0.0004449716946241	0.0002983933199418	6.948796612024257e-05	0.0009840680626315001	0.0006052681374237	0.0007814508871175	9.134980666726916e-05	0.0011750769702553	0.0004393126221838	0.0005534930536621	0.0005393675862988	0.0004929658781327	0.0004959982549171	3.77260616349532e-05	0.0004512448590317	3.638061179942108e-05	0.0003227857537739	0.0011787948692152	0.0001775130165335	0.0010602294763658	0.0003887550690611	0.0002213935088149	0.0003230715704118	0.0006125712226651	0.0003357236859774	0.000541155422046	0.0007005066697399	0.0001696092390254	0.0002237799331561	0.0006016207138883	0.0005964803936522	0.0007456081441761
Dysgonomonas	0	0	0	0	0	0	0	0	0	0	0	0	0	0	0	0	0	0	0	0	0	0	0	0	0	0	0	0	0	0	0	0	0	0	0	0	0	0	0	0	0	0	0	0	0	0	0	0	0	0	0	0	0	0	0	0	0	0	0	0	0	0	0	0	0	0	0	0	0	0	0	0	0	0	0	0	0	0	0	0	0
Dysosmobacter	0	0	0	0	0	0	0	0	0	0	0	0	0	0	0	0	0	0	0	0	0	0	0	0	0	0	0	0	0	0	0	0	0	0	0	0	0	0	0	0	0	0	0	0	0	0	0	0	0	0	0	0	0	0	0	0	0	0	0	0	0	0	0	0	0	0	0	0	0	0	0	0	0	0	0	0	0	0	0	0	0
Echinicola	0	0	0	0	0	0	0	0	0	0	0	0	0	0	0	0	0	0	0	0	0	0	0	0	0	0	0	0	0	0	0	0	0	0	0	0	0	0	0	0	0	0	0	0	0	0	0	0	0	0	0	0	0	0	0	0	0	0	0	0	0	0	0	0	0	0	0	0	0	0	0	0	0	0	0	0	0	0	0	0	0
Ectobacillus	0	0	0	0	0	0	0	0	0	0	0	0	0	0	0	0	0	0	0	0	0	0	0	0	0	0	0	0	0	0	0	0	0	0	0	0	0	0	0	0	0	0	0	0	0	0	0	0	0	0	0	0	0	0	0	0	0	0	0	0	0	0	0	0	0	0	0	0	0	0	0	0	0	0	0	0	0	0	0	0	0
Ectopseudomonas	0	0	0	0	0	0	0	0	0	0	0	0	0	0	0	0	0	0	0	0	0	0	0	0	0	0	0	0	0	0	0	0	0	0	0	0	0	0	0	0	0	0	0	0	0	0	0	0	0	0	0	0	0	0	0	0	0	0	0	0	0	0	0	0	0	0	0	0	0	0	0	0	0	0	0	0	0	0	0	0	0
Ectothiorhodospira	0	0	0	0	0	0	0	0	0	0	0	0	0	0	0	0	0	0	0	0	0	0	0	0	0	0	0	0	0	0	0	0	0	0	0	0	0	0	0	0	0	0	0	0	0	0	0	0	0	0	0	0	0	0	0	0	0	0	0	0	0	0	0	0	0	0	0	0	0	0	0	0	0	0	0	0	0	0	0	0	0
Edaphobacter	0	0	0	0	0	0	0	0	0	0	0	0	0	0	0	0	0	0	0	0	0	0	0	0	0	0	0	0	0	0	0	0	0	0	0	0	0	0	0	0	0	0	0	0	0	0	0	0	0	0	0	0	0	0	0	0	0	0	0	0	0	0	0	0	0	0	0	0	0	0	0	0	0	0	0	0	0	0	0	0	0
Edaphocola	0	0	0	0	0	0	0	0	0	0	0	0	0	0	0	0	0	0	0	0	0	0	0	0	0	0	0	0	0	0	0	0	0	0	0	0	0	0	0	0	0	0	0	0	0	0	0	0	0	0	0	0	0	0	0	0	0	0	0	0	0	0	0	0	0	0	0	0	0	0	0	0	0	0	0	0	0	0	0	0	0
Edaphosphingomonas	0	0	0	0	0	0	0	0	0	0	0	0	0	0	0	0	0	0	0	0	0	0	0	0	0	0	0	0	0	0	0	0	0	0	0	0	0	0	0	0	0	0	0	0	0	0	0	0	0	0	0	0	0	0	0	0	0	0	0	0	0	0	0	0	0	0	0	0	0	0	0	0	0	0	0	0	0	0	0	0	0
Edwardsiella	0.1688715980107065	0.001173610632198	0.0014072936867054	0.0018724598413005	0.0015496519928179	0.0014313309982835	0.002053992915099	0.0035629704812653	0.003165853476852	0.0018285968297586	0.0018583587100804	0.001382246257438	0.0017383721382911	0.0019560410976719	0.0035861405437046	0.0027896980858637	0.0051427369582768	0.0015460708824444	0.0023605783416937	0.0020583173883701	0.0016445886578515	0.0018691355870954	0.0007134650619843	0.0029473236299012	0.0020291734729895	0.0022568910442781	0.0018962102332628	0.0005706899702451	0.0043457190656986	0.0014646773725993	0.0025436850254368	0.004092034518124	0.001099578747363	0.0016467704402006	0.0020608090111563	0.0020193340494092	0.0018077024860287	0.0014114259470084	0.002469831571856	0.0030266242113133	0.0008389701641235	0.0015489367546559	0.0022058034102111	0.0011053809144532	0.0015192418150488	0.0023983389621816	0.0021753184535654	0.0034415276628429	0.0036331334665778	0.0014718294514492	0.0016708049802042	0.0003032052108382	0.0034130968248234	0.0027000538555216	0.0027923309334019	0.0008635601723612001	0.0023840764858414	0.0012865583935383	0.0018152522185846	0.0019398490603758	0.0019337966493547	0.0014568325707251	0.0020749333899224	0.0021327257021607	0.0005806489724818	0.0027088385400041	0.0027715924681774	0.0012412858729659	0.0025425643648679	0.0027797257879277	0.0012094981444683	0.0020993735015041	0.0033466207238249	0.0020949158004995	0.0026841911332838	0.0034449099060946	0.000783513118327	0.0012155946986257	0.0024570538720832	0.0026637003857901	0.0027620218551006
Effusibacillus	0	0	0	0	0	0	0	0	0	0	0	0	0	0	0	0	0	0	0	0	0	0	0	0	0	0	0	0	0	0	0	0	0	0	0	0	0	0	0	0	0	0	0	0	0	0	0	0	0	0	0	0	0	0	0	0	0	0	0	0	0	0	0	0	0	0	0	0	0	0	0	0	0	0	0	0	0	0	0	0	0
Egbenema	0	0	0	0	0	0	0	0	0	0	0	0	0	0	0	0	0	0	0	0	0	0	0	0	0	0	0	0	0	0	0	0	0	0	0	0	0	0	0	0	0	0	0	0	0	0	0	0	0	0	0	0	0	0	0	0	0	0	0	0	0	0	0	0	0	0	0	0	0	0	0	0	0	0	0	0	0	0	0	0	0
Eggerthella	0.007899623955578942	4.618090105711161e-05	3.030058177117001e-05	0.0001403135281594	9.569034604021389e-05	1.495122909070612e-05	4.581883494484722e-05	0.0001011950073102	9.068429396609381e-05	7.071921441055535e-05	9.369875849144998e-05	5.210240881695351e-05	4.567833627041575e-05	9.884250227597868e-05	4.592626266085868e-05	0.0001364203883236	0.0003256614432681	4.144281905896045e-05	0.0001058411484726	7.433258430331117e-05	0.0001313340083811	0.0001069560919282	3.045092027248701e-06	0.0002252731436867	7.387767498748184e-05	0.0001755299319291	0.0001375114291297	1.821350968867648e-06	8.924143649342155e-05	8.476142202542503e-05	0.0001990710019907	0.000159160836263	6.85177889309512e-05	2.834604856083063e-05	2.611263318748557e-05	0.0002291442892946	2.480969504506608e-05	2.122445033095404e-05	0.0001614208016362	0.0002845992925974	2.552647558185208e-06	3.651610223854608e-05	6.181454984367425e-05	3.326597764906485e-05	8.759333716255025e-05	3.669990760798259e-05	8.212722138340146e-05	0.0001407897680253	1.776593382189652e-05	2.671499855154617e-05	0.0006560700809317	5.116691091989358e-06	0.0001646045131888	7.762958075174545e-05	0.0002290113139624	5.237388915590099e-05	4.749156346297626e-05	0.0001119201204134	6.047424104827485e-05	0.0001488987738238	0.0001199106190052	5.453383954586296e-05	9.4315154087383e-06	3.189249379623139e-05	3.241836694997918e-06	0.0001070828929186	0.0001237556546985	8.223029442361132e-05	6.455729832672449e-05	0.0001461007612484	0.0001424540200161	0.0001171578222372	0.0001531428056662	0.0001141460532323	8.383391046538362e-05	7.012009280845551e-05	9.59599655023924e-07	3.729665552601752e-05	0.0001953087534941	0.0001463299094614	0.0001291469071898
Eggerthia	0	0	0	0	0	0	0	0	0	0	0	0	0	0	0	0	0	0	0	0	0	0	0	0	0	0	0	0	0	0	0	0	0	0	0	0	0	0	0	0	0	0	0	0	0	0	0	0	0	0	0	0	0	0	0	0	0	0	0	0	0	0	0	0	0	0	0	0	0	0	0	0	0	0	0	0	0	0	0	0	0
Egibacter	0	0	0	0	0	0	0	0	0	0	0	0	0	0	0	0	0	0	0	0	0	0	0	0	0	0	0	0	0	0	0	0	0	0	0	0	0	0	0	0	0	0	0	0	0	0	0	0	0	0	0	0	0	0	0	0	0	0	0	0	0	0	0	0	0	0	0	0	0	0	0	0	0	0	0	0	0	0	0	0	0
Egicoccus	0	0	0	0	0	0	0	0	0	0	0	0	0	0	0	0	0	0	0	0	0	0	0	0	0	0	0	0	0	0	0	0	0	0	0	0	0	0	0	0	0	0	0	0	0	0	0	0	0	0	0	0	0	0	0	0	0	0	0	0	0	0	0	0	0	0	0	0	0	0	0	0	0	0	0	0	0	0	0	0	0
Ehrlichia	0.004317594367116358	4.310217431997084e-05	4.71342383107089e-05	7.257596284110703e-05	5.050323818789065e-05	4.784393309025957e-05	3.010952010661388e-05	0.0001600995638042	4.210342219854355e-05	4.041097966317448e-05	4.684937924572499e-05	2.605120440847676e-05	2.076288012291625e-05	3.901677721420211e-05	7.31706557647579e-05	4.349635569738004e-05	5.653844501183915e-05	5.328362450437771e-05	3.848769035370188e-05	5.668528011619413e-05	5.334043343808677e-05	4.257475503939722e-05	2.436073621798961e-05	7.821984155788895e-05	3.119279610582567e-05	7.771139401198386e-05	5.307458668165622e-05	1.153522280282844e-05	2.824096091563973e-05	6.272345229881452e-05	9.9535500995355e-05	8.193486837210485e-05	2.174122148770567e-05	8.503814568249186e-05	3.760219178997923e-05	7.160759040458288e-05	6.178100530830181e-05	7.90021206763289e-05	6.064943414077947e-05	5.670982214119485e-05	8.508825193950693e-07	2.888587192004391e-05	6.832134456406102e-05	4.27705426916548e-05	6.174612291786329e-05	4.862737758057694e-05	4.211652378635972e-05	2.659362284924075e-05	0.0001865423051299	5.676937192203561e-05	0.0001195549394469	1.056349128668771e-05	9.253442903588022e-05	4.851848796984091e-05	8.638146052969915e-05	9.500379893395994e-06	5.291917071588783e-05	4.28852797846113e-05	5.637429250262909e-05	8.642376382780222e-05	5.900363792322421e-05	4.674329103931111e-05	9.4315154087383e-06	9.092753550414909e-05	2.125204055609746e-05	4.764932555710003e-05	9.526514426437055e-05	3.654679752160503e-05	8.44210824272551e-05	4.065412486914453e-05	2.903521427080781e-05	3.905260741242157e-05	1.801680066662162e-05	8.057368463459834e-05	6.827192708558187e-05	4.026698398901405e-05	1.679299396291867e-05	5.318226806487684e-05	8.195992334131425e-05	2.604176354822749e-05	5.682463916354131e-05
Eikenella	0	0	0	0	0	0	0	0	0	0	0	0	0	0	0	0	0	0	0	0	0	0	0	0	0	0	0	0	0	0	0	0	0	0	0	0	0	0	0	0	0	0	0	0	0	0	0	0	0	0	0	0	0	0	0	0	0	0	0	0	0	0	0	0	0	0	0	0	0	0	0	0	0	0	0	0	0	0	0	0	0
Eisenbergiella	0	0	0	0	0	0	0	0	0	0	0	0	0	0	0	0	0	0	0	0	0	0	0	0	0	0	0	0	0	0	0	0	0	0	0	0	0	0	0	0	0	0	0	0	0	0	0	0	0	0	0	0	0	0	0	0	0	0	0	0	0	0	0	0	0	0	0	0	0	0	0	0	0	0	0	0	0	0	0	0	0
Ekhidna	0	0	0	0	0	0	0	0	0	0	0	0	0	0	0	0	0	0	0	0	0	0	0	0	0	0	0	0	0	0	0	0	0	0	0	0	0	0	0	0	0	0	0	0	0	0	0	0	0	0	0	0	0	0	0	0	0	0	0	0	0	0	0	0	0	0	0	0	0	0	0	0	0	0	0	0	0	0	0	0	0
Eleftheria	0	0	0	0	0	0	0	0	0	0	0	0	0	0	0	0	0	0	0	0	0	0	0	0	0	0	0	0	0	0	0	0	0	0	0	0	0	0	0	0	0	0	0	0	0	0	0	0	0	0	0	0	0	0	0	0	0	0	0	0	0	0	0	0	0	0	0	0	0	0	0	0	0	0	0	0	0	0	0	0	0
Elioraea	0	0	0	0	0	0	0	0	0	0	0	0	0	0	0	0	0	0	0	0	0	0	0	0	0	0	0	0	0	0	0	0	0	0	0	0	0	0	0	0	0	0	0	0	0	0	0	0	0	0	0	0	0	0	0	0	0	0	0	0	0	0	0	0	0	0	0	0	0	0	0	0	0	0	0	0	0	0	0	0	0
Elizabethkingia	0.1746707263070626	0.001036915165069	0.0064826411333764	0.0023611379910973	0.0016985036422137	0.0037098983117072	0.0038448548066576	0.0028757506555019	0.0006914677414914	0.0015356172272006	0.0012337003201374	0.0038111379625812	0.000712166788216	0.001170503316426	0.0018650733107697	0.0036892818059686	0.0004477844844937	0.0057960742655317	0.0009269118760183	0.0008935953120203	0.001156904694989	0.0012471288000564	0.0036334038069131	0.0020086855312065	0.0019470871674478	0.0007521158693187	0.0029613206887151	0.0016070386715308	0.0005185040424110999	0.002997163882819	0.0009621765096217	0.0034148946289339	0.0021622633006863	0.0153622085081339	0.0053489117821245	0.0007017543859649	0.0026011262628621	0.0114676884274274	0.0045197824458143	0.0001974341956026	5.839181289348663e-05	0.0006044232445156	0.0033217187047574	0.0019750486158501	0.0019974152785755	0.0023469590915304	0.0042790388166941	0.0005209221416939	0.0009327115256495	0.0021697587886083	0.0002815963449782	0.00194483777861	0.0023622972027909	0.0012869528934	0.0010144799434301	9.086260769837706e-05	0.0031941468683384	0.0021578617608695	0.0010280620978206	0.0007590713714514	0.0018329194619375	0.002447097847558	0.000575322439933	0.0007620270326205	0.001121315292392	0.0054130658549544	0.0021634981360973	0.0007779246901027	0.0008392448782474	0.0016782530922543	0.001021676602154	0.0017715682817089	0.0007431930274981	0.0021486315902559	0.0011234748001289	0.0004957004580716	0.0013427198172922	0.0005863863063257	0.0015258496366734	0.0015625058128936	0.0020611846387502
Ellagibacter	0	0	0	0	0	0	0	0	0	0	0	0	0	0	0	0	0	0	0	0	0	0	0	0	0	0	0	0	0	0	0	0	0	0	0	0	0	0	0	0	0	0	0	0	0	0	0	0	0	0	0	0	0	0	0	0	0	0	0	0	0	0	0	0	0	0	0	0	0	0	0	0	0	0	0	0	0	0	0	0	0
Elstera	0	0	0	0	0	0	0	0	0	0	0	0	0	0	0	0	0	0	0	0	0	0	0	0	0	0	0	0	0	0	0	0	0	0	0	0	0	0	0	0	0	0	0	0	0	0	0	0	0	0	0	0	0	0	0	0	0	0	0	0	0	0	0	0	0	0	0	0	0	0	0	0	0	0	0	0	0	0	0	0	0
Elusimicrobium	0	0	0	0	0	0	0	0	0	0	0	0	0	0	0	0	0	0	0	0	0	0	0	0	0	0	0	0	0	0	0	0	0	0	0	0	0	0	0	0	0	0	0	0	0	0	0	0	0	0	0	0	0	0	0	0	0	0	0	0	0	0	0	0	0	0	0	0	0	0	0	0	0	0	0	0	0	0	0	0	0
Embleya	0	0	0	0	0	0	0	0	0	0	0	0	0	0	0	0	0	0	0	0	0	0	0	0	0	0	0	0	0	0	0	0	0	0	0	0	0	0	0	0	0	0	0	0	0	0	0	0	0	0	0	0	0	0	0	0	0	0	0	0	0	0	0	0	0	0	0	0	0	0	0	0	0	0	0	0	0	0	0	0	0
Emcibacter	0	0	0	0	0	0	0	0	0	0	0	0	0	0	0	0	0	0	0	0	0	0	0	0	0	0	0	0	0	0	0	0	0	0	0	0	0	0	0	0	0	0	0	0	0	0	0	0	0	0	0	0	0	0	0	0	0	0	0	0	0	0	0	0	0	0	0	0	0	0	0	0	0	0	0	0	0	0	0	0	0
Emergencia	0	0	0	0	0	0	0	0	0	0	0	0	0	0	0	0	0	0	0	0	0	0	0	0	0	0	0	0	0	0	0	0	0	0	0	0	0	0	0	0	0	0	0	0	0	0	0	0	0	0	0	0	0	0	0	0	0	0	0	0	0	0	0	0	0	0	0	0	0	0	0	0	0	0	0	0	0	0	0	0	0
Empedobacter	0	0	0	0	0	0	0	0	0	0	0	0	0	0	0	0	0	0	0	0	0	0	0	0	0	0	0	0	0	0	0	0	0	0	0	0	0	0	0	0	0	0	0	0	0	0	0	0	0	0	0	0	0	0	0	0	0	0	0	0	0	0	0	0	0	0	0	0	0	0	0	0	0	0	0	0	0	0	0	0	0
Emticicia	0	0	0	0	0	0	0	0	0	0	0	0	0	0	0	0	0	0	0	0	0	0	0	0	0	0	0	0	0	0	0	0	0	0	0	0	0	0	0	0	0	0	0	0	0	0	0	0	0	0	0	0	0	0	0	0	0	0	0	0	0	0	0	0	0	0	0	0	0	0	0	0	0	0	0	0	0	0	0	0	0
Endobacter	0	0	0	0	0	0	0	0	0	0	0	0	0	0	0	0	0	0	0	0	0	0	0	0	0	0	0	0	0	0	0	0	0	0	0	0	0	0	0	0	0	0	0	0	0	0	0	0	0	0	0	0	0	0	0	0	0	0	0	0	0	0	0	0	0	0	0	0	0	0	0	0	0	0	0	0	0	0	0	0	0
Endomicrobium	0	0	0	0	0	0	0	0	0	0	0	0	0	0	0	0	0	0	0	0	0	0	0	0	0	0	0	0	0	0	0	0	0	0	0	0	0	0	0	0	0	0	0	0	0	0	0	0	0	0	0	0	0	0	0	0	0	0	0	0	0	0	0	0	0	0	0	0	0	0	0	0	0	0	0	0	0	0	0	0	0
Endozoicomonas	0	0	0	0	0	0	0	0	0	0	0	0	0	0	0	0	0	0	0	0	0	0	0	0	0	0	0	0	0	0	0	0	0	0	0	0	0	0	0	0	0	0	0	0	0	0	0	0	0	0	0	0	0	0	0	0	0	0	0	0	0	0	0	0	0	0	0	0	0	0	0	0	0	0	0	0	0	0	0	0	0
Enemella	0	0	0	0	0	0	0	0	0	0	0	0	0	0	0	0	0	0	0	0	0	0	0	0	0	0	0	0	0	0	0	0	0	0	0	0	0	0	0	0	0	0	0	0	0	0	0	0	0	0	0	0	0	0	0	0	0	0	0	0	0	0	0	0	0	0	0	0	0	0	0	0	0	0	0	0	0	0	0	0	0
Engelhardtia	0	0	0	0	0	0	0	0	0	0	0	0	0	0	0	0	0	0	0	0	0	0	0	0	0	0	0	0	0	0	0	0	0	0	0	0	0	0	0	0	0	0	0	0	0	0	0	0	0	0	0	0	0	0	0	0	0	0	0	0	0	0	0	0	0	0	0	0	0	0	0	0	0	0	0	0	0	0	0	0	0
Enhydrobacter	0	0	0	0	0	0	0	0	0	0	0	0	0	0	0	0	0	0	0	0	0	0	0	0	0	0	0	0	0	0	0	0	0	0	0	0	0	0	0	0	0	0	0	0	0	0	0	0	0	0	0	0	0	0	0	0	0	0	0	0	0	0	0	0	0	0	0	0	0	0	0	0	0	0	0	0	0	0	0	0	0
Enhygromyxa	0	0	0	0	0	0	0	0	0	0	0	0	0	0	0	0	0	0	0	0	0	0	0	0	0	0	0	0	0	0	0	0	0	0	0	0	0	0	0	0	0	0	0	0	0	0	0	0	0	0	0	0	0	0	0	0	0	0	0	0	0	0	0	0	0	0	0	0	0	0	0	0	0	0	0	0	0	0	0	0	0
Enorma	0	0	0	0	0	0	0	0	0	0	0	0	0	0	0	0	0	0	0	0	0	0	0	0	0	0	0	0	0	0	0	0	0	0	0	0	0	0	0	0	0	0	0	0	0	0	0	0	0	0	0	0	0	0	0	0	0	0	0	0	0	0	0	0	0	0	0	0	0	0	0	0	0	0	0	0	0	0	0	0	0
Ensifer	0	0	0	0	0	0	0	0	0	0	0	0	0	0	0	0	0	0	0	0	0	0	0	0	0	0	0	0	0	0	0	0	0	0	0	0	0	0	0	0	0	0	0	0	0	0	0	0	0	0	0	0	0	0	0	0	0	0	0	0	0	0	0	0	0	0	0	0	0	0	0	0	0	0	0	0	0	0	0	0	0
Enteractinococcus	0	0	0	0	0	0	0	0	0	0	0	0	0	0	0	0	0	0	0	0	0	0	0	0	0	0	0	0	0	0	0	0	0	0	0	0	0	0	0	0	0	0	0	0	0	0	0	0	0	0	0	0	0	0	0	0	0	0	0	0	0	0	0	0	0	0	0	0	0	0	0	0	0	0	0	0	0	0	0	0	0
Enterobacter	1.21260221612845	0.0031316808370195	0.0068664485024779	0.0912521772788852	0.0053892271276814	0.0057073825182255	0.0334385857427494	0.008951982213844601	0.0509078955252159	0.008344867300445501	0.0065276801749043	0.0204747142412739	0.0060772950119775	0.0032826115229548	0.0207049603477318	0.0112952127317787	0.0168326258489247	0.0055254272839222	0.0073607707801454	0.0052391102763995	0.0034303725806863	0.0037798075205708	0.0018578106458244	0.0210880692840068	0.0268668478037808	0.0196033784349251	0.0074075235639102	0.0018990619435393	0.0040407166878097	0.003404018708541	0.0050320725503207	0.0336479192781443	0.0078505574317424	0.0150976453882328	0.0043743883115675	0.0149516648764769	0.0030584029950653	0.0052259313259326	0.02274820314388	0.008593638418174	0.0042579224873678	0.004418448370864	0.0102156677110072	0.0033969315462216	0.0040996553704767	0.0195206808566859	0.0421796985720392	0.0090715540531027	0.0058627581612258	0.0034211895020073	0.0022132484657939	0.0020960277476507	0.008594135096707299	0.0216416715589475	0.007041093468758	0.0159596638229674	0.0407260510222219	0.005540568951685	0.0057840024107697	0.0049584332933493	0.005604076707267	0.0067647929531891	0.0870481714649501	0.0046603754764365	0.0015261846751895	0.0422921067611318	0.0163580046314886	0.0101913355374532	0.0303195834564474	0.0359700074193777	0.0141301684949778	0.0328905793276797	0.0271242934035988	0.0186192356243117	0.0133752737152076	0.005514494031461	0.0439386288040629	0.0024871343805405	0.0251651841220958	0.0125794118777723	0.0237750846342731
Enterocloster	0	0	0	0	0	0	0	0	0	0	0	0	0	0	0	0	0	0	0	0	0	0	0	0	0	0	0	0	0	0	0	0	0	0	0	0	0	0	0	0	0	0	0	0	0	0	0	0	0	0	0	0	0	0	0	0	0	0	0	0	0	0	0	0	0	0	0	0	0	0	0	0	0	0	0	0	0	0	0	0	0
Enterococcus	0.4031593384321402	0.0033010108075623	0.0006447290454643	0.0088397522740468	0.0064258725431171	0.0014422952329501	0.0013562375143674	0.0010164811928323	0.0021748036927939	0.0154976107008274	0.0104474115717966	0.018441187873624	0.009944900506873799	0.0050721810378462	0.0005020752443432	0.0010715920358172	0.0019471840462077	0.0061910497043181	0.0084929503380502	0.0074145415925569	0.008883199242655401	0.0103124363974696	0.0004104784052731	0.0020931629600891	0.0100867652249575	0.0023900329431098	0.0134073643401502	0.0003509136200018	0.0005275411499041	0.0065605340647678	0.0056735235567352	0.001577481661187	0.0028507353144637	0.0007437463217627	0.0019876936382314	0.0081059792337987	0.0009899554787589999	0.0039306502876797	0.0021628521282819	0.0007183244137884	0.0001526270519164	0.005887812723627	0.008601982620351299	0.0057768746328861	0.0054954049396898	0.0004688413196919	0.0009834208304114001	0.0010637449139696	0.0014834554741283	0.002246564409444	0.0258515325263539	0.0011164289853618	0.0019183098942438	0.0016168786115949	0.012979316662381	0.000306935350402	0.0006675956921081	0.0096847513542857	0.0048943135763646	0.0328941340130614	0.007020798465144	0.0041125439949586	0.001061045483483	0.0015824105432513	0.0003151785675692	0.0013101002736505	0.0027422116292921	0.0121661678463885	0.0037964657362139	0.0026107570814403	0.0127872898349529	0.003436629452293	0.001594486858996	0.0029409394891628	0.0059185736789633	0.0029325472477516	0.000111073660069	0.013421961237724	0.0016235040134205	0.0028422724786922	0.0007542179379888
Enterorhabdus	0	0	0	0	0	0	0	0	0	0	0	0	0	0	0	0	0	0	0	0	0	0	0	0	0	0	0	0	0	0	0	0	0	0	0	0	0	0	0	0	0	0	0	0	0	0	0	0	0	0	0	0	0	0	0	0	0	0	0	0	0	0	0	0	0	0	0	0	0	0	0	0	0	0	0	0	0	0	0	0	0
Enterovibrio	0	0	0	0	0	0	0	0	0	0	0	0	0	0	0	0	0	0	0	0	0	0	0	0	0	0	0	0	0	0	0	0	0	0	0	0	0	0	0	0	0	0	0	0	0	0	0	0	0	0	0	0	0	0	0	0	0	0	0	0	0	0	0	0	0	0	0	0	0	0	0	0	0	0	0	0	0	0	0	0	0
Enterovirga	0	0	0	0	0	0	0	0	0	0	0	0	0	0	0	0	0	0	0	0	0	0	0	0	0	0	0	0	0	0	0	0	0	0	0	0	0	0	0	0	0	0	0	0	0	0	0	0	0	0	0	0	0	0	0	0	0	0	0	0	0	0	0	0	0	0	0	0	0	0	0	0	0	0	0	0	0	0	0	0	0
Entomobacter	0	0	0	0	0	0	0	0	0	0	0	0	0	0	0	0	0	0	0	0	0	0	0	0	0	0	0	0	0	0	0	0	0	0	0	0	0	0	0	0	0	0	0	0	0	0	0	0	0	0	0	0	0	0	0	0	0	0	0	0	0	0	0	0	0	0	0	0	0	0	0	0	0	0	0	0	0	0	0	0	0
Entomomonas	0	0	0	0	0	0	0	0	0	0	0	0	0	0	0	0	0	0	0	0	0	0	0	0	0	0	0	0	0	0	0	0	0	0	0	0	0	0	0	0	0	0	0	0	0	0	0	0	0	0	0	0	0	0	0	0	0	0	0	0	0	0	0	0	0	0	0	0	0	0	0	0	0	0	0	0	0	0	0	0	0
Entomoplasma	0	0	0	0	0	0	0	0	0	0	0	0	0	0	0	0	0	0	0	0	0	0	0	0	0	0	0	0	0	0	0	0	0	0	0	0	0	0	0	0	0	0	0	0	0	0	0	0	0	0	0	0	0	0	0	0	0	0	0	0	0	0	0	0	0	0	0	0	0	0	0	0	0	0	0	0	0	0	0	0	0
Entomospira	0	0	0	0	0	0	0	0	0	0	0	0	0	0	0	0	0	0	0	0	0	0	0	0	0	0	0	0	0	0	0	0	0	0	0	0	0	0	0	0	0	0	0	0	0	0	0	0	0	0	0	0	0	0	0	0	0	0	0	0	0	0	0	0	0	0	0	0	0	0	0	0	0	0	0	0	0	0	0	0	0
Eoetvoesiella	0	0	0	0	0	0	0	0	0	0	0	0	0	0	0	0	0	0	0	0	0	0	0	0	0	0	0	0	0	0	0	0	0	0	0	0	0	0	0	0	0	0	0	0	0	0	0	0	0	0	0	0	0	0	0	0	0	0	0	0	0	0	0	0	0	0	0	0	0	0	0	0	0	0	0	0	0	0	0	0	0
Ephemeroptericola	0	0	0	0	0	0	0	0	0	0	0	0	0	0	0	0	0	0	0	0	0	0	0	0	0	0	0	0	0	0	0	0	0	0	0	0	0	0	0	0	0	0	0	0	0	0	0	0	0	0	0	0	0	0	0	0	0	0	0	0	0	0	0	0	0	0	0	0	0	0	0	0	0	0	0	0	0	0	0	0	0
Epidermidibacterium	0	0	0	0	0	0	0	0	0	0	0	0	0	0	0	0	0	0	0	0	0	0	0	0	0	0	0	0	0	0	0	0	0	0	0	0	0	0	0	0	0	0	0	0	0	0	0	0	0	0	0	0	0	0	0	0	0	0	0	0	0	0	0	0	0	0	0	0	0	0	0	0	0	0	0	0	0	0	0	0	0
Epilithonimonas	0	0	0	0	0	0	0	0	0	0	0	0	0	0	0	0	0	0	0	0	0	0	0	0	0	0	0	0	0	0	0	0	0	0	0	0	0	0	0	0	0	0	0	0	0	0	0	0	0	0	0	0	0	0	0	0	0	0	0	0	0	0	0	0	0	0	0	0	0	0	0	0	0	0	0	0	0	0	0	0	0
Epulopiscium	0	0	0	0	0	0	0	0	0	0	0	0	0	0	0	0	0	0	0	0	0	0	0	0	0	0	0	0	0	0	0	0	0	0	0	0	0	0	0	0	0	0	0	0	0	0	0	0	0	0	0	0	0	0	0	0	0	0	0	0	0	0	0	0	0	0	0	0	0	0	0	0	0	0	0	0	0	0	0	0	0
Ereboglobus	0	0	0	0	0	0	0	0	0	0	0	0	0	0	0	0	0	0	0	0	0	0	0	0	0	0	0	0	0	0	0	0	0	0	0	0	0	0	0	0	0	0	0	0	0	0	0	0	0	0	0	0	0	0	0	0	0	0	0	0	0	0	0	0	0	0	0	0	0	0	0	0	0	0	0	0	0	0	0	0	0
Eremococcus	0	0	0	0	0	0	0	0	0	0	0	0	0	0	0	0	0	0	0	0	0	0	0	0	0	0	0	0	0	0	0	0	0	0	0	0	0	0	0	0	0	0	0	0	0	0	0	0	0	0	0	0	0	0	0	0	0	0	0	0	0	0	0	0	0	0	0	0	0	0	0	0	0	0	0	0	0	0	0	0	0
Erwinia	0.04882779969251299	0.0005904997881836	0.0004949095022624	0.0006193148829107	0.00051566464255	0.0004614946045997	0.0007880839610513	0.0010043982068848	0.0007546228747892	0.0005455482254528	0.0006558913094401	0.0005348159022681	0.000356602466111	0.0004682013265704	0.0006896723511444	0.0007433922610097	0.0008797382043842	0.00056835866138	0.0005709007402465	0.0006647151243814	0.0005428173520464	0.0005337420509817	0.0003651065340671	0.0007008497803586	0.0007010170493256	0.0007032066003601	0.0006381012807862	0.000265310124465	0.0008822476190045	0.0004865305624259	0.0006414510064145	0.0010350163257579	0.0004532715267739	0.0004656850834993	0.0004909175039247	0.0008592910848549	0.0005030044054234	0.0004415864804967	0.000730592414342	0.000594402950591	0.0007509038233661	0.000493239888446	0.0006604396641192	0.000370678036661	0.0004480183802412	0.0008652003218581	0.000629642030606	0.0006961271863477	0.0007817010881634	0.0004817048176325	0.0005118137077148	0.0001353447321106	0.0008808565840914999	0.0008903142542465	0.0006910516842375	0.00034737286482	0.0006214610304583	0.0003493581328795	0.0005299183495247	0.0005872650939624	0.0004923314304130999	0.0004319426338632	0.0008676994176039	0.0005713506335409	0.0003155387716464	0.0006650411244421	0.0006570623968888	0.0005247075929887	0.0006828175784557	0.0009185291337622	0.0004491384707515	0.0007041303457694	0.0007386888273314	0.0005975881610399	0.0007765931705984	0.0008810138393458	0.000272286402113	0.0004302928961612	0.000730663997447	0.0006907267760171999	0.0007662716493265
Erysipelatoclostridium	0	0	0	0	0	0	0	0	0	0	0	0	0	0	0	0	0	0	0	0	0	0	0	0	0	0	0	0	0	0	0	0	0	0	0	0	0	0	0	0	0	0	0	0	0	0	0	0	0	0	0	0	0	0	0	0	0	0	0	0	0	0	0	0	0	0	0	0	0	0	0	0	0	0	0	0	0	0	0	0	0
Erysipelothrix	0.006070487770386155	2.709279528683881e-05	2.020038784744667e-05	9.676795045480936e-06	6.246453144291739e-05	1.993497212094149e-05	7.854657419116665e-05	0.0001616099370476	3.886469741404019e-05	7.071921441055535e-05	3.123291949715e-05	2.451878061974283e-05	2.335824013828078e-05	3.121342177136169e-05	2.957962679851915e-05	5.437044462172505e-05	0.0001085538144227	3.129355724860278e-05	7.697538070740375e-05	3.903797592907709e-05	6.140873429426796e-05	7.061178884582954e-05	1.522546013624351e-06	0.0001032501908564	4.432660499248911e-05	0.0001130347549265	9.408676729929964e-05	2.428467958490197e-06	3.614842997201886e-05	4.746639633423802e-05	0.0001548330015483	0.0002778251283881	3.030594510407457e-05	4.049435508690088e-05	2.089010654998846e-05	0.00015753669889	3.891716869814287e-05	3.950106033816445e-05	0.0001101020496709	3.885672998563352e-05	2.552647558185208e-06	1.962059224757699e-05	8.458833136502793e-05	3.801826017035983e-05	5.169442848937392e-05	2.293744225498912e-05	8.212722138340146e-05	9.07311838385861e-05	7.106373528758606e-05	2.254078002786708e-05	0.0005967866398837	1.650545513544954e-06	0.0001717225461915	0.0001249351065223	0.0001185233993314	1.875716030234593e-05	6.784509066139465e-06	6.275894602626043e-05	3.074961409234314e-05	9.058876449420233e-05	5.900363792322421e-05	2.423726202038353e-05	0	0.0006107073280129	2.161224463331945e-06	6.814365913004628e-05	6.58843053790974e-05	3.915728305886253e-05	5.710837928902551e-05	8.130824973828906e-05	5.988512943354112e-05	6.745450371236452e-05	0.000117109204333	0.0001611473692691	6.525993030239444e-05	6.456602605135013e-05	9.59599655023924e-07	5.456362567695157e-05	0.0001900772690256	9.300629838652672e-05	5.682463916354131e-05
Erythrobacter	0.001360139005785589	1.785661507541649e-05	6.733462615815557e-06	9.676795045480936e-06	1.329032583891859e-05	1.495122909070612e-05	6.545547849263888e-06	3.624895784246203e-05	1.457426153026507e-05	1.010274491579362e-05	1.5616459748575e-05	1.072696652113749e-05	1.972473611677044e-05	4.161789569514892e-05	5.91592535970383e-05	1.680541015580592e-05	1.35692268028414e-05	2.706469816095376e-05	1.924384517685094e-05	1.016056907743102e-05	1.568836277590788e-05	1.765294721145738e-05	3.654110432698442e-06	4.693190493473336e-05	2.298416555166101e-05	5.977799539383374e-06	1.326864667041406e-05	3.035584948112747e-06	3.727806840864444e-05	2.373319816711901e-05	0	1.412670144346635e-05	8.5647236163689e-06	1.619774203476036e-05	1.775659056749019e-05	1.432151808091658e-05	2.286383661015893e-05	6.485248712235954e-06	6.531477522853174e-06	2.205381972157577e-05	1.063603149243837e-07	1.689550999096908e-05	1.626698680096691e-05	1.520730406814393e-05	1.723147616312464e-05	6.422483831396955e-06	1.684660951454389e-05	4.536559191929305e-05	1.776593382189652e-05	2.588015484681035e-05	4.940286754004349e-06	2.475818270317431e-06	1.512582013086504e-05	1.212962199246023e-05	1.406209822576498e-05	2.923193813352614e-06	1.628282175873472e-05	1.673571894033612e-05	2.664966554669739e-05	1.249500199920032e-05	1.268895439209123e-05	1.384986401164774e-05	0	5.292796842778827e-05	2.161224463331945e-06	6.148300071883875e-06	2.492919662992875e-05	9.136699380401256e-06	6.207432531415816e-05	8.893089815125366e-06	4.536752229813721e-06	1.775118518746435e-05	2.702520099993244e-05	3.357236859774931e-05	1.556198337980175e-05	3.540717557654684e-05	1.919199310047848e-06	1.657629134489668e-05	6.975312624792703e-06	6.200419892435115e-06	1.721958762531555e-05
Escherichia	0.08989576232196909	0.000578184881235	0.0005959114414996	0.0017756918908457	0.0012918196715428	0.0008153403597465	0.0011808168320072	0.0012415268061043	0.0011788958215592	0.0010203772364951	0.0010150698836573	0.001969164568523	0.0004012426583753	0.0005072181037846	0.0005985982370542	0.0008481789360989	0.0062441058671075	0.0006098014804389	0.0016774218379155	0.0006379767847039	0.0007705227317653	0.0007030026624798	0.0002542651842752	0.0025624820094364	0.0014709865953063	0.0007157056357607	0.0010337481996858	0.0001420653755716	0.0003208173160016	0.0004848353339854	0.0009068790090687	0.0038396374523341	0.0008874371316345	0.0010892981518376	0.0003227521461973	0.0030218403150733	0.0003643619919363	0.0006143299234681	0.0009209383307222	0.0011856553555075	0.000362795034207	0.0006829056135059	0.0016852598325801	0.0006177967277683	0.0008472142446869	0.0022818167555263	0.0015793696419884	0.0012483359431584	0.0005418609815678	0.000451650444262	0.0003764498506551	0.000150859859938	0.0034647025640934	0.0012796751202045	0.0011611275392131	0.0006971817244845	0.0010081780472283	0.0009539359795991	0.0009470881140441	0.0013817389710782	0.000973877249593	0.0006102596330131999	0.0038622055598783	0.0003141749920777	0.0001203081617921	0.0013859293078704	0.0004683127652622	0.0003576365186042	0.0007200621736442	0.0013720767143336	0.0009254974548819	0.0007408161284901	0.0009774114361642001	0.0011078881637257	0.0011887347304313	0.0007449392037967	0.0011212921968954	0.0005076489224374	0.0011212815044354	0.0009635452512844	0.0027930171128261
Eshraghiella	0	0	0	0	0	0	0	0	0	0	0	0	0	0	0	0	0	0	0	0	0	0	0	0	0	0	0	0	0	0	0	0	0	0	0	0	0	0	0	0	0	0	0	0	0	0	0	0	0	0	0	0	0	0	0	0	0	0	0	0	0	0	0	0	0	0	0	0	0	0	0	0	0	0	0	0	0	0	0	0	0
Ethanoligenens	0	0	0	0	0	0	0	0	0	0	0	0	0	0	0	0	0	0	0	0	0	0	0	0	0	0	0	0	0	0	0	0	0	0	0	0	0	0	0	0	0	0	0	0	0	0	0	0	0	0	0	0	0	0	0	0	0	0	0	0	0	0	0	0	0	0	0	0	0	0	0	0	0	0	0	0	0	0	0	0	0
Eubacterium	0.0001121837995168922	0	0	4.838397522740468e-06	2.658065167783718e-06	0	1.309109569852777e-06	1.510373243435918e-06	1.619362392251675e-06	0	0	3.064847577467853e-06	5.190720030729063e-07	0	7.784112315399777e-07	0	0	0	3.207307529475156e-06	1.069533587098002e-06	1.344716809363532e-06	3.11522597849248e-06	0	0	1.64172611083293e-06	2.1737452870485e-06	0	0	0	3.390456881017001e-06	0	9.417800962310902e-07	6.588248935668384e-07	4.049435508690089e-06	0	0	4.864646087267859e-07	1.768704194246169e-06	0	0	0	1.090032902643166e-06	3.253397360193382e-06	1.900913008517991e-06	2.871912693854107e-06	0	4.211652378635972e-06	0	0	0	7.904458806406959e-06	1.650545513544954e-07	8.897541253450022e-07	1.212962199246023e-06	4.017742350218565e-06	2.435994844460511e-07	1.356901813227893e-06	4.183929735084029e-06	2.049974272822876e-06	1.041250166600027e-06	3.806686317627369e-06	2.59684950218395e-06	0	0	0	1.024716678647313e-06	0	2.610485537257502e-06	0	3.8113242064823e-06	1.814700891925488e-06	1.183412345830957e-06	0	0	3.011996783187436e-06	0	2.39899913755981e-07	6.906788060373616e-07	3.487656312396352e-06	6.200419892435115e-06	5.165876287594665e-06
Eudoraea	0	0	0	0	0	0	0	0	0	0	0	0	0	0	0	0	0	0	0	0	0	0	0	0	0	0	0	0	0	0	0	0	0	0	0	0	0	0	0	0	0	0	0	0	0	0	0	0	0	0	0	0	0	0	0	0	0	0	0	0	0	0	0	0	0	0	0	0	0	0	0	0	0	0	0	0	0	0	0	0	0
Euhalothece	0	0	0	0	0	0	0	0	0	0	0	0	0	0	0	0	0	0	0	0	0	0	0	0	0	0	0	0	0	0	0	0	0	0	0	0	0	0	0	0	0	0	0	0	0	0	0	0	0	0	0	0	0	0	0	0	0	0	0	0	0	0	0	0	0	0	0	0	0	0	0	0	0	0	0	0	0	0	0	0	0
Euryhalocaulis	0	0	0	0	0	0	0	0	0	0	0	0	0	0	0	0	0	0	0	0	0	0	0	0	0	0	0	0	0	0	0	0	0	0	0	0	0	0	0	0	0	0	0	0	0	0	0	0	0	0	0	0	0	0	0	0	0	0	0	0	0	0	0	0	0	0	0	0	0	0	0	0	0	0	0	0	0	0	0	0	0
Euzebya	0	0	0	0	0	0	0	0	0	0	0	0	0	0	0	0	0	0	0	0	0	0	0	0	0	0	0	0	0	0	0	0	0	0	0	0	0	0	0	0	0	0	0	0	0	0	0	0	0	0	0	0	0	0	0	0	0	0	0	0	0	0	0	0	0	0	0	0	0	0	0	0	0	0	0	0	0	0	0	0	0
Euzebyella	0	0	0	0	0	0	0	0	0	0	0	0	0	0	0	0	0	0	0	0	0	0	0	0	0	0	0	0	0	0	0	0	0	0	0	0	0	0	0	0	0	0	0	0	0	0	0	0	0	0	0	0	0	0	0	0	0	0	0	0	0	0	0	0	0	0	0	0	0	0	0	0	0	0	0	0	0	0	0	0	0
Evansella	0	0	0	0	0	0	0	0	0	0	0	0	0	0	0	0	0	0	0	0	0	0	0	0	0	0	0	0	0	0	0	0	0	0	0	0	0	0	0	0	0	0	0	0	0	0	0	0	0	0	0	0	0	0	0	0	0	0	0	0	0	0	0	0	0	0	0	0	0	0	0	0	0	0	0	0	0	0	0	0	0
Evtepia	0	0	0	0	0	0	0	0	0	0	0	0	0	0	0	0	0	0	0	0	0	0	0	0	0	0	0	0	0	0	0	0	0	0	0	0	0	0	0	0	0	0	0	0	0	0	0	0	0	0	0	0	0	0	0	0	0	0	0	0	0	0	0	0	0	0	0	0	0	0	0	0	0	0	0	0	0	0	0	0	0
Ewingella	0	0	0	0	0	0	0	0	0	0	0	0	0	0	0	0	0	0	0	0	0	0	0	0	0	0	0	0	0	0	0	0	0	0	0	0	0	0	0	0	0	0	0	0	0	0	0	0	0	0	0	0	0	0	0	0	0	0	0	0	0	0	0	0	0	0	0	0	0	0	0	0	0	0	0	0	0	0	0	0	0
Exercitatus	0	0	0	0	0	0	0	0	0	0	0	0	0	0	0	0	0	0	0	0	0	0	0	0	0	0	0	0	0	0	0	0	0	0	0	0	0	0	0	0	0	0	0	0	0	0	0	0	0	0	0	0	0	0	0	0	0	0	0	0	0	0	0	0	0	0	0	0	0	0	0	0	0	0	0	0	0	0	0	0	0
Exiguobacterium	0.03445300174399171	0.0002813956237746	0.0002087373410902	0.0003628798142055	0.0003349162111407	0.0001794147490884	0.0002264759555845	0.0006041492973743	0.0002526205331912	0.0006465756746107	0.0005621925509487	0.0007554849278458	0.0006747936039947	0.0003537521134087	0.0002467563603981	0.0003202913464988	0.0007236920961515	0.0004296520833051	0.0004201572863612	0.0004877073157166	0.0005670222546149001	0.0006168147437415	6.760104300492118e-05	0.0005788268275283	0.0004958012854715	0.0002679141066287	0.0005512519571253	0.0001256732168518	0.0002440019023111	0.0003746454853523	0.0006967485069674	0.0005085612519647	0.000222023989132	0.0002740118027546	0.0004345142162397	0.0005155746509128999	0.0001936129142732	0.0003578678153024	0.0003629635366271	0.0005177396725112	1.414592188494303e-05	0.0002343570740682	0.0006376658825979	0.0010236416550869	0.0003417576105686	0.0001605620957849	0.0003200855807763	0.0003629247353543	0.0004974461470131	0.0001385840549861	0.0015384052951969	8.747891221788258e-05	0.0007029057590225	0.0003784442061647	0.0008899299305734	8.038782986719687e-05	0.0002510268354471	0.0005669224791038	0.0003351707936065	0.0013078102092496	0.0005538728592147	0.000330665503278	0.0003678291009407	0.0012478786402397	7.49224480621741e-05	0.0003345699955783	0.000414893058198	0.0005521176911299	0.0003898267629729	0.0003290443231596	0.0005190044550906	0.0003053203852243	0.0002927730108326	0.0003558671071361	0.0004467795228394	0.0002547928124822	7.532857291937803e-05	0.0006637423326018999	0.0003662039128016	0.0003497036819333	0.0003133964947807
Extensimonas	0	0	0	0	0	0	0	0	0	0	0	0	0	0	0	0	0	0	0	0	0	0	0	0	0	0	0	0	0	0	0	0	0	0	0	0	0	0	0	0	0	0	0	0	0	0	0	0	0	0	0	0	0	0	0	0	0	0	0	0	0	0	0	0	0	0	0	0	0	0	0	0	0	0	0	0	0	0	0	0	0
Extibacter	0	0	0	0	0	0	0	0	0	0	0	0	0	0	0	0	0	0	0	0	0	0	0	0	0	0	0	0	0	0	0	0	0	0	0	0	0	0	0	0	0	0	0	0	0	0	0	0	0	0	0	0	0	0	0	0	0	0	0	0	0	0	0	0	0	0	0	0	0	0	0	0	0	0	0	0	0	0	0	0	0
Ezakiella	0	0	0	0	0	0	0	0	0	0	0	0	0	0	0	0	0	0	0	0	0	0	0	0	0	0	0	0	0	0	0	0	0	0	0	0	0	0	0	0	0	0	0	0	0	0	0	0	0	0	0	0	0	0	0	0	0	0	0	0	0	0	0	0	0	0	0	0	0	0	0	0	0	0	0	0	0	0	0	0	0
Facklamia	0	0	0	0	0	0	0	0	0	0	0	0	0	0	0	0	0	0	0	0	0	0	0	0	0	0	0	0	0	0	0	0	0	0	0	0	0	0	0	0	0	0	0	0	0	0	0	0	0	0	0	0	0	0	0	0	0	0	0	0	0	0	0	0	0	0	0	0	0	0	0	0	0	0	0	0	0	0	0	0	0
Faecalibacillus	0	0	0	0	0	0	0	0	0	0	0	0	0	0	0	0	0	0	0	0	0	0	0	0	0	0	0	0	0	0	0	0	0	0	0	0	0	0	0	0	0	0	0	0	0	0	0	0	0	0	0	0	0	0	0	0	0	0	0	0	0	0	0	0	0	0	0	0	0	0	0	0	0	0	0	0	0	0	0	0	0
Faecalibacter	0	0	0	0	0	0	0	0	0	0	0	0	0	0	0	0	0	0	0	0	0	0	0	0	0	0	0	0	0	0	0	0	0	0	0	0	0	0	0	0	0	0	0	0	0	0	0	0	0	0	0	0	0	0	0	0	0	0	0	0	0	0	0	0	0	0	0	0	0	0	0	0	0	0	0	0	0	0	0	0	0
Faecalibacterium	0	0	0	0	0	0	0	0	0	0	0	0	0	0	0	0	0	0	0	0	0	0	0	0	0	0	0	0	0	0	0	0	0	0	0	0	0	0	0	0	0	0	0	0	0	0	0	0	0	0	0	0	0	0	0	0	0	0	0	0	0	0	0	0	0	0	0	0	0	0	0	0	0	0	0	0	0	0	0	0	0
Faecalibaculum	0	0	0	0	0	0	0	0	0	0	0	0	0	0	0	0	0	0	0	0	0	0	0	0	0	0	0	0	0	0	0	0	0	0	0	0	0	0	0	0	0	0	0	0	0	0	0	0	0	0	0	0	0	0	0	0	0	0	0	0	0	0	0	0	0	0	0	0	0	0	0	0	0	0	0	0	0	0	0	0	0
Faecalicatena	0	0	0	0	0	0	0	0	0	0	0	0	0	0	0	0	0	0	0	0	0	0	0	0	0	0	0	0	0	0	0	0	0	0	0	0	0	0	0	0	0	0	0	0	0	0	0	0	0	0	0	0	0	0	0	0	0	0	0	0	0	0	0	0	0	0	0	0	0	0	0	0	0	0	0	0	0	0	0	0	0
Faecalicoccus	0	0	0	0	0	0	0	0	0	0	0	0	0	0	0	0	0	0	0	0	0	0	0	0	0	0	0	0	0	0	0	0	0	0	0	0	0	0	0	0	0	0	0	0	0	0	0	0	0	0	0	0	0	0	0	0	0	0	0	0	0	0	0	0	0	0	0	0	0	0	0	0	0	0	0	0	0	0	0	0	0
Faecalimonas	0	0	0	0	0	0	0	0	0	0	0	0	0	0	0	0	0	0	0	0	0	0	0	0	0	0	0	0	0	0	0	0	0	0	0	0	0	0	0	0	0	0	0	0	0	0	0	0	0	0	0	0	0	0	0	0	0	0	0	0	0	0	0	0	0	0	0	0	0	0	0	0	0	0	0	0	0	0	0	0	0
Faecalispora	0	0	0	0	0	0	0	0	0	0	0	0	0	0	0	0	0	0	0	0	0	0	0	0	0	0	0	0	0	0	0	0	0	0	0	0	0	0	0	0	0	0	0	0	0	0	0	0	0	0	0	0	0	0	0	0	0	0	0	0	0	0	0	0	0	0	0	0	0	0	0	0	0	0	0	0	0	0	0	0	0
Faecalitalea	0	0	0	0	0	0	0	0	0	0	0	0	0	0	0	0	0	0	0	0	0	0	0	0	0	0	0	0	0	0	0	0	0	0	0	0	0	0	0	0	0	0	0	0	0	0	0	0	0	0	0	0	0	0	0	0	0	0	0	0	0	0	0	0	0	0	0	0	0	0	0	0	0	0	0	0	0	0	0	0	0
Faecousia	0	0	0	0	0	0	0	0	0	0	0	0	0	0	0	0	0	0	0	0	0	0	0	0	0	0	0	0	0	0	0	0	0	0	0	0	0	0	0	0	0	0	0	0	0	0	0	0	0	0	0	0	0	0	0	0	0	0	0	0	0	0	0	0	0	0	0	0	0	0	0	0	0	0	0	0	0	0	0	0	0
Falsibacillus	0	0	0	0	0	0	0	0	0	0	0	0	0	0	0	0	0	0	0	0	0	0	0	0	0	0	0	0	0	0	0	0	0	0	0	0	0	0	0	0	0	0	0	0	0	0	0	0	0	0	0	0	0	0	0	0	0	0	0	0	0	0	0	0	0	0	0	0	0	0	0	0	0	0	0	0	0	0	0	0	0
Falsigemmobacter	0	0	0	0	0	0	0	0	0	0	0	0	0	0	0	0	0	0	0	0	0	0	0	0	0	0	0	0	0	0	0	0	0	0	0	0	0	0	0	0	0	0	0	0	0	0	0	0	0	0	0	0	0	0	0	0	0	0	0	0	0	0	0	0	0	0	0	0	0	0	0	0	0	0	0	0	0	0	0	0	0
Falsihalocynthiibacter	0	0	0	0	0	0	0	0	0	0	0	0	0	0	0	0	0	0	0	0	0	0	0	0	0	0	0	0	0	0	0	0	0	0	0	0	0	0	0	0	0	0	0	0	0	0	0	0	0	0	0	0	0	0	0	0	0	0	0	0	0	0	0	0	0	0	0	0	0	0	0	0	0	0	0	0	0	0	0	0	0
Falsirhodobacter	0	0	0	0	0	0	0	0	0	0	0	0	0	0	0	0	0	0	0	0	0	0	0	0	0	0	0	0	0	0	0	0	0	0	0	0	0	0	0	0	0	0	0	0	0	0	0	0	0	0	0	0	0	0	0	0	0	0	0	0	0	0	0	0	0	0	0	0	0	0	0	0	0	0	0	0	0	0	0	0	0
Falsiroseomonas	0	0	0	0	0	0	0	0	0	0	0	0	0	0	0	0	0	0	0	0	0	0	0	0	0	0	0	0	0	0	0	0	0	0	0	0	0	0	0	0	0	0	0	0	0	0	0	0	0	0	0	0	0	0	0	0	0	0	0	0	0	0	0	0	0	0	0	0	0	0	0	0	0	0	0	0	0	0	0	0	0
Falsiruegeria	0	0	0	0	0	0	0	0	0	0	0	0	0	0	0	0	0	0	0	0	0	0	0	0	0	0	0	0	0	0	0	0	0	0	0	0	0	0	0	0	0	0	0	0	0	0	0	0	0	0	0	0	0	0	0	0	0	0	0	0	0	0	0	0	0	0	0	0	0	0	0	0	0	0	0	0	0	0	0	0	0
Falsochrobactrum	0	0	0	0	0	0	0	0	0	0	0	0	0	0	0	0	0	0	0	0	0	0	0	0	0	0	0	0	0	0	0	0	0	0	0	0	0	0	0	0	0	0	0	0	0	0	0	0	0	0	0	0	0	0	0	0	0	0	0	0	0	0	0	0	0	0	0	0	0	0	0	0	0	0	0	0	0	0	0	0	0
Fangia	0	0	0	0	0	0	0	0	0	0	0	0	0	0	0	0	0	0	0	0	0	0	0	0	0	0	0	0	0	0	0	0	0	0	0	0	0	0	0	0	0	0	0	0	0	0	0	0	0	0	0	0	0	0	0	0	0	0	0	0	0	0	0	0	0	0	0	0	0	0	0	0	0	0	0	0	0	0	0	0	0
Fannyhessea	0	0	0	0	0	0	0	0	0	0	0	0	0	0	0	0	0	0	0	0	0	0	0	0	0	0	0	0	0	0	0	0	0	0	0	0	0	0	0	0	0	0	0	0	0	0	0	0	0	0	0	0	0	0	0	0	0	0	0	0	0	0	0	0	0	0	0	0	0	0	0	0	0	0	0	0	0	0	0	0	0
Fastidiosipila	0	0	0	0	0	0	0	0	0	0	0	0	0	0	0	0	0	0	0	0	0	0	0	0	0	0	0	0	0	0	0	0	0	0	0	0	0	0	0	0	0	0	0	0	0	0	0	0	0	0	0	0	0	0	0	0	0	0	0	0	0	0	0	0	0	0	0	0	0	0	0	0	0	0	0	0	0	0	0	0	0
Faucicola	0	0	0	0	0	0	0	0	0	0	0	0	0	0	0	0	0	0	0	0	0	0	0	0	0	0	0	0	0	0	0	0	0	0	0	0	0	0	0	0	0	0	0	0	0	0	0	0	0	0	0	0	0	0	0	0	0	0	0	0	0	0	0	0	0	0	0	0	0	0	0	0	0	0	0	0	0	0	0	0	0
Fenollaria	0	0	0	0	0	0	0	0	0	0	0	0	0	0	0	0	0	0	0	0	0	0	0	0	0	0	0	0	0	0	0	0	0	0	0	0	0	0	0	0	0	0	0	0	0	0	0	0	0	0	0	0	0	0	0	0	0	0	0	0	0	0	0	0	0	0	0	0	0	0	0	0	0	0	0	0	0	0	0	0	0
Fermentimonas	0	0	0	0	0	0	0	0	0	0	0	0	0	0	0	0	0	0	0	0	0	0	0	0	0	0	0	0	0	0	0	0	0	0	0	0	0	0	0	0	0	0	0	0	0	0	0	0	0	0	0	0	0	0	0	0	0	0	0	0	0	0	0	0	0	0	0	0	0	0	0	0	0	0	0	0	0	0	0	0	0
Ferribacterium	0	0	0	0	0	0	0	0	0	0	0	0	0	0	0	0	0	0	0	0	0	0	0	0	0	0	0	0	0	0	0	0	0	0	0	0	0	0	0	0	0	0	0	0	0	0	0	0	0	0	0	0	0	0	0	0	0	0	0	0	0	0	0	0	0	0	0	0	0	0	0	0	0	0	0	0	0	0	0	0	0
Ferrigenium	0	0	0	0	0	0	0	0	0	0	0	0	0	0	0	0	0	0	0	0	0	0	0	0	0	0	0	0	0	0	0	0	0	0	0	0	0	0	0	0	0	0	0	0	0	0	0	0	0	0	0	0	0	0	0	0	0	0	0	0	0	0	0	0	0	0	0	0	0	0	0	0	0	0	0	0	0	0	0	0	0
Ferrimicrobium	0	0	0	0	0	0	0	0	0	0	0	0	0	0	0	0	0	0	0	0	0	0	0	0	0	0	0	0	0	0	0	0	0	0	0	0	0	0	0	0	0	0	0	0	0	0	0	0	0	0	0	0	0	0	0	0	0	0	0	0	0	0	0	0	0	0	0	0	0	0	0	0	0	0	0	0	0	0	0	0	0
Ferrimonas	0	0	0	0	0	0	0	0	0	0	0	0	0	0	0	0	0	0	0	0	0	0	0	0	0	0	0	0	0	0	0	0	0	0	0	0	0	0	0	0	0	0	0	0	0	0	0	0	0	0	0	0	0	0	0	0	0	0	0	0	0	0	0	0	0	0	0	0	0	0	0	0	0	0	0	0	0	0	0	0	0
Ferriphaselus	0	0	0	0	0	0	0	0	0	0	0	0	0	0	0	0	0	0	0	0	0	0	0	0	0	0	0	0	0	0	0	0	0	0	0	0	0	0	0	0	0	0	0	0	0	0	0	0	0	0	0	0	0	0	0	0	0	0	0	0	0	0	0	0	0	0	0	0	0	0	0	0	0	0	0	0	0	0	0	0	0
Ferrovibrio	0	0	0	0	0	0	0	0	0	0	0	0	0	0	0	0	0	0	0	0	0	0	0	0	0	0	0	0	0	0	0	0	0	0	0	0	0	0	0	0	0	0	0	0	0	0	0	0	0	0	0	0	0	0	0	0	0	0	0	0	0	0	0	0	0	0	0	0	0	0	0	0	0	0	0	0	0	0	0	0	0
Ferrovum	0	0	0	0	0	0	0	0	0	0	0	0	0	0	0	0	0	0	0	0	0	0	0	0	0	0	0	0	0	0	0	0	0	0	0	0	0	0	0	0	0	0	0	0	0	0	0	0	0	0	0	0	0	0	0	0	0	0	0	0	0	0	0	0	0	0	0	0	0	0	0	0	0	0	0	0	0	0	0	0	0
Ferruginibacter	0	0	0	0	0	0	0	0	0	0	0	0	0	0	0	0	0	0	0	0	0	0	0	0	0	0	0	0	0	0	0	0	0	0	0	0	0	0	0	0	0	0	0	0	0	0	0	0	0	0	0	0	0	0	0	0	0	0	0	0	0	0	0	0	0	0	0	0	0	0	0	0	0	0	0	0	0	0	0	0	0
Fervidibacillus	0	0	0	0	0	0	0	0	0	0	0	0	0	0	0	0	0	0	0	0	0	0	0	0	0	0	0	0	0	0	0	0	0	0	0	0	0	0	0	0	0	0	0	0	0	0	0	0	0	0	0	0	0	0	0	0	0	0	0	0	0	0	0	0	0	0	0	0	0	0	0	0	0	0	0	0	0	0	0	0	0
Fervidicella	0	0	0	0	0	0	0	0	0	0	0	0	0	0	0	0	0	0	0	0	0	0	0	0	0	0	0	0	0	0	0	0	0	0	0	0	0	0	0	0	0	0	0	0	0	0	0	0	0	0	0	0	0	0	0	0	0	0	0	0	0	0	0	0	0	0	0	0	0	0	0	0	0	0	0	0	0	0	0	0	0
Fervidobacterium	0.003471788322699981	9.236180211422322e-06	8.416828269769447e-06	0.000111283143023	1.727742359059417e-05	6.977240242329521e-06	4.058239666543611e-05	8.911202136271915e-05	4.53421469830469e-05	6.061646949476173e-05	3.123291949715e-05	3.677817092961425e-05	8.3051520491665e-06	2.341006632852126e-05	2.646598187235924e-05	4.745056985168731e-05	6.558459621373341e-05	1.776120816812591e-05	2.886576776527641e-05	1.229963625162703e-05	1.792955745818043e-05	2.388339916844235e-05	8.830766879021235e-06	6.257587324631115e-05	1.477553499749637e-05	3.0432434018679e-05	2.894977455363066e-05	3.642701937735296e-06	4.631517590164916e-05	1.18665990835595e-05	0.0001990710019907	4.897256500401669e-05	7.247073829235223e-06	3.239548406952071e-05	1.253406392999308e-05	5.728607232366631e-05	1.751272591416429e-05	2.417229065469765e-05	5.318488840037584e-05	4.620800322615877e-05	9.57242834319453e-07	1.253537838039641e-05	3.57873709621272e-05	1.805867358092092e-05	2.441125789775991e-05	1.100997228239478e-05	1.684660951454389e-05	3.59796073842669e-05	0.0004796802131912	1.001812445682981e-05	5.039092489084436e-05	9.903273081269726e-07	5.694426402208014e-05	2.66851683834125e-05	0.0001828072769349	4.871989688921022e-06	4.070705439683679e-05	2.405759597673317e-05	1.127485850052582e-05	0.0001624350259896	3.616352001746e-05	1.03873980087358e-05	1.414727311310745e-05	0.0001458911950253	5.042857081107872e-06	4.355045884251078e-05	3.739379494489312e-05	2.088388429806002e-05	6.952324435185714e-05	6.606295291235986e-05	3.357196650062153e-05	5.562038025405496e-05	4.954620183320947e-05	7.385921091504847e-05	3.764995978984294e-05	2.429904206233607e-05	4.078298533851677e-06	2.002968537508349e-05	2.615742234297264e-05	4.464302322553283e-05	1.205371133772088e-05
Fibrella	0	0	0	0	0	0	0	0	0	0	0	0	0	0	0	0	0	0	0	0	0	0	0	0	0	0	0	0	0	0	0	0	0	0	0	0	0	0	0	0	0	0	0	0	0	0	0	0	0	0	0	0	0	0	0	0	0	0	0	0	0	0	0	0	0	0	0	0	0	0	0	0	0	0	0	0	0	0	0	0	0
Fibrisoma	0	0	0	0	0	0	0	0	0	0	0	0	0	0	0	0	0	0	0	0	0	0	0	0	0	0	0	0	0	0	0	0	0	0	0	0	0	0	0	0	0	0	0	0	0	0	0	0	0	0	0	0	0	0	0	0	0	0	0	0	0	0	0	0	0	0	0	0	0	0	0	0	0	0	0	0	0	0	0	0	0
Fibrivirga	0	0	0	0	0	0	0	0	0	0	0	0	0	0	0	0	0	0	0	0	0	0	0	0	0	0	0	0	0	0	0	0	0	0	0	0	0	0	0	0	0	0	0	0	0	0	0	0	0	0	0	0	0	0	0	0	0	0	0	0	0	0	0	0	0	0	0	0	0	0	0	0	0	0	0	0	0	0	0	0	0
Fibrobacter	0	0	0	0	0	0	0	0	0	0	0	0	0	0	0	0	0	0	0	0	0	0	0	0	0	0	0	0	0	0	0	0	0	0	0	0	0	0	0	0	0	0	0	0	0	0	0	0	0	0	0	0	0	0	0	0	0	0	0	0	0	0	0	0	0	0	0	0	0	0	0	0	0	0	0	0	0	0	0	0	0
Fictibacillus	0.004875482357241663	4.063919293025822e-05	1.5150290885585e-05	7.257596284110703e-05	5.183227077178251e-05	1.295773187861197e-05	1.701842440808611e-05	5.135269027682121e-05	2.752916066827848e-05	0.0001515411737369	9.369875849144998e-05	0.0001118669365775	9.135667254083149e-05	5.202236961893614e-05	2.80228043354392e-05	4.646201631311049e-05	7.915382301657481e-05	4.651744996413928e-05	8.338999576635407e-05	8.395838658719319e-05	8.919954835444764e-05	7.061178884582954e-05	1.461644173079377e-05	6.57046669086267e-05	7.71611272091477e-05	3.804054252334874e-05	8.684932366089199e-05	6.071169896225493e-06	3.501879153539327e-05	6.441868073932303e-05	0.0001216545012165	7.534240769848722e-05	4.018831850757715e-05	1.484793019853032e-05	2.7157138514985e-05	5.728607232366631e-05	1.799919052289108e-05	5.247155776263636e-05	5.505102483547675e-05	4.620800322615877e-05	1.595404723865755e-06	3.760613514118924e-05	0.0001236290996873	4.27705426916548e-05	7.754164273406089e-05	1.926745149419086e-05	6.10689594902216e-05	3.754393814010459e-05	2.664890073284477e-05	1.335749927577309e-05	0.0003527364742359	1.204898224887816e-05	0.0001192270527962	5.700922336456307e-05	0.0001406209822576	1.339797164453281e-05	2.578113445132997e-05	9.204645417184864e-05	7.687403523085786e-05	0.0002582300413168	8.184375582898842e-05	4.414644153712716e-05	4.715757704369149e-06	9.364179029531771e-05	9.725510084993752e-06	2.049433357294625e-05	3.383248114061759e-05	6.004116735692256e-05	7.945513640212244e-05	3.43019178583407e-05	4.627487274409996e-05	2.130142222495722e-05	2.252100083327703e-05	7.385921091504847e-05	9.33719002788105e-05	7.775693459947541e-05	1.919199310047848e-06	0.0001374450824014	5.05710165297471e-05	5.704386301040307e-05	2.927329896303643e-05
Fidelibacter	0	0	0	0	0	0	0	0	0	0	0	0	0	0	0	0	0	0	0	0	0	0	0	0	0	0	0	0	0	0	0	0	0	0	0	0	0	0	0	0	0	0	0	0	0	0	0	0	0	0	0	0	0	0	0	0	0	0	0	0	0	0	0	0	0	0	0	0	0	0	0	0	0	0	0	0	0	0	0	0	0
Filifactor	0	0	0	0	0	0	0	0	0	0	0	0	0	0	0	0	0	0	0	0	0	0	0	0	0	0	0	0	0	0	0	0	0	0	0	0	0	0	0	0	0	0	0	0	0	0	0	0	0	0	0	0	0	0	0	0	0	0	0	0	0	0	0	0	0	0	0	0	0	0	0	0	0	0	0	0	0	0	0	0	0
Filimonas	0	0	0	0	0	0	0	0	0	0	0	0	0	0	0	0	0	0	0	0	0	0	0	0	0	0	0	0	0	0	0	0	0	0	0	0	0	0	0	0	0	0	0	0	0	0	0	0	0	0	0	0	0	0	0	0	0	0	0	0	0	0	0	0	0	0	0	0	0	0	0	0	0	0	0	0	0	0	0	0	0
Filomicrobium	0	0	0	0	0	0	0	0	0	0	0	0	0	0	0	0	0	0	0	0	0	0	0	0	0	0	0	0	0	0	0	0	0	0	0	0	0	0	0	0	0	0	0	0	0	0	0	0	0	0	0	0	0	0	0	0	0	0	0	0	0	0	0	0	0	0	0	0	0	0	0	0	0	0	0	0	0	0	0	0	0
Fimbriimonas	0	0	0	0	0	0	0	0	0	0	0	0	0	0	0	0	0	0	0	0	0	0	0	0	0	0	0	0	0	0	0	0	0	0	0	0	0	0	0	0	0	0	0	0	0	0	0	0	0	0	0	0	0	0	0	0	0	0	0	0	0	0	0	0	0	0	0	0	0	0	0	0	0	0	0	0	0	0	0	0	0
Finegoldia	0	0	0	0	0	0	0	0	0	0	0	0	0	0	0	0	0	0	0	0	0	0	0	0	0	0	0	0	0	0	0	0	0	0	0	0	0	0	0	0	0	0	0	0	0	0	0	0	0	0	0	0	0	0	0	0	0	0	0	0	0	0	0	0	0	0	0	0	0	0	0	0	0	0	0	0	0	0	0	0	0
Fischerella	0	0	0	0	0	0	0	0	0	0	0	0	0	0	0	0	0	0	0	0	0	0	0	0	0	0	0	0	0	0	0	0	0	0	0	0	0	0	0	0	0	0	0	0	0	0	0	0	0	0	0	0	0	0	0	0	0	0	0	0	0	0	0	0	0	0	0	0	0	0	0	0	0	0	0	0	0	0	0	0	0
Flagellatimonas	0	0	0	0	0	0	0	0	0	0	0	0	0	0	0	0	0	0	0	0	0	0	0	0	0	0	0	0	0	0	0	0	0	0	0	0	0	0	0	0	0	0	0	0	0	0	0	0	0	0	0	0	0	0	0	0	0	0	0	0	0	0	0	0	0	0	0	0	0	0	0	0	0	0	0	0	0	0	0	0	0
Flagellimonas	0	0	0	0	0	0	0	0	0	0	0	0	0	0	0	0	0	0	0	0	0	0	0	0	0	0	0	0	0	0	0	0	0	0	0	0	0	0	0	0	0	0	0	0	0	0	0	0	0	0	0	0	0	0	0	0	0	0	0	0	0	0	0	0	0	0	0	0	0	0	0	0	0	0	0	0	0	0	0	0	0
Flammeovirga	0	0	0	0	0	0	0	0	0	0	0	0	0	0	0	0	0	0	0	0	0	0	0	0	0	0	0	0	0	0	0	0	0	0	0	0	0	0	0	0	0	0	0	0	0	0	0	0	0	0	0	0	0	0	0	0	0	0	0	0	0	0	0	0	0	0	0	0	0	0	0	0	0	0	0	0	0	0	0	0	0
Flaviaestuariibacter	0	0	0	0	0	0	0	0	0	0	0	0	0	0	0	0	0	0	0	0	0	0	0	0	0	0	0	0	0	0	0	0	0	0	0	0	0	0	0	0	0	0	0	0	0	0	0	0	0	0	0	0	0	0	0	0	0	0	0	0	0	0	0	0	0	0	0	0	0	0	0	0	0	0	0	0	0	0	0	0	0
Flavicella	0	0	0	0	0	0	0	0	0	0	0	0	0	0	0	0	0	0	0	0	0	0	0	0	0	0	0	0	0	0	0	0	0	0	0	0	0	0	0	0	0	0	0	0	0	0	0	0	0	0	0	0	0	0	0	0	0	0	0	0	0	0	0	0	0	0	0	0	0	0	0	0	0	0	0	0	0	0	0	0	0
Flaviflexus	0	0	0	0	0	0	0	0	0	0	0	0	0	0	0	0	0	0	0	0	0	0	0	0	0	0	0	0	0	0	0	0	0	0	0	0	0	0	0	0	0	0	0	0	0	0	0	0	0	0	0	0	0	0	0	0	0	0	0	0	0	0	0	0	0	0	0	0	0	0	0	0	0	0	0	0	0	0	0	0	0
Flavihumibacter	0	0	0	0	0	0	0	0	0	0	0	0	0	0	0	0	0	0	0	0	0	0	0	0	0	0	0	0	0	0	0	0	0	0	0	0	0	0	0	0	0	0	0	0	0	0	0	0	0	0	0	0	0	0	0	0	0	0	0	0	0	0	0	0	0	0	0	0	0	0	0	0	0	0	0	0	0	0	0	0	0
Flavimobilis	0	0	0	0	0	0	0	0	0	0	0	0	0	0	0	0	0	0	0	0	0	0	0	0	0	0	0	0	0	0	0	0	0	0	0	0	0	0	0	0	0	0	0	0	0	0	0	0	0	0	0	0	0	0	0	0	0	0	0	0	0	0	0	0	0	0	0	0	0	0	0	0	0	0	0	0	0	0	0	0	0
Flaviramulus	0	0	0	0	0	0	0	0	0	0	0	0	0	0	0	0	0	0	0	0	0	0	0	0	0	0	0	0	0	0	0	0	0	0	0	0	0	0	0	0	0	0	0	0	0	0	0	0	0	0	0	0	0	0	0	0	0	0	0	0	0	0	0	0	0	0	0	0	0	0	0	0	0	0	0	0	0	0	0	0	0
Flavisolibacter	0	0	0	0	0	0	0	0	0	0	0	0	0	0	0	0	0	0	0	0	0	0	0	0	0	0	0	0	0	0	0	0	0	0	0	0	0	0	0	0	0	0	0	0	0	0	0	0	0	0	0	0	0	0	0	0	0	0	0	0	0	0	0	0	0	0	0	0	0	0	0	0	0	0	0	0	0	0	0	0	0
Flavivirga	0	0	0	0	0	0	0	0	0	0	0	0	0	0	0	0	0	0	0	0	0	0	0	0	0	0	0	0	0	0	0	0	0	0	0	0	0	0	0	0	0	0	0	0	0	0	0	0	0	0	0	0	0	0	0	0	0	0	0	0	0	0	0	0	0	0	0	0	0	0	0	0	0	0	0	0	0	0	0	0	0
Flavobacterium	0.8723507946271922	0.0065287479187807	0.0139130171299288	0.0026224114573253	0.0169438364120373	0.0269720172796338	0.0025462181133636	0.0026945058662896	0.0024031337901014	0.0113352797955204	0.0123526196611228	0.0067487943655842	0.0044603857224054	0.0125113798933541	0.0055921062873831	0.0022034858374877	0.0017345994929632	0.0117460790018539	0.0046570105327979	0.0121493667826397	0.0091463154983542	0.009307256815076	0.1293567273543357	0.0053909114801697	0.0098076717861159	0.0018878977818016	0.008817618832793301	0.0305209853023048	0.0015555121272334	0.01396868234979	0.0058283565582835	0.0020389539083403	0.0190321335253588	0.0127192769327955	0.032573943143397	0.0046831364124597	0.0338438292937312	0.0191261775885133	0.0028533226092692	0.0007645324170146	6.232714454568883e-05	0.008633060588933801	0.0105279938575857	0.0055040936161638	0.023838311315336	0.0021873144934357	0.0031945383291953	0.0012655435814726	0.009078392182989101	0.0504028538297202	0.002545235735663	0.0289386843798809	0.0022795500691338	0.0036898310101064	0.0058598772177937	0.0002738058205173	0.0022443155990789	0.0115298643674578	0.0066285918111727	0.0054686458749833	0.0136577560599273	0.0236166149893615	0.0010280351795524	0.0033941756163563	0.0441397678268599	0.0025669152800115	0.0055832497166529	0.005470272443323	0.009686077722021199	0.0026920653311786	0.005015833265282	0.0031798289732477	0.0028016125036596	0.0050828566056992	0.007687619789622	0.0015238970664807	0.0174872643133284	0.0086251969297945	0.0051181356384416	0.0032204980921307	0.0032820534013851
Flavonifractor	0	0	0	0	0	0	0	0	0	0	0	0	0	0	0	0	0	0	0	0	0	0	0	0	0	0	0	0	0	0	0	0	0	0	0	0	0	0	0	0	0	0	0	0	0	0	0	0	0	0	0	0	0	0	0	0	0	0	0	0	0	0	0	0	0	0	0	0	0	0	0	0	0	0	0	0	0	0	0	0	0
Flectobacillus	0	0	0	0	0	0	0	0	0	0	0	0	0	0	0	0	0	0	0	0	0	0	0	0	0	0	0	0	0	0	0	0	0	0	0	0	0	0	0	0	0	0	0	0	0	0	0	0	0	0	0	0	0	0	0	0	0	0	0	0	0	0	0	0	0	0	0	0	0	0	0	0	0	0	0	0	0	0	0	0	0
Flexibacter	0	0	0	0	0	0	0	0	0	0	0	0	0	0	0	0	0	0	0	0	0	0	0	0	0	0	0	0	0	0	0	0	0	0	0	0	0	0	0	0	0	0	0	0	0	0	0	0	0	0	0	0	0	0	0	0	0	0	0	0	0	0	0	0	0	0	0	0	0	0	0	0	0	0	0	0	0	0	0	0	0
Flexilinea	0	0	0	0	0	0	0	0	0	0	0	0	0	0	0	0	0	0	0	0	0	0	0	0	0	0	0	0	0	0	0	0	0	0	0	0	0	0	0	0	0	0	0	0	0	0	0	0	0	0	0	0	0	0	0	0	0	0	0	0	0	0	0	0	0	0	0	0	0	0	0	0	0	0	0	0	0	0	0	0	0
Flexistipes	0	0	0	0	0	0	0	0	0	0	0	0	0	0	0	0	0	0	0	0	0	0	0	0	0	0	0	0	0	0	0	0	0	0	0	0	0	0	0	0	0	0	0	0	0	0	0	0	0	0	0	0	0	0	0	0	0	0	0	0	0	0	0	0	0	0	0	0	0	0	0	0	0	0	0	0	0	0	0	0	0
Flexithrix	0	0	0	0	0	0	0	0	0	0	0	0	0	0	0	0	0	0	0	0	0	0	0	0	0	0	0	0	0	0	0	0	0	0	0	0	0	0	0	0	0	0	0	0	0	0	0	0	0	0	0	0	0	0	0	0	0	0	0	0	0	0	0	0	0	0	0	0	0	0	0	0	0	0	0	0	0	0	0	0	0
Flexivirga	0	0	0	0	0	0	0	0	0	0	0	0	0	0	0	0	0	0	0	0	0	0	0	0	0	0	0	0	0	0	0	0	0	0	0	0	0	0	0	0	0	0	0	0	0	0	0	0	0	0	0	0	0	0	0	0	0	0	0	0	0	0	0	0	0	0	0	0	0	0	0	0	0	0	0	0	0	0	0	0	0
Flintibacter	0	0	0	0	0	0	0	0	0	0	0	0	0	0	0	0	0	0	0	0	0	0	0	0	0	0	0	0	0	0	0	0	0	0	0	0	0	0	0	0	0	0	0	0	0	0	0	0	0	0	0	0	0	0	0	0	0	0	0	0	0	0	0	0	0	0	0	0	0	0	0	0	0	0	0	0	0	0	0	0	0
Floccifex	0	0	0	0	0	0	0	0	0	0	0	0	0	0	0	0	0	0	0	0	0	0	0	0	0	0	0	0	0	0	0	0	0	0	0	0	0	0	0	0	0	0	0	0	0	0	0	0	0	0	0	0	0	0	0	0	0	0	0	0	0	0	0	0	0	0	0	0	0	0	0	0	0	0	0	0	0	0	0	0	0
Flocculibacter	0	0	0	0	0	0	0	0	0	0	0	0	0	0	0	0	0	0	0	0	0	0	0	0	0	0	0	0	0	0	0	0	0	0	0	0	0	0	0	0	0	0	0	0	0	0	0	0	0	0	0	0	0	0	0	0	0	0	0	0	0	0	0	0	0	0	0	0	0	0	0	0	0	0	0	0	0	0	0	0	0
Floricoccus	0	0	0	0	0	0	0	0	0	0	0	0	0	0	0	0	0	0	0	0	0	0	0	0	0	0	0	0	0	0	0	0	0	0	0	0	0	0	0	0	0	0	0	0	0	0	0	0	0	0	0	0	0	0	0	0	0	0	0	0	0	0	0	0	0	0	0	0	0	0	0	0	0	0	0	0	0	0	0	0	0
Floridanema	0	0	0	0	0	0	0	0	0	0	0	0	0	0	0	0	0	0	0	0	0	0	0	0	0	0	0	0	0	0	0	0	0	0	0	0	0	0	0	0	0	0	0	0	0	0	0	0	0	0	0	0	0	0	0	0	0	0	0	0	0	0	0	0	0	0	0	0	0	0	0	0	0	0	0	0	0	0	0	0	0
Fluoribacter	0	0	0	0	0	0	0	0	0	0	0	0	0	0	0	0	0	0	0	0	0	0	0	0	0	0	0	0	0	0	0	0	0	0	0	0	0	0	0	0	0	0	0	0	0	0	0	0	0	0	0	0	0	0	0	0	0	0	0	0	0	0	0	0	0	0	0	0	0	0	0	0	0	0	0	0	0	0	0	0	0
Fluviibacter	0	0	0	0	0	0	0	0	0	0	0	0	0	0	0	0	0	0	0	0	0	0	0	0	0	0	0	0	0	0	0	0	0	0	0	0	0	0	0	0	0	0	0	0	0	0	0	0	0	0	0	0	0	0	0	0	0	0	0	0	0	0	0	0	0	0	0	0	0	0	0	0	0	0	0	0	0	0	0	0	0
Fluviicoccus	0	0	0	0	0	0	0	0	0	0	0	0	0	0	0	0	0	0	0	0	0	0	0	0	0	0	0	0	0	0	0	0	0	0	0	0	0	0	0	0	0	0	0	0	0	0	0	0	0	0	0	0	0	0	0	0	0	0	0	0	0	0	0	0	0	0	0	0	0	0	0	0	0	0	0	0	0	0	0	0	0
Fluviicola	0	0	0	0	0	0	0	0	0	0	0	0	0	0	0	0	0	0	0	0	0	0	0	0	0	0	0	0	0	0	0	0	0	0	0	0	0	0	0	0	0	0	0	0	0	0	0	0	0	0	0	0	0	0	0	0	0	0	0	0	0	0	0	0	0	0	0	0	0	0	0	0	0	0	0	0	0	0	0	0	0
Fluviispira	0	0	0	0	0	0	0	0	0	0	0	0	0	0	0	0	0	0	0	0	0	0	0	0	0	0	0	0	0	0	0	0	0	0	0	0	0	0	0	0	0	0	0	0	0	0	0	0	0	0	0	0	0	0	0	0	0	0	0	0	0	0	0	0	0	0	0	0	0	0	0	0	0	0	0	0	0	0	0	0	0
Fodinibius	0	0	0	0	0	0	0	0	0	0	0	0	0	0	0	0	0	0	0	0	0	0	0	0	0	0	0	0	0	0	0	0	0	0	0	0	0	0	0	0	0	0	0	0	0	0	0	0	0	0	0	0	0	0	0	0	0	0	0	0	0	0	0	0	0	0	0	0	0	0	0	0	0	0	0	0	0	0	0	0	0
Fodinicola	0	0	0	0	0	0	0	0	0	0	0	0	0	0	0	0	0	0	0	0	0	0	0	0	0	0	0	0	0	0	0	0	0	0	0	0	0	0	0	0	0	0	0	0	0	0	0	0	0	0	0	0	0	0	0	0	0	0	0	0	0	0	0	0	0	0	0	0	0	0	0	0	0	0	0	0	0	0	0	0	0
Fodinicurvata	0	0	0	0	0	0	0	0	0	0	0	0	0	0	0	0	0	0	0	0	0	0	0	0	0	0	0	0	0	0	0	0	0	0	0	0	0	0	0	0	0	0	0	0	0	0	0	0	0	0	0	0	0	0	0	0	0	0	0	0	0	0	0	0	0	0	0	0	0	0	0	0	0	0	0	0	0	0	0	0	0
Fodinisporobacter	0	0	0	0	0	0	0	0	0	0	0	0	0	0	0	0	0	0	0	0	0	0	0	0	0	0	0	0	0	0	0	0	0	0	0	0	0	0	0	0	0	0	0	0	0	0	0	0	0	0	0	0	0	0	0	0	0	0	0	0	0	0	0	0	0	0	0	0	0	0	0	0	0	0	0	0	0	0	0	0	0
Fontibacillus	0	0	0	0	0	0	0	0	0	0	0	0	0	0	0	0	0	0	0	0	0	0	0	0	0	0	0	0	0	0	0	0	0	0	0	0	0	0	0	0	0	0	0	0	0	0	0	0	0	0	0	0	0	0	0	0	0	0	0	0	0	0	0	0	0	0	0	0	0	0	0	0	0	0	0	0	0	0	0	0	0
Fontimonas	0	0	0	0	0	0	0	0	0	0	0	0	0	0	0	0	0	0	0	0	0	0	0	0	0	0	0	0	0	0	0	0	0	0	0	0	0	0	0	0	0	0	0	0	0	0	0	0	0	0	0	0	0	0	0	0	0	0	0	0	0	0	0	0	0	0	0	0	0	0	0	0	0	0	0	0	0	0	0	0	0
Fontisphaera	0	0	0	0	0	0	0	0	0	0	0	0	0	0	0	0	0	0	0	0	0	0	0	0	0	0	0	0	0	0	0	0	0	0	0	0	0	0	0	0	0	0	0	0	0	0	0	0	0	0	0	0	0	0	0	0	0	0	0	0	0	0	0	0	0	0	0	0	0	0	0	0	0	0	0	0	0	0	0	0	0
Fontisubflavum	0	0	0	0	0	0	0	0	0	0	0	0	0	0	0	0	0	0	0	0	0	0	0	0	0	0	0	0	0	0	0	0	0	0	0	0	0	0	0	0	0	0	0	0	0	0	0	0	0	0	0	0	0	0	0	0	0	0	0	0	0	0	0	0	0	0	0	0	0	0	0	0	0	0	0	0	0	0	0	0	0
Fontivita	0	0	0	0	0	0	0	0	0	0	0	0	0	0	0	0	0	0	0	0	0	0	0	0	0	0	0	0	0	0	0	0	0	0	0	0	0	0	0	0	0	0	0	0	0	0	0	0	0	0	0	0	0	0	0	0	0	0	0	0	0	0	0	0	0	0	0	0	0	0	0	0	0	0	0	0	0	0	0	0	0
Formicincola	0	0	0	0	0	0	0	0	0	0	0	0	0	0	0	0	0	0	0	0	0	0	0	0	0	0	0	0	0	0	0	0	0	0	0	0	0	0	0	0	0	0	0	0	0	0	0	0	0	0	0	0	0	0	0	0	0	0	0	0	0	0	0	0	0	0	0	0	0	0	0	0	0	0	0	0	0	0	0	0	0
Formivibrio	0	0	0	0	0	0	0	0	0	0	0	0	0	0	0	0	0	0	0	0	0	0	0	0	0	0	0	0	0	0	0	0	0	0	0	0	0	0	0	0	0	0	0	0	0	0	0	0	0	0	0	0	0	0	0	0	0	0	0	0	0	0	0	0	0	0	0	0	0	0	0	0	0	0	0	0	0	0	0	0	0
Formosa	0.001750318153220211	1.662512438056018e-05	4.881760396466279e-05	0	3.987097751675578e-05	4.68471844842125e-05	1.440020526838055e-05	1.66141056777951e-05	1.29548991380134e-05	0	3.123291949715e-05	1.225939030987141e-05	1.297680007682266e-05	3.121342177136169e-05	1.478981339925958e-05	3.954214154307276e-06	0	5.835825540955655e-05	9.621922588425469e-06	3.422507478713608e-05	2.286018575918005e-05	1.972976453045237e-05	0.0001297209203607	1.877276197389335e-05	1.149208277583051e-05	7.064672182907623e-06	2.050609030882172e-05	3.703413636697551e-05	1.694457654938384e-05	2.542842660762751e-05	3.3178500331785e-05	7.534240769848722e-06	2.635299574267354e-05	6.479096813904142e-05	2.924614916998384e-05	2.864303616183315e-05	4.913292548140538e-05	3.360537969067722e-05	1.586215969835771e-05	5.250909457518042e-06	2.127206298487673e-07	1.580547708832591e-05	1.952038416116029e-05	1.425684756388494e-05	4.164273406088455e-05	1.467996304319304e-05	1.47407833252259e-05	4.692992267513074e-06	1.776593382189652e-05	6.678749637886543e-05	1.580891761281392e-05	2.706894642213725e-05	1.156680362948503e-05	6.064810996230114e-06	1.406209822576498e-05	1.461596906676307e-06	9.498312692595251e-06	4.706920951969533e-05	1.127485850052582e-05	1.145375183260029e-05	4.060465405469193e-05	5.280260654440699e-05	4.715757704369149e-06	3.324962119181571e-05	5.078877488830072e-05	1.485839184038603e-05	9.793612961757722e-06	1.305242768628751e-05	2.482973012566326e-05	1.14339726194469e-05	6.35145312173921e-06	2.366824691661913e-06	1.351260049996622e-05	6.714473719549861e-06	2.359397480163491e-05	6.942583446381734e-06	1.847229335921054e-05	1.864832776300876e-05	1.046296893718905e-05	0	1.377567010025244e-05
Formosimonas	0	0	0	0	0	0	0	0	0	0	0	0	0	0	0	0	0	0	0	0	0	0	0	0	0	0	0	0	0	0	0	0	0	0	0	0	0	0	0	0	0	0	0	0	0	0	0	0	0	0	0	0	0	0	0	0	0	0	0	0	0	0	0	0	0	0	0	0	0	0	0	0	0	0	0	0	0	0	0	0	0
Fortiea	0	0	0	0	0	0	0	0	0	0	0	0	0	0	0	0	0	0	0	0	0	0	0	0	0	0	0	0	0	0	0	0	0	0	0	0	0	0	0	0	0	0	0	0	0	0	0	0	0	0	0	0	0	0	0	0	0	0	0	0	0	0	0	0	0	0	0	0	0	0	0	0	0	0	0	0	0	0	0	0	0
Francisella	0.09271184294384206	0.0008084736411730999	0.0009746687136393	0.0010547706599574	0.0009436131345632	0.0009798038797442	0.0007802293036322	0.0029029373738838	0.0007497647876125001	0.0011315074305688	0.0010931521824002	0.0010405157525503	0.0006285961957212	0.000876576928079	0.0009636731046464	0.0009490113970337	0.0016056918383362	0.0026861712924746	0.0008563511103698	0.0011058977290593	0.0011591458896713	0.0009688352793111	0.0013992197865207	0.0014736618149506	0.0012657708314521	0.0009852500513547	0.001025304515441	0.0006065098726329001	0.0006868201694682999	0.0012205644771661	0.0018026985180269	0.0015435775777227	0.0008808488826988	0.0016130251442948	0.0007311537292495	0.0017901897601145	0.0012341607123398	0.0018618559484764	0.0010991543602744	0.0014418997370344	3.658794833398798e-05	0.0005003251023132	0.0012330375995132	0.0009476051347462	0.0014819069500287	0.0011019147259296	0.0009286693494892	0.0007180278169294999	0.0024339329335998	0.0010861316598612	0.0019691983001461	0.0005837979481408	0.0023400533496573	0.0015404619930424	0.0020169066598097	0.0003673480225446	0.000702875139252	0.0009068667700794	0.0008927637958143	0.001478575236572	0.0011159935387844	0.0011452106304631	0.0006177642592722999	0.0024815074428259	0.0006580928490845	0.0012101903974824	0.0012250919486707	0.0008705969266753	0.0011123719096297	0.0011433972619446	0.0007648964259465	0.0006863791605819	0.0007296804269981	0.0017256197459243	0.0013122265985419	0.0008289444634979	0.0004447744401035	0.0010774589374182	0.0013514668210535	0.0009734659231123	0.0010486728863817
Franconibacter	0	0	0	0	0	0	0	0	0	0	0	0	0	0	0	0	0	0	0	0	0	0	0	0	0	0	0	0	0	0	0	0	0	0	0	0	0	0	0	0	0	0	0	0	0	0	0	0	0	0	0	0	0	0	0	0	0	0	0	0	0	0	0	0	0	0	0	0	0	0	0	0	0	0	0	0	0	0	0	0	0
Frankia	0.01725497424909432	7.696816842851935e-05	6.396789485024779e-05	0.0001548287207276	0.0001674581055703	4.983743030235372e-05	0.000106037875158	0.000398738536267	0.0004874280800677	0.0001414384288211	0.0001717810572343	7.202391807049456e-05	0.0003026189777915	0.0001742749382234	0.0005947061808965	0.0002659209018771	0.0004274306442895	0.0002621892634342	0.0001796092216506	0.0001395741331162	0.0001385058313644	0.0002720630687883	2.192466259619065e-05	0.0003879704141271	8.372803165247942e-05	0.0001239034813617	0.0001507800758001	1.821350968867648e-05	0.0007828394365815	0.000106799391752	0.0005750940057509	0.0002297943434803	6.983543871808488e-05	7.693927466511169e-05	0.0001044505327499	0.000329394915861	0.000213557963231	7.13377358345955e-05	0.0001651530745064	0.0004232233022759	5.318015746219183e-06	0.0001046431586537	0.0001594164706494	7.983834635775563e-05	0.0001263641585295	6.881232676496737e-05	0.0001916301832279	0.0004161119810528	0.0007461692205196	7.346624601675198e-05	0.0004347452343523	1.204898224887816e-05	0.0003212012392495	0.000133425841917	0.0005223065055284	3.995031544915238e-05	0.0003148012206688	7.531073523151252e-05	0.0001434981990976	0.000213456284153	0.0002284011790576	0.0001203206936011	4.715757704369149e-06	0.000221890329178	2.521428540553936e-05	0.0001342378849027	0.0005288550999349	0.0002010073863688	0.0005189413596263	0.0001283145816182	0.0001106967544074	9.467298766647654e-05	0.0002657478098326	0.0001074315795127	0.0001089338836586	0.0010802659842569	1.775259361794259e-05	0.0001049831785176	0.0001342747680272	0.0002070940244073	0.0001463664948151
Franzmannia	0	0	0	0	0	0	0	0	0	0	0	0	0	0	0	0	0	0	0	0	0	0	0	0	0	0	0	0	0	0	0	0	0	0	0	0	0	0	0	0	0	0	0	0	0	0	0	0	0	0	0	0	0	0	0	0	0	0	0	0	0	0	0	0	0	0	0	0	0	0	0	0	0	0	0	0	0	0	0	0	0
Frateuria	0	0	0	0	0	0	0	0	0	0	0	0	0	0	0	0	0	0	0	0	0	0	0	0	0	0	0	0	0	0	0	0	0	0	0	0	0	0	0	0	0	0	0	0	0	0	0	0	0	0	0	0	0	0	0	0	0	0	0	0	0	0	0	0	0	0	0	0	0	0	0	0	0	0	0	0	0	0	0	0	0
Frederiksenia	0	0	0	0	0	0	0	0	0	0	0	0	0	0	0	0	0	0	0	0	0	0	0	0	0	0	0	0	0	0	0	0	0	0	0	0	0	0	0	0	0	0	0	0	0	0	0	0	0	0	0	0	0	0	0	0	0	0	0	0	0	0	0	0	0	0	0	0	0	0	0	0	0	0	0	0	0	0	0	0	0
Fredinandcohnia	0	0	0	0	0	0	0	0	0	0	0	0	0	0	0	0	0	0	0	0	0	0	0	0	0	0	0	0	0	0	0	0	0	0	0	0	0	0	0	0	0	0	0	0	0	0	0	0	0	0	0	0	0	0	0	0	0	0	0	0	0	0	0	0	0	0	0	0	0	0	0	0	0	0	0	0	0	0	0	0	0
Fretibacter	0	0	0	0	0	0	0	0	0	0	0	0	0	0	0	0	0	0	0	0	0	0	0	0	0	0	0	0	0	0	0	0	0	0	0	0	0	0	0	0	0	0	0	0	0	0	0	0	0	0	0	0	0	0	0	0	0	0	0	0	0	0	0	0	0	0	0	0	0	0	0	0	0	0	0	0	0	0	0	0	0
Fretibacterium	0	0	0	0	0	0	0	0	0	0	0	0	0	0	0	0	0	0	0	0	0	0	0	0	0	0	0	0	0	0	0	0	0	0	0	0	0	0	0	0	0	0	0	0	0	0	0	0	0	0	0	0	0	0	0	0	0	0	0	0	0	0	0	0	0	0	0	0	0	0	0	0	0	0	0	0	0	0	0	0	0
Friedmanniella	0	0	0	0	0	0	0	0	0	0	0	0	0	0	0	0	0	0	0	0	0	0	0	0	0	0	0	0	0	0	0	0	0	0	0	0	0	0	0	0	0	0	0	0	0	0	0	0	0	0	0	0	0	0	0	0	0	0	0	0	0	0	0	0	0	0	0	0	0	0	0	0	0	0	0	0	0	0	0	0	0
Frigidibacter	0	0	0	0	0	0	0	0	0	0	0	0	0	0	0	0	0	0	0	0	0	0	0	0	0	0	0	0	0	0	0	0	0	0	0	0	0	0	0	0	0	0	0	0	0	0	0	0	0	0	0	0	0	0	0	0	0	0	0	0	0	0	0	0	0	0	0	0	0	0	0	0	0	0	0	0	0	0	0	0	0
Frigoribacterium	0	0	0	0	0	0	0	0	0	0	0	0	0	0	0	0	0	0	0	0	0	0	0	0	0	0	0	0	0	0	0	0	0	0	0	0	0	0	0	0	0	0	0	0	0	0	0	0	0	0	0	0	0	0	0	0	0	0	0	0	0	0	0	0	0	0	0	0	0	0	0	0	0	0	0	0	0	0	0	0	0
Frigoriglobus	0	0	0	0	0	0	0	0	0	0	0	0	0	0	0	0	0	0	0	0	0	0	0	0	0	0	0	0	0	0	0	0	0	0	0	0	0	0	0	0	0	0	0	0	0	0	0	0	0	0	0	0	0	0	0	0	0	0	0	0	0	0	0	0	0	0	0	0	0	0	0	0	0	0	0	0	0	0	0	0	0
Frischella	0	0	0	0	0	0	0	0	0	0	0	0	0	0	0	0	0	0	0	0	0	0	0	0	0	0	0	0	0	0	0	0	0	0	0	0	0	0	0	0	0	0	0	0	0	0	0	0	0	0	0	0	0	0	0	0	0	0	0	0	0	0	0	0	0	0	0	0	0	0	0	0	0	0	0	0	0	0	0	0	0
Frisingicoccus	0	0	0	0	0	0	0	0	0	0	0	0	0	0	0	0	0	0	0	0	0	0	0	0	0	0	0	0	0	0	0	0	0	0	0	0	0	0	0	0	0	0	0	0	0	0	0	0	0	0	0	0	0	0	0	0	0	0	0	0	0	0	0	0	0	0	0	0	0	0	0	0	0	0	0	0	0	0	0	0	0
Frondihabitans	0	0	0	0	0	0	0	0	0	0	0	0	0	0	0	0	0	0	0	0	0	0	0	0	0	0	0	0	0	0	0	0	0	0	0	0	0	0	0	0	0	0	0	0	0	0	0	0	0	0	0	0	0	0	0	0	0	0	0	0	0	0	0	0	0	0	0	0	0	0	0	0	0	0	0	0	0	0	0	0	0
Fructilactobacillus	0	0	0	0	0	0	0	0	0	0	0	0	0	0	0	0	0	0	0	0	0	0	0	0	0	0	0	0	0	0	0	0	0	0	0	0	0	0	0	0	0	0	0	0	0	0	0	0	0	0	0	0	0	0	0	0	0	0	0	0	0	0	0	0	0	0	0	0	0	0	0	0	0	0	0	0	0	0	0	0	0
Fructobacillus	0	0	0	0	0	0	0	0	0	0	0	0	0	0	0	0	0	0	0	0	0	0	0	0	0	0	0	0	0	0	0	0	0	0	0	0	0	0	0	0	0	0	0	0	0	0	0	0	0	0	0	0	0	0	0	0	0	0	0	0	0	0	0	0	0	0	0	0	0	0	0	0	0	0	0	0	0	0	0	0	0
Fuerstiella	0	0	0	0	0	0	0	0	0	0	0	0	0	0	0	0	0	0	0	0	0	0	0	0	0	0	0	0	0	0	0	0	0	0	0	0	0	0	0	0	0	0	0	0	0	0	0	0	0	0	0	0	0	0	0	0	0	0	0	0	0	0	0	0	0	0	0	0	0	0	0	0	0	0	0	0	0	0	0	0	0
Fulvimarina	0	0	0	0	0	0	0	0	0	0	0	0	0	0	0	0	0	0	0	0	0	0	0	0	0	0	0	0	0	0	0	0	0	0	0	0	0	0	0	0	0	0	0	0	0	0	0	0	0	0	0	0	0	0	0	0	0	0	0	0	0	0	0	0	0	0	0	0	0	0	0	0	0	0	0	0	0	0	0	0	0
Fulvimonas	0	0	0	0	0	0	0	0	0	0	0	0	0	0	0	0	0	0	0	0	0	0	0	0	0	0	0	0	0	0	0	0	0	0	0	0	0	0	0	0	0	0	0	0	0	0	0	0	0	0	0	0	0	0	0	0	0	0	0	0	0	0	0	0	0	0	0	0	0	0	0	0	0	0	0	0	0	0	0	0	0
Fulvitalea	0	0	0	0	0	0	0	0	0	0	0	0	0	0	0	0	0	0	0	0	0	0	0	0	0	0	0	0	0	0	0	0	0	0	0	0	0	0	0	0	0	0	0	0	0	0	0	0	0	0	0	0	0	0	0	0	0	0	0	0	0	0	0	0	0	0	0	0	0	0	0	0	0	0	0	0	0	0	0	0	0
Fulvivirga	0	0	0	0	0	0	0	0	0	0	0	0	0	0	0	0	0	0	0	0	0	0	0	0	0	0	0	0	0	0	0	0	0	0	0	0	0	0	0	0	0	0	0	0	0	0	0	0	0	0	0	0	0	0	0	0	0	0	0	0	0	0	0	0	0	0	0	0	0	0	0	0	0	0	0	0	0	0	0	0	0
Fundicoccus	0	0	0	0	0	0	0	0	0	0	0	0	0	0	0	0	0	0	0	0	0	0	0	0	0	0	0	0	0	0	0	0	0	0	0	0	0	0	0	0	0	0	0	0	0	0	0	0	0	0	0	0	0	0	0	0	0	0	0	0	0	0	0	0	0	0	0	0	0	0	0	0	0	0	0	0	0	0	0	0	0
Fundidesulfovibrio	0	0	0	0	0	0	0	0	0	0	0	0	0	0	0	0	0	0	0	0	0	0	0	0	0	0	0	0	0	0	0	0	0	0	0	0	0	0	0	0	0	0	0	0	0	0	0	0	0	0	0	0	0	0	0	0	0	0	0	0	0	0	0	0	0	0	0	0	0	0	0	0	0	0	0	0	0	0	0	0	0
Furfurilactobacillus	0	0	0	0	0	0	0	0	0	0	0	0	0	0	0	0	0	0	0	0	0	0	0	0	0	0	0	0	0	0	0	0	0	0	0	0	0	0	0	0	0	0	0	0	0	0	0	0	0	0	0	0	0	0	0	0	0	0	0	0	0	0	0	0	0	0	0	0	0	0	0	0	0	0	0	0	0	0	0	0	0
Fuscibacter	0	0	0	0	0	0	0	0	0	0	0	0	0	0	0	0	0	0	0	0	0	0	0	0	0	0	0	0	0	0	0	0	0	0	0	0	0	0	0	0	0	0	0	0	0	0	0	0	0	0	0	0	0	0	0	0	0	0	0	0	0	0	0	0	0	0	0	0	0	0	0	0	0	0	0	0	0	0	0	0	0
Fuscovulum	0	0	0	0	0	0	0	0	0	0	0	0	0	0	0	0	0	0	0	0	0	0	0	0	0	0	0	0	0	0	0	0	0	0	0	0	0	0	0	0	0	0	0	0	0	0	0	0	0	0	0	0	0	0	0	0	0	0	0	0	0	0	0	0	0	0	0	0	0	0	0	0	0	0	0	0	0	0	0	0	0
Fusibacter	0	0	0	0	0	0	0	0	0	0	0	0	0	0	0	0	0	0	0	0	0	0	0	0	0	0	0	0	0	0	0	0	0	0	0	0	0	0	0	0	0	0	0	0	0	0	0	0	0	0	0	0	0	0	0	0	0	0	0	0	0	0	0	0	0	0	0	0	0	0	0	0	0	0	0	0	0	0	0	0	0
Fusicatenibacter	0	0	0	0	0	0	0	0	0	0	0	0	0	0	0	0	0	0	0	0	0	0	0	0	0	0	0	0	0	0	0	0	0	0	0	0	0	0	0	0	0	0	0	0	0	0	0	0	0	0	0	0	0	0	0	0	0	0	0	0	0	0	0	0	0	0	0	0	0	0	0	0	0	0	0	0	0	0	0	0	0
Fusobacterium	0.2233206023105819	0.0020430430627666	0.0013584760827407	0.0042529514224888	0.0019124778882203	0.0014552529648287	0.0017214790843564	0.0032110535155447	0.0013489288727456	0.0049301395189072	0.0057156242679784	0.0076391325868386	0.0034793396365976	0.0020054623488099	0.0013809015247519	0.0013543183478502	0.0023045070186825	0.0125199602148937	0.0033676729059489	0.0031337334101971	0.0040735954544985	0.002264769286364	0.0010274140499937	0.0026657322002928	0.008443397388013699	0.005905522508589	0.0035596160294901	0.0002853449851225	0.0009093589414835	0.004090586226947	0.0036053970360539	0.0035900657268329	0.0009282842750356	0.0034852141611459	0.000780245479642	0.0035660580021482	0.0016418180544529	0.0034648915165282	0.0020826082615726	0.0013295302746435	3.584342612951729e-05	0.0007673831634607	0.0037414069642223	0.00299488844492	0.0045763928776565	0.0038461503173165	0.0017541532157018	0.0015502517790351	0.0043704197201865	0.0011996704037053	0.0036824897464348	0.0003741786679206	0.003332129199417	0.0038450901716098	0.0050261956801234	0.0004662494132297	0.0010828076469558	0.0020480336053236	0.0018019273858113	0.0035798180727708	0.0022123191982611	0.0014343265417062	0.0002640824314446	0.0033785686513071	0.0005828101969451	0.0011896960639095	0.0035310426369391	0.0014292408316484	0.002358824361938	0.003184996595217	0.0031947809202348	0.0016615109335466	0.0016755624619958	0.003773534230387	0.0063593292082364	0.0011955128694669	0.0002797232994394	0.002275095987087	0.0055802500998341	0.0022309110772981	0.0026190992778104
Gabonibacter	0	0	0	0	0	0	0	0	0	0	0	0	0	0	0	0	0	0	0	0	0	0	0	0	0	0	0	0	0	0	0	0	0	0	0	0	0	0	0	0	0	0	0	0	0	0	0	0	0	0	0	0	0	0	0	0	0	0	0	0	0	0	0	0	0	0	0	0	0	0	0	0	0	0	0	0	0	0	0	0	0
Gaetbulibacter	0	0	0	0	0	0	0	0	0	0	0	0	0	0	0	0	0	0	0	0	0	0	0	0	0	0	0	0	0	0	0	0	0	0	0	0	0	0	0	0	0	0	0	0	0	0	0	0	0	0	0	0	0	0	0	0	0	0	0	0	0	0	0	0	0	0	0	0	0	0	0	0	0	0	0	0	0	0	0	0	0
Gaiella	0	0	0	0	0	0	0	0	0	0	0	0	0	0	0	0	0	0	0	0	0	0	0	0	0	0	0	0	0	0	0	0	0	0	0	0	0	0	0	0	0	0	0	0	0	0	0	0	0	0	0	0	0	0	0	0	0	0	0	0	0	0	0	0	0	0	0	0	0	0	0	0	0	0	0	0	0	0	0	0	0
Galactobacillus	0	0	0	0	0	0	0	0	0	0	0	0	0	0	0	0	0	0	0	0	0	0	0	0	0	0	0	0	0	0	0	0	0	0	0	0	0	0	0	0	0	0	0	0	0	0	0	0	0	0	0	0	0	0	0	0	0	0	0	0	0	0	0	0	0	0	0	0	0	0	0	0	0	0	0	0	0	0	0	0	0
Galactobacter	0	0	0	0	0	0	0	0	0	0	0	0	0	0	0	0	0	0	0	0	0	0	0	0	0	0	0	0	0	0	0	0	0	0	0	0	0	0	0	0	0	0	0	0	0	0	0	0	0	0	0	0	0	0	0	0	0	0	0	0	0	0	0	0	0	0	0	0	0	0	0	0	0	0	0	0	0	0	0	0	0
Galbibacter	0	0	0	0	0	0	0	0	0	0	0	0	0	0	0	0	0	0	0	0	0	0	0	0	0	0	0	0	0	0	0	0	0	0	0	0	0	0	0	0	0	0	0	0	0	0	0	0	0	0	0	0	0	0	0	0	0	0	0	0	0	0	0	0	0	0	0	0	0	0	0	0	0	0	0	0	0	0	0	0	0
Galbitalea	0	0	0	0	0	0	0	0	0	0	0	0	0	0	0	0	0	0	0	0	0	0	0	0	0	0	0	0	0	0	0	0	0	0	0	0	0	0	0	0	0	0	0	0	0	0	0	0	0	0	0	0	0	0	0	0	0	0	0	0	0	0	0	0	0	0	0	0	0	0	0	0	0	0	0	0	0	0	0	0	0
Gallaecimonas	0	0	0	0	0	0	0	0	0	0	0	0	0	0	0	0	0	0	0	0	0	0	0	0	0	0	0	0	0	0	0	0	0	0	0	0	0	0	0	0	0	0	0	0	0	0	0	0	0	0	0	0	0	0	0	0	0	0	0	0	0	0	0	0	0	0	0	0	0	0	0	0	0	0	0	0	0	0	0	0	0
Gallibacter	0	0	0	0	0	0	0	0	0	0	0	0	0	0	0	0	0	0	0	0	0	0	0	0	0	0	0	0	0	0	0	0	0	0	0	0	0	0	0	0	0	0	0	0	0	0	0	0	0	0	0	0	0	0	0	0	0	0	0	0	0	0	0	0	0	0	0	0	0	0	0	0	0	0	0	0	0	0	0	0	0
Gallibacterium	0	0	0	0	0	0	0	0	0	0	0	0	0	0	0	0	0	0	0	0	0	0	0	0	0	0	0	0	0	0	0	0	0	0	0	0	0	0	0	0	0	0	0	0	0	0	0	0	0	0	0	0	0	0	0	0	0	0	0	0	0	0	0	0	0	0	0	0	0	0	0	0	0	0	0	0	0	0	0	0	0
Gallintestinimicrobium	0	0	0	0	0	0	0	0	0	0	0	0	0	0	0	0	0	0	0	0	0	0	0	0	0	0	0	0	0	0	0	0	0	0	0	0	0	0	0	0	0	0	0	0	0	0	0	0	0	0	0	0	0	0	0	0	0	0	0	0	0	0	0	0	0	0	0	0	0	0	0	0	0	0	0	0	0	0	0	0	0
Gallionella	0	0	0	0	0	0	0	0	0	0	0	0	0	0	0	0	0	0	0	0	0	0	0	0	0	0	0	0	0	0	0	0	0	0	0	0	0	0	0	0	0	0	0	0	0	0	0	0	0	0	0	0	0	0	0	0	0	0	0	0	0	0	0	0	0	0	0	0	0	0	0	0	0	0	0	0	0	0	0	0	0
Galliscardovia	0	0	0	0	0	0	0	0	0	0	0	0	0	0	0	0	0	0	0	0	0	0	0	0	0	0	0	0	0	0	0	0	0	0	0	0	0	0	0	0	0	0	0	0	0	0	0	0	0	0	0	0	0	0	0	0	0	0	0	0	0	0	0	0	0	0	0	0	0	0	0	0	0	0	0	0	0	0	0	0	0
Gaopeijia	0	0	0	0	0	0	0	0	0	0	0	0	0	0	0	0	0	0	0	0	0	0	0	0	0	0	0	0	0	0	0	0	0	0	0	0	0	0	0	0	0	0	0	0	0	0	0	0	0	0	0	0	0	0	0	0	0	0	0	0	0	0	0	0	0	0	0	0	0	0	0	0	0	0	0	0	0	0	0	0	0
Gaoshiqia	0	0	0	0	0	0	0	0	0	0	0	0	0	0	0	0	0	0	0	0	0	0	0	0	0	0	0	0	0	0	0	0	0	0	0	0	0	0	0	0	0	0	0	0	0	0	0	0	0	0	0	0	0	0	0	0	0	0	0	0	0	0	0	0	0	0	0	0	0	0	0	0	0	0	0	0	0	0	0	0	0
Gardnerella	0	0	0	0	0	0	0	0	0	0	0	0	0	0	0	0	0	0	0	0	0	0	0	0	0	0	0	0	0	0	0	0	0	0	0	0	0	0	0	0	0	0	0	0	0	0	0	0	0	0	0	0	0	0	0	0	0	0	0	0	0	0	0	0	0	0	0	0	0	0	0	0	0	0	0	0	0	0	0	0	0
Gayadomonas	0	0	0	0	0	0	0	0	0	0	0	0	0	0	0	0	0	0	0	0	0	0	0	0	0	0	0	0	0	0	0	0	0	0	0	0	0	0	0	0	0	0	0	0	0	0	0	0	0	0	0	0	0	0	0	0	0	0	0	0	0	0	0	0	0	0	0	0	0	0	0	0	0	0	0	0	0	0	0	0	0
Geitlerinema	0	0	0	0	0	0	0	0	0	0	0	0	0	0	0	0	0	0	0	0	0	0	0	0	0	0	0	0	0	0	0	0	0	0	0	0	0	0	0	0	0	0	0	0	0	0	0	0	0	0	0	0	0	0	0	0	0	0	0	0	0	0	0	0	0	0	0	0	0	0	0	0	0	0	0	0	0	0	0	0	0
Gelidibacter	0	0	0	0	0	0	0	0	0	0	0	0	0	0	0	0	0	0	0	0	0	0	0	0	0	0	0	0	0	0	0	0	0	0	0	0	0	0	0	0	0	0	0	0	0	0	0	0	0	0	0	0	0	0	0	0	0	0	0	0	0	0	0	0	0	0	0	0	0	0	0	0	0	0	0	0	0	0	0	0	0
Gellertiella	0	0	0	0	0	0	0	0	0	0	0	0	0	0	0	0	0	0	0	0	0	0	0	0	0	0	0	0	0	0	0	0	0	0	0	0	0	0	0	0	0	0	0	0	0	0	0	0	0	0	0	0	0	0	0	0	0	0	0	0	0	0	0	0	0	0	0	0	0	0	0	0	0	0	0	0	0	0	0	0	0
Gelria	0	0	0	0	0	0	0	0	0	0	0	0	0	0	0	0	0	0	0	0	0	0	0	0	0	0	0	0	0	0	0	0	0	0	0	0	0	0	0	0	0	0	0	0	0	0	0	0	0	0	0	0	0	0	0	0	0	0	0	0	0	0	0	0	0	0	0	0	0	0	0	0	0	0	0	0	0	0	0	0	0
Gemella	0	0	0	0	0	0	0	0	0	0	0	0	0	0	0	0	0	0	0	0	0	0	0	0	0	0	0	0	0	0	0	0	0	0	0	0	0	0	0	0	0	0	0	0	0	0	0	0	0	0	0	0	0	0	0	0	0	0	0	0	0	0	0	0	0	0	0	0	0	0	0	0	0	0	0	0	0	0	0	0	0
Gemelliphila	0	0	0	0	0	0	0	0	0	0	0	0	0	0	0	0	0	0	0	0	0	0	0	0	0	0	0	0	0	0	0	0	0	0	0	0	0	0	0	0	0	0	0	0	0	0	0	0	0	0	0	0	0	0	0	0	0	0	0	0	0	0	0	0	0	0	0	0	0	0	0	0	0	0	0	0	0	0	0	0	0
Geminicoccus	0	0	0	0	0	0	0	0	0	0	0	0	0	0	0	0	0	0	0	0	0	0	0	0	0	0	0	0	0	0	0	0	0	0	0	0	0	0	0	0	0	0	0	0	0	0	0	0	0	0	0	0	0	0	0	0	0	0	0	0	0	0	0	0	0	0	0	0	0	0	0	0	0	0	0	0	0	0	0	0	0
Geminocystis	0.001571164734052514	6.157453474281548e-06	1.178355957767722e-05	2.903038513644281e-05	1.063226067113487e-05	1.594797769675319e-05	2.356397225735e-05	4.984231703338529e-05	9.716174353510048e-06	2.020548983158724e-05	0	2.605120440847676e-05	9.862368058385218e-06	2.601118480946807e-06	2.335233694619933e-05	9.885535385768191e-06	4.070768040852419e-05	9.303489992827854e-06	9.621922588425469e-06	1.390393663227403e-05	8.516539792635703e-06	1.661453855195989e-05	1.339840491989429e-05	7.509104789557339e-05	1.805898721916223e-05	1.7389962296388e-05	1.809360909601916e-05	1.214233979245099e-06	1.242602280288148e-05	2.712365504813601e-05	2.211900022119e-05	2.354450240577726e-05	6.588248935668384e-06	1.214830652607027e-05	1.775659056749019e-05	4.296455424274973e-05	1.459393826180358e-05	2.947840323743616e-05	3.452352404936678e-05	2.205381972157577e-05	4.254412596975346e-07	8.175246769823748e-06	1.952038416116029e-05	1.140547805110795e-05	1.292360712234348e-05	8.257479211796085e-06	2.316408808249785e-05	4.067259965177997e-05	7.106373528758606e-05	1.669687409471636e-05	5.335509694324698e-05	3.796254681153394e-06	3.381065676311008e-05	2.789813058265852e-05	2.209758292620211e-05	7.795183502273636e-06	2.306733082487418e-05	1.150580677148108e-05	8.199897091291504e-06	2.394875383180061e-05	2.030232702734596e-05	2.250602901892757e-05	0	4.478520405428238e-05	1.080612231665973e-06	2.510555862685916e-05	3.205182423847982e-05	7.831456611772506e-06	2.731270313822959e-05	1.52452968259292e-05	2.26837611490686e-05	2.011800987912626e-05	4.504200166655406e-06	3.357236859774931e-05	2.108397748231205e-05	9.719616824934428e-06	3.358598792583734e-06	2.486443701734501e-05	2.790125049917081e-05	1.488100774184428e-05	8.609793812657775e-06
Gemmata	0	0	0	0	0	0	0	0	0	0	0	0	0	0	0	0	0	0	0	0	0	0	0	0	0	0	0	0	0	0	0	0	0	0	0	0	0	0	0	0	0	0	0	0	0	0	0	0	0	0	0	0	0	0	0	0	0	0	0	0	0	0	0	0	0	0	0	0	0	0	0	0	0	0	0	0	0	0	0	0	0
Gemmatimonas	0	0	0	0	0	0	0	0	0	0	0	0	0	0	0	0	0	0	0	0	0	0	0	0	0	0	0	0	0	0	0	0	0	0	0	0	0	0	0	0	0	0	0	0	0	0	0	0	0	0	0	0	0	0	0	0	0	0	0	0	0	0	0	0	0	0	0	0	0	0	0	0	0	0	0	0	0	0	0	0	0
Gemmatirosa	0	0	0	0	0	0	0	0	0	0	0	0	0	0	0	0	0	0	0	0	0	0	0	0	0	0	0	0	0	0	0	0	0	0	0	0	0	0	0	0	0	0	0	0	0	0	0	0	0	0	0	0	0	0	0	0	0	0	0	0	0	0	0	0	0	0	0	0	0	0	0	0	0	0	0	0	0	0	0	0	0
Gemmiger	0	0	0	0	0	0	0	0	0	0	0	0	0	0	0	0	0	0	0	0	0	0	0	0	0	0	0	0	0	0	0	0	0	0	0	0	0	0	0	0	0	0	0	0	0	0	0	0	0	0	0	0	0	0	0	0	0	0	0	0	0	0	0	0	0	0	0	0	0	0	0	0	0	0	0	0	0	0	0	0	0
Gemmobacter	0	0	0	0	0	0	0	0	0	0	0	0	0	0	0	0	0	0	0	0	0	0	0	0	0	0	0	0	0	0	0	0	0	0	0	0	0	0	0	0	0	0	0	0	0	0	0	0	0	0	0	0	0	0	0	0	0	0	0	0	0	0	0	0	0	0	0	0	0	0	0	0	0	0	0	0	0	0	0	0	0
Geoalkalibacter	0	0	0	0	0	0	0	0	0	0	0	0	0	0	0	0	0	0	0	0	0	0	0	0	0	0	0	0	0	0	0	0	0	0	0	0	0	0	0	0	0	0	0	0	0	0	0	0	0	0	0	0	0	0	0	0	0	0	0	0	0	0	0	0	0	0	0	0	0	0	0	0	0	0	0	0	0	0	0	0	0
Geobacillus	0.1604999626478439	0.0010683181777878	0.0009948691014866999	0.0017611766982775	0.0014725681029521	0.0008671712872609	0.0015905681273711	0.0043770616594772	0.0021116485594961	0.0024751725043694	0.0022643866635433	0.0021254717949739	0.0020358003960519	0.0016361035245155	0.0022246992997412	0.0019187824183776	0.0050975062022674	0.0016441804132779	0.001998152590863	0.0018444106709505	0.0018673634092694	0.0020809709536329	0.0006129770250851	0.0027095353115652	0.0014233765380921	0.0018927887086974	0.0019408411356996	0.000334521461282	0.0037537885249068	0.0017749041772124	0.0027316965273169	0.0025465733802088	0.0009994373635408	0.0016089757087861	0.0013202547339592	0.0028643036161833	0.0013445881785208	0.0016873438013108	0.0023046784973496	0.0040400497366143	0.0001091256831124	0.0013047693844638	0.0024367946227848	0.0011871201738194	0.0016025272831705	0.0009597025839487	0.0015646288586632	0.0025279585014337	0.0035265378636464	0.0009959685397498	0.0048582779938878	0.0003781399771531	0.0036746845376748	0.0017381748315195	0.0034150809976857	0.0003322696967844	0.0019539386110481	0.0017039053846129	0.0014770064635688	0.0049074120351859	0.0020276949118561	0.0012447565280468	0.0002546509160359	0.0025446138667205	0.000381456117778	0.0017230610951454	0.004925296991313	0.0012765274277189	0.0027263043677978	0.0020022156498053	0.0013265463519975	0.0032745019609142	0.0023241672859941	0.0018129079042784	0.0019798858854818	0.002127901826316	0.000240859513411	0.0021328161530433	0.0019966832388469	0.0020907815877291	0.0020852920614257
Geobacter	0.1493446113848816	0.0004501098489699	0.0004141079508726	0.0008080123862976	0.001093793816543	0.000488406816963	0.0006689549901947	0.0315396140694288	0.0033504607895687	0.0012527403695584	0.0012649332396345	0.000639020719902	0.000719433796259	0.0009806216673169	0.0034506969894167	0.0021431840716345	0.0066828442003993	0.0007214433603529	0.0014753614635585	0.000808567391846	0.0007409389619593	0.0009304141589097	0.0001358111044152	0.0042614169680737	0.0007568357370939	0.0010607877000796	0.0009034742141944999	0.0001329586207273	0.007808060873956	0.0007730241688718	0.0023667330236673	0.0026803061538736	0.0004506362271997	0.0007356474507453	0.0005024070625272	0.0014178302900107	0.0009957930540636999	0.0006214047402451	0.0014667832379893	0.0073817285153788	4.467133226824114e-05	0.0007434024396026	0.0014737890041676	0.0005313051858807	0.0008931648477886	0.0008633653264777	0.001046595616091	0.0038435606670932	0.0039173884077281	0.0005660240318108	0.001627330456769	8.104178471505726e-05	0.003587488633391	0.0011037956013138	0.0021675719979429	0.0003627196323401	0.0025916824632652	0.0007175439495669	0.0010731615318227	0.0014910702385712	0.0010982290026354	0.0005955441525008	5.187333474806065e-05	0.0021781894699128	0.0001058999987032	0.0011522939051389	0.0017031983268947	0.0006917786673732	0.0027834127470868	0.0013492087690947	0.0006750687317962	0.0007917028593609	0.0029187217079927	0.0011817473746407	0.0011089168156768	0.0015475018501984	0.0001508970457525	0.0006582169021536	0.0010602475189684	0.0017063555543981	0.0020336332985497
Geochorda	0	0	0	0	0	0	0	0	0	0	0	0	0	0	0	0	0	0	0	0	0	0	0	0	0	0	0	0	0	0	0	0	0	0	0	0	0	0	0	0	0	0	0	0	0	0	0	0	0	0	0	0	0	0	0	0	0	0	0	0	0	0	0	0	0	0	0	0	0	0	0	0	0	0	0	0	0	0	0	0	0
Geodermatophilus	0	0	0	0	0	0	0	0	0	0	0	0	0	0	0	0	0	0	0	0	0	0	0	0	0	0	0	0	0	0	0	0	0	0	0	0	0	0	0	0	0	0	0	0	0	0	0	0	0	0	0	0	0	0	0	0	0	0	0	0	0	0	0	0	0	0	0	0	0	0	0	0	0	0	0	0	0	0	0	0	0
Geofilum	0	0	0	0	0	0	0	0	0	0	0	0	0	0	0	0	0	0	0	0	0	0	0	0	0	0	0	0	0	0	0	0	0	0	0	0	0	0	0	0	0	0	0	0	0	0	0	0	0	0	0	0	0	0	0	0	0	0	0	0	0	0	0	0	0	0	0	0	0	0	0	0	0	0	0	0	0	0	0	0	0
Geomicrobium	0	0	0	0	0	0	0	0	0	0	0	0	0	0	0	0	0	0	0	0	0	0	0	0	0	0	0	0	0	0	0	0	0	0	0	0	0	0	0	0	0	0	0	0	0	0	0	0	0	0	0	0	0	0	0	0	0	0	0	0	0	0	0	0	0	0	0	0	0	0	0	0	0	0	0	0	0	0	0	0	0
Geomonas	0	0	0	0	0	0	0	0	0	0	0	0	0	0	0	0	0	0	0	0	0	0	0	0	0	0	0	0	0	0	0	0	0	0	0	0	0	0	0	0	0	0	0	0	0	0	0	0	0	0	0	0	0	0	0	0	0	0	0	0	0	0	0	0	0	0	0	0	0	0	0	0	0	0	0	0	0	0	0	0	0
Geopseudomonas	0	0	0	0	0	0	0	0	0	0	0	0	0	0	0	0	0	0	0	0	0	0	0	0	0	0	0	0	0	0	0	0	0	0	0	0	0	0	0	0	0	0	0	0	0	0	0	0	0	0	0	0	0	0	0	0	0	0	0	0	0	0	0	0	0	0	0	0	0	0	0	0	0	0	0	0	0	0	0	0	0
Geopsychrobacter	0	0	0	0	0	0	0	0	0	0	0	0	0	0	0	0	0	0	0	0	0	0	0	0	0	0	0	0	0	0	0	0	0	0	0	0	0	0	0	0	0	0	0	0	0	0	0	0	0	0	0	0	0	0	0	0	0	0	0	0	0	0	0	0	0	0	0	0	0	0	0	0	0	0	0	0	0	0	0	0	0
Georgenia	0	0	0	0	0	0	0	0	0	0	0	0	0	0	0	0	0	0	0	0	0	0	0	0	0	0	0	0	0	0	0	0	0	0	0	0	0	0	0	0	0	0	0	0	0	0	0	0	0	0	0	0	0	0	0	0	0	0	0	0	0	0	0	0	0	0	0	0	0	0	0	0	0	0	0	0	0	0	0	0	0
Georhizobium	0	0	0	0	0	0	0	0	0	0	0	0	0	0	0	0	0	0	0	0	0	0	0	0	0	0	0	0	0	0	0	0	0	0	0	0	0	0	0	0	0	0	0	0	0	0	0	0	0	0	0	0	0	0	0	0	0	0	0	0	0	0	0	0	0	0	0	0	0	0	0	0	0	0	0	0	0	0	0	0	0
Geosporobacter	0	0	0	0	0	0	0	0	0	0	0	0	0	0	0	0	0	0	0	0	0	0	0	0	0	0	0	0	0	0	0	0	0	0	0	0	0	0	0	0	0	0	0	0	0	0	0	0	0	0	0	0	0	0	0	0	0	0	0	0	0	0	0	0	0	0	0	0	0	0	0	0	0	0	0	0	0	0	0	0	0
Geotalea	0	0	0	0	0	0	0	0	0	0	0	0	0	0	0	0	0	0	0	0	0	0	0	0	0	0	0	0	0	0	0	0	0	0	0	0	0	0	0	0	0	0	0	0	0	0	0	0	0	0	0	0	0	0	0	0	0	0	0	0	0	0	0	0	0	0	0	0	0	0	0	0	0	0	0	0	0	0	0	0	0
Geothermobacter	0	0	0	0	0	0	0	0	0	0	0	0	0	0	0	0	0	0	0	0	0	0	0	0	0	0	0	0	0	0	0	0	0	0	0	0	0	0	0	0	0	0	0	0	0	0	0	0	0	0	0	0	0	0	0	0	0	0	0	0	0	0	0	0	0	0	0	0	0	0	0	0	0	0	0	0	0	0	0	0	0
Geothrix	0	0	0	0	0	0	0	0	0	0	0	0	0	0	0	0	0	0	0	0	0	0	0	0	0	0	0	0	0	0	0	0	0	0	0	0	0	0	0	0	0	0	0	0	0	0	0	0	0	0	0	0	0	0	0	0	0	0	0	0	0	0	0	0	0	0	0	0	0	0	0	0	0	0	0	0	0	0	0	0	0
Geovibrio	0	0	0	0	0	0	0	0	0	0	0	0	0	0	0	0	0	0	0	0	0	0	0	0	0	0	0	0	0	0	0	0	0	0	0	0	0	0	0	0	0	0	0	0	0	0	0	0	0	0	0	0	0	0	0	0	0	0	0	0	0	0	0	0	0	0	0	0	0	0	0	0	0	0	0	0	0	0	0	0	0
Gephyromycinifex	0	0	0	0	0	0	0	0	0	0	0	0	0	0	0	0	0	0	0	0	0	0	0	0	0	0	0	0	0	0	0	0	0	0	0	0	0	0	0	0	0	0	0	0	0	0	0	0	0	0	0	0	0	0	0	0	0	0	0	0	0	0	0	0	0	0	0	0	0	0	0	0	0	0	0	0	0	0	0	0	0
Gibbsiella	0	0	0	0	0	0	0	0	0	0	0	0	0	0	0	0	0	0	0	0	0	0	0	0	0	0	0	0	0	0	0	0	0	0	0	0	0	0	0	0	0	0	0	0	0	0	0	0	0	0	0	0	0	0	0	0	0	0	0	0	0	0	0	0	0	0	0	0	0	0	0	0	0	0	0	0	0	0	0	0	0
Giesbergeria	0	0	0	0	0	0	0	0	0	0	0	0	0	0	0	0	0	0	0	0	0	0	0	0	0	0	0	0	0	0	0	0	0	0	0	0	0	0	0	0	0	0	0	0	0	0	0	0	0	0	0	0	0	0	0	0	0	0	0	0	0	0	0	0	0	0	0	0	0	0	0	0	0	0	0	0	0	0	0	0	0
Gilliamella	0	0	0	0	0	0	0	0	0	0	0	0	0	0	0	0	0	0	0	0	0	0	0	0	0	0	0	0	0	0	0	0	0	0	0	0	0	0	0	0	0	0	0	0	0	0	0	0	0	0	0	0	0	0	0	0	0	0	0	0	0	0	0	0	0	0	0	0	0	0	0	0	0	0	0	0	0	0	0	0	0
Gillisia	0	0	0	0	0	0	0	0	0	0	0	0	0	0	0	0	0	0	0	0	0	0	0	0	0	0	0	0	0	0	0	0	0	0	0	0	0	0	0	0	0	0	0	0	0	0	0	0	0	0	0	0	0	0	0	0	0	0	0	0	0	0	0	0	0	0	0	0	0	0	0	0	0	0	0	0	0	0	0	0	0
Gilvibacter	0	0	0	0	0	0	0	0	0	0	0	0	0	0	0	0	0	0	0	0	0	0	0	0	0	0	0	0	0	0	0	0	0	0	0	0	0	0	0	0	0	0	0	0	0	0	0	0	0	0	0	0	0	0	0	0	0	0	0	0	0	0	0	0	0	0	0	0	0	0	0	0	0	0	0	0	0	0	0	0	0
Gilvimarinus	0	0	0	0	0	0	0	0	0	0	0	0	0	0	0	0	0	0	0	0	0	0	0	0	0	0	0	0	0	0	0	0	0	0	0	0	0	0	0	0	0	0	0	0	0	0	0	0	0	0	0	0	0	0	0	0	0	0	0	0	0	0	0	0	0	0	0	0	0	0	0	0	0	0	0	0	0	0	0	0	0
Gimesia	0	0	0	0	0	0	0	0	0	0	0	0	0	0	0	0	0	0	0	0	0	0	0	0	0	0	0	0	0	0	0	0	0	0	0	0	0	0	0	0	0	0	0	0	0	0	0	0	0	0	0	0	0	0	0	0	0	0	0	0	0	0	0	0	0	0	0	0	0	0	0	0	0	0	0	0	0	0	0	0	0
Glaciecola	7.397907239713292e-05	1.23149069485631e-06	0	0	0	0	0	3.020746486871836e-06	0	0	0	0	0	0	0	0	0	0	0	0	8.964778729090214e-07	0	0	0	0	0	0	1.821350968867648e-06	0	0	0	0	0	0	0	1.432151808091658e-05	0	0	9.330682175504534e-07	0	1.063603149243837e-07	2.725082256607916e-06	0	0	0	9.17497690199565e-07	0	0	8.882966910948258e-06	1.669687409471636e-06	9.880573508008701e-07	0	8.897541253450022e-07	1.212962199246023e-06	0	2.435994844460511e-07	1.356901813227893e-06	0	0	1.041250166600027e-06	0	8.656165007279835e-07	0	4.071382186752944e-06	3.602040772219909e-07	5.123583393236563e-07	8.903284510688838e-07	6.526213843143756e-06	0	1.270441402160767e-06	2.722051337888233e-06	0	0	6.714473719549861e-06	5.019994638645725e-07	6.942583446381734e-07	0	1.381357612074723e-06	3.487656312396352e-06	0	1.721958762531555e-06
Glacieibacterium	0	0	0	0	0	0	0	0	0	0	0	0	0	0	0	0	0	0	0	0	0	0	0	0	0	0	0	0	0	0	0	0	0	0	0	0	0	0	0	0	0	0	0	0	0	0	0	0	0	0	0	0	0	0	0	0	0	0	0	0	0	0	0	0	0	0	0	0	0	0	0	0	0	0	0	0	0	0	0	0	0
Glaciibacter	0	0	0	0	0	0	0	0	0	0	0	0	0	0	0	0	0	0	0	0	0	0	0	0	0	0	0	0	0	0	0	0	0	0	0	0	0	0	0	0	0	0	0	0	0	0	0	0	0	0	0	0	0	0	0	0	0	0	0	0	0	0	0	0	0	0	0	0	0	0	0	0	0	0	0	0	0	0	0	0	0
Glaciihabitans	0	0	0	0	0	0	0	0	0	0	0	0	0	0	0	0	0	0	0	0	0	0	0	0	0	0	0	0	0	0	0	0	0	0	0	0	0	0	0	0	0	0	0	0	0	0	0	0	0	0	0	0	0	0	0	0	0	0	0	0	0	0	0	0	0	0	0	0	0	0	0	0	0	0	0	0	0	0	0	0	0
Glaciimonas	0	0	0	0	0	0	0	0	0	0	0	0	0	0	0	0	0	0	0	0	0	0	0	0	0	0	0	0	0	0	0	0	0	0	0	0	0	0	0	0	0	0	0	0	0	0	0	0	0	0	0	0	0	0	0	0	0	0	0	0	0	0	0	0	0	0	0	0	0	0	0	0	0	0	0	0	0	0	0	0	0
Glaesserella	0	0	0	0	0	0	0	0	0	0	0	0	0	0	0	0	0	0	0	0	0	0	0	0	0	0	0	0	0	0	0	0	0	0	0	0	0	0	0	0	0	0	0	0	0	0	0	0	0	0	0	0	0	0	0	0	0	0	0	0	0	0	0	0	0	0	0	0	0	0	0	0	0	0	0	0	0	0	0	0	0
Gleimia	0	0	0	0	0	0	0	0	0	0	0	0	0	0	0	0	0	0	0	0	0	0	0	0	0	0	0	0	0	0	0	0	0	0	0	0	0	0	0	0	0	0	0	0	0	0	0	0	0	0	0	0	0	0	0	0	0	0	0	0	0	0	0	0	0	0	0	0	0	0	0	0	0	0	0	0	0	0	0	0	0
Globicatella	0	0	0	0	0	0	0	0	0	0	0	0	0	0	0	0	0	0	0	0	0	0	0	0	0	0	0	0	0	0	0	0	0	0	0	0	0	0	0	0	0	0	0	0	0	0	0	0	0	0	0	0	0	0	0	0	0	0	0	0	0	0	0	0	0	0	0	0	0	0	0	0	0	0	0	0	0	0	0	0	0
Gloeobacter	0.003554079325884923	2.031959646512911e-05	1.010019392372334e-05	2.903038513644281e-05	4.917420560399879e-05	1.295773187861197e-05	1.963664354779167e-05	0.0001253609792051	4.696150937529857e-05	6.061646949476173e-05	6.24658389943e-05	2.29863568310089e-05	3.114432018437437e-05	2.601118480946807e-05	0.0001074207499525	4.843912339026413e-05	0.0004183844930876	3.552241633625181e-05	4.169499788317704e-05	2.246020532905805e-05	2.823905299663417e-05	2.907544246592981e-05	3.654110432698442e-06	8.447742888252006e-05	2.462589166249395e-05	3.206274298396537e-05	3.377473697923577e-05	3.642701937735296e-06	9.714890554980068e-05	1.525705596457651e-05	0.0001105950011059	5.650680577386541e-05	2.437652106197302e-05	2.159698937968047e-05	1.35785692574925e-05	5.728607232366631e-05	3.745777487196252e-05	1.473920161871808e-05	2.985818296161451e-05	0.000150176010485	1.16996346416822e-06	3.106593772533024e-05	3.904076832232059e-05	1.330639105962594e-05	3.015508328546812e-05	9.174976901995648e-06	4.001069759704174e-05	0.0001095031529086	0.0001154785698423	1.669687409471636e-05	4.051035138283567e-05	1.485490962190459e-06	8.18573795317402e-05	2.66851683834125e-05	7.031049112882489e-05	7.795183502273636e-06	5.156226890265994e-05	1.987366624164913e-05	3.587454977440033e-05	5.935125949620152e-05	3.933575861548281e-05	2.769972802329547e-05	0	8.278477113064319e-05	2.881632617775927e-06	3.022914202009572e-05	5.965200622161521e-05	1.827339876080251e-05	6.704027133929081e-05	2.66792694453761e-05	9.980854905590184e-06	1.301753580414052e-05	5.405040199986487e-05	1.342894743909972e-05	2.20879764100412e-05	7.012009280845551e-05	9.59599655023924e-07	2.969918865960655e-05	2.441359418677446e-05	5.208352709645497e-05	4.993680411341509e-05
Gloeocapsa	0	0	0	0	0	0	0	0	0	0	0	0	0	0	0	0	0	0	0	0	0	0	0	0	0	0	0	0	0	0	0	0	0	0	0	0	0	0	0	0	0	0	0	0	0	0	0	0	0	0	0	0	0	0	0	0	0	0	0	0	0	0	0	0	0	0	0	0	0	0	0	0	0	0	0	0	0	0	0	0	0
Gloeocapsopsis	0	0	0	0	0	0	0	0	0	0	0	0	0	0	0	0	0	0	0	0	0	0	0	0	0	0	0	0	0	0	0	0	0	0	0	0	0	0	0	0	0	0	0	0	0	0	0	0	0	0	0	0	0	0	0	0	0	0	0	0	0	0	0	0	0	0	0	0	0	0	0	0	0	0	0	0	0	0	0	0	0
Gloeothece	0	0	0	0	0	0	0	0	0	0	0	0	0	0	0	0	0	0	0	0	0	0	0	0	0	0	0	0	0	0	0	0	0	0	0	0	0	0	0	0	0	0	0	0	0	0	0	0	0	0	0	0	0	0	0	0	0	0	0	0	0	0	0	0	0	0	0	0	0	0	0	0	0	0	0	0	0	0	0	0	0
Gluconacetobacter	0	0	0	0	0	0	0	0	0	0	0	0	0	0	0	0	0	0	0	0	0	0	0	0	0	0	0	0	0	0	0	0	0	0	0	0	0	0	0	0	0	0	0	0	0	0	0	0	0	0	0	0	0	0	0	0	0	0	0	0	0	0	0	0	0	0	0	0	0	0	0	0	0	0	0	0	0	0	0	0	0
Gluconobacter	0	0	0	0	0	0	0	0	0	0	0	0	0	0	0	0	0	0	0	0	0	0	0	0	0	0	0	0	0	0	0	0	0	0	0	0	0	0	0	0	0	0	0	0	0	0	0	0	0	0	0	0	0	0	0	0	0	0	0	0	0	0	0	0	0	0	0	0	0	0	0	0	0	0	0	0	0	0	0	0	0
Glutamicibacter	0	0	0	0	0	0	0	0	0	0	0	0	0	0	0	0	0	0	0	0	0	0	0	0	0	0	0	0	0	0	0	0	0	0	0	0	0	0	0	0	0	0	0	0	0	0	0	0	0	0	0	0	0	0	0	0	0	0	0	0	0	0	0	0	0	0	0	0	0	0	0	0	0	0	0	0	0	0	0	0	0
Glycocaulis	0	0	0	0	0	0	0	0	0	0	0	0	0	0	0	0	0	0	0	0	0	0	0	0	0	0	0	0	0	0	0	0	0	0	0	0	0	0	0	0	0	0	0	0	0	0	0	0	0	0	0	0	0	0	0	0	0	0	0	0	0	0	0	0	0	0	0	0	0	0	0	0	0	0	0	0	0	0	0	0	0
Glycomyces	0	0	0	0	0	0	0	0	0	0	0	0	0	0	0	0	0	0	0	0	0	0	0	0	0	0	0	0	0	0	0	0	0	0	0	0	0	0	0	0	0	0	0	0	0	0	0	0	0	0	0	0	0	0	0	0	0	0	0	0	0	0	0	0	0	0	0	0	0	0	0	0	0	0	0	0	0	0	0	0	0
Gordonia	0.03497968121289179	0.0001434686659507	0.0001969537815126	0.0003773950067737	0.0003322581459729	0.0001674537658159	0.0002002937641874	0.0007944563260472	0.0006752741175689	0.0003232878373053	0.0002342468962286	0.0001823584308593	0.0014123949203613	0.0004083756015086	0.0009200820756802	0.000682101941618	0.0006807228779425	0.0009743291337943	0.0004105353637728	0.0002636400292196	0.0002622197778258	0.0004299011850319	5.907478532862481e-05	0.0012077143536538	0.0001789481460807	0.000235307927323	0.0003522222570691	4.128395529433336e-05	0.0012877878177531	0.0002203796972661	0.0006303915063039	0.0004774825087891	0.0001633885736045	0.0001633272321838	0.0002517257839273	0.0011743644826351	0.0003463628014134	0.0001226301574677	0.0004460066079891	0.0008443462407689	3.265261668178579e-05	0.0002632429459883	0.0003253397360193	0.0001264107150664	0.0002010338885697	0.0001229446904867	0.000364307930752	0.0012389499586234	0.0009593604263824	0.0001744823342897	0.0010443766197965	3.878781956830642e-05	0.0006486307573765	0.0002838331546235	0.000845734764721	0.0001115685638762	0.0004057136421551	0.0002363920300322	0.0002777715139674	0.0006320388511262	0.0004396722696859	0.000222463440687	2.357878852184574e-05	0.0002856753167704	6.447652982273637e-05	0.0002443949278573	0.0008582766268304	0.0011342559659383	0.0007746875799206	0.0003366669715726	0.0002794639373565	0.0002627175407744	0.0006215796229984	0.0002148631590255	0.0002781077029809	0.0011246985183138	4.702038309617228e-05	0.0001581654465825	0.0003156328962718	0.00037698552946	0.0003082306184931
Gordonibacter	0	0	0	0	0	0	0	0	0	0	0	0	0	0	0	0	0	0	0	0	0	0	0	0	0	0	0	0	0	0	0	0	0	0	0	0	0	0	0	0	0	0	0	0	0	0	0	0	0	0	0	0	0	0	0	0	0	0	0	0	0	0	0	0	0	0	0	0	0	0	0	0	0	0	0	0	0	0	0	0	0
Gorillibacterium	0	0	0	0	0	0	0	0	0	0	0	0	0	0	0	0	0	0	0	0	0	0	0	0	0	0	0	0	0	0	0	0	0	0	0	0	0	0	0	0	0	0	0	0	0	0	0	0	0	0	0	0	0	0	0	0	0	0	0	0	0	0	0	0	0	0	0	0	0	0	0	0	0	0	0	0	0	0	0	0	0
Gottfriedia	0	0	0	0	0	0	0	0	0	0	0	0	0	0	0	0	0	0	0	0	0	0	0	0	0	0	0	0	0	0	0	0	0	0	0	0	0	0	0	0	0	0	0	0	0	0	0	0	0	0	0	0	0	0	0	0	0	0	0	0	0	0	0	0	0	0	0	0	0	0	0	0	0	0	0	0	0	0	0	0	0
Gottschalkia	0	0	0	0	0	0	0	0	0	0	0	0	0	0	0	0	0	0	0	0	0	0	0	0	0	0	0	0	0	0	0	0	0	0	0	0	0	0	0	0	0	0	0	0	0	0	0	0	0	0	0	0	0	0	0	0	0	0	0	0	0	0	0	0	0	0	0	0	0	0	0	0	0	0	0	0	0	0	0	0	0
Gracilibacillus	0	0	0	0	0	0	0	0	0	0	0	0	0	0	0	0	0	0	0	0	0	0	0	0	0	0	0	0	0	0	0	0	0	0	0	0	0	0	0	0	0	0	0	0	0	0	0	0	0	0	0	0	0	0	0	0	0	0	0	0	0	0	0	0	0	0	0	0	0	0	0	0	0	0	0	0	0	0	0	0	0
Gracilimonas	0	0	0	0	0	0	0	0	0	0	0	0	0	0	0	0	0	0	0	0	0	0	0	0	0	0	0	0	0	0	0	0	0	0	0	0	0	0	0	0	0	0	0	0	0	0	0	0	0	0	0	0	0	0	0	0	0	0	0	0	0	0	0	0	0	0	0	0	0	0	0	0	0	0	0	0	0	0	0	0	0
Gracilinema	0	0	0	0	0	0	0	0	0	0	0	0	0	0	0	0	0	0	0	0	0	0	0	0	0	0	0	0	0	0	0	0	0	0	0	0	0	0	0	0	0	0	0	0	0	0	0	0	0	0	0	0	0	0	0	0	0	0	0	0	0	0	0	0	0	0	0	0	0	0	0	0	0	0	0	0	0	0	0	0	0
Gramella	0	0	0	0	0	0	0	0	0	0	0	0	0	0	0	0	0	0	0	0	0	0	0	0	0	0	0	0	0	0	0	0	0	0	0	0	0	0	0	0	0	0	0	0	0	0	0	0	0	0	0	0	0	0	0	0	0	0	0	0	0	0	0	0	0	0	0	0	0	0	0	0	0	0	0	0	0	0	0	0	0
Granulibacter	0	0	0	0	0	0	0	0	0	0	0	0	0	0	0	0	0	0	0	0	0	0	0	0	0	0	0	0	0	0	0	0	0	0	0	0	0	0	0	0	0	0	0	0	0	0	0	0	0	0	0	0	0	0	0	0	0	0	0	0	0	0	0	0	0	0	0	0	0	0	0	0	0	0	0	0	0	0	0	0	0
Granulicatella	0	0	0	0	0	0	0	0	0	0	0	0	0	0	0	0	0	0	0	0	0	0	0	0	0	0	0	0	0	0	0	0	0	0	0	0	0	0	0	0	0	0	0	0	0	0	0	0	0	0	0	0	0	0	0	0	0	0	0	0	0	0	0	0	0	0	0	0	0	0	0	0	0	0	0	0	0	0	0	0	0
Granulicella	0.001155722140824969	3.078726737140774e-06	6.733462615815557e-06	0	3.987097751675578e-06	3.986994424188298e-06	6.545547849263888e-06	4.833194378994937e-05	3.23872478450335e-05	1.010274491579362e-05	1.5616459748575e-05	3.064847577467853e-06	5.709792033801968e-06	2.601118480946807e-06	3.502850541929899e-05	1.977107077153638e-05	4.523075600947132e-05	2.537315452589415e-06	1.282923011790062e-05	8.021501903235019e-06	7.620061919726682e-06	8.307269275979946e-06	1.827055216349221e-06	3.441673028547113e-05	1.313380888666344e-05	4.890926895859124e-06	1.206240606401278e-05	6.071169896225493e-07	8.585252118354478e-05	5.085685321525503e-06	0	3.296230336808816e-05	7.905898722802062e-06	5.399247344920118e-06	1.044505327499423e-06	1.432151808091658e-05	1.118868600071608e-05	2.358272258994893e-06	1.119681861060544e-05	5.04087307921732e-05	5.318015746219183e-07	5.450164513215831e-06	6.506794720386764e-06	8.55410853833096e-06	8.615738081562321e-06	6.422483831396955e-06	2.105826189317986e-06	5.162291494264381e-05	2.664890073284477e-05	8.348437047358179e-07	2.96417205240261e-05	3.301091027089909e-07	3.025164026173008e-05	8.490735394722158e-06	1.607096940087426e-05	2.19239536001446e-06	2.442423263810208e-05	5.229912168855036e-06	6.149922818468628e-06	1.041250166600027e-05	1.205450667248667e-05	3.462466002911934e-06	0	7.803482524609809e-05	1.801020386109954e-06	8.710091768502156e-06	3.116149578741093e-05	5.220971074515004e-06	2.234675711309694e-05	1.651573822808997e-05	6.35145312173921e-06	1.183412345830957e-06	2.702520099993244e-05	2.685789487819945e-05	8.031991421833161e-06	2.08277503391452e-05	1.679299396291867e-06	5.525430448298892e-06	2.266976603057628e-05	1.240083978487023e-05	1.721958762531555e-05
Granulicoccus	0	0	0	0	0	0	0	0	0	0	0	0	0	0	0	0	0	0	0	0	0	0	0	0	0	0	0	0	0	0	0	0	0	0	0	0	0	0	0	0	0	0	0	0	0	0	0	0	0	0	0	0	0	0	0	0	0	0	0	0	0	0	0	0	0	0	0	0	0	0	0	0	0	0	0	0	0	0	0	0	0
Granulosicoccus	0	0	0	0	0	0	0	0	0	0	0	0	0	0	0	0	0	0	0	0	0	0	0	0	0	0	0	0	0	0	0	0	0	0	0	0	0	0	0	0	0	0	0	0	0	0	0	0	0	0	0	0	0	0	0	0	0	0	0	0	0	0	0	0	0	0	0	0	0	0	0	0	0	0	0	0	0	0	0	0	0
Grimontia	0	0	0	0	0	0	0	0	0	0	0	0	0	0	0	0	0	0	0	0	0	0	0	0	0	0	0	0	0	0	0	0	0	0	0	0	0	0	0	0	0	0	0	0	0	0	0	0	0	0	0	0	0	0	0	0	0	0	0	0	0	0	0	0	0	0	0	0	0	0	0	0	0	0	0	0	0	0	0	0	0
Gryllotalpicola	0	0	0	0	0	0	0	0	0	0	0	0	0	0	0	0	0	0	0	0	0	0	0	0	0	0	0	0	0	0	0	0	0	0	0	0	0	0	0	0	0	0	0	0	0	0	0	0	0	0	0	0	0	0	0	0	0	0	0	0	0	0	0	0	0	0	0	0	0	0	0	0	0	0	0	0	0	0	0	0	0
Grylomicrobium	0	0	0	0	0	0	0	0	0	0	0	0	0	0	0	0	0	0	0	0	0	0	0	0	0	0	0	0	0	0	0	0	0	0	0	0	0	0	0	0	0	0	0	0	0	0	0	0	0	0	0	0	0	0	0	0	0	0	0	0	0	0	0	0	0	0	0	0	0	0	0	0	0	0	0	0	0	0	0	0	0
Gudongella	0	0	0	0	0	0	0	0	0	0	0	0	0	0	0	0	0	0	0	0	0	0	0	0	0	0	0	0	0	0	0	0	0	0	0	0	0	0	0	0	0	0	0	0	0	0	0	0	0	0	0	0	0	0	0	0	0	0	0	0	0	0	0	0	0	0	0	0	0	0	0	0	0	0	0	0	0	0	0	0	0
Gulbenkiania	0	0	0	0	0	0	0	0	0	0	0	0	0	0	0	0	0	0	0	0	0	0	0	0	0	0	0	0	0	0	0	0	0	0	0	0	0	0	0	0	0	0	0	0	0	0	0	0	0	0	0	0	0	0	0	0	0	0	0	0	0	0	0	0	0	0	0	0	0	0	0	0	0	0	0	0	0	0	0	0	0
Gulosibacter	0	0	0	0	0	0	0	0	0	0	0	0	0	0	0	0	0	0	0	0	0	0	0	0	0	0	0	0	0	0	0	0	0	0	0	0	0	0	0	0	0	0	0	0	0	0	0	0	0	0	0	0	0	0	0	0	0	0	0	0	0	0	0	0	0	0	0	0	0	0	0	0	0	0	0	0	0	0	0	0	0
Guptibacillus	0	0	0	0	0	0	0	0	0	0	0	0	0	0	0	0	0	0	0	0	0	0	0	0	0	0	0	0	0	0	0	0	0	0	0	0	0	0	0	0	0	0	0	0	0	0	0	0	0	0	0	0	0	0	0	0	0	0	0	0	0	0	0	0	0	0	0	0	0	0	0	0	0	0	0	0	0	0	0	0	0
Guyparkeria	0	0	0	0	0	0	0	0	0	0	0	0	0	0	0	0	0	0	0	0	0	0	0	0	0	0	0	0	0	0	0	0	0	0	0	0	0	0	0	0	0	0	0	0	0	0	0	0	0	0	0	0	0	0	0	0	0	0	0	0	0	0	0	0	0	0	0	0	0	0	0	0	0	0	0	0	0	0	0	0	0
Gymnodinialimonas	0	0	0	0	0	0	0	0	0	0	0	0	0	0	0	0	0	0	0	0	0	0	0	0	0	0	0	0	0	0	0	0	0	0	0	0	0	0	0	0	0	0	0	0	0	0	0	0	0	0	0	0	0	0	0	0	0	0	0	0	0	0	0	0	0	0	0	0	0	0	0	0	0	0	0	0	0	0	0	0	0
Gynuella	0	0	0	0	0	0	0	0	0	0	0	0	0	0	0	0	0	0	0	0	0	0	0	0	0	0	0	0	0	0	0	0	0	0	0	0	0	0	0	0	0	0	0	0	0	0	0	0	0	0	0	0	0	0	0	0	0	0	0	0	0	0	0	0	0	0	0	0	0	0	0	0	0	0	0	0	0	0	0	0	0
Haematobacter	0	0	0	0	0	0	0	0	0	0	0	0	0	0	0	0	0	0	0	0	0	0	0	0	0	0	0	0	0	0	0	0	0	0	0	0	0	0	0	0	0	0	0	0	0	0	0	0	0	0	0	0	0	0	0	0	0	0	0	0	0	0	0	0	0	0	0	0	0	0	0	0	0	0	0	0	0	0	0	0	0
Haematospirillum	0	0	0	0	0	0	0	0	0	0	0	0	0	0	0	0	0	0	0	0	0	0	0	0	0	0	0	0	0	0	0	0	0	0	0	0	0	0	0	0	0	0	0	0	0	0	0	0	0	0	0	0	0	0	0	0	0	0	0	0	0	0	0	0	0	0	0	0	0	0	0	0	0	0	0	0	0	0	0	0	0
Haemophilus	0.01198642541324589	8.250987655537275e-05	0.0001397193492781	0.0001016063479775	0.0001302451932214	0.0001505090395131	0.0002919314340771	0.0001147883665011	0.0004615182817917	0.0001717466635684	9.369875849144998e-05	0.000281965977127	5.709792033801969e-05	0.0001066458577188	8.173317931169765e-05	0.0004102497185093	7.689228521610125e-05	0.0001640797326007	0.00012187768612	7.540211789040917e-05	8.426892005344801e-05	9.864882265226186e-05	0.0001218036810899	0.0001063789845187	0.0001083539233149	5.706081378502311e-05	0.0001580175194385	8.863908048489219e-05	3.050023778889091e-05	0.0001322278183596	0.0001548330015483	0.0002627566468484	0.0001251767297776	0.0002065212109431	8.042691021745556e-05	8.592910848549946e-05	7.296969130901788e-05	0.0001774599874893	0.000334038421883	7.771345997126703e-05	1.56349662938844e-05	9.810296123788496e-05	0.0002732853782562	0.0001188070630323	0.0001378518093049	0.0001596445980947	0.0002906040141258	0.000201798667503	0.0001065956029313	0.0001845004587466	8.398487481807394e-05	6.882774791482459e-05	0.0003523426336366	0.0003311386803941	0.0001828072769349	3.970671596470633e-05	0.0003432961587466	0.0001192419974498	9.1223855140618e-05	0.0001114137678262	0.0001846242864049	0.0001887043971587	0.0001084624272004	0.0001133201375312	7.816428475717202e-05	0.0003402059373109	0.0001344395961114	0.000137050490706	0.000131597569666	0.000229949893791	0.0001224923102049	0.0001881625629871	0.0001261176046663	0.0001275750006714	0.000110941881514	4.720956743539579e-05	5.92552786977273e-05	0.000131228973147	0.0001046296893718	0.0001475699934399	0.0001859715463534
Hafnia	0	0	0	0	0	0	0	0	0	0	0	0	0	0	0	0	0	0	0	0	0	0	0	0	0	0	0	0	0	0	0	0	0	0	0	0	0	0	0	0	0	0	0	0	0	0	0	0	0	0	0	0	0	0	0	0	0	0	0	0	0	0	0	0	0	0	0	0	0	0	0	0	0	0	0	0	0	0	0	0	0
Hahella	0	0	0	0	0	0	0	0	0	0	0	0	0	0	0	0	0	0	0	0	0	0	0	0	0	0	0	0	0	0	0	0	0	0	0	0	0	0	0	0	0	0	0	0	0	0	0	0	0	0	0	0	0	0	0	0	0	0	0	0	0	0	0	0	0	0	0	0	0	0	0	0	0	0	0	0	0	0	0	0	0
Halalkalibacillus	0	0	0	0	0	0	0	0	0	0	0	0	0	0	0	0	0	0	0	0	0	0	0	0	0	0	0	0	0	0	0	0	0	0	0	0	0	0	0	0	0	0	0	0	0	0	0	0	0	0	0	0	0	0	0	0	0	0	0	0	0	0	0	0	0	0	0	0	0	0	0	0	0	0	0	0	0	0	0	0	0
Halalkalibacter	0	0	0	0	0	0	0	0	0	0	0	0	0	0	0	0	0	0	0	0	0	0	0	0	0	0	0	0	0	0	0	0	0	0	0	0	0	0	0	0	0	0	0	0	0	0	0	0	0	0	0	0	0	0	0	0	0	0	0	0	0	0	0	0	0	0	0	0	0	0	0	0	0	0	0	0	0	0	0	0	0
Halalkalibacterium (ex Joshi et al. 2022)	0	0	0	0	0	0	0	0	0	0	0	0	0	0	0	0	0	0	0	0	0	0	0	0	0	0	0	0	0	0	0	0	0	0	0	0	0	0	0	0	0	0	0	0	0	0	0	0	0	0	0	0	0	0	0	0	0	0	0	0	0	0	0	0	0	0	0	0	0	0	0	0	0	0	0	0	0	0	0	0	0
Halalkalibaculum	0	0	0	0	0	0	0	0	0	0	0	0	0	0	0	0	0	0	0	0	0	0	0	0	0	0	0	0	0	0	0	0	0	0	0	0	0	0	0	0	0	0	0	0	0	0	0	0	0	0	0	0	0	0	0	0	0	0	0	0	0	0	0	0	0	0	0	0	0	0	0	0	0	0	0	0	0	0	0	0	0
Halanaerobium	0.003089058942130257	1.477788833827572e-05	8.416828269769447e-06	3.386878265918328e-05	3.721291234897206e-05	4.983743030235373e-06	1.570931483823333e-05	0.0001087468735273	3.724533502178852e-05	2.020548983158724e-05	4.684937924572499e-05	1.838908546480712e-05	2.283916813520788e-05	5.202236961893614e-05	2.257392571465935e-05	5.338189108314822e-05	0.0001040307388217	2.960201361354318e-05	2.565846023580125e-05	2.994694043874407e-05	3.36179202340883e-05	3.322907710391978e-05	5.785674851772533e-06	6.57046669086267e-05	1.970071332999516e-05	2.662837976634412e-05	3.980594001124216e-05	3.642701937735296e-06	3.727806840864444e-05	3.220934036966152e-05	7.741650077416501e-05	7.910952808341159e-05	1.251767297776993e-05	1.34981183623003e-05	8.356042619995384e-06	0	2.675555347997323e-05	1.76870419424617e-05	5.691716127057765e-05	4.830836700916599e-05	1.914485668638906e-06	1.471544418568274e-05	6.832134456406102e-05	1.995958658943891e-05	4.164273406088455e-05	2.568993532558782e-05	3.790487140772375e-05	4.536559191929305e-05	9.771263602043082e-05	1.168781186630145e-05	0.0001491966599709	2.475818270317431e-06	0.0001094397574174	4.609256357134886e-05	0.0001165145281563	4.38479072002892e-06	3.663634895715311e-05	2.614956084427518e-05	2.15247298646402e-05	9.058876449420233e-05	4.821802668994667e-05	2.423726202038353e-05	0	0.000221890329178	3.241836694997918e-06	2.869206700212475e-05	8.903284510688838e-05	2.088388429806002e-05	5.462540627645918e-05	1.778617963025073e-05	1.451760713540391e-05	1.775118518746435e-05	4.504200166655406e-05	1.342894743909972e-05	3.614396139824923e-05	5.068085915858666e-05	2.878798965071772e-06	8.9788244784857e-06	3.138890681156716e-05	2.232151161276642e-05	4.477092782582043e-05
Halarcobacter	0	0	0	0	0	0	0	0	0	0	0	0	0	0	0	0	0	0	0	0	0	0	0	0	0	0	0	0	0	0	0	0	0	0	0	0	0	0	0	0	0	0	0	0	0	0	0	0	0	0	0	0	0	0	0	0	0	0	0	0	0	0	0	0	0	0	0	0	0	0	0	0	0	0	0	0	0	0	0	0	0
Haliangium	0	0	0	0	0	0	0	0	0	0	0	0	0	0	0	0	0	0	0	0	0	0	0	0	0	0	0	0	0	0	0	0	0	0	0	0	0	0	0	0	0	0	0	0	0	0	0	0	0	0	0	0	0	0	0	0	0	0	0	0	0	0	0	0	0	0	0	0	0	0	0	0	0	0	0	0	0	0	0	0	0
Haliea	0	0	0	0	0	0	0	0	0	0	0	0	0	0	0	0	0	0	0	0	0	0	0	0	0	0	0	0	0	0	0	0	0	0	0	0	0	0	0	0	0	0	0	0	0	0	0	0	0	0	0	0	0	0	0	0	0	0	0	0	0	0	0	0	0	0	0	0	0	0	0	0	0	0	0	0	0	0	0	0	0
Halioglobus	0	0	0	0	0	0	0	0	0	0	0	0	0	0	0	0	0	0	0	0	0	0	0	0	0	0	0	0	0	0	0	0	0	0	0	0	0	0	0	0	0	0	0	0	0	0	0	0	0	0	0	0	0	0	0	0	0	0	0	0	0	0	0	0	0	0	0	0	0	0	0	0	0	0	0	0	0	0	0	0	0
Haliovirga	0	0	0	0	0	0	0	0	0	0	0	0	0	0	0	0	0	0	0	0	0	0	0	0	0	0	0	0	0	0	0	0	0	0	0	0	0	0	0	0	0	0	0	0	0	0	0	0	0	0	0	0	0	0	0	0	0	0	0	0	0	0	0	0	0	0	0	0	0	0	0	0	0	0	0	0	0	0	0	0	0
Halioxenophilus	0	0	0	0	0	0	0	0	0	0	0	0	0	0	0	0	0	0	0	0	0	0	0	0	0	0	0	0	0	0	0	0	0	0	0	0	0	0	0	0	0	0	0	0	0	0	0	0	0	0	0	0	0	0	0	0	0	0	0	0	0	0	0	0	0	0	0	0	0	0	0	0	0	0	0	0	0	0	0	0	0
Haliscomenobacter	0	0	0	0	0	0	0	0	0	0	0	0	0	0	0	0	0	0	0	0	0	0	0	0	0	0	0	0	0	0	0	0	0	0	0	0	0	0	0	0	0	0	0	0	0	0	0	0	0	0	0	0	0	0	0	0	0	0	0	0	0	0	0	0	0	0	0	0	0	0	0	0	0	0	0	0	0	0	0	0	0
Hallella	0	0	0	0	0	0	0	0	0	0	0	0	0	0	0	0	0	0	0	0	0	0	0	0	0	0	0	0	0	0	0	0	0	0	0	0	0	0	0	0	0	0	0	0	0	0	0	0	0	0	0	0	0	0	0	0	0	0	0	0	0	0	0	0	0	0	0	0	0	0	0	0	0	0	0	0	0	0	0	0	0
Hallerella	0	0	0	0	0	0	0	0	0	0	0	0	0	0	0	0	0	0	0	0	0	0	0	0	0	0	0	0	0	0	0	0	0	0	0	0	0	0	0	0	0	0	0	0	0	0	0	0	0	0	0	0	0	0	0	0	0	0	0	0	0	0	0	0	0	0	0	0	0	0	0	0	0	0	0	0	0	0	0	0	0
Haloactinopolyspora	0	0	0	0	0	0	0	0	0	0	0	0	0	0	0	0	0	0	0	0	0	0	0	0	0	0	0	0	0	0	0	0	0	0	0	0	0	0	0	0	0	0	0	0	0	0	0	0	0	0	0	0	0	0	0	0	0	0	0	0	0	0	0	0	0	0	0	0	0	0	0	0	0	0	0	0	0	0	0	0	0
Halobacillus	0	0	0	0	0	0	0	0	0	0	0	0	0	0	0	0	0	0	0	0	0	0	0	0	0	0	0	0	0	0	0	0	0	0	0	0	0	0	0	0	0	0	0	0	0	0	0	0	0	0	0	0	0	0	0	0	0	0	0	0	0	0	0	0	0	0	0	0	0	0	0	0	0	0	0	0	0	0	0	0	0
Halobacteriovorax	0	0	0	0	0	0	0	0	0	0	0	0	0	0	0	0	0	0	0	0	0	0	0	0	0	0	0	0	0	0	0	0	0	0	0	0	0	0	0	0	0	0	0	0	0	0	0	0	0	0	0	0	0	0	0	0	0	0	0	0	0	0	0	0	0	0	0	0	0	0	0	0	0	0	0	0	0	0	0	0	0
Halobacteroides	0	0	0	0	0	0	0	0	0	0	0	0	0	0	0	0	0	0	0	0	0	0	0	0	0	0	0	0	0	0	0	0	0	0	0	0	0	0	0	0	0	0	0	0	0	0	0	0	0	0	0	0	0	0	0	0	0	0	0	0	0	0	0	0	0	0	0	0	0	0	0	0	0	0	0	0	0	0	0	0	0
Halocella	0	0	0	0	0	0	0	0	0	0	0	0	0	0	0	0	0	0	0	0	0	0	0	0	0	0	0	0	0	0	0	0	0	0	0	0	0	0	0	0	0	0	0	0	0	0	0	0	0	0	0	0	0	0	0	0	0	0	0	0	0	0	0	0	0	0	0	0	0	0	0	0	0	0	0	0	0	0	0	0	0
Halochromatium	0	0	0	0	0	0	0	0	0	0	0	0	0	0	0	0	0	0	0	0	0	0	0	0	0	0	0	0	0	0	0	0	0	0	0	0	0	0	0	0	0	0	0	0	0	0	0	0	0	0	0	0	0	0	0	0	0	0	0	0	0	0	0	0	0	0	0	0	0	0	0	0	0	0	0	0	0	0	0	0	0
Halocynthiibacter	0	0	0	0	0	0	0	0	0	0	0	0	0	0	0	0	0	0	0	0	0	0	0	0	0	0	0	0	0	0	0	0	0	0	0	0	0	0	0	0	0	0	0	0	0	0	0	0	0	0	0	0	0	0	0	0	0	0	0	0	0	0	0	0	0	0	0	0	0	0	0	0	0	0	0	0	0	0	0	0	0
Halodesulfovibrio	0	0	0	0	0	0	0	0	0	0	0	0	0	0	0	0	0	0	0	0	0	0	0	0	0	0	0	0	0	0	0	0	0	0	0	0	0	0	0	0	0	0	0	0	0	0	0	0	0	0	0	0	0	0	0	0	0	0	0	0	0	0	0	0	0	0	0	0	0	0	0	0	0	0	0	0	0	0	0	0	0
Haloechinothrix	0	0	0	0	0	0	0	0	0	0	0	0	0	0	0	0	0	0	0	0	0	0	0	0	0	0	0	0	0	0	0	0	0	0	0	0	0	0	0	0	0	0	0	0	0	0	0	0	0	0	0	0	0	0	0	0	0	0	0	0	0	0	0	0	0	0	0	0	0	0	0	0	0	0	0	0	0	0	0	0	0
Haloferula	0	0	0	0	0	0	0	0	0	0	0	0	0	0	0	0	0	0	0	0	0	0	0	0	0	0	0	0	0	0	0	0	0	0	0	0	0	0	0	0	0	0	0	0	0	0	0	0	0	0	0	0	0	0	0	0	0	0	0	0	0	0	0	0	0	0	0	0	0	0	0	0	0	0	0	0	0	0	0	0	0
Haloglycomyces	0	0	0	0	0	0	0	0	0	0	0	0	0	0	0	0	0	0	0	0	0	0	0	0	0	0	0	0	0	0	0	0	0	0	0	0	0	0	0	0	0	0	0	0	0	0	0	0	0	0	0	0	0	0	0	0	0	0	0	0	0	0	0	0	0	0	0	0	0	0	0	0	0	0	0	0	0	0	0	0	0
Haloimpatiens	0	0	0	0	0	0	0	0	0	0	0	0	0	0	0	0	0	0	0	0	0	0	0	0	0	0	0	0	0	0	0	0	0	0	0	0	0	0	0	0	0	0	0	0	0	0	0	0	0	0	0	0	0	0	0	0	0	0	0	0	0	0	0	0	0	0	0	0	0	0	0	0	0	0	0	0	0	0	0	0	0
Halolactibacillus	0	0	0	0	0	0	0	0	0	0	0	0	0	0	0	0	0	0	0	0	0	0	0	0	0	0	0	0	0	0	0	0	0	0	0	0	0	0	0	0	0	0	0	0	0	0	0	0	0	0	0	0	0	0	0	0	0	0	0	0	0	0	0	0	0	0	0	0	0	0	0	0	0	0	0	0	0	0	0	0	0
Halomicronema	0	0	0	0	0	0	0	0	0	0	0	0	0	0	0	0	0	0	0	0	0	0	0	0	0	0	0	0	0	0	0	0	0	0	0	0	0	0	0	0	0	0	0	0	0	0	0	0	0	0	0	0	0	0	0	0	0	0	0	0	0	0	0	0	0	0	0	0	0	0	0	0	0	0	0	0	0	0	0	0	0
Halomonas	0.00717701184885151	4.556515570968346e-05	5.386770092652445e-05	3.386878265918328e-05	5.980646627513367e-05	6.877565381724814e-05	4.974616365440555e-05	0.0001329128454223	0.0001020198307118	7.071921441055535e-05	7.808229874287499e-05	5.516725639442136e-05	7.059379241791525e-05	7.803355442840422e-05	0.0001580174800026	0.0001136836569363	0.0001266461168265	0.0002824877870549	8.338999576635407e-05	0.000110161959471	8.426892005344801e-05	7.788064946231199e-05	1.948858897439169e-05	0.0001282805401549	7.223594887664891e-05	9.890541056070672e-05	0.0001001179703313	1.517792474056373e-05	0.0001366862508316	0.0001051041633115	6.635700066357e-05	0.0001403252343384	3.952949361401031e-05	6.479096813904142e-05	8.356042619995383e-05	0.0001002506265664	9.875231557153754e-05	0.0002004531420145	9.983829927789853e-05	0.0001123694623908	9.25334739842138e-06	6.049682609669573e-05	9.760192080580146e-05	5.607693375128074e-05	7.897759908098794e-05	8.62447828787591e-05	9.265635232999138e-05	0.0001126318144203	0.0001954252720408	7.346624601675198e-05	6.224761310045481e-05	1.45248005191956e-05	0.0003105241897454	0.0002037776494733	0.000110487914631	2.557794586683537e-05	0.0001248349668169	4.393126221838231e-05	5.944925391186341e-05	9.579501532720244e-05	9.516715794068422e-05	4.587767453858313e-05	2.357878852184574e-05	9.296322659752554e-05	1.692959162943357e-05	0.0001142559096691	0.0001246459831496	3.132582644709003e-05	0.0001390464887037	7.495604272748524e-05	3.266461605465879e-05	4.615308148740731e-05	8.107560299979732e-05	4.028684231729917e-05	8.282991153765448e-05	0.0002291052537305	2.111119241052633e-05	4.972887403469003e-05	7.498461071652156e-05	0.0001078873061283	0.0001205371133772
Halonatronum	0	0	0	0	0	0	0	0	0	0	0	0	0	0	0	0	0	0	0	0	0	0	0	0	0	0	0	0	0	0	0	0	0	0	0	0	0	0	0	0	0	0	0	0	0	0	0	0	0	0	0	0	0	0	0	0	0	0	0	0	0	0	0	0	0	0	0	0	0	0	0	0	0	0	0	0	0	0	0	0	0
Haloplasma	0	0	0	0	0	0	0	0	0	0	0	0	0	0	0	0	0	0	0	0	0	0	0	0	0	0	0	0	0	0	0	0	0	0	0	0	0	0	0	0	0	0	0	0	0	0	0	0	0	0	0	0	0	0	0	0	0	0	0	0	0	0	0	0	0	0	0	0	0	0	0	0	0	0	0	0	0	0	0	0	0
Halopseudomonas	0	0	0	0	0	0	0	0	0	0	0	0	0	0	0	0	0	0	0	0	0	0	0	0	0	0	0	0	0	0	0	0	0	0	0	0	0	0	0	0	0	0	0	0	0	0	0	0	0	0	0	0	0	0	0	0	0	0	0	0	0	0	0	0	0	0	0	0	0	0	0	0	0	0	0	0	0	0	0	0	0
Halorhodospira	0	0	0	0	0	0	0	0	0	0	0	0	0	0	0	0	0	0	0	0	0	0	0	0	0	0	0	0	0	0	0	0	0	0	0	0	0	0	0	0	0	0	0	0	0	0	0	0	0	0	0	0	0	0	0	0	0	0	0	0	0	0	0	0	0	0	0	0	0	0	0	0	0	0	0	0	0	0	0	0	0
Halospina	0	0	0	0	0	0	0	0	0	0	0	0	0	0	0	0	0	0	0	0	0	0	0	0	0	0	0	0	0	0	0	0	0	0	0	0	0	0	0	0	0	0	0	0	0	0	0	0	0	0	0	0	0	0	0	0	0	0	0	0	0	0	0	0	0	0	0	0	0	0	0	0	0	0	0	0	0	0	0	0	0
Halosquirtibacter	0	0	0	0	0	0	0	0	0	0	0	0	0	0	0	0	0	0	0	0	0	0	0	0	0	0	0	0	0	0	0	0	0	0	0	0	0	0	0	0	0	0	0	0	0	0	0	0	0	0	0	0	0	0	0	0	0	0	0	0	0	0	0	0	0	0	0	0	0	0	0	0	0	0	0	0	0	0	0	0	0
Halotalea	0	0	0	0	0	0	0	0	0	0	0	0	0	0	0	0	0	0	0	0	0	0	0	0	0	0	0	0	0	0	0	0	0	0	0	0	0	0	0	0	0	0	0	0	0	0	0	0	0	0	0	0	0	0	0	0	0	0	0	0	0	0	0	0	0	0	0	0	0	0	0	0	0	0	0	0	0	0	0	0	0
Halothece	0	0	0	0	0	0	0	0	0	0	0	0	0	0	0	0	0	0	0	0	0	0	0	0	0	0	0	0	0	0	0	0	0	0	0	0	0	0	0	0	0	0	0	0	0	0	0	0	0	0	0	0	0	0	0	0	0	0	0	0	0	0	0	0	0	0	0	0	0	0	0	0	0	0	0	0	0	0	0	0	0
Halothermothrix	0	0	0	0	0	0	0	0	0	0	0	0	0	0	0	0	0	0	0	0	0	0	0	0	0	0	0	0	0	0	0	0	0	0	0	0	0	0	0	0	0	0	0	0	0	0	0	0	0	0	0	0	0	0	0	0	0	0	0	0	0	0	0	0	0	0	0	0	0	0	0	0	0	0	0	0	0	0	0	0	0
Halothiobacillus	0.004284533273967381	4.063919293025822e-05	6.901799181210946e-05	1.935359009096187e-05	9.303228087243016e-06	2.192846933303564e-05	4.712794451469999e-05	0.0001298920989354	0.0001408845281258	9.09247042421426e-05	1.5616459748575e-05	3.98430185070821e-05	1.557216009218719e-05	3.901677721420211e-05	8.484682423785757e-05	7.710717600899188e-05	0.0002148460910449	2.283583907330473e-05	5.13169204716025e-05	4.22465766903711e-05	2.465314150499809e-05	2.284499050894485e-05	4.263128838148182e-06	5.631828592168004e-05	2.626761777332688e-05	4.238803309744574e-05	2.653729334082811e-05	1.335657377169608e-05	0.000117482397409	5.594253853678053e-05	3.3178500331785e-05	4.991434510024778e-05	2.371769616840618e-05	4.589360243182101e-05	2.611263318748557e-05	1.432151808091658e-05	4.183595635050359e-05	1.886617807195914e-05	7.371238918648582e-05	0.0001291723726549	2.446287243260825e-06	1.63504935396475e-05	1.952038416116029e-05	1.710821707666192e-05	1.866743251005169e-05	3.119492146678521e-05	0.0001347728761163	9.542417610609916e-05	7.994670219853431e-05	2.588015484681035e-05	1.482086026201305e-05	4.621527437925871e-06	0.0002615877128514	4.487960137210284e-05	3.415080997685781e-05	1.04747778311802e-05	8.412791242012936e-05	1.045982433771007e-05	3.689953691081177e-05	3.644375583100093e-05	2.347456562536877e-05	2.510287852111152e-05	4.715757704369149e-06	5.903504170791768e-05	3.9622448494419e-06	3.740215877062691e-05	4.807773635771973e-05	2.088388429806002e-05	0.0001266316236408	0.0001041761949771	1.723965847329214e-05	0.0001278085333497	0.0001486386054996	0.0001007171057932	6.827192708558187e-05	0.0001096928184528	7.19699741267943e-06	1.657629134489668e-05	4.882718837354892e-05	6.324428290283818e-05	0.0001239810309022
Halotia	0	0	0	0	0	0	0	0	0	0	0	0	0	0	0	0	0	0	0	0	0	0	0	0	0	0	0	0	0	0	0	0	0	0	0	0	0	0	0	0	0	0	0	0	0	0	0	0	0	0	0	0	0	0	0	0	0	0	0	0	0	0	0	0	0	0	0	0	0	0	0	0	0	0	0	0	0	0	0	0	0
Halovibrio	0	0	0	0	0	0	0	0	0	0	0	0	0	0	0	0	0	0	0	0	0	0	0	0	0	0	0	0	0	0	0	0	0	0	0	0	0	0	0	0	0	0	0	0	0	0	0	0	0	0	0	0	0	0	0	0	0	0	0	0	0	0	0	0	0	0	0	0	0	0	0	0	0	0	0	0	0	0	0	0	0
Halovulum	0	0	0	0	0	0	0	0	0	0	0	0	0	0	0	0	0	0	0	0	0	0	0	0	0	0	0	0	0	0	0	0	0	0	0	0	0	0	0	0	0	0	0	0	0	0	0	0	0	0	0	0	0	0	0	0	0	0	0	0	0	0	0	0	0	0	0	0	0	0	0	0	0	0	0	0	0	0	0	0	0
Halpernia	0	0	0	0	0	0	0	0	0	0	0	0	0	0	0	0	0	0	0	0	0	0	0	0	0	0	0	0	0	0	0	0	0	0	0	0	0	0	0	0	0	0	0	0	0	0	0	0	0	0	0	0	0	0	0	0	0	0	0	0	0	0	0	0	0	0	0	0	0	0	0	0	0	0	0	0	0	0	0	0	0
Hamadaea	0	0	0	0	0	0	0	0	0	0	0	0	0	0	0	0	0	0	0	0	0	0	0	0	0	0	0	0	0	0	0	0	0	0	0	0	0	0	0	0	0	0	0	0	0	0	0	0	0	0	0	0	0	0	0	0	0	0	0	0	0	0	0	0	0	0	0	0	0	0	0	0	0	0	0	0	0	0	0	0	0
Hankyongella	0	0	0	0	0	0	0	0	0	0	0	0	0	0	0	0	0	0	0	0	0	0	0	0	0	0	0	0	0	0	0	0	0	0	0	0	0	0	0	0	0	0	0	0	0	0	0	0	0	0	0	0	0	0	0	0	0	0	0	0	0	0	0	0	0	0	0	0	0	0	0	0	0	0	0	0	0	0	0	0	0
Hansschlegelia	0	0	0	0	0	0	0	0	0	0	0	0	0	0	0	0	0	0	0	0	0	0	0	0	0	0	0	0	0	0	0	0	0	0	0	0	0	0	0	0	0	0	0	0	0	0	0	0	0	0	0	0	0	0	0	0	0	0	0	0	0	0	0	0	0	0	0	0	0	0	0	0	0	0	0	0	0	0	0	0	0
Hanstruepera	0	0	0	0	0	0	0	0	0	0	0	0	0	0	0	0	0	0	0	0	0	0	0	0	0	0	0	0	0	0	0	0	0	0	0	0	0	0	0	0	0	0	0	0	0	0	0	0	0	0	0	0	0	0	0	0	0	0	0	0	0	0	0	0	0	0	0	0	0	0	0	0	0	0	0	0	0	0	0	0	0
Haoranjiania	0	0	0	0	0	0	0	0	0	0	0	0	0	0	0	0	0	0	0	0	0	0	0	0	0	0	0	0	0	0	0	0	0	0	0	0	0	0	0	0	0	0	0	0	0	0	0	0	0	0	0	0	0	0	0	0	0	0	0	0	0	0	0	0	0	0	0	0	0	0	0	0	0	0	0	0	0	0	0	0	0
Haploplasma	0	0	0	0	0	0	0	0	0	0	0	0	0	0	0	0	0	0	0	0	0	0	0	0	0	0	0	0	0	0	0	0	0	0	0	0	0	0	0	0	0	0	0	0	0	0	0	0	0	0	0	0	0	0	0	0	0	0	0	0	0	0	0	0	0	0	0	0	0	0	0	0	0	0	0	0	0	0	0	0	0
Hartmannibacter	0	0	0	0	0	0	0	0	0	0	0	0	0	0	0	0	0	0	0	0	0	0	0	0	0	0	0	0	0	0	0	0	0	0	0	0	0	0	0	0	0	0	0	0	0	0	0	0	0	0	0	0	0	0	0	0	0	0	0	0	0	0	0	0	0	0	0	0	0	0	0	0	0	0	0	0	0	0	0	0	0
Hathewaya	0	0	0	0	0	0	0	0	0	0	0	0	0	0	0	0	0	0	0	0	0	0	0	0	0	0	0	0	0	0	0	0	0	0	0	0	0	0	0	0	0	0	0	0	0	0	0	0	0	0	0	0	0	0	0	0	0	0	0	0	0	0	0	0	0	0	0	0	0	0	0	0	0	0	0	0	0	0	0	0	0
Helcobacillus	0	0	0	0	0	0	0	0	0	0	0	0	0	0	0	0	0	0	0	0	0	0	0	0	0	0	0	0	0	0	0	0	0	0	0	0	0	0	0	0	0	0	0	0	0	0	0	0	0	0	0	0	0	0	0	0	0	0	0	0	0	0	0	0	0	0	0	0	0	0	0	0	0	0	0	0	0	0	0	0	0
Helcococcus	0	0	0	0	0	0	0	0	0	0	0	0	0	0	0	0	0	0	0	0	0	0	0	0	0	0	0	0	0	0	0	0	0	0	0	0	0	0	0	0	0	0	0	0	0	0	0	0	0	0	0	0	0	0	0	0	0	0	0	0	0	0	0	0	0	0	0	0	0	0	0	0	0	0	0	0	0	0	0	0	0
Helicobacter	0.02574896264752588	0.0001828763681861	0.000215470803706	0.0001935359009096	0.0002737807122817	0.0002751026152689	0.0003154954063345	0.001223402327183	0.0002752916066827	0.0003232878373053	0.0002498633559772	0.0003432629286763	0.0001827133450816	0.0002236961893614	0.0003175917824683	0.0002698751160314	0.0004432614088928	0.0005209954395983	0.0002790357550643	0.0003363683131423	0.0003222837953107	0.0003021769199137	0.0002484795094234	0.0003691976521532	0.0003464042093857	0.000269544415594	0.000261754211589	9.8352952318853e-05	0.0003072616547621	0.0003458266018637	0.0006856890068568	0.000509503032061	0.0001475767761589	0.0003253046525314	0.0001566757991249	0.0003150733977801	0.0003750642133283	0.0004498404334032	0.00032377467149	0.0004242734841674	1.095511243721152e-05	0.000167865067007	0.0004261950541853	0.0002547223431414	0.0004264790350373	0.0003367216523032	0.0002147942713104	0.0002158776443056	0.000675105485232	0.0002654802981059	0.0004298049475983	9.111011234768146e-05	0.0005285139504549	0.0004160460343413	0.0005022177937773	5.578428193814571e-05	0.0002822355771514	0.0001851388907774	0.0002839214367859	0.0004206650673064	0.0003216649938395	0.0002596849502183	3.77260616349532e-05	0.0008923112625966	0.0001426408145799	0.0002956307617897	0.0003445571105636	0.0001918706869884	0.0003898267629729	0.0003900255104633	0.0002331890646124	0.0002520668296619	0.0003017814111659	0.0005573013187226	0.0004989874670813	0.0002249397036627	6.357347714533497e-05	0.0001837205624059	0.0002964507865536	0.0003063007426862	0.0003461137112688
Helicovermis	0	0	0	0	0	0	0	0	0	0	0	0	0	0	0	0	0	0	0	0	0	0	0	0	0	0	0	0	0	0	0	0	0	0	0	0	0	0	0	0	0	0	0	0	0	0	0	0	0	0	0	0	0	0	0	0	0	0	0	0	0	0	0	0	0	0	0	0	0	0	0	0	0	0	0	0	0	0	0	0	0
Heliobacterium	0	0	0	0	0	0	0	0	0	0	0	0	0	0	0	0	0	0	0	0	0	0	0	0	0	0	0	0	0	0	0	0	0	0	0	0	0	0	0	0	0	0	0	0	0	0	0	0	0	0	0	0	0	0	0	0	0	0	0	0	0	0	0	0	0	0	0	0	0	0	0	0	0	0	0	0	0	0	0	0	0
Heliomarina	0	0	0	0	0	0	0	0	0	0	0	0	0	0	0	0	0	0	0	0	0	0	0	0	0	0	0	0	0	0	0	0	0	0	0	0	0	0	0	0	0	0	0	0	0	0	0	0	0	0	0	0	0	0	0	0	0	0	0	0	0	0	0	0	0	0	0	0	0	0	0	0	0	0	0	0	0	0	0	0	0
Heliomicrobium	0	0	0	0	0	0	0	0	0	0	0	0	0	0	0	0	0	0	0	0	0	0	0	0	0	0	0	0	0	0	0	0	0	0	0	0	0	0	0	0	0	0	0	0	0	0	0	0	0	0	0	0	0	0	0	0	0	0	0	0	0	0	0	0	0	0	0	0	0	0	0	0	0	0	0	0	0	0	0	0	0
Heliorestis	0	0	0	0	0	0	0	0	0	0	0	0	0	0	0	0	0	0	0	0	0	0	0	0	0	0	0	0	0	0	0	0	0	0	0	0	0	0	0	0	0	0	0	0	0	0	0	0	0	0	0	0	0	0	0	0	0	0	0	0	0	0	0	0	0	0	0	0	0	0	0	0	0	0	0	0	0	0	0	0	0
Hellea	0	0	0	0	0	0	0	0	0	0	0	0	0	0	0	0	0	0	0	0	0	0	0	0	0	0	0	0	0	0	0	0	0	0	0	0	0	0	0	0	0	0	0	0	0	0	0	0	0	0	0	0	0	0	0	0	0	0	0	0	0	0	0	0	0	0	0	0	0	0	0	0	0	0	0	0	0	0	0	0	0
Henriciella	0	0	0	0	0	0	0	0	0	0	0	0	0	0	0	0	0	0	0	0	0	0	0	0	0	0	0	0	0	0	0	0	0	0	0	0	0	0	0	0	0	0	0	0	0	0	0	0	0	0	0	0	0	0	0	0	0	0	0	0	0	0	0	0	0	0	0	0	0	0	0	0	0	0	0	0	0	0	0	0	0
Hephaestia	0	0	0	0	0	0	0	0	0	0	0	0	0	0	0	0	0	0	0	0	0	0	0	0	0	0	0	0	0	0	0	0	0	0	0	0	0	0	0	0	0	0	0	0	0	0	0	0	0	0	0	0	0	0	0	0	0	0	0	0	0	0	0	0	0	0	0	0	0	0	0	0	0	0	0	0	0	0	0	0	0
Herbaspirillum	0.1118444978431849	0.0008361821818074	0.0012456905839258	0.00100638668473	0.0009648776559054	0.0015230318700399	0.001857626479621	0.002473991372748	0.001512484474363	0.0010708909610741	0.0008745217459200999	0.0011278639085081	0.0014409438805303	0.0016569124723631	0.0023632564989553	0.0021056190371686	0.001280030395068	0.001606120681489	0.0015619587668544	0.0018053726950214	0.0016037989146342	0.001419504637533	0.0006144995710987	0.0013610252431072	0.0016088915886162	0.0021851574498055	0.0015801751943856	0.0008141438830838	0.0021474426680252	0.0016850570698654	0.0014045565140455	0.0013241428153009	0.0008525194122754	0.0017669036936251	0.0027554050539434	0.0011743644826351	0.0018188911720294	0.0015505640102891	0.0021096672398815	0.0008558982415754	6.019993824720116e-05	0.0017364224139105	0.0012850919572763	0.000847807201799	0.0014847788627225	0.0010349373945451	0.0016699201681291	0.002881497252253	0.002567177437264	0.0017515020925357	0.0004633988975256	0.0002340473538206	0.0015908803761168	0.0012711843848098	0.0013358993314476	0.0002967041720552	0.0017409050263713	0.0014152142328921	0.0015682303187095	0.0009975176596028	0.0015207711838921	0.0014334609252055	4.244181933932234e-05	0.0014439835489017	0.000542107136219	0.0012214622809475	0.0016239590947496	0.0011473083936246	0.0014575051583764	0.0011535607931619	0.0009608841222745001	0.0010579706371728	0.0012251424453302	0.0013160368490317	0.0015561983379801	0.0018710262387998	0.0002780440000431	0.0009040985571029	0.0017229022183237	0.0018836875633217	0.0023022588655046
Herbiconiux	0	0	0	0	0	0	0	0	0	0	0	0	0	0	0	0	0	0	0	0	0	0	0	0	0	0	0	0	0	0	0	0	0	0	0	0	0	0	0	0	0	0	0	0	0	0	0	0	0	0	0	0	0	0	0	0	0	0	0	0	0	0	0	0	0	0	0	0	0	0	0	0	0	0	0	0	0	0	0	0	0
Herbidospora	0	0	0	0	0	0	0	0	0	0	0	0	0	0	0	0	0	0	0	0	0	0	0	0	0	0	0	0	0	0	0	0	0	0	0	0	0	0	0	0	0	0	0	0	0	0	0	0	0	0	0	0	0	0	0	0	0	0	0	0	0	0	0	0	0	0	0	0	0	0	0	0	0	0	0	0	0	0	0	0	0
Herbinix	0	0	0	0	0	0	0	0	0	0	0	0	0	0	0	0	0	0	0	0	0	0	0	0	0	0	0	0	0	0	0	0	0	0	0	0	0	0	0	0	0	0	0	0	0	0	0	0	0	0	0	0	0	0	0	0	0	0	0	0	0	0	0	0	0	0	0	0	0	0	0	0	0	0	0	0	0	0	0	0	0
Herminiimonas	0	0	0	0	0	0	0	0	0	0	0	0	0	0	0	0	0	0	0	0	0	0	0	0	0	0	0	0	0	0	0	0	0	0	0	0	0	0	0	0	0	0	0	0	0	0	0	0	0	0	0	0	0	0	0	0	0	0	0	0	0	0	0	0	0	0	0	0	0	0	0	0	0	0	0	0	0	0	0	0	0
Herpetosiphon	0	0	0	0	0	0	0	0	0	0	0	0	0	0	0	0	0	0	0	0	0	0	0	0	0	0	0	0	0	0	0	0	0	0	0	0	0	0	0	0	0	0	0	0	0	0	0	0	0	0	0	0	0	0	0	0	0	0	0	0	0	0	0	0	0	0	0	0	0	0	0	0	0	0	0	0	0	0	0	0	0
Hespellia	0	0	0	0	0	0	0	0	0	0	0	0	0	0	0	0	0	0	0	0	0	0	0	0	0	0	0	0	0	0	0	0	0	0	0	0	0	0	0	0	0	0	0	0	0	0	0	0	0	0	0	0	0	0	0	0	0	0	0	0	0	0	0	0	0	0	0	0	0	0	0	0	0	0	0	0	0	0	0	0	0
Heyndrickxia	0	0	0	0	0	0	0	0	0	0	0	0	0	0	0	0	0	0	0	0	0	0	0	0	0	0	0	0	0	0	0	0	0	0	0	0	0	0	0	0	0	0	0	0	0	0	0	0	0	0	0	0	0	0	0	0	0	0	0	0	0	0	0	0	0	0	0	0	0	0	0	0	0	0	0	0	0	0	0	0	0
Hippea	0	0	0	0	0	0	0	0	0	0	0	0	0	0	0	0	0	0	0	0	0	0	0	0	0	0	0	0	0	0	0	0	0	0	0	0	0	0	0	0	0	0	0	0	0	0	0	0	0	0	0	0	0	0	0	0	0	0	0	0	0	0	0	0	0	0	0	0	0	0	0	0	0	0	0	0	0	0	0	0	0
Hirschia	0	0	0	0	0	0	0	0	0	0	0	0	0	0	0	0	0	0	0	0	0	0	0	0	0	0	0	0	0	0	0	0	0	0	0	0	0	0	0	0	0	0	0	0	0	0	0	0	0	0	0	0	0	0	0	0	0	0	0	0	0	0	0	0	0	0	0	0	0	0	0	0	0	0	0	0	0	0	0	0	0
Histidinibacterium	0	0	0	0	0	0	0	0	0	0	0	0	0	0	0	0	0	0	0	0	0	0	0	0	0	0	0	0	0	0	0	0	0	0	0	0	0	0	0	0	0	0	0	0	0	0	0	0	0	0	0	0	0	0	0	0	0	0	0	0	0	0	0	0	0	0	0	0	0	0	0	0	0	0	0	0	0	0	0	0	0
Histophilus	0	0	0	0	0	0	0	0	0	0	0	0	0	0	0	0	0	0	0	0	0	0	0	0	0	0	0	0	0	0	0	0	0	0	0	0	0	0	0	0	0	0	0	0	0	0	0	0	0	0	0	0	0	0	0	0	0	0	0	0	0	0	0	0	0	0	0	0	0	0	0	0	0	0	0	0	0	0	0	0	0
Hoeflea	0	0	0	0	0	0	0	0	0	0	0	0	0	0	0	0	0	0	0	0	0	0	0	0	0	0	0	0	0	0	0	0	0	0	0	0	0	0	0	0	0	0	0	0	0	0	0	0	0	0	0	0	0	0	0	0	0	0	0	0	0	0	0	0	0	0	0	0	0	0	0	0	0	0	0	0	0	0	0	0	0
Holdemanella	0	0	0	0	0	0	0	0	0	0	0	0	0	0	0	0	0	0	0	0	0	0	0	0	0	0	0	0	0	0	0	0	0	0	0	0	0	0	0	0	0	0	0	0	0	0	0	0	0	0	0	0	0	0	0	0	0	0	0	0	0	0	0	0	0	0	0	0	0	0	0	0	0	0	0	0	0	0	0	0	0
Holdemania	0	0	0	0	0	0	0	0	0	0	0	0	0	0	0	0	0	0	0	0	0	0	0	0	0	0	0	0	0	0	0	0	0	0	0	0	0	0	0	0	0	0	0	0	0	0	0	0	0	0	0	0	0	0	0	0	0	0	0	0	0	0	0	0	0	0	0	0	0	0	0	0	0	0	0	0	0	0	0	0	0
Holophaga	0	0	0	0	0	0	0	0	0	0	0	0	0	0	0	0	0	0	0	0	0	0	0	0	0	0	0	0	0	0	0	0	0	0	0	0	0	0	0	0	0	0	0	0	0	0	0	0	0	0	0	0	0	0	0	0	0	0	0	0	0	0	0	0	0	0	0	0	0	0	0	0	0	0	0	0	0	0	0	0	0
Holospora	0	0	0	0	0	0	0	0	0	0	0	0	0	0	0	0	0	0	0	0	0	0	0	0	0	0	0	0	0	0	0	0	0	0	0	0	0	0	0	0	0	0	0	0	0	0	0	0	0	0	0	0	0	0	0	0	0	0	0	0	0	0	0	0	0	0	0	0	0	0	0	0	0	0	0	0	0	0	0	0	0
Holzapfeliella	0	0	0	0	0	0	0	0	0	0	0	0	0	0	0	0	0	0	0	0	0	0	0	0	0	0	0	0	0	0	0	0	0	0	0	0	0	0	0	0	0	0	0	0	0	0	0	0	0	0	0	0	0	0	0	0	0	0	0	0	0	0	0	0	0	0	0	0	0	0	0	0	0	0	0	0	0	0	0	0	0
Hominenteromicrobium	0	0	0	0	0	0	0	0	0	0	0	0	0	0	0	0	0	0	0	0	0	0	0	0	0	0	0	0	0	0	0	0	0	0	0	0	0	0	0	0	0	0	0	0	0	0	0	0	0	0	0	0	0	0	0	0	0	0	0	0	0	0	0	0	0	0	0	0	0	0	0	0	0	0	0	0	0	0	0	0	0
Hominifimenecus	0	0	0	0	0	0	0	0	0	0	0	0	0	0	0	0	0	0	0	0	0	0	0	0	0	0	0	0	0	0	0	0	0	0	0	0	0	0	0	0	0	0	0	0	0	0	0	0	0	0	0	0	0	0	0	0	0	0	0	0	0	0	0	0	0	0	0	0	0	0	0	0	0	0	0	0	0	0	0	0	0
Hominilimicola	0	0	0	0	0	0	0	0	0	0	0	0	0	0	0	0	0	0	0	0	0	0	0	0	0	0	0	0	0	0	0	0	0	0	0	0	0	0	0	0	0	0	0	0	0	0	0	0	0	0	0	0	0	0	0	0	0	0	0	0	0	0	0	0	0	0	0	0	0	0	0	0	0	0	0	0	0	0	0	0	0
Hominisplanchenecus	0	0	0	0	0	0	0	0	0	0	0	0	0	0	0	0	0	0	0	0	0	0	0	0	0	0	0	0	0	0	0	0	0	0	0	0	0	0	0	0	0	0	0	0	0	0	0	0	0	0	0	0	0	0	0	0	0	0	0	0	0	0	0	0	0	0	0	0	0	0	0	0	0	0	0	0	0	0	0	0	0
Hominiventricola	0	0	0	0	0	0	0	0	0	0	0	0	0	0	0	0	0	0	0	0	0	0	0	0	0	0	0	0	0	0	0	0	0	0	0	0	0	0	0	0	0	0	0	0	0	0	0	0	0	0	0	0	0	0	0	0	0	0	0	0	0	0	0	0	0	0	0	0	0	0	0	0	0	0	0	0	0	0	0	0	0
Homoserinibacter	0	0	0	0	0	0	0	0	0	0	0	0	0	0	0	0	0	0	0	0	0	0	0	0	0	0	0	0	0	0	0	0	0	0	0	0	0	0	0	0	0	0	0	0	0	0	0	0	0	0	0	0	0	0	0	0	0	0	0	0	0	0	0	0	0	0	0	0	0	0	0	0	0	0	0	0	0	0	0	0	0
Homoserinimonas	0	0	0	0	0	0	0	0	0	0	0	0	0	0	0	0	0	0	0	0	0	0	0	0	0	0	0	0	0	0	0	0	0	0	0	0	0	0	0	0	0	0	0	0	0	0	0	0	0	0	0	0	0	0	0	0	0	0	0	0	0	0	0	0	0	0	0	0	0	0	0	0	0	0	0	0	0	0	0	0	0
Hornefia	0	0	0	0	0	0	0	0	0	0	0	0	0	0	0	0	0	0	0	0	0	0	0	0	0	0	0	0	0	0	0	0	0	0	0	0	0	0	0	0	0	0	0	0	0	0	0	0	0	0	0	0	0	0	0	0	0	0	0	0	0	0	0	0	0	0	0	0	0	0	0	0	0	0	0	0	0	0	0	0	0
Horticoccus	0	0	0	0	0	0	0	0	0	0	0	0	0	0	0	0	0	0	0	0	0	0	0	0	0	0	0	0	0	0	0	0	0	0	0	0	0	0	0	0	0	0	0	0	0	0	0	0	0	0	0	0	0	0	0	0	0	0	0	0	0	0	0	0	0	0	0	0	0	0	0	0	0	0	0	0	0	0	0	0	0
Hoylesella	0	0	0	0	0	0	0	0	0	0	0	0	0	0	0	0	0	0	0	0	0	0	0	0	0	0	0	0	0	0	0	0	0	0	0	0	0	0	0	0	0	0	0	0	0	0	0	0	0	0	0	0	0	0	0	0	0	0	0	0	0	0	0	0	0	0	0	0	0	0	0	0	0	0	0	0	0	0	0	0	0
Hoyosella	0	0	0	0	0	0	0	0	0	0	0	0	0	0	0	0	0	0	0	0	0	0	0	0	0	0	0	0	0	0	0	0	0	0	0	0	0	0	0	0	0	0	0	0	0	0	0	0	0	0	0	0	0	0	0	0	0	0	0	0	0	0	0	0	0	0	0	0	0	0	0	0	0	0	0	0	0	0	0	0	0
Huaxiibacter	0	0	0	0	0	0	0	0	0	0	0	0	0	0	0	0	0	0	0	0	0	0	0	0	0	0	0	0	0	0	0	0	0	0	0	0	0	0	0	0	0	0	0	0	0	0	0	0	0	0	0	0	0	0	0	0	0	0	0	0	0	0	0	0	0	0	0	0	0	0	0	0	0	0	0	0	0	0	0	0	0
Hufsiella	0	0	0	0	0	0	0	0	0	0	0	0	0	0	0	0	0	0	0	0	0	0	0	0	0	0	0	0	0	0	0	0	0	0	0	0	0	0	0	0	0	0	0	0	0	0	0	0	0	0	0	0	0	0	0	0	0	0	0	0	0	0	0	0	0	0	0	0	0	0	0	0	0	0	0	0	0	0	0	0	0
Huintestinicola	0	0	0	0	0	0	0	0	0	0	0	0	0	0	0	0	0	0	0	0	0	0	0	0	0	0	0	0	0	0	0	0	0	0	0	0	0	0	0	0	0	0	0	0	0	0	0	0	0	0	0	0	0	0	0	0	0	0	0	0	0	0	0	0	0	0	0	0	0	0	0	0	0	0	0	0	0	0	0	0	0
Hujiaoplasma	0	0	0	0	0	0	0	0	0	0	0	0	0	0	0	0	0	0	0	0	0	0	0	0	0	0	0	0	0	0	0	0	0	0	0	0	0	0	0	0	0	0	0	0	0	0	0	0	0	0	0	0	0	0	0	0	0	0	0	0	0	0	0	0	0	0	0	0	0	0	0	0	0	0	0	0	0	0	0	0	0
Humibacillus	0	0	0	0	0	0	0	0	0	0	0	0	0	0	0	0	0	0	0	0	0	0	0	0	0	0	0	0	0	0	0	0	0	0	0	0	0	0	0	0	0	0	0	0	0	0	0	0	0	0	0	0	0	0	0	0	0	0	0	0	0	0	0	0	0	0	0	0	0	0	0	0	0	0	0	0	0	0	0	0	0
Humibacter	0	0	0	0	0	0	0	0	0	0	0	0	0	0	0	0	0	0	0	0	0	0	0	0	0	0	0	0	0	0	0	0	0	0	0	0	0	0	0	0	0	0	0	0	0	0	0	0	0	0	0	0	0	0	0	0	0	0	0	0	0	0	0	0	0	0	0	0	0	0	0	0	0	0	0	0	0	0	0	0	0
Humidesulfovibrio	0	0	0	0	0	0	0	0	0	0	0	0	0	0	0	0	0	0	0	0	0	0	0	0	0	0	0	0	0	0	0	0	0	0	0	0	0	0	0	0	0	0	0	0	0	0	0	0	0	0	0	0	0	0	0	0	0	0	0	0	0	0	0	0	0	0	0	0	0	0	0	0	0	0	0	0	0	0	0	0	0
Humidisolicoccus	0	0	0	0	0	0	0	0	0	0	0	0	0	0	0	0	0	0	0	0	0	0	0	0	0	0	0	0	0	0	0	0	0	0	0	0	0	0	0	0	0	0	0	0	0	0	0	0	0	0	0	0	0	0	0	0	0	0	0	0	0	0	0	0	0	0	0	0	0	0	0	0	0	0	0	0	0	0	0	0	0
Humisphaera	0	0	0	0	0	0	0	0	0	0	0	0	0	0	0	0	0	0	0	0	0	0	0	0	0	0	0	0	0	0	0	0	0	0	0	0	0	0	0	0	0	0	0	0	0	0	0	0	0	0	0	0	0	0	0	0	0	0	0	0	0	0	0	0	0	0	0	0	0	0	0	0	0	0	0	0	0	0	0	0	0
Humitalea	0	0	0	0	0	0	0	0	0	0	0	0	0	0	0	0	0	0	0	0	0	0	0	0	0	0	0	0	0	0	0	0	0	0	0	0	0	0	0	0	0	0	0	0	0	0	0	0	0	0	0	0	0	0	0	0	0	0	0	0	0	0	0	0	0	0	0	0	0	0	0	0	0	0	0	0	0	0	0	0	0
Hungatella	0	0	0	0	0	0	0	0	0	0	0	0	0	0	0	0	0	0	0	0	0	0	0	0	0	0	0	0	0	0	0	0	0	0	0	0	0	0	0	0	0	0	0	0	0	0	0	0	0	0	0	0	0	0	0	0	0	0	0	0	0	0	0	0	0	0	0	0	0	0	0	0	0	0	0	0	0	0	0	0	0
Hwangdonia	0	0	0	0	0	0	0	0	0	0	0	0	0	0	0	0	0	0	0	0	0	0	0	0	0	0	0	0	0	0	0	0	0	0	0	0	0	0	0	0	0	0	0	0	0	0	0	0	0	0	0	0	0	0	0	0	0	0	0	0	0	0	0	0	0	0	0	0	0	0	0	0	0	0	0	0	0	0	0	0	0
Hwanghaeella	0	0	0	0	0	0	0	0	0	0	0	0	0	0	0	0	0	0	0	0	0	0	0	0	0	0	0	0	0	0	0	0	0	0	0	0	0	0	0	0	0	0	0	0	0	0	0	0	0	0	0	0	0	0	0	0	0	0	0	0	0	0	0	0	0	0	0	0	0	0	0	0	0	0	0	0	0	0	0	0	0
Hyalangium	0	0	0	0	0	0	0	0	0	0	0	0	0	0	0	0	0	0	0	0	0	0	0	0	0	0	0	0	0	0	0	0	0	0	0	0	0	0	0	0	0	0	0	0	0	0	0	0	0	0	0	0	0	0	0	0	0	0	0	0	0	0	0	0	0	0	0	0	0	0	0	0	0	0	0	0	0	0	0	0	0
Hydrocarboniclastica	0	0	0	0	0	0	0	0	0	0	0	0	0	0	0	0	0	0	0	0	0	0	0	0	0	0	0	0	0	0	0	0	0	0	0	0	0	0	0	0	0	0	0	0	0	0	0	0	0	0	0	0	0	0	0	0	0	0	0	0	0	0	0	0	0	0	0	0	0	0	0	0	0	0	0	0	0	0	0	0	0
Hydrocarboniphaga	0	0	0	0	0	0	0	0	0	0	0	0	0	0	0	0	0	0	0	0	0	0	0	0	0	0	0	0	0	0	0	0	0	0	0	0	0	0	0	0	0	0	0	0	0	0	0	0	0	0	0	0	0	0	0	0	0	0	0	0	0	0	0	0	0	0	0	0	0	0	0	0	0	0	0	0	0	0	0	0	0
Hydrocurvibacter	0	0	0	0	0	0	0	0	0	0	0	0	0	0	0	0	0	0	0	0	0	0	0	0	0	0	0	0	0	0	0	0	0	0	0	0	0	0	0	0	0	0	0	0	0	0	0	0	0	0	0	0	0	0	0	0	0	0	0	0	0	0	0	0	0	0	0	0	0	0	0	0	0	0	0	0	0	0	0	0	0
Hydrogenibacillus	0	0	0	0	0	0	0	0	0	0	0	0	0	0	0	0	0	0	0	0	0	0	0	0	0	0	0	0	0	0	0	0	0	0	0	0	0	0	0	0	0	0	0	0	0	0	0	0	0	0	0	0	0	0	0	0	0	0	0	0	0	0	0	0	0	0	0	0	0	0	0	0	0	0	0	0	0	0	0	0	0
Hydrogenimonas	0	0	0	0	0	0	0	0	0	0	0	0	0	0	0	0	0	0	0	0	0	0	0	0	0	0	0	0	0	0	0	0	0	0	0	0	0	0	0	0	0	0	0	0	0	0	0	0	0	0	0	0	0	0	0	0	0	0	0	0	0	0	0	0	0	0	0	0	0	0	0	0	0	0	0	0	0	0	0	0	0
Hydrogenivirga	0	0	0	0	0	0	0	0	0	0	0	0	0	0	0	0	0	0	0	0	0	0	0	0	0	0	0	0	0	0	0	0	0	0	0	0	0	0	0	0	0	0	0	0	0	0	0	0	0	0	0	0	0	0	0	0	0	0	0	0	0	0	0	0	0	0	0	0	0	0	0	0	0	0	0	0	0	0	0	0	0
Hydrogenoanaerobacterium	0	0	0	0	0	0	0	0	0	0	0	0	0	0	0	0	0	0	0	0	0	0	0	0	0	0	0	0	0	0	0	0	0	0	0	0	0	0	0	0	0	0	0	0	0	0	0	0	0	0	0	0	0	0	0	0	0	0	0	0	0	0	0	0	0	0	0	0	0	0	0	0	0	0	0	0	0	0	0	0	0
Hydrogenobacter	0	0	0	0	0	0	0	0	0	0	0	0	0	0	0	0	0	0	0	0	0	0	0	0	0	0	0	0	0	0	0	0	0	0	0	0	0	0	0	0	0	0	0	0	0	0	0	0	0	0	0	0	0	0	0	0	0	0	0	0	0	0	0	0	0	0	0	0	0	0	0	0	0	0	0	0	0	0	0	0	0
Hydrogenobaculum	0.0292262620221606	0.0001951912751347	0.0002003205128205	0.0004596477646603	0.0006791356503687	0.0002312456766029	0.0002461125991323	0.0008609127487584	0.0002299494596997	0.000242465877979	0.0004528773327086	0.00047198652693	0.0002242391053274	0.0003303420470802	0.0003082508476898	0.0002244016532569	0.0003256614432681	0.0008889061802238	0.0003399745981243	0.0003278120444455	0.000378761901304	0.0003343675883581	0.0001717431903368	0.0004474174937111	0.0004596833110332	0.0003776882436246	0.000451133986794	7.163980477546081e-05	0.0002948356319592	0.0003593884293878	0.0005750940057509	0.000444520205421	0.0002042357170057	0.0004589360243182	0.0001263851446274	0.0006444683136412	0.0002947975528884	0.0005058493995544	0.0003937547878062	0.0002614952909843	8.402464879026309e-06	0.0002038361527942	0.0005237969749911	0.0002984433423373	0.0005600229753015	0.0003192891961894	0.0002948156665045	0.000201798667503	0.0007728181212524	0.0002638106106965	0.0006817595720526	5.743898387136441e-05	0.0005231754257028	0.0005094441236833	0.0007151581383389	5.091229224922468e-05	0.0001858955484122	0.0003953813599654	0.0002675216426033	0.0007247101159536	0.0004047776451077	0.0003064282412577	3.77260616349532e-05	0.0008135978736527	0.0001397591819621	0.0002966554784683	0.0004371512694748	0.0003850466167454	0.0004345202771991	0.0004878494984297	0.0002858153904782	0.0002769184889244	0.0002071932076661	0.000550586845003	0.0004236875475016	0.0002048062116682	5.901537878397133e-05	0.0003467207606307	0.0004394446953619	0.0002814990631165	0.0003530015463189
Hydrogenophaga	0.1693434627684158	0.0017277814448834	0.0023129444085326	0.0010934778401393	0.001977600484831	0.0038394756304933	0.0023275968151982	0.0012324645666437	0.001692233699903	0.001808391339927	0.0020613726868118	0.0016810688962411	0.0017347386342696	0.0037742229158538	0.0022830801421067	0.0024654525252105	0.0004952767783037	0.0026557235070435	0.0026267848666401	0.0041246562786434	0.0033922722710877	0.0029293508284424	0.0007463520558786	0.0009542820670062	0.0026004941595593	0.002770981804665	0.0030373138469184	0.0022785100620534	0.0022909067494766	0.0038430828746327	0.0025436850254368	0.0006799652294788	0.0019244275141087	0.0027509165222368	0.0070336988753811	0.0012602935911206	0.0041505160416569	0.0023865715261028	0.0025659375982637	0.0004263738479504	2.659007873109592e-05	0.0045121912004913	0.0024042606491829	0.0014779598641227	0.0029595060310166	0.0018652728041757	0.0016299094705321	0.0039452421662226	0.0025316455696202	0.0056076451647104	0.0003971990550219	0.000345954339639	0.0012367582342295	0.0018691747490381	0.0017557534070455	0.0002981657689619	0.00210184090869	0.0028000949752049	0.0036315294243057	0.0018044865387178	0.0027078228672722	0.0033828292848449	9.431515408738298e-05	0.0008346333482843	0.0006065836660418	0.0011876466305522	0.0015660877454301	0.0020688097882765	0.0019615486799273	0.0012386803671067	0.0013419713095788	0.00123193225201	0.0013827894511632	0.0013428947439099	0.0024693353627498	0.0025416797997203	0.0001981573287624	0.0018054343989816	0.0021013129282188	0.0016741133709574	0.0019234279377477
Hydrogenophilus	0	0	0	0	0	0	0	0	0	0	0	0	0	0	0	0	0	0	0	0	0	0	0	0	0	0	0	0	0	0	0	0	0	0	0	0	0	0	0	0	0	0	0	0	0	0	0	0	0	0	0	0	0	0	0	0	0	0	0	0	0	0	0	0	0	0	0	0	0	0	0	0	0	0	0	0	0	0	0	0	0
Hydrogenovibrio	0	0	0	0	0	0	0	0	0	0	0	0	0	0	0	0	0	0	0	0	0	0	0	0	0	0	0	0	0	0	0	0	0	0	0	0	0	0	0	0	0	0	0	0	0	0	0	0	0	0	0	0	0	0	0	0	0	0	0	0	0	0	0	0	0	0	0	0	0	0	0	0	0	0	0	0	0	0	0	0	0
Hydrotalea	0	0	0	0	0	0	0	0	0	0	0	0	0	0	0	0	0	0	0	0	0	0	0	0	0	0	0	0	0	0	0	0	0	0	0	0	0	0	0	0	0	0	0	0	0	0	0	0	0	0	0	0	0	0	0	0	0	0	0	0	0	0	0	0	0	0	0	0	0	0	0	0	0	0	0	0	0	0	0	0	0
Hylemonella	0	0	0	0	0	0	0	0	0	0	0	0	0	0	0	0	0	0	0	0	0	0	0	0	0	0	0	0	0	0	0	0	0	0	0	0	0	0	0	0	0	0	0	0	0	0	0	0	0	0	0	0	0	0	0	0	0	0	0	0	0	0	0	0	0	0	0	0	0	0	0	0	0	0	0	0	0	0	0	0	0
Hymenobacter	0.07343664059179147	0.0003559008108134	0.0004561920922215	0.0005757693052061	0.0006153420863419001	0.0004963808058114	0.0006100450595513	0.0017550537088725	0.0016306979289974	0.0005253427356212	0.0008901382056687	0.0004244813894792	0.0004474400666488	0.0008089478475744	0.0029081443610333	0.0010083246093483	0.0029829683588246	0.0006207965140668	0.0007312661167203	0.00086792650593	0.000630223944655	0.0009106843943793	0.0002560922394916	0.0017771548001952	0.000540127890464	0.0008923224403334	0.000652576168063	0.0002185621162641	0.0038012333392451	0.0005560349284867	0.0013603185136031	0.0010425505665278	0.0003597183918874	0.0009124728012915	0.0006757949468921	0.001016827783745	0.0011422189012904	0.0005612687976407	0.0009545287865541	0.0016540364791181	3.265261668178579e-05	0.0006883557780191	0.0009857794001385	0.0004239036008995	0.000628948879954	0.0005807760378963	0.0006549119448778	0.001445441618394	0.002389518099045	0.0006369857467133999	0.0007548758160118	0.0001432673505757	0.0015499516863509	0.0009400457044156	0.0013579969143738	0.0001461596906676	0.0009905383236562999	0.0006024858818521	0.0020438243500044	0.0009746101559376	0.0008273198263643	0.0006431530600408	3.301030393058405e-05	0.0016170172918387	0.000134716324881	0.0010959344878133	0.0011164718776403	0.0006239060434045	0.0015692389439419	0.0007952963177526	0.0004400649662919	0.0006059071210654	0.0013737810508298	0.0007520210565895	0.0008272951164488	0.001047635842059	0.000120909556533	0.0003902335254111	0.0010933802539362	0.0008593781970915	0.0008730330926034
Hypericibacter	0	0	0	0	0	0	0	0	0	0	0	0	0	0	0	0	0	0	0	0	0	0	0	0	0	0	0	0	0	0	0	0	0	0	0	0	0	0	0	0	0	0	0	0	0	0	0	0	0	0	0	0	0	0	0	0	0	0	0	0	0	0	0	0	0	0	0	0	0	0	0	0	0	0	0	0	0	0	0	0	0
Hyphobacterium	0	0	0	0	0	0	0	0	0	0	0	0	0	0	0	0	0	0	0	0	0	0	0	0	0	0	0	0	0	0	0	0	0	0	0	0	0	0	0	0	0	0	0	0	0	0	0	0	0	0	0	0	0	0	0	0	0	0	0	0	0	0	0	0	0	0	0	0	0	0	0	0	0	0	0	0	0	0	0	0	0
Hyphococcus	0	0	0	0	0	0	0	0	0	0	0	0	0	0	0	0	0	0	0	0	0	0	0	0	0	0	0	0	0	0	0	0	0	0	0	0	0	0	0	0	0	0	0	0	0	0	0	0	0	0	0	0	0	0	0	0	0	0	0	0	0	0	0	0	0	0	0	0	0	0	0	0	0	0	0	0	0	0	0	0	0
Hyphomicrobium	0.006086283104139955	2.339832320226988e-05	3.703404438698556e-05	4.838397522740468e-05	5.714840110734995e-05	2.691221236327101e-05	3.403684881617221e-05	0.0001600995638042	0.0001246909042033	8.082195932634897e-05	0.0001561645974857	2.451878061974283e-05	5.450256032265516e-05	9.624138379503186e-05	0.0003269327172467	5.239333754457141e-05	0.0001266461168265	7.865677903027186e-05	8.659730329582922e-05	3.743367554843009e-05	2.51013804414526e-05	6.33429282293471e-05	5.481165649047663e-06	0.0001407957148042	4.432660499248911e-05	2.1737452870485e-05	5.186834607525494e-05	5.464052906602944e-06	0.0001366862508316	3.899025413169552e-05	8.847600088476001e-05	7.534240769848722e-05	5.600011595318127e-05	2.024717754345044e-05	1.880109589498961e-05	8.592910848549946e-05	0.0001143191830507	2.004531420145658e-05	4.19880697897704e-05	0.0001785309215556	1.276323779092604e-06	2.943088837136549e-05	3.904076832232059e-05	1.995958658943891e-05	3.015508328546812e-05	2.018494918439043e-05	6.10689594902216e-05	0.0001267107912228	0.0003020208749722	0.0002112154572981	5.730732634645045e-05	5.116691091989358e-06	6.673155940087516e-05	4.124071477436477e-05	0.0001265588840318	9.987578862288096e-06	0.0001153366541243	2.405759597673317e-05	4.714940827492615e-05	9.683626549380249e-05	9.516715794068422e-05	2.856534452402345e-05	0	0.0001384269943496	6.483673389995836e-06	2.305612526956453e-05	0.0005742618509394	4.568349690200629e-05	0.0002209845981184	8.00378083361283e-05	3.357196650062153e-05	4.615308148740731e-05	0.0001351260049996	4.028684231729917e-05	5.270994370578012e-05	9.858468493862062e-05	9.59599655023924e-06	2.969918865960655e-05	4.010804759255804e-05	3.348226741914963e-05	5.682463916354131e-05
Hyphomonas	0.0002508037134983559	1.847236042284464e-06	3.366731307907778e-06	4.838397522740468e-06	0	1.993497212094149e-06	1.309109569852777e-06	1.057261270405142e-05	1.619362392251675e-06	0	0	3.064847577467853e-06	2.595360015364532e-06	0	7.005701083859799e-06	7.908428308614552e-06	1.130768900236783e-05	5.07463090517883e-06	9.621922588425469e-06	4.27813434839201e-06	1.792955745818043e-06	4.153634637989973e-06	0	0	1.64172611083293e-06	1.08687264352425e-06	3.618721819203833e-06	0	4.518553746502357e-06	0	1.1059500110595e-05	3.767120384924361e-06	1.317649787133677e-06	0	1.044505327499423e-06	0	1.362100904435e-05	5.895680647487231e-07	2.79920465265136e-06	4.200727566014434e-06	0	2.725082256607916e-06	0	1.900913008517991e-06	1.435956346927053e-06	1.83499538039913e-06	0	7.821653779188456e-06	0	8.348437047358179e-07	3.952229403203479e-06	8.252727567724771e-07	3.559016501380009e-06	1.212962199246023e-06	4.017742350218565e-06	7.307984533381534e-07	2.713803626455786e-06	0	1.024987136411438e-06	2.082500333200053e-06	1.268895439209123e-05	8.656165007279835e-07	0	8.821328071298044e-06	1.801020386109954e-06	1.537075017970969e-06	8.903284510688838e-06	6.526213843143756e-06	2.234675711309694e-05	1.270441402160767e-06	9.073504459627442e-07	2.366824691661913e-06	0	0	2.00799785545829e-06	4.859808412467213e-06	2.39899913755981e-07	6.906788060373616e-07	0	4.960335913948092e-06	1.721958762531555e-06
Hyunsoonleella	0	0	0	0	0	0	0	0	0	0	0	0	0	0	0	0	0	0	0	0	0	0	0	0	0	0	0	0	0	0	0	0	0	0	0	0	0	0	0	0	0	0	0	0	0	0	0	0	0	0	0	0	0	0	0	0	0	0	0	0	0	0	0	0	0	0	0	0	0	0	0	0	0	0	0	0	0	0	0	0	0
Iamia	0	0	0	0	0	0	0	0	0	0	0	0	0	0	0	0	0	0	0	0	0	0	0	0	0	0	0	0	0	0	0	0	0	0	0	0	0	0	0	0	0	0	0	0	0	0	0	0	0	0	0	0	0	0	0	0	0	0	0	0	0	0	0	0	0	0	0	0	0	0	0	0	0	0	0	0	0	0	0	0	0
Ichthyobacterium	0	0	0	0	0	0	0	0	0	0	0	0	0	0	0	0	0	0	0	0	0	0	0	0	0	0	0	0	0	0	0	0	0	0	0	0	0	0	0	0	0	0	0	0	0	0	0	0	0	0	0	0	0	0	0	0	0	0	0	0	0	0	0	0	0	0	0	0	0	0	0	0	0	0	0	0	0	0	0	0	0
Ideonella	0	0	0	0	0	0	0	0	0	0	0	0	0	0	0	0	0	0	0	0	0	0	0	0	0	0	0	0	0	0	0	0	0	0	0	0	0	0	0	0	0	0	0	0	0	0	0	0	0	0	0	0	0	0	0	0	0	0	0	0	0	0	0	0	0	0	0	0	0	0	0	0	0	0	0	0	0	0	0	0	0
Idiomarina	0	0	0	0	0	0	0	0	0	0	0	0	0	0	0	0	0	0	0	0	0	0	0	0	0	0	0	0	0	0	0	0	0	0	0	0	0	0	0	0	0	0	0	0	0	0	0	0	0	0	0	0	0	0	0	0	0	0	0	0	0	0	0	0	0	0	0	0	0	0	0	0	0	0	0	0	0	0	0	0	0
Ignatzschineria	0	0	0	0	0	0	0	0	0	0	0	0	0	0	0	0	0	0	0	0	0	0	0	0	0	0	0	0	0	0	0	0	0	0	0	0	0	0	0	0	0	0	0	0	0	0	0	0	0	0	0	0	0	0	0	0	0	0	0	0	0	0	0	0	0	0	0	0	0	0	0	0	0	0	0	0	0	0	0	0	0
Ignavibacterium	0	0	0	0	0	0	0	0	0	0	0	0	0	0	0	0	0	0	0	0	0	0	0	0	0	0	0	0	0	0	0	0	0	0	0	0	0	0	0	0	0	0	0	0	0	0	0	0	0	0	0	0	0	0	0	0	0	0	0	0	0	0	0	0	0	0	0	0	0	0	0	0	0	0	0	0	0	0	0	0	0
Ignavigranum	0	0	0	0	0	0	0	0	0	0	0	0	0	0	0	0	0	0	0	0	0	0	0	0	0	0	0	0	0	0	0	0	0	0	0	0	0	0	0	0	0	0	0	0	0	0	0	0	0	0	0	0	0	0	0	0	0	0	0	0	0	0	0	0	0	0	0	0	0	0	0	0	0	0	0	0	0	0	0	0	0
Igneacidithiobacillus	0	0	0	0	0	0	0	0	0	0	0	0	0	0	0	0	0	0	0	0	0	0	0	0	0	0	0	0	0	0	0	0	0	0	0	0	0	0	0	0	0	0	0	0	0	0	0	0	0	0	0	0	0	0	0	0	0	0	0	0	0	0	0	0	0	0	0	0	0	0	0	0	0	0	0	0	0	0	0	0	0
Ihubacter	0	0	0	0	0	0	0	0	0	0	0	0	0	0	0	0	0	0	0	0	0	0	0	0	0	0	0	0	0	0	0	0	0	0	0	0	0	0	0	0	0	0	0	0	0	0	0	0	0	0	0	0	0	0	0	0	0	0	0	0	0	0	0	0	0	0	0	0	0	0	0	0	0	0	0	0	0	0	0	0	0
Ilumatobacter	0	0	0	0	0	0	0	0	0	0	0	0	0	0	0	0	0	0	0	0	0	0	0	0	0	0	0	0	0	0	0	0	0	0	0	0	0	0	0	0	0	0	0	0	0	0	0	0	0	0	0	0	0	0	0	0	0	0	0	0	0	0	0	0	0	0	0	0	0	0	0	0	0	0	0	0	0	0	0	0	0
Ilyobacter	0	0	0	0	0	0	0	0	0	0	0	0	0	0	0	0	0	0	0	0	0	0	0	0	0	0	0	0	0	0	0	0	0	0	0	0	0	0	0	0	0	0	0	0	0	0	0	0	0	0	0	0	0	0	0	0	0	0	0	0	0	0	0	0	0	0	0	0	0	0	0	0	0	0	0	0	0	0	0	0	0
Imbroritus	0	0	0	0	0	0	0	0	0	0	0	0	0	0	0	0	0	0	0	0	0	0	0	0	0	0	0	0	0	0	0	0	0	0	0	0	0	0	0	0	0	0	0	0	0	0	0	0	0	0	0	0	0	0	0	0	0	0	0	0	0	0	0	0	0	0	0	0	0	0	0	0	0	0	0	0	0	0	0	0	0
Immundisolibacter	0	0	0	0	0	0	0	0	0	0	0	0	0	0	0	0	0	0	0	0	0	0	0	0	0	0	0	0	0	0	0	0	0	0	0	0	0	0	0	0	0	0	0	0	0	0	0	0	0	0	0	0	0	0	0	0	0	0	0	0	0	0	0	0	0	0	0	0	0	0	0	0	0	0	0	0	0	0	0	0	0
Imperialibacter	0	0	0	0	0	0	0	0	0	0	0	0	0	0	0	0	0	0	0	0	0	0	0	0	0	0	0	0	0	0	0	0	0	0	0	0	0	0	0	0	0	0	0	0	0	0	0	0	0	0	0	0	0	0	0	0	0	0	0	0	0	0	0	0	0	0	0	0	0	0	0	0	0	0	0	0	0	0	0	0	0
Imtechella	0	0	0	0	0	0	0	0	0	0	0	0	0	0	0	0	0	0	0	0	0	0	0	0	0	0	0	0	0	0	0	0	0	0	0	0	0	0	0	0	0	0	0	0	0	0	0	0	0	0	0	0	0	0	0	0	0	0	0	0	0	0	0	0	0	0	0	0	0	0	0	0	0	0	0	0	0	0	0	0	0
Inconstantimicrobium	0	0	0	0	0	0	0	0	0	0	0	0	0	0	0	0	0	0	0	0	0	0	0	0	0	0	0	0	0	0	0	0	0	0	0	0	0	0	0	0	0	0	0	0	0	0	0	0	0	0	0	0	0	0	0	0	0	0	0	0	0	0	0	0	0	0	0	0	0	0	0	0	0	0	0	0	0	0	0	0	0
Indibacter	0	0	0	0	0	0	0	0	0	0	0	0	0	0	0	0	0	0	0	0	0	0	0	0	0	0	0	0	0	0	0	0	0	0	0	0	0	0	0	0	0	0	0	0	0	0	0	0	0	0	0	0	0	0	0	0	0	0	0	0	0	0	0	0	0	0	0	0	0	0	0	0	0	0	0	0	0	0	0	0	0
Indioceanicola	0	0	0	0	0	0	0	0	0	0	0	0	0	0	0	0	0	0	0	0	0	0	0	0	0	0	0	0	0	0	0	0	0	0	0	0	0	0	0	0	0	0	0	0	0	0	0	0	0	0	0	0	0	0	0	0	0	0	0	0	0	0	0	0	0	0	0	0	0	0	0	0	0	0	0	0	0	0	0	0	0
Inhella	0	0	0	0	0	0	0	0	0	0	0	0	0	0	0	0	0	0	0	0	0	0	0	0	0	0	0	0	0	0	0	0	0	0	0	0	0	0	0	0	0	0	0	0	0	0	0	0	0	0	0	0	0	0	0	0	0	0	0	0	0	0	0	0	0	0	0	0	0	0	0	0	0	0	0	0	0	0	0	0	0
Inquilinus	0	0	0	0	0	0	0	0	0	0	0	0	0	0	0	0	0	0	0	0	0	0	0	0	0	0	0	0	0	0	0	0	0	0	0	0	0	0	0	0	0	0	0	0	0	0	0	0	0	0	0	0	0	0	0	0	0	0	0	0	0	0	0	0	0	0	0	0	0	0	0	0	0	0	0	0	0	0	0	0	0
Intestinibacillus	0	0	0	0	0	0	0	0	0	0	0	0	0	0	0	0	0	0	0	0	0	0	0	0	0	0	0	0	0	0	0	0	0	0	0	0	0	0	0	0	0	0	0	0	0	0	0	0	0	0	0	0	0	0	0	0	0	0	0	0	0	0	0	0	0	0	0	0	0	0	0	0	0	0	0	0	0	0	0	0	0
Intestinibacter	0	0	0	0	0	0	0	0	0	0	0	0	0	0	0	0	0	0	0	0	0	0	0	0	0	0	0	0	0	0	0	0	0	0	0	0	0	0	0	0	0	0	0	0	0	0	0	0	0	0	0	0	0	0	0	0	0	0	0	0	0	0	0	0	0	0	0	0	0	0	0	0	0	0	0	0	0	0	0	0	0
Intestinibaculum	0	0	0	0	0	0	0	0	0	0	0	0	0	0	0	0	0	0	0	0	0	0	0	0	0	0	0	0	0	0	0	0	0	0	0	0	0	0	0	0	0	0	0	0	0	0	0	0	0	0	0	0	0	0	0	0	0	0	0	0	0	0	0	0	0	0	0	0	0	0	0	0	0	0	0	0	0	0	0	0	0
Intestinimonas	0	0	0	0	0	0	0	0	0	0	0	0	0	0	0	0	0	0	0	0	0	0	0	0	0	0	0	0	0	0	0	0	0	0	0	0	0	0	0	0	0	0	0	0	0	0	0	0	0	0	0	0	0	0	0	0	0	0	0	0	0	0	0	0	0	0	0	0	0	0	0	0	0	0	0	0	0	0	0	0	0
Intrasporangium	0	0	0	0	0	0	0	0	0	0	0	0	0	0	0	0	0	0	0	0	0	0	0	0	0	0	0	0	0	0	0	0	0	0	0	0	0	0	0	0	0	0	0	0	0	0	0	0	0	0	0	0	0	0	0	0	0	0	0	0	0	0	0	0	0	0	0	0	0	0	0	0	0	0	0	0	0	0	0	0	0
Iocasia	0	0	0	0	0	0	0	0	0	0	0	0	0	0	0	0	0	0	0	0	0	0	0	0	0	0	0	0	0	0	0	0	0	0	0	0	0	0	0	0	0	0	0	0	0	0	0	0	0	0	0	0	0	0	0	0	0	0	0	0	0	0	0	0	0	0	0	0	0	0	0	0	0	0	0	0	0	0	0	0	0
Iodidimonas	0	0	0	0	0	0	0	0	0	0	0	0	0	0	0	0	0	0	0	0	0	0	0	0	0	0	0	0	0	0	0	0	0	0	0	0	0	0	0	0	0	0	0	0	0	0	0	0	0	0	0	0	0	0	0	0	0	0	0	0	0	0	0	0	0	0	0	0	0	0	0	0	0	0	0	0	0	0	0	0	0
Iodobacter	0	0	0	0	0	0	0	0	0	0	0	0	0	0	0	0	0	0	0	0	0	0	0	0	0	0	0	0	0	0	0	0	0	0	0	0	0	0	0	0	0	0	0	0	0	0	0	0	0	0	0	0	0	0	0	0	0	0	0	0	0	0	0	0	0	0	0	0	0	0	0	0	0	0	0	0	0	0	0	0	0
Isoalcanivorax	0	0	0	0	0	0	0	0	0	0	0	0	0	0	0	0	0	0	0	0	0	0	0	0	0	0	0	0	0	0	0	0	0	0	0	0	0	0	0	0	0	0	0	0	0	0	0	0	0	0	0	0	0	0	0	0	0	0	0	0	0	0	0	0	0	0	0	0	0	0	0	0	0	0	0	0	0	0	0	0	0
Isoptericola	0.001932047677451995	2.832428598169512e-05	8.416828269769447e-06	4.838397522740468e-06	2.92387168456209e-05	4.983743030235373e-06	1.570931483823333e-05	4.682157054651345e-05	2.59097982760268e-05	5.05137245789681e-05	3.123291949715e-05	1.685666167607319e-05	2.854896016900984e-05	2.861230329041488e-05	3.347168295621904e-05	2.866805261872775e-05	2.261537800473566e-05	4.313436269402006e-05	2.565846023580125e-05	2.246020532905805e-05	2.465314150499809e-05	3.738271174190976e-05	3.045092027248701e-06	2.815914296084002e-05	2.790934388415981e-05	2.010714390519863e-05	2.653729334082811e-05	1.821350968867648e-06	7.229685994403772e-05	1.0171370643051e-05	3.3178500331785e-05	2.542806259823944e-05	1.71294472327378e-05	5.399247344920118e-06	9.400547947494808e-06	0.0001002506265664	1.216161521816965e-05	1.53287696834668e-05	2.892511474406405e-05	2.625454728759021e-05	3.19080944773151e-07	1.580547708832591e-05	1.626698680096691e-05	7.603652034071965e-06	1.292360712234348e-05	6.422483831396955e-06	2.526991427181583e-05	4.223693040761766e-05	8.882966910948258e-06	5.843905933150726e-06	9.386544832608264e-05	8.252727567724771e-07	3.559016501380009e-05	1.57685085901983e-05	4.62040370275135e-05	5.115589173367074e-06	1.492591994550682e-05	1.778170137410712e-05	1.434981990976013e-05	3.644375583100093e-05	3.235683369983263e-05	1.904356301601564e-05	0	1.357127395584315e-05	2.881632617775927e-06	1.895725855497528e-05	3.8284123395962e-05	3.263106921571878e-05	7.697216338955612e-05	1.90566210324115e-05	2.812786382484507e-05	2.366824691661913e-06	1.801680066662162e-05	2.014342115864958e-05	2.00799785545829e-05	5.831770094960656e-05	9.59599655023924e-07	1.519493373282196e-05	1.046296893718905e-05	4.340293924704581e-05	1.721958762531555e-05
Isosphaera	0	0	0	0	0	0	0	0	0	0	0	0	0	0	0	0	0	0	0	0	0	0	0	0	0	0	0	0	0	0	0	0	0	0	0	0	0	0	0	0	0	0	0	0	0	0	0	0	0	0	0	0	0	0	0	0	0	0	0	0	0	0	0	0	0	0	0	0	0	0	0	0	0	0	0	0	0	0	0	0	0
Izhakiella	0	0	0	0	0	0	0	0	0	0	0	0	0	0	0	0	0	0	0	0	0	0	0	0	0	0	0	0	0	0	0	0	0	0	0	0	0	0	0	0	0	0	0	0	0	0	0	0	0	0	0	0	0	0	0	0	0	0	0	0	0	0	0	0	0	0	0	0	0	0	0	0	0	0	0	0	0	0	0	0	0
Janibacter	0	0	0	0	0	0	0	0	0	0	0	0	0	0	0	0	0	0	0	0	0	0	0	0	0	0	0	0	0	0	0	0	0	0	0	0	0	0	0	0	0	0	0	0	0	0	0	0	0	0	0	0	0	0	0	0	0	0	0	0	0	0	0	0	0	0	0	0	0	0	0	0	0	0	0	0	0	0	0	0	0
Jannaschia	0	0	0	0	0	0	0	0	0	0	0	0	0	0	0	0	0	0	0	0	0	0	0	0	0	0	0	0	0	0	0	0	0	0	0	0	0	0	0	0	0	0	0	0	0	0	0	0	0	0	0	0	0	0	0	0	0	0	0	0	0	0	0	0	0	0	0	0	0	0	0	0	0	0	0	0	0	0	0	0	0
Janthinobacterium	0.05177707346996924	0.0002930947853758	0.0003568735186382	0.0003096574414553	0.0002525161909394	0.0005013645488416	0.0005707717724558	0.0004168630151883	0.0004032212356706	0.0003434933271369	0.0005309596314515	0.0023108950734107	0.0005683838433648	0.0004473923787228	0.0006118312279904	0.000431997896358	0.0002329383934487	0.000767960810317	0.0004426084390675	0.0005443925958328	0.0004105868657923	0.0004361316369889	0.0023526381002523	0.0002972353979199	0.000589379673789	0.0006494064045057	0.0005030023328692999	0.0043906700689502	0.0004303922443543	0.0004899210193069	0.0004976775049767	0.0003183216725261	0.0003017418012536	0.0004967307557326	0.000830381735362	0.0002291442892946	0.0004869510733355	0.0026748703097649	0.0006251557057588	0.0001890327404706	2.659007873109592e-05	0.0004981450365079	0.0003611271069814	0.0004448136439932	0.0004451464675473	0.0002798367955108	0.0004464351521354	0.0003644890661101	0.000852764823451	0.0004917229420893	0.0001383280291121	0.0008990521412279	0.0003968303399038	0.0004063423367474	0.0003836943944458	4.945069534254837e-05	0.000351437569626	0.0004089791316044	0.0004960937740231	0.0002800962948154	0.0031290961530896	0.0004241520853567	7.545212326990639e-05	0.0002965323359351	0.0030757826153985	0.0002730869948595	0.0005315260852881	0.0007961980888635	0.0004717648723876	0.0004497362563649	0.0017021894366261	0.0003905260741242	0.0012386550458302	0.0004297263180511	0.0004768994906713	0.0004339114653988	0.0001453793477361	0.0002887037409236	0.0005527935255148	0.000468751743868	0.0005682463916354
Jatrophihabitans	0	0	0	0	0	0	0	0	0	0	0	0	0	0	0	0	0	0	0	0	0	0	0	0	0	0	0	0	0	0	0	0	0	0	0	0	0	0	0	0	0	0	0	0	0	0	0	0	0	0	0	0	0	0	0	0	0	0	0	0	0	0	0	0	0	0	0	0	0	0	0	0	0	0	0	0	0	0	0	0	0
Jejubacter	0	0	0	0	0	0	0	0	0	0	0	0	0	0	0	0	0	0	0	0	0	0	0	0	0	0	0	0	0	0	0	0	0	0	0	0	0	0	0	0	0	0	0	0	0	0	0	0	0	0	0	0	0	0	0	0	0	0	0	0	0	0	0	0	0	0	0	0	0	0	0	0	0	0	0	0	0	0	0	0	0
Jejuia	0	0	0	0	0	0	0	0	0	0	0	0	0	0	0	0	0	0	0	0	0	0	0	0	0	0	0	0	0	0	0	0	0	0	0	0	0	0	0	0	0	0	0	0	0	0	0	0	0	0	0	0	0	0	0	0	0	0	0	0	0	0	0	0	0	0	0	0	0	0	0	0	0	0	0	0	0	0	0	0	0
Jeongeupia	0	0	0	0	0	0	0	0	0	0	0	0	0	0	0	0	0	0	0	0	0	0	0	0	0	0	0	0	0	0	0	0	0	0	0	0	0	0	0	0	0	0	0	0	0	0	0	0	0	0	0	0	0	0	0	0	0	0	0	0	0	0	0	0	0	0	0	0	0	0	0	0	0	0	0	0	0	0	0	0	0
Jeotgalibaca	0	0	0	0	0	0	0	0	0	0	0	0	0	0	0	0	0	0	0	0	0	0	0	0	0	0	0	0	0	0	0	0	0	0	0	0	0	0	0	0	0	0	0	0	0	0	0	0	0	0	0	0	0	0	0	0	0	0	0	0	0	0	0	0	0	0	0	0	0	0	0	0	0	0	0	0	0	0	0	0	0
Jeotgalibacillus	0	0	0	0	0	0	0	0	0	0	0	0	0	0	0	0	0	0	0	0	0	0	0	0	0	0	0	0	0	0	0	0	0	0	0	0	0	0	0	0	0	0	0	0	0	0	0	0	0	0	0	0	0	0	0	0	0	0	0	0	0	0	0	0	0	0	0	0	0	0	0	0	0	0	0	0	0	0	0	0	0
Jeotgalicoccus	0	0	0	0	0	0	0	0	0	0	0	0	0	0	0	0	0	0	0	0	0	0	0	0	0	0	0	0	0	0	0	0	0	0	0	0	0	0	0	0	0	0	0	0	0	0	0	0	0	0	0	0	0	0	0	0	0	0	0	0	0	0	0	0	0	0	0	0	0	0	0	0	0	0	0	0	0	0	0	0	0
Jiangella	0	0	0	0	0	0	0	0	0	0	0	0	0	0	0	0	0	0	0	0	0	0	0	0	0	0	0	0	0	0	0	0	0	0	0	0	0	0	0	0	0	0	0	0	0	0	0	0	0	0	0	0	0	0	0	0	0	0	0	0	0	0	0	0	0	0	0	0	0	0	0	0	0	0	0	0	0	0	0	0	0
Jiella	0	0	0	0	0	0	0	0	0	0	0	0	0	0	0	0	0	0	0	0	0	0	0	0	0	0	0	0	0	0	0	0	0	0	0	0	0	0	0	0	0	0	0	0	0	0	0	0	0	0	0	0	0	0	0	0	0	0	0	0	0	0	0	0	0	0	0	0	0	0	0	0	0	0	0	0	0	0	0	0	0
Jingyaoa	0	0	0	0	0	0	0	0	0	0	0	0	0	0	0	0	0	0	0	0	0	0	0	0	0	0	0	0	0	0	0	0	0	0	0	0	0	0	0	0	0	0	0	0	0	0	0	0	0	0	0	0	0	0	0	0	0	0	0	0	0	0	0	0	0	0	0	0	0	0	0	0	0	0	0	0	0	0	0	0	0
Jiulongibacter	0	0	0	0	0	0	0	0	0	0	0	0	0	0	0	0	0	0	0	0	0	0	0	0	0	0	0	0	0	0	0	0	0	0	0	0	0	0	0	0	0	0	0	0	0	0	0	0	0	0	0	0	0	0	0	0	0	0	0	0	0	0	0	0	0	0	0	0	0	0	0	0	0	0	0	0	0	0	0	0	0
Johnsonella	0	0	0	0	0	0	0	0	0	0	0	0	0	0	0	0	0	0	0	0	0	0	0	0	0	0	0	0	0	0	0	0	0	0	0	0	0	0	0	0	0	0	0	0	0	0	0	0	0	0	0	0	0	0	0	0	0	0	0	0	0	0	0	0	0	0	0	0	0	0	0	0	0	0	0	0	0	0	0	0	0
Jonesia	0	0	0	0	0	0	0	0	0	0	0	0	0	0	0	0	0	0	0	0	0	0	0	0	0	0	0	0	0	0	0	0	0	0	0	0	0	0	0	0	0	0	0	0	0	0	0	0	0	0	0	0	0	0	0	0	0	0	0	0	0	0	0	0	0	0	0	0	0	0	0	0	0	0	0	0	0	0	0	0	0
Jonquetella	0	0	0	0	0	0	0	0	0	0	0	0	0	0	0	0	0	0	0	0	0	0	0	0	0	0	0	0	0	0	0	0	0	0	0	0	0	0	0	0	0	0	0	0	0	0	0	0	0	0	0	0	0	0	0	0	0	0	0	0	0	0	0	0	0	0	0	0	0	0	0	0	0	0	0	0	0	0	0	0	0
Joostella	0	0	0	0	0	0	0	0	0	0	0	0	0	0	0	0	0	0	0	0	0	0	0	0	0	0	0	0	0	0	0	0	0	0	0	0	0	0	0	0	0	0	0	0	0	0	0	0	0	0	0	0	0	0	0	0	0	0	0	0	0	0	0	0	0	0	0	0	0	0	0	0	0	0	0	0	0	0	0	0	0
Jutongia	0	0	0	0	0	0	0	0	0	0	0	0	0	0	0	0	0	0	0	0	0	0	0	0	0	0	0	0	0	0	0	0	0	0	0	0	0	0	0	0	0	0	0	0	0	0	0	0	0	0	0	0	0	0	0	0	0	0	0	0	0	0	0	0	0	0	0	0	0	0	0	0	0	0	0	0	0	0	0	0	0
Kaistella	0	0	0	0	0	0	0	0	0	0	0	0	0	0	0	0	0	0	0	0	0	0	0	0	0	0	0	0	0	0	0	0	0	0	0	0	0	0	0	0	0	0	0	0	0	0	0	0	0	0	0	0	0	0	0	0	0	0	0	0	0	0	0	0	0	0	0	0	0	0	0	0	0	0	0	0	0	0	0	0	0
Kaistia	0	0	0	0	0	0	0	0	0	0	0	0	0	0	0	0	0	0	0	0	0	0	0	0	0	0	0	0	0	0	0	0	0	0	0	0	0	0	0	0	0	0	0	0	0	0	0	0	0	0	0	0	0	0	0	0	0	0	0	0	0	0	0	0	0	0	0	0	0	0	0	0	0	0	0	0	0	0	0	0	0
Kallipyga	0	0	0	0	0	0	0	0	0	0	0	0	0	0	0	0	0	0	0	0	0	0	0	0	0	0	0	0	0	0	0	0	0	0	0	0	0	0	0	0	0	0	0	0	0	0	0	0	0	0	0	0	0	0	0	0	0	0	0	0	0	0	0	0	0	0	0	0	0	0	0	0	0	0	0	0	0	0	0	0	0
Kamptonema	0	0	0	0	0	0	0	0	0	0	0	0	0	0	0	0	0	0	0	0	0	0	0	0	0	0	0	0	0	0	0	0	0	0	0	0	0	0	0	0	0	0	0	0	0	0	0	0	0	0	0	0	0	0	0	0	0	0	0	0	0	0	0	0	0	0	0	0	0	0	0	0	0	0	0	0	0	0	0	0	0
Kandleria	0	0	0	0	0	0	0	0	0	0	0	0	0	0	0	0	0	0	0	0	0	0	0	0	0	0	0	0	0	0	0	0	0	0	0	0	0	0	0	0	0	0	0	0	0	0	0	0	0	0	0	0	0	0	0	0	0	0	0	0	0	0	0	0	0	0	0	0	0	0	0	0	0	0	0	0	0	0	0	0	0
Kangiella	0.004177004703615313	3.386599410854851e-05	6.733462615815557e-05	3.386878265918328e-05	3.455484718118834e-05	4.086669284793005e-05	8.640123161028332e-05	5.739418325056488e-05	5.343895894430527e-05	3.030823474738086e-05	6.24658389943e-05	5.976452776062315e-05	3.581596821203053e-05	5.462348809988295e-05	4.670467389239866e-05	5.634755169887868e-05	3.392306700710349e-05	7.273637630756322e-05	8.338999576635407e-05	4.598994424521411e-05	3.76520706621789e-05	4.153634637989973e-05	1.674800614986786e-05	4.067431761010225e-05	4.596833110332203e-05	6.086486803735799e-05	5.066210546885366e-05	1.396369076131863e-05	1.920385342263502e-05	4.577116789372952e-05	3.3178500331785e-05	3.484586356055034e-05	2.503534595553986e-05	7.28898391564216e-05	3.760219178997923e-05	0.0002434658073755	4.913292548140538e-05	7.959168874107763e-05	5.131875196527493e-05	5.355927646668403e-05	3.403530077580277e-06	4.087623384911873e-05	7.15747419242544e-05	4.847328171720877e-05	4.882251579551982e-05	6.51423360041691e-05	7.791556900476548e-05	6.100889947766996e-05	2.664890073284477e-05	3.25589044846969e-05	2.96417205240261e-05	9.573163978560734e-06	0.0001218963151722	0.0001043147491351	9.2408074055027e-05	1.09619768000723e-05	4.206395621006468e-05	5.229912168855037e-05	4.509943400210328e-05	6.976376116220179e-05	6.788590599768808e-05	4.328082503639918e-05	9.4315154087383e-06	8.821328071298045e-05	9.005101930549773e-06	6.045828404019144e-05	4.98583932598575e-05	3.654679752160503e-05	5.462540627645918e-05	5.716986309723451e-05	2.812786382484507e-05	6.745450371236452e-05	7.20672026664865e-05	4.700131603684904e-05	9.035990349562306e-05	6.178899267279744e-05	1.487379465287082e-05	4.696615881054059e-05	6.452164177933249e-05	5.952403096737711e-05	4.993680411341509e-05
Kaustia	0	0	0	0	0	0	0	0	0	0	0	0	0	0	0	0	0	0	0	0	0	0	0	0	0	0	0	0	0	0	0	0	0	0	0	0	0	0	0	0	0	0	0	0	0	0	0	0	0	0	0	0	0	0	0	0	0	0	0	0	0	0	0	0	0	0	0	0	0	0	0	0	0	0	0	0	0	0	0	0	0
Keratinibaculum	0	0	0	0	0	0	0	0	0	0	0	0	0	0	0	0	0	0	0	0	0	0	0	0	0	0	0	0	0	0	0	0	0	0	0	0	0	0	0	0	0	0	0	0	0	0	0	0	0	0	0	0	0	0	0	0	0	0	0	0	0	0	0	0	0	0	0	0	0	0	0	0	0	0	0	0	0	0	0	0	0
Kerstersia	0	0	0	0	0	0	0	0	0	0	0	0	0	0	0	0	0	0	0	0	0	0	0	0	0	0	0	0	0	0	0	0	0	0	0	0	0	0	0	0	0	0	0	0	0	0	0	0	0	0	0	0	0	0	0	0	0	0	0	0	0	0	0	0	0	0	0	0	0	0	0	0	0	0	0	0	0	0	0	0	0
Ketobacter	0	0	0	0	0	0	0	0	0	0	0	0	0	0	0	0	0	0	0	0	0	0	0	0	0	0	0	0	0	0	0	0	0	0	0	0	0	0	0	0	0	0	0	0	0	0	0	0	0	0	0	0	0	0	0	0	0	0	0	0	0	0	0	0	0	0	0	0	0	0	0	0	0	0	0	0	0	0	0	0	0
Ketogulonicigenium	0	0	0	0	0	0	0	0	0	0	0	0	0	0	0	0	0	0	0	0	0	0	0	0	0	0	0	0	0	0	0	0	0	0	0	0	0	0	0	0	0	0	0	0	0	0	0	0	0	0	0	0	0	0	0	0	0	0	0	0	0	0	0	0	0	0	0	0	0	0	0	0	0	0	0	0	0	0	0	0	0
Kibdelosporangium	0	0	0	0	0	0	0	0	0	0	0	0	0	0	0	0	0	0	0	0	0	0	0	0	0	0	0	0	0	0	0	0	0	0	0	0	0	0	0	0	0	0	0	0	0	0	0	0	0	0	0	0	0	0	0	0	0	0	0	0	0	0	0	0	0	0	0	0	0	0	0	0	0	0	0	0	0	0	0	0	0
Kiloniella	0	0	0	0	0	0	0	0	0	0	0	0	0	0	0	0	0	0	0	0	0	0	0	0	0	0	0	0	0	0	0	0	0	0	0	0	0	0	0	0	0	0	0	0	0	0	0	0	0	0	0	0	0	0	0	0	0	0	0	0	0	0	0	0	0	0	0	0	0	0	0	0	0	0	0	0	0	0	0	0	0
Kineobactrum	0	0	0	0	0	0	0	0	0	0	0	0	0	0	0	0	0	0	0	0	0	0	0	0	0	0	0	0	0	0	0	0	0	0	0	0	0	0	0	0	0	0	0	0	0	0	0	0	0	0	0	0	0	0	0	0	0	0	0	0	0	0	0	0	0	0	0	0	0	0	0	0	0	0	0	0	0	0	0	0	0
Kineococcus	0	0	0	0	0	0	0	0	0	0	0	0	0	0	0	0	0	0	0	0	0	0	0	0	0	0	0	0	0	0	0	0	0	0	0	0	0	0	0	0	0	0	0	0	0	0	0	0	0	0	0	0	0	0	0	0	0	0	0	0	0	0	0	0	0	0	0	0	0	0	0	0	0	0	0	0	0	0	0	0	0
Kineosphaera	0	0	0	0	0	0	0	0	0	0	0	0	0	0	0	0	0	0	0	0	0	0	0	0	0	0	0	0	0	0	0	0	0	0	0	0	0	0	0	0	0	0	0	0	0	0	0	0	0	0	0	0	0	0	0	0	0	0	0	0	0	0	0	0	0	0	0	0	0	0	0	0	0	0	0	0	0	0	0	0	0
Kineosporia	0	0	0	0	0	0	0	0	0	0	0	0	0	0	0	0	0	0	0	0	0	0	0	0	0	0	0	0	0	0	0	0	0	0	0	0	0	0	0	0	0	0	0	0	0	0	0	0	0	0	0	0	0	0	0	0	0	0	0	0	0	0	0	0	0	0	0	0	0	0	0	0	0	0	0	0	0	0	0	0	0
Kineothrix	0	0	0	0	0	0	0	0	0	0	0	0	0	0	0	0	0	0	0	0	0	0	0	0	0	0	0	0	0	0	0	0	0	0	0	0	0	0	0	0	0	0	0	0	0	0	0	0	0	0	0	0	0	0	0	0	0	0	0	0	0	0	0	0	0	0	0	0	0	0	0	0	0	0	0	0	0	0	0	0	0
Kinetoplastibacterium	0	0	0	0	0	0	0	0	0	0	0	0	0	0	0	0	0	0	0	0	0	0	0	0	0	0	0	0	0	0	0	0	0	0	0	0	0	0	0	0	0	0	0	0	0	0	0	0	0	0	0	0	0	0	0	0	0	0	0	0	0	0	0	0	0	0	0	0	0	0	0	0	0	0	0	0	0	0	0	0	0
Kingella	0	0	0	0	0	0	0	0	0	0	0	0	0	0	0	0	0	0	0	0	0	0	0	0	0	0	0	0	0	0	0	0	0	0	0	0	0	0	0	0	0	0	0	0	0	0	0	0	0	0	0	0	0	0	0	0	0	0	0	0	0	0	0	0	0	0	0	0	0	0	0	0	0	0	0	0	0	0	0	0	0
Kiritimatiella	0	0	0	0	0	0	0	0	0	0	0	0	0	0	0	0	0	0	0	0	0	0	0	0	0	0	0	0	0	0	0	0	0	0	0	0	0	0	0	0	0	0	0	0	0	0	0	0	0	0	0	0	0	0	0	0	0	0	0	0	0	0	0	0	0	0	0	0	0	0	0	0	0	0	0	0	0	0	0	0	0
Kistimonas	0	0	0	0	0	0	0	0	0	0	0	0	0	0	0	0	0	0	0	0	0	0	0	0	0	0	0	0	0	0	0	0	0	0	0	0	0	0	0	0	0	0	0	0	0	0	0	0	0	0	0	0	0	0	0	0	0	0	0	0	0	0	0	0	0	0	0	0	0	0	0	0	0	0	0	0	0	0	0	0	0
Kitasatospora	0	0	0	0	0	0	0	0	0	0	0	0	0	0	0	0	0	0	0	0	0	0	0	0	0	0	0	0	0	0	0	0	0	0	0	0	0	0	0	0	0	0	0	0	0	0	0	0	0	0	0	0	0	0	0	0	0	0	0	0	0	0	0	0	0	0	0	0	0	0	0	0	0	0	0	0	0	0	0	0	0
Klebsiella	4.138310445259114	0.0115476882456676	0.0309486775479422	0.1015773175924134	0.0317452722988409	0.0193070204991318	0.0487551677100269	0.0369769577457981	0.1353884121665935	0.0443207419455866	0.0306082611072069	0.08051661070765791	0.0153946374671362	0.0151203017297437	0.0445181167430028	0.0618913599432174	0.1050891385124056	0.0153033952663842	0.0480743325593031	0.047440231789319	0.0197857148940385	0.0217982745801713	0.0044549696358648	0.1012196037695706	0.0648925079828932	0.0338506484825627	0.0958358161785815	0.0033452146128202	0.0156059550019825	0.0140737865131015	0.0208692767086927	0.1983002752823221	0.01813283754564	0.0224581693311952	0.0163068171729209	0.0578302900107411	0.0102357018322203	0.0317494194228482	0.0438467416791309	0.0487200383106354	0.0108675778980287	0.0261079230676577	0.036070416532464	0.0102307138118438	0.0127082136703044	0.09221585784657781	0.218214133041887	0.07518799344858269	0.0199511436819897	0.0352237255902136	0.008195935724893201	0.0051719843666931	0.0528674106197493	0.0561261868835119	0.0250486146824376	0.0431136983541688	0.1979258398882998	0.017042191793431	0.0272462080600888	0.0249254464880714	0.049807318227556	0.03877529115011	0.0793096130720803	0.0074506294017578	0.0029050458827953	0.0798167191748571	0.0231992884495019	0.0284529871133381	0.0486141286130361	0.0855286560762671	0.3132790737766647	0.0845098424404802	0.0520099993243699	0.1332890178067843	0.0402578470046194	0.020173758978496	0.0277631372191521	0.0157108708009318	0.06767622691389499	0.0631487964364946	0.1143552814197205
Klenkia	0	0	0	0	0	0	0	0	0	0	0	0	0	0	0	0	0	0	0	0	0	0	0	0	0	0	0	0	0	0	0	0	0	0	0	0	0	0	0	0	0	0	0	0	0	0	0	0	0	0	0	0	0	0	0	0	0	0	0	0	0	0	0	0	0	0	0	0	0	0	0	0	0	0	0	0	0	0	0	0	0
Kluyvera	0	0	0	0	0	0	0	0	0	0	0	0	0	0	0	0	0	0	0	0	0	0	0	0	0	0	0	0	0	0	0	0	0	0	0	0	0	0	0	0	0	0	0	0	0	0	0	0	0	0	0	0	0	0	0	0	0	0	0	0	0	0	0	0	0	0	0	0	0	0	0	0	0	0	0	0	0	0	0	0	0
Knoellia	0	0	0	0	0	0	0	0	0	0	0	0	0	0	0	0	0	0	0	0	0	0	0	0	0	0	0	0	0	0	0	0	0	0	0	0	0	0	0	0	0	0	0	0	0	0	0	0	0	0	0	0	0	0	0	0	0	0	0	0	0	0	0	0	0	0	0	0	0	0	0	0	0	0	0	0	0	0	0	0	0
Kocuria	0.004679725888671574	4.987537314168054e-05	3.19839474251239e-05	6.289916779562609e-05	7.309679211405225e-05	2.491871515117687e-05	2.225486268749722e-05	0.0001132779932576	8.906493157384211e-05	1.010274491579362e-05	4.684937924572499e-05	3.218089956341246e-05	5.190720030729063e-05	4.421901417609572e-05	6.694336591243807e-05	0.0001008324609348	0.0002193691666459	6.512442994979499e-05	5.13169204716025e-05	4.064227630972409e-05	5.109923875581422e-05	6.957338018633205e-05	6.699202459947144e-06	0.0001814700324143	2.134243944082809e-05	4.510521470625637e-05	3.859969940484089e-05	4.249818927357845e-06	0.0001637975733107	4.916162477474652e-05	8.847600088476001e-05	5.933214606255868e-05	2.371769616840618e-05	2.834604856083063e-05	7.31153729249596e-06	0.00015753669889	2.383676582761251e-05	1.827661000721042e-05	6.718091166363264e-05	0.0001165701899569	1.276323779092604e-06	3.760613514118924e-05	6.832134456406102e-05	3.326597764906485e-05	1.579551981619759e-05	1.743245611379173e-05	4.422234997567771e-05	0.0001314037834903	7.994670219853431e-05	2.170593632313127e-05	0.0002885127464338	3.96130923250789e-06	0.0001138885280441	5.822218556380909e-05	0.0001084790434559	1.826996133345383e-05	3.120874170424154e-05	6.275894602626043e-05	2.972462695593171e-05	7.080501132880181e-05	5.646584704480597e-05	3.63558930305753e-05	9.4315154087383e-06	2.917823900506276e-05	7.9244896988838e-06	4.09886671458925e-05	6.58843053790974e-05	6.395689566280881e-05	0.0001067678395403	4.827677328210914e-05	4.899692408198819e-05	3.076872099160487e-05	5.855460216652028e-05	5.371578975639889e-05	3.413596354279094e-05	0.0001110813351421	4.558098361363639e-06	3.522461910790544e-05	4.185187574875622e-05	9.548646634350078e-05	4.477092782582043e-05
Koinonema	0	0	0	0	0	0	0	0	0	0	0	0	0	0	0	0	0	0	0	0	0	0	0	0	0	0	0	0	0	0	0	0	0	0	0	0	0	0	0	0	0	0	0	0	0	0	0	0	0	0	0	0	0	0	0	0	0	0	0	0	0	0	0	0	0	0	0	0	0	0	0	0	0	0	0	0	0	0	0	0	0
Koleobacter	0	0	0	0	0	0	0	0	0	0	0	0	0	0	0	0	0	0	0	0	0	0	0	0	0	0	0	0	0	0	0	0	0	0	0	0	0	0	0	0	0	0	0	0	0	0	0	0	0	0	0	0	0	0	0	0	0	0	0	0	0	0	0	0	0	0	0	0	0	0	0	0	0	0	0	0	0	0	0	0	0
Kolteria	0	0	0	0	0	0	0	0	0	0	0	0	0	0	0	0	0	0	0	0	0	0	0	0	0	0	0	0	0	0	0	0	0	0	0	0	0	0	0	0	0	0	0	0	0	0	0	0	0	0	0	0	0	0	0	0	0	0	0	0	0	0	0	0	0	0	0	0	0	0	0	0	0	0	0	0	0	0	0	0	0
Komagataeibacter	0.006562505340593079	3.263450341369221e-05	6.22845291962939e-05	8.709115540932843e-05	6.113549885902553e-05	4.983743030235372e-05	7.985568376101943e-05	0.0001389543383961	0.0001376458033413	9.09247042421426e-05	4.684937924572499e-05	3.831059471834817e-05	9.08376005377586e-05	7.543243594745741e-05	0.0001751425270964	7.611862247041506e-05	0.0002781691494582	8.542295357051031e-05	0.0001186703785905	9.304942207752621e-05	6.006401748490443e-05	8.618791873829194e-05	1.644349694714299e-05	0.0002002427943881	5.910213998998547e-05	6.195174068088223e-05	8.443684244808944e-05	1.882062667829903e-05	0.0001061860130428	5.424731009627202e-05	0.0001880115018801	0.0001214896324138	4.216479318827766e-05	6.074153263035133e-05	7.938240488995614e-05	5.728607232366631e-05	7.491554974392503e-05	9.727873068353932e-05	7.18462527513849e-05	0.000148075646702	3.935331652202196e-06	6.649200706123315e-05	7.482813928444778e-05	5.512647724702174e-05	4.30786904078116e-05	3.578240991778303e-05	9.055052614067341e-05	0.000125146460467	0.0001154785698423	6.762234008360125e-05	6.422372780205655e-05	8.582836670433761e-06	0.0001201168069215	7.277773195476137e-05	0.0001084790434559	3.23987314313248e-05	6.920199247462255e-05	4.706920951969533e-05	9.019886800420656e-05	8.121751299480208e-05	8.374709898780211e-05	5.539945604659094e-05	0	0.0002585327688588	1.58489793977676e-05	7.070545082666457e-05	0.0001976529161372	5.09044679765213e-05	0.0001514613537665	6.352207010803833e-05	3.810871873043526e-05	4.970331852490018e-05	0.0001261176046663	3.357236859774931e-05	6.325193244693615e-05	0.0001492655440972	1.463389473911484e-05	3.798733433205489e-05	7.498461071652156e-05	8.556579451560459e-05	6.199051545113598e-05
Kordia	0	0	0	0	0	0	0	0	0	0	0	0	0	0	0	0	0	0	0	0	0	0	0	0	0	0	0	0	0	0	0	0	0	0	0	0	0	0	0	0	0	0	0	0	0	0	0	0	0	0	0	0	0	0	0	0	0	0	0	0	0	0	0	0	0	0	0	0	0	0	0	0	0	0	0	0	0	0	0	0	0
Kordiimonas	0	0	0	0	0	0	0	0	0	0	0	0	0	0	0	0	0	0	0	0	0	0	0	0	0	0	0	0	0	0	0	0	0	0	0	0	0	0	0	0	0	0	0	0	0	0	0	0	0	0	0	0	0	0	0	0	0	0	0	0	0	0	0	0	0	0	0	0	0	0	0	0	0	0	0	0	0	0	0	0	0
Kosakonia	0.002531933459157931	3.448173945597667e-05	1.010019392372334e-05	0.0001257983355912	2.392258651005347e-05	1.295773187861197e-05	3.272773924631944e-05	3.624895784246203e-05	2.267107349152345e-05	1.010274491579362e-05	3.123291949715e-05	3.98430185070821e-05	9.343296055312312e-06	7.803355442840421e-06	6.149448729165823e-05	2.767949908015093e-05	5.879998281231272e-05	1.353234908047688e-05	1.603653764737578e-05	3.369030799358708e-05	1.837779639463494e-05	2.180658184944736e-05	1.43119325280689e-05	1.564396831157779e-05	5.910213998998547e-05	2.445463447929562e-05	2.533105273442683e-05	4.856935916980394e-06	5.535228339465388e-05	1.356182752406801e-05	5.529750055297501e-05	5.462324558140323e-05	2.503534595553986e-05	1.619774203476036e-05	1.671208523999077e-05	4.296455424274973e-05	1.508040287053036e-05	2.004531420145658e-05	4.105500157221995e-05	4.200727566014433e-05	4.2969567229451e-05	1.253537838039641e-05	1.952038416116029e-05	6.653195529812969e-06	1.579551981619759e-05	4.495738681977868e-05	2.948156665045181e-05	2.502929209340306e-05	4.441483455474128e-05	1.085296816156563e-05	3.260589257642871e-05	4.126363783862386e-06	6.406229702484016e-05	4.002775257511875e-05	2.611532527642068e-05	3.069353504020244e-05	2.442423263810208e-05	1.882768380787813e-05	2.254971700105164e-05	1.56187524990004e-05	2.537790878418246e-05	2.59684950218395e-05	0.0001509042465398	1.764265614259609e-05	6.483673389995836e-06	6.865601746936993e-05	3.650346649382424e-05	3.393631198434753e-05	2.979567615079592e-05	4.319500767346607e-05	3.720136828447251e-05	3.076872099160487e-05	1.801680066662162e-05	4.028684231729917e-05	3.513996247052008e-05	3.332440054263232e-05	2.806828990944978e-05	1.588561253885932e-05	5.05710165297471e-05	3.100209946217558e-05	5.165876287594664e-05
Kosmotoga	0.0017348955066105	4.925962779425239e-06	3.366731307907778e-06	9.676795045480936e-06	5.316130335567437e-06	9.967486060470743e-07	3.927328709558332e-06	2.265559865153877e-05	9.068429396609381e-05	2.020548983158724e-05	1.5616459748575e-05	7.662118943669633e-06	4.671648027656156e-06	5.202236961893614e-06	1.868186955695946e-05	4.250780215880322e-05	9.046151201894264e-05	5.07463090517883e-06	2.565846023580125e-05	1.069533587098002e-05	3.137672555181575e-06	4.153634637989973e-06	2.436073621798961e-06	0.0001157653655056	1.149208277583051e-05	2.554150712281987e-05	1.568112788321661e-05	0	0.0001920385342263	1.0171370643051e-05	4.423800044238e-05	2.731162279070161e-05	3.952949361401031e-06	5.399247344920118e-06	3.133515982498269e-06	5.728607232366631e-05	9.729292174535718e-06	6.485248712235954e-06	1.492909148080725e-05	5.355927646668403e-05	2.127206298487673e-07	2.725082256607916e-06	1.626698680096691e-05	8.55410853833096e-06	5.743825387708213e-06	1.376246535299347e-05	6.317478567953958e-06	5.788023796599458e-05	7.106373528758606e-05	5.843905933150726e-06	4.742675283844176e-05	1.320436410835963e-06	6.940082177691017e-05	2.911109278190454e-05	3.415080997685781e-05	8.038782986719687e-06	1.628282175873472e-05	3.137947301313022e-06	1.229984563693726e-05	3.748500599760096e-05	1.205450667248667e-05	6.059315505095885e-06	0	5.224940472999611e-05	2.161224463331945e-06	1.485839184038603e-05	1.068394141282661e-05	3.915728305886253e-06	1.986378410053061e-05	1.651573822808997e-05	1.814700891925488e-06	1.065071111247861e-05	1.801680066662162e-05	6.714473719549861e-06	2.359397480163491e-05	1.457942523740164e-05	7.19699741267943e-07	4.834751642261531e-06	1.39506252495854e-05	2.232151161276642e-05	3.788309277569421e-05
Kovacikia	0	0	0	0	0	0	0	0	0	0	0	0	0	0	0	0	0	0	0	0	0	0	0	0	0	0	0	0	0	0	0	0	0	0	0	0	0	0	0	0	0	0	0	0	0	0	0	0	0	0	0	0	0	0	0	0	0	0	0	0	0	0	0	0	0	0	0	0	0	0	0	0	0	0	0	0	0	0	0	0	0
Kozakia	0	0	0	0	0	0	0	0	0	0	0	0	0	0	0	0	0	0	0	0	0	0	0	0	0	0	0	0	0	0	0	0	0	0	0	0	0	0	0	0	0	0	0	0	0	0	0	0	0	0	0	0	0	0	0	0	0	0	0	0	0	0	0	0	0	0	0	0	0	0	0	0	0	0	0	0	0	0	0	0	0
Krasilnikovia	0	0	0	0	0	0	0	0	0	0	0	0	0	0	0	0	0	0	0	0	0	0	0	0	0	0	0	0	0	0	0	0	0	0	0	0	0	0	0	0	0	0	0	0	0	0	0	0	0	0	0	0	0	0	0	0	0	0	0	0	0	0	0	0	0	0	0	0	0	0	0	0	0	0	0	0	0	0	0	0	0
Kribbella	0	0	0	0	0	0	0	0	0	0	0	0	0	0	0	0	0	0	0	0	0	0	0	0	0	0	0	0	0	0	0	0	0	0	0	0	0	0	0	0	0	0	0	0	0	0	0	0	0	0	0	0	0	0	0	0	0	0	0	0	0	0	0	0	0	0	0	0	0	0	0	0	0	0	0	0	0	0	0	0	0
Kriegella	0	0	0	0	0	0	0	0	0	0	0	0	0	0	0	0	0	0	0	0	0	0	0	0	0	0	0	0	0	0	0	0	0	0	0	0	0	0	0	0	0	0	0	0	0	0	0	0	0	0	0	0	0	0	0	0	0	0	0	0	0	0	0	0	0	0	0	0	0	0	0	0	0	0	0	0	0	0	0	0	0
Kroppenstedtia	0	0	0	0	0	0	0	0	0	0	0	0	0	0	0	0	0	0	0	0	0	0	0	0	0	0	0	0	0	0	0	0	0	0	0	0	0	0	0	0	0	0	0	0	0	0	0	0	0	0	0	0	0	0	0	0	0	0	0	0	0	0	0	0	0	0	0	0	0	0	0	0	0	0	0	0	0	0	0	0	0
Ktedonobacter	0	0	0	0	0	0	0	0	0	0	0	0	0	0	0	0	0	0	0	0	0	0	0	0	0	0	0	0	0	0	0	0	0	0	0	0	0	0	0	0	0	0	0	0	0	0	0	0	0	0	0	0	0	0	0	0	0	0	0	0	0	0	0	0	0	0	0	0	0	0	0	0	0	0	0	0	0	0	0	0	0
Ktedonosporobacter	0	0	0	0	0	0	0	0	0	0	0	0	0	0	0	0	0	0	0	0	0	0	0	0	0	0	0	0	0	0	0	0	0	0	0	0	0	0	0	0	0	0	0	0	0	0	0	0	0	0	0	0	0	0	0	0	0	0	0	0	0	0	0	0	0	0	0	0	0	0	0	0	0	0	0	0	0	0	0	0	0
Kurthia	0	0	0	0	0	0	0	0	0	0	0	0	0	0	0	0	0	0	0	0	0	0	0	0	0	0	0	0	0	0	0	0	0	0	0	0	0	0	0	0	0	0	0	0	0	0	0	0	0	0	0	0	0	0	0	0	0	0	0	0	0	0	0	0	0	0	0	0	0	0	0	0	0	0	0	0	0	0	0	0	0
Kushneria	0	0	0	0	0	0	0	0	0	0	0	0	0	0	0	0	0	0	0	0	0	0	0	0	0	0	0	0	0	0	0	0	0	0	0	0	0	0	0	0	0	0	0	0	0	0	0	0	0	0	0	0	0	0	0	0	0	0	0	0	0	0	0	0	0	0	0	0	0	0	0	0	0	0	0	0	0	0	0	0	0
Kutzneria	0	0	0	0	0	0	0	0	0	0	0	0	0	0	0	0	0	0	0	0	0	0	0	0	0	0	0	0	0	0	0	0	0	0	0	0	0	0	0	0	0	0	0	0	0	0	0	0	0	0	0	0	0	0	0	0	0	0	0	0	0	0	0	0	0	0	0	0	0	0	0	0	0	0	0	0	0	0	0	0	0
Kyrpidia	0	0	0	0	0	0	0	0	0	0	0	0	0	0	0	0	0	0	0	0	0	0	0	0	0	0	0	0	0	0	0	0	0	0	0	0	0	0	0	0	0	0	0	0	0	0	0	0	0	0	0	0	0	0	0	0	0	0	0	0	0	0	0	0	0	0	0	0	0	0	0	0	0	0	0	0	0	0	0	0	0
Kytococcus	0	0	0	0	0	0	0	0	0	0	0	0	0	0	0	0	0	0	0	0	0	0	0	0	0	0	0	0	0	0	0	0	0	0	0	0	0	0	0	0	0	0	0	0	0	0	0	0	0	0	0	0	0	0	0	0	0	0	0	0	0	0	0	0	0	0	0	0	0	0	0	0	0	0	0	0	0	0	0	0	0
Labedella	0	0	0	0	0	0	0	0	0	0	0	0	0	0	0	0	0	0	0	0	0	0	0	0	0	0	0	0	0	0	0	0	0	0	0	0	0	0	0	0	0	0	0	0	0	0	0	0	0	0	0	0	0	0	0	0	0	0	0	0	0	0	0	0	0	0	0	0	0	0	0	0	0	0	0	0	0	0	0	0	0
Labilibaculum	0	0	0	0	0	0	0	0	0	0	0	0	0	0	0	0	0	0	0	0	0	0	0	0	0	0	0	0	0	0	0	0	0	0	0	0	0	0	0	0	0	0	0	0	0	0	0	0	0	0	0	0	0	0	0	0	0	0	0	0	0	0	0	0	0	0	0	0	0	0	0	0	0	0	0	0	0	0	0	0	0
Labilithrix	0	0	0	0	0	0	0	0	0	0	0	0	0	0	0	0	0	0	0	0	0	0	0	0	0	0	0	0	0	0	0	0	0	0	0	0	0	0	0	0	0	0	0	0	0	0	0	0	0	0	0	0	0	0	0	0	0	0	0	0	0	0	0	0	0	0	0	0	0	0	0	0	0	0	0	0	0	0	0	0	0
Labrenzia	0	0	0	0	0	0	0	0	0	0	0	0	0	0	0	0	0	0	0	0	0	0	0	0	0	0	0	0	0	0	0	0	0	0	0	0	0	0	0	0	0	0	0	0	0	0	0	0	0	0	0	0	0	0	0	0	0	0	0	0	0	0	0	0	0	0	0	0	0	0	0	0	0	0	0	0	0	0	0	0	0
Labrys	0	0	0	0	0	0	0	0	0	0	0	0	0	0	0	0	0	0	0	0	0	0	0	0	0	0	0	0	0	0	0	0	0	0	0	0	0	0	0	0	0	0	0	0	0	0	0	0	0	0	0	0	0	0	0	0	0	0	0	0	0	0	0	0	0	0	0	0	0	0	0	0	0	0	0	0	0	0	0	0	0
Laceyella	0	0	0	0	0	0	0	0	0	0	0	0	0	0	0	0	0	0	0	0	0	0	0	0	0	0	0	0	0	0	0	0	0	0	0	0	0	0	0	0	0	0	0	0	0	0	0	0	0	0	0	0	0	0	0	0	0	0	0	0	0	0	0	0	0	0	0	0	0	0	0	0	0	0	0	0	0	0	0	0	0
Lachnoanaerobaculum	0	0	0	0	0	0	0	0	0	0	0	0	0	0	0	0	0	0	0	0	0	0	0	0	0	0	0	0	0	0	0	0	0	0	0	0	0	0	0	0	0	0	0	0	0	0	0	0	0	0	0	0	0	0	0	0	0	0	0	0	0	0	0	0	0	0	0	0	0	0	0	0	0	0	0	0	0	0	0	0	0
Lachnobacterium	0	0	0	0	0	0	0	0	0	0	0	0	0	0	0	0	0	0	0	0	0	0	0	0	0	0	0	0	0	0	0	0	0	0	0	0	0	0	0	0	0	0	0	0	0	0	0	0	0	0	0	0	0	0	0	0	0	0	0	0	0	0	0	0	0	0	0	0	0	0	0	0	0	0	0	0	0	0	0	0	0
Lachnoclostridium	0.01752720896098852	0.0001077554357999	5.218433527257056e-05	0.0002612734662279	0.0002405548976844	6.678215660515399e-05	0.0001924391067683	0.0001374439651526	0.0002671947947215	0.0001919521534	0.0001561645974857	0.0001133993603663	0.0001006999685961	9.884250227597868e-05	7.239224453321791e-05	0.000109729442782	0.0005291998453108	9.472644356333816e-05	0.0001699872990621	9.732755642591822e-05	0.0001922945037389	0.0002274114964299	5.176656446322793e-06	0.0004787054303342	0.0001822315983024	0.0002081361112348	0.0001604300006513	6.071169896225493e-06	3.16298762255165e-05	8.984710734695054e-05	0.000353904003539	0.0003512839758941	0.0001324238036069	8.098871017380177e-05	7.207086759746018e-05	0.0005155746509128999	5.253817774249288e-05	4.362803679140551e-05	0.0003508336497989	0.0001092189167163	2.339926928336441e-06	0.0001504245405647	0.0003025659544979	7.033378131516567e-05	0.0002599080987937	0.0001211096951063	0.0004064244545383	0.0004067259965177	0.0001421274705751	9.433733863514742e-05	0.0012953431868999	7.757563913661284e-06	0.0003897123069011	0.0003299257181949	0.0003917298791463	7.649023811606005e-05	6.106058159525518e-05	0.0002353460475984	0.0001660479160986	0.0004206650673064	0.0002239600450204	0.000114261378096	9.4315154087383e-06	5.021371363661964e-05	5.042857081107872e-06	0.0002131410691586	0.0002599759077121	0.0003393631198434	0.0001117337855654	0.0004967425882448	0.0003819945377503	0.0003467398173284	0.0004098822151656	0.0004901565815271	0.000222385762492	0.0001471827690632	2.878798965071772e-06	0.0003322165057039	0.0005266361031718	0.0004055074609652	0.0004029383504323
Lachnospira	0	0	0	0	0	0	0	0	0	0	0	0	0	0	0	0	0	0	0	0	0	0	0	0	0	0	0	0	0	0	0	0	0	0	0	0	0	0	0	0	0	0	0	0	0	0	0	0	0	0	0	0	0	0	0	0	0	0	0	0	0	0	0	0	0	0	0	0	0	0	0	0	0	0	0	0	0	0	0	0	0
Lachnotalea	0	0	0	0	0	0	0	0	0	0	0	0	0	0	0	0	0	0	0	0	0	0	0	0	0	0	0	0	0	0	0	0	0	0	0	0	0	0	0	0	0	0	0	0	0	0	0	0	0	0	0	0	0	0	0	0	0	0	0	0	0	0	0	0	0	0	0	0	0	0	0	0	0	0	0	0	0	0	0	0	0
Lacibacter	0	0	0	0	0	0	0	0	0	0	0	0	0	0	0	0	0	0	0	0	0	0	0	0	0	0	0	0	0	0	0	0	0	0	0	0	0	0	0	0	0	0	0	0	0	0	0	0	0	0	0	0	0	0	0	0	0	0	0	0	0	0	0	0	0	0	0	0	0	0	0	0	0	0	0	0	0	0	0	0	0
Lacicoccus	0	0	0	0	0	0	0	0	0	0	0	0	0	0	0	0	0	0	0	0	0	0	0	0	0	0	0	0	0	0	0	0	0	0	0	0	0	0	0	0	0	0	0	0	0	0	0	0	0	0	0	0	0	0	0	0	0	0	0	0	0	0	0	0	0	0	0	0	0	0	0	0	0	0	0	0	0	0	0	0	0
Lacihabitans	0	0	0	0	0	0	0	0	0	0	0	0	0	0	0	0	0	0	0	0	0	0	0	0	0	0	0	0	0	0	0	0	0	0	0	0	0	0	0	0	0	0	0	0	0	0	0	0	0	0	0	0	0	0	0	0	0	0	0	0	0	0	0	0	0	0	0	0	0	0	0	0	0	0	0	0	0	0	0	0	0
Lacimicrobium	0	0	0	0	0	0	0	0	0	0	0	0	0	0	0	0	0	0	0	0	0	0	0	0	0	0	0	0	0	0	0	0	0	0	0	0	0	0	0	0	0	0	0	0	0	0	0	0	0	0	0	0	0	0	0	0	0	0	0	0	0	0	0	0	0	0	0	0	0	0	0	0	0	0	0	0	0	0	0	0	0
Lacinutrix	0	0	0	0	0	0	0	0	0	0	0	0	0	0	0	0	0	0	0	0	0	0	0	0	0	0	0	0	0	0	0	0	0	0	0	0	0	0	0	0	0	0	0	0	0	0	0	0	0	0	0	0	0	0	0	0	0	0	0	0	0	0	0	0	0	0	0	0	0	0	0	0	0	0	0	0	0	0	0	0	0
Lacipirellula	0	0	0	0	0	0	0	0	0	0	0	0	0	0	0	0	0	0	0	0	0	0	0	0	0	0	0	0	0	0	0	0	0	0	0	0	0	0	0	0	0	0	0	0	0	0	0	0	0	0	0	0	0	0	0	0	0	0	0	0	0	0	0	0	0	0	0	0	0	0	0	0	0	0	0	0	0	0	0	0	0
Lacisediminihabitans	0	0	0	0	0	0	0	0	0	0	0	0	0	0	0	0	0	0	0	0	0	0	0	0	0	0	0	0	0	0	0	0	0	0	0	0	0	0	0	0	0	0	0	0	0	0	0	0	0	0	0	0	0	0	0	0	0	0	0	0	0	0	0	0	0	0	0	0	0	0	0	0	0	0	0	0	0	0	0	0	0
Lacisediminimonas	0	0	0	0	0	0	0	0	0	0	0	0	0	0	0	0	0	0	0	0	0	0	0	0	0	0	0	0	0	0	0	0	0	0	0	0	0	0	0	0	0	0	0	0	0	0	0	0	0	0	0	0	0	0	0	0	0	0	0	0	0	0	0	0	0	0	0	0	0	0	0	0	0	0	0	0	0	0	0	0	0
Lacrimispora	0	0	0	0	0	0	0	0	0	0	0	0	0	0	0	0	0	0	0	0	0	0	0	0	0	0	0	0	0	0	0	0	0	0	0	0	0	0	0	0	0	0	0	0	0	0	0	0	0	0	0	0	0	0	0	0	0	0	0	0	0	0	0	0	0	0	0	0	0	0	0	0	0	0	0	0	0	0	0	0	0
Lacticaseibacillus	0	0	0	0	0	0	0	0	0	0	0	0	0	0	0	0	0	0	0	0	0	0	0	0	0	0	0	0	0	0	0	0	0	0	0	0	0	0	0	0	0	0	0	0	0	0	0	0	0	0	0	0	0	0	0	0	0	0	0	0	0	0	0	0	0	0	0	0	0	0	0	0	0	0	0	0	0	0	0	0	0
Lacticigenium	0	0	0	0	0	0	0	0	0	0	0	0	0	0	0	0	0	0	0	0	0	0	0	0	0	0	0	0	0	0	0	0	0	0	0	0	0	0	0	0	0	0	0	0	0	0	0	0	0	0	0	0	0	0	0	0	0	0	0	0	0	0	0	0	0	0	0	0	0	0	0	0	0	0	0	0	0	0	0	0	0
Lactimicrobium	0	0	0	0	0	0	0	0	0	0	0	0	0	0	0	0	0	0	0	0	0	0	0	0	0	0	0	0	0	0	0	0	0	0	0	0	0	0	0	0	0	0	0	0	0	0	0	0	0	0	0	0	0	0	0	0	0	0	0	0	0	0	0	0	0	0	0	0	0	0	0	0	0	0	0	0	0	0	0	0	0
Lactiplantibacillus	0	0	0	0	0	0	0	0	0	0	0	0	0	0	0	0	0	0	0	0	0	0	0	0	0	0	0	0	0	0	0	0	0	0	0	0	0	0	0	0	0	0	0	0	0	0	0	0	0	0	0	0	0	0	0	0	0	0	0	0	0	0	0	0	0	0	0	0	0	0	0	0	0	0	0	0	0	0	0	0	0
Lactobacillus	0.6637691743120793	0.0028392017969912	0.0015874138116785	0.0318269789045868	0.0039060267640581	0.0017423165633702	0.0071202469504292	0.0036913522069573	0.0088320024873406	0.0049200367739914	0.0055282267509955	0.008183143031839099	0.0027998743845752	0.0033138249447262	0.0014743108725367	0.0066361599044661	0.0081754591487119	0.0037958239170737	0.0051733870450434	0.0038941717906238	0.0036728698453082	0.0030840737187075	0.0009686437738678	0.0185693903858428	0.0055129162801769	0.0056386952746038	0.0055740378421803	0.0003824837034622	0.0028432999449866	0.0026309945396691	0.0048882990488829	0.0138903146393123	0.0017162388477416	0.0029250422491104	0.0017098552211165	0.0190762620837808	0.0016403586606267	0.0034336444090965	0.0043742238038765	0.0248326010064943	0.0354721222701162	0.0019478887970233	0.0074860673258049	0.0072976050397005	0.0032107983917288	0.0014028539683151	0.0043506369071309	0.0041360905184348	0.0027626027093049	0.0021121545729816	0.1411331239310454	0.0006488294413745	0.0073564871083524	0.0058161537453846	0.0105947865775263	0.0008725733532857	0.0197049281316954	0.0045562994815065	0.0028156396637222	0.0158457450353192	0.0035535416775051	0.0032365400962219	0.0012543915493621	0.007865231821108799	0.0005514724422268	0.0046327441041645	0.00948733997459	0.0062808282026415	0.0043799643941669	0.0045278531573009	0.0118708658845305	0.0038165048153048	0.0038240659414904	0.0044785539709397	0.0038377859012446	0.0026763659185801	0.0004301405453644	0.0040715515615902	0.0076152975581174	0.0503660107862504	0.0026845337107866
Lactococcus	0.07308233489829472	0.0002549185738352	0.0001161522301228	0.0033384942906909	0.0008412776256035	0.0008542135553823	0.0001544749292426	8.45809016324114e-05	7.934875722033206e-05	0.0004344180313791	0.0010306863434059	0.0063258453998936	0.0009753362937739	0.000533229288594	0.0001424492553718	0.000174973976328	0.0002351999312492	0.0016010460505839	0.000250169987299	0.0015101814249823	0.0022550900893026	0.001417427820214	1.73570245553176e-05	0.0002440459056606	0.0066457072966516	0.0004336621847661	0.0041349927987435	3.157008346037256e-05	5.30930065214027e-05	0.0003254838605776	0.0003096660030966	0.0011489717174019	0.0003096476999764	0.000217319705633	0.0005316532116972	0.0009738632295023	0.0001415612011394	0.001243399048555	0.000639151729022	5.250909457518042e-05	3.44607420355003e-05	0.0003253748214389	0.0010280735658211	0.0007118919216899001	0.0004279149913842	3.486491222758347e-05	0.0001874185308493	0.0001204534681995	0.0002487230735065	0.0008907782329531	0.0013338774235811	4.968141995770312e-05	0.0001361323811777	0.000365101621973	0.0006850250707122	2.387274947571301e-05	0.0001289056722566	0.0016725259115998	0.0005883426163001	0.0027259929361588	0.0010607965871788	0.0019381153451299	0.0005941854707505	0.0001323199210694	1.512857124332362e-05	0.0003796575294388	0.0008484830138686	0.0033335900310778	0.0010776102874537	0.0002731449014645	0.0073731297238932	0.0002556170666994	0.000247731009166	0.0004431552654902	0.001712320171242	0.0001902267864308	1.151519586028709e-05	0.0004054284591439	0.0002284414884619	0.0006448436688132	0.0001343127834774
Lactonifactor	0	0	0	0	0	0	0	0	0	0	0	0	0	0	0	0	0	0	0	0	0	0	0	0	0	0	0	0	0	0	0	0	0	0	0	0	0	0	0	0	0	0	0	0	0	0	0	0	0	0	0	0	0	0	0	0	0	0	0	0	0	0	0	0	0	0	0	0	0	0	0	0	0	0	0	0	0	0	0	0	0
Lacunisphaera	0	0	0	0	0	0	0	0	0	0	0	0	0	0	0	0	0	0	0	0	0	0	0	0	0	0	0	0	0	0	0	0	0	0	0	0	0	0	0	0	0	0	0	0	0	0	0	0	0	0	0	0	0	0	0	0	0	0	0	0	0	0	0	0	0	0	0	0	0	0	0	0	0	0	0	0	0	0	0	0	0
Laedolimicola	0	0	0	0	0	0	0	0	0	0	0	0	0	0	0	0	0	0	0	0	0	0	0	0	0	0	0	0	0	0	0	0	0	0	0	0	0	0	0	0	0	0	0	0	0	0	0	0	0	0	0	0	0	0	0	0	0	0	0	0	0	0	0	0	0	0	0	0	0	0	0	0	0	0	0	0	0	0	0	0	0
Lagierella	0	0	0	0	0	0	0	0	0	0	0	0	0	0	0	0	0	0	0	0	0	0	0	0	0	0	0	0	0	0	0	0	0	0	0	0	0	0	0	0	0	0	0	0	0	0	0	0	0	0	0	0	0	0	0	0	0	0	0	0	0	0	0	0	0	0	0	0	0	0	0	0	0	0	0	0	0	0	0	0	0
Lamprobacter	0	0	0	0	0	0	0	0	0	0	0	0	0	0	0	0	0	0	0	0	0	0	0	0	0	0	0	0	0	0	0	0	0	0	0	0	0	0	0	0	0	0	0	0	0	0	0	0	0	0	0	0	0	0	0	0	0	0	0	0	0	0	0	0	0	0	0	0	0	0	0	0	0	0	0	0	0	0	0	0	0
Lamprocystis	0	0	0	0	0	0	0	0	0	0	0	0	0	0	0	0	0	0	0	0	0	0	0	0	0	0	0	0	0	0	0	0	0	0	0	0	0	0	0	0	0	0	0	0	0	0	0	0	0	0	0	0	0	0	0	0	0	0	0	0	0	0	0	0	0	0	0	0	0	0	0	0	0	0	0	0	0	0	0	0	0
Lampropedia	0	0	0	0	0	0	0	0	0	0	0	0	0	0	0	0	0	0	0	0	0	0	0	0	0	0	0	0	0	0	0	0	0	0	0	0	0	0	0	0	0	0	0	0	0	0	0	0	0	0	0	0	0	0	0	0	0	0	0	0	0	0	0	0	0	0	0	0	0	0	0	0	0	0	0	0	0	0	0	0	0
Lancefieldella	0	0	0	0	0	0	0	0	0	0	0	0	0	0	0	0	0	0	0	0	0	0	0	0	0	0	0	0	0	0	0	0	0	0	0	0	0	0	0	0	0	0	0	0	0	0	0	0	0	0	0	0	0	0	0	0	0	0	0	0	0	0	0	0	0	0	0	0	0	0	0	0	0	0	0	0	0	0	0	0	0
Lapidilactobacillus	0	0	0	0	0	0	0	0	0	0	0	0	0	0	0	0	0	0	0	0	0	0	0	0	0	0	0	0	0	0	0	0	0	0	0	0	0	0	0	0	0	0	0	0	0	0	0	0	0	0	0	0	0	0	0	0	0	0	0	0	0	0	0	0	0	0	0	0	0	0	0	0	0	0	0	0	0	0	0	0	0
Lapillicoccus	0	0	0	0	0	0	0	0	0	0	0	0	0	0	0	0	0	0	0	0	0	0	0	0	0	0	0	0	0	0	0	0	0	0	0	0	0	0	0	0	0	0	0	0	0	0	0	0	0	0	0	0	0	0	0	0	0	0	0	0	0	0	0	0	0	0	0	0	0	0	0	0	0	0	0	0	0	0	0	0	0
Laribacter	0	0	0	0	0	0	0	0	0	0	0	0	0	0	0	0	0	0	0	0	0	0	0	0	0	0	0	0	0	0	0	0	0	0	0	0	0	0	0	0	0	0	0	0	0	0	0	0	0	0	0	0	0	0	0	0	0	0	0	0	0	0	0	0	0	0	0	0	0	0	0	0	0	0	0	0	0	0	0	0	0
Larkinella	0	0	0	0	0	0	0	0	0	0	0	0	0	0	0	0	0	0	0	0	0	0	0	0	0	0	0	0	0	0	0	0	0	0	0	0	0	0	0	0	0	0	0	0	0	0	0	0	0	0	0	0	0	0	0	0	0	0	0	0	0	0	0	0	0	0	0	0	0	0	0	0	0	0	0	0	0	0	0	0	0
Larsenimonas	0	0	0	0	0	0	0	0	0	0	0	0	0	0	0	0	0	0	0	0	0	0	0	0	0	0	0	0	0	0	0	0	0	0	0	0	0	0	0	0	0	0	0	0	0	0	0	0	0	0	0	0	0	0	0	0	0	0	0	0	0	0	0	0	0	0	0	0	0	0	0	0	0	0	0	0	0	0	0	0	0
Lascolabacillus	0	0	0	0	0	0	0	0	0	0	0	0	0	0	0	0	0	0	0	0	0	0	0	0	0	0	0	0	0	0	0	0	0	0	0	0	0	0	0	0	0	0	0	0	0	0	0	0	0	0	0	0	0	0	0	0	0	0	0	0	0	0	0	0	0	0	0	0	0	0	0	0	0	0	0	0	0	0	0	0	0
Laspinema	0	0	0	0	0	0	0	0	0	0	0	0	0	0	0	0	0	0	0	0	0	0	0	0	0	0	0	0	0	0	0	0	0	0	0	0	0	0	0	0	0	0	0	0	0	0	0	0	0	0	0	0	0	0	0	0	0	0	0	0	0	0	0	0	0	0	0	0	0	0	0	0	0	0	0	0	0	0	0	0	0
Latilactobacillus	0	0	0	0	0	0	0	0	0	0	0	0	0	0	0	0	0	0	0	0	0	0	0	0	0	0	0	0	0	0	0	0	0	0	0	0	0	0	0	0	0	0	0	0	0	0	0	0	0	0	0	0	0	0	0	0	0	0	0	0	0	0	0	0	0	0	0	0	0	0	0	0	0	0	0	0	0	0	0	0	0
Lautropia	0	0	0	0	0	0	0	0	0	0	0	0	0	0	0	0	0	0	0	0	0	0	0	0	0	0	0	0	0	0	0	0	0	0	0	0	0	0	0	0	0	0	0	0	0	0	0	0	0	0	0	0	0	0	0	0	0	0	0	0	0	0	0	0	0	0	0	0	0	0	0	0	0	0	0	0	0	0	0	0	0
Lawsonella	0	0	0	0	0	0	0	0	0	0	0	0	0	0	0	0	0	0	0	0	0	0	0	0	0	0	0	0	0	0	0	0	0	0	0	0	0	0	0	0	0	0	0	0	0	0	0	0	0	0	0	0	0	0	0	0	0	0	0	0	0	0	0	0	0	0	0	0	0	0	0	0	0	0	0	0	0	0	0	0	0
Lawsonia	0	0	0	0	0	0	0	0	0	0	0	0	0	0	0	0	0	0	0	0	0	0	0	0	0	0	0	0	0	0	0	0	0	0	0	0	0	0	0	0	0	0	0	0	0	0	0	0	0	0	0	0	0	0	0	0	0	0	0	0	0	0	0	0	0	0	0	0	0	0	0	0	0	0	0	0	0	0	0	0	0
Lawsonibacter	0	0	0	0	0	0	0	0	0	0	0	0	0	0	0	0	0	0	0	0	0	0	0	0	0	0	0	0	0	0	0	0	0	0	0	0	0	0	0	0	0	0	0	0	0	0	0	0	0	0	0	0	0	0	0	0	0	0	0	0	0	0	0	0	0	0	0	0	0	0	0	0	0	0	0	0	0	0	0	0	0
Leadbettera	0	0	0	0	0	0	0	0	0	0	0	0	0	0	0	0	0	0	0	0	0	0	0	0	0	0	0	0	0	0	0	0	0	0	0	0	0	0	0	0	0	0	0	0	0	0	0	0	0	0	0	0	0	0	0	0	0	0	0	0	0	0	0	0	0	0	0	0	0	0	0	0	0	0	0	0	0	0	0	0	0
Leadbetterella	0	0	0	0	0	0	0	0	0	0	0	0	0	0	0	0	0	0	0	0	0	0	0	0	0	0	0	0	0	0	0	0	0	0	0	0	0	0	0	0	0	0	0	0	0	0	0	0	0	0	0	0	0	0	0	0	0	0	0	0	0	0	0	0	0	0	0	0	0	0	0	0	0	0	0	0	0	0	0	0	0
Lebetimonas	0	0	0	0	0	0	0	0	0	0	0	0	0	0	0	0	0	0	0	0	0	0	0	0	0	0	0	0	0	0	0	0	0	0	0	0	0	0	0	0	0	0	0	0	0	0	0	0	0	0	0	0	0	0	0	0	0	0	0	0	0	0	0	0	0	0	0	0	0	0	0	0	0	0	0	0	0	0	0	0	0
Lechevalieria	0	0	0	0	0	0	0	0	0	0	0	0	0	0	0	0	0	0	0	0	0	0	0	0	0	0	0	0	0	0	0	0	0	0	0	0	0	0	0	0	0	0	0	0	0	0	0	0	0	0	0	0	0	0	0	0	0	0	0	0	0	0	0	0	0	0	0	0	0	0	0	0	0	0	0	0	0	0	0	0	0
Leclercia	0	0	0	0	0	0	0	0	0	0	0	0	0	0	0	0	0	0	0	0	0	0	0	0	0	0	0	0	0	0	0	0	0	0	0	0	0	0	0	0	0	0	0	0	0	0	0	0	0	0	0	0	0	0	0	0	0	0	0	0	0	0	0	0	0	0	0	0	0	0	0	0	0	0	0	0	0	0	0	0	0
Lederbergia	0	0	0	0	0	0	0	0	0	0	0	0	0	0	0	0	0	0	0	0	0	0	0	0	0	0	0	0	0	0	0	0	0	0	0	0	0	0	0	0	0	0	0	0	0	0	0	0	0	0	0	0	0	0	0	0	0	0	0	0	0	0	0	0	0	0	0	0	0	0	0	0	0	0	0	0	0	0	0	0	0
Leeia	0	0	0	0	0	0	0	0	0	0	0	0	0	0	0	0	0	0	0	0	0	0	0	0	0	0	0	0	0	0	0	0	0	0	0	0	0	0	0	0	0	0	0	0	0	0	0	0	0	0	0	0	0	0	0	0	0	0	0	0	0	0	0	0	0	0	0	0	0	0	0	0	0	0	0	0	0	0	0	0	0
Leeuwenhoekiella	0	0	0	0	0	0	0	0	0	0	0	0	0	0	0	0	0	0	0	0	0	0	0	0	0	0	0	0	0	0	0	0	0	0	0	0	0	0	0	0	0	0	0	0	0	0	0	0	0	0	0	0	0	0	0	0	0	0	0	0	0	0	0	0	0	0	0	0	0	0	0	0	0	0	0	0	0	0	0	0	0
Legionella	0.006741497157717396	4.371791966739899e-05	5.555106658047834e-05	5.806077027288562e-05	5.316130335567437e-05	5.980491636282447e-05	5.105527322425833e-05	0.0001540580708304	5.991640851331197e-05	6.061646949476173e-05	0.0001249316779886	7.968603701416419e-05	9.758553657770636e-05	0.0001144492131616	0.0001455629002979	8.501560431760644e-05	0.000167353797235	0.0001048757053736	8.338999576635407e-05	8.395838658719319e-05	6.27534511036315e-05	6.645815420783957e-05	4.415383439510617e-05	0.0001376669211418	4.268487888165617e-05	6.412548596793073e-05	8.081812062888561e-05	3.157008346037256e-05	0.0001705754039304	7.119959450135703e-05	8.847600088476001e-05	0.0001083047110665	5.731776574031495e-05	5.93917207941213e-05	4.595823440997461e-05	0.0002434658073755	8.221251887482682e-05	7.192730389934422e-05	8.957454888484352e-05	0.0001428247372444	5.743457005916718e-06	5.613669448612306e-05	5.530775512328749e-05	4.086962968313681e-05	6.605399195864446e-05	4.862737758057694e-05	7.159809043681152e-05	9.385984535026148e-05	0.0002576060404174	8.682374529252506e-05	0.0001096743659388	1.832105520034899e-05	0.0001423606600552	8.490735394722159e-05	9.843468758035483e-05	1.778276236456173e-05	0.0001207642613772	4.811519195346634e-05	5.432431822980622e-05	0.0001228675196588	7.359593547412913e-05	6.578685405532674e-05	4.715757704369149e-06	8.753471701518829e-05	4.250408111219493e-05	6.865601746936993e-05	0.0001086200710304	8.745126549812632e-05	0.0001464954077414	8.511957394477137e-05	5.081162497391368e-05	8.99393382831527e-05	0.0001126050041663	0.0001410039481105	6.726792815785273e-05	0.0001346861188598	1.89520931867225e-05	5.249158925883948e-05	7.14969544041252e-05	0.0001116075580638	7.576618555138841e-05
Leifsonia	0	0	0	0	0	0	0	0	0	0	0	0	0	0	0	0	0	0	0	0	0	0	0	0	0	0	0	0	0	0	0	0	0	0	0	0	0	0	0	0	0	0	0	0	0	0	0	0	0	0	0	0	0	0	0	0	0	0	0	0	0	0	0	0	0	0	0	0	0	0	0	0	0	0	0	0	0	0	0	0	0
Leisingera	0	0	0	0	0	0	0	0	0	0	0	0	0	0	0	0	0	0	0	0	0	0	0	0	0	0	0	0	0	0	0	0	0	0	0	0	0	0	0	0	0	0	0	0	0	0	0	0	0	0	0	0	0	0	0	0	0	0	0	0	0	0	0	0	0	0	0	0	0	0	0	0	0	0	0	0	0	0	0	0	0
Lelliottia	0	0	0	0	0	0	0	0	0	0	0	0	0	0	0	0	0	0	0	0	0	0	0	0	0	0	0	0	0	0	0	0	0	0	0	0	0	0	0	0	0	0	0	0	0	0	0	0	0	0	0	0	0	0	0	0	0	0	0	0	0	0	0	0	0	0	0	0	0	0	0	0	0	0	0	0	0	0	0	0	0
Leminorella	0	0	0	0	0	0	0	0	0	0	0	0	0	0	0	0	0	0	0	0	0	0	0	0	0	0	0	0	0	0	0	0	0	0	0	0	0	0	0	0	0	0	0	0	0	0	0	0	0	0	0	0	0	0	0	0	0	0	0	0	0	0	0	0	0	0	0	0	0	0	0	0	0	0	0	0	0	0	0	0	0
Lentibacillus	0	0	0	0	0	0	0	0	0	0	0	0	0	0	0	0	0	0	0	0	0	0	0	0	0	0	0	0	0	0	0	0	0	0	0	0	0	0	0	0	0	0	0	0	0	0	0	0	0	0	0	0	0	0	0	0	0	0	0	0	0	0	0	0	0	0	0	0	0	0	0	0	0	0	0	0	0	0	0	0	0
Lentibacter	0	0	0	0	0	0	0	0	0	0	0	0	0	0	0	0	0	0	0	0	0	0	0	0	0	0	0	0	0	0	0	0	0	0	0	0	0	0	0	0	0	0	0	0	0	0	0	0	0	0	0	0	0	0	0	0	0	0	0	0	0	0	0	0	0	0	0	0	0	0	0	0	0	0	0	0	0	0	0	0	0
Lentihominibacter	0	0	0	0	0	0	0	0	0	0	0	0	0	0	0	0	0	0	0	0	0	0	0	0	0	0	0	0	0	0	0	0	0	0	0	0	0	0	0	0	0	0	0	0	0	0	0	0	0	0	0	0	0	0	0	0	0	0	0	0	0	0	0	0	0	0	0	0	0	0	0	0	0	0	0	0	0	0	0	0	0
Lentilactobacillus	0	0	0	0	0	0	0	0	0	0	0	0	0	0	0	0	0	0	0	0	0	0	0	0	0	0	0	0	0	0	0	0	0	0	0	0	0	0	0	0	0	0	0	0	0	0	0	0	0	0	0	0	0	0	0	0	0	0	0	0	0	0	0	0	0	0	0	0	0	0	0	0	0	0	0	0	0	0	0	0	0
Lentilitoribacter	0	0	0	0	0	0	0	0	0	0	0	0	0	0	0	0	0	0	0	0	0	0	0	0	0	0	0	0	0	0	0	0	0	0	0	0	0	0	0	0	0	0	0	0	0	0	0	0	0	0	0	0	0	0	0	0	0	0	0	0	0	0	0	0	0	0	0	0	0	0	0	0	0	0	0	0	0	0	0	0	0
Lentimicrobium	0	0	0	0	0	0	0	0	0	0	0	0	0	0	0	0	0	0	0	0	0	0	0	0	0	0	0	0	0	0	0	0	0	0	0	0	0	0	0	0	0	0	0	0	0	0	0	0	0	0	0	0	0	0	0	0	0	0	0	0	0	0	0	0	0	0	0	0	0	0	0	0	0	0	0	0	0	0	0	0	0
Lentisalinibacter	0	0	0	0	0	0	0	0	0	0	0	0	0	0	0	0	0	0	0	0	0	0	0	0	0	0	0	0	0	0	0	0	0	0	0	0	0	0	0	0	0	0	0	0	0	0	0	0	0	0	0	0	0	0	0	0	0	0	0	0	0	0	0	0	0	0	0	0	0	0	0	0	0	0	0	0	0	0	0	0	0
Lentisphaera	0	0	0	0	0	0	0	0	0	0	0	0	0	0	0	0	0	0	0	0	0	0	0	0	0	0	0	0	0	0	0	0	0	0	0	0	0	0	0	0	0	0	0	0	0	0	0	0	0	0	0	0	0	0	0	0	0	0	0	0	0	0	0	0	0	0	0	0	0	0	0	0	0	0	0	0	0	0	0	0	0
Lentzea	0	0	0	0	0	0	0	0	0	0	0	0	0	0	0	0	0	0	0	0	0	0	0	0	0	0	0	0	0	0	0	0	0	0	0	0	0	0	0	0	0	0	0	0	0	0	0	0	0	0	0	0	0	0	0	0	0	0	0	0	0	0	0	0	0	0	0	0	0	0	0	0	0	0	0	0	0	0	0	0	0
Leptobacterium	0	0	0	0	0	0	0	0	0	0	0	0	0	0	0	0	0	0	0	0	0	0	0	0	0	0	0	0	0	0	0	0	0	0	0	0	0	0	0	0	0	0	0	0	0	0	0	0	0	0	0	0	0	0	0	0	0	0	0	0	0	0	0	0	0	0	0	0	0	0	0	0	0	0	0	0	0	0	0	0	0
Leptodesmis	0	0	0	0	0	0	0	0	0	0	0	0	0	0	0	0	0	0	0	0	0	0	0	0	0	0	0	0	0	0	0	0	0	0	0	0	0	0	0	0	0	0	0	0	0	0	0	0	0	0	0	0	0	0	0	0	0	0	0	0	0	0	0	0	0	0	0	0	0	0	0	0	0	0	0	0	0	0	0	0	0
Leptogranulimonas	0	0	0	0	0	0	0	0	0	0	0	0	0	0	0	0	0	0	0	0	0	0	0	0	0	0	0	0	0	0	0	0	0	0	0	0	0	0	0	0	0	0	0	0	0	0	0	0	0	0	0	0	0	0	0	0	0	0	0	0	0	0	0	0	0	0	0	0	0	0	0	0	0	0	0	0	0	0	0	0	0
Leptolinea	0	0	0	0	0	0	0	0	0	0	0	0	0	0	0	0	0	0	0	0	0	0	0	0	0	0	0	0	0	0	0	0	0	0	0	0	0	0	0	0	0	0	0	0	0	0	0	0	0	0	0	0	0	0	0	0	0	0	0	0	0	0	0	0	0	0	0	0	0	0	0	0	0	0	0	0	0	0	0	0	0
Leptolyngbya	7.85879474907972e-05	1.23149069485631e-06	0	0	1.329032583891859e-06	2.990245818141223e-06	0	6.041492973743672e-06	0	0	0	0	0	0	2.335233694619933e-06	0	0	3.38308727011922e-06	0	5.347667935490012e-07	8.964778729090214e-07	0	6.090184054497403e-07	0	0	0	1.206240606401278e-06	0	2.259276873251179e-06	1.695228440508501e-06	0	3.767120384924361e-06	1.317649787133677e-06	1.34981183623003e-06	0	0	2.432323043633929e-06	1.179136129497446e-06	0	1.050181891503608e-06	0	2.725082256607916e-06	0	9.504565042589956e-07	1.435956346927053e-06	0	0	0	8.882966910948258e-06	2.504531114207453e-06	0	1.650545513544954e-07	0	1.212962199246023e-06	0	0	0	1.045982433771007e-06	3.074961409234314e-06	0	1.903343158813684e-06	8.656165007279835e-07	0	0	1.080612231665973e-06	5.123583393236563e-07	2.670985353206652e-06	0	2.482973012566326e-06	0	9.073504459627442e-07	0	0	0	1.003998927729145e-06	2.777033378552694e-06	0	2.072036418112085e-06	1.743828156198176e-06	1.240083978487023e-06	1.721958762531555e-06
Leptonema	0	0	0	0	0	0	0	0	0	0	0	0	0	0	0	0	0	0	0	0	0	0	0	0	0	0	0	0	0	0	0	0	0	0	0	0	0	0	0	0	0	0	0	0	0	0	0	0	0	0	0	0	0	0	0	0	0	0	0	0	0	0	0	0	0	0	0	0	0	0	0	0	0	0	0	0	0	0	0	0	0
Leptospira	0.01193000012832548	9.605627419879216e-05	9.595184227537169e-05	7.257596284110703e-05	8.107098761740342e-05	7.973988848376596e-05	5.629171150366943e-05	0.0005769625789925	8.42068443970871e-05	0.0001717466635684	0.0001249316779886	0.0001057372414226	6.332678437489457e-05	9.624138379503186e-05	0.0003393872969514	0.0001225806387835	0.0006038305927264	0.0001074130208262	0.0001026338409432	0.0001032099911549	9.054426516381116e-05	7.788064946231199e-05	0.0001440328528888	0.000287849016933	9.3578388317477e-05	6.575579493321711e-05	7.599315820328049e-05	7.831809166130886e-05	0.0001999460032827	9.493279266847604e-05	0.0002211900022119	0.0003296230336808	0.0001047531580771	0.0001187834415882	8.66939421824521e-05	0.00015753669889	0.0001488581702703	0.0001073013877842	0.0001352948915448	0.0003665134801347	5.743457005916718e-06	8.120745124691589e-05	0.0001626698680096	7.888788985349664e-05	0.0001335439402642	9.633725747095432e-05	0.000126349571359	0.0001423540987812	0.0004796802131912	0.0001327401490529	0.0001561130614265	7.493476631494092e-05	0.0002829418118597	0.0001249351065223	0.0002932951915659	5.505348348480755e-05	0.0001384039849492	9.413841903939066e-05	0.000109673623596	0.0001947137811542	0.0001224484098836	0.0001480204216244	3.77260616349532e-05	0.0003609958872254	7.348163175328614e-05	0.0001270648681522	0.0001789560186648	0.000101808935953	0.0003277524376587	0.0001130692847923	8.075418969068423e-05	8.520568889982887e-05	0.0001846722068328	0.0001544328955496	0.0001139538782972	0.0001076100434189	4.126278516602873e-05	8.357213553052074e-05	0.0001429939088082	0.0001562505812893	0.0001549762886278
Leptospirillum	0.01700136927277307	8.743583933479799e-05	7.74348200818789e-05	0.0001064447455002	0.0001501806819797	7.973988848376596e-05	0.0001086560942977	0.0010300745520232	0.0003076788545278	0.0002525686228948	0.0002967127352229	0.0001700990405494	0.0001276917127559	0.0001326570425282	0.0003642964563607	0.0002501040452599	0.0006264459707311	0.0001370150344398	0.0001699872990621	0.0001331569315937	0.0001232657075249	0.0001391467603726	5.389812888230202e-05	0.0004880918113212	0.0001444718977532	0.0001733561866421	0.0001628424818641	1.578504173018628e-05	0.0006800423388486	0.0001254469045976	0.000298606502986	0.0003597599967602	7.840016233445378e-05	0.0001336313717867	8.878295283745095e-05	0.0002005012531328	0.0001230755460078	9.551002648929317e-05	0.0002024758032084	0.0008285935123963	8.827906138723845e-06	9.537787898127704e-05	0.0001886970468912	8.83924548960866e-05	0.0001407237219988	8.257479211796085e-05	0.0001895243570386	0.0003582317430868	0.0005329780146568	9.600702604461906e-05	0.0003547125889375	3.037003744922716e-05	0.00046445165343	0.0001564721237027	0.0003475347132939	3.702712163579977e-05	0.0002971614970969	0.0001297018217876	0.000132223340597	0.0003373650539784	0.0001744731228912	0.0001099332955924	0.000141472731131	0.0004424235309604	3.385918325886714e-05	0.0001414109016533	0.0002252530981204	0.0001070299070275	0.0003078886535582	0.0001778617963025	9.890119860993912e-05	0.0001124241728539	0.0003152940116658	0.0001678618429887	0.0001762018118164	0.0001943923364986	1.559349439413876e-05	0.000148495943298	0.0001918210971817	0.0002628978034392	0.0002634596906673
Leptothermofonsia	0	0	0	0	0	0	0	0	0	0	0	0	0	0	0	0	0	0	0	0	0	0	0	0	0	0	0	0	0	0	0	0	0	0	0	0	0	0	0	0	0	0	0	0	0	0	0	0	0	0	0	0	0	0	0	0	0	0	0	0	0	0	0	0	0	0	0	0	0	0	0	0	0	0	0	0	0	0	0	0	0
Leptothoe	0	0	0	0	0	0	0	0	0	0	0	0	0	0	0	0	0	0	0	0	0	0	0	0	0	0	0	0	0	0	0	0	0	0	0	0	0	0	0	0	0	0	0	0	0	0	0	0	0	0	0	0	0	0	0	0	0	0	0	0	0	0	0	0	0	0	0	0	0	0	0	0	0	0	0	0	0	0	0	0	0
Leptothrix	0	0	0	0	0	0	0	0	0	0	0	0	0	0	0	0	0	0	0	0	0	0	0	0	0	0	0	0	0	0	0	0	0	0	0	0	0	0	0	0	0	0	0	0	0	0	0	0	0	0	0	0	0	0	0	0	0	0	0	0	0	0	0	0	0	0	0	0	0	0	0	0	0	0	0	0	0	0	0	0	0
Leptotrichia	0.08357378533889948	0.0009556367792084	0.000508376427494	0.0017176311205728	0.00051566464255	0.0002521773973299	0.0022071587347717	0.0002280663597588	0.0005764930116415	0.0026166109331905	0.0028578121339892	0.0042984487273986	0.0019127803313236	0.0006606840941604	0.0001564606575395	0.0008284078653273	0.0002555537714535	0.008368066362639801	0.0017030802981513	0.0013059005098466	0.0020076621963797	0.0007518078694761	0.0001979309817711	0.0001845988260766	0.0046001165625538	0.0028731478331563	0.0017237178265474	3.217720044999511e-05	0.0001276491433386	0.0021715876322913	0.0005972130059721	0.0002156676420369	0.0002029180672185	0.0013376635297039	0.0002130790868098	0.0010741138560687	0.0003852799701116	0.0011767778572384	0.0005477110437021	7.351273240525259e-05	5.956177635765485e-06	0.0001733152315202	0.0014054676596035	0.0013857655832096	0.0019773118897185	0.0008312529073208	0.0007012401210428	0.0002455999286665	0.0003997335109926	0.0002487834240112	0.0002163845598253	0.0001135575313318	0.0011531213464471	0.0023203966871576	0.0013921477243507	7.868263347607451e-05	0.0003283702388011	0.0005920260575143	0.0004294696101563	0.0007163801146208	0.0006978924915649999	0.0002328508386958	2.829454622621489e-05	0.0001757479977281	5.403061158329864e-05	0.0001711276853341	0.0012998795385605	0.000512960408071	0.0008342789322222	0.0011548312345641	0.0014826106287031	0.0007242483556485001	0.0005359998198319	0.0009333118470174	0.0026023652206739	0.00042210907354	1.583339430789475e-05	0.0006312804287181	0.0025146002012377	0.0005456369505342	0.0008695891750784
Leucobacter	0	0	0	0	0	0	0	0	0	0	0	0	0	0	0	0	0	0	0	0	0	0	0	0	0	0	0	0	0	0	0	0	0	0	0	0	0	0	0	0	0	0	0	0	0	0	0	0	0	0	0	0	0	0	0	0	0	0	0	0	0	0	0	0	0	0	0	0	0	0	0	0	0	0	0	0	0	0	0	0	0
Leuconostoc	0.03223629516057791	0.0002142793809049	0.0001919036845507	0.0006725372556609	0.0003256129830535	0.0002212781905424	0.0002565854756911	0.0007128961709017	0.0002105171109927	0.0002525686228948	0.00032794565472	0.0008734815595783	0.0002475973454657	0.000241904018728	0.0002016085089688	0.0003094172575745	0.000506584467306	0.0005167665805107	0.0002886576776527	0.0003625718860262	0.0003765207066217	0.0002917928333187	0.0001355065952125	0.0003566824775039	0.0007371350237639	0.000381492297877	0.0005729642880406	6.556863487923532e-05	0.0001863903420432	0.0002746270073623	0.0004755585047555	0.0005198626131195	0.0001983062929636	0.0003037076631517	0.0001723433790374	0.0011743644826351	0.0001590739270536	0.0003973688756406	0.0005924983181445	0.0002320901980222	2.095298204010358e-05	0.0001596898202372	0.0004619824251474	0.0002556727996456	0.00029437105112	0.0001578096027143	0.000219005923689	0.0002815795360507	0.0002664890073284	0.0002713242040391	0.0021322277630282	8.087673016370275e-05	0.0004973725560678	0.0004111941855444	0.0006066790948830001	6.236146801818909e-05	0.0001736834320931	0.0004821979019684	0.0002388220027838	0.0008413301346128	0.0004593401489937	0.0005955441525008	0.0002074933389922	0.0004722803336633	0.0001213887740238	0.0004811044806249	0.0005867264492543	0.0006904734246046	0.000469281899375	0.0003074468193229	0.0021250147444447	0.0002911194370744	0.0002927730108326	0.0003827250020143	0.000463345505147	0.0001499598024418	4.102288525227275e-05	0.0003605343367515	0.0004132872730189	0.0006250023251574	0.000246240103042
Leucothrix	0	0	0	0	0	0	0	0	0	0	0	0	0	0	0	0	0	0	0	0	0	0	0	0	0	0	0	0	0	0	0	0	0	0	0	0	0	0	0	0	0	0	0	0	0	0	0	0	0	0	0	0	0	0	0	0	0	0	0	0	0	0	0	0	0	0	0	0	0	0	0	0	0	0	0	0	0	0	0	0	0
Levilactobacillus	0	0	0	0	0	0	0	0	0	0	0	0	0	0	0	0	0	0	0	0	0	0	0	0	0	0	0	0	0	0	0	0	0	0	0	0	0	0	0	0	0	0	0	0	0	0	0	0	0	0	0	0	0	0	0	0	0	0	0	0	0	0	0	0	0	0	0	0	0	0	0	0	0	0	0	0	0	0	0	0	0
Levilinea	0	0	0	0	0	0	0	0	0	0	0	0	0	0	0	0	0	0	0	0	0	0	0	0	0	0	0	0	0	0	0	0	0	0	0	0	0	0	0	0	0	0	0	0	0	0	0	0	0	0	0	0	0	0	0	0	0	0	0	0	0	0	0	0	0	0	0	0	0	0	0	0	0	0	0	0	0	0	0	0	0
Levyella	0	0	0	0	0	0	0	0	0	0	0	0	0	0	0	0	0	0	0	0	0	0	0	0	0	0	0	0	0	0	0	0	0	0	0	0	0	0	0	0	0	0	0	0	0	0	0	0	0	0	0	0	0	0	0	0	0	0	0	0	0	0	0	0	0	0	0	0	0	0	0	0	0	0	0	0	0	0	0	0	0
Lewinella	0	0	0	0	0	0	0	0	0	0	0	0	0	0	0	0	0	0	0	0	0	0	0	0	0	0	0	0	0	0	0	0	0	0	0	0	0	0	0	0	0	0	0	0	0	0	0	0	0	0	0	0	0	0	0	0	0	0	0	0	0	0	0	0	0	0	0	0	0	0	0	0	0	0	0	0	0	0	0	0	0
Leyella	0	0	0	0	0	0	0	0	0	0	0	0	0	0	0	0	0	0	0	0	0	0	0	0	0	0	0	0	0	0	0	0	0	0	0	0	0	0	0	0	0	0	0	0	0	0	0	0	0	0	0	0	0	0	0	0	0	0	0	0	0	0	0	0	0	0	0	0	0	0	0	0	0	0	0	0	0	0	0	0	0
Liberibacter	0.004001855927856408	2.709279528683881e-05	2.525048480930834e-05	5.322237275014515e-05	3.854194493286392e-05	2.890570957536516e-05	4.581883494484722e-05	0.0001676514300213	5.020023415980192e-05	1.010274491579362e-05	1.5616459748575e-05	1.685666167607319e-05	3.37396801997389e-05	4.421901417609572e-05	7.861953438553775e-05	4.646201631311049e-05	6.332305841325984e-05	3.721395997131142e-05	2.565846023580125e-05	2.459927250325405e-05	3.092848661536124e-05	3.11522597849248e-05	1.552996933896838e-05	7.196225423325783e-05	4.268487888165617e-05	3.532336091453812e-05	4.824962425605111e-05	1.092810581320589e-05	7.568577525391448e-05	3.051411192915301e-05	5.529750055297501e-05	0.0001412670144346	3.096476999764141e-05	2.699623672460059e-05	1.566757991249134e-05	5.728607232366631e-05	3.405252261087501e-05	2.712013097844126e-05	6.811397988118309e-05	8.71650969947995e-05	1.914485668638906e-06	1.744052644229066e-05	4.554756304270735e-05	3.326597764906485e-05	2.871912693854107e-05	2.844242839618651e-05	5.475148092226764e-05	4.380126116345535e-05	7.994670219853431e-05	2.754984225628199e-05	0.0002934530331878	8.087673016370275e-06	0.0001245655775483	8.854624054495966e-05	9.2408074055027e-05	1.412877009787096e-05	4.477775983652047e-05	3.137947301313022e-05	3.587454977440033e-05	5.102125816340131e-05	3.552907229785544e-05	1.731233001455967e-05	0	0.0001486054498164	1.152653047110371e-05	3.945159212792153e-05	0.0001095103994814	2.349436983531752e-05	5.462540627645918e-05	4.573589047778761e-05	2.903521427080781e-05	4.496966914157635e-05	8.557980316645271e-05	7.385921091504847e-05	8.182591260992533e-05	5.623492591569204e-05	6.717197585167468e-06	5.041955284072739e-05	7.324078256032337e-05	5.208352709645497e-05	4.649288658835198e-05
Lichenibacterium	0	0	0	0	0	0	0	0	0	0	0	0	0	0	0	0	0	0	0	0	0	0	0	0	0	0	0	0	0	0	0	0	0	0	0	0	0	0	0	0	0	0	0	0	0	0	0	0	0	0	0	0	0	0	0	0	0	0	0	0	0	0	0	0	0	0	0	0	0	0	0	0	0	0	0	0	0	0	0	0	0
Lichenicoccus	0	0	0	0	0	0	0	0	0	0	0	0	0	0	0	0	0	0	0	0	0	0	0	0	0	0	0	0	0	0	0	0	0	0	0	0	0	0	0	0	0	0	0	0	0	0	0	0	0	0	0	0	0	0	0	0	0	0	0	0	0	0	0	0	0	0	0	0	0	0	0	0	0	0	0	0	0	0	0	0	0
Lichenicola	0	0	0	0	0	0	0	0	0	0	0	0	0	0	0	0	0	0	0	0	0	0	0	0	0	0	0	0	0	0	0	0	0	0	0	0	0	0	0	0	0	0	0	0	0	0	0	0	0	0	0	0	0	0	0	0	0	0	0	0	0	0	0	0	0	0	0	0	0	0	0	0	0	0	0	0	0	0	0	0	0
Lichenihabitans	0	0	0	0	0	0	0	0	0	0	0	0	0	0	0	0	0	0	0	0	0	0	0	0	0	0	0	0	0	0	0	0	0	0	0	0	0	0	0	0	0	0	0	0	0	0	0	0	0	0	0	0	0	0	0	0	0	0	0	0	0	0	0	0	0	0	0	0	0	0	0	0	0	0	0	0	0	0	0	0	0
Ligilactobacillus	0	0	0	0	0	0	0	0	0	0	0	0	0	0	0	0	0	0	0	0	0	0	0	0	0	0	0	0	0	0	0	0	0	0	0	0	0	0	0	0	0	0	0	0	0	0	0	0	0	0	0	0	0	0	0	0	0	0	0	0	0	0	0	0	0	0	0	0	0	0	0	0	0	0	0	0	0	0	0	0	0
Lignipirellula	0	0	0	0	0	0	0	0	0	0	0	0	0	0	0	0	0	0	0	0	0	0	0	0	0	0	0	0	0	0	0	0	0	0	0	0	0	0	0	0	0	0	0	0	0	0	0	0	0	0	0	0	0	0	0	0	0	0	0	0	0	0	0	0	0	0	0	0	0	0	0	0	0	0	0	0	0	0	0	0	0
Limibacillus	0	0	0	0	0	0	0	0	0	0	0	0	0	0	0	0	0	0	0	0	0	0	0	0	0	0	0	0	0	0	0	0	0	0	0	0	0	0	0	0	0	0	0	0	0	0	0	0	0	0	0	0	0	0	0	0	0	0	0	0	0	0	0	0	0	0	0	0	0	0	0	0	0	0	0	0	0	0	0	0	0
Limibacterium	0	0	0	0	0	0	0	0	0	0	0	0	0	0	0	0	0	0	0	0	0	0	0	0	0	0	0	0	0	0	0	0	0	0	0	0	0	0	0	0	0	0	0	0	0	0	0	0	0	0	0	0	0	0	0	0	0	0	0	0	0	0	0	0	0	0	0	0	0	0	0	0	0	0	0	0	0	0	0	0	0
Limihaloglobus	0	0	0	0	0	0	0	0	0	0	0	0	0	0	0	0	0	0	0	0	0	0	0	0	0	0	0	0	0	0	0	0	0	0	0	0	0	0	0	0	0	0	0	0	0	0	0	0	0	0	0	0	0	0	0	0	0	0	0	0	0	0	0	0	0	0	0	0	0	0	0	0	0	0	0	0	0	0	0	0	0
Limimaricola	0	0	0	0	0	0	0	0	0	0	0	0	0	0	0	0	0	0	0	0	0	0	0	0	0	0	0	0	0	0	0	0	0	0	0	0	0	0	0	0	0	0	0	0	0	0	0	0	0	0	0	0	0	0	0	0	0	0	0	0	0	0	0	0	0	0	0	0	0	0	0	0	0	0	0	0	0	0	0	0	0
Limisphaera	0	0	0	0	0	0	0	0	0	0	0	0	0	0	0	0	0	0	0	0	0	0	0	0	0	0	0	0	0	0	0	0	0	0	0	0	0	0	0	0	0	0	0	0	0	0	0	0	0	0	0	0	0	0	0	0	0	0	0	0	0	0	0	0	0	0	0	0	0	0	0	0	0	0	0	0	0	0	0	0	0
Limnobacter	0	0	0	0	0	0	0	0	0	0	0	0	0	0	0	0	0	0	0	0	0	0	0	0	0	0	0	0	0	0	0	0	0	0	0	0	0	0	0	0	0	0	0	0	0	0	0	0	0	0	0	0	0	0	0	0	0	0	0	0	0	0	0	0	0	0	0	0	0	0	0	0	0	0	0	0	0	0	0	0	0
Limnobaculum	0	0	0	0	0	0	0	0	0	0	0	0	0	0	0	0	0	0	0	0	0	0	0	0	0	0	0	0	0	0	0	0	0	0	0	0	0	0	0	0	0	0	0	0	0	0	0	0	0	0	0	0	0	0	0	0	0	0	0	0	0	0	0	0	0	0	0	0	0	0	0	0	0	0	0	0	0	0	0	0	0
Limnochorda	0	0	0	0	0	0	0	0	0	0	0	0	0	0	0	0	0	0	0	0	0	0	0	0	0	0	0	0	0	0	0	0	0	0	0	0	0	0	0	0	0	0	0	0	0	0	0	0	0	0	0	0	0	0	0	0	0	0	0	0	0	0	0	0	0	0	0	0	0	0	0	0	0	0	0	0	0	0	0	0	0
Limnoglobus	0	0	0	0	0	0	0	0	0	0	0	0	0	0	0	0	0	0	0	0	0	0	0	0	0	0	0	0	0	0	0	0	0	0	0	0	0	0	0	0	0	0	0	0	0	0	0	0	0	0	0	0	0	0	0	0	0	0	0	0	0	0	0	0	0	0	0	0	0	0	0	0	0	0	0	0	0	0	0	0	0
Limnohabitans	0.0159695662711258	0.000149626119425	0.000218837535014	0.0001403135281594	0.0001475226168119	0.0003568360009648	0.0001898208876286	6.947716919805223e-05	0.0001570781520484	0.0001919521534	0.0001717810572343	0.0001854232784368	0.0001328824327866	0.0002523084926518	0.0001385571992141	0.0002807492049558	2.939999140615636e-05	0.0002342787934557	0.0002533772948285	0.0004796858138134	0.0003908643525883	0.0003302139537202	7.430024546486831e-05	6.57046669086267e-05	0.0002626761777332	0.0002891081231774	0.0002545167679506	9.228178242262749e-05	0.0001039267361695	0.0003576932009472	0.0002764875027648	5.744858587009651e-05	0.0001910592191343	0.0002726619909184	0.0003227521461973	0.0001002506265664	0.0003993874437646	0.000201632278144	0.0002957826249634	4.830836700916599e-05	3.509890392504661e-06	0.0005210357274634001	0.000253764994095	0.0001463703016558	0.0003029867892016	0.0003156192054286	0.0001137146142231	0.0003347667817492	0.0003553186764379	0.0005226121591646	4.24864660844374e-05	3.499156488715303e-05	0.0001565967260607	0.000212268384868	0.0002129403445615	3.264233091577085e-05	0.0001329763776963	0.0002405759597673	0.0003269708965152	0.000187425029988	0.0002575857741594	0.000353171532297	4.715757704369149e-06	7.667769785051377e-05	7.672346844828406e-05	0.0001060581762399	0.0001219749977964	0.0001514081611609	0.0002209845981184	0.0001524529682592	0.000145176071354	0.000118341234583	0.0001351260049996	0.0001544328955496	0.0002620437201373	0.000281868887923	1.703289387667465e-05	0.0001878646352421	0.0002162346913685	0.0001512902453754	0.0001618641236779
Limnoraphis	0	0	0	0	0	0	0	0	0	0	0	0	0	0	0	0	0	0	0	0	0	0	0	0	0	0	0	0	0	0	0	0	0	0	0	0	0	0	0	0	0	0	0	0	0	0	0	0	0	0	0	0	0	0	0	0	0	0	0	0	0	0	0	0	0	0	0	0	0	0	0	0	0	0	0	0	0	0	0	0	0
Limnospira	0	0	0	0	0	0	0	0	0	0	0	0	0	0	0	0	0	0	0	0	0	0	0	0	0	0	0	0	0	0	0	0	0	0	0	0	0	0	0	0	0	0	0	0	0	0	0	0	0	0	0	0	0	0	0	0	0	0	0	0	0	0	0	0	0	0	0	0	0	0	0	0	0	0	0	0	0	0	0	0	0
Limnothrix	0	0	0	0	0	0	0	0	0	0	0	0	0	0	0	0	0	0	0	0	0	0	0	0	0	0	0	0	0	0	0	0	0	0	0	0	0	0	0	0	0	0	0	0	0	0	0	0	0	0	0	0	0	0	0	0	0	0	0	0	0	0	0	0	0	0	0	0	0	0	0	0	0	0	0	0	0	0	0	0	0
Limosilactobacillus	0	0	0	0	0	0	0	0	0	0	0	0	0	0	0	0	0	0	0	0	0	0	0	0	0	0	0	0	0	0	0	0	0	0	0	0	0	0	0	0	0	0	0	0	0	0	0	0	0	0	0	0	0	0	0	0	0	0	0	0	0	0	0	0	0	0	0	0	0	0	0	0	0	0	0	0	0	0	0	0	0
Liquorilactobacillus	0	0	0	0	0	0	0	0	0	0	0	0	0	0	0	0	0	0	0	0	0	0	0	0	0	0	0	0	0	0	0	0	0	0	0	0	0	0	0	0	0	0	0	0	0	0	0	0	0	0	0	0	0	0	0	0	0	0	0	0	0	0	0	0	0	0	0	0	0	0	0	0	0	0	0	0	0	0	0	0	0
Lishizhenia	0	0	0	0	0	0	0	0	0	0	0	0	0	0	0	0	0	0	0	0	0	0	0	0	0	0	0	0	0	0	0	0	0	0	0	0	0	0	0	0	0	0	0	0	0	0	0	0	0	0	0	0	0	0	0	0	0	0	0	0	0	0	0	0	0	0	0	0	0	0	0	0	0	0	0	0	0	0	0	0	0
Listeria	0.07643824338652745	0.0006065091672167	0.0003972742943331	0.0017853686858912	0.0010087357311739	0.0005292735098109	0.0005655353341763	0.0010074189533717	0.0004469440202614	0.0015457199721164	0.001577262434606	0.0026020555932702	0.0011409202627542	0.0007543243594745	0.0003611828114345	0.0007236211902382	0.0009611535652012	0.0013946777271066	0.0009942653341371999	0.0010155221409495	0.0011833507922399	0.0011297886215332	0.0003733282825406	0.0009136077493961	0.001728737594707	0.000810806992069	0.0015741439913536	0.0001948845536688	0.0004823556124391	0.0008984710734695	0.0010064145100641	0.0009041088923818	0.0005389187629376	0.0007707425584873	0.0003655768646247	0.0014751163623344	0.0004796541042046	0.0010753721501016	0.0008574896919288	0.0007078225948734	3.084449132807126e-05	0.0005308460235872	0.0014868025936083	0.000899131853029	0.0010180930499712	0.0004642538312409	0.0006254303782274	0.0005224864724497	0.0010126582278481	0.0005643543444014	0.0033613711074245	0.0002206779351609	0.001506353734209	0.0009000179518405	0.0020530663409616	0.0001408005020098	0.0004097843475948	0.0014549615653754	0.0007513155709895001	0.002988387978142	0.001140736999849	0.0007020149820903	0.0002216406121053	0.002020762692025	0.0002341326501942	0.0006112434988131	0.0009277222460137	0.0009802373192401	0.0009534616368254	0.0008359504426217001	0.0020751104699167	0.000727798592686	0.0005990586221651	0.0010071710579324	0.0011530927684969	0.0005290248586142	0.0001067554616214	0.0014027686550618	0.0008945838441296	0.0009424638236501	0.0005424170101974
Litchfieldella	0	0	0	0	0	0	0	0	0	0	0	0	0	0	0	0	0	0	0	0	0	0	0	0	0	0	0	0	0	0	0	0	0	0	0	0	0	0	0	0	0	0	0	0	0	0	0	0	0	0	0	0	0	0	0	0	0	0	0	0	0	0	0	0	0	0	0	0	0	0	0	0	0	0	0	0	0	0	0	0	0
Litchfieldia	0	0	0	0	0	0	0	0	0	0	0	0	0	0	0	0	0	0	0	0	0	0	0	0	0	0	0	0	0	0	0	0	0	0	0	0	0	0	0	0	0	0	0	0	0	0	0	0	0	0	0	0	0	0	0	0	0	0	0	0	0	0	0	0	0	0	0	0	0	0	0	0	0	0	0	0	0	0	0	0	0
Litoreibacter	0	0	0	0	0	0	0	0	0	0	0	0	0	0	0	0	0	0	0	0	0	0	0	0	0	0	0	0	0	0	0	0	0	0	0	0	0	0	0	0	0	0	0	0	0	0	0	0	0	0	0	0	0	0	0	0	0	0	0	0	0	0	0	0	0	0	0	0	0	0	0	0	0	0	0	0	0	0	0	0	0
Litoribacter	0	0	0	0	0	0	0	0	0	0	0	0	0	0	0	0	0	0	0	0	0	0	0	0	0	0	0	0	0	0	0	0	0	0	0	0	0	0	0	0	0	0	0	0	0	0	0	0	0	0	0	0	0	0	0	0	0	0	0	0	0	0	0	0	0	0	0	0	0	0	0	0	0	0	0	0	0	0	0	0	0
Litoribrevibacter	0	0	0	0	0	0	0	0	0	0	0	0	0	0	0	0	0	0	0	0	0	0	0	0	0	0	0	0	0	0	0	0	0	0	0	0	0	0	0	0	0	0	0	0	0	0	0	0	0	0	0	0	0	0	0	0	0	0	0	0	0	0	0	0	0	0	0	0	0	0	0	0	0	0	0	0	0	0	0	0	0
Litorihabitans	0	0	0	0	0	0	0	0	0	0	0	0	0	0	0	0	0	0	0	0	0	0	0	0	0	0	0	0	0	0	0	0	0	0	0	0	0	0	0	0	0	0	0	0	0	0	0	0	0	0	0	0	0	0	0	0	0	0	0	0	0	0	0	0	0	0	0	0	0	0	0	0	0	0	0	0	0	0	0	0	0
Litorilituus	0	0	0	0	0	0	0	0	0	0	0	0	0	0	0	0	0	0	0	0	0	0	0	0	0	0	0	0	0	0	0	0	0	0	0	0	0	0	0	0	0	0	0	0	0	0	0	0	0	0	0	0	0	0	0	0	0	0	0	0	0	0	0	0	0	0	0	0	0	0	0	0	0	0	0	0	0	0	0	0	0
Litorimonas	0	0	0	0	0	0	0	0	0	0	0	0	0	0	0	0	0	0	0	0	0	0	0	0	0	0	0	0	0	0	0	0	0	0	0	0	0	0	0	0	0	0	0	0	0	0	0	0	0	0	0	0	0	0	0	0	0	0	0	0	0	0	0	0	0	0	0	0	0	0	0	0	0	0	0	0	0	0	0	0	0
Litorivicinus	0	0	0	0	0	0	0	0	0	0	0	0	0	0	0	0	0	0	0	0	0	0	0	0	0	0	0	0	0	0	0	0	0	0	0	0	0	0	0	0	0	0	0	0	0	0	0	0	0	0	0	0	0	0	0	0	0	0	0	0	0	0	0	0	0	0	0	0	0	0	0	0	0	0	0	0	0	0	0	0	0
Litorivita	0	0	0	0	0	0	0	0	0	0	0	0	0	0	0	0	0	0	0	0	0	0	0	0	0	0	0	0	0	0	0	0	0	0	0	0	0	0	0	0	0	0	0	0	0	0	0	0	0	0	0	0	0	0	0	0	0	0	0	0	0	0	0	0	0	0	0	0	0	0	0	0	0	0	0	0	0	0	0	0	0
Litorivivens	0	0	0	0	0	0	0	0	0	0	0	0	0	0	0	0	0	0	0	0	0	0	0	0	0	0	0	0	0	0	0	0	0	0	0	0	0	0	0	0	0	0	0	0	0	0	0	0	0	0	0	0	0	0	0	0	0	0	0	0	0	0	0	0	0	0	0	0	0	0	0	0	0	0	0	0	0	0	0	0	0
Loigolactobacillus	0	0	0	0	0	0	0	0	0	0	0	0	0	0	0	0	0	0	0	0	0	0	0	0	0	0	0	0	0	0	0	0	0	0	0	0	0	0	0	0	0	0	0	0	0	0	0	0	0	0	0	0	0	0	0	0	0	0	0	0	0	0	0	0	0	0	0	0	0	0	0	0	0	0	0	0	0	0	0	0	0
Loktanella	0	0	0	0	0	0	0	0	0	0	0	0	0	0	0	0	0	0	0	0	0	0	0	0	0	0	0	0	0	0	0	0	0	0	0	0	0	0	0	0	0	0	0	0	0	0	0	0	0	0	0	0	0	0	0	0	0	0	0	0	0	0	0	0	0	0	0	0	0	0	0	0	0	0	0	0	0	0	0	0	0
Lolliginicoccus	0	0	0	0	0	0	0	0	0	0	0	0	0	0	0	0	0	0	0	0	0	0	0	0	0	0	0	0	0	0	0	0	0	0	0	0	0	0	0	0	0	0	0	0	0	0	0	0	0	0	0	0	0	0	0	0	0	0	0	0	0	0	0	0	0	0	0	0	0	0	0	0	0	0	0	0	0	0	0	0	0
Lonepinella	0	0	0	0	0	0	0	0	0	0	0	0	0	0	0	0	0	0	0	0	0	0	0	0	0	0	0	0	0	0	0	0	0	0	0	0	0	0	0	0	0	0	0	0	0	0	0	0	0	0	0	0	0	0	0	0	0	0	0	0	0	0	0	0	0	0	0	0	0	0	0	0	0	0	0	0	0	0	0	0	0
Longibacter	0	0	0	0	0	0	0	0	0	0	0	0	0	0	0	0	0	0	0	0	0	0	0	0	0	0	0	0	0	0	0	0	0	0	0	0	0	0	0	0	0	0	0	0	0	0	0	0	0	0	0	0	0	0	0	0	0	0	0	0	0	0	0	0	0	0	0	0	0	0	0	0	0	0	0	0	0	0	0	0	0
Longicatena	0	0	0	0	0	0	0	0	0	0	0	0	0	0	0	0	0	0	0	0	0	0	0	0	0	0	0	0	0	0	0	0	0	0	0	0	0	0	0	0	0	0	0	0	0	0	0	0	0	0	0	0	0	0	0	0	0	0	0	0	0	0	0	0	0	0	0	0	0	0	0	0	0	0	0	0	0	0	0	0	0
Longimicrobium	0	0	0	0	0	0	0	0	0	0	0	0	0	0	0	0	0	0	0	0	0	0	0	0	0	0	0	0	0	0	0	0	0	0	0	0	0	0	0	0	0	0	0	0	0	0	0	0	0	0	0	0	0	0	0	0	0	0	0	0	0	0	0	0	0	0	0	0	0	0	0	0	0	0	0	0	0	0	0	0	0
Longimonas	0	0	0	0	0	0	0	0	0	0	0	0	0	0	0	0	0	0	0	0	0	0	0	0	0	0	0	0	0	0	0	0	0	0	0	0	0	0	0	0	0	0	0	0	0	0	0	0	0	0	0	0	0	0	0	0	0	0	0	0	0	0	0	0	0	0	0	0	0	0	0	0	0	0	0	0	0	0	0	0	0
Longispora	0	0	0	0	0	0	0	0	0	0	0	0	0	0	0	0	0	0	0	0	0	0	0	0	0	0	0	0	0	0	0	0	0	0	0	0	0	0	0	0	0	0	0	0	0	0	0	0	0	0	0	0	0	0	0	0	0	0	0	0	0	0	0	0	0	0	0	0	0	0	0	0	0	0	0	0	0	0	0	0	0
Longitalea	0	0	0	0	0	0	0	0	0	0	0	0	0	0	0	0	0	0	0	0	0	0	0	0	0	0	0	0	0	0	0	0	0	0	0	0	0	0	0	0	0	0	0	0	0	0	0	0	0	0	0	0	0	0	0	0	0	0	0	0	0	0	0	0	0	0	0	0	0	0	0	0	0	0	0	0	0	0	0	0	0
Lonsdalea	0	0	0	0	0	0	0	0	0	0	0	0	0	0	0	0	0	0	0	0	0	0	0	0	0	0	0	0	0	0	0	0	0	0	0	0	0	0	0	0	0	0	0	0	0	0	0	0	0	0	0	0	0	0	0	0	0	0	0	0	0	0	0	0	0	0	0	0	0	0	0	0	0	0	0	0	0	0	0	0	0
Luedemannella	0	0	0	0	0	0	0	0	0	0	0	0	0	0	0	0	0	0	0	0	0	0	0	0	0	0	0	0	0	0	0	0	0	0	0	0	0	0	0	0	0	0	0	0	0	0	0	0	0	0	0	0	0	0	0	0	0	0	0	0	0	0	0	0	0	0	0	0	0	0	0	0	0	0	0	0	0	0	0	0	0
Lujinxingia	0	0	0	0	0	0	0	0	0	0	0	0	0	0	0	0	0	0	0	0	0	0	0	0	0	0	0	0	0	0	0	0	0	0	0	0	0	0	0	0	0	0	0	0	0	0	0	0	0	0	0	0	0	0	0	0	0	0	0	0	0	0	0	0	0	0	0	0	0	0	0	0	0	0	0	0	0	0	0	0	0
Luminiphilus	0	0	0	0	0	0	0	0	0	0	0	0	0	0	0	0	0	0	0	0	0	0	0	0	0	0	0	0	0	0	0	0	0	0	0	0	0	0	0	0	0	0	0	0	0	0	0	0	0	0	0	0	0	0	0	0	0	0	0	0	0	0	0	0	0	0	0	0	0	0	0	0	0	0	0	0	0	0	0	0	0
Lunatimonas	0	0	0	0	0	0	0	0	0	0	0	0	0	0	0	0	0	0	0	0	0	0	0	0	0	0	0	0	0	0	0	0	0	0	0	0	0	0	0	0	0	0	0	0	0	0	0	0	0	0	0	0	0	0	0	0	0	0	0	0	0	0	0	0	0	0	0	0	0	0	0	0	0	0	0	0	0	0	0	0	0
Luteibacter	0	0	0	0	0	0	0	0	0	0	0	0	0	0	0	0	0	0	0	0	0	0	0	0	0	0	0	0	0	0	0	0	0	0	0	0	0	0	0	0	0	0	0	0	0	0	0	0	0	0	0	0	0	0	0	0	0	0	0	0	0	0	0	0	0	0	0	0	0	0	0	0	0	0	0	0	0	0	0	0	0
Luteimicrobium	0	0	0	0	0	0	0	0	0	0	0	0	0	0	0	0	0	0	0	0	0	0	0	0	0	0	0	0	0	0	0	0	0	0	0	0	0	0	0	0	0	0	0	0	0	0	0	0	0	0	0	0	0	0	0	0	0	0	0	0	0	0	0	0	0	0	0	0	0	0	0	0	0	0	0	0	0	0	0	0	0
Luteimonas	0	0	0	0	0	0	0	0	0	0	0	0	0	0	0	0	0	0	0	0	0	0	0	0	0	0	0	0	0	0	0	0	0	0	0	0	0	0	0	0	0	0	0	0	0	0	0	0	0	0	0	0	0	0	0	0	0	0	0	0	0	0	0	0	0	0	0	0	0	0	0	0	0	0	0	0	0	0	0	0	0
Luteipulveratus	0	0	0	0	0	0	0	0	0	0	0	0	0	0	0	0	0	0	0	0	0	0	0	0	0	0	0	0	0	0	0	0	0	0	0	0	0	0	0	0	0	0	0	0	0	0	0	0	0	0	0	0	0	0	0	0	0	0	0	0	0	0	0	0	0	0	0	0	0	0	0	0	0	0	0	0	0	0	0	0	0
Luteitalea	0	0	0	0	0	0	0	0	0	0	0	0	0	0	0	0	0	0	0	0	0	0	0	0	0	0	0	0	0	0	0	0	0	0	0	0	0	0	0	0	0	0	0	0	0	0	0	0	0	0	0	0	0	0	0	0	0	0	0	0	0	0	0	0	0	0	0	0	0	0	0	0	0	0	0	0	0	0	0	0	0
Luteithermobacter	0	0	0	0	0	0	0	0	0	0	0	0	0	0	0	0	0	0	0	0	0	0	0	0	0	0	0	0	0	0	0	0	0	0	0	0	0	0	0	0	0	0	0	0	0	0	0	0	0	0	0	0	0	0	0	0	0	0	0	0	0	0	0	0	0	0	0	0	0	0	0	0	0	0	0	0	0	0	0	0	0
Luteococcus	0	0	0	0	0	0	0	0	0	0	0	0	0	0	0	0	0	0	0	0	0	0	0	0	0	0	0	0	0	0	0	0	0	0	0	0	0	0	0	0	0	0	0	0	0	0	0	0	0	0	0	0	0	0	0	0	0	0	0	0	0	0	0	0	0	0	0	0	0	0	0	0	0	0	0	0	0	0	0	0	0
Luteolibacter	0	0	0	0	0	0	0	0	0	0	0	0	0	0	0	0	0	0	0	0	0	0	0	0	0	0	0	0	0	0	0	0	0	0	0	0	0	0	0	0	0	0	0	0	0	0	0	0	0	0	0	0	0	0	0	0	0	0	0	0	0	0	0	0	0	0	0	0	0	0	0	0	0	0	0	0	0	0	0	0	0
Lutibacter	0.003318137112606863	3.632897549826114e-05	7.74348200818789e-05	4.838397522740468e-06	4.651614043621507e-05	7.076915102934228e-05	2.88004105367611e-05	4.22904508162057e-05	1.619362392251675e-05	6.061646949476173e-05	6.24658389943e-05	2.758362819721068e-05	1.920566411369753e-05	4.161789569514892e-05	4.592626266085868e-05	3.954214154307276e-05	9.046151201894265e-06	8.626872538804012e-05	3.207307529475156e-05	9.251465528397722e-05	3.810030959863341e-05	4.984361565587968e-05	0.0001872731596757	5.318949225936448e-05	3.611797443832446e-05	4.890926895859124e-06	3.739345879843961e-05	7.103268778583827e-05	1.920385342263502e-05	3.390456881017001e-05	6.635700066357e-05	2.731162279070161e-05	5.99530653145823e-05	0.0001741257268736	8.147141554495499e-05	0	0.0001011846386151	0.0001037639793957	3.545659226691723e-05	0	8.508825193950693e-07	2.016560869889857e-05	4.880096040290073e-05	2.376141260647489e-05	7.610568638713383e-05	5.046237296097607e-05	3.369321902908778e-05	1.251464604670153e-05	3.553186764379303e-05	9.851155715882651e-05	8.89251615720783e-06	8.186705747182973e-05	3.381065676311008e-05	2.183331958642841e-05	4.218629467729493e-05	1.705196391122358e-06	2.578113445132997e-05	3.347143788067223e-05	2.869963981952027e-05	3.540250566440091e-05	4.060465405469193e-05	6.232438805241481e-05	2.829454622621489e-05	1.967834723597256e-05	7.9244896988838e-05	4.150102548521616e-05	1.246459831496437e-05	3.393631198434753e-05	2.731270313822959e-05	1.397485542376844e-05	1.814700891925488e-05	2.011800987912626e-05	1.351260049996622e-05	3.357236859774931e-05	2.20879764100412e-05	1.110813351421078e-05	3.670468680466509e-05	1.588561253885932e-05	1.39506252495854e-05	2.356159559125344e-05	1.549762886278399e-05
Lutibaculum	0	0	0	0	0	0	0	0	0	0	0	0	0	0	0	0	0	0	0	0	0	0	0	0	0	0	0	0	0	0	0	0	0	0	0	0	0	0	0	0	0	0	0	0	0	0	0	0	0	0	0	0	0	0	0	0	0	0	0	0	0	0	0	0	0	0	0	0	0	0	0	0	0	0	0	0	0	0	0	0	0
Lutimaribacter	0	0	0	0	0	0	0	0	0	0	0	0	0	0	0	0	0	0	0	0	0	0	0	0	0	0	0	0	0	0	0	0	0	0	0	0	0	0	0	0	0	0	0	0	0	0	0	0	0	0	0	0	0	0	0	0	0	0	0	0	0	0	0	0	0	0	0	0	0	0	0	0	0	0	0	0	0	0	0	0	0
Lutimonas	0	0	0	0	0	0	0	0	0	0	0	0	0	0	0	0	0	0	0	0	0	0	0	0	0	0	0	0	0	0	0	0	0	0	0	0	0	0	0	0	0	0	0	0	0	0	0	0	0	0	0	0	0	0	0	0	0	0	0	0	0	0	0	0	0	0	0	0	0	0	0	0	0	0	0	0	0	0	0	0	0
Lutispora	0	0	0	0	0	0	0	0	0	0	0	0	0	0	0	0	0	0	0	0	0	0	0	0	0	0	0	0	0	0	0	0	0	0	0	0	0	0	0	0	0	0	0	0	0	0	0	0	0	0	0	0	0	0	0	0	0	0	0	0	0	0	0	0	0	0	0	0	0	0	0	0	0	0	0	0	0	0	0	0	0
Lwoffella	0	0	0	0	0	0	0	0	0	0	0	0	0	0	0	0	0	0	0	0	0	0	0	0	0	0	0	0	0	0	0	0	0	0	0	0	0	0	0	0	0	0	0	0	0	0	0	0	0	0	0	0	0	0	0	0	0	0	0	0	0	0	0	0	0	0	0	0	0	0	0	0	0	0	0	0	0	0	0	0	0
Lyngbya	0	0	0	0	0	0	0	0	0	0	0	0	0	0	0	0	0	0	0	0	0	0	0	0	0	0	0	0	0	0	0	0	0	0	0	0	0	0	0	0	0	0	0	0	0	0	0	0	0	0	0	0	0	0	0	0	0	0	0	0	0	0	0	0	0	0	0	0	0	0	0	0	0	0	0	0	0	0	0	0	0
Lysinibacillus	0.03050151589622631	0.0002555343191826	0.0001851702219349	0.000483839752274	0.0003335871785568	0.000255167643148	0.0002578945852609	0.0006781575863027001	0.00024452372123	0.0006667811644423	0.0005153431717029	0.0004842459172399	0.0002927566097331	0.0003303420470802	0.0001875971068011	0.0003202913464988	0.0004523075600947	0.0004431844323856	0.0004554376691854	0.0003764758226584	0.0004468942196451	0.0004579382188383	0.0003584073316071	0.000585084414853	0.0003890890882674	0.0002331341820359	0.0004245966934532	0.0001244589828726	0.0002349647948181	0.0003848168559954	0.0004755585047555	0.0004746571685004	0.0002595770080653	0.0003374529590575	0.0002287466667223	0.0004439670605084	0.0002685284640171	0.0004103393730651	0.0003834910374132	0.0004358254849739	1.297595842077481e-05	0.000196750938927	0.0006701998561998	0.0003421643415332	0.0003747846065479	0.000253229362495	0.000265334099854	0.000259678905469	0.0005329780146568	0.0003623221678553	0.0012657014663759	0.0001706664061005	0.0007509524817911	0.0003990645635519	0.0008336815376703	0.0001079145716096	0.0001574006103344	0.0004445425343526	0.0002808464753767	0.0009589914034386	0.0004054120928273	0.0003557683817992	0.0001037466694961	0.000926918011184	0.0001437214268115	0.0002561791696618	0.0004086607590406	0.0003641627324474	0.0004146564930985	0.0004014594830828	0.0003711063323987	0.0002899360247285	0.0002071932076661	0.0004901565815271	0.0004538075153335	0.0001978636282218	7.988667128074167e-05	0.0005035048496012	0.0003104014118032	0.0003509437659118	0.000249684020567
Lysinibacter	0	0	0	0	0	0	0	0	0	0	0	0	0	0	0	0	0	0	0	0	0	0	0	0	0	0	0	0	0	0	0	0	0	0	0	0	0	0	0	0	0	0	0	0	0	0	0	0	0	0	0	0	0	0	0	0	0	0	0	0	0	0	0	0	0	0	0	0	0	0	0	0	0	0	0	0	0	0	0	0	0
Lysinimicrobium	0	0	0	0	0	0	0	0	0	0	0	0	0	0	0	0	0	0	0	0	0	0	0	0	0	0	0	0	0	0	0	0	0	0	0	0	0	0	0	0	0	0	0	0	0	0	0	0	0	0	0	0	0	0	0	0	0	0	0	0	0	0	0	0	0	0	0	0	0	0	0	0	0	0	0	0	0	0	0	0	0
Lysobacter	0.4060570489410108	0.001863861166665	0.00394244236156	0.002254693245597	0.0048496398986213	0.0037796707141305	0.0028656408484077	0.0066003310738149	0.0064061976237476	0.009597607670003901	0.0057156242679784	0.0032977759933554	0.0047884392283475	0.0133541422811809	0.0084488755071349	0.0058799164474549	0.0031050914000502	0.0043980134511549	0.0163540610927938	0.0145681169898618	0.0052596356803572	0.0055959842660319	0.0011126766267566	0.0065454363415641	0.0031209213366933	0.0031595387747249	0.0055004571651898	0.0004176964888603	0.0064999395643436	0.0053603123288878	0.014145100641451	0.0032689187140181	0.0030378415842366	0.0027833120063063	0.0020357408832963	0.0062728249194414	0.0040687899873908	0.0023488391699589	0.0036109740019202	0.0054189385601586	0.0001557115010492	0.0046113841946319	0.009177833953105501	0.0030908845518502	0.0042331993107409	0.0020900597382746	0.0076104558481952	0.009223294136418999	0.0051521208083499	0.0030279781170768	0.0033317293869005	0.0007094044617216	0.0103522892483891	0.0047438951612511	0.0072178741321676	0.000882560932148	0.008051855359694301	0.0042759761892558	0.005647679121627	0.0056644009063041	0.0040439697647594	0.0040623382379164	0.000179198792766	0.0025717564146322	0.0003360704040481	0.0018808674636571	0.0152557780090653	0.0016341639463231	0.0149921910498754	0.0043004441463141	0.0013174728475379	0.0021549938817581	0.0063329054343175	0.0028603658045282	0.0049602567024458	0.0060268566898039	0.0017236808803367	0.0019373540509347	0.005878444714544	0.0055530960556648	0.0071702362871813
Macellibacteroides	0	0	0	0	0	0	0	0	0	0	0	0	0	0	0	0	0	0	0	0	0	0	0	0	0	0	0	0	0	0	0	0	0	0	0	0	0	0	0	0	0	0	0	0	0	0	0	0	0	0	0	0	0	0	0	0	0	0	0	0	0	0	0	0	0	0	0	0	0	0	0	0	0	0	0	0	0	0	0	0	0
Macrococcoides	0	0	0	0	0	0	0	0	0	0	0	0	0	0	0	0	0	0	0	0	0	0	0	0	0	0	0	0	0	0	0	0	0	0	0	0	0	0	0	0	0	0	0	0	0	0	0	0	0	0	0	0	0	0	0	0	0	0	0	0	0	0	0	0	0	0	0	0	0	0	0	0	0	0	0	0	0	0	0	0	0
Macrococcus	0	0	0	0	0	0	0	0	0	0	0	0	0	0	0	0	0	0	0	0	0	0	0	0	0	0	0	0	0	0	0	0	0	0	0	0	0	0	0	0	0	0	0	0	0	0	0	0	0	0	0	0	0	0	0	0	0	0	0	0	0	0	0	0	0	0	0	0	0	0	0	0	0	0	0	0	0	0	0	0	0
Macromonas	0	0	0	0	0	0	0	0	0	0	0	0	0	0	0	0	0	0	0	0	0	0	0	0	0	0	0	0	0	0	0	0	0	0	0	0	0	0	0	0	0	0	0	0	0	0	0	0	0	0	0	0	0	0	0	0	0	0	0	0	0	0	0	0	0	0	0	0	0	0	0	0	0	0	0	0	0	0	0	0	0
Mageeibacillus	0	0	0	0	0	0	0	0	0	0	0	0	0	0	0	0	0	0	0	0	0	0	0	0	0	0	0	0	0	0	0	0	0	0	0	0	0	0	0	0	0	0	0	0	0	0	0	0	0	0	0	0	0	0	0	0	0	0	0	0	0	0	0	0	0	0	0	0	0	0	0	0	0	0	0	0	0	0	0	0	0
Magnetococcus	0	0	0	0	0	0	0	0	0	0	0	0	0	0	0	0	0	0	0	0	0	0	0	0	0	0	0	0	0	0	0	0	0	0	0	0	0	0	0	0	0	0	0	0	0	0	0	0	0	0	0	0	0	0	0	0	0	0	0	0	0	0	0	0	0	0	0	0	0	0	0	0	0	0	0	0	0	0	0	0	0
Magnetospira	0	0	0	0	0	0	0	0	0	0	0	0	0	0	0	0	0	0	0	0	0	0	0	0	0	0	0	0	0	0	0	0	0	0	0	0	0	0	0	0	0	0	0	0	0	0	0	0	0	0	0	0	0	0	0	0	0	0	0	0	0	0	0	0	0	0	0	0	0	0	0	0	0	0	0	0	0	0	0	0	0
Magnetospirillum	0.04905829703909397	0.0002407564308444	0.0003703404438698	0.0002854654538416	0.0004080130032548	0.0003528490065406	0.000408442185794	0.0015798504126339	0.0012857737394478	0.000585959205116	0.0005153431717029	0.0002681741630284	0.0005870704354754	0.0006684874496033	0.0016728057365794	0.0007068157800824	0.0016124764517376	0.0004085077878668	0.0006446688134245	0.0005213976237102	0.0004473424585816	0.0005815088493185	0.0001111458589945	0.0011326233057582	0.0004563998588115	0.0004456177838449	0.0005536644383381	0.0001129237600697	0.0015035487591486	0.00040007391196	0.0007741650077415999	0.0007901535007378	0.0002701182063624	0.0003833465614893	0.0009285652361469	0.0006587898317220999	0.0006572136863897999	0.0002623577888131	0.0005673054762706	0.0010869382577062	1.776217259237207e-05	0.0005139505135962	0.0005823581274746	0.0002689791907052	0.0004623779437105	0.0003137842100482	0.0005748905496838	0.0009714493993752	0.0014212747057517	0.0004274399768247	0.0004396855211063	5.529327470375597e-05	0.0007989992045598	0.000661064398589	0.0009461783234764	0.000108158171094	0.0008059996770573	0.0003577259923496	0.0005288933623883	0.0005320788351326	0.0005265916072717	0.0004206896193538	1.88630308174766e-05	0.0013673058510511	0.000102297957931	0.00045446184698	0.0019364643810748	0.0003706889462905	0.0011496165048182	0.0005081765608643	0.0002812786382484	0.0003798753630117	0.0009143526338309999	0.000550586845003	0.0005386454247265999	0.0012836836792359	0.0001117933598102	0.0003038986746564	0.0005353552439528	0.0006312027450498	0.0006371247421366
Magnetovibrio	0	0	0	0	0	0	0	0	0	0	0	0	0	0	0	0	0	0	0	0	0	0	0	0	0	0	0	0	0	0	0	0	0	0	0	0	0	0	0	0	0	0	0	0	0	0	0	0	0	0	0	0	0	0	0	0	0	0	0	0	0	0	0	0	0	0	0	0	0	0	0	0	0	0	0	0	0	0	0	0	0
Magnetovirga	0	0	0	0	0	0	0	0	0	0	0	0	0	0	0	0	0	0	0	0	0	0	0	0	0	0	0	0	0	0	0	0	0	0	0	0	0	0	0	0	0	0	0	0	0	0	0	0	0	0	0	0	0	0	0	0	0	0	0	0	0	0	0	0	0	0	0	0	0	0	0	0	0	0	0	0	0	0	0	0	0
Mahella	0	0	0	0	0	0	0	0	0	0	0	0	0	0	0	0	0	0	0	0	0	0	0	0	0	0	0	0	0	0	0	0	0	0	0	0	0	0	0	0	0	0	0	0	0	0	0	0	0	0	0	0	0	0	0	0	0	0	0	0	0	0	0	0	0	0	0	0	0	0	0	0	0	0	0	0	0	0	0	0	0
Mailhella	0	0	0	0	0	0	0	0	0	0	0	0	0	0	0	0	0	0	0	0	0	0	0	0	0	0	0	0	0	0	0	0	0	0	0	0	0	0	0	0	0	0	0	0	0	0	0	0	0	0	0	0	0	0	0	0	0	0	0	0	0	0	0	0	0	0	0	0	0	0	0	0	0	0	0	0	0	0	0	0	0
Maioricimonas	0	0	0	0	0	0	0	0	0	0	0	0	0	0	0	0	0	0	0	0	0	0	0	0	0	0	0	0	0	0	0	0	0	0	0	0	0	0	0	0	0	0	0	0	0	0	0	0	0	0	0	0	0	0	0	0	0	0	0	0	0	0	0	0	0	0	0	0	0	0	0	0	0	0	0	0	0	0	0	0	0
Malaciobacter	0	0	0	0	0	0	0	0	0	0	0	0	0	0	0	0	0	0	0	0	0	0	0	0	0	0	0	0	0	0	0	0	0	0	0	0	0	0	0	0	0	0	0	0	0	0	0	0	0	0	0	0	0	0	0	0	0	0	0	0	0	0	0	0	0	0	0	0	0	0	0	0	0	0	0	0	0	0	0	0	0
Malacoplasma	0	0	0	0	0	0	0	0	0	0	0	0	0	0	0	0	0	0	0	0	0	0	0	0	0	0	0	0	0	0	0	0	0	0	0	0	0	0	0	0	0	0	0	0	0	0	0	0	0	0	0	0	0	0	0	0	0	0	0	0	0	0	0	0	0	0	0	0	0	0	0	0	0	0	0	0	0	0	0	0	0
Malikia	0	0	0	0	0	0	0	0	0	0	0	0	0	0	0	0	0	0	0	0	0	0	0	0	0	0	0	0	0	0	0	0	0	0	0	0	0	0	0	0	0	0	0	0	0	0	0	0	0	0	0	0	0	0	0	0	0	0	0	0	0	0	0	0	0	0	0	0	0	0	0	0	0	0	0	0	0	0	0	0	0
Mameliella	0	0	0	0	0	0	0	0	0	0	0	0	0	0	0	0	0	0	0	0	0	0	0	0	0	0	0	0	0	0	0	0	0	0	0	0	0	0	0	0	0	0	0	0	0	0	0	0	0	0	0	0	0	0	0	0	0	0	0	0	0	0	0	0	0	0	0	0	0	0	0	0	0	0	0	0	0	0	0	0	0
Mammaliicoccus	0	0	0	0	0	0	0	0	0	0	0	0	0	0	0	0	0	0	0	0	0	0	0	0	0	0	0	0	0	0	0	0	0	0	0	0	0	0	0	0	0	0	0	0	0	0	0	0	0	0	0	0	0	0	0	0	0	0	0	0	0	0	0	0	0	0	0	0	0	0	0	0	0	0	0	0	0	0	0	0	0
Mangrovibacillus	0	0	0	0	0	0	0	0	0	0	0	0	0	0	0	0	0	0	0	0	0	0	0	0	0	0	0	0	0	0	0	0	0	0	0	0	0	0	0	0	0	0	0	0	0	0	0	0	0	0	0	0	0	0	0	0	0	0	0	0	0	0	0	0	0	0	0	0	0	0	0	0	0	0	0	0	0	0	0	0	0
Mangrovibacter	0	0	0	0	0	0	0	0	0	0	0	0	0	0	0	0	0	0	0	0	0	0	0	0	0	0	0	0	0	0	0	0	0	0	0	0	0	0	0	0	0	0	0	0	0	0	0	0	0	0	0	0	0	0	0	0	0	0	0	0	0	0	0	0	0	0	0	0	0	0	0	0	0	0	0	0	0	0	0	0	0
Mangrovibacterium	0	0	0	0	0	0	0	0	0	0	0	0	0	0	0	0	0	0	0	0	0	0	0	0	0	0	0	0	0	0	0	0	0	0	0	0	0	0	0	0	0	0	0	0	0	0	0	0	0	0	0	0	0	0	0	0	0	0	0	0	0	0	0	0	0	0	0	0	0	0	0	0	0	0	0	0	0	0	0	0	0
Mangrovicoccus	0	0	0	0	0	0	0	0	0	0	0	0	0	0	0	0	0	0	0	0	0	0	0	0	0	0	0	0	0	0	0	0	0	0	0	0	0	0	0	0	0	0	0	0	0	0	0	0	0	0	0	0	0	0	0	0	0	0	0	0	0	0	0	0	0	0	0	0	0	0	0	0	0	0	0	0	0	0	0	0	0
Mangrovimonas	0	0	0	0	0	0	0	0	0	0	0	0	0	0	0	0	0	0	0	0	0	0	0	0	0	0	0	0	0	0	0	0	0	0	0	0	0	0	0	0	0	0	0	0	0	0	0	0	0	0	0	0	0	0	0	0	0	0	0	0	0	0	0	0	0	0	0	0	0	0	0	0	0	0	0	0	0	0	0	0	0
Mangrovivirga	0	0	0	0	0	0	0	0	0	0	0	0	0	0	0	0	0	0	0	0	0	0	0	0	0	0	0	0	0	0	0	0	0	0	0	0	0	0	0	0	0	0	0	0	0	0	0	0	0	0	0	0	0	0	0	0	0	0	0	0	0	0	0	0	0	0	0	0	0	0	0	0	0	0	0	0	0	0	0	0	0
Mannheimia	0.02400897630751878	0.000179797641449	0.0002356711915535	0.0002322430810915	0.0001634710078186	0.000191375732361	0.0006597912232057	0.0003836348038327	0.001229096055719	0.000292979602558	0.0001405481377371	0.0002513175013523	0.0001557216009218	0.0002106905969566	0.0001541254238449	0.0011338709087476	0.0001289076546269	0.00071213987036	0.000256584602358	0.0002310192548131	0.0002339807248292	0.0001869135587095	0.0001900137425003	0.0002346595246736	0.0002216330249624	0.0002293301277836	0.000261754211589	0.0001062454731839	8.246360587366802e-05	0.00030005543397	0.0002322495023224	0.0002109587415557	0.0002101651410478	0.0005804190895788999	0.0001702543683824	0.0002005012531328	0.0001994504895779	0.0005017224231011	0.0003592312637569	0.0001764305577726	9.359707713345765e-06	0.0001351640799277	0.0002049640336921	0.000212902256954	0.0002871912693854	0.0004339764074643	0.0003158739283976	0.0002878368590741	0.000328669775705	0.0002554621736491	0.0003033336066958	0.0001601029148138	0.0005089393596973	0.0008029809759008	0.000313383903317	9.890139068509676e-05	0.0008236394006293	0.0003064728530949	0.0001773227745991	0.0002936325469812	0.000315954964363	0.0002744004307307	0.0001556200042441	0.0004247808748178	0.000147683671661	0.0003453295207041	0.0002564145939078	0.0001514081611609	0.0001936718949801	0.0006491955565041001	0.0001279364128807	0.0003869758370867	0.0002882688106659	0.0004834421078075	0.0003252956525842	0.0002103602784253	9.068216739976084e-05	0.0002583138734579	0.000369691569114	0.0002467767117189	0.0002152448453164
Maribacter	0.0004046783720849986	3.694472084568929e-06	3.366731307907778e-06	0	1.329032583891859e-06	7.973988848376596e-06	1.309109569852777e-06	4.531119730307753e-06	1.619362392251675e-06	2.020548983158724e-05	0	4.597271366201781e-06	1.557216009218719e-06	7.803355442840421e-06	1.245457970463964e-05	1.977107077153638e-06	2.261537800473566e-06	1.69154363505961e-06	0	1.123010266452903e-05	1.792955745818043e-06	1.038408659497493e-05	2.222917179891552e-05	6.257587324631115e-06	4.925178332498789e-06	1.630308965286375e-06	3.618721819203833e-06	3.642701937735296e-06	1.355566123950707e-05	5.085685321525503e-06	0	3.767120384924361e-06	4.611774254967869e-06	2.024717754345044e-05	9.400547947494808e-06	0	6.810504522175002e-06	4.126976453241062e-06	2.79920465265136e-06	1.050181891503608e-06	1.063603149243837e-07	5.450164513215832e-07	3.253397360193382e-06	9.504565042589956e-07	5.743825387708213e-06	0	0	1.564330755837691e-06	1.776593382189652e-05	1.335749927577309e-05	1.97611470160174e-06	9.573163978560734e-06	1.067704950414003e-05	7.277773195476136e-06	2.008871175109283e-05	9.743979377842045e-07	0	9.413841903939064e-06	3.074961409234314e-06	5.206250833000133e-06	4.44113403723193e-06	6.059315505095885e-06	0	1.832121984038825e-05	5.042857081107872e-06	7.173016750531188e-06	5.341970706413303e-06	0	7.44891903769898e-06	1.270441402160767e-06	1.814700891925488e-06	1.183412345830957e-06	0	6.714473719549861e-06	3.513996247052008e-06	2.777033378552694e-06	4.078298533851677e-06	6.906788060373616e-07	0	3.720251935461069e-06	0
Maribellus	0	0	0	0	0	0	0	0	0	0	0	0	0	0	0	0	0	0	0	0	0	0	0	0	0	0	0	0	0	0	0	0	0	0	0	0	0	0	0	0	0	0	0	0	0	0	0	0	0	0	0	0	0	0	0	0	0	0	0	0	0	0	0	0	0	0	0	0	0	0	0	0	0	0	0	0	0	0	0	0	0
Maribius	0	0	0	0	0	0	0	0	0	0	0	0	0	0	0	0	0	0	0	0	0	0	0	0	0	0	0	0	0	0	0	0	0	0	0	0	0	0	0	0	0	0	0	0	0	0	0	0	0	0	0	0	0	0	0	0	0	0	0	0	0	0	0	0	0	0	0	0	0	0	0	0	0	0	0	0	0	0	0	0	0
Maricaulis	0	0	0	0	0	0	0	0	0	0	0	0	0	0	0	0	0	0	0	0	0	0	0	0	0	0	0	0	0	0	0	0	0	0	0	0	0	0	0	0	0	0	0	0	0	0	0	0	0	0	0	0	0	0	0	0	0	0	0	0	0	0	0	0	0	0	0	0	0	0	0	0	0	0	0	0	0	0	0	0	0
Marichromatium	0	0	0	0	0	0	0	0	0	0	0	0	0	0	0	0	0	0	0	0	0	0	0	0	0	0	0	0	0	0	0	0	0	0	0	0	0	0	0	0	0	0	0	0	0	0	0	0	0	0	0	0	0	0	0	0	0	0	0	0	0	0	0	0	0	0	0	0	0	0	0	0	0	0	0	0	0	0	0	0	0
Maricurvus	0	0	0	0	0	0	0	0	0	0	0	0	0	0	0	0	0	0	0	0	0	0	0	0	0	0	0	0	0	0	0	0	0	0	0	0	0	0	0	0	0	0	0	0	0	0	0	0	0	0	0	0	0	0	0	0	0	0	0	0	0	0	0	0	0	0	0	0	0	0	0	0	0	0	0	0	0	0	0	0	0
Maridesulfovibrio	0	0	0	0	0	0	0	0	0	0	0	0	0	0	0	0	0	0	0	0	0	0	0	0	0	0	0	0	0	0	0	0	0	0	0	0	0	0	0	0	0	0	0	0	0	0	0	0	0	0	0	0	0	0	0	0	0	0	0	0	0	0	0	0	0	0	0	0	0	0	0	0	0	0	0	0	0	0	0	0	0
Marilutibacter	0	0	0	0	0	0	0	0	0	0	0	0	0	0	0	0	0	0	0	0	0	0	0	0	0	0	0	0	0	0	0	0	0	0	0	0	0	0	0	0	0	0	0	0	0	0	0	0	0	0	0	0	0	0	0	0	0	0	0	0	0	0	0	0	0	0	0	0	0	0	0	0	0	0	0	0	0	0	0	0	0
Mariluticola	0	0	0	0	0	0	0	0	0	0	0	0	0	0	0	0	0	0	0	0	0	0	0	0	0	0	0	0	0	0	0	0	0	0	0	0	0	0	0	0	0	0	0	0	0	0	0	0	0	0	0	0	0	0	0	0	0	0	0	0	0	0	0	0	0	0	0	0	0	0	0	0	0	0	0	0	0	0	0	0	0
Marimonas	0	0	0	0	0	0	0	0	0	0	0	0	0	0	0	0	0	0	0	0	0	0	0	0	0	0	0	0	0	0	0	0	0	0	0	0	0	0	0	0	0	0	0	0	0	0	0	0	0	0	0	0	0	0	0	0	0	0	0	0	0	0	0	0	0	0	0	0	0	0	0	0	0	0	0	0	0	0	0	0	0
Marinactinospora	0	0	0	0	0	0	0	0	0	0	0	0	0	0	0	0	0	0	0	0	0	0	0	0	0	0	0	0	0	0	0	0	0	0	0	0	0	0	0	0	0	0	0	0	0	0	0	0	0	0	0	0	0	0	0	0	0	0	0	0	0	0	0	0	0	0	0	0	0	0	0	0	0	0	0	0	0	0	0	0	0
Marinagarivorans	0	0	0	0	0	0	0	0	0	0	0	0	0	0	0	0	0	0	0	0	0	0	0	0	0	0	0	0	0	0	0	0	0	0	0	0	0	0	0	0	0	0	0	0	0	0	0	0	0	0	0	0	0	0	0	0	0	0	0	0	0	0	0	0	0	0	0	0	0	0	0	0	0	0	0	0	0	0	0	0	0
Marinibacterium	0	0	0	0	0	0	0	0	0	0	0	0	0	0	0	0	0	0	0	0	0	0	0	0	0	0	0	0	0	0	0	0	0	0	0	0	0	0	0	0	0	0	0	0	0	0	0	0	0	0	0	0	0	0	0	0	0	0	0	0	0	0	0	0	0	0	0	0	0	0	0	0	0	0	0	0	0	0	0	0	0
Mariniblastus	0	0	0	0	0	0	0	0	0	0	0	0	0	0	0	0	0	0	0	0	0	0	0	0	0	0	0	0	0	0	0	0	0	0	0	0	0	0	0	0	0	0	0	0	0	0	0	0	0	0	0	0	0	0	0	0	0	0	0	0	0	0	0	0	0	0	0	0	0	0	0	0	0	0	0	0	0	0	0	0	0
Marinicauda	0	0	0	0	0	0	0	0	0	0	0	0	0	0	0	0	0	0	0	0	0	0	0	0	0	0	0	0	0	0	0	0	0	0	0	0	0	0	0	0	0	0	0	0	0	0	0	0	0	0	0	0	0	0	0	0	0	0	0	0	0	0	0	0	0	0	0	0	0	0	0	0	0	0	0	0	0	0	0	0	0
Marinicella	0	0	0	0	0	0	0	0	0	0	0	0	0	0	0	0	0	0	0	0	0	0	0	0	0	0	0	0	0	0	0	0	0	0	0	0	0	0	0	0	0	0	0	0	0	0	0	0	0	0	0	0	0	0	0	0	0	0	0	0	0	0	0	0	0	0	0	0	0	0	0	0	0	0	0	0	0	0	0	0	0
Marinicellulosiphila	0	0	0	0	0	0	0	0	0	0	0	0	0	0	0	0	0	0	0	0	0	0	0	0	0	0	0	0	0	0	0	0	0	0	0	0	0	0	0	0	0	0	0	0	0	0	0	0	0	0	0	0	0	0	0	0	0	0	0	0	0	0	0	0	0	0	0	0	0	0	0	0	0	0	0	0	0	0	0	0	0
Marinicrinis	0	0	0	0	0	0	0	0	0	0	0	0	0	0	0	0	0	0	0	0	0	0	0	0	0	0	0	0	0	0	0	0	0	0	0	0	0	0	0	0	0	0	0	0	0	0	0	0	0	0	0	0	0	0	0	0	0	0	0	0	0	0	0	0	0	0	0	0	0	0	0	0	0	0	0	0	0	0	0	0	0
Marinifilum	0	0	0	0	0	0	0	0	0	0	0	0	0	0	0	0	0	0	0	0	0	0	0	0	0	0	0	0	0	0	0	0	0	0	0	0	0	0	0	0	0	0	0	0	0	0	0	0	0	0	0	0	0	0	0	0	0	0	0	0	0	0	0	0	0	0	0	0	0	0	0	0	0	0	0	0	0	0	0	0	0
Mariniflexile	0	0	0	0	0	0	0	0	0	0	0	0	0	0	0	0	0	0	0	0	0	0	0	0	0	0	0	0	0	0	0	0	0	0	0	0	0	0	0	0	0	0	0	0	0	0	0	0	0	0	0	0	0	0	0	0	0	0	0	0	0	0	0	0	0	0	0	0	0	0	0	0	0	0	0	0	0	0	0	0	0
Marinilabilia	0	0	0	0	0	0	0	0	0	0	0	0	0	0	0	0	0	0	0	0	0	0	0	0	0	0	0	0	0	0	0	0	0	0	0	0	0	0	0	0	0	0	0	0	0	0	0	0	0	0	0	0	0	0	0	0	0	0	0	0	0	0	0	0	0	0	0	0	0	0	0	0	0	0	0	0	0	0	0	0	0
Marinilactibacillus	0	0	0	0	0	0	0	0	0	0	0	0	0	0	0	0	0	0	0	0	0	0	0	0	0	0	0	0	0	0	0	0	0	0	0	0	0	0	0	0	0	0	0	0	0	0	0	0	0	0	0	0	0	0	0	0	0	0	0	0	0	0	0	0	0	0	0	0	0	0	0	0	0	0	0	0	0	0	0	0	0
Marinilongibacter	0	0	0	0	0	0	0	0	0	0	0	0	0	0	0	0	0	0	0	0	0	0	0	0	0	0	0	0	0	0	0	0	0	0	0	0	0	0	0	0	0	0	0	0	0	0	0	0	0	0	0	0	0	0	0	0	0	0	0	0	0	0	0	0	0	0	0	0	0	0	0	0	0	0	0	0	0	0	0	0	0
Marinimicrobium	0	0	0	0	0	0	0	0	0	0	0	0	0	0	0	0	0	0	0	0	0	0	0	0	0	0	0	0	0	0	0	0	0	0	0	0	0	0	0	0	0	0	0	0	0	0	0	0	0	0	0	0	0	0	0	0	0	0	0	0	0	0	0	0	0	0	0	0	0	0	0	0	0	0	0	0	0	0	0	0	0
Marininema	0	0	0	0	0	0	0	0	0	0	0	0	0	0	0	0	0	0	0	0	0	0	0	0	0	0	0	0	0	0	0	0	0	0	0	0	0	0	0	0	0	0	0	0	0	0	0	0	0	0	0	0	0	0	0	0	0	0	0	0	0	0	0	0	0	0	0	0	0	0	0	0	0	0	0	0	0	0	0	0	0
Mariniphaga	0	0	0	0	0	0	0	0	0	0	0	0	0	0	0	0	0	0	0	0	0	0	0	0	0	0	0	0	0	0	0	0	0	0	0	0	0	0	0	0	0	0	0	0	0	0	0	0	0	0	0	0	0	0	0	0	0	0	0	0	0	0	0	0	0	0	0	0	0	0	0	0	0	0	0	0	0	0	0	0	0
Mariniplasma	0	0	0	0	0	0	0	0	0	0	0	0	0	0	0	0	0	0	0	0	0	0	0	0	0	0	0	0	0	0	0	0	0	0	0	0	0	0	0	0	0	0	0	0	0	0	0	0	0	0	0	0	0	0	0	0	0	0	0	0	0	0	0	0	0	0	0	0	0	0	0	0	0	0	0	0	0	0	0	0	0
Mariniradius	0	0	0	0	0	0	0	0	0	0	0	0	0	0	0	0	0	0	0	0	0	0	0	0	0	0	0	0	0	0	0	0	0	0	0	0	0	0	0	0	0	0	0	0	0	0	0	0	0	0	0	0	0	0	0	0	0	0	0	0	0	0	0	0	0	0	0	0	0	0	0	0	0	0	0	0	0	0	0	0	0
Marinithermus	0	0	0	0	0	0	0	0	0	0	0	0	0	0	0	0	0	0	0	0	0	0	0	0	0	0	0	0	0	0	0	0	0	0	0	0	0	0	0	0	0	0	0	0	0	0	0	0	0	0	0	0	0	0	0	0	0	0	0	0	0	0	0	0	0	0	0	0	0	0	0	0	0	0	0	0	0	0	0	0	0
Marinitoga	0	0	0	0	0	0	0	0	0	0	0	0	0	0	0	0	0	0	0	0	0	0	0	0	0	0	0	0	0	0	0	0	0	0	0	0	0	0	0	0	0	0	0	0	0	0	0	0	0	0	0	0	0	0	0	0	0	0	0	0	0	0	0	0	0	0	0	0	0	0	0	0	0	0	0	0	0	0	0	0	0
Marinivivus	0	0	0	0	0	0	0	0	0	0	0	0	0	0	0	0	0	0	0	0	0	0	0	0	0	0	0	0	0	0	0	0	0	0	0	0	0	0	0	0	0	0	0	0	0	0	0	0	0	0	0	0	0	0	0	0	0	0	0	0	0	0	0	0	0	0	0	0	0	0	0	0	0	0	0	0	0	0	0	0	0
Marinobacter	0.141572799647672	0.0010535402894495	0.0014746283128636	0.0013982968840719	0.0012479615962744	0.0014632269536771	0.0021914494199335	0.0035237007769359	0.0020922162107891	0.0016063364416111	0.0016709611930975	0.0012259390309871	0.0016153520735628	0.0016204968136298	0.0022846369645698	0.0024110820805888	0.002517091571927	0.0019664194757567	0.0017191168357986	0.002188800485996	0.001694343179798	0.0016313400040705	0.0008891668719566	0.0020462310551543	0.0015415808180721	0.0020905995298188	0.0015922376004496	0.0007340044404536	0.003198006414087	0.0017376091515212	0.0019354125193541	0.0021651524412352	0.0011522847388484	0.001684565171615	0.0015657134859216	0.0014751163623344	0.0018252152119429	0.0016018564319222	0.0024763630493789	0.0026349063657825	0.0004549030669315	0.0016879159497429	0.0017112870114617	0.0011424487181193	0.0014373923032739	0.0020432673560744	0.0018362804370852	0.0020633522669499	0.0031889851210304	0.0016504860042627	0.001151086813683	0.0004809689626469	0.0029513144337693	0.002337378157947	0.0019445872975057	0.0007592995930183	0.0017951810989005	0.001411030303157	0.0016553542253044	0.0015639577502332	0.0017637646605006	0.0014611606532288	0.0011930866992053	0.0022182247280825	0.0008482806018577	0.0019500358394658	0.0020094713140624	0.0009828478047773999	0.0022917840905987	0.0022270837779878	0.0009617914727205	0.0016792621187341	0.0020494110758282	0.0016181881664115	0.0021611076919369	0.0035719591831634	0.0004891559241484	0.0012459845660914	0.0022477944933394	0.0020821009998797	0.0023108686593173
Marinobacterium	0	0	0	0	0	0	0	0	0	0	0	0	0	0	0	0	0	0	0	0	0	0	0	0	0	0	0	0	0	0	0	0	0	0	0	0	0	0	0	0	0	0	0	0	0	0	0	0	0	0	0	0	0	0	0	0	0	0	0	0	0	0	0	0	0	0	0	0	0	0	0	0	0	0	0	0	0	0	0	0	0
Marinococcus	0	0	0	0	0	0	0	0	0	0	0	0	0	0	0	0	0	0	0	0	0	0	0	0	0	0	0	0	0	0	0	0	0	0	0	0	0	0	0	0	0	0	0	0	0	0	0	0	0	0	0	0	0	0	0	0	0	0	0	0	0	0	0	0	0	0	0	0	0	0	0	0	0	0	0	0	0	0	0	0	0
Marinomonas	0.003575701283651037	2.155108715998542e-05	0.0001313025210084	0.0001403135281594	2.658065167783718e-05	6.977240242329522e-05	0.0001138925325771	0.000104215753797	3.562597262953685e-05	1.010274491579362e-05	4.684937924572499e-05	2.145393304227498e-05	1.505308808911428e-05	2.341006632852126e-05	4.592626266085868e-05	5.832465877603232e-05	1.583076460331496e-05	5.582093995696713e-05	3.848769035370188e-05	4.11770431032731e-05	3.36179202340883e-05	3.530589442291477e-05	3.227797548883624e-05	2.815914296084002e-05	1.805898721916223e-05	4.619208734978061e-05	3.015601516003195e-05	2.185621162641177e-05	1.129638436625589e-05	5.424731009627202e-05	4.423800044238e-05	5.179790529270996e-05	2.24000463812725e-05	7.019021548396153e-05	5.95368036674671e-05	1.432151808091658e-05	7.491554974392503e-05	6.013594260436976e-05	0.0001819483024223	2.835491107059743e-05	2.233566613412057e-06	3.161095417665182e-05	4.229416568251396e-05	3.041460813628786e-05	5.025847214244687e-05	3.486491222758347e-05	5.264565473294965e-05	2.346496133756537e-05	3.553186764379303e-05	5.176030969362071e-05	4.446258078603914e-05	1.402963686513211e-05	6.495205115018516e-05	6.42869965600392e-05	3.415080997685781e-05	1.339797164453281e-05	3.392254533069732e-05	7.531073523151252e-05	2.254971700105164e-05	3.332000533120085e-05	2.474346106457789e-05	9.348658207862222e-05	9.4315154087383e-06	4.003525816973728e-05	1.332755085721366e-05	0.0001449974100285	7.211660453657959e-05	2.479961260394627e-05	6.207432531415816e-05	3.176103505401917e-05	1.361025668944116e-05	3.431895802909774e-05	1.351260049996622e-05	5.371578975639889e-05	2.258997587390577e-05	4.859808412467214e-05	1.103539603277513e-05	3.798733433205489e-05	4.185187574875622e-05	3.472235139763665e-05	5.682463916354131e-05
Marinoscillum	0	0	0	0	0	0	0	0	0	0	0	0	0	0	0	0	0	0	0	0	0	0	0	0	0	0	0	0	0	0	0	0	0	0	0	0	0	0	0	0	0	0	0	0	0	0	0	0	0	0	0	0	0	0	0	0	0	0	0	0	0	0	0	0	0	0	0	0	0	0	0	0	0	0	0	0	0	0	0	0	0
Marinospirillum	0	0	0	0	0	0	0	0	0	0	0	0	0	0	0	0	0	0	0	0	0	0	0	0	0	0	0	0	0	0	0	0	0	0	0	0	0	0	0	0	0	0	0	0	0	0	0	0	0	0	0	0	0	0	0	0	0	0	0	0	0	0	0	0	0	0	0	0	0	0	0	0	0	0	0	0	0	0	0	0	0
Marinovum	0	0	0	0	0	0	0	0	0	0	0	0	0	0	0	0	0	0	0	0	0	0	0	0	0	0	0	0	0	0	0	0	0	0	0	0	0	0	0	0	0	0	0	0	0	0	0	0	0	0	0	0	0	0	0	0	0	0	0	0	0	0	0	0	0	0	0	0	0	0	0	0	0	0	0	0	0	0	0	0	0
Mariprofundus	0	0	0	0	0	0	0	0	0	0	0	0	0	0	0	0	0	0	0	0	0	0	0	0	0	0	0	0	0	0	0	0	0	0	0	0	0	0	0	0	0	0	0	0	0	0	0	0	0	0	0	0	0	0	0	0	0	0	0	0	0	0	0	0	0	0	0	0	0	0	0	0	0	0	0	0	0	0	0	0	0
Marisediminicola	0	0	0	0	0	0	0	0	0	0	0	0	0	0	0	0	0	0	0	0	0	0	0	0	0	0	0	0	0	0	0	0	0	0	0	0	0	0	0	0	0	0	0	0	0	0	0	0	0	0	0	0	0	0	0	0	0	0	0	0	0	0	0	0	0	0	0	0	0	0	0	0	0	0	0	0	0	0	0	0	0
Marisediminitalea	0	0	0	0	0	0	0	0	0	0	0	0	0	0	0	0	0	0	0	0	0	0	0	0	0	0	0	0	0	0	0	0	0	0	0	0	0	0	0	0	0	0	0	0	0	0	0	0	0	0	0	0	0	0	0	0	0	0	0	0	0	0	0	0	0	0	0	0	0	0	0	0	0	0	0	0	0	0	0	0	0
Marispirochaeta	0	0	0	0	0	0	0	0	0	0	0	0	0	0	0	0	0	0	0	0	0	0	0	0	0	0	0	0	0	0	0	0	0	0	0	0	0	0	0	0	0	0	0	0	0	0	0	0	0	0	0	0	0	0	0	0	0	0	0	0	0	0	0	0	0	0	0	0	0	0	0	0	0	0	0	0	0	0	0	0	0
Maritalea	0	0	0	0	0	0	0	0	0	0	0	0	0	0	0	0	0	0	0	0	0	0	0	0	0	0	0	0	0	0	0	0	0	0	0	0	0	0	0	0	0	0	0	0	0	0	0	0	0	0	0	0	0	0	0	0	0	0	0	0	0	0	0	0	0	0	0	0	0	0	0	0	0	0	0	0	0	0	0	0	0
Maritimibacter	0	0	0	0	0	0	0	0	0	0	0	0	0	0	0	0	0	0	0	0	0	0	0	0	0	0	0	0	0	0	0	0	0	0	0	0	0	0	0	0	0	0	0	0	0	0	0	0	0	0	0	0	0	0	0	0	0	0	0	0	0	0	0	0	0	0	0	0	0	0	0	0	0	0	0	0	0	0	0	0	0
Marivibrio	0	0	0	0	0	0	0	0	0	0	0	0	0	0	0	0	0	0	0	0	0	0	0	0	0	0	0	0	0	0	0	0	0	0	0	0	0	0	0	0	0	0	0	0	0	0	0	0	0	0	0	0	0	0	0	0	0	0	0	0	0	0	0	0	0	0	0	0	0	0	0	0	0	0	0	0	0	0	0	0	0
Marivirga	0	0	0	0	0	0	0	0	0	0	0	0	0	0	0	0	0	0	0	0	0	0	0	0	0	0	0	0	0	0	0	0	0	0	0	0	0	0	0	0	0	0	0	0	0	0	0	0	0	0	0	0	0	0	0	0	0	0	0	0	0	0	0	0	0	0	0	0	0	0	0	0	0	0	0	0	0	0	0	0	0
Marivita	0	0	0	0	0	0	0	0	0	0	0	0	0	0	0	0	0	0	0	0	0	0	0	0	0	0	0	0	0	0	0	0	0	0	0	0	0	0	0	0	0	0	0	0	0	0	0	0	0	0	0	0	0	0	0	0	0	0	0	0	0	0	0	0	0	0	0	0	0	0	0	0	0	0	0	0	0	0	0	0	0
Marivivens	0	0	0	0	0	0	0	0	0	0	0	0	0	0	0	0	0	0	0	0	0	0	0	0	0	0	0	0	0	0	0	0	0	0	0	0	0	0	0	0	0	0	0	0	0	0	0	0	0	0	0	0	0	0	0	0	0	0	0	0	0	0	0	0	0	0	0	0	0	0	0	0	0	0	0	0	0	0	0	0	0
Marixanthomonas	0	0	0	0	0	0	0	0	0	0	0	0	0	0	0	0	0	0	0	0	0	0	0	0	0	0	0	0	0	0	0	0	0	0	0	0	0	0	0	0	0	0	0	0	0	0	0	0	0	0	0	0	0	0	0	0	0	0	0	0	0	0	0	0	0	0	0	0	0	0	0	0	0	0	0	0	0	0	0	0	0
Marmoricola	0	0	0	0	0	0	0	0	0	0	0	0	0	0	0	0	0	0	0	0	0	0	0	0	0	0	0	0	0	0	0	0	0	0	0	0	0	0	0	0	0	0	0	0	0	0	0	0	0	0	0	0	0	0	0	0	0	0	0	0	0	0	0	0	0	0	0	0	0	0	0	0	0	0	0	0	0	0	0	0	0
Marnyiella	0	0	0	0	0	0	0	0	0	0	0	0	0	0	0	0	0	0	0	0	0	0	0	0	0	0	0	0	0	0	0	0	0	0	0	0	0	0	0	0	0	0	0	0	0	0	0	0	0	0	0	0	0	0	0	0	0	0	0	0	0	0	0	0	0	0	0	0	0	0	0	0	0	0	0	0	0	0	0	0	0
Marseilla	0	0	0	0	0	0	0	0	0	0	0	0	0	0	0	0	0	0	0	0	0	0	0	0	0	0	0	0	0	0	0	0	0	0	0	0	0	0	0	0	0	0	0	0	0	0	0	0	0	0	0	0	0	0	0	0	0	0	0	0	0	0	0	0	0	0	0	0	0	0	0	0	0	0	0	0	0	0	0	0	0
Martelella	0.004450513454350631	2.524555924455435e-05	3.871741004093945e-05	4.838397522740468e-05	4.518710785232322e-05	3.289270399955346e-05	3.534595838602499e-05	9.666388757989874e-05	0.0001149747298498	0.0001010274491579	1.5616459748575e-05	6.129695154935707e-05	7.215100842713397e-05	8.583690987124464e-05	0.000118318507194	3.459937385018867e-05	4.296921820899776e-05	3.721395997131142e-05	4.169499788317704e-05	4.812901141941011e-05	4.661684939126912e-05	7.788064946231199e-05	9.135276081746104e-06	0.0001157653655056	3.283452221665859e-05	3.586679723630024e-05	8.684932366089199e-05	9.713871833960789e-06	9.827854398642628e-05	4.407593945322102e-05	5.529750055297501e-05	5.556502567763432e-05	3.42588944654756e-05	4.994303794051109e-05	3.133515982498269e-05	5.728607232366631e-05	5.54569653948536e-05	1.945574613670786e-05	3.732272870201813e-05	6.30109134902165e-05	1.276323779092604e-06	5.232157932687198e-05	5.205435776309411e-05	2.756323862351087e-05	4.738655944859276e-05	2.018494918439043e-05	5.896313330090361e-05	8.447386081523533e-05	7.994670219853431e-05	4.67512474652058e-05	7.311624395926437e-05	4.621527437925871e-06	6.495205115018516e-05	5.458329896607102e-05	0.0001024524299305	1.169277525341045e-05	8.819861785981305e-05	2.719554327804619e-05	3.792452404722321e-05	7.39287618286019e-05	7.423038319373369e-05	3.63558930305753e-05	9.4315154087383e-06	0.0001078916279489	9.725510084993752e-06	2.664263364483012e-05	0.000117523355541	5.482019628240754e-05	8.690405543982143e-05	8.257869114044984e-05	3.810871873043526e-05	9.112275062898368e-05	0.0001441344053329	3.357236859774931e-05	6.074193512761328e-05	7.428564287628455e-05	1.319449525657896e-05	3.108054627168127e-05	9.591054859089966e-05	5.952403096737711e-05	8.093206183898308e-05
Marvinbryantia	0	0	0	0	0	0	0	0	0	0	0	0	0	0	0	0	0	0	0	0	0	0	0	0	0	0	0	0	0	0	0	0	0	0	0	0	0	0	0	0	0	0	0	0	0	0	0	0	0	0	0	0	0	0	0	0	0	0	0	0	0	0	0	0	0	0	0	0	0	0	0	0	0	0	0	0	0	0	0	0	0
Massilia	0.005399607688301897	3.81762115405456e-05	4.881760396466279e-05	6.773756531836656e-05	5.050323818789065e-05	5.382442472654202e-05	5.367349236396388e-05	0.0001359335919092	6.4774495690067e-05	5.05137245789681e-05	4.684937924572499e-05	5.516725639442136e-05	5.657884833494678e-05	8.583690987124464e-05	0.0001891539292642	5.437044462172505e-05	4.070768040852419e-05	0.0001454727526151	9.621922588425468e-05	8.984082131623221e-05	6.3201690040086e-05	6.853497152683456e-05	0.0001236307363062	6.57046669086267e-05	6.402731832248426e-05	5.760425010678524e-05	9.408676729929964e-05	0.0001007814202773	8.35932443102936e-05	7.798050826339103e-05	5.529750055297501e-05	8.75855489494914e-05	2.767064552980721e-05	4.994303794051109e-05	0.0002015895282073	2.864303616183315e-05	7.783433739628574e-05	0.0001084805239137	7.651159383913718e-05	5.355927646668403e-05	2.02084598356329e-06	5.014151352158565e-05	7.15747419242544e-05	3.706780366610083e-05	5.743825387708214e-05	1.926745149419086e-05	0.0001031854832765	9.07311838385861e-05	0.0001154785698423	6.428296526465798e-05	3.458200727803045e-05	2.145709167608441e-05	7.384959240363518e-05	4.124071477436477e-05	6.026613525327848e-05	1.120557628451835e-05	6.241748340848308e-05	3.660938518198525e-05	0.0001188985078237	5.310375849660136e-05	0.0001084905600523	7.184616956042263e-05	1.414727311310745e-05	5.157084103220395e-05	5.367040750607665e-05	6.763130079072263e-05	9.081350200902616e-05	9.267223657264132e-05	8.938702845238775e-05	3.684280066266223e-05	5.897777898757837e-05	3.905260741242157e-05	5.855460216652028e-05	5.371578975639889e-05	4.869394799486354e-05	7.012009280845551e-05	5.92552786977273e-05	3.59152979139428e-05	4.882718837354892e-05	7.564512268770841e-05	5.854659792607287e-05
Massilibacteroides	0	0	0	0	0	0	0	0	0	0	0	0	0	0	0	0	0	0	0	0	0	0	0	0	0	0	0	0	0	0	0	0	0	0	0	0	0	0	0	0	0	0	0	0	0	0	0	0	0	0	0	0	0	0	0	0	0	0	0	0	0	0	0	0	0	0	0	0	0	0	0	0	0	0	0	0	0	0	0	0	0
Massiliimalia	0	0	0	0	0	0	0	0	0	0	0	0	0	0	0	0	0	0	0	0	0	0	0	0	0	0	0	0	0	0	0	0	0	0	0	0	0	0	0	0	0	0	0	0	0	0	0	0	0	0	0	0	0	0	0	0	0	0	0	0	0	0	0	0	0	0	0	0	0	0	0	0	0	0	0	0	0	0	0	0	0
Massilimicrobiota	0	0	0	0	0	0	0	0	0	0	0	0	0	0	0	0	0	0	0	0	0	0	0	0	0	0	0	0	0	0	0	0	0	0	0	0	0	0	0	0	0	0	0	0	0	0	0	0	0	0	0	0	0	0	0	0	0	0	0	0	0	0	0	0	0	0	0	0	0	0	0	0	0	0	0	0	0	0	0	0	0
Massilioclostridium	0	0	0	0	0	0	0	0	0	0	0	0	0	0	0	0	0	0	0	0	0	0	0	0	0	0	0	0	0	0	0	0	0	0	0	0	0	0	0	0	0	0	0	0	0	0	0	0	0	0	0	0	0	0	0	0	0	0	0	0	0	0	0	0	0	0	0	0	0	0	0	0	0	0	0	0	0	0	0	0	0
Massilistercora	0	0	0	0	0	0	0	0	0	0	0	0	0	0	0	0	0	0	0	0	0	0	0	0	0	0	0	0	0	0	0	0	0	0	0	0	0	0	0	0	0	0	0	0	0	0	0	0	0	0	0	0	0	0	0	0	0	0	0	0	0	0	0	0	0	0	0	0	0	0	0	0	0	0	0	0	0	0	0	0	0
Mastigocladopsis	0	0	0	0	0	0	0	0	0	0	0	0	0	0	0	0	0	0	0	0	0	0	0	0	0	0	0	0	0	0	0	0	0	0	0	0	0	0	0	0	0	0	0	0	0	0	0	0	0	0	0	0	0	0	0	0	0	0	0	0	0	0	0	0	0	0	0	0	0	0	0	0	0	0	0	0	0	0	0	0	0
Mastigocladus	0	0	0	0	0	0	0	0	0	0	0	0	0	0	0	0	0	0	0	0	0	0	0	0	0	0	0	0	0	0	0	0	0	0	0	0	0	0	0	0	0	0	0	0	0	0	0	0	0	0	0	0	0	0	0	0	0	0	0	0	0	0	0	0	0	0	0	0	0	0	0	0	0	0	0	0	0	0	0	0	0
Mastigocoleus	0	0	0	0	0	0	0	0	0	0	0	0	0	0	0	0	0	0	0	0	0	0	0	0	0	0	0	0	0	0	0	0	0	0	0	0	0	0	0	0	0	0	0	0	0	0	0	0	0	0	0	0	0	0	0	0	0	0	0	0	0	0	0	0	0	0	0	0	0	0	0	0	0	0	0	0	0	0	0	0	0
Mediterranea	0	0	0	0	0	0	0	0	0	0	0	0	0	0	0	0	0	0	0	0	0	0	0	0	0	0	0	0	0	0	0	0	0	0	0	0	0	0	0	0	0	0	0	0	0	0	0	0	0	0	0	0	0	0	0	0	0	0	0	0	0	0	0	0	0	0	0	0	0	0	0	0	0	0	0	0	0	0	0	0	0
Mediterraneibacter	0	0	0	0	0	0	0	0	0	0	0	0	0	0	0	0	0	0	0	0	0	0	0	0	0	0	0	0	0	0	0	0	0	0	0	0	0	0	0	0	0	0	0	0	0	0	0	0	0	0	0	0	0	0	0	0	0	0	0	0	0	0	0	0	0	0	0	0	0	0	0	0	0	0	0	0	0	0	0	0	0
Megalodesulfovibrio	0	0	0	0	0	0	0	0	0	0	0	0	0	0	0	0	0	0	0	0	0	0	0	0	0	0	0	0	0	0	0	0	0	0	0	0	0	0	0	0	0	0	0	0	0	0	0	0	0	0	0	0	0	0	0	0	0	0	0	0	0	0	0	0	0	0	0	0	0	0	0	0	0	0	0	0	0	0	0	0	0
Megamonas	0	0	0	0	0	0	0	0	0	0	0	0	0	0	0	0	0	0	0	0	0	0	0	0	0	0	0	0	0	0	0	0	0	0	0	0	0	0	0	0	0	0	0	0	0	0	0	0	0	0	0	0	0	0	0	0	0	0	0	0	0	0	0	0	0	0	0	0	0	0	0	0	0	0	0	0	0	0	0	0	0
Meganema	0	0	0	0	0	0	0	0	0	0	0	0	0	0	0	0	0	0	0	0	0	0	0	0	0	0	0	0	0	0	0	0	0	0	0	0	0	0	0	0	0	0	0	0	0	0	0	0	0	0	0	0	0	0	0	0	0	0	0	0	0	0	0	0	0	0	0	0	0	0	0	0	0	0	0	0	0	0	0	0	0
Megasphaera	0	0	0	0	0	0	0	0	0	0	0	0	0	0	0	0	0	0	0	0	0	0	0	0	0	0	0	0	0	0	0	0	0	0	0	0	0	0	0	0	0	0	0	0	0	0	0	0	0	0	0	0	0	0	0	0	0	0	0	0	0	0	0	0	0	0	0	0	0	0	0	0	0	0	0	0	0	0	0	0	0
Meiothermus	0.001465670885242259	4.925962779425239e-06	1.178355957767722e-05	4.838397522740468e-06	1.860645617448603e-05	1.295773187861197e-05	1.440020526838055e-05	3.32282113555902e-05	2.752916066827848e-05	1.010274491579362e-05	1.5616459748575e-05	3.064847577467853e-06	1.609123209526009e-05	1.040447392378723e-05	3.425009418775902e-05	2.07596243101132e-05	7.010767181468054e-05	6.76617454023844e-06	1.603653764737578e-05	9.09103549033302e-06	1.165421234781728e-05	1.038408659497493e-05	1.522546013624351e-06	1.564396831157779e-05	4.925178332498789e-06	2.336776183577137e-05	9.649924851210222e-06	2.428467958490197e-06	5.648192183127947e-05	1.695228440508501e-05	0	3.013696307939489e-05	3.294124467834192e-06	1.34981183623003e-05	5.326977170247057e-05	0	1.848565513161786e-05	1.061222516547702e-05	1.772829613345861e-05	4.515782133465516e-05	4.254412596975346e-07	3.815115159251082e-06	9.760192080580148e-06	5.702739025553973e-06	1.292360712234348e-05	4.587488450997824e-06	2.948156665045181e-05	5.162291494264381e-05	6.218076837663779e-05	4.174218523679089e-06	6.521178515285741e-05	8.252727567724771e-07	5.783401814742514e-05	1.334258419170625e-05	4.821290820262279e-05	3.653992266690767e-06	2.713803626455786e-05	5.229912168855036e-06	7.174909954880066e-06	3.227875516460083e-05	1.078561123327754e-05	1.211863101019177e-05	0	8.821328071298044e-06	1.080612231665973e-06	2.613027530550647e-05	3.29421526895487e-05	1.827339876080251e-05	3.227864916336224e-05	1.14339726194469e-05	9.073504459627439e-06	5.917061729154784e-06	4.504200166655406e-06	3.357236859774931e-05	1.054198874115602e-05	5.137511750322483e-05	1.199499568779905e-06	5.525430448298892e-06	2.266976603057628e-05	2.232151161276642e-05	1.377567010025244e-05
Melaminivora	0	0	0	0	0	0	0	0	0	0	0	0	0	0	0	0	0	0	0	0	0	0	0	0	0	0	0	0	0	0	0	0	0	0	0	0	0	0	0	0	0	0	0	0	0	0	0	0	0	0	0	0	0	0	0	0	0	0	0	0	0	0	0	0	0	0	0	0	0	0	0	0	0	0	0	0	0	0	0	0	0
Melghirimyces	0	0	0	0	0	0	0	0	0	0	0	0	0	0	0	0	0	0	0	0	0	0	0	0	0	0	0	0	0	0	0	0	0	0	0	0	0	0	0	0	0	0	0	0	0	0	0	0	0	0	0	0	0	0	0	0	0	0	0	0	0	0	0	0	0	0	0	0	0	0	0	0	0	0	0	0	0	0	0	0	0
Melioribacter	0	0	0	0	0	0	0	0	0	0	0	0	0	0	0	0	0	0	0	0	0	0	0	0	0	0	0	0	0	0	0	0	0	0	0	0	0	0	0	0	0	0	0	0	0	0	0	0	0	0	0	0	0	0	0	0	0	0	0	0	0	0	0	0	0	0	0	0	0	0	0	0	0	0	0	0	0	0	0	0	0
Melissococcus	0	0	0	0	0	0	0	0	0	0	0	0	0	0	0	0	0	0	0	0	0	0	0	0	0	0	0	0	0	0	0	0	0	0	0	0	0	0	0	0	0	0	0	0	0	0	0	0	0	0	0	0	0	0	0	0	0	0	0	0	0	0	0	0	0	0	0	0	0	0	0	0	0	0	0	0	0	0	0	0	0
Melittangium	0	0	0	0	0	0	0	0	0	0	0	0	0	0	0	0	0	0	0	0	0	0	0	0	0	0	0	0	0	0	0	0	0	0	0	0	0	0	0	0	0	0	0	0	0	0	0	0	0	0	0	0	0	0	0	0	0	0	0	0	0	0	0	0	0	0	0	0	0	0	0	0	0	0	0	0	0	0	0	0	0
Membranihabitans	0	0	0	0	0	0	0	0	0	0	0	0	0	0	0	0	0	0	0	0	0	0	0	0	0	0	0	0	0	0	0	0	0	0	0	0	0	0	0	0	0	0	0	0	0	0	0	0	0	0	0	0	0	0	0	0	0	0	0	0	0	0	0	0	0	0	0	0	0	0	0	0	0	0	0	0	0	0	0	0	0
Merdibacter	0	0	0	0	0	0	0	0	0	0	0	0	0	0	0	0	0	0	0	0	0	0	0	0	0	0	0	0	0	0	0	0	0	0	0	0	0	0	0	0	0	0	0	0	0	0	0	0	0	0	0	0	0	0	0	0	0	0	0	0	0	0	0	0	0	0	0	0	0	0	0	0	0	0	0	0	0	0	0	0	0
Merdimmobilis	0	0	0	0	0	0	0	0	0	0	0	0	0	0	0	0	0	0	0	0	0	0	0	0	0	0	0	0	0	0	0	0	0	0	0	0	0	0	0	0	0	0	0	0	0	0	0	0	0	0	0	0	0	0	0	0	0	0	0	0	0	0	0	0	0	0	0	0	0	0	0	0	0	0	0	0	0	0	0	0	0
Merdimonas	0	0	0	0	0	0	0	0	0	0	0	0	0	0	0	0	0	0	0	0	0	0	0	0	0	0	0	0	0	0	0	0	0	0	0	0	0	0	0	0	0	0	0	0	0	0	0	0	0	0	0	0	0	0	0	0	0	0	0	0	0	0	0	0	0	0	0	0	0	0	0	0	0	0	0	0	0	0	0	0	0
Mergibacter	0	0	0	0	0	0	0	0	0	0	0	0	0	0	0	0	0	0	0	0	0	0	0	0	0	0	0	0	0	0	0	0	0	0	0	0	0	0	0	0	0	0	0	0	0	0	0	0	0	0	0	0	0	0	0	0	0	0	0	0	0	0	0	0	0	0	0	0	0	0	0	0	0	0	0	0	0	0	0	0	0
Meridianimaribacter	0	0	0	0	0	0	0	0	0	0	0	0	0	0	0	0	0	0	0	0	0	0	0	0	0	0	0	0	0	0	0	0	0	0	0	0	0	0	0	0	0	0	0	0	0	0	0	0	0	0	0	0	0	0	0	0	0	0	0	0	0	0	0	0	0	0	0	0	0	0	0	0	0	0	0	0	0	0	0	0	0
Meridianimarinicoccus	0	0	0	0	0	0	0	0	0	0	0	0	0	0	0	0	0	0	0	0	0	0	0	0	0	0	0	0	0	0	0	0	0	0	0	0	0	0	0	0	0	0	0	0	0	0	0	0	0	0	0	0	0	0	0	0	0	0	0	0	0	0	0	0	0	0	0	0	0	0	0	0	0	0	0	0	0	0	0	0	0
Mesoaciditoga	0	0	0	0	0	0	0	0	0	0	0	0	0	0	0	0	0	0	0	0	0	0	0	0	0	0	0	0	0	0	0	0	0	0	0	0	0	0	0	0	0	0	0	0	0	0	0	0	0	0	0	0	0	0	0	0	0	0	0	0	0	0	0	0	0	0	0	0	0	0	0	0	0	0	0	0	0	0	0	0	0
Mesobacillus	0	0	0	0	0	0	0	0	0	0	0	0	0	0	0	0	0	0	0	0	0	0	0	0	0	0	0	0	0	0	0	0	0	0	0	0	0	0	0	0	0	0	0	0	0	0	0	0	0	0	0	0	0	0	0	0	0	0	0	0	0	0	0	0	0	0	0	0	0	0	0	0	0	0	0	0	0	0	0	0	0
Mesoflavibacter	0	0	0	0	0	0	0	0	0	0	0	0	0	0	0	0	0	0	0	0	0	0	0	0	0	0	0	0	0	0	0	0	0	0	0	0	0	0	0	0	0	0	0	0	0	0	0	0	0	0	0	0	0	0	0	0	0	0	0	0	0	0	0	0	0	0	0	0	0	0	0	0	0	0	0	0	0	0	0	0	0
Mesomycoplasma	0	0	0	0	0	0	0	0	0	0	0	0	0	0	0	0	0	0	0	0	0	0	0	0	0	0	0	0	0	0	0	0	0	0	0	0	0	0	0	0	0	0	0	0	0	0	0	0	0	0	0	0	0	0	0	0	0	0	0	0	0	0	0	0	0	0	0	0	0	0	0	0	0	0	0	0	0	0	0	0	0
Mesonia	0	0	0	0	0	0	0	0	0	0	0	0	0	0	0	0	0	0	0	0	0	0	0	0	0	0	0	0	0	0	0	0	0	0	0	0	0	0	0	0	0	0	0	0	0	0	0	0	0	0	0	0	0	0	0	0	0	0	0	0	0	0	0	0	0	0	0	0	0	0	0	0	0	0	0	0	0	0	0	0	0
Mesoplasma	0	0	0	0	0	0	0	0	0	0	0	0	0	0	0	0	0	0	0	0	0	0	0	0	0	0	0	0	0	0	0	0	0	0	0	0	0	0	0	0	0	0	0	0	0	0	0	0	0	0	0	0	0	0	0	0	0	0	0	0	0	0	0	0	0	0	0	0	0	0	0	0	0	0	0	0	0	0	0	0	0
Mesorhizobium	0.2113130961585438	0.0011452863462163	0.0016665319974143	0.0016450551577317	0.0023018844353007	0.0016595864290683	0.0015565312785549	0.0043649786735298	0.0050750817373167	0.002444864269622	0.0027328804560006	0.0017147822195932	0.00356758187712	0.0042450253609051	0.0064966201384326	0.0021540581605588	0.0056583675767848	0.0023943800154268	0.0032137221445341	0.0024273064759189	0.0019614935859249	0.0026219818652311	0.0004887372703734	0.0069772098669636	0.0016876944419362	0.0017873620622756	0.0031350193360369	0.0003673057787216	0.0041457730624159	0.0020630930120988	0.0042468480424684	0.0026162651073299	0.0016483798837042	0.0016076258969499	0.0021172122988413	0.0035660580021482	0.00303748501689	0.0011172314826988	0.0021320608771027	0.004224881749519	0.0001311422683017	0.0025326914492913	0.0025701839145527	0.0012061293039046	0.0017690982194141	0.0012285294071772	0.0032598189410642	0.0040719529574455	0.0054363757495003	0.0017848958407251	0.0033712516809325	0.0003020498289787	0.0032262484585009	0.0022075912026277	0.0040498842890203	0.0005522400312391	0.0036120726268126	0.0017059973494805	0.0021278732951901	0.0034194655471144	0.0033067415145789	0.0019883211021721	0.0001178939426092	0.0034905316614428	0.000430083668203	0.0013787562911199	0.0071929635561855	0.0024838769887005	0.0051571349471002	0.0022677379028569	0.001751186360708	0.0022863526521454	0.0047068891741548	0.0019874842209867	0.0023458434946391	0.0041530534176255	0.000464926032859	0.0013309380592339	0.0030761128675335	0.0025297713161135	0.0022867612366419
Mesosutterella	0	0	0	0	0	0	0	0	0	0	0	0	0	0	0	0	0	0	0	0	0	0	0	0	0	0	0	0	0	0	0	0	0	0	0	0	0	0	0	0	0	0	0	0	0	0	0	0	0	0	0	0	0	0	0	0	0	0	0	0	0	0	0	0	0	0	0	0	0	0	0	0	0	0	0	0	0	0	0	0	0
Mesoterricola	0	0	0	0	0	0	0	0	0	0	0	0	0	0	0	0	0	0	0	0	0	0	0	0	0	0	0	0	0	0	0	0	0	0	0	0	0	0	0	0	0	0	0	0	0	0	0	0	0	0	0	0	0	0	0	0	0	0	0	0	0	0	0	0	0	0	0	0	0	0	0	0	0	0	0	0	0	0	0	0	0
Mesotoga	0	0	0	0	0	0	0	0	0	0	0	0	0	0	0	0	0	0	0	0	0	0	0	0	0	0	0	0	0	0	0	0	0	0	0	0	0	0	0	0	0	0	0	0	0	0	0	0	0	0	0	0	0	0	0	0	0	0	0	0	0	0	0	0	0	0	0	0	0	0	0	0	0	0	0	0	0	0	0	0	0
Metabacillus	0	0	0	0	0	0	0	0	0	0	0	0	0	0	0	0	0	0	0	0	0	0	0	0	0	0	0	0	0	0	0	0	0	0	0	0	0	0	0	0	0	0	0	0	0	0	0	0	0	0	0	0	0	0	0	0	0	0	0	0	0	0	0	0	0	0	0	0	0	0	0	0	0	0	0	0	0	0	0	0	0
Metallibacterium	0	0	0	0	0	0	0	0	0	0	0	0	0	0	0	0	0	0	0	0	0	0	0	0	0	0	0	0	0	0	0	0	0	0	0	0	0	0	0	0	0	0	0	0	0	0	0	0	0	0	0	0	0	0	0	0	0	0	0	0	0	0	0	0	0	0	0	0	0	0	0	0	0	0	0	0	0	0	0	0	0
Metallumcola	0	0	0	0	0	0	0	0	0	0	0	0	0	0	0	0	0	0	0	0	0	0	0	0	0	0	0	0	0	0	0	0	0	0	0	0	0	0	0	0	0	0	0	0	0	0	0	0	0	0	0	0	0	0	0	0	0	0	0	0	0	0	0	0	0	0	0	0	0	0	0	0	0	0	0	0	0	0	0	0	0
Metalysinibacillus	0	0	0	0	0	0	0	0	0	0	0	0	0	0	0	0	0	0	0	0	0	0	0	0	0	0	0	0	0	0	0	0	0	0	0	0	0	0	0	0	0	0	0	0	0	0	0	0	0	0	0	0	0	0	0	0	0	0	0	0	0	0	0	0	0	0	0	0	0	0	0	0	0	0	0	0	0	0	0	0	0
Metamycoplasma	0	0	0	0	0	0	0	0	0	0	0	0	0	0	0	0	0	0	0	0	0	0	0	0	0	0	0	0	0	0	0	0	0	0	0	0	0	0	0	0	0	0	0	0	0	0	0	0	0	0	0	0	0	0	0	0	0	0	0	0	0	0	0	0	0	0	0	0	0	0	0	0	0	0	0	0	0	0	0	0	0
Metapseudomonas	0	0	0	0	0	0	0	0	0	0	0	0	0	0	0	0	0	0	0	0	0	0	0	0	0	0	0	0	0	0	0	0	0	0	0	0	0	0	0	0	0	0	0	0	0	0	0	0	0	0	0	0	0	0	0	0	0	0	0	0	0	0	0	0	0	0	0	0	0	0	0	0	0	0	0	0	0	0	0	0	0
Metarhizobium	0	0	0	0	0	0	0	0	0	0	0	0	0	0	0	0	0	0	0	0	0	0	0	0	0	0	0	0	0	0	0	0	0	0	0	0	0	0	0	0	0	0	0	0	0	0	0	0	0	0	0	0	0	0	0	0	0	0	0	0	0	0	0	0	0	0	0	0	0	0	0	0	0	0	0	0	0	0	0	0	0
Metasolibacillus	0	0	0	0	0	0	0	0	0	0	0	0	0	0	0	0	0	0	0	0	0	0	0	0	0	0	0	0	0	0	0	0	0	0	0	0	0	0	0	0	0	0	0	0	0	0	0	0	0	0	0	0	0	0	0	0	0	0	0	0	0	0	0	0	0	0	0	0	0	0	0	0	0	0	0	0	0	0	0	0	0
Methanobrevibacter	0	0	0	0	0	0	0	0	0	0	0	0	0	0	0	0	0	0	0	0	0	0	0	0	0	0	0	0	0	0	0	0	0	0	0	0	0	0	0	0	0	0	0	0	0	0	0	0	0	0	0	0	0	0	0	0	0	0	0	0	0	0	0	0	0	0	0	0	0	0	0	0	0	0	0	0	0	0	0	0	0
Methanoculleus	0	0	0	0	0	0	0	0	0	0	0	0	0	0	0	0	0	0	0	0	0	0	0	0	0	0	0	0	0	0	0	0	0	0	0	0	0	0	0	0	0	0	0	0	0	0	0	0	0	0	0	0	0	0	0	0	0	0	0	0	0	0	0	0	0	0	0	0	0	0	0	0	0	0	0	0	0	0	0	0	0
Methylacidimicrobium	0	0	0	0	0	0	0	0	0	0	0	0	0	0	0	0	0	0	0	0	0	0	0	0	0	0	0	0	0	0	0	0	0	0	0	0	0	0	0	0	0	0	0	0	0	0	0	0	0	0	0	0	0	0	0	0	0	0	0	0	0	0	0	0	0	0	0	0	0	0	0	0	0	0	0	0	0	0	0	0	0
Methylacidiphilum	0	0	0	0	0	0	0	0	0	0	0	0	0	0	0	0	0	0	0	0	0	0	0	0	0	0	0	0	0	0	0	0	0	0	0	0	0	0	0	0	0	0	0	0	0	0	0	0	0	0	0	0	0	0	0	0	0	0	0	0	0	0	0	0	0	0	0	0	0	0	0	0	0	0	0	0	0	0	0	0	0
Methylacidiphilum (ex Ratnadevi et al. 2023)	0.002024243953455351	3.078726737140774e-06	1.683365653953889e-06	9.676795045480936e-06	2.658065167783718e-06	3.986994424188298e-06	5.23643827941111e-06	8.156015514553956e-05	1.457426153026507e-05	0	6.24658389943e-05	4.597271366201781e-06	6.747936039947781e-06	2.601118480946807e-06	6.538654344935812e-05	3.064515969588139e-05	0.0001379538058288	1.099503362788746e-05	3.207307529475156e-06	8.556268696784019e-06	5.378867237454128e-06	9.345677935477441e-06	1.21803681089948e-06	4.380311127241781e-05	8.208630554164648e-06	1.249903540052887e-05	4.824962425605111e-06	6.071169896225493e-07	0.0001095749283526	5.085685321525503e-06	2.211900022119e-05	3.767120384924361e-05	1.976474680700515e-06	5.399247344920118e-06	3.133515982498269e-06	4.296455424274973e-05	2.675555347997323e-05	5.895680647487231e-06	1.39960232632568e-05	0.0001060683710418	5.318015746219183e-07	4.360131610572666e-06	1.301358944077353e-05	2.851369512776987e-06	1.005169442848938e-05	1.376246535299347e-05	6.317478567953958e-06	9.22955145944238e-05	5.329780146568954e-05	3.339374818943272e-06	2.074920436681827e-05	6.602182054179817e-07	7.651885477967018e-05	1.212962199246023e-05	3.816855232707637e-05	1.217997422230256e-06	4.477775983652047e-05	3.137947301313022e-06	1.844976845540589e-05	2.499000399840064e-05	1.96678793077414e-05	6.924932005823868e-06	0	2.917823900506276e-05	0	1.742018353700431e-05	6.677463383016628e-05	1.044194214903001e-05	8.44210824272551e-05	1.016353121728613e-05	4.536752229813721e-06	7.10047407498574e-06	0.0001531428056662	6.714473719549861e-06	1.505998391593718e-05	0.0001659277443685	7.19699741267943e-07	6.216109254336254e-06	8.719140780990878e-06	1.736117569881832e-05	3.099525772556799e-05
Methylibium	0	0	0	0	0	0	0	0	0	0	0	0	0	0	0	0	0	0	0	0	0	0	0	0	0	0	0	0	0	0	0	0	0	0	0	0	0	0	0	0	0	0	0	0	0	0	0	0	0	0	0	0	0	0	0	0	0	0	0	0	0	0	0	0	0	0	0	0	0	0	0	0	0	0	0	0	0	0	0	0	0
Methylicorpusculum	0	0	0	0	0	0	0	0	0	0	0	0	0	0	0	0	0	0	0	0	0	0	0	0	0	0	0	0	0	0	0	0	0	0	0	0	0	0	0	0	0	0	0	0	0	0	0	0	0	0	0	0	0	0	0	0	0	0	0	0	0	0	0	0	0	0	0	0	0	0	0	0	0	0	0	0	0	0	0	0	0
Methylobacillus	0	0	0	0	0	0	0	0	0	0	0	0	0	0	0	0	0	0	0	0	0	0	0	0	0	0	0	0	0	0	0	0	0	0	0	0	0	0	0	0	0	0	0	0	0	0	0	0	0	0	0	0	0	0	0	0	0	0	0	0	0	0	0	0	0	0	0	0	0	0	0	0	0	0	0	0	0	0	0	0	0
Methylobacter	0	0	0	0	0	0	0	0	0	0	0	0	0	0	0	0	0	0	0	0	0	0	0	0	0	0	0	0	0	0	0	0	0	0	0	0	0	0	0	0	0	0	0	0	0	0	0	0	0	0	0	0	0	0	0	0	0	0	0	0	0	0	0	0	0	0	0	0	0	0	0	0	0	0	0	0	0	0	0	0	0
Methylobacterium	0.4815105183146402	0.0022400815739436	0.0033044467787114	0.003502999806464	0.0045864914470108	0.003007190544444	0.0032950287873194	0.0123805294764442	0.0124528967964153	0.004697776385844	0.0058093230264698	0.0031813117854116	0.0077258676937371	0.0075354402393029	0.0202916239837841	0.0061349632604077	0.0154440416394339	0.0042855257994235	0.0065621512053061	0.004617176495502	0.0038024108979436	0.005151545359767	0.0009997037125457	0.0145176025931441	0.0033162867438825	0.0037111266413135	0.005492013480945	0.0009428526848837999	0.0164689987675644	0.0038719017581214	0.0089028975890289	0.0060509371182847	0.0027301703589409	0.0031477612020884	0.0057332897426443	0.0067883995703544	0.0061450209374367	0.0023028528609085	0.0048127658661252	0.0132616969259075	0.000274196891875	0.0047999598867891	0.0056316308304947	0.0024768896500989	0.0033184951177484	0.0022827342532165	0.0070166128628075	0.0107813675692333	0.0139284921163668	0.003646597302286	0.0059125351871924	0.0005933711121194	0.008040708030742701	0.0040658492918726	0.0086441726664952	0.0011597771454476	0.0096285752666651	0.0036536166411621	0.0062872710947477	0.0059257546981207	0.0057208150876743	0.0038485309622366	0.0002593666737403	0.0119467924633287	0.0009300469273871	0.003652090242699	0.017721097490075	0.0046427485280124	0.011439056668893	0.0047666961409071	0.0034488390451043	0.0043017038770955	0.009792131162308799	0.0047538473934413	0.0043337613715428	0.0106478402317156	0.0011546382849075	0.0026867405554853	0.0061138615156308	0.0061061735100701	0.0059700310296969
Methylobrevis	0	0	0	0	0	0	0	0	0	0	0	0	0	0	0	0	0	0	0	0	0	0	0	0	0	0	0	0	0	0	0	0	0	0	0	0	0	0	0	0	0	0	0	0	0	0	0	0	0	0	0	0	0	0	0	0	0	0	0	0	0	0	0	0	0	0	0	0	0	0	0	0	0	0	0	0	0	0	0	0	0
Methylocaldum	0	0	0	0	0	0	0	0	0	0	0	0	0	0	0	0	0	0	0	0	0	0	0	0	0	0	0	0	0	0	0	0	0	0	0	0	0	0	0	0	0	0	0	0	0	0	0	0	0	0	0	0	0	0	0	0	0	0	0	0	0	0	0	0	0	0	0	0	0	0	0	0	0	0	0	0	0	0	0	0	0
Methylocapsa	0	0	0	0	0	0	0	0	0	0	0	0	0	0	0	0	0	0	0	0	0	0	0	0	0	0	0	0	0	0	0	0	0	0	0	0	0	0	0	0	0	0	0	0	0	0	0	0	0	0	0	0	0	0	0	0	0	0	0	0	0	0	0	0	0	0	0	0	0	0	0	0	0	0	0	0	0	0	0	0	0
Methyloceanibacter	0	0	0	0	0	0	0	0	0	0	0	0	0	0	0	0	0	0	0	0	0	0	0	0	0	0	0	0	0	0	0	0	0	0	0	0	0	0	0	0	0	0	0	0	0	0	0	0	0	0	0	0	0	0	0	0	0	0	0	0	0	0	0	0	0	0	0	0	0	0	0	0	0	0	0	0	0	0	0	0	0
Methylocella	0	0	0	0	0	0	0	0	0	0	0	0	0	0	0	0	0	0	0	0	0	0	0	0	0	0	0	0	0	0	0	0	0	0	0	0	0	0	0	0	0	0	0	0	0	0	0	0	0	0	0	0	0	0	0	0	0	0	0	0	0	0	0	0	0	0	0	0	0	0	0	0	0	0	0	0	0	0	0	0	0
Methylococcus	0	0	0	0	0	0	0	0	0	0	0	0	0	0	0	0	0	0	0	0	0	0	0	0	0	0	0	0	0	0	0	0	0	0	0	0	0	0	0	0	0	0	0	0	0	0	0	0	0	0	0	0	0	0	0	0	0	0	0	0	0	0	0	0	0	0	0	0	0	0	0	0	0	0	0	0	0	0	0	0	0
Methylocystis	0	0	0	0	0	0	0	0	0	0	0	0	0	0	0	0	0	0	0	0	0	0	0	0	0	0	0	0	0	0	0	0	0	0	0	0	0	0	0	0	0	0	0	0	0	0	0	0	0	0	0	0	0	0	0	0	0	0	0	0	0	0	0	0	0	0	0	0	0	0	0	0	0	0	0	0	0	0	0	0	0
Methyloferula	0	0	0	0	0	0	0	0	0	0	0	0	0	0	0	0	0	0	0	0	0	0	0	0	0	0	0	0	0	0	0	0	0	0	0	0	0	0	0	0	0	0	0	0	0	0	0	0	0	0	0	0	0	0	0	0	0	0	0	0	0	0	0	0	0	0	0	0	0	0	0	0	0	0	0	0	0	0	0	0	0
Methylogaea	0	0	0	0	0	0	0	0	0	0	0	0	0	0	0	0	0	0	0	0	0	0	0	0	0	0	0	0	0	0	0	0	0	0	0	0	0	0	0	0	0	0	0	0	0	0	0	0	0	0	0	0	0	0	0	0	0	0	0	0	0	0	0	0	0	0	0	0	0	0	0	0	0	0	0	0	0	0	0	0	0
Methyloglobulus	0	0	0	0	0	0	0	0	0	0	0	0	0	0	0	0	0	0	0	0	0	0	0	0	0	0	0	0	0	0	0	0	0	0	0	0	0	0	0	0	0	0	0	0	0	0	0	0	0	0	0	0	0	0	0	0	0	0	0	0	0	0	0	0	0	0	0	0	0	0	0	0	0	0	0	0	0	0	0	0	0
Methylohalobius	0	0	0	0	0	0	0	0	0	0	0	0	0	0	0	0	0	0	0	0	0	0	0	0	0	0	0	0	0	0	0	0	0	0	0	0	0	0	0	0	0	0	0	0	0	0	0	0	0	0	0	0	0	0	0	0	0	0	0	0	0	0	0	0	0	0	0	0	0	0	0	0	0	0	0	0	0	0	0	0	0
Methyloligella	0	0	0	0	0	0	0	0	0	0	0	0	0	0	0	0	0	0	0	0	0	0	0	0	0	0	0	0	0	0	0	0	0	0	0	0	0	0	0	0	0	0	0	0	0	0	0	0	0	0	0	0	0	0	0	0	0	0	0	0	0	0	0	0	0	0	0	0	0	0	0	0	0	0	0	0	0	0	0	0	0
Methylomagnum	0	0	0	0	0	0	0	0	0	0	0	0	0	0	0	0	0	0	0	0	0	0	0	0	0	0	0	0	0	0	0	0	0	0	0	0	0	0	0	0	0	0	0	0	0	0	0	0	0	0	0	0	0	0	0	0	0	0	0	0	0	0	0	0	0	0	0	0	0	0	0	0	0	0	0	0	0	0	0	0	0
Methylomarinovum	0	0	0	0	0	0	0	0	0	0	0	0	0	0	0	0	0	0	0	0	0	0	0	0	0	0	0	0	0	0	0	0	0	0	0	0	0	0	0	0	0	0	0	0	0	0	0	0	0	0	0	0	0	0	0	0	0	0	0	0	0	0	0	0	0	0	0	0	0	0	0	0	0	0	0	0	0	0	0	0	0
Methylomarinum	0	0	0	0	0	0	0	0	0	0	0	0	0	0	0	0	0	0	0	0	0	0	0	0	0	0	0	0	0	0	0	0	0	0	0	0	0	0	0	0	0	0	0	0	0	0	0	0	0	0	0	0	0	0	0	0	0	0	0	0	0	0	0	0	0	0	0	0	0	0	0	0	0	0	0	0	0	0	0	0	0
Methylomicrobium	0	0	0	0	0	0	0	0	0	0	0	0	0	0	0	0	0	0	0	0	0	0	0	0	0	0	0	0	0	0	0	0	0	0	0	0	0	0	0	0	0	0	0	0	0	0	0	0	0	0	0	0	0	0	0	0	0	0	0	0	0	0	0	0	0	0	0	0	0	0	0	0	0	0	0	0	0	0	0	0	0
Methylomonas	0.008344103717011945	5.72643173108184e-05	7.406808877397112e-05	7.741436036384749e-05	0.0001049935741274	7.375939684748351e-05	8.247390290072498e-05	0.0002144730005679	0.0001133553674576	0.0001010274491579	3.123291949715e-05	5.516725639442136e-05	7.734172845786303e-05	0.0001040447392378	0.0001844834618749	0.0001037981215505	0.0001356922680284	9.303489992827856e-05	0.0001860238367095	0.0001224615957227	0.000102646716448	8.826473605728693e-05	3.989070555695799e-05	8.447742888252006e-05	8.865320998497821e-05	0.0001619440238851	9.529300790570094e-05	8.196079359904415e-05	0.0001186120358456	8.306619358491654e-05	0.0001105950011059	0.0001488012552045	4.611774254967869e-05	9.178720486364199e-05	6.162581432246595e-05	7.160759040458288e-05	0.0001853430159249	0.000227573272993	0.0001250311411517	0.0001302225545464	5.424376061143567e-06	9.919299414052813e-05	0.0001268824970475	5.892830326405773e-05	7.466973004020678e-05	5.780235448257259e-05	0.0001558311380095	0.0001626903986071	0.0001865423051299	0.0001928488957939	4.643869548764089e-05	1.78258915462855e-05	0.00015481721781	0.0001031017869359	0.000148656466958	1.900075978679199e-05	0.0001397608867624	7.635671766528352e-05	0.0001014737265047	0.0001010012661602	0.0001072216646131	0.000104739596588	1.88630308174766e-05	9.499891769090202e-05	2.233265278776344e-05	7.121780916598822e-05	0.0001237556546985	9.006175103538383e-05	0.0001638762188293	0.0001384781128355	5.534837720372739e-05	9.940663704980037e-05	0.0001261176046663	0.0001074315795127	0.0001631498257559	0.0002374363538662	2.111119241052633e-05	6.906788060373615e-05	0.0001116050019966	0.0001066472221498	0.0001463664948151
Methylomusa	0	0	0	0	0	0	0	0	0	0	0	0	0	0	0	0	0	0	0	0	0	0	0	0	0	0	0	0	0	0	0	0	0	0	0	0	0	0	0	0	0	0	0	0	0	0	0	0	0	0	0	0	0	0	0	0	0	0	0	0	0	0	0	0	0	0	0	0	0	0	0	0	0	0	0	0	0	0	0	0	0
Methylophaga	0.004086894218145218	4.310217431997084e-05	3.366731307907779e-05	2.903038513644281e-05	3.987097751675578e-05	3.289270399955346e-05	4.320061580514166e-05	5.739418325056488e-05	8.096811961258374e-05	1.010274491579362e-05	3.123291949715e-05	3.524574714088032e-05	8.824224052239407e-06	1.300559240473404e-05	2.957962679851915e-05	0.0001186264246292	2.261537800473566e-05	2.875624179601337e-05	4.169499788317704e-05	3.475984158068508e-05	2.779081406017966e-05	3.219066844442229e-05	2.710131904251344e-05	5.631828592168004e-05	2.134243944082809e-05	6.303861332440648e-05	2.774353394722938e-05	1.457080775094118e-05	5.196336808477711e-05	3.051411192915301e-05	0	0.0001120718314514	9.882373403502576e-06	9.58366403723321e-05	3.551318113498038e-05	5.728607232366631e-05	2.967434113233394e-05	5.011328550364147e-05	0.0001184996636289	4.725818511766238e-05	3.616250707429045e-06	2.125564160154174e-05	9.434852344560808e-05	3.136506464054686e-05	2.010338885697875e-05	7.248231752576562e-05	6.10689594902216e-05	0.0001188891374436	4.441483455474128e-05	3.005437337048944e-05	3.359394992722958e-05	5.77690929740734e-06	0.0004973725560678	0.0001807313676876	4.419516585240422e-05	1.412877009787096e-05	3.256564351746943e-05	2.196563110919116e-05	2.869963981952027e-05	3.019625483140077e-05	2.093677474695053e-05	2.683411152256749e-05	9.4315154087383e-06	1.764265614259609e-05	5.763265235551854e-06	0.0001752265520486	3.561313804275535e-05	1.957864152943127e-05	1.241486506283163e-05	4.192456627130531e-05	1.723965847329214e-05	4.023601975825253e-05	3.603360133324325e-05	5.371578975639889e-05	3.714796032597837e-05	5.137511750322483e-05	6.237397757655506e-06	7.873738388825922e-05	0.0001185803146214	0.0001178079779562	0.0001343127834774
Methylophilus	0	0	0	0	0	0	0	0	0	0	0	0	0	0	0	0	0	0	0	0	0	0	0	0	0	0	0	0	0	0	0	0	0	0	0	0	0	0	0	0	0	0	0	0	0	0	0	0	0	0	0	0	0	0	0	0	0	0	0	0	0	0	0	0	0	0	0	0	0	0	0	0	0	0	0	0	0	0	0	0	0
Methylopila	0	0	0	0	0	0	0	0	0	0	0	0	0	0	0	0	0	0	0	0	0	0	0	0	0	0	0	0	0	0	0	0	0	0	0	0	0	0	0	0	0	0	0	0	0	0	0	0	0	0	0	0	0	0	0	0	0	0	0	0	0	0	0	0	0	0	0	0	0	0	0	0	0	0	0	0	0	0	0	0	0
Methyloprofundus	0	0	0	0	0	0	0	0	0	0	0	0	0	0	0	0	0	0	0	0	0	0	0	0	0	0	0	0	0	0	0	0	0	0	0	0	0	0	0	0	0	0	0	0	0	0	0	0	0	0	0	0	0	0	0	0	0	0	0	0	0	0	0	0	0	0	0	0	0	0	0	0	0	0	0	0	0	0	0	0	0
Methyloradius	0	0	0	0	0	0	0	0	0	0	0	0	0	0	0	0	0	0	0	0	0	0	0	0	0	0	0	0	0	0	0	0	0	0	0	0	0	0	0	0	0	0	0	0	0	0	0	0	0	0	0	0	0	0	0	0	0	0	0	0	0	0	0	0	0	0	0	0	0	0	0	0	0	0	0	0	0	0	0	0	0
Methyloraptor	0	0	0	0	0	0	0	0	0	0	0	0	0	0	0	0	0	0	0	0	0	0	0	0	0	0	0	0	0	0	0	0	0	0	0	0	0	0	0	0	0	0	0	0	0	0	0	0	0	0	0	0	0	0	0	0	0	0	0	0	0	0	0	0	0	0	0	0	0	0	0	0	0	0	0	0	0	0	0	0	0
Methylorubrum	0	0	0	0	0	0	0	0	0	0	0	0	0	0	0	0	0	0	0	0	0	0	0	0	0	0	0	0	0	0	0	0	0	0	0	0	0	0	0	0	0	0	0	0	0	0	0	0	0	0	0	0	0	0	0	0	0	0	0	0	0	0	0	0	0	0	0	0	0	0	0	0	0	0	0	0	0	0	0	0	0
Methylosarcina	0	0	0	0	0	0	0	0	0	0	0	0	0	0	0	0	0	0	0	0	0	0	0	0	0	0	0	0	0	0	0	0	0	0	0	0	0	0	0	0	0	0	0	0	0	0	0	0	0	0	0	0	0	0	0	0	0	0	0	0	0	0	0	0	0	0	0	0	0	0	0	0	0	0	0	0	0	0	0	0	0
Methylosinus	0	0	0	0	0	0	0	0	0	0	0	0	0	0	0	0	0	0	0	0	0	0	0	0	0	0	0	0	0	0	0	0	0	0	0	0	0	0	0	0	0	0	0	0	0	0	0	0	0	0	0	0	0	0	0	0	0	0	0	0	0	0	0	0	0	0	0	0	0	0	0	0	0	0	0	0	0	0	0	0	0
Methylotenera	0.00835612255018949	3.81762115405456e-05	3.366731307907779e-05	4.354557770466421e-05	1.196129325502673e-05	3.887319563583591e-05	0.0001125834230073	5.89045564940008e-05	3.724533502178852e-05	0	0.0001405481377371	3.064847577467853e-05	1.609123209526009e-05	2.601118480946807e-05	5.21535525131785e-05	4.547346277453368e-05	2.035384020426209e-05	6.089557086214596e-05	1.924384517685094e-05	3.369030799358708e-05	2.779081406017966e-05	1.453772123296491e-05	5.785674851772533e-05	3.441673028547113e-05	4.761005721415496e-05	4.293146941920786e-05	3.136225576643322e-05	2.549891356414707e-05	1.01667459296303e-05	3.390456881017001e-05	7.741650077416501e-05	2.731162279070161e-05	1.647062233917096e-05	4.184416692313092e-05	3.133515982498269e-05	8.592910848549946e-05	4.961939009013216e-05	3.419494775542594e-05	7.557852562158672e-05	2.625454728759021e-05	1.382684094016988e-06	1.798554289361225e-05	1.626698680096691e-05	1.900913008517992e-05	2.15393452039058e-05	5.504986141197389e-06	3.579904521840576e-05	1.251464604670153e-05	4.441483455474128e-05	0.0041575216495843	2.766560582242436e-05	6.932291156888807e-06	2.402336138431505e-05	9.09721649434517e-05	4.419516585240422e-05	6.333586595597329e-06	2.985183989101365e-05	1.673571894033612e-05	2.459969127387452e-05	2.811375449820072e-05	7.486483091333825e-05	2.769972802329547e-05	4.715757704369149e-06	3.732100337856865e-05	0.000214321425947	1.998197523362259e-05	0.0007808180515874	2.088388429806002e-05	0.0002954737884953	0.0001181510504009	3.08499151627333e-05	6.745450371236452e-05	3.152940116658785e-05	6.714473719549862e-05	3.363396407892637e-05	2.36047837176979e-05	6.957097498923449e-05	8.9788244784857e-06	9.591054859089966e-05	2.604176354822749e-05	6.371247421366754e-05
Methylotetracoccus	0	0	0	0	0	0	0	0	0	0	0	0	0	0	0	0	0	0	0	0	0	0	0	0	0	0	0	0	0	0	0	0	0	0	0	0	0	0	0	0	0	0	0	0	0	0	0	0	0	0	0	0	0	0	0	0	0	0	0	0	0	0	0	0	0	0	0	0	0	0	0	0	0	0	0	0	0	0	0	0	0
Methylotuvimicrobium	0	0	0	0	0	0	0	0	0	0	0	0	0	0	0	0	0	0	0	0	0	0	0	0	0	0	0	0	0	0	0	0	0	0	0	0	0	0	0	0	0	0	0	0	0	0	0	0	0	0	0	0	0	0	0	0	0	0	0	0	0	0	0	0	0	0	0	0	0	0	0	0	0	0	0	0	0	0	0	0	0
Methyloversatilis	0	0	0	0	0	0	0	0	0	0	0	0	0	0	0	0	0	0	0	0	0	0	0	0	0	0	0	0	0	0	0	0	0	0	0	0	0	0	0	0	0	0	0	0	0	0	0	0	0	0	0	0	0	0	0	0	0	0	0	0	0	0	0	0	0	0	0	0	0	0	0	0	0	0	0	0	0	0	0	0	0
Methylovirgula	0	0	0	0	0	0	0	0	0	0	0	0	0	0	0	0	0	0	0	0	0	0	0	0	0	0	0	0	0	0	0	0	0	0	0	0	0	0	0	0	0	0	0	0	0	0	0	0	0	0	0	0	0	0	0	0	0	0	0	0	0	0	0	0	0	0	0	0	0	0	0	0	0	0	0	0	0	0	0	0	0
Methylovorus	0.1161215746772021	0.0009199235490576	0.0011379551820728	0.0012144377782078	0.0007921034199995	0.0013705293333147	0.0024100707180989	0.0026582569084472	0.0017213822229635	0.0012022266449794	0.0011868509408916	0.0011416557226067	0.0010744790463609	0.0013447782546494	0.001791902655005	0.0020255462005439	0.0012574150170633	0.0021507977319782	0.0013791422376743	0.0018492235720924	0.0014222621453701	0.0013104717282858	0.0005039627305096	0.0011983279726668	0.0014250182642029	0.0021286400723422	0.0015403692543744	0.0004577662101754	0.0017520692152062	0.0016579334148173	0.0013934970139349	0.0013797078409785	0.0007273426824977	0.0019882728347668	0.0014382838359667	0.0012316505549588	0.001732300471676	0.0018724681736419	0.0024418395253295	0.0009882211599048	0.0001585832295522	0.0013979671976398	0.0014282414411248	0.0009361996566951	0.0013914417001723	0.0012881667570401	0.0015477822491487	0.0013359384654853	0.0020608483233399	0.0028793759376338	0.0005780135502185	0.0002317365901017	0.0019378844850014	0.0017284711339255	0.0013017485214708	0.0003013325622597	0.0013569018132278	0.0012258914123796	0.0013396581872897	0.00109331267493	0.0017377523039968	0.0013122746151036	0.0005045860743674001	0.0021103331001336	0.0005788479520957	0.0012972913151674	0.0050054265519092	0.0007948928460949	0.0020683165194677	0.0018370582675244	0.0007966536915552	0.0014899161434011	0.0014278314528297	0.0014436118497032	0.0018282820473947	0.0021160994344571	0.0004404562416559	0.0008295052460508	0.0019339054252237	0.0017584390814945	0.0020715163913254
Methylovulum	0	0	0	0	0	0	0	0	0	0	0	0	0	0	0	0	0	0	0	0	0	0	0	0	0	0	0	0	0	0	0	0	0	0	0	0	0	0	0	0	0	0	0	0	0	0	0	0	0	0	0	0	0	0	0	0	0	0	0	0	0	0	0	0	0	0	0	0	0	0	0	0	0	0	0	0	0	0	0	0	0
Micavibrio	0	0	0	0	0	0	0	0	0	0	0	0	0	0	0	0	0	0	0	0	0	0	0	0	0	0	0	0	0	0	0	0	0	0	0	0	0	0	0	0	0	0	0	0	0	0	0	0	0	0	0	0	0	0	0	0	0	0	0	0	0	0	0	0	0	0	0	0	0	0	0	0	0	0	0	0	0	0	0	0	0
Microaceticoccus	0	0	0	0	0	0	0	0	0	0	0	0	0	0	0	0	0	0	0	0	0	0	0	0	0	0	0	0	0	0	0	0	0	0	0	0	0	0	0	0	0	0	0	0	0	0	0	0	0	0	0	0	0	0	0	0	0	0	0	0	0	0	0	0	0	0	0	0	0	0	0	0	0	0	0	0	0	0	0	0	0
Microbacterium	0.1128897253921934	0.0025036205826428	0.0006581959706959001	0.0010934778401393	0.0024440909217771	0.0007306167282325	0.0006100450595513	0.0017550537088725	0.0010784953532396	0.0016972611458533	0.001577262434606	0.001094150585156	0.0037051359579344	0.0017427493822343	0.0015692770427845	0.0011091570702831	0.0019268302060034	0.0014843295397648	0.0021745545049841	0.0010780898557947	0.0014818779239186	0.0013945828297051	0.0004832561047243	0.0025906411523972	0.0008438472209681	0.0007901564118421	0.0018576105338579	0.0001426724925612	0.0016413646484169	0.0024852048937854	0.0024773280247732	0.0015153241748358	0.0023460754459915	0.0008355335266263	0.0007332427399045	0.0025778732545649	0.0007695870110057	0.0008065291125762	0.0011737998176784	0.0018231157636502	3.009996912360058e-05	0.002177885739481	0.0017080336141015	0.0007109414651856999	0.0012076392877656	0.0003101142192874	0.0018425979156532	0.002302694872593	0.001199200532978	0.0008264952676884	0.0043346075979634	0.0002338822992693	0.0017670516929351	0.0009267031202239	0.0030434398302905	0.0001931743911657	0.001131656112232	0.0014821571086535	0.0014626566436591	0.001952344062375	0.0014186251010357	0.0012889029695839	5.65890924524298e-05	0.000845490367449	0.0009556214168699	0.000493913439108	0.0023023893744641	0.0028819760331322	0.001556824078879	0.0008181642629915	0.0017548157624919	0.0008603407754191	0.0017656464653289	0.0005573013187226	0.001063736863929	0.0017259262447704	0.0001410611492885	0.0015519552771659	0.0013549544773659	0.0010528312977354	0.0007972669070521
Microbaculum	0	0	0	0	0	0	0	0	0	0	0	0	0	0	0	0	0	0	0	0	0	0	0	0	0	0	0	0	0	0	0	0	0	0	0	0	0	0	0	0	0	0	0	0	0	0	0	0	0	0	0	0	0	0	0	0	0	0	0	0	0	0	0	0	0	0	0	0	0	0	0	0	0	0	0	0	0	0	0	0	0
Microbispora	0	0	0	0	0	0	0	0	0	0	0	0	0	0	0	0	0	0	0	0	0	0	0	0	0	0	0	0	0	0	0	0	0	0	0	0	0	0	0	0	0	0	0	0	0	0	0	0	0	0	0	0	0	0	0	0	0	0	0	0	0	0	0	0	0	0	0	0	0	0	0	0	0	0	0	0	0	0	0	0	0
Microbulbifer	0.001059926034836616	3.078726737140774e-06	5.050096961861668e-06	1.45151925682214e-05	1.329032583891859e-05	8.970737454423671e-06	3.927328709558332e-06	2.416597189497469e-05	1.94323487070201e-05	0	4.684937924572499e-05	1.072696652113749e-05	8.3051520491665e-06	1.560671088568084e-05	3.269327172467906e-05	2.07596243101132e-05	9.046151201894265e-06	1.353234908047688e-05	9.621922588425469e-06	1.657777060001904e-05	1.075773447490826e-05	1.765294721145738e-05	3.349601229973572e-06	6.257587324631115e-06	1.149208277583051e-05	5.434363217621249e-06	1.08561654576115e-05	4.249818927357845e-06	1.242602280288148e-05	1.356182752406801e-05	2.211900022119e-05	8.476020866079812e-06	8.5647236163689e-06	9.448682853610206e-06	5.222526637497115e-06	4.296455424274973e-05	1.118868600071608e-05	5.306112582738509e-06	6.531477522853174e-06	1.365236458954691e-05	1.988937889085974e-05	1.471544418568274e-05	1.626698680096691e-05	7.603652034071965e-06	1.579551981619759e-05	1.651495842359217e-05	1.263495713590792e-05	6.257323023350765e-06	1.776593382189652e-05	1.586203038998054e-05	4.940286754004349e-06	1.320436410835963e-06	1.601557425621004e-05	1.819443298869034e-05	1.807984057598354e-05	1.851356081789988e-05	8.141410879367358e-06	1.150580677148108e-05	1.229984563693726e-05	5.206250833000133e-06	1.395784983130035e-05	3.462466002911934e-06	0	2.578542051610198e-05	1.440816308887964e-06	6.148300071883875e-06	1.513558366817102e-05	6.526213843143756e-06	4.221054121362755e-05	1.14339726194469e-05	9.073504459627439e-06	1.775118518746435e-05	9.008400333310812e-06	0	1.756998123526004e-05	6.873157611917917e-05	2.159099223803829e-06	5.525430448298892e-06	8.719140780990878e-06	1.488100774184428e-05	1.721958762531555e-05
Microcella	0	0	0	0	0	0	0	0	0	0	0	0	0	0	0	0	0	0	0	0	0	0	0	0	0	0	0	0	0	0	0	0	0	0	0	0	0	0	0	0	0	0	0	0	0	0	0	0	0	0	0	0	0	0	0	0	0	0	0	0	0	0	0	0	0	0	0	0	0	0	0	0	0	0	0	0	0	0	0	0	0
Micrococcus	0	0	0	0	0	0	0	0	0	0	0	0	0	0	0	0	0	0	0	0	0	0	0	0	0	0	0	0	0	0	0	0	0	0	0	0	0	0	0	0	0	0	0	0	0	0	0	0	0	0	0	0	0	0	0	0	0	0	0	0	0	0	0	0	0	0	0	0	0	0	0	0	0	0	0	0	0	0	0	0	0
Microcoleus	0	0	0	0	0	0	0	0	0	0	0	0	0	0	0	0	0	0	0	0	0	0	0	0	0	0	0	0	0	0	0	0	0	0	0	0	0	0	0	0	0	0	0	0	0	0	0	0	0	0	0	0	0	0	0	0	0	0	0	0	0	0	0	0	0	0	0	0	0	0	0	0	0	0	0	0	0	0	0	0	0
Microcystis	0.02131943487809991	0.0001311537590021	0.000215470803706	0.0002467582736597	0.0001501806819797	0.0001395448048465	0.0002919314340771	0.0005180580224985	0.0002882465058207	0.0003434933271369	0.0001873975169828	0.0002237338731551	0.0003389540180066	0.0002210950708804	0.0003168133712367	0.0002342871886427	0.0008345074483747	0.0002757216125147	0.0001603653764737	0.000196794180026	0.0001779508577724	0.000183798332731	0.0002439118713826	0.0005506676845675	0.0001822315983024	0.0001418368799799	0.000201442181269	9.046043145375984e-05	0.000742172452863	0.0002237701541471	0.0003649635036496	0.0003512839758941	0.0001324238036069	0.0002861601092807	0.0001190736073349	0.0002577873254564	0.000213557963231	0.0001892513487843	0.0002817866017002	0.000609105497072	1.372048062524549e-05	9.646791188392022e-05	0.0003058193518581	0.0001625280622282	0.0002096496266513	0.0001422121419809	0.0002884981879365	0.000259678905469	0.0007905840550743	0.0001961882706129	0.0003912707109171	9.523647613154384e-05	0.0004448770626725	0.0002753424192288	0.000478111339676	5.52970829692536e-05	0.0003066598097895	0.0002060585394528	0.0001732228260535	0.00036443755831	0.0002106366429087	0.000235447688198	5.187333474806065e-05	0.0007118133189839	0.0001260714270276	0.0002192893692305	0.0002519629516524	0.0001866497159139	0.0006902664974934	0.0002706040186602	0.0001333805155565	0.0002106473975579	0.0002747562101659	0.0003088657910992	0.0002289117555222	0.0002048062116682	8.924276791722494e-05	0.0001692163074791	0.0001883334408694	0.0001946931846224	0.0002479620618045
Microlunatus	0	0	0	0	0	0	0	0	0	0	0	0	0	0	0	0	0	0	0	0	0	0	0	0	0	0	0	0	0	0	0	0	0	0	0	0	0	0	0	0	0	0	0	0	0	0	0	0	0	0	0	0	0	0	0	0	0	0	0	0	0	0	0	0	0	0	0	0	0	0	0	0	0	0	0	0	0	0	0	0	0
Micromonospora	0.113371109753175	0.0005658699742864	0.0006615627020038	0.000725759628411	0.0010459486435228	0.0006628378230213	0.0009477953285734	0.002532895929242	0.0028160712001256	0.0010203772364951	0.0011400015616459	0.0007922630987754001	0.002072135436267	0.0024788659123423	0.0040703123297225	0.0017784078158996	0.0049256293294314	0.0013033343708134	0.0013598983924974	0.0011411923374335	0.0009906080495643999	0.0015420368593537	0.0002186376075564	0.0027064065179029	0.0007469853804289	0.0009080820936645	0.0012014156439756	0.0002398112109009	0.0046360361439114	0.0008713474184213	0.0023667330236673	0.0012968311925102	0.0005600011595318	0.0006762557299512	0.001761035982164	0.0014894378804153	0.0014632855430501	0.0006096133789501	0.0012913664130898	0.0027598780108714	5.871089383825978e-05	0.0009515987240074	0.0014445084279258	0.0005645711635298	0.00084577828834	0.0004715938127625	0.0013456229349741	0.0028533392986479	0.0036153675327559	0.0007421760535101	0.0020413264867545	0.0001318785865322	0.0021060480146916	0.0009509623642088	0.002611532527642	0.0002784342107218	0.0017436188299978	0.0008430618416194	0.0011797601940095	0.0013598727175796	0.0013995916694476	0.0008993755442563	8.959939638301384e-05	0.0013021637360631	0.0002114397933293	0.0009412022693375	0.0029318515893698	0.0012961060692483	0.0030192951832806	0.0008893089815125	0.000753100870149	0.0007869692099775	0.0019953606738283	0.00074530658287	0.0009949629373795	0.0040371122740709	0.000192639630746	0.0006181575314033999	0.0011073308791858	0.0013640923763357	0.0012794153605609
Micropruina	0	0	0	0	0	0	0	0	0	0	0	0	0	0	0	0	0	0	0	0	0	0	0	0	0	0	0	0	0	0	0	0	0	0	0	0	0	0	0	0	0	0	0	0	0	0	0	0	0	0	0	0	0	0	0	0	0	0	0	0	0	0	0	0	0	0	0	0	0	0	0	0	0	0	0	0	0	0	0	0	0
Microscilla	0	0	0	0	0	0	0	0	0	0	0	0	0	0	0	0	0	0	0	0	0	0	0	0	0	0	0	0	0	0	0	0	0	0	0	0	0	0	0	0	0	0	0	0	0	0	0	0	0	0	0	0	0	0	0	0	0	0	0	0	0	0	0	0	0	0	0	0	0	0	0	0	0	0	0	0	0	0	0	0	0
Microseira	0	0	0	0	0	0	0	0	0	0	0	0	0	0	0	0	0	0	0	0	0	0	0	0	0	0	0	0	0	0	0	0	0	0	0	0	0	0	0	0	0	0	0	0	0	0	0	0	0	0	0	0	0	0	0	0	0	0	0	0	0	0	0	0	0	0	0	0	0	0	0	0	0	0	0	0	0	0	0	0	0
Microterricola	0	0	0	0	0	0	0	0	0	0	0	0	0	0	0	0	0	0	0	0	0	0	0	0	0	0	0	0	0	0	0	0	0	0	0	0	0	0	0	0	0	0	0	0	0	0	0	0	0	0	0	0	0	0	0	0	0	0	0	0	0	0	0	0	0	0	0	0	0	0	0	0	0	0	0	0	0	0	0	0	0
Microtetraspora	0	0	0	0	0	0	0	0	0	0	0	0	0	0	0	0	0	0	0	0	0	0	0	0	0	0	0	0	0	0	0	0	0	0	0	0	0	0	0	0	0	0	0	0	0	0	0	0	0	0	0	0	0	0	0	0	0	0	0	0	0	0	0	0	0	0	0	0	0	0	0	0	0	0	0	0	0	0	0	0	0
Microvenator	0	0	0	0	0	0	0	0	0	0	0	0	0	0	0	0	0	0	0	0	0	0	0	0	0	0	0	0	0	0	0	0	0	0	0	0	0	0	0	0	0	0	0	0	0	0	0	0	0	0	0	0	0	0	0	0	0	0	0	0	0	0	0	0	0	0	0	0	0	0	0	0	0	0	0	0	0	0	0	0	0
Microvirga	0	0	0	0	0	0	0	0	0	0	0	0	0	0	0	0	0	0	0	0	0	0	0	0	0	0	0	0	0	0	0	0	0	0	0	0	0	0	0	0	0	0	0	0	0	0	0	0	0	0	0	0	0	0	0	0	0	0	0	0	0	0	0	0	0	0	0	0	0	0	0	0	0	0	0	0	0	0	0	0	0
Microvirgula	0	0	0	0	0	0	0	0	0	0	0	0	0	0	0	0	0	0	0	0	0	0	0	0	0	0	0	0	0	0	0	0	0	0	0	0	0	0	0	0	0	0	0	0	0	0	0	0	0	0	0	0	0	0	0	0	0	0	0	0	0	0	0	0	0	0	0	0	0	0	0	0	0	0	0	0	0	0	0	0	0
Miltoncostaea	0	0	0	0	0	0	0	0	0	0	0	0	0	0	0	0	0	0	0	0	0	0	0	0	0	0	0	0	0	0	0	0	0	0	0	0	0	0	0	0	0	0	0	0	0	0	0	0	0	0	0	0	0	0	0	0	0	0	0	0	0	0	0	0	0	0	0	0	0	0	0	0	0	0	0	0	0	0	0	0	0
Miniimonas	0	0	0	0	0	0	0	0	0	0	0	0	0	0	0	0	0	0	0	0	0	0	0	0	0	0	0	0	0	0	0	0	0	0	0	0	0	0	0	0	0	0	0	0	0	0	0	0	0	0	0	0	0	0	0	0	0	0	0	0	0	0	0	0	0	0	0	0	0	0	0	0	0	0	0	0	0	0	0	0	0
Miniphocaeibacter	0	0	0	0	0	0	0	0	0	0	0	0	0	0	0	0	0	0	0	0	0	0	0	0	0	0	0	0	0	0	0	0	0	0	0	0	0	0	0	0	0	0	0	0	0	0	0	0	0	0	0	0	0	0	0	0	0	0	0	0	0	0	0	0	0	0	0	0	0	0	0	0	0	0	0	0	0	0	0	0	0
Minisyncoccus	0	0	0	0	0	0	0	0	0	0	0	0	0	0	0	0	0	0	0	0	0	0	0	0	0	0	0	0	0	0	0	0	0	0	0	0	0	0	0	0	0	0	0	0	0	0	0	0	0	0	0	0	0	0	0	0	0	0	0	0	0	0	0	0	0	0	0	0	0	0	0	0	0	0	0	0	0	0	0	0	0
Minwuia	0	0	0	0	0	0	0	0	0	0	0	0	0	0	0	0	0	0	0	0	0	0	0	0	0	0	0	0	0	0	0	0	0	0	0	0	0	0	0	0	0	0	0	0	0	0	0	0	0	0	0	0	0	0	0	0	0	0	0	0	0	0	0	0	0	0	0	0	0	0	0	0	0	0	0	0	0	0	0	0	0
Mitsuaria	0	0	0	0	0	0	0	0	0	0	0	0	0	0	0	0	0	0	0	0	0	0	0	0	0	0	0	0	0	0	0	0	0	0	0	0	0	0	0	0	0	0	0	0	0	0	0	0	0	0	0	0	0	0	0	0	0	0	0	0	0	0	0	0	0	0	0	0	0	0	0	0	0	0	0	0	0	0	0	0	0
Mitsuokella	0	0	0	0	0	0	0	0	0	0	0	0	0	0	0	0	0	0	0	0	0	0	0	0	0	0	0	0	0	0	0	0	0	0	0	0	0	0	0	0	0	0	0	0	0	0	0	0	0	0	0	0	0	0	0	0	0	0	0	0	0	0	0	0	0	0	0	0	0	0	0	0	0	0	0	0	0	0	0	0	0
Mixta	0	0	0	0	0	0	0	0	0	0	0	0	0	0	0	0	0	0	0	0	0	0	0	0	0	0	0	0	0	0	0	0	0	0	0	0	0	0	0	0	0	0	0	0	0	0	0	0	0	0	0	0	0	0	0	0	0	0	0	0	0	0	0	0	0	0	0	0	0	0	0	0	0	0	0	0	0	0	0	0	0
Mizugakiibacter	0	0	0	0	0	0	0	0	0	0	0	0	0	0	0	0	0	0	0	0	0	0	0	0	0	0	0	0	0	0	0	0	0	0	0	0	0	0	0	0	0	0	0	0	0	0	0	0	0	0	0	0	0	0	0	0	0	0	0	0	0	0	0	0	0	0	0	0	0	0	0	0	0	0	0	0	0	0	0	0	0
Mobilibacterium	0	0	0	0	0	0	0	0	0	0	0	0	0	0	0	0	0	0	0	0	0	0	0	0	0	0	0	0	0	0	0	0	0	0	0	0	0	0	0	0	0	0	0	0	0	0	0	0	0	0	0	0	0	0	0	0	0	0	0	0	0	0	0	0	0	0	0	0	0	0	0	0	0	0	0	0	0	0	0	0	0
Mobilicoccus	0	0	0	0	0	0	0	0	0	0	0	0	0	0	0	0	0	0	0	0	0	0	0	0	0	0	0	0	0	0	0	0	0	0	0	0	0	0	0	0	0	0	0	0	0	0	0	0	0	0	0	0	0	0	0	0	0	0	0	0	0	0	0	0	0	0	0	0	0	0	0	0	0	0	0	0	0	0	0	0	0
Mobiluncus	0	0	0	0	0	0	0	0	0	0	0	0	0	0	0	0	0	0	0	0	0	0	0	0	0	0	0	0	0	0	0	0	0	0	0	0	0	0	0	0	0	0	0	0	0	0	0	0	0	0	0	0	0	0	0	0	0	0	0	0	0	0	0	0	0	0	0	0	0	0	0	0	0	0	0	0	0	0	0	0	0
Modestobacter	0	0	0	0	0	0	0	0	0	0	0	0	0	0	0	0	0	0	0	0	0	0	0	0	0	0	0	0	0	0	0	0	0	0	0	0	0	0	0	0	0	0	0	0	0	0	0	0	0	0	0	0	0	0	0	0	0	0	0	0	0	0	0	0	0	0	0	0	0	0	0	0	0	0	0	0	0	0	0	0	0
Modicisalibacter	0	0	0	0	0	0	0	0	0	0	0	0	0	0	0	0	0	0	0	0	0	0	0	0	0	0	0	0	0	0	0	0	0	0	0	0	0	0	0	0	0	0	0	0	0	0	0	0	0	0	0	0	0	0	0	0	0	0	0	0	0	0	0	0	0	0	0	0	0	0	0	0	0	0	0	0	0	0	0	0	0
Moellerella	0	0	0	0	0	0	0	0	0	0	0	0	0	0	0	0	0	0	0	0	0	0	0	0	0	0	0	0	0	0	0	0	0	0	0	0	0	0	0	0	0	0	0	0	0	0	0	0	0	0	0	0	0	0	0	0	0	0	0	0	0	0	0	0	0	0	0	0	0	0	0	0	0	0	0	0	0	0	0	0	0
Mogibacterium	0	0	0	0	0	0	0	0	0	0	0	0	0	0	0	0	0	0	0	0	0	0	0	0	0	0	0	0	0	0	0	0	0	0	0	0	0	0	0	0	0	0	0	0	0	0	0	0	0	0	0	0	0	0	0	0	0	0	0	0	0	0	0	0	0	0	0	0	0	0	0	0	0	0	0	0	0	0	0	0	0
Moheibacter	0	0	0	0	0	0	0	0	0	0	0	0	0	0	0	0	0	0	0	0	0	0	0	0	0	0	0	0	0	0	0	0	0	0	0	0	0	0	0	0	0	0	0	0	0	0	0	0	0	0	0	0	0	0	0	0	0	0	0	0	0	0	0	0	0	0	0	0	0	0	0	0	0	0	0	0	0	0	0	0	0
Mongoliibacter	0	0	0	0	0	0	0	0	0	0	0	0	0	0	0	0	0	0	0	0	0	0	0	0	0	0	0	0	0	0	0	0	0	0	0	0	0	0	0	0	0	0	0	0	0	0	0	0	0	0	0	0	0	0	0	0	0	0	0	0	0	0	0	0	0	0	0	0	0	0	0	0	0	0	0	0	0	0	0	0	0
Mongoliitalea	0	0	0	0	0	0	0	0	0	0	0	0	0	0	0	0	0	0	0	0	0	0	0	0	0	0	0	0	0	0	0	0	0	0	0	0	0	0	0	0	0	0	0	0	0	0	0	0	0	0	0	0	0	0	0	0	0	0	0	0	0	0	0	0	0	0	0	0	0	0	0	0	0	0	0	0	0	0	0	0	0
Monoglobus	0	0	0	0	0	0	0	0	0	0	0	0	0	0	0	0	0	0	0	0	0	0	0	0	0	0	0	0	0	0	0	0	0	0	0	0	0	0	0	0	0	0	0	0	0	0	0	0	0	0	0	0	0	0	0	0	0	0	0	0	0	0	0	0	0	0	0	0	0	0	0	0	0	0	0	0	0	0	0	0	0
Moorea	0	0	0	0	0	0	0	0	0	0	0	0	0	0	0	0	0	0	0	0	0	0	0	0	0	0	0	0	0	0	0	0	0	0	0	0	0	0	0	0	0	0	0	0	0	0	0	0	0	0	0	0	0	0	0	0	0	0	0	0	0	0	0	0	0	0	0	0	0	0	0	0	0	0	0	0	0	0	0	0	0
Moorella	0	0	0	0	0	0	0	0	0	0	0	0	0	0	0	0	0	0	0	0	0	0	0	0	0	0	0	0	0	0	0	0	0	0	0	0	0	0	0	0	0	0	0	0	0	0	0	0	0	0	0	0	0	0	0	0	0	0	0	0	0	0	0	0	0	0	0	0	0	0	0	0	0	0	0	0	0	0	0	0	0
Moorena	0	0	0	0	0	0	0	0	0	0	0	0	0	0	0	0	0	0	0	0	0	0	0	0	0	0	0	0	0	0	0	0	0	0	0	0	0	0	0	0	0	0	0	0	0	0	0	0	0	0	0	0	0	0	0	0	0	0	0	0	0	0	0	0	0	0	0	0	0	0	0	0	0	0	0	0	0	0	0	0	0
Moraxella	0.03445916634749433	0.0001299222683073	0.0014005602240896	0.0015240952196632	8.77161505368627e-05	0.0004794360795086	0.0043606439771796	9.2132767849591e-05	0.0006785128423534	0.0002020548983158	9.369875849145e-05	0.000213006906634	7.059379241791525e-05	6.762908050461698e-05	0.0001377787879825	0.0034698229204046	7.010767181468054e-05	0.0001962190616669	0.0001539507614148	8.556268696784019e-05	0.0001362646366821	0.0001183785871827	0.0001665665338905	6.570466690862672e-05	0.0001247711844233	0.0003733407530505	0.0001495738351937	0.000104424122215	0.0001965570879728	0.0001373135036811	0.0001216545012165	0.0001233731926062	0.0001561414997753	0.0013282148468503	0.0003290191781623	0.0002434658073755	0.0003585244166316	0.0005948741773314	0.0013156261867461	0.0001816814672301	2.47819533773814e-05	7.357722092841372e-05	0.000185443649531	0.0001416180191345	0.0001723147616312	0.0002367144040714	0.0001516194856308	0.000134532445002	6.218076837663779e-05	0.0001936837394987	6.027149839885306e-05	8.698374856381909e-05	0.0002482414009712	0.0017187674363316	0.0002270024427873	0.0001179021504718	0.0002116766828635	0.0002343000651647	8.09739837765036e-05	0.0002676012928162	0.0001408473937522	0.0005756349729841	7.545212326990639e-05	5.224940472999611e-05	4.790714227052479e-05	0.0017010296865545	0.0014895194986382	0.0001527134039295	8.938702845238775e-05	0.0019259891656757	0.0001959876963279	0.0009905161334604999	0.0003558318131657	0.0008325947412241	9.035990349562306e-05	0.0001430172189954	0.0001093943606727	8.495349314259547e-05	0.0004446761798305	0.000333582590213	0.0001584202061529
Morganella	0	0	0	0	0	0	0	0	0	0	0	0	0	0	0	0	0	0	0	0	0	0	0	0	0	0	0	0	0	0	0	0	0	0	0	0	0	0	0	0	0	0	0	0	0	0	0	0	0	0	0	0	0	0	0	0	0	0	0	0	0	0	0	0	0	0	0	0	0	0	0	0	0	0	0	0	0	0	0	0	0
Moritella	0	0	0	0	0	0	0	0	0	0	0	0	0	0	0	0	0	0	0	0	0	0	0	0	0	0	0	0	0	0	0	0	0	0	0	0	0	0	0	0	0	0	0	0	0	0	0	0	0	0	0	0	0	0	0	0	0	0	0	0	0	0	0	0	0	0	0	0	0	0	0	0	0	0	0	0	0	0	0	0	0
Morococcus	0	0	0	0	0	0	0	0	0	0	0	0	0	0	0	0	0	0	0	0	0	0	0	0	0	0	0	0	0	0	0	0	0	0	0	0	0	0	0	0	0	0	0	0	0	0	0	0	0	0	0	0	0	0	0	0	0	0	0	0	0	0	0	0	0	0	0	0	0	0	0	0	0	0	0	0	0	0	0	0	0
Motilibacter	0	0	0	0	0	0	0	0	0	0	0	0	0	0	0	0	0	0	0	0	0	0	0	0	0	0	0	0	0	0	0	0	0	0	0	0	0	0	0	0	0	0	0	0	0	0	0	0	0	0	0	0	0	0	0	0	0	0	0	0	0	0	0	0	0	0	0	0	0	0	0	0	0	0	0	0	0	0	0	0	0
Motilimonas	0	0	0	0	0	0	0	0	0	0	0	0	0	0	0	0	0	0	0	0	0	0	0	0	0	0	0	0	0	0	0	0	0	0	0	0	0	0	0	0	0	0	0	0	0	0	0	0	0	0	0	0	0	0	0	0	0	0	0	0	0	0	0	0	0	0	0	0	0	0	0	0	0	0	0	0	0	0	0	0	0
Motiliproteus	0	0	0	0	0	0	0	0	0	0	0	0	0	0	0	0	0	0	0	0	0	0	0	0	0	0	0	0	0	0	0	0	0	0	0	0	0	0	0	0	0	0	0	0	0	0	0	0	0	0	0	0	0	0	0	0	0	0	0	0	0	0	0	0	0	0	0	0	0	0	0	0	0	0	0	0	0	0	0	0	0
Mucilaginibacter	0	0	0	0	0	0	0	0	0	0	0	0	0	0	0	0	0	0	0	0	0	0	0	0	0	0	0	0	0	0	0	0	0	0	0	0	0	0	0	0	0	0	0	0	0	0	0	0	0	0	0	0	0	0	0	0	0	0	0	0	0	0	0	0	0	0	0	0	0	0	0	0	0	0	0	0	0	0	0	0	0
Mucinivorans	0	0	0	0	0	0	0	0	0	0	0	0	0	0	0	0	0	0	0	0	0	0	0	0	0	0	0	0	0	0	0	0	0	0	0	0	0	0	0	0	0	0	0	0	0	0	0	0	0	0	0	0	0	0	0	0	0	0	0	0	0	0	0	0	0	0	0	0	0	0	0	0	0	0	0	0	0	0	0	0	0
Mucisphaera	0	0	0	0	0	0	0	0	0	0	0	0	0	0	0	0	0	0	0	0	0	0	0	0	0	0	0	0	0	0	0	0	0	0	0	0	0	0	0	0	0	0	0	0	0	0	0	0	0	0	0	0	0	0	0	0	0	0	0	0	0	0	0	0	0	0	0	0	0	0	0	0	0	0	0	0	0	0	0	0	0
Mucispirillum	0	0	0	0	0	0	0	0	0	0	0	0	0	0	0	0	0	0	0	0	0	0	0	0	0	0	0	0	0	0	0	0	0	0	0	0	0	0	0	0	0	0	0	0	0	0	0	0	0	0	0	0	0	0	0	0	0	0	0	0	0	0	0	0	0	0	0	0	0	0	0	0	0	0	0	0	0	0	0	0	0
Mumia	0	0	0	0	0	0	0	0	0	0	0	0	0	0	0	0	0	0	0	0	0	0	0	0	0	0	0	0	0	0	0	0	0	0	0	0	0	0	0	0	0	0	0	0	0	0	0	0	0	0	0	0	0	0	0	0	0	0	0	0	0	0	0	0	0	0	0	0	0	0	0	0	0	0	0	0	0	0	0	0	0
Murdochiella	0	0	0	0	0	0	0	0	0	0	0	0	0	0	0	0	0	0	0	0	0	0	0	0	0	0	0	0	0	0	0	0	0	0	0	0	0	0	0	0	0	0	0	0	0	0	0	0	0	0	0	0	0	0	0	0	0	0	0	0	0	0	0	0	0	0	0	0	0	0	0	0	0	0	0	0	0	0	0	0	0
Muribacter	0	0	0	0	0	0	0	0	0	0	0	0	0	0	0	0	0	0	0	0	0	0	0	0	0	0	0	0	0	0	0	0	0	0	0	0	0	0	0	0	0	0	0	0	0	0	0	0	0	0	0	0	0	0	0	0	0	0	0	0	0	0	0	0	0	0	0	0	0	0	0	0	0	0	0	0	0	0	0	0	0
Muribaculum	0	0	0	0	0	0	0	0	0	0	0	0	0	0	0	0	0	0	0	0	0	0	0	0	0	0	0	0	0	0	0	0	0	0	0	0	0	0	0	0	0	0	0	0	0	0	0	0	0	0	0	0	0	0	0	0	0	0	0	0	0	0	0	0	0	0	0	0	0	0	0	0	0	0	0	0	0	0	0	0	0
Muricauda	0	0	0	0	0	0	0	0	0	0	0	0	0	0	0	0	0	0	0	0	0	0	0	0	0	0	0	0	0	0	0	0	0	0	0	0	0	0	0	0	0	0	0	0	0	0	0	0	0	0	0	0	0	0	0	0	0	0	0	0	0	0	0	0	0	0	0	0	0	0	0	0	0	0	0	0	0	0	0	0	0
Muricoccus	0	0	0	0	0	0	0	0	0	0	0	0	0	0	0	0	0	0	0	0	0	0	0	0	0	0	0	0	0	0	0	0	0	0	0	0	0	0	0	0	0	0	0	0	0	0	0	0	0	0	0	0	0	0	0	0	0	0	0	0	0	0	0	0	0	0	0	0	0	0	0	0	0	0	0	0	0	0	0	0	0
Muricomes	0	0	0	0	0	0	0	0	0	0	0	0	0	0	0	0	0	0	0	0	0	0	0	0	0	0	0	0	0	0	0	0	0	0	0	0	0	0	0	0	0	0	0	0	0	0	0	0	0	0	0	0	0	0	0	0	0	0	0	0	0	0	0	0	0	0	0	0	0	0	0	0	0	0	0	0	0	0	0	0	0
Muriicola	0	0	0	0	0	0	0	0	0	0	0	0	0	0	0	0	0	0	0	0	0	0	0	0	0	0	0	0	0	0	0	0	0	0	0	0	0	0	0	0	0	0	0	0	0	0	0	0	0	0	0	0	0	0	0	0	0	0	0	0	0	0	0	0	0	0	0	0	0	0	0	0	0	0	0	0	0	0	0	0	0
Musicola	0	0	0	0	0	0	0	0	0	0	0	0	0	0	0	0	0	0	0	0	0	0	0	0	0	0	0	0	0	0	0	0	0	0	0	0	0	0	0	0	0	0	0	0	0	0	0	0	0	0	0	0	0	0	0	0	0	0	0	0	0	0	0	0	0	0	0	0	0	0	0	0	0	0	0	0	0	0	0	0	0
Myceligenerans	0	0	0	0	0	0	0	0	0	0	0	0	0	0	0	0	0	0	0	0	0	0	0	0	0	0	0	0	0	0	0	0	0	0	0	0	0	0	0	0	0	0	0	0	0	0	0	0	0	0	0	0	0	0	0	0	0	0	0	0	0	0	0	0	0	0	0	0	0	0	0	0	0	0	0	0	0	0	0	0	0
Mycetocola	0	0	0	0	0	0	0	0	0	0	0	0	0	0	0	0	0	0	0	0	0	0	0	0	0	0	0	0	0	0	0	0	0	0	0	0	0	0	0	0	0	0	0	0	0	0	0	0	0	0	0	0	0	0	0	0	0	0	0	0	0	0	0	0	0	0	0	0	0	0	0	0	0	0	0	0	0	0	0	0	0
Mycetohabitans	0	0	0	0	0	0	0	0	0	0	0	0	0	0	0	0	0	0	0	0	0	0	0	0	0	0	0	0	0	0	0	0	0	0	0	0	0	0	0	0	0	0	0	0	0	0	0	0	0	0	0	0	0	0	0	0	0	0	0	0	0	0	0	0	0	0	0	0	0	0	0	0	0	0	0	0	0	0	0	0	0
Mycoavidus	0	0	0	0	0	0	0	0	0	0	0	0	0	0	0	0	0	0	0	0	0	0	0	0	0	0	0	0	0	0	0	0	0	0	0	0	0	0	0	0	0	0	0	0	0	0	0	0	0	0	0	0	0	0	0	0	0	0	0	0	0	0	0	0	0	0	0	0	0	0	0	0	0	0	0	0	0	0	0	0	0
Mycobacterium	1.382915676057592	0.0069862467119198	0.0075970291962939	0.010755757693052	0.0089882473648606	0.0059665371557977	0.0139629626720497	0.0255721293846135	0.029778455031116	0.0124061707565945	0.0167720777699695	0.009766136805601301	0.1691754281695185	0.0136662764988945	0.034911743734568	0.0191423507210015	0.0456514020403594	0.0152856340582161	0.0122070124571824	0.009833826566572499	0.008828514092408001	0.0123767928125506	0.0023194465971553	0.0501389184386068	0.0074632868998464	0.01100675926097	0.011380880121396	0.0019470241857195	0.0323889932549288	0.0077709271712909	0.0226830347268303	0.0189137696726089	0.0054359641968199	0.0077317221979256	0.0101484137619843	0.02437522377372	0.0132235674590202	0.0065206227961208	0.0141481133827175	0.029407193325884	0.0008427991354608	0.0096358908593655	0.0106874103282352	0.0049775407128043	0.0075861573808156	0.0058325328165986	0.0155936429318996	0.0351943133448363	0.0266222518321119	0.0067630688520648	0.0251737251837045	0.0013448644844364	0.0229245150395139	0.0136700839855026	0.0240502057084083	0.006043459609622	0.0224105903472718	0.0157849209080382	0.0099464751717365	0.0118650456484073	0.0136114413763962	0.0076018441093931	0.002070217632218	0.0109092685694045	0.0025689754787472	0.0078918555006022	0.0520948983289425	0.0150977431047287	0.0266149877216984	0.0175282800256121	0.0112765513424249	0.01283884053992	0.0231966308582753	0.0135968092820884	0.0102945030054707	0.0561175962554481	0.0022660945853389	0.005824494371313	0.0182805505614254	0.0140972746674404	0.015552731543185
Mycobacteroides	0.01441354753388515	7.388944169137858e-05	9.42684766214178e-05	0.0001257983355912	0.0001129677696308	0.0001036618550288	0.0001531658196727	0.0002341078527325	0.0002558592579757	0.0001515411737369	9.369875849144998e-05	0.0001363857171973	0.001203727975126	0.0001482637534139	0.0003463929980352	0.0001581685661722	0.0007078613315482	0.0002165175852876	0.0001026338409432	0.000164708172413	0.0001326787251905	0.0001277242651181	3.16689570833865e-05	0.0004192583507502	8.701148387414527e-05	0.0001646612054939	0.0001399239103425	2.064197764716668e-05	0.0003693917687765	0.0001407039605622	0.0002654280026542	0.0001704621974178	7.049426361165172e-05	8.908758119118196e-05	0.0002538147945823	0.0002005012531328	0.000192153520447	0.0001002265710072	0.0001604877334186	0.0002635956547674	2.318654865351564e-05	0.0001449743760515	0.0001333892917679	7.983834635775563e-05	9.477311889718552e-05	6.147234524337085e-05	0.0001895243570386	0.0002972228436091	0.0003020208749722	0.0001177129623677	0.0002509665671034	1.898127340576697e-05	0.0002197692689602	0.0001528332371049	0.0002932951915659	4.604030256030366e-05	0.0002021783701709	0.0001255178920525	0.0001219734692329	0.0001447337731574	0.0001440196323502	0.0001004115140844	1.88630308174766e-05	9.974886357544712e-05	3.493979549053312e-05	0.0001101570429545	0.0003855122193128	0.0001853444731452	0.0002532632472817	0.0001549938510636	0.0001261217119888	0.0001207080592747	0.0002026890074994	0.00014771842183	0.0001345358563157	0.000592896626321	1.847229335921054e-05	7.597466866410977e-05	0.0002075155505875	0.0001252484818271	0.0001704739174906
Mycolicibacillus	0	0	0	0	0	0	0	0	0	0	0	0	0	0	0	0	0	0	0	0	0	0	0	0	0	0	0	0	0	0	0	0	0	0	0	0	0	0	0	0	0	0	0	0	0	0	0	0	0	0	0	0	0	0	0	0	0	0	0	0	0	0	0	0	0	0	0	0	0	0	0	0	0	0	0	0	0	0	0	0	0
Mycolicibacter	0	0	0	0	0	0	0	0	0	0	0	0	0	0	0	0	0	0	0	0	0	0	0	0	0	0	0	0	0	0	0	0	0	0	0	0	0	0	0	0	0	0	0	0	0	0	0	0	0	0	0	0	0	0	0	0	0	0	0	0	0	0	0	0	0	0	0	0	0	0	0	0	0	0	0	0	0	0	0	0	0
Mycolicibacterium	0	0	0	0	0	0	0	0	0	0	0	0	0	0	0	0	0	0	0	0	0	0	0	0	0	0	0	0	0	0	0	0	0	0	0	0	0	0	0	0	0	0	0	0	0	0	0	0	0	0	0	0	0	0	0	0	0	0	0	0	0	0	0	0	0	0	0	0	0	0	0	0	0	0	0	0	0	0	0	0	0
Mycoplana	0	0	0	0	0	0	0	0	0	0	0	0	0	0	0	0	0	0	0	0	0	0	0	0	0	0	0	0	0	0	0	0	0	0	0	0	0	0	0	0	0	0	0	0	0	0	0	0	0	0	0	0	0	0	0	0	0	0	0	0	0	0	0	0	0	0	0	0	0	0	0	0	0	0	0	0	0	0	0	0	0
Mycoplasma	0.0362939513667451	0.0002518398470981	0.0001414027149321	0.0004451325720921	0.0003840904167447	0.0002043334642396	0.0002578945852609	0.0009802322349899001	0.0002752916066827	0.0004142125415475	0.0006558913094401	0.0005041674264934	0.0002865277456962	0.0003719599427753	0.000390762438233	0.0003825702194292	0.000725953633952	0.0008466175893473	0.0004778888218917	0.0003855668581488	0.00045765195412	0.0003592893961861	0.0001251532823199	0.0006883346057094	0.000421923610484	0.0004314884394791	0.0004475152649748	4.91764761594265e-05	0.000373910322523	0.0004017691404005	0.0009179385091793	0.0006818487896713	0.0001963298182829	0.0004076431745414	0.0001723433790374	0.0008306480486931	0.0002587991718426	0.0004020854201586	0.0004189476296801	0.000465230577936	1.329503936554796e-05	0.0001744052644229	0.0005660911406736	0.0003003442553458	0.0004408385985066	0.0003660815783896	0.0002548049689074	0.0003801323736685	0.001190317566067	0.0001744823342897	0.0013012715310047	7.014818432566055e-05	0.0008221328118187	0.0008357309552805	0.0013318815890974	7.916983244496661e-05	0.0003256564351746	0.0003556340274821	0.0003054461666506	0.0007476176196188	0.0004358655833683	0.0002345820716972	4.715757704369149e-05	0.0013435561216284	9.365306007771764e-05	0.0003033161368796	0.0009642257125076	0.0002466908832708	0.0005785327119279	0.0005551828927441999	0.0003248314596546	0.0003869758370867	0.0005945544219985	0.0006714473719549	0.0004648515035385	0.0002999196048836	5.733607938767946e-05	0.0003487927970488	0.0005981330575759	0.0004017872090297	0.0004167140205326
Mycoplasmoides	0	0	0	0	0	0	0	0	0	0	0	0	0	0	0	0	0	0	0	0	0	0	0	0	0	0	0	0	0	0	0	0	0	0	0	0	0	0	0	0	0	0	0	0	0	0	0	0	0	0	0	0	0	0	0	0	0	0	0	0	0	0	0	0	0	0	0	0	0	0	0	0	0	0	0	0	0	0	0	0	0
Mycoplasmopsis	0	0	0	0	0	0	0	0	0	0	0	0	0	0	0	0	0	0	0	0	0	0	0	0	0	0	0	0	0	0	0	0	0	0	0	0	0	0	0	0	0	0	0	0	0	0	0	0	0	0	0	0	0	0	0	0	0	0	0	0	0	0	0	0	0	0	0	0	0	0	0	0	0	0	0	0	0	0	0	0	0
Mycovorax	0	0	0	0	0	0	0	0	0	0	0	0	0	0	0	0	0	0	0	0	0	0	0	0	0	0	0	0	0	0	0	0	0	0	0	0	0	0	0	0	0	0	0	0	0	0	0	0	0	0	0	0	0	0	0	0	0	0	0	0	0	0	0	0	0	0	0	0	0	0	0	0	0	0	0	0	0	0	0	0	0
Myroides	0.2483600086104935	0.0016594337113188	0.0044828027364792	0.0018337526611186	0.0041239881078164	0.005845930574466	0.0020173378471431	0.0026567465352037	0.0010703985412783	0.00273784387218	0.0035761692824236	0.0027292467677351	0.0014819505687731	0.0029366627649889	0.0024200805188577	0.0015806971081843	0.001189568883049	0.0058138354736998	0.0017736410637997	0.0032733075433134	0.0024451433983593	0.0024153385419911	0.0172997768252053	0.0028190430897463	0.0028385444456301	0.0013873929294587	0.0029492582826511	0.0046996926166681	0.0022242580817157	0.0040566816581368	0.0022008405220084	0.0021453750592144	0.0036452781361053	0.0084363239764376	0.0063589484338164	0.0020909416398138	0.009351309173555001	0.00700347904115	0.0021339270135378	0.0007477295067505	3.392894046087839e-05	0.0018181748816088	0.0035819904935729	0.0022934515447769	0.0070634692705341	0.001958857568576	0.0018994552227648	0.0008431742773965	0.0038552076393515	0.0076054261501433	0.0015986767935958	0.0037592824616499	0.0023667459734177	0.0024004521923078	0.002832508356904	0.0002021875720902	0.001548224968893	0.0039925149497039	0.0019331257392719	0.0021439340930294	0.004408777203532	0.0044925496387782	0.0006554903209073	0.0035644951045022	0.0078164284757172	0.0023158596937429	0.0020103616425135	0.0012438963585031	0.0027983105851622	0.0015639133660599	0.0013065846421863	0.0016496768100883	0.0011665878431637	0.0024574973813552	0.0024989533311178	0.0007720152792376	0.0056777112588628	0.0020823966002026	0.0023088284788063	0.0016108690880546	0.00177533948417
Myxococcus	0.134238005277532	0.0006342177078509	0.0007406808877397	0.0007209212308883	0.0011629035109053	0.0008512233095642	0.0007789201940624001	0.0040447795459213	0.0029440008291135	0.0012628431144742	0.0016709611930975	0.0008075873366627	0.0011461109827849	0.0016256990505917	0.0070088147287859	0.0020383973965454	0.0074675978171637	0.001066518261905	0.0014561176183817	0.0014722129826404	0.0012227958186479	0.0015274991381208	0.0002603553683297	0.0029660963918751	0.0009259335265097	0.0012156670517818	0.0012279529373165	0.0003138794836348	0.0066998855676263	0.0010764700597228	0.0024994470249944	0.0018553067895752	0.0006594837184604	0.0009178720486364001	0.0015113992088916	0.0016040100250626	0.0022542769968399	0.0007864837983747	0.0015031728984737	0.0046880119636721	6.764516029190801e-05	0.0011957660941995	0.0016624860510588	0.0006615177269642	0.0011315336013785	0.0007853780228108	0.001318247194513	0.0032334716723165	0.0048412169664668	0.0010961497843181	0.0015216083202333	0.0001361700048674	0.0028053947572127	0.0012420732920279	0.0026135413988171	0.0003235001153443	0.0023189451988064	0.0009685797336719	0.0014144822482477	0.0015389677462348	0.0014268729213906	0.0010802893929085	8.016788097427554e-05	0.001739837321139	0.000259707139677	0.0012691116065046	0.0030458136311066	0.0009789320764715	0.0032775243765875	0.0011624538829771	0.0007485641179192	0.0008603407754191	0.0025358646938269	0.0010407434265302	0.0012439546714564	0.0024125477476176	0.000223106919793	0.0007866831600765	0.0013410038521163	0.001619549675904	0.0016117534017295
Myxosarcina	0	0	0	0	0	0	0	0	0	0	0	0	0	0	0	0	0	0	0	0	0	0	0	0	0	0	0	0	0	0	0	0	0	0	0	0	0	0	0	0	0	0	0	0	0	0	0	0	0	0	0	0	0	0	0	0	0	0	0	0	0	0	0	0	0	0	0	0	0	0	0	0	0	0	0	0	0	0	0	0	0
Naasia	0	0	0	0	0	0	0	0	0	0	0	0	0	0	0	0	0	0	0	0	0	0	0	0	0	0	0	0	0	0	0	0	0	0	0	0	0	0	0	0	0	0	0	0	0	0	0	0	0	0	0	0	0	0	0	0	0	0	0	0	0	0	0	0	0	0	0	0	0	0	0	0	0	0	0	0	0	0	0	0	0
Nafulsella	0	0	0	0	0	0	0	0	0	0	0	0	0	0	0	0	0	0	0	0	0	0	0	0	0	0	0	0	0	0	0	0	0	0	0	0	0	0	0	0	0	0	0	0	0	0	0	0	0	0	0	0	0	0	0	0	0	0	0	0	0	0	0	0	0	0	0	0	0	0	0	0	0	0	0	0	0	0	0	0	0
Nakamurella	0	0	0	0	0	0	0	0	0	0	0	0	0	0	0	0	0	0	0	0	0	0	0	0	0	0	0	0	0	0	0	0	0	0	0	0	0	0	0	0	0	0	0	0	0	0	0	0	0	0	0	0	0	0	0	0	0	0	0	0	0	0	0	0	0	0	0	0	0	0	0	0	0	0	0	0	0	0	0	0	0
Nanchangia	0	0	0	0	0	0	0	0	0	0	0	0	0	0	0	0	0	0	0	0	0	0	0	0	0	0	0	0	0	0	0	0	0	0	0	0	0	0	0	0	0	0	0	0	0	0	0	0	0	0	0	0	0	0	0	0	0	0	0	0	0	0	0	0	0	0	0	0	0	0	0	0	0	0	0	0	0	0	0	0	0
Nannocystis	0	0	0	0	0	0	0	0	0	0	0	0	0	0	0	0	0	0	0	0	0	0	0	0	0	0	0	0	0	0	0	0	0	0	0	0	0	0	0	0	0	0	0	0	0	0	0	0	0	0	0	0	0	0	0	0	0	0	0	0	0	0	0	0	0	0	0	0	0	0	0	0	0	0	0	0	0	0	0	0	0
Natranaerobius	0	0	0	0	0	0	0	0	0	0	0	0	0	0	0	0	0	0	0	0	0	0	0	0	0	0	0	0	0	0	0	0	0	0	0	0	0	0	0	0	0	0	0	0	0	0	0	0	0	0	0	0	0	0	0	0	0	0	0	0	0	0	0	0	0	0	0	0	0	0	0	0	0	0	0	0	0	0	0	0	0
Natranaerofaba	0	0	0	0	0	0	0	0	0	0	0	0	0	0	0	0	0	0	0	0	0	0	0	0	0	0	0	0	0	0	0	0	0	0	0	0	0	0	0	0	0	0	0	0	0	0	0	0	0	0	0	0	0	0	0	0	0	0	0	0	0	0	0	0	0	0	0	0	0	0	0	0	0	0	0	0	0	0	0	0	0
Natranaerovirga	0	0	0	0	0	0	0	0	0	0	0	0	0	0	0	0	0	0	0	0	0	0	0	0	0	0	0	0	0	0	0	0	0	0	0	0	0	0	0	0	0	0	0	0	0	0	0	0	0	0	0	0	0	0	0	0	0	0	0	0	0	0	0	0	0	0	0	0	0	0	0	0	0	0	0	0	0	0	0	0	0
Natroniella	0	0	0	0	0	0	0	0	0	0	0	0	0	0	0	0	0	0	0	0	0	0	0	0	0	0	0	0	0	0	0	0	0	0	0	0	0	0	0	0	0	0	0	0	0	0	0	0	0	0	0	0	0	0	0	0	0	0	0	0	0	0	0	0	0	0	0	0	0	0	0	0	0	0	0	0	0	0	0	0	0
Natronincola	0	0	0	0	0	0	0	0	0	0	0	0	0	0	0	0	0	0	0	0	0	0	0	0	0	0	0	0	0	0	0	0	0	0	0	0	0	0	0	0	0	0	0	0	0	0	0	0	0	0	0	0	0	0	0	0	0	0	0	0	0	0	0	0	0	0	0	0	0	0	0	0	0	0	0	0	0	0	0	0	0
Natronoglycomyces	0	0	0	0	0	0	0	0	0	0	0	0	0	0	0	0	0	0	0	0	0	0	0	0	0	0	0	0	0	0	0	0	0	0	0	0	0	0	0	0	0	0	0	0	0	0	0	0	0	0	0	0	0	0	0	0	0	0	0	0	0	0	0	0	0	0	0	0	0	0	0	0	0	0	0	0	0	0	0	0	0
Natronospira	0	0	0	0	0	0	0	0	0	0	0	0	0	0	0	0	0	0	0	0	0	0	0	0	0	0	0	0	0	0	0	0	0	0	0	0	0	0	0	0	0	0	0	0	0	0	0	0	0	0	0	0	0	0	0	0	0	0	0	0	0	0	0	0	0	0	0	0	0	0	0	0	0	0	0	0	0	0	0	0	0
Natronospirillum	0	0	0	0	0	0	0	0	0	0	0	0	0	0	0	0	0	0	0	0	0	0	0	0	0	0	0	0	0	0	0	0	0	0	0	0	0	0	0	0	0	0	0	0	0	0	0	0	0	0	0	0	0	0	0	0	0	0	0	0	0	0	0	0	0	0	0	0	0	0	0	0	0	0	0	0	0	0	0	0	0
Natronosporangium	0	0	0	0	0	0	0	0	0	0	0	0	0	0	0	0	0	0	0	0	0	0	0	0	0	0	0	0	0	0	0	0	0	0	0	0	0	0	0	0	0	0	0	0	0	0	0	0	0	0	0	0	0	0	0	0	0	0	0	0	0	0	0	0	0	0	0	0	0	0	0	0	0	0	0	0	0	0	0	0	0
Naumannella	0	0	0	0	0	0	0	0	0	0	0	0	0	0	0	0	0	0	0	0	0	0	0	0	0	0	0	0	0	0	0	0	0	0	0	0	0	0	0	0	0	0	0	0	0	0	0	0	0	0	0	0	0	0	0	0	0	0	0	0	0	0	0	0	0	0	0	0	0	0	0	0	0	0	0	0	0	0	0	0	0
Nautella	0	0	0	0	0	0	0	0	0	0	0	0	0	0	0	0	0	0	0	0	0	0	0	0	0	0	0	0	0	0	0	0	0	0	0	0	0	0	0	0	0	0	0	0	0	0	0	0	0	0	0	0	0	0	0	0	0	0	0	0	0	0	0	0	0	0	0	0	0	0	0	0	0	0	0	0	0	0	0	0	0
Nautilia	0	0	0	0	0	0	0	0	0	0	0	0	0	0	0	0	0	0	0	0	0	0	0	0	0	0	0	0	0	0	0	0	0	0	0	0	0	0	0	0	0	0	0	0	0	0	0	0	0	0	0	0	0	0	0	0	0	0	0	0	0	0	0	0	0	0	0	0	0	0	0	0	0	0	0	0	0	0	0	0	0
Ndongobacter	0	0	0	0	0	0	0	0	0	0	0	0	0	0	0	0	0	0	0	0	0	0	0	0	0	0	0	0	0	0	0	0	0	0	0	0	0	0	0	0	0	0	0	0	0	0	0	0	0	0	0	0	0	0	0	0	0	0	0	0	0	0	0	0	0	0	0	0	0	0	0	0	0	0	0	0	0	0	0	0	0
Necropsobacter	0	0	0	0	0	0	0	0	0	0	0	0	0	0	0	0	0	0	0	0	0	0	0	0	0	0	0	0	0	0	0	0	0	0	0	0	0	0	0	0	0	0	0	0	0	0	0	0	0	0	0	0	0	0	0	0	0	0	0	0	0	0	0	0	0	0	0	0	0	0	0	0	0	0	0	0	0	0	0	0	0
Negativibacillus	0	0	0	0	0	0	0	0	0	0	0	0	0	0	0	0	0	0	0	0	0	0	0	0	0	0	0	0	0	0	0	0	0	0	0	0	0	0	0	0	0	0	0	0	0	0	0	0	0	0	0	0	0	0	0	0	0	0	0	0	0	0	0	0	0	0	0	0	0	0	0	0	0	0	0	0	0	0	0	0	0
Negativicoccus	0	0	0	0	0	0	0	0	0	0	0	0	0	0	0	0	0	0	0	0	0	0	0	0	0	0	0	0	0	0	0	0	0	0	0	0	0	0	0	0	0	0	0	0	0	0	0	0	0	0	0	0	0	0	0	0	0	0	0	0	0	0	0	0	0	0	0	0	0	0	0	0	0	0	0	0	0	0	0	0	0
Neglectibacter	0	0	0	0	0	0	0	0	0	0	0	0	0	0	0	0	0	0	0	0	0	0	0	0	0	0	0	0	0	0	0	0	0	0	0	0	0	0	0	0	0	0	0	0	0	0	0	0	0	0	0	0	0	0	0	0	0	0	0	0	0	0	0	0	0	0	0	0	0	0	0	0	0	0	0	0	0	0	0	0	0
Neiella	0	0	0	0	0	0	0	0	0	0	0	0	0	0	0	0	0	0	0	0	0	0	0	0	0	0	0	0	0	0	0	0	0	0	0	0	0	0	0	0	0	0	0	0	0	0	0	0	0	0	0	0	0	0	0	0	0	0	0	0	0	0	0	0	0	0	0	0	0	0	0	0	0	0	0	0	0	0	0	0	0
Neisseria	1.938927159378983	0.0143628759741091	0.0197930133591898	0.0416344106831817	0.0106774477789871	0.0080487449938301	0.0906911836706908	0.0045960657797754	0.0379853836350475	0.0515644100502106	0.0236745529788397	0.0250229480462362	0.0102610153567452	0.0091013135648328	0.0035876973661677	0.0605113392033642	0.0052218907812934	0.0196844932811886	0.0504669839762915	0.0111739521512063	0.0162961747737401	0.0189312282712988	0.0037947936843573	0.0044147278575272	0.0298055375421718	0.0418663342285541	0.0148982777296621	0.0012057343413903	0.0038961229679216	0.0157961386086582	0.0207918602079186	0.0040628393351409	0.0152287374147974	0.0258367483572789	0.0038813817969878	0.0368922305764411	0.0079634256448574	0.0124640584568527	0.0561641752190144	0.0034729515152024	0.0003441819790953	0.0127522949280224	0.0262484099020402	0.0139165841353602	0.0146381390005743	0.0469281718583273	0.0106617979965169	0.0213406001711377	0.0066089273817455	0.0041842366481359	0.0048197437572066	0.0010454555282793	0.0238124896566082	0.0924143769983552	0.0258300655695551	0.0042520290010058	0.0161498453810383	0.0148205251041014	0.0186557908698245	0.0160165100626416	0.0194857928122148	0.008896806394482201	0.0014901794345806	0.0026599696953452	0.0015387918178923	0.0127879517911791	0.0094339202675258	0.0041676401602316	0.0050900946757609	0.127711121952211	0.0115260727150647	0.1021592541662031	0.1076729049838974	0.0533733515967018	0.0781808945028046	0.0280320691814555	0.0006990683486849	0.0227854938111725	0.0874058986731211	0.0275459854141322	0.0151205198937895
Neoaquamicrobium	0	0	0	0	0	0	0	0	0	0	0	0	0	0	0	0	0	0	0	0	0	0	0	0	0	0	0	0	0	0	0	0	0	0	0	0	0	0	0	0	0	0	0	0	0	0	0	0	0	0	0	0	0	0	0	0	0	0	0	0	0	0	0	0	0	0	0	0	0	0	0	0	0	0	0	0	0	0	0	0	0
Neoasaia	0	0	0	0	0	0	0	0	0	0	0	0	0	0	0	0	0	0	0	0	0	0	0	0	0	0	0	0	0	0	0	0	0	0	0	0	0	0	0	0	0	0	0	0	0	0	0	0	0	0	0	0	0	0	0	0	0	0	0	0	0	0	0	0	0	0	0	0	0	0	0	0	0	0	0	0	0	0	0	0	0
Neobacillus	0	0	0	0	0	0	0	0	0	0	0	0	0	0	0	0	0	0	0	0	0	0	0	0	0	0	0	0	0	0	0	0	0	0	0	0	0	0	0	0	0	0	0	0	0	0	0	0	0	0	0	0	0	0	0	0	0	0	0	0	0	0	0	0	0	0	0	0	0	0	0	0	0	0	0	0	0	0	0	0	0
Neochlamydia	0	0	0	0	0	0	0	0	0	0	0	0	0	0	0	0	0	0	0	0	0	0	0	0	0	0	0	0	0	0	0	0	0	0	0	0	0	0	0	0	0	0	0	0	0	0	0	0	0	0	0	0	0	0	0	0	0	0	0	0	0	0	0	0	0	0	0	0	0	0	0	0	0	0	0	0	0	0	0	0	0
Neokomagataea	0	0	0	0	0	0	0	0	0	0	0	0	0	0	0	0	0	0	0	0	0	0	0	0	0	0	0	0	0	0	0	0	0	0	0	0	0	0	0	0	0	0	0	0	0	0	0	0	0	0	0	0	0	0	0	0	0	0	0	0	0	0	0	0	0	0	0	0	0	0	0	0	0	0	0	0	0	0	0	0	0
Neolewinella	0	0	0	0	0	0	0	0	0	0	0	0	0	0	0	0	0	0	0	0	0	0	0	0	0	0	0	0	0	0	0	0	0	0	0	0	0	0	0	0	0	0	0	0	0	0	0	0	0	0	0	0	0	0	0	0	0	0	0	0	0	0	0	0	0	0	0	0	0	0	0	0	0	0	0	0	0	0	0	0	0
Neomegalonema	0	0	0	0	0	0	0	0	0	0	0	0	0	0	0	0	0	0	0	0	0	0	0	0	0	0	0	0	0	0	0	0	0	0	0	0	0	0	0	0	0	0	0	0	0	0	0	0	0	0	0	0	0	0	0	0	0	0	0	0	0	0	0	0	0	0	0	0	0	0	0	0	0	0	0	0	0	0	0	0	0
Neomicrococcus	0	0	0	0	0	0	0	0	0	0	0	0	0	0	0	0	0	0	0	0	0	0	0	0	0	0	0	0	0	0	0	0	0	0	0	0	0	0	0	0	0	0	0	0	0	0	0	0	0	0	0	0	0	0	0	0	0	0	0	0	0	0	0	0	0	0	0	0	0	0	0	0	0	0	0	0	0	0	0	0	0
Neomoorella	0	0	0	0	0	0	0	0	0	0	0	0	0	0	0	0	0	0	0	0	0	0	0	0	0	0	0	0	0	0	0	0	0	0	0	0	0	0	0	0	0	0	0	0	0	0	0	0	0	0	0	0	0	0	0	0	0	0	0	0	0	0	0	0	0	0	0	0	0	0	0	0	0	0	0	0	0	0	0	0	0
Neopoerus	0	0	0	0	0	0	0	0	0	0	0	0	0	0	0	0	0	0	0	0	0	0	0	0	0	0	0	0	0	0	0	0	0	0	0	0	0	0	0	0	0	0	0	0	0	0	0	0	0	0	0	0	0	0	0	0	0	0	0	0	0	0	0	0	0	0	0	0	0	0	0	0	0	0	0	0	0	0	0	0	0
Neopusillimonas	0	0	0	0	0	0	0	0	0	0	0	0	0	0	0	0	0	0	0	0	0	0	0	0	0	0	0	0	0	0	0	0	0	0	0	0	0	0	0	0	0	0	0	0	0	0	0	0	0	0	0	0	0	0	0	0	0	0	0	0	0	0	0	0	0	0	0	0	0	0	0	0	0	0	0	0	0	0	0	0	0
Neorhizobium	0	0	0	0	0	0	0	0	0	0	0	0	0	0	0	0	0	0	0	0	0	0	0	0	0	0	0	0	0	0	0	0	0	0	0	0	0	0	0	0	0	0	0	0	0	0	0	0	0	0	0	0	0	0	0	0	0	0	0	0	0	0	0	0	0	0	0	0	0	0	0	0	0	0	0	0	0	0	0	0	0
Neorhodopirellula	0	0	0	0	0	0	0	0	0	0	0	0	0	0	0	0	0	0	0	0	0	0	0	0	0	0	0	0	0	0	0	0	0	0	0	0	0	0	0	0	0	0	0	0	0	0	0	0	0	0	0	0	0	0	0	0	0	0	0	0	0	0	0	0	0	0	0	0	0	0	0	0	0	0	0	0	0	0	0	0	0
Neorickettsia	0.002411539689444657	3.263450341369221e-05	3.366731307907778e-06	2.419198761370234e-05	3.056774942951276e-05	1.295773187861197e-05	1.440020526838055e-05	0.0002174937470547	2.59097982760268e-05	0	1.5616459748575e-05	1.225939030987141e-05	1.297680007682266e-05	1.040447392378723e-05	5.448878620779843e-05	2.372528492584365e-05	6.106152061278628e-05	1.014926181035766e-05	3.207307529475156e-06	2.566880609035206e-05	1.568836277590788e-05	1.142249525447242e-05	1.979309817711656e-05	5.631828592168004e-05	1.149208277583051e-05	1.7389962296388e-05	1.326864667041406e-05	4.856935916980394e-06	8.246360587366802e-05	1.18665990835595e-05	0.0001216545012165	4.426366452286125e-05	1.317649787133677e-05	1.619774203476036e-05	1.044505327499423e-05	1.432151808091658e-05	2.724201808870001e-05	1.591833774821553e-05	2.892511474406405e-05	5.460945835818764e-05	1.382684094016988e-06	1.526046063700433e-05	1.301358944077353e-05	9.504565042589956e-06	2.441125789775991e-05	1.83499538039913e-05	1.684660951454389e-05	2.502929209340306e-05	0.000159893404397	2.087109261839545e-05	4.643869548764089e-05	7.097345708243303e-06	6.228278877415015e-05	5.579626116531705e-05	6.830161995371561e-05	3.653992266690767e-06	2.713803626455786e-05	1.568973650656511e-05	3.279958836516602e-05	3.852625616420099e-05	1.776453614892772e-05	1.904356301601564e-05	0	8.753471701518829e-05	1.512857124332362e-05	2.613027530550647e-05	5.252937861306414e-05	3.393631198434753e-05	6.207432531415816e-05	1.14339726194469e-05	1.905435936521763e-05	1.301753580414052e-05	3.603360133324325e-05	1.342894743909972e-05	2.309197533777034e-05	2.221626702842155e-05	3.598498706339715e-06	2.348307940527029e-05	1.743828156198176e-05	3.72025193546107e-05	3.271721648809954e-05
Neoroseomonas	0	0	0	0	0	0	0	0	0	0	0	0	0	0	0	0	0	0	0	0	0	0	0	0	0	0	0	0	0	0	0	0	0	0	0	0	0	0	0	0	0	0	0	0	0	0	0	0	0	0	0	0	0	0	0	0	0	0	0	0	0	0	0	0	0	0	0	0	0	0	0	0	0	0	0	0	0	0	0	0	0
Neosynechococcus	0	0	0	0	0	0	0	0	0	0	0	0	0	0	0	0	0	0	0	0	0	0	0	0	0	0	0	0	0	0	0	0	0	0	0	0	0	0	0	0	0	0	0	0	0	0	0	0	0	0	0	0	0	0	0	0	0	0	0	0	0	0	0	0	0	0	0	0	0	0	0	0	0	0	0	0	0	0	0	0	0
Neotabrizicola	0	0	0	0	0	0	0	0	0	0	0	0	0	0	0	0	0	0	0	0	0	0	0	0	0	0	0	0	0	0	0	0	0	0	0	0	0	0	0	0	0	0	0	0	0	0	0	0	0	0	0	0	0	0	0	0	0	0	0	0	0	0	0	0	0	0	0	0	0	0	0	0	0	0	0	0	0	0	0	0	0
Neotamlana	0	0	0	0	0	0	0	0	0	0	0	0	0	0	0	0	0	0	0	0	0	0	0	0	0	0	0	0	0	0	0	0	0	0	0	0	0	0	0	0	0	0	0	0	0	0	0	0	0	0	0	0	0	0	0	0	0	0	0	0	0	0	0	0	0	0	0	0	0	0	0	0	0	0	0	0	0	0	0	0	0
Neptunicella	0	0	0	0	0	0	0	0	0	0	0	0	0	0	0	0	0	0	0	0	0	0	0	0	0	0	0	0	0	0	0	0	0	0	0	0	0	0	0	0	0	0	0	0	0	0	0	0	0	0	0	0	0	0	0	0	0	0	0	0	0	0	0	0	0	0	0	0	0	0	0	0	0	0	0	0	0	0	0	0	0
Neptunicoccus	0	0	0	0	0	0	0	0	0	0	0	0	0	0	0	0	0	0	0	0	0	0	0	0	0	0	0	0	0	0	0	0	0	0	0	0	0	0	0	0	0	0	0	0	0	0	0	0	0	0	0	0	0	0	0	0	0	0	0	0	0	0	0	0	0	0	0	0	0	0	0	0	0	0	0	0	0	0	0	0	0
Neptuniibacter	0	0	0	0	0	0	0	0	0	0	0	0	0	0	0	0	0	0	0	0	0	0	0	0	0	0	0	0	0	0	0	0	0	0	0	0	0	0	0	0	0	0	0	0	0	0	0	0	0	0	0	0	0	0	0	0	0	0	0	0	0	0	0	0	0	0	0	0	0	0	0	0	0	0	0	0	0	0	0	0	0
Neptunitalea	0	0	0	0	0	0	0	0	0	0	0	0	0	0	0	0	0	0	0	0	0	0	0	0	0	0	0	0	0	0	0	0	0	0	0	0	0	0	0	0	0	0	0	0	0	0	0	0	0	0	0	0	0	0	0	0	0	0	0	0	0	0	0	0	0	0	0	0	0	0	0	0	0	0	0	0	0	0	0	0	0
Neptunomonas	0	0	0	0	0	0	0	0	0	0	0	0	0	0	0	0	0	0	0	0	0	0	0	0	0	0	0	0	0	0	0	0	0	0	0	0	0	0	0	0	0	0	0	0	0	0	0	0	0	0	0	0	0	0	0	0	0	0	0	0	0	0	0	0	0	0	0	0	0	0	0	0	0	0	0	0	0	0	0	0	0
Nereida	0	0	0	0	0	0	0	0	0	0	0	0	0	0	0	0	0	0	0	0	0	0	0	0	0	0	0	0	0	0	0	0	0	0	0	0	0	0	0	0	0	0	0	0	0	0	0	0	0	0	0	0	0	0	0	0	0	0	0	0	0	0	0	0	0	0	0	0	0	0	0	0	0	0	0	0	0	0	0	0	0
Nesiotobacter	0	0	0	0	0	0	0	0	0	0	0	0	0	0	0	0	0	0	0	0	0	0	0	0	0	0	0	0	0	0	0	0	0	0	0	0	0	0	0	0	0	0	0	0	0	0	0	0	0	0	0	0	0	0	0	0	0	0	0	0	0	0	0	0	0	0	0	0	0	0	0	0	0	0	0	0	0	0	0	0	0
Nesterenkonia	0	0	0	0	0	0	0	0	0	0	0	0	0	0	0	0	0	0	0	0	0	0	0	0	0	0	0	0	0	0	0	0	0	0	0	0	0	0	0	0	0	0	0	0	0	0	0	0	0	0	0	0	0	0	0	0	0	0	0	0	0	0	0	0	0	0	0	0	0	0	0	0	0	0	0	0	0	0	0	0	0
Nevskia	0	0	0	0	0	0	0	0	0	0	0	0	0	0	0	0	0	0	0	0	0	0	0	0	0	0	0	0	0	0	0	0	0	0	0	0	0	0	0	0	0	0	0	0	0	0	0	0	0	0	0	0	0	0	0	0	0	0	0	0	0	0	0	0	0	0	0	0	0	0	0	0	0	0	0	0	0	0	0	0	0
Nguyenibacter	0	0	0	0	0	0	0	0	0	0	0	0	0	0	0	0	0	0	0	0	0	0	0	0	0	0	0	0	0	0	0	0	0	0	0	0	0	0	0	0	0	0	0	0	0	0	0	0	0	0	0	0	0	0	0	0	0	0	0	0	0	0	0	0	0	0	0	0	0	0	0	0	0	0	0	0	0	0	0	0	0
Niabella	0.004322017393905518	8.620434863994168e-06	3.535067873303168e-05	2.419198761370234e-05	4.385807526843136e-05	2.292521793908272e-05	1.570931483823333e-05	0.000104215753797	1.29548991380134e-05	1.010274491579362e-05	6.24658389943e-05	1.992150925354105e-05	1.920566411369753e-05	0.0005514371179607	0.0004724956175447	2.07596243101132e-05	4.296921820899776e-05	8.203986630039109e-05	1.282923011790062e-05	4.171180989682209e-05	2.330842469563456e-05	8.411110141929696e-05	2.283819020436526e-05	6.257587324631115e-05	1.805898721916223e-05	6.521235861145499e-06	6.031203032006389e-05	6.678286885848042e-06	6.551902932428418e-05	2.034274128610201e-05	0.0001105950011059	6.404104654371413e-05	1.910592191343831e-05	3.239548406952071e-05	1.566757991249134e-05	0	0.0001629656439234	2.063488226620531e-05	2.052750078610997e-05	2.730472917909382e-05	1.16996346416822e-06	2.725082256607916e-05	7.808153664464117e-05	1.805867358092092e-05	2.297530155083285e-05	6.422483831396955e-06	4.422234997567771e-05	3.128661511675382e-05	0.0002576060404174	0.0001160432749582	2.173726171761914e-05	1.320436410835963e-05	8.986516665984522e-05	3.274997937964261e-05	0.0001044613011056	3.653992266690767e-06	6.513128703493886e-05	4.28852797846113e-05	2.767465268310882e-05	6.872251099560176e-05	5.26591607271786e-05	4.328082503639918e-05	0	6.921349717480004e-05	1.224693862554769e-05	1.998197523362259e-05	7.211660453657959e-05	4.046252582749128e-05	0.0002979567615079	1.90566210324115e-05	1.814700891925488e-05	7.10047407498574e-06	4.504200166655406e-06	1.342894743909972e-05	2.610397212095777e-05	3.401865888727049e-05	6.237397757655506e-06	1.381357612074723e-05	1.39506252495854e-05	1.488100774184428e-05	2.238546391291021e-05
Niallia	0	0	0	0	0	0	0	0	0	0	0	0	0	0	0	0	0	0	0	0	0	0	0	0	0	0	0	0	0	0	0	0	0	0	0	0	0	0	0	0	0	0	0	0	0	0	0	0	0	0	0	0	0	0	0	0	0	0	0	0	0	0	0	0	0	0	0	0	0	0	0	0	0	0	0	0	0	0	0	0	0
Niameybacter	0	0	0	0	0	0	0	0	0	0	0	0	0	0	0	0	0	0	0	0	0	0	0	0	0	0	0	0	0	0	0	0	0	0	0	0	0	0	0	0	0	0	0	0	0	0	0	0	0	0	0	0	0	0	0	0	0	0	0	0	0	0	0	0	0	0	0	0	0	0	0	0	0	0	0	0	0	0	0	0	0
Niastella	0	0	0	0	0	0	0	0	0	0	0	0	0	0	0	0	0	0	0	0	0	0	0	0	0	0	0	0	0	0	0	0	0	0	0	0	0	0	0	0	0	0	0	0	0	0	0	0	0	0	0	0	0	0	0	0	0	0	0	0	0	0	0	0	0	0	0	0	0	0	0	0	0	0	0	0	0	0	0	0	0
Nibrella	0	0	0	0	0	0	0	0	0	0	0	0	0	0	0	0	0	0	0	0	0	0	0	0	0	0	0	0	0	0	0	0	0	0	0	0	0	0	0	0	0	0	0	0	0	0	0	0	0	0	0	0	0	0	0	0	0	0	0	0	0	0	0	0	0	0	0	0	0	0	0	0	0	0	0	0	0	0	0	0	0
Nibribacter	0	0	0	0	0	0	0	0	0	0	0	0	0	0	0	0	0	0	0	0	0	0	0	0	0	0	0	0	0	0	0	0	0	0	0	0	0	0	0	0	0	0	0	0	0	0	0	0	0	0	0	0	0	0	0	0	0	0	0	0	0	0	0	0	0	0	0	0	0	0	0	0	0	0	0	0	0	0	0	0	0
Nibricoccus	0	0	0	0	0	0	0	0	0	0	0	0	0	0	0	0	0	0	0	0	0	0	0	0	0	0	0	0	0	0	0	0	0	0	0	0	0	0	0	0	0	0	0	0	0	0	0	0	0	0	0	0	0	0	0	0	0	0	0	0	0	0	0	0	0	0	0	0	0	0	0	0	0	0	0	0	0	0	0	0	0
Nicoliella	0	0	0	0	0	0	0	0	0	0	0	0	0	0	0	0	0	0	0	0	0	0	0	0	0	0	0	0	0	0	0	0	0	0	0	0	0	0	0	0	0	0	0	0	0	0	0	0	0	0	0	0	0	0	0	0	0	0	0	0	0	0	0	0	0	0	0	0	0	0	0	0	0	0	0	0	0	0	0	0	0
Nigerium	0	0	0	0	0	0	0	0	0	0	0	0	0	0	0	0	0	0	0	0	0	0	0	0	0	0	0	0	0	0	0	0	0	0	0	0	0	0	0	0	0	0	0	0	0	0	0	0	0	0	0	0	0	0	0	0	0	0	0	0	0	0	0	0	0	0	0	0	0	0	0	0	0	0	0	0	0	0	0	0	0
Ningiella	0	0	0	0	0	0	0	0	0	0	0	0	0	0	0	0	0	0	0	0	0	0	0	0	0	0	0	0	0	0	0	0	0	0	0	0	0	0	0	0	0	0	0	0	0	0	0	0	0	0	0	0	0	0	0	0	0	0	0	0	0	0	0	0	0	0	0	0	0	0	0	0	0	0	0	0	0	0	0	0	0
Nioella	0	0	0	0	0	0	0	0	0	0	0	0	0	0	0	0	0	0	0	0	0	0	0	0	0	0	0	0	0	0	0	0	0	0	0	0	0	0	0	0	0	0	0	0	0	0	0	0	0	0	0	0	0	0	0	0	0	0	0	0	0	0	0	0	0	0	0	0	0	0	0	0	0	0	0	0	0	0	0	0	0
Nisaea	0	0	0	0	0	0	0	0	0	0	0	0	0	0	0	0	0	0	0	0	0	0	0	0	0	0	0	0	0	0	0	0	0	0	0	0	0	0	0	0	0	0	0	0	0	0	0	0	0	0	0	0	0	0	0	0	0	0	0	0	0	0	0	0	0	0	0	0	0	0	0	0	0	0	0	0	0	0	0	0	0
Nissabacter	0	0	0	0	0	0	0	0	0	0	0	0	0	0	0	0	0	0	0	0	0	0	0	0	0	0	0	0	0	0	0	0	0	0	0	0	0	0	0	0	0	0	0	0	0	0	0	0	0	0	0	0	0	0	0	0	0	0	0	0	0	0	0	0	0	0	0	0	0	0	0	0	0	0	0	0	0	0	0	0	0
Nitratidesulfovibrio	0	0	0	0	0	0	0	0	0	0	0	0	0	0	0	0	0	0	0	0	0	0	0	0	0	0	0	0	0	0	0	0	0	0	0	0	0	0	0	0	0	0	0	0	0	0	0	0	0	0	0	0	0	0	0	0	0	0	0	0	0	0	0	0	0	0	0	0	0	0	0	0	0	0	0	0	0	0	0	0	0
Nitratifractor	0	0	0	0	0	0	0	0	0	0	0	0	0	0	0	0	0	0	0	0	0	0	0	0	0	0	0	0	0	0	0	0	0	0	0	0	0	0	0	0	0	0	0	0	0	0	0	0	0	0	0	0	0	0	0	0	0	0	0	0	0	0	0	0	0	0	0	0	0	0	0	0	0	0	0	0	0	0	0	0	0
Nitratireductor	0	0	0	0	0	0	0	0	0	0	0	0	0	0	0	0	0	0	0	0	0	0	0	0	0	0	0	0	0	0	0	0	0	0	0	0	0	0	0	0	0	0	0	0	0	0	0	0	0	0	0	0	0	0	0	0	0	0	0	0	0	0	0	0	0	0	0	0	0	0	0	0	0	0	0	0	0	0	0	0	0
Nitratiruptor	0	0	0	0	0	0	0	0	0	0	0	0	0	0	0	0	0	0	0	0	0	0	0	0	0	0	0	0	0	0	0	0	0	0	0	0	0	0	0	0	0	0	0	0	0	0	0	0	0	0	0	0	0	0	0	0	0	0	0	0	0	0	0	0	0	0	0	0	0	0	0	0	0	0	0	0	0	0	0	0	0
Nitriliruptor	0	0	0	0	0	0	0	0	0	0	0	0	0	0	0	0	0	0	0	0	0	0	0	0	0	0	0	0	0	0	0	0	0	0	0	0	0	0	0	0	0	0	0	0	0	0	0	0	0	0	0	0	0	0	0	0	0	0	0	0	0	0	0	0	0	0	0	0	0	0	0	0	0	0	0	0	0	0	0	0	0
Nitrincola	0	0	0	0	0	0	0	0	0	0	0	0	0	0	0	0	0	0	0	0	0	0	0	0	0	0	0	0	0	0	0	0	0	0	0	0	0	0	0	0	0	0	0	0	0	0	0	0	0	0	0	0	0	0	0	0	0	0	0	0	0	0	0	0	0	0	0	0	0	0	0	0	0	0	0	0	0	0	0	0	0
Nitritalea	0	0	0	0	0	0	0	0	0	0	0	0	0	0	0	0	0	0	0	0	0	0	0	0	0	0	0	0	0	0	0	0	0	0	0	0	0	0	0	0	0	0	0	0	0	0	0	0	0	0	0	0	0	0	0	0	0	0	0	0	0	0	0	0	0	0	0	0	0	0	0	0	0	0	0	0	0	0	0	0	0
Nitrobacter	0.006805722800189714	3.14030127188359e-05	6.22845291962939e-05	6.773756531836656e-05	6.645162919459297e-05	4.385693866607128e-05	4.974616365440555e-05	0.000187286282186	0.0002040396614237	7.071921441055535e-05	9.369875849144998e-05	4.59727136620178e-05	8.460873650088372e-05	0.0001274548055663	0.0002677734636497	7.809572954756871e-05	0.0001447384192303	8.37314099354507e-05	0.0001122557635316	5.454621294199812e-05	5.109923875581422e-05	7.68422408028145e-05	1.339840491989429e-05	0.0002534322866475	4.432660499248911e-05	3.967085148863512e-05	9.408676729929964e-05	6.678286885848042e-06	0.000117482397409	5.594253853678053e-05	0.0001548330015483	8.946910914195357e-05	3.689419403974296e-05	3.374529590575074e-05	8.356042619995383e-05	0.0001145721446473	7.637494357010539e-05	3.242624356117977e-05	4.01219333546695e-05	0.0001953338318196	1.318867905062358e-05	6.867207286651948e-05	7.15747419242544e-05	3.231552114480585e-05	3.159103963239517e-05	2.385493994518869e-05	9.686800470862736e-05	0.0001814623676771	0.000168776371308	5.843905933150725e-05	9.682962037848524e-05	9.408109427206241e-06	9.520369141191525e-05	4.124071477436477e-05	0.0001406209822576	1.705196391122358e-05	0.0001221211631905	3.870135004952727e-05	6.252421532109772e-05	0.0001062075169932	0.0001173728281268	5.539945604659094e-05	0	8.278477113064319e-05	7.9244896988838e-06	4.047630880656884e-05	0.0003659249933893	0.0001083351497961	0.0001762910838922	7.24151599231637e-05	6.442188166335484e-05	6.035402963737879e-05	0.0001441344053329	4.028684231729917e-05	7.228792279649846e-05	0.0001388516689276	1.199499568779905e-05	3.453394030186808e-05	9.242289227850333e-05	8.556579451560459e-05	7.060030926379375e-05
Nitrococcus	0	0	0	0	0	0	0	0	0	0	0	0	0	0	0	0	0	0	0	0	0	0	0	0	0	0	0	0	0	0	0	0	0	0	0	0	0	0	0	0	0	0	0	0	0	0	0	0	0	0	0	0	0	0	0	0	0	0	0	0	0	0	0	0	0	0	0	0	0	0	0	0	0	0	0	0	0	0	0	0	0
Nitrogeniibacter	0	0	0	0	0	0	0	0	0	0	0	0	0	0	0	0	0	0	0	0	0	0	0	0	0	0	0	0	0	0	0	0	0	0	0	0	0	0	0	0	0	0	0	0	0	0	0	0	0	0	0	0	0	0	0	0	0	0	0	0	0	0	0	0	0	0	0	0	0	0	0	0	0	0	0	0	0	0	0	0	0
Nitrolancea	0	0	0	0	0	0	0	0	0	0	0	0	0	0	0	0	0	0	0	0	0	0	0	0	0	0	0	0	0	0	0	0	0	0	0	0	0	0	0	0	0	0	0	0	0	0	0	0	0	0	0	0	0	0	0	0	0	0	0	0	0	0	0	0	0	0	0	0	0	0	0	0	0	0	0	0	0	0	0	0	0
Nitrosococcus	0.009424832060133484	7.204220564909412e-05	5.723443223443224e-05	0.0001354751306367	5.714840110734995e-05	4.784393309025957e-05	0.000141383833544	0.0002915020359831	0.0001457426153026	0.0001313356839053	0.00010931521824	6.742664670429278e-05	6.6441216393332e-05	0.0001144492131616	0.000175920938328	0.000142351709555	0.0002691229982563	8.034832266533148e-05	0.0001090484560021	9.518848925172222e-05	6.499464578590405e-05	8.411110141929696e-05	3.806365034060877e-05	0.0002127579690374	8.372803165247942e-05	8.31457572296051e-05	7.840563941608305e-05	1.457080775094118e-05	0.0003264655081847	9.832324954949304e-05	0.0001105950011059	0.0001337327736648	4.28236180818445e-05	7.154002732019157e-05	4.282471842747634e-05	0.0002434658073755	8.756362957082146e-05	5.60089661511287e-05	0.000130629550457	0.0003234560225831	1.063603149243837e-05	6.267689190198206e-05	8.458833136502793e-05	5.417602074276275e-05	6.46180356117174e-05	8.257479211796085e-05	0.0001347728761163	0.0001579974063396	0.0002576060404174	9.851155715882651e-05	8.299681746727308e-05	4.32442924548778e-05	0.0003203114851242	0.0001261480687215	0.0001546830804834	3.361672885355506e-05	0.0001614713157741	5.75290338574054e-05	5.534930536621765e-05	8.954751432760229e-05	7.423038319373369e-05	5.972753855023086e-05	4.715757704369149e-05	0.0001418198128385	3.025714248664724e-05	0.0001127188346512	0.0001184136839921	6.656738120006631e-05	0.000171325137867	0.0001245032574117	5.625572764969014e-05	0.0001147909975456	0.0001891764069995	0.00014771842183	0.0001189738729359	0.0006505200689259	2.159099223803829e-05	6.077973493128782e-05	0.00012381179909	9.920671827896183e-05	0.0001257029896648
Nitrosomonas	0.02295253984296866	0.0002721594435632	0.0001632864684335	0.0001064447455002	0.0001368903561408	0.0001903789837549	0.0002853858862279	0.0004108215222145	0.0002850077810362	0.0002828768576422	0.00021863043648	0.000206877211479	0.0002003617931861	0.0003563532318897	0.0009091843184386	0.0002975546151116	0.0003369691322705	0.000555672084117	0.000256584602358	0.0002823568669938	0.0002147064505617	0.0002741398861073	0.0001671755522959	0.0002096291753751	0.0002232747510732	0.0002744353424898	0.0002870852643235	9.956718629809809e-05	0.0003185580391284	0.0003153124899345	0.0004202610042026	0.0002561641861748	0.0001528473753075	0.000234867259504	0.0001733878843649	0.0001432151808091	0.0003551191643705	0.0004421760485615	0.0003918886513711	0.0002194880153242	2.02084598356329e-05	0.0001863956263519	0.0002765387756164	0.0001606271492197	0.0002527283170591	0.0002046019849145	0.0003158739283976	0.000250292920934	0.0019631356873195	0.0003589827930364	0.0002400979362446	5.908952938490936e-05	0.0003665786996421	0.0002632127972363	0.0004298984314733	5.919467472039042e-05	0.0002483130318207	0.0001432995934266	0.0002049974272822	0.0002738487938158	0.0002404556857301	0.0002380445377001	0.0002452194006271	0.0003318176482203	0.0001008571416221	0.0002054556940687	0.0006668560098505	0.0001396609762432	0.0006853005514683	0.0002833084326818	0.0001415466695701	0.000209463985212	0.0002567394094993	0.0003357236859774	0.0002911596890414	0.0003922559647205	4.774008283744022e-05	0.0001795764895697	0.0002144908632123	0.0002628978034392	0.0002789573195301
Nitrosophilus	0	0	0	0	0	0	0	0	0	0	0	0	0	0	0	0	0	0	0	0	0	0	0	0	0	0	0	0	0	0	0	0	0	0	0	0	0	0	0	0	0	0	0	0	0	0	0	0	0	0	0	0	0	0	0	0	0	0	0	0	0	0	0	0	0	0	0	0	0	0	0	0	0	0	0	0	0	0	0	0	0
Nitrosospira	0.002143474239261289	1.354639764341941e-05	8.416828269769447e-06	9.676795045480936e-06	6.645162919459296e-06	2.990245818141224e-05	1.309109569852778e-05	0.000104215753797	4.858087176755024e-05	2.020548983158724e-05	1.5616459748575e-05	9.19454273240356e-06	1.816752010755172e-05	2.601118480946807e-05	8.718205793247749e-05	1.680541015580592e-05	1.130768900236783e-05	4.313436269402006e-05	3.207307529475156e-05	4.49204106581161e-05	1.792955745818043e-05	1.55761298924624e-05	3.349601229973572e-06	2.19015556362089e-05	2.955106999499273e-05	4.999614160211549e-05	5.066210546885366e-05	9.10675484433824e-06	1.581493811275825e-05	3.899025413169552e-05	2.211900022119e-05	4.238010433039906e-05	1.449414765847045e-05	2.024717754345044e-05	2.924614916998384e-05	5.728607232366631e-05	3.45389872196018e-05	3.537408388492339e-05	3.079125117916496e-05	9.451637023532477e-06	1.063603149243837e-06	1.63504935396475e-05	2.928057624174044e-05	1.235593455536694e-05	3.159103963239517e-05	1.284496766279391e-05	2.737574046113382e-05	6.257323023350765e-06	5.329780146568954e-05	5.092546598888489e-05	8.89251615720783e-06	2.805927373026422e-06	2.936188613638507e-05	1.212962199246023e-05	3.816855232707637e-05	4.871989688921022e-07	6.377438522171098e-05	4.183929735084029e-06	2.767465268310882e-05	1.353625216580035e-05	3.235683369983263e-05	1.904356301601564e-05	0	9.22846628997334e-05	2.881632617775927e-06	2.408084194821184e-05	4.807773635771973e-05	1.305242768628751e-05	6.455729832672449e-05	2.159750383673304e-05	1.088820535155293e-05	1.301753580414052e-05	1.801680066662162e-05	3.357236859774931e-05	4.166595550075952e-05	1.180239185884895e-05	2.39899913755981e-06	6.906788060373616e-06	1.569445340578358e-05	5.456369505342902e-05	6.715639173873064e-05
Nitrosovibrio	0	0	0	0	0	0	0	0	0	0	0	0	0	0	0	0	0	0	0	0	0	0	0	0	0	0	0	0	0	0	0	0	0	0	0	0	0	0	0	0	0	0	0	0	0	0	0	0	0	0	0	0	0	0	0	0	0	0	0	0	0	0	0	0	0	0	0	0	0	0	0	0	0	0	0	0	0	0	0	0	0
Nitrospina	0	0	0	0	0	0	0	0	0	0	0	0	0	0	0	0	0	0	0	0	0	0	0	0	0	0	0	0	0	0	0	0	0	0	0	0	0	0	0	0	0	0	0	0	0	0	0	0	0	0	0	0	0	0	0	0	0	0	0	0	0	0	0	0	0	0	0	0	0	0	0	0	0	0	0	0	0	0	0	0	0
Nitrospira	0.004898404696000618	1.169916160113494e-05	2.188375350140056e-05	9.676795045480936e-06	3.189678201340462e-05	1.694472630280027e-05	1.309109569852778e-05	0.0001072365002839	8.096811961258374e-05	1.010274491579362e-05	1.5616459748575e-05	1.532423788733927e-05	8.3051520491665e-06	9.103914683313824e-05	0.0008546955322307999	3.163371323445821e-05	0.000124384579026	6.597020176732479e-05	3.848769035370188e-05	3.101647402584207e-05	1.344716809363532e-05	2.596021648743733e-05	4.567638040873052e-06	6.257587324631115e-05	1.149208277583051e-05	2.880212505339262e-05	1.447488727681533e-05	2.428467958490197e-06	0.000117482397409	5.085685321525503e-06	0.0001105950011059	6.498282663994522e-05	5.270599148534707e-06	1.889736570722041e-05	1.775659056749019e-05	1.432151808091658e-05	0.0001366965550522	1.179136129497446e-05	2.612591009141269e-05	0.000166978920749	1.701765038790139e-06	2.616078966343599e-05	3.253397360193382e-05	1.520730406814393e-05	2.15393452039058e-05	2.568993532558782e-05	2.737574046113382e-05	9.855283761777457e-05	0.0004086164779036	0.0001502718668524	1.185668820961044e-05	3.301091027089909e-06	9.520369141191525e-05	2.062035738718238e-05	6.428387760349704e-05	5.359188657813125e-06	7.191579610107833e-05	9.413841903939064e-06	3.177460122875458e-05	6.351626016260163e-05	3.172238598022807e-05	1.731233001455967e-05	0	1.492840135142746e-05	2.881632617775927e-06	1.178424180444409e-05	0.0005199518154242	1.957864152943127e-05	0.0002830589234325	2.159750383673304e-05	1.451760713540391e-05	1.656777284163339e-05	9.909240366641894e-05	2.685789487819945e-05	2.811196997641606e-05	4.304401736756675e-05	3.838398620095696e-06	1.312289731470987e-05	2.441359418677446e-05	2.976201548368856e-05	5.165876287594664e-05
Nitrospirillum	0	0	0	0	0	0	0	0	0	0	0	0	0	0	0	0	0	0	0	0	0	0	0	0	0	0	0	0	0	0	0	0	0	0	0	0	0	0	0	0	0	0	0	0	0	0	0	0	0	0	0	0	0	0	0	0	0	0	0	0	0	0	0	0	0	0	0	0	0	0	0	0	0	0	0	0	0	0	0	0	0
Niveibacterium	0	0	0	0	0	0	0	0	0	0	0	0	0	0	0	0	0	0	0	0	0	0	0	0	0	0	0	0	0	0	0	0	0	0	0	0	0	0	0	0	0	0	0	0	0	0	0	0	0	0	0	0	0	0	0	0	0	0	0	0	0	0	0	0	0	0	0	0	0	0	0	0	0	0	0	0	0	0	0	0	0
Niveispirillum	0	0	0	0	0	0	0	0	0	0	0	0	0	0	0	0	0	0	0	0	0	0	0	0	0	0	0	0	0	0	0	0	0	0	0	0	0	0	0	0	0	0	0	0	0	0	0	0	0	0	0	0	0	0	0	0	0	0	0	0	0	0	0	0	0	0	0	0	0	0	0	0	0	0	0	0	0	0	0	0	0
Nocardia	0.02909638248237795	0.0001447001566456	0.0002979557207498	0.0001983742984323	0.000257832321275	0.0001425350506647	0.0002356397225734	0.0006147219100784	0.0005635381125035	0.0006061646949476	0.0003904114937143	0.0001425154123522	0.0015774598173385	0.000338145402523	0.0007776328203084	0.0004211238074337	0.0007395228607548	0.0004034331569617	0.0003367672905948	0.0003123038074326	0.000265357450381	0.0003509821269101	5.054852765232845e-05	0.0007884560029035	0.0001723812416374	0.0002673706703069	0.0003220662419091	4.249818927357845e-05	0.0009387295408358	0.000213598783504	0.0007188675071886	0.0003701195778188	0.0001264943795648	0.0002254185766504	0.0002193461187748	0.0005728607232366	0.0003629025981101	0.0001644894900648	0.0002976487613985	0.0006017542238315	1.191235527153097e-05	0.0002479824853513	0.0003350999280999	0.000135915280109	0.0001881102814474	0.0001467996304319	0.0003306147117229	0.0007023845093711	0.0007994670219853	0.0001536112416713	0.000793410052693	2.855443738432771e-05	0.0005756709190982	0.000276555381428	0.0005906081254821	9.110620718282312e-05	0.0003948584276493	0.0002238402408269	0.0002849464239223	0.0003259113021458	0.0003495806935021	0.0002103448096769	1.88630308174766e-05	0.000411209600862	5.835306050996252e-05	0.000224925310963	0.0007549985265064	0.000446393026871	0.0006480559562797999	0.0002286794523889	0.0002150420556931	0.0002437829432411	0.0004504200166655	0.0001812907904278	0.0002454777378297	0.0010483301004036	4.078298533851677e-05	0.0001595468041946	0.0002650618797421	0.00037698552946	0.0003082306184931
Nocardioides	0.006659163016393477	2.524555924455435e-05	2.188375350140056e-05	3.386878265918328e-05	5.050323818789065e-05	5.282767612049495e-05	3.534595838602499e-05	0.0001465062046132	9.392301875059716e-05	5.05137245789681e-05	6.24658389943e-05	5.056998502821959e-05	7.578451244864431e-05	0.0001196514501235	0.0001229889745833	0.0001235691923221	8.141536081704838e-05	0.0001615424171481	7.376807317792859e-05	9.41189556646242e-05	7.440766345144878e-05	0.0001349931257346	8.221748473571494e-06	0.0002158867626997	3.775970054915738e-05	4.945270528035337e-05	9.891172972490476e-05	4.856935916980394e-06	0.0002790206938465	4.746639633423802e-05	0.0002101305021013	4.991434510024778e-05	2.305887127483934e-05	4.319397875936094e-05	1.984560122248904e-05	0.0002434658073755	7.442908513519825e-05	3.537408388492339e-05	6.904704809873355e-05	8.191418753728146e-05	1.489044408941371e-06	6.758203996387632e-05	9.434852344560808e-05	2.851369512776987e-05	2.871912693854107e-05	1.284496766279391e-05	6.738643805817556e-05	0.0001141961451761	0.0001954252720408	2.504531114207454e-05	0.0002391098788938	6.107018400116331e-06	0.0001183372986708	8.490735394722159e-05	0.0003174016456672	9.987578862288096e-06	6.241748340848308e-05	5.125313925477936e-05	0.0001035237007775	7.809376249500201e-05	0.0001040494260151	5.193699004367901e-05	0	4.207094926311376e-05	1.368775493443565e-05	4.457517552115809e-05	0.0001023877718729	0.0001096403925648	0.0003078886535582	4.827677328210914e-05	7.258803567701953e-05	5.798720494571688e-05	0.0001081008039997	6.714473719549862e-05	4.919594745872812e-05	0.0002443789373126	4.558098361363639e-06	4.351276478035378e-05	5.405867284214344e-05	9.176621440803972e-05	5.682463916354131e-05
Nocardiopsis	0.007815009251133218	4.433366501482715e-05	3.366731307907779e-05	8.225275788658796e-05	0.0001049935741274	3.986994424188298e-05	3.796417752573055e-05	0.0001661410567779	0.0001732717759709	6.061646949476173e-05	0.0001561645974857	7.202391807049456e-05	7.889894446708175e-05	8.583690987124464e-05	0.0001984948640426	0.0001443288166322	0.0001402153436293	0.0001107961080964	9.942653341372985e-05	7.112398354201716e-05	9.547489346481078e-05	0.0001277242651181	1.004880368992072e-05	0.0001752124450896	4.596833110332203e-05	6.086486803735799e-05	8.805556426729327e-05	1.821350968867648e-05	0.0002812799707197	6.102822385830602e-05	0.0002101305021013	9.70033499118023e-05	4.941186701751288e-05	5.399247344920118e-05	6.267031964996537e-05	2.864303616183315e-05	7.978019583119289e-05	5.247155776263636e-05	8.957454888484352e-05	0.0001869323766876	2.339926928336441e-06	7.902738544162956e-05	8.458833136502793e-05	3.231552114480585e-05	4.882251579551982e-05	7.798730366696302e-05	8.002139519408347e-05	0.0001595617370954	0.0003464357095269	4.925577857941326e-05	0.0002094681583697	9.243054875851745e-06	0.0001752815626929	0.0001188702955261	0.0001988782463358	1.997515772457619e-05	9.76969305524083e-05	8.472457713545158e-05	7.789902236726929e-05	0.0001020425163268	0.0001040494260151	7.790548506551851e-05	9.4315154087383e-06	8.821328071298045e-05	1.116632639388172e-05	5.73841340042495e-05	0.0002003239014904	8.223029442361132e-05	0.0001936718949801	5.335853889075221e-05	7.16806852310568e-05	5.562038025405496e-05	6.305880233317569e-05	0.0001007171057932	7.981791475446704e-05	0.0003651798892796	7.436897326435411e-06	4.420344358639114e-05	0.0001691513311512	9.424638236501376e-05	5.682463916354131e-05
Nodosilinea	0	0	0	0	0	0	0	0	0	0	0	0	0	0	0	0	0	0	0	0	0	0	0	0	0	0	0	0	0	0	0	0	0	0	0	0	0	0	0	0	0	0	0	0	0	0	0	0	0	0	0	0	0	0	0	0	0	0	0	0	0	0	0	0	0	0	0	0	0	0	0	0	0	0	0	0	0	0	0	0	0
Nodularia	0	0	0	0	0	0	0	0	0	0	0	0	0	0	0	0	0	0	0	0	0	0	0	0	0	0	0	0	0	0	0	0	0	0	0	0	0	0	0	0	0	0	0	0	0	0	0	0	0	0	0	0	0	0	0	0	0	0	0	0	0	0	0	0	0	0	0	0	0	0	0	0	0	0	0	0	0	0	0	0	0
Nonlabens	0.001737028928929452	1.046767090627863e-05	4.881760396466279e-05	1.45151925682214e-05	1.594839100670231e-05	6.379191078701277e-05	3.010952010661388e-05	1.510373243435918e-05	1.619362392251675e-06	0	0	1.685666167607319e-05	1.090051206453103e-05	1.300559240473404e-05	2.646598187235924e-05	2.669094554157411e-05	4.523075600947132e-06	4.313436269402006e-05	1.282923011790062e-05	1.978637136131305e-05	1.120597341136277e-05	1.453772123296491e-05	7.734533749211702e-05	2.19015556362089e-05	1.970071332999516e-05	8.694981148193998e-06	1.688736848961789e-05	3.581990238773041e-05	4.518553746502357e-06	2.881888348864451e-05	2.211900022119e-05	5.556502567763432e-05	1.515297255203728e-05	7.558946282888165e-05	4.386922375497576e-05	1.432151808091658e-05	5.302464235121967e-05	7.487514422308784e-05	4.478727444242176e-05	7.351273240525259e-06	6.38161889546302e-07	1.035531257511008e-05	2.928057624174044e-05	1.140547805110795e-05	2.010338885697875e-05	1.55974607333926e-05	3.158739283976979e-05	2.033629982588998e-05	3.553186764379303e-05	3.589827930364017e-05	7.904458806406959e-06	2.145709167608441e-05	3.736967326449009e-05	1.57685085901983e-05	1.406209822576498e-05	4.871989688921022e-07	4.206395621006468e-05	1.778170137410712e-05	1.024987136411438e-05	1.145375183260029e-05	2.030232702734596e-05	3.11621940262074e-05	0	1.560696504921962e-05	2.953673433220325e-05	4.252574216386347e-05	2.581952508099763e-05	6.526213843143756e-06	9.931892050265304e-06	1.90566210324115e-05	9.073504459627439e-06	2.130142222495722e-05	1.801680066662162e-05	0	9.53798981342688e-06	4.859808412467213e-06	2.039149266925838e-05	8.28814567244834e-06	3.487656312396352e-06	1.61210917203313e-05	1.549762886278399e-05
Nonomuraea	0	0	0	0	0	0	0	0	0	0	0	0	0	0	0	0	0	0	0	0	0	0	0	0	0	0	0	0	0	0	0	0	0	0	0	0	0	0	0	0	0	0	0	0	0	0	0	0	0	0	0	0	0	0	0	0	0	0	0	0	0	0	0	0	0	0	0	0	0	0	0	0	0	0	0	0	0	0	0	0	0
Nordella	0	0	0	0	0	0	0	0	0	0	0	0	0	0	0	0	0	0	0	0	0	0	0	0	0	0	0	0	0	0	0	0	0	0	0	0	0	0	0	0	0	0	0	0	0	0	0	0	0	0	0	0	0	0	0	0	0	0	0	0	0	0	0	0	0	0	0	0	0	0	0	0	0	0	0	0	0	0	0	0	0
Nosocomiicoccus	0	0	0	0	0	0	0	0	0	0	0	0	0	0	0	0	0	0	0	0	0	0	0	0	0	0	0	0	0	0	0	0	0	0	0	0	0	0	0	0	0	0	0	0	0	0	0	0	0	0	0	0	0	0	0	0	0	0	0	0	0	0	0	0	0	0	0	0	0	0	0	0	0	0	0	0	0	0	0	0	0
Nostoc	0.006984197410589751	5.480133592110578e-05	4.545087265675501e-05	6.289916779562609e-05	5.316130335567437e-05	7.575289405957766e-05	8.771034118013609e-05	0.0002477012119234	0.0001522200648716	9.09247042421426e-05	0.0001873975169828	5.363483260568744e-05	3.218246419052019e-05	7.283131746651059e-05	0.0001074207499525	7.216440831610778e-05	0.0001311691924274	0.0001683085916884	5.13169204716025e-05	8.181931941299719e-05	5.692634492972286e-05	6.230451956984959e-05	9.683392646650872e-05	7.509104789557339e-05	5.253523554665375e-05	7.445077608141111e-05	6.513699274566899e-05	5.039071013867159e-05	0.0001118342052259	8.815187890644204e-05	0.0001105950011059	0.0001186642921251	5.402364127248075e-05	4.319397875936094e-05	5.849229833996768e-05	0.0001145721446473	0.0001230755460078	0.0001308841103742	5.59840930530272e-05	9.031564266931033e-05	1.489044408941371e-06	4.305629965440507e-05	8.133493400483455e-05	5.607693375128074e-05	6.748994830557151e-05	5.046237296097607e-05	7.159809043681152e-05	6.100889947766996e-05	0.0002842549411503	0.000189509520975	0.0001175788247453	4.373945610894129e-05	0.0001459196765565	7.641661855249943e-05	0.0001345943687323	1.826996133345383e-05	4.749156346297626e-05	5.020715682100835e-05	9.942375223190949e-05	0.0001124550179928	0.0001230828576032	5.886192204950288e-05	2.357878852184574e-05	0.0002775325523969	3.746122403108705e-05	8.248969263110865e-05	0.0001014974434218	0.0002297227272786	0.0001489783807539	6.987427711884217e-05	3.9016069176398e-05	2.7218483954112e-05	8.557980316645271e-05	7.385921091504847e-05	6.224793351920701e-05	4.859808412467214e-05	2.039149266925838e-05	5.732634090110101e-05	6.626546993553068e-05	7.564512268770841e-05	6.026855668860442e-05
Nostocoides	0	0	0	0	0	0	0	0	0	0	0	0	0	0	0	0	0	0	0	0	0	0	0	0	0	0	0	0	0	0	0	0	0	0	0	0	0	0	0	0	0	0	0	0	0	0	0	0	0	0	0	0	0	0	0	0	0	0	0	0	0	0	0	0	0	0	0	0	0	0	0	0	0	0	0	0	0	0	0	0	0
Notoacmeibacter	0	0	0	0	0	0	0	0	0	0	0	0	0	0	0	0	0	0	0	0	0	0	0	0	0	0	0	0	0	0	0	0	0	0	0	0	0	0	0	0	0	0	0	0	0	0	0	0	0	0	0	0	0	0	0	0	0	0	0	0	0	0	0	0	0	0	0	0	0	0	0	0	0	0	0	0	0	0	0	0	0
Novacetimonas	0	0	0	0	0	0	0	0	0	0	0	0	0	0	0	0	0	0	0	0	0	0	0	0	0	0	0	0	0	0	0	0	0	0	0	0	0	0	0	0	0	0	0	0	0	0	0	0	0	0	0	0	0	0	0	0	0	0	0	0	0	0	0	0	0	0	0	0	0	0	0	0	0	0	0	0	0	0	0	0	0
Novibacillus	0	0	0	0	0	0	0	0	0	0	0	0	0	0	0	0	0	0	0	0	0	0	0	0	0	0	0	0	0	0	0	0	0	0	0	0	0	0	0	0	0	0	0	0	0	0	0	0	0	0	0	0	0	0	0	0	0	0	0	0	0	0	0	0	0	0	0	0	0	0	0	0	0	0	0	0	0	0	0	0	0
Noviherbaspirillum	0	0	0	0	0	0	0	0	0	0	0	0	0	0	0	0	0	0	0	0	0	0	0	0	0	0	0	0	0	0	0	0	0	0	0	0	0	0	0	0	0	0	0	0	0	0	0	0	0	0	0	0	0	0	0	0	0	0	0	0	0	0	0	0	0	0	0	0	0	0	0	0	0	0	0	0	0	0	0	0	0
Noviluteimonas	0	0	0	0	0	0	0	0	0	0	0	0	0	0	0	0	0	0	0	0	0	0	0	0	0	0	0	0	0	0	0	0	0	0	0	0	0	0	0	0	0	0	0	0	0	0	0	0	0	0	0	0	0	0	0	0	0	0	0	0	0	0	0	0	0	0	0	0	0	0	0	0	0	0	0	0	0	0	0	0	0
Novilysobacter	0	0	0	0	0	0	0	0	0	0	0	0	0	0	0	0	0	0	0	0	0	0	0	0	0	0	0	0	0	0	0	0	0	0	0	0	0	0	0	0	0	0	0	0	0	0	0	0	0	0	0	0	0	0	0	0	0	0	0	0	0	0	0	0	0	0	0	0	0	0	0	0	0	0	0	0	0	0	0	0	0
Novimethylophilus	0	0	0	0	0	0	0	0	0	0	0	0	0	0	0	0	0	0	0	0	0	0	0	0	0	0	0	0	0	0	0	0	0	0	0	0	0	0	0	0	0	0	0	0	0	0	0	0	0	0	0	0	0	0	0	0	0	0	0	0	0	0	0	0	0	0	0	0	0	0	0	0	0	0	0	0	0	0	0	0	0
Novipirellula	0	0	0	0	0	0	0	0	0	0	0	0	0	0	0	0	0	0	0	0	0	0	0	0	0	0	0	0	0	0	0	0	0	0	0	0	0	0	0	0	0	0	0	0	0	0	0	0	0	0	0	0	0	0	0	0	0	0	0	0	0	0	0	0	0	0	0	0	0	0	0	0	0	0	0	0	0	0	0	0	0
Novispirillum	0	0	0	0	0	0	0	0	0	0	0	0	0	0	0	0	0	0	0	0	0	0	0	0	0	0	0	0	0	0	0	0	0	0	0	0	0	0	0	0	0	0	0	0	0	0	0	0	0	0	0	0	0	0	0	0	0	0	0	0	0	0	0	0	0	0	0	0	0	0	0	0	0	0	0	0	0	0	0	0	0
Novisyntrophococcus	0	0	0	0	0	0	0	0	0	0	0	0	0	0	0	0	0	0	0	0	0	0	0	0	0	0	0	0	0	0	0	0	0	0	0	0	0	0	0	0	0	0	0	0	0	0	0	0	0	0	0	0	0	0	0	0	0	0	0	0	0	0	0	0	0	0	0	0	0	0	0	0	0	0	0	0	0	0	0	0	0
Novosphingobium	0.1011045615220358	0.0004716609361299	0.0007339474251238	0.0005322237275014	0.0008306453649324	0.000678785800718	0.0007121556059999	0.0027881490073827	0.0014056065564744	0.0013739733085479	0.0009213711251659	0.0007478228089021	0.0011746599429539	0.0038756665366107	0.0046875924363337	0.0010508324115071	0.0023859223794996	0.0008491549047999	0.0014144226204985	0.0009695321967043	0.0005706081661065	0.0010861754578343	0.000211329386691	0.0020274582931804	0.0006550487182223	0.0006684266757674	0.0008889993269177	0.000163921587198	0.0017147911467976	0.0006560534064767	0.0018801150188011	0.0012403243867363	0.0004671068495388	0.0007950391715394	0.0014529069105516	0.0012030075187969	0.0013732895904357	0.0003555095430434	0.000823899236097	0.0021203172389457	3.499254361012223e-05	0.0008943719966187	0.0010378337579016	0.0005160978818126	0.0006145893164847	0.0006211459362651	0.001271919018348	0.0018068020229925	0.0028247834776815	0.002310012531004	0.0008675143540030999	0.0001270920045429	0.0013702213530313	0.0007338421305438	0.0015046445101568	0.0002017003731213	0.0019620800219275	0.0008169122807751	0.0011274858500525	0.0009412901506064	0.0009662638769577	0.0007098055305969	6.602060786116809e-05	0.0060867163691956	0.0002323316298081	0.0005302908811999	0.0037963605153577	0.0009671848915539	0.0038957846567165	0.0008486548566433	0.000533522062226	0.0011017568939686	0.0019277976713285	0.0010474579002497	0.0008082191368219001	0.0038920122800416	0.0007477680311773	0.0005345853958729	0.0009294604072536	0.0009176621440803	0.0010211215461812
Novosphingopyxis	0	0	0	0	0	0	0	0	0	0	0	0	0	0	0	0	0	0	0	0	0	0	0	0	0	0	0	0	0	0	0	0	0	0	0	0	0	0	0	0	0	0	0	0	0	0	0	0	0	0	0	0	0	0	0	0	0	0	0	0	0	0	0	0	0	0	0	0	0	0	0	0	0	0	0	0	0	0	0	0	0
Obesumbacterium	0	0	0	0	0	0	0	0	0	0	0	0	0	0	0	0	0	0	0	0	0	0	0	0	0	0	0	0	0	0	0	0	0	0	0	0	0	0	0	0	0	0	0	0	0	0	0	0	0	0	0	0	0	0	0	0	0	0	0	0	0	0	0	0	0	0	0	0	0	0	0	0	0	0	0	0	0	0	0	0	0
Oblitimonas	0	0	0	0	0	0	0	0	0	0	0	0	0	0	0	0	0	0	0	0	0	0	0	0	0	0	0	0	0	0	0	0	0	0	0	0	0	0	0	0	0	0	0	0	0	0	0	0	0	0	0	0	0	0	0	0	0	0	0	0	0	0	0	0	0	0	0	0	0	0	0	0	0	0	0	0	0	0	0	0	0
Occallatibacter	0	0	0	0	0	0	0	0	0	0	0	0	0	0	0	0	0	0	0	0	0	0	0	0	0	0	0	0	0	0	0	0	0	0	0	0	0	0	0	0	0	0	0	0	0	0	0	0	0	0	0	0	0	0	0	0	0	0	0	0	0	0	0	0	0	0	0	0	0	0	0	0	0	0	0	0	0	0	0	0	0
Occultella	0	0	0	0	0	0	0	0	0	0	0	0	0	0	0	0	0	0	0	0	0	0	0	0	0	0	0	0	0	0	0	0	0	0	0	0	0	0	0	0	0	0	0	0	0	0	0	0	0	0	0	0	0	0	0	0	0	0	0	0	0	0	0	0	0	0	0	0	0	0	0	0	0	0	0	0	0	0	0	0	0
Oceanibaculum	0	0	0	0	0	0	0	0	0	0	0	0	0	0	0	0	0	0	0	0	0	0	0	0	0	0	0	0	0	0	0	0	0	0	0	0	0	0	0	0	0	0	0	0	0	0	0	0	0	0	0	0	0	0	0	0	0	0	0	0	0	0	0	0	0	0	0	0	0	0	0	0	0	0	0	0	0	0	0	0	0
Oceanibulbus	0	0	0	0	0	0	0	0	0	0	0	0	0	0	0	0	0	0	0	0	0	0	0	0	0	0	0	0	0	0	0	0	0	0	0	0	0	0	0	0	0	0	0	0	0	0	0	0	0	0	0	0	0	0	0	0	0	0	0	0	0	0	0	0	0	0	0	0	0	0	0	0	0	0	0	0	0	0	0	0	0
Oceanicaulis	0	0	0	0	0	0	0	0	0	0	0	0	0	0	0	0	0	0	0	0	0	0	0	0	0	0	0	0	0	0	0	0	0	0	0	0	0	0	0	0	0	0	0	0	0	0	0	0	0	0	0	0	0	0	0	0	0	0	0	0	0	0	0	0	0	0	0	0	0	0	0	0	0	0	0	0	0	0	0	0	0
Oceanicoccus	0	0	0	0	0	0	0	0	0	0	0	0	0	0	0	0	0	0	0	0	0	0	0	0	0	0	0	0	0	0	0	0	0	0	0	0	0	0	0	0	0	0	0	0	0	0	0	0	0	0	0	0	0	0	0	0	0	0	0	0	0	0	0	0	0	0	0	0	0	0	0	0	0	0	0	0	0	0	0	0	0
Oceanicola	0	0	0	0	0	0	0	0	0	0	0	0	0	0	0	0	0	0	0	0	0	0	0	0	0	0	0	0	0	0	0	0	0	0	0	0	0	0	0	0	0	0	0	0	0	0	0	0	0	0	0	0	0	0	0	0	0	0	0	0	0	0	0	0	0	0	0	0	0	0	0	0	0	0	0	0	0	0	0	0	0
Oceanidesulfovibrio	0	0	0	0	0	0	0	0	0	0	0	0	0	0	0	0	0	0	0	0	0	0	0	0	0	0	0	0	0	0	0	0	0	0	0	0	0	0	0	0	0	0	0	0	0	0	0	0	0	0	0	0	0	0	0	0	0	0	0	0	0	0	0	0	0	0	0	0	0	0	0	0	0	0	0	0	0	0	0	0	0
Oceaniferula	0	0	0	0	0	0	0	0	0	0	0	0	0	0	0	0	0	0	0	0	0	0	0	0	0	0	0	0	0	0	0	0	0	0	0	0	0	0	0	0	0	0	0	0	0	0	0	0	0	0	0	0	0	0	0	0	0	0	0	0	0	0	0	0	0	0	0	0	0	0	0	0	0	0	0	0	0	0	0	0	0
Oceaniglobus	0	0	0	0	0	0	0	0	0	0	0	0	0	0	0	0	0	0	0	0	0	0	0	0	0	0	0	0	0	0	0	0	0	0	0	0	0	0	0	0	0	0	0	0	0	0	0	0	0	0	0	0	0	0	0	0	0	0	0	0	0	0	0	0	0	0	0	0	0	0	0	0	0	0	0	0	0	0	0	0	0
Oceanihabitans	0	0	0	0	0	0	0	0	0	0	0	0	0	0	0	0	0	0	0	0	0	0	0	0	0	0	0	0	0	0	0	0	0	0	0	0	0	0	0	0	0	0	0	0	0	0	0	0	0	0	0	0	0	0	0	0	0	0	0	0	0	0	0	0	0	0	0	0	0	0	0	0	0	0	0	0	0	0	0	0	0
Oceanimonas	0	0	0	0	0	0	0	0	0	0	0	0	0	0	0	0	0	0	0	0	0	0	0	0	0	0	0	0	0	0	0	0	0	0	0	0	0	0	0	0	0	0	0	0	0	0	0	0	0	0	0	0	0	0	0	0	0	0	0	0	0	0	0	0	0	0	0	0	0	0	0	0	0	0	0	0	0	0	0	0	0
Oceaniovalibus	0	0	0	0	0	0	0	0	0	0	0	0	0	0	0	0	0	0	0	0	0	0	0	0	0	0	0	0	0	0	0	0	0	0	0	0	0	0	0	0	0	0	0	0	0	0	0	0	0	0	0	0	0	0	0	0	0	0	0	0	0	0	0	0	0	0	0	0	0	0	0	0	0	0	0	0	0	0	0	0	0
Oceaniradius	0	0	0	0	0	0	0	0	0	0	0	0	0	0	0	0	0	0	0	0	0	0	0	0	0	0	0	0	0	0	0	0	0	0	0	0	0	0	0	0	0	0	0	0	0	0	0	0	0	0	0	0	0	0	0	0	0	0	0	0	0	0	0	0	0	0	0	0	0	0	0	0	0	0	0	0	0	0	0	0	0
Oceanirhabdus	0	0	0	0	0	0	0	0	0	0	0	0	0	0	0	0	0	0	0	0	0	0	0	0	0	0	0	0	0	0	0	0	0	0	0	0	0	0	0	0	0	0	0	0	0	0	0	0	0	0	0	0	0	0	0	0	0	0	0	0	0	0	0	0	0	0	0	0	0	0	0	0	0	0	0	0	0	0	0	0	0
Oceanisphaera	0	0	0	0	0	0	0	0	0	0	0	0	0	0	0	0	0	0	0	0	0	0	0	0	0	0	0	0	0	0	0	0	0	0	0	0	0	0	0	0	0	0	0	0	0	0	0	0	0	0	0	0	0	0	0	0	0	0	0	0	0	0	0	0	0	0	0	0	0	0	0	0	0	0	0	0	0	0	0	0	0
Oceanispirochaeta	0	0	0	0	0	0	0	0	0	0	0	0	0	0	0	0	0	0	0	0	0	0	0	0	0	0	0	0	0	0	0	0	0	0	0	0	0	0	0	0	0	0	0	0	0	0	0	0	0	0	0	0	0	0	0	0	0	0	0	0	0	0	0	0	0	0	0	0	0	0	0	0	0	0	0	0	0	0	0	0	0
Oceanithermus	0	0	0	0	0	0	0	0	0	0	0	0	0	0	0	0	0	0	0	0	0	0	0	0	0	0	0	0	0	0	0	0	0	0	0	0	0	0	0	0	0	0	0	0	0	0	0	0	0	0	0	0	0	0	0	0	0	0	0	0	0	0	0	0	0	0	0	0	0	0	0	0	0	0	0	0	0	0	0	0	0
Oceanivirga	0	0	0	0	0	0	0	0	0	0	0	0	0	0	0	0	0	0	0	0	0	0	0	0	0	0	0	0	0	0	0	0	0	0	0	0	0	0	0	0	0	0	0	0	0	0	0	0	0	0	0	0	0	0	0	0	0	0	0	0	0	0	0	0	0	0	0	0	0	0	0	0	0	0	0	0	0	0	0	0	0
Oceanobacillus	0	0	0	0	0	0	0	0	0	0	0	0	0	0	0	0	0	0	0	0	0	0	0	0	0	0	0	0	0	0	0	0	0	0	0	0	0	0	0	0	0	0	0	0	0	0	0	0	0	0	0	0	0	0	0	0	0	0	0	0	0	0	0	0	0	0	0	0	0	0	0	0	0	0	0	0	0	0	0	0	0
Oceanobacter	0	0	0	0	0	0	0	0	0	0	0	0	0	0	0	0	0	0	0	0	0	0	0	0	0	0	0	0	0	0	0	0	0	0	0	0	0	0	0	0	0	0	0	0	0	0	0	0	0	0	0	0	0	0	0	0	0	0	0	0	0	0	0	0	0	0	0	0	0	0	0	0	0	0	0	0	0	0	0	0	0
Oceanospirillum	0	0	0	0	0	0	0	0	0	0	0	0	0	0	0	0	0	0	0	0	0	0	0	0	0	0	0	0	0	0	0	0	0	0	0	0	0	0	0	0	0	0	0	0	0	0	0	0	0	0	0	0	0	0	0	0	0	0	0	0	0	0	0	0	0	0	0	0	0	0	0	0	0	0	0	0	0	0	0	0	0
Oceanotoga	0	0	0	0	0	0	0	0	0	0	0	0	0	0	0	0	0	0	0	0	0	0	0	0	0	0	0	0	0	0	0	0	0	0	0	0	0	0	0	0	0	0	0	0	0	0	0	0	0	0	0	0	0	0	0	0	0	0	0	0	0	0	0	0	0	0	0	0	0	0	0	0	0	0	0	0	0	0	0	0	0
Ochrobactrum	0.00273560825426355	3.017152202397959e-05	2.525048480930834e-05	4.838397522740468e-05	4.120001010064764e-05	1.395448048465904e-05	1.309109569852778e-05	4.531119730307754e-05	3.400661023728517e-05	4.041097966317448e-05	7.808229874287499e-05	5.823210397188922e-05	6.436492838104037e-05	5.722460658082976e-05	4.125579527161881e-05	1.878251723295956e-05	4.296921820899776e-05	2.875624179601337e-05	3.528038282422672e-05	2.406450570970505e-05	1.792955745818043e-05	1.453772123296491e-05	7.612730068121754e-06	7.196225423325783e-05	2.955106999499273e-05	2.065058022696074e-05	3.015601516003195e-05	1.457080775094118e-05	3.275951466214209e-05	3.729502569118701e-05	3.3178500331785e-05	4.332188442663015e-05	9.618843446075841e-05	5.129284977674112e-05	2.402362253248673e-05	7.160759040458288e-05	3.307959339342144e-05	1.238092935972319e-05	2.79920465265136e-05	5.776000403269846e-05	1.701765038790139e-06	8.774764866277489e-05	6.506794720386764e-06	1.900913008517992e-05	2.728317059161402e-05	1.55974607333926e-05	2.526991427181583e-05	4.067259965177997e-05	4.441483455474128e-05	2.421046743733872e-05	5.631926899564958e-05	3.466145578444404e-06	2.669262376035006e-05	2.425924398492046e-05	4.62040370275135e-05	9.013180924503891e-06	2.03535271984184e-05	1.778170137410712e-05	3.587454977440033e-05	4.998000799680128e-05	2.537790878418246e-05	2.423726202038353e-05	4.715757704369149e-06	1.764265614259609e-05	2.485408132831737e-05	9.222450107825812e-06	5.965200622161521e-05	4.698873967063504e-05	3.227864916336224e-05	3.8113242064823e-05	5.081162497391368e-05	4.970331852490018e-05	3.603360133324325e-05	6.714473719549861e-06	2.911596890414521e-05	2.152200868378338e-05	8.156597067703355e-06	2.279240059923293e-05	0.0001203241427776	3.22421834406626e-05	2.410742267544177e-05
Octadecabacter	0.004177808328139598	5.603282661596209e-05	1.178355957767722e-05	3.386878265918328e-05	3.987097751675578e-05	3.488620121164761e-05	2.88004105367611e-05	0.0002763983035487	5.829704612106029e-05	6.061646949476173e-05	4.684937924572499e-05	3.831059471834817e-05	0.0001157530566852	0.0001222525686044	5.448878620779843e-05	5.338189108314822e-05	4.296921820899776e-05	4.736322178166908e-05	8.980461082530437e-05	6.684584919362516e-05	4.078974321736048e-05	4.984361565587968e-05	1.12668405008202e-05	5.94470795839956e-05	4.92517833249879e-05	3.0432434018679e-05	3.980594001124216e-05	1.457080775094118e-05	5.535228339465388e-05	3.051411192915301e-05	5.529750055297501e-05	2.636984269447053e-05	5.797659063388178e-05	3.779473141444082e-05	5.431427702996999e-05	5.728607232366631e-05	6.615918678684288e-05	2.240358646045148e-05	6.064943414077947e-05	5.460945835818764e-05	2.339926928336441e-06	7.248718802577056e-05	7.482813928444778e-05	2.851369512776987e-05	3.015508328546812e-05	3.761740529818216e-05	4.422234997567771e-05	4.380126116345535e-05	4.441483455474128e-05	0.0001026857756825	8.398487481807394e-05	7.262400259597798e-06	5.605450989673513e-05	3.274997937964261e-05	6.830161995371561e-05	8.769581440057841e-06	5.698987615557151e-05	4.079331491706928e-05	5.329933109339478e-05	5.414500866320139e-05	7.676817407215194e-05	6.31900045531428e-05	0	6.717780608142357e-05	9.005101930549773e-06	2.151905025159356e-05	8.458120285154396e-05	5.35149535137788e-05	0.0001166997315906	3.557235926050147e-05	3.175726560869605e-05	4.851990617906922e-05	4.954620183320947e-05	7.385921091504847e-05	5.471794156123841e-05	7.775693459947541e-05	1.103539603277513e-05	4.48941223924285e-05	8.544757965371061e-05	4.340293924704581e-05	3.271721648809954e-05
Odoribacter	0	0	0	0	0	0	0	0	0	0	0	0	0	0	0	0	0	0	0	0	0	0	0	0	0	0	0	0	0	0	0	0	0	0	0	0	0	0	0	0	0	0	0	0	0	0	0	0	0	0	0	0	0	0	0	0	0	0	0	0	0	0	0	0	0	0	0	0	0	0	0	0	0	0	0	0	0	0	0	0	0
Oecophyllibacter	0	0	0	0	0	0	0	0	0	0	0	0	0	0	0	0	0	0	0	0	0	0	0	0	0	0	0	0	0	0	0	0	0	0	0	0	0	0	0	0	0	0	0	0	0	0	0	0	0	0	0	0	0	0	0	0	0	0	0	0	0	0	0	0	0	0	0	0	0	0	0	0	0	0	0	0	0	0	0	0	0
Oenococcus	0	0	0	0	0	0	0	0	0	0	0	0	0	0	0	0	0	0	0	0	0	0	0	0	0	0	0	0	0	0	0	0	0	0	0	0	0	0	0	0	0	0	0	0	0	0	0	0	0	0	0	0	0	0	0	0	0	0	0	0	0	0	0	0	0	0	0	0	0	0	0	0	0	0	0	0	0	0	0	0	0
Oerskovia	0	0	0	0	0	0	0	0	0	0	0	0	0	0	0	0	0	0	0	0	0	0	0	0	0	0	0	0	0	0	0	0	0	0	0	0	0	0	0	0	0	0	0	0	0	0	0	0	0	0	0	0	0	0	0	0	0	0	0	0	0	0	0	0	0	0	0	0	0	0	0	0	0	0	0	0	0	0	0	0	0
Ohtaekwangia	0	0	0	0	0	0	0	0	0	0	0	0	0	0	0	0	0	0	0	0	0	0	0	0	0	0	0	0	0	0	0	0	0	0	0	0	0	0	0	0	0	0	0	0	0	0	0	0	0	0	0	0	0	0	0	0	0	0	0	0	0	0	0	0	0	0	0	0	0	0	0	0	0	0	0	0	0	0	0	0	0
Okeania	0	0	0	0	0	0	0	0	0	0	0	0	0	0	0	0	0	0	0	0	0	0	0	0	0	0	0	0	0	0	0	0	0	0	0	0	0	0	0	0	0	0	0	0	0	0	0	0	0	0	0	0	0	0	0	0	0	0	0	0	0	0	0	0	0	0	0	0	0	0	0	0	0	0	0	0	0	0	0	0	0
Okeanomitos	0	0	0	0	0	0	0	0	0	0	0	0	0	0	0	0	0	0	0	0	0	0	0	0	0	0	0	0	0	0	0	0	0	0	0	0	0	0	0	0	0	0	0	0	0	0	0	0	0	0	0	0	0	0	0	0	0	0	0	0	0	0	0	0	0	0	0	0	0	0	0	0	0	0	0	0	0	0	0	0	0
Okibacterium	0	0	0	0	0	0	0	0	0	0	0	0	0	0	0	0	0	0	0	0	0	0	0	0	0	0	0	0	0	0	0	0	0	0	0	0	0	0	0	0	0	0	0	0	0	0	0	0	0	0	0	0	0	0	0	0	0	0	0	0	0	0	0	0	0	0	0	0	0	0	0	0	0	0	0	0	0	0	0	0	0
Olegusella	0	0	0	0	0	0	0	0	0	0	0	0	0	0	0	0	0	0	0	0	0	0	0	0	0	0	0	0	0	0	0	0	0	0	0	0	0	0	0	0	0	0	0	0	0	0	0	0	0	0	0	0	0	0	0	0	0	0	0	0	0	0	0	0	0	0	0	0	0	0	0	0	0	0	0	0	0	0	0	0	0
Oleiagrimonas	0	0	0	0	0	0	0	0	0	0	0	0	0	0	0	0	0	0	0	0	0	0	0	0	0	0	0	0	0	0	0	0	0	0	0	0	0	0	0	0	0	0	0	0	0	0	0	0	0	0	0	0	0	0	0	0	0	0	0	0	0	0	0	0	0	0	0	0	0	0	0	0	0	0	0	0	0	0	0	0	0
Oleidesulfovibrio	0	0	0	0	0	0	0	0	0	0	0	0	0	0	0	0	0	0	0	0	0	0	0	0	0	0	0	0	0	0	0	0	0	0	0	0	0	0	0	0	0	0	0	0	0	0	0	0	0	0	0	0	0	0	0	0	0	0	0	0	0	0	0	0	0	0	0	0	0	0	0	0	0	0	0	0	0	0	0	0	0
Oleiharenicola	0	0	0	0	0	0	0	0	0	0	0	0	0	0	0	0	0	0	0	0	0	0	0	0	0	0	0	0	0	0	0	0	0	0	0	0	0	0	0	0	0	0	0	0	0	0	0	0	0	0	0	0	0	0	0	0	0	0	0	0	0	0	0	0	0	0	0	0	0	0	0	0	0	0	0	0	0	0	0	0	0
Oleiphilus	0	0	0	0	0	0	0	0	0	0	0	0	0	0	0	0	0	0	0	0	0	0	0	0	0	0	0	0	0	0	0	0	0	0	0	0	0	0	0	0	0	0	0	0	0	0	0	0	0	0	0	0	0	0	0	0	0	0	0	0	0	0	0	0	0	0	0	0	0	0	0	0	0	0	0	0	0	0	0	0	0
Oleispira	0	0	0	0	0	0	0	0	0	0	0	0	0	0	0	0	0	0	0	0	0	0	0	0	0	0	0	0	0	0	0	0	0	0	0	0	0	0	0	0	0	0	0	0	0	0	0	0	0	0	0	0	0	0	0	0	0	0	0	0	0	0	0	0	0	0	0	0	0	0	0	0	0	0	0	0	0	0	0	0	0
Oligella	0	0	0	0	0	0	0	0	0	0	0	0	0	0	0	0	0	0	0	0	0	0	0	0	0	0	0	0	0	0	0	0	0	0	0	0	0	0	0	0	0	0	0	0	0	0	0	0	0	0	0	0	0	0	0	0	0	0	0	0	0	0	0	0	0	0	0	0	0	0	0	0	0	0	0	0	0	0	0	0	0
Oligoflexus	0	0	0	0	0	0	0	0	0	0	0	0	0	0	0	0	0	0	0	0	0	0	0	0	0	0	0	0	0	0	0	0	0	0	0	0	0	0	0	0	0	0	0	0	0	0	0	0	0	0	0	0	0	0	0	0	0	0	0	0	0	0	0	0	0	0	0	0	0	0	0	0	0	0	0	0	0	0	0	0	0
Oligosphaera	0	0	0	0	0	0	0	0	0	0	0	0	0	0	0	0	0	0	0	0	0	0	0	0	0	0	0	0	0	0	0	0	0	0	0	0	0	0	0	0	0	0	0	0	0	0	0	0	0	0	0	0	0	0	0	0	0	0	0	0	0	0	0	0	0	0	0	0	0	0	0	0	0	0	0	0	0	0	0	0	0
Oligotropha	0	0	0	0	0	0	0	0	0	0	0	0	0	0	0	0	0	0	0	0	0	0	0	0	0	0	0	0	0	0	0	0	0	0	0	0	0	0	0	0	0	0	0	0	0	0	0	0	0	0	0	0	0	0	0	0	0	0	0	0	0	0	0	0	0	0	0	0	0	0	0	0	0	0	0	0	0	0	0	0	0
Oliverpabstia	0	0	0	0	0	0	0	0	0	0	0	0	0	0	0	0	0	0	0	0	0	0	0	0	0	0	0	0	0	0	0	0	0	0	0	0	0	0	0	0	0	0	0	0	0	0	0	0	0	0	0	0	0	0	0	0	0	0	0	0	0	0	0	0	0	0	0	0	0	0	0	0	0	0	0	0	0	0	0	0	0
Olivibacter	0	0	0	0	0	0	0	0	0	0	0	0	0	0	0	0	0	0	0	0	0	0	0	0	0	0	0	0	0	0	0	0	0	0	0	0	0	0	0	0	0	0	0	0	0	0	0	0	0	0	0	0	0	0	0	0	0	0	0	0	0	0	0	0	0	0	0	0	0	0	0	0	0	0	0	0	0	0	0	0	0
Olleya	0	0	0	0	0	0	0	0	0	0	0	0	0	0	0	0	0	0	0	0	0	0	0	0	0	0	0	0	0	0	0	0	0	0	0	0	0	0	0	0	0	0	0	0	0	0	0	0	0	0	0	0	0	0	0	0	0	0	0	0	0	0	0	0	0	0	0	0	0	0	0	0	0	0	0	0	0	0	0	0	0
Olsenella	0.008685806995299606	6.034304404795918e-05	1.851702219349278e-05	7.741436036384749e-05	0.0001475226168119	2.990245818141224e-05	5.498260193381666e-05	0.0001510373243435	0.0001230715418111	6.061646949476173e-05	7.808229874287499e-05	6.742664670429278e-05	4.412112026119703e-05	5.202236961893614e-05	3.658532788237895e-05	0.0001640998874037	0.0002238922422468	5.328362450437771e-05	9.621922588425468e-05	5.722004690974313e-05	9.457841559190175e-05	0.0001017640486307	3.958619635423312e-06	0.000219015556362	5.417696165748668e-05	0.0002548716349064	8.443684244808944e-05	2.428467958490197e-06	4.970409121152593e-05	3.559979725067852e-05	0.0001658925016589	0.0003550510962791	6.720013914381751e-05	6.88404036477315e-05	2.089010654998846e-05	0.0002434658073755	1.848565513161786e-05	4.303846872665679e-05	0.000139027164415	0.0003308072958236	5.743457005916718e-06	3.597108578722449e-05	0.0001171223049669	3.991917317887782e-05	6.46180356117174e-05	2.568993532558782e-05	0.0003032389712617	0.0002299566211081	1.776593382189652e-05	2.671499855154617e-05	0.000739066898399	4.456472886571376e-06	0.0003710274702688	0.0001079536357328	0.0001707540498842	4.530950410696551e-05	2.985183989101365e-05	8.054064740036755e-05	5.534930536621765e-05	0.0001291150206584	0.0001351373642757	5.453383954586296e-05	2.829454622621489e-05	2.035691093376472e-05	3.602040772219909e-06	0.0003586508375265	6.677463383016628e-05	9.919845041578508e-05	4.469351422619387e-05	0.0001524529682592	0.0001351952164484	0.0001029568740872	0.0001666554061662	0.0001141460532323	7.379392118809217e-05	5.970621763888291e-05	6.717197585167468e-06	9.807639045730536e-05	0.0002266976603057	0.0001178079779562	7.060030926379375e-05
Onishia	0	0	0	0	0	0	0	0	0	0	0	0	0	0	0	0	0	0	0	0	0	0	0	0	0	0	0	0	0	0	0	0	0	0	0	0	0	0	0	0	0	0	0	0	0	0	0	0	0	0	0	0	0	0	0	0	0	0	0	0	0	0	0	0	0	0	0	0	0	0	0	0	0	0	0	0	0	0	0	0	0
Opacimonas	0	0	0	0	0	0	0	0	0	0	0	0	0	0	0	0	0	0	0	0	0	0	0	0	0	0	0	0	0	0	0	0	0	0	0	0	0	0	0	0	0	0	0	0	0	0	0	0	0	0	0	0	0	0	0	0	0	0	0	0	0	0	0	0	0	0	0	0	0	0	0	0	0	0	0	0	0	0	0	0	0
Opitutus	0	0	0	0	0	0	0	0	0	0	0	0	0	0	0	0	0	0	0	0	0	0	0	0	0	0	0	0	0	0	0	0	0	0	0	0	0	0	0	0	0	0	0	0	0	0	0	0	0	0	0	0	0	0	0	0	0	0	0	0	0	0	0	0	0	0	0	0	0	0	0	0	0	0	0	0	0	0	0	0	0
Orbus	0	0	0	0	0	0	0	0	0	0	0	0	0	0	0	0	0	0	0	0	0	0	0	0	0	0	0	0	0	0	0	0	0	0	0	0	0	0	0	0	0	0	0	0	0	0	0	0	0	0	0	0	0	0	0	0	0	0	0	0	0	0	0	0	0	0	0	0	0	0	0	0	0	0	0	0	0	0	0	0	0
Orenia	0	0	0	0	0	0	0	0	0	0	0	0	0	0	0	0	0	0	0	0	0	0	0	0	0	0	0	0	0	0	0	0	0	0	0	0	0	0	0	0	0	0	0	0	0	0	0	0	0	0	0	0	0	0	0	0	0	0	0	0	0	0	0	0	0	0	0	0	0	0	0	0	0	0	0	0	0	0	0	0	0
Oribacterium	0	0	0	0	0	0	0	0	0	0	0	0	0	0	0	0	0	0	0	0	0	0	0	0	0	0	0	0	0	0	0	0	0	0	0	0	0	0	0	0	0	0	0	0	0	0	0	0	0	0	0	0	0	0	0	0	0	0	0	0	0	0	0	0	0	0	0	0	0	0	0	0	0	0	0	0	0	0	0	0	0
Oricola	0	0	0	0	0	0	0	0	0	0	0	0	0	0	0	0	0	0	0	0	0	0	0	0	0	0	0	0	0	0	0	0	0	0	0	0	0	0	0	0	0	0	0	0	0	0	0	0	0	0	0	0	0	0	0	0	0	0	0	0	0	0	0	0	0	0	0	0	0	0	0	0	0	0	0	0	0	0	0	0	0
Orientia	0	0	0	0	0	0	0	0	0	0	0	0	0	0	0	0	0	0	0	0	0	0	0	0	0	0	0	0	0	0	0	0	0	0	0	0	0	0	0	0	0	0	0	0	0	0	0	0	0	0	0	0	0	0	0	0	0	0	0	0	0	0	0	0	0	0	0	0	0	0	0	0	0	0	0	0	0	0	0	0	0
Orlajensenia	0	0	0	0	0	0	0	0	0	0	0	0	0	0	0	0	0	0	0	0	0	0	0	0	0	0	0	0	0	0	0	0	0	0	0	0	0	0	0	0	0	0	0	0	0	0	0	0	0	0	0	0	0	0	0	0	0	0	0	0	0	0	0	0	0	0	0	0	0	0	0	0	0	0	0	0	0	0	0	0	0
Ornatilinea	0	0	0	0	0	0	0	0	0	0	0	0	0	0	0	0	0	0	0	0	0	0	0	0	0	0	0	0	0	0	0	0	0	0	0	0	0	0	0	0	0	0	0	0	0	0	0	0	0	0	0	0	0	0	0	0	0	0	0	0	0	0	0	0	0	0	0	0	0	0	0	0	0	0	0	0	0	0	0	0	0
Ornithinibacillus	0	0	0	0	0	0	0	0	0	0	0	0	0	0	0	0	0	0	0	0	0	0	0	0	0	0	0	0	0	0	0	0	0	0	0	0	0	0	0	0	0	0	0	0	0	0	0	0	0	0	0	0	0	0	0	0	0	0	0	0	0	0	0	0	0	0	0	0	0	0	0	0	0	0	0	0	0	0	0	0	0
Ornithinibacter	0	0	0	0	0	0	0	0	0	0	0	0	0	0	0	0	0	0	0	0	0	0	0	0	0	0	0	0	0	0	0	0	0	0	0	0	0	0	0	0	0	0	0	0	0	0	0	0	0	0	0	0	0	0	0	0	0	0	0	0	0	0	0	0	0	0	0	0	0	0	0	0	0	0	0	0	0	0	0	0	0
Ornithinicoccus	0	0	0	0	0	0	0	0	0	0	0	0	0	0	0	0	0	0	0	0	0	0	0	0	0	0	0	0	0	0	0	0	0	0	0	0	0	0	0	0	0	0	0	0	0	0	0	0	0	0	0	0	0	0	0	0	0	0	0	0	0	0	0	0	0	0	0	0	0	0	0	0	0	0	0	0	0	0	0	0	0
Ornithinimicrobium	0	0	0	0	0	0	0	0	0	0	0	0	0	0	0	0	0	0	0	0	0	0	0	0	0	0	0	0	0	0	0	0	0	0	0	0	0	0	0	0	0	0	0	0	0	0	0	0	0	0	0	0	0	0	0	0	0	0	0	0	0	0	0	0	0	0	0	0	0	0	0	0	0	0	0	0	0	0	0	0	0
Ornithobacterium	0	0	0	0	0	0	0	0	0	0	0	0	0	0	0	0	0	0	0	0	0	0	0	0	0	0	0	0	0	0	0	0	0	0	0	0	0	0	0	0	0	0	0	0	0	0	0	0	0	0	0	0	0	0	0	0	0	0	0	0	0	0	0	0	0	0	0	0	0	0	0	0	0	0	0	0	0	0	0	0	0
Orrella	0	0	0	0	0	0	0	0	0	0	0	0	0	0	0	0	0	0	0	0	0	0	0	0	0	0	0	0	0	0	0	0	0	0	0	0	0	0	0	0	0	0	0	0	0	0	0	0	0	0	0	0	0	0	0	0	0	0	0	0	0	0	0	0	0	0	0	0	0	0	0	0	0	0	0	0	0	0	0	0	0
Oryzihumus	0	0	0	0	0	0	0	0	0	0	0	0	0	0	0	0	0	0	0	0	0	0	0	0	0	0	0	0	0	0	0	0	0	0	0	0	0	0	0	0	0	0	0	0	0	0	0	0	0	0	0	0	0	0	0	0	0	0	0	0	0	0	0	0	0	0	0	0	0	0	0	0	0	0	0	0	0	0	0	0	0
Oryzisolibacter	0	0	0	0	0	0	0	0	0	0	0	0	0	0	0	0	0	0	0	0	0	0	0	0	0	0	0	0	0	0	0	0	0	0	0	0	0	0	0	0	0	0	0	0	0	0	0	0	0	0	0	0	0	0	0	0	0	0	0	0	0	0	0	0	0	0	0	0	0	0	0	0	0	0	0	0	0	0	0	0	0
Oryzobacter	0	0	0	0	0	0	0	0	0	0	0	0	0	0	0	0	0	0	0	0	0	0	0	0	0	0	0	0	0	0	0	0	0	0	0	0	0	0	0	0	0	0	0	0	0	0	0	0	0	0	0	0	0	0	0	0	0	0	0	0	0	0	0	0	0	0	0	0	0	0	0	0	0	0	0	0	0	0	0	0	0
Oryzomicrobium	0	0	0	0	0	0	0	0	0	0	0	0	0	0	0	0	0	0	0	0	0	0	0	0	0	0	0	0	0	0	0	0	0	0	0	0	0	0	0	0	0	0	0	0	0	0	0	0	0	0	0	0	0	0	0	0	0	0	0	0	0	0	0	0	0	0	0	0	0	0	0	0	0	0	0	0	0	0	0	0	0
Oryzomonas	0	0	0	0	0	0	0	0	0	0	0	0	0	0	0	0	0	0	0	0	0	0	0	0	0	0	0	0	0	0	0	0	0	0	0	0	0	0	0	0	0	0	0	0	0	0	0	0	0	0	0	0	0	0	0	0	0	0	0	0	0	0	0	0	0	0	0	0	0	0	0	0	0	0	0	0	0	0	0	0	0
Oscillatoria	0.0004147743476824269	8.004689516566012e-06	0	0	0	0	1.309109569852777e-06	1.208298594748734e-05	1.619362392251675e-06	0	0	1.532423788733927e-06	2.387731214135369e-05	2.601118480946807e-06	5.448878620779843e-06	8.896981847191371e-06	2.487691580520923e-05	1.69154363505961e-06	6.414615058950312e-06	2.139067174196005e-06	1.344716809363532e-06	2.076817318994986e-06	0	2.19015556362089e-05	1.64172611083293e-06	2.010714390519863e-05	1.206240606401278e-06	0	1.129638436625589e-05	3.390456881017001e-06	0	9.417800962310902e-07	0	4.049435508690089e-06	0	7.160759040458288e-05	4.864646087267859e-07	1.179136129497446e-06	3.732272870201814e-06	5.250909457518042e-06	1.063603149243837e-07	5.450164513215832e-07	3.253397360193382e-06	3.801826017035982e-06	1.435956346927053e-06	0	1.684660951454389e-05	2.033629982588998e-05	0	0	5.92834410480522e-06	1.650545513544954e-07	1.690532838155504e-05	1.09166597932142e-05	0	7.307984533381534e-07	4.070705439683679e-06	1.045982433771007e-06	3.074961409234314e-06	2.082500333200053e-06	6.344477196045614e-07	0	0	1.357127395584314e-06	0	4.09886671458925e-06	5.341970706413303e-06	1.305242768628751e-06	2.482973012566326e-06	1.270441402160767e-06	9.073504459627442e-07	0	0	0	1.003998927729145e-06	1.249665020348712e-05	0	8.28814567244834e-06	6.975312624792703e-06	1.116075580638321e-05	1.549762886278399e-05
Oscillibacter	0	0	0	0	0	0	0	0	0	0	0	0	0	0	0	0	0	0	0	0	0	0	0	0	0	0	0	0	0	0	0	0	0	0	0	0	0	0	0	0	0	0	0	0	0	0	0	0	0	0	0	0	0	0	0	0	0	0	0	0	0	0	0	0	0	0	0	0	0	0	0	0	0	0	0	0	0	0	0	0	0
Oscillochloris	0	0	0	0	0	0	0	0	0	0	0	0	0	0	0	0	0	0	0	0	0	0	0	0	0	0	0	0	0	0	0	0	0	0	0	0	0	0	0	0	0	0	0	0	0	0	0	0	0	0	0	0	0	0	0	0	0	0	0	0	0	0	0	0	0	0	0	0	0	0	0	0	0	0	0	0	0	0	0	0	0
Otariodibacter	0	0	0	0	0	0	0	0	0	0	0	0	0	0	0	0	0	0	0	0	0	0	0	0	0	0	0	0	0	0	0	0	0	0	0	0	0	0	0	0	0	0	0	0	0	0	0	0	0	0	0	0	0	0	0	0	0	0	0	0	0	0	0	0	0	0	0	0	0	0	0	0	0	0	0	0	0	0	0	0	0
Otoolea	0	0	0	0	0	0	0	0	0	0	0	0	0	0	0	0	0	0	0	0	0	0	0	0	0	0	0	0	0	0	0	0	0	0	0	0	0	0	0	0	0	0	0	0	0	0	0	0	0	0	0	0	0	0	0	0	0	0	0	0	0	0	0	0	0	0	0	0	0	0	0	0	0	0	0	0	0	0	0	0	0
Ottowia	0	0	0	0	0	0	0	0	0	0	0	0	0	0	0	0	0	0	0	0	0	0	0	0	0	0	0	0	0	0	0	0	0	0	0	0	0	0	0	0	0	0	0	0	0	0	0	0	0	0	0	0	0	0	0	0	0	0	0	0	0	0	0	0	0	0	0	0	0	0	0	0	0	0	0	0	0	0	0	0	0
Owariibacterium	0	0	0	0	0	0	0	0	0	0	0	0	0	0	0	0	0	0	0	0	0	0	0	0	0	0	0	0	0	0	0	0	0	0	0	0	0	0	0	0	0	0	0	0	0	0	0	0	0	0	0	0	0	0	0	0	0	0	0	0	0	0	0	0	0	0	0	0	0	0	0	0	0	0	0	0	0	0	0	0	0
Owenweeksia	0	0	0	0	0	0	0	0	0	0	0	0	0	0	0	0	0	0	0	0	0	0	0	0	0	0	0	0	0	0	0	0	0	0	0	0	0	0	0	0	0	0	0	0	0	0	0	0	0	0	0	0	0	0	0	0	0	0	0	0	0	0	0	0	0	0	0	0	0	0	0	0	0	0	0	0	0	0	0	0	0
Oxalicibacterium	0	0	0	0	0	0	0	0	0	0	0	0	0	0	0	0	0	0	0	0	0	0	0	0	0	0	0	0	0	0	0	0	0	0	0	0	0	0	0	0	0	0	0	0	0	0	0	0	0	0	0	0	0	0	0	0	0	0	0	0	0	0	0	0	0	0	0	0	0	0	0	0	0	0	0	0	0	0	0	0	0
Oxalobacter	0	0	0	0	0	0	0	0	0	0	0	0	0	0	0	0	0	0	0	0	0	0	0	0	0	0	0	0	0	0	0	0	0	0	0	0	0	0	0	0	0	0	0	0	0	0	0	0	0	0	0	0	0	0	0	0	0	0	0	0	0	0	0	0	0	0	0	0	0	0	0	0	0	0	0	0	0	0	0	0	0
Oxobacter	0	0	0	0	0	0	0	0	0	0	0	0	0	0	0	0	0	0	0	0	0	0	0	0	0	0	0	0	0	0	0	0	0	0	0	0	0	0	0	0	0	0	0	0	0	0	0	0	0	0	0	0	0	0	0	0	0	0	0	0	0	0	0	0	0	0	0	0	0	0	0	0	0	0	0	0	0	0	0	0	0
Oxynema	0	0	0	0	0	0	0	0	0	0	0	0	0	0	0	0	0	0	0	0	0	0	0	0	0	0	0	0	0	0	0	0	0	0	0	0	0	0	0	0	0	0	0	0	0	0	0	0	0	0	0	0	0	0	0	0	0	0	0	0	0	0	0	0	0	0	0	0	0	0	0	0	0	0	0	0	0	0	0	0	0
Pacificibacter	0	0	0	0	0	0	0	0	0	0	0	0	0	0	0	0	0	0	0	0	0	0	0	0	0	0	0	0	0	0	0	0	0	0	0	0	0	0	0	0	0	0	0	0	0	0	0	0	0	0	0	0	0	0	0	0	0	0	0	0	0	0	0	0	0	0	0	0	0	0	0	0	0	0	0	0	0	0	0	0	0
Pacificimonas	0	0	0	0	0	0	0	0	0	0	0	0	0	0	0	0	0	0	0	0	0	0	0	0	0	0	0	0	0	0	0	0	0	0	0	0	0	0	0	0	0	0	0	0	0	0	0	0	0	0	0	0	0	0	0	0	0	0	0	0	0	0	0	0	0	0	0	0	0	0	0	0	0	0	0	0	0	0	0	0	0
Pacificispira	0	0	0	0	0	0	0	0	0	0	0	0	0	0	0	0	0	0	0	0	0	0	0	0	0	0	0	0	0	0	0	0	0	0	0	0	0	0	0	0	0	0	0	0	0	0	0	0	0	0	0	0	0	0	0	0	0	0	0	0	0	0	0	0	0	0	0	0	0	0	0	0	0	0	0	0	0	0	0	0	0
Pacificitalea	0	0	0	0	0	0	0	0	0	0	0	0	0	0	0	0	0	0	0	0	0	0	0	0	0	0	0	0	0	0	0	0	0	0	0	0	0	0	0	0	0	0	0	0	0	0	0	0	0	0	0	0	0	0	0	0	0	0	0	0	0	0	0	0	0	0	0	0	0	0	0	0	0	0	0	0	0	0	0	0	0
Paenacidovorax	0	0	0	0	0	0	0	0	0	0	0	0	0	0	0	0	0	0	0	0	0	0	0	0	0	0	0	0	0	0	0	0	0	0	0	0	0	0	0	0	0	0	0	0	0	0	0	0	0	0	0	0	0	0	0	0	0	0	0	0	0	0	0	0	0	0	0	0	0	0	0	0	0	0	0	0	0	0	0	0	0
Paenalcaligenes	0	0	0	0	0	0	0	0	0	0	0	0	0	0	0	0	0	0	0	0	0	0	0	0	0	0	0	0	0	0	0	0	0	0	0	0	0	0	0	0	0	0	0	0	0	0	0	0	0	0	0	0	0	0	0	0	0	0	0	0	0	0	0	0	0	0	0	0	0	0	0	0	0	0	0	0	0	0	0	0	0
Paenalkalicoccus	0	0	0	0	0	0	0	0	0	0	0	0	0	0	0	0	0	0	0	0	0	0	0	0	0	0	0	0	0	0	0	0	0	0	0	0	0	0	0	0	0	0	0	0	0	0	0	0	0	0	0	0	0	0	0	0	0	0	0	0	0	0	0	0	0	0	0	0	0	0	0	0	0	0	0	0	0	0	0	0	0
Paenarthrobacter	0	0	0	0	0	0	0	0	0	0	0	0	0	0	0	0	0	0	0	0	0	0	0	0	0	0	0	0	0	0	0	0	0	0	0	0	0	0	0	0	0	0	0	0	0	0	0	0	0	0	0	0	0	0	0	0	0	0	0	0	0	0	0	0	0	0	0	0	0	0	0	0	0	0	0	0	0	0	0	0	0
Paenibacillus	0.3188983662708663	0.0021945164182339	0.0015268126481361	0.0038997484033288	0.0039777945235883	0.0016795214011893	0.0028289857804518	0.009170986334142799	0.0040597415173749	0.0050917834375599	0.0040446630748809	0.0044378992921734	0.0032353757951534	0.0028690336844843	0.0032444180130586	0.0038889696207612	0.0106518430402304	0.0031885597520873	0.0042913774744377	0.003235873867765	0.0039382272956893	0.0043010886676386	0.0010700453383751	0.006157465927437	0.0035018017944066	0.0036654779902855	0.0041325803175307	0.000669042922564	0.006984554453656	0.002793736469958	0.0057619995576199	0.0071207993076032	0.0021536985770699	0.0027617150169266	0.001796549163299	0.0059720730397422	0.0021185533710051	0.0025616732413332	0.0046214868815273	0.0069354012114898	0.0002216548963024	0.0023021494903823	0.0056641648040966	0.0024065558687837	0.004014933946008	0.0022460343456085	0.003510412257593	0.0051607271635085	0.0052320675105485	0.0020378534832601	0.0106532343563349	0.0007037926069755	0.0077355223657494	0.0048858117385629	0.0075232225507842	0.0008523545960767	0.0028237126733272	0.0037508930075028	0.0033045585277904	0.008862080167932799	0.0044398651417927	0.0026522489582305	0.0005517436514111	0.0075802350680361	0.0006775438692545	0.0035362972580118	0.004524649188332	0.0030372999225991	0.0045537725050466	0.0049432874958075	0.0032837012639391	0.0035029005436596	0.0048239983784879	0.0042569763381946	0.0042976174101446	0.0033282745041954	0.0004291809457094	0.0044686918750617	0.0045618544566144	0.0048276469282499	0.0041929695867643
Paeniclostridium	0	0	0	0	0	0	0	0	0	0	0	0	0	0	0	0	0	0	0	0	0	0	0	0	0	0	0	0	0	0	0	0	0	0	0	0	0	0	0	0	0	0	0	0	0	0	0	0	0	0	0	0	0	0	0	0	0	0	0	0	0	0	0	0	0	0	0	0	0	0	0	0	0	0	0	0	0	0	0	0	0
Paeniglutamicibacter	0	0	0	0	0	0	0	0	0	0	0	0	0	0	0	0	0	0	0	0	0	0	0	0	0	0	0	0	0	0	0	0	0	0	0	0	0	0	0	0	0	0	0	0	0	0	0	0	0	0	0	0	0	0	0	0	0	0	0	0	0	0	0	0	0	0	0	0	0	0	0	0	0	0	0	0	0	0	0	0	0
Paenimyroides	0	0	0	0	0	0	0	0	0	0	0	0	0	0	0	0	0	0	0	0	0	0	0	0	0	0	0	0	0	0	0	0	0	0	0	0	0	0	0	0	0	0	0	0	0	0	0	0	0	0	0	0	0	0	0	0	0	0	0	0	0	0	0	0	0	0	0	0	0	0	0	0	0	0	0	0	0	0	0	0	0
Paenirhodobacter	0	0	0	0	0	0	0	0	0	0	0	0	0	0	0	0	0	0	0	0	0	0	0	0	0	0	0	0	0	0	0	0	0	0	0	0	0	0	0	0	0	0	0	0	0	0	0	0	0	0	0	0	0	0	0	0	0	0	0	0	0	0	0	0	0	0	0	0	0	0	0	0	0	0	0	0	0	0	0	0	0
Paeniroseomonas	0	0	0	0	0	0	0	0	0	0	0	0	0	0	0	0	0	0	0	0	0	0	0	0	0	0	0	0	0	0	0	0	0	0	0	0	0	0	0	0	0	0	0	0	0	0	0	0	0	0	0	0	0	0	0	0	0	0	0	0	0	0	0	0	0	0	0	0	0	0	0	0	0	0	0	0	0	0	0	0	0
Paenisporosarcina	0	0	0	0	0	0	0	0	0	0	0	0	0	0	0	0	0	0	0	0	0	0	0	0	0	0	0	0	0	0	0	0	0	0	0	0	0	0	0	0	0	0	0	0	0	0	0	0	0	0	0	0	0	0	0	0	0	0	0	0	0	0	0	0	0	0	0	0	0	0	0	0	0	0	0	0	0	0	0	0	0
Paenochrobactrum	0	0	0	0	0	0	0	0	0	0	0	0	0	0	0	0	0	0	0	0	0	0	0	0	0	0	0	0	0	0	0	0	0	0	0	0	0	0	0	0	0	0	0	0	0	0	0	0	0	0	0	0	0	0	0	0	0	0	0	0	0	0	0	0	0	0	0	0	0	0	0	0	0	0	0	0	0	0	0	0	0
Palleniella	0	0	0	0	0	0	0	0	0	0	0	0	0	0	0	0	0	0	0	0	0	0	0	0	0	0	0	0	0	0	0	0	0	0	0	0	0	0	0	0	0	0	0	0	0	0	0	0	0	0	0	0	0	0	0	0	0	0	0	0	0	0	0	0	0	0	0	0	0	0	0	0	0	0	0	0	0	0	0	0	0
Palleronia	0	0	0	0	0	0	0	0	0	0	0	0	0	0	0	0	0	0	0	0	0	0	0	0	0	0	0	0	0	0	0	0	0	0	0	0	0	0	0	0	0	0	0	0	0	0	0	0	0	0	0	0	0	0	0	0	0	0	0	0	0	0	0	0	0	0	0	0	0	0	0	0	0	0	0	0	0	0	0	0	0
Pallidibacillus	0	0	0	0	0	0	0	0	0	0	0	0	0	0	0	0	0	0	0	0	0	0	0	0	0	0	0	0	0	0	0	0	0	0	0	0	0	0	0	0	0	0	0	0	0	0	0	0	0	0	0	0	0	0	0	0	0	0	0	0	0	0	0	0	0	0	0	0	0	0	0	0	0	0	0	0	0	0	0	0	0
Paludibacter	0	0	0	0	0	0	0	0	0	0	0	0	0	0	0	0	0	0	0	0	0	0	0	0	0	0	0	0	0	0	0	0	0	0	0	0	0	0	0	0	0	0	0	0	0	0	0	0	0	0	0	0	0	0	0	0	0	0	0	0	0	0	0	0	0	0	0	0	0	0	0	0	0	0	0	0	0	0	0	0	0
Paludibacterium	0	0	0	0	0	0	0	0	0	0	0	0	0	0	0	0	0	0	0	0	0	0	0	0	0	0	0	0	0	0	0	0	0	0	0	0	0	0	0	0	0	0	0	0	0	0	0	0	0	0	0	0	0	0	0	0	0	0	0	0	0	0	0	0	0	0	0	0	0	0	0	0	0	0	0	0	0	0	0	0	0
Paludibaculum	0	0	0	0	0	0	0	0	0	0	0	0	0	0	0	0	0	0	0	0	0	0	0	0	0	0	0	0	0	0	0	0	0	0	0	0	0	0	0	0	0	0	0	0	0	0	0	0	0	0	0	0	0	0	0	0	0	0	0	0	0	0	0	0	0	0	0	0	0	0	0	0	0	0	0	0	0	0	0	0	0
Paludihabitans	0	0	0	0	0	0	0	0	0	0	0	0	0	0	0	0	0	0	0	0	0	0	0	0	0	0	0	0	0	0	0	0	0	0	0	0	0	0	0	0	0	0	0	0	0	0	0	0	0	0	0	0	0	0	0	0	0	0	0	0	0	0	0	0	0	0	0	0	0	0	0	0	0	0	0	0	0	0	0	0	0
Paludisphaera	0	0	0	0	0	0	0	0	0	0	0	0	0	0	0	0	0	0	0	0	0	0	0	0	0	0	0	0	0	0	0	0	0	0	0	0	0	0	0	0	0	0	0	0	0	0	0	0	0	0	0	0	0	0	0	0	0	0	0	0	0	0	0	0	0	0	0	0	0	0	0	0	0	0	0	0	0	0	0	0	0
Pampinifervens	0	0	0	0	0	0	0	0	0	0	0	0	0	0	0	0	0	0	0	0	0	0	0	0	0	0	0	0	0	0	0	0	0	0	0	0	0	0	0	0	0	0	0	0	0	0	0	0	0	0	0	0	0	0	0	0	0	0	0	0	0	0	0	0	0	0	0	0	0	0	0	0	0	0	0	0	0	0	0	0	0
Panacagrimonas	0	0	0	0	0	0	0	0	0	0	0	0	0	0	0	0	0	0	0	0	0	0	0	0	0	0	0	0	0	0	0	0	0	0	0	0	0	0	0	0	0	0	0	0	0	0	0	0	0	0	0	0	0	0	0	0	0	0	0	0	0	0	0	0	0	0	0	0	0	0	0	0	0	0	0	0	0	0	0	0	0
Panacibacter	0	0	0	0	0	0	0	0	0	0	0	0	0	0	0	0	0	0	0	0	0	0	0	0	0	0	0	0	0	0	0	0	0	0	0	0	0	0	0	0	0	0	0	0	0	0	0	0	0	0	0	0	0	0	0	0	0	0	0	0	0	0	0	0	0	0	0	0	0	0	0	0	0	0	0	0	0	0	0	0	0
Pandoraea	0.1318021045079683	0.001023984512773	0.0015385962077138	0.0012724985484807	0.001129677696308	0.001589814026645	0.0022830870898232	0.0029271033457788	0.0019254218843872	0.001757877615348	0.0014054813773717	0.0012228741834096	0.0019252380593974	0.0019742489270386	0.0030241276345328	0.0023754941532	0.0012347996390585	0.0021178126310946	0.0016325195325028	0.0019551073972151	0.0015701809944001	0.0015056925562713	0.0005615149698246	0.001686419783988	0.0015941160536187	0.0026101246534234	0.0019070663987204	0.0005275846639818999	0.0023801481859701	0.0018901797111669	0.0020791860207918	0.0016368138072496	0.0008979783299316	0.0019801739637494	0.0028859682198809	0.0011457214464733	0.0020835279191768	0.0019992253075629	0.0024679654354209	0.0012707200887193	0.0001305041064122	0.001805094486777	0.0015811511170539	0.0009514069607632	0.001494830557151	0.0013450516138325	0.0020826621012354	0.0029956933974291	0.0030379746835443	0.0017590156858783	0.0007074490631734	0.000242135026837	0.0019556795675083	0.0016957211545459	0.0018561969658009	0.0003583348416201	0.0021452617667132	0.0015564218614512	0.0015877050743013	0.0011755714380914	0.0017117399474931	0.0015537816188067	0.000141472731131	0.0019461206852679	0.0004671846881569	0.0015012099342183	0.0022560922950085	0.0011473083936246	0.0021651524669578	0.0015639133660599	0.0010080663454646	0.0012532336742349	0.0015899826588293	0.0014771842183009	0.0020130178500969	0.0023750577970071	0.000293877394351	0.0010588106096552	0.0019321615970675	0.0022780342684806	0.0026087675252353
Pannonibacter	0	0	0	0	0	0	0	0	0	0	0	0	0	0	0	0	0	0	0	0	0	0	0	0	0	0	0	0	0	0	0	0	0	0	0	0	0	0	0	0	0	0	0	0	0	0	0	0	0	0	0	0	0	0	0	0	0	0	0	0	0	0	0	0	0	0	0	0	0	0	0	0	0	0	0	0	0	0	0	0	0
Pantanalinema	0	0	0	0	0	0	0	0	0	0	0	0	0	0	0	0	0	0	0	0	0	0	0	0	0	0	0	0	0	0	0	0	0	0	0	0	0	0	0	0	0	0	0	0	0	0	0	0	0	0	0	0	0	0	0	0	0	0	0	0	0	0	0	0	0	0	0	0	0	0	0	0	0	0	0	0	0	0	0	0	0
Pantoea	0.08211248792621459	0.0027739327901638	0.0006093783667313	0.0012047609831623	0.0010233550895967	0.0007744736668985	0.0010250327931947	0.0013714189050398	0.0011319343121839	0.0010001717466635	0.0008745217459200999	0.0012167444882547	0.0005990090915461	0.0006892963974509	0.0012158783436654	0.0010458896438142	0.0014586918813054	0.0007992543675656	0.0007825830371918999	0.000960441161214	0.0007422836787686	0.0007227324270102	0.0006282024852214	0.0013015781635232	0.0015497894486262	0.0023807945256398	0.0008986492517689	0.0004000900961612	0.0011578793975412	0.0007357291431806	0.0009289980092899	0.001605735064074	0.0009269666252485	0.0006992025311671	0.0007081746120446	0.0010454708199069	0.0006922391382182	0.000661495368648	0.001396803121673	0.001047031345829	0.0013618374722918	0.0007341371599301	0.0008426299162900001	0.0004828319041635	0.0007151062607696	0.00110374972131	0.0009055052614067	0.0009245194767	0.0010748389962247	0.0007872576135658	0.0031489387770023	0.0002635921185131	0.0012874742193742	0.0016435637799783	0.0011028702751349	0.0005741639848393	0.0009267639384346	0.0005836581980442	0.000832289554766	0.0007361638677862	0.0007270770866667999	0.0007340427926173	0.0010846242720049	0.0010782377157917	0.000407390811338	0.00112872542153	0.0009143673192477	0.0011159825671775	0.0010205019081647	0.0014444918742567	0.0010815617315875	0.0011774952841018	0.0014233272526631	0.0011078881637257	0.0013252785846024	0.0010233367999966	0.0004514916376887	0.0005912210579679	0.0010079326742825	0.0011024346568749	0.0013465717522996
Papillibacter	0	0	0	0	0	0	0	0	0	0	0	0	0	0	0	0	0	0	0	0	0	0	0	0	0	0	0	0	0	0	0	0	0	0	0	0	0	0	0	0	0	0	0	0	0	0	0	0	0	0	0	0	0	0	0	0	0	0	0	0	0	0	0	0	0	0	0	0	0	0	0	0	0	0	0	0	0	0	0	0	0
Parabacteroides	0.0004065873595195215	3.694472084568929e-06	1.683365653953889e-06	0	2.658065167783718e-06	3.986994424188298e-06	0	6.041492973743672e-06	1.619362392251675e-06	1.010274491579362e-05	0	1.532423788733927e-06	1.038144006145812e-06	7.803355442840421e-06	1.167616847309966e-05	9.88553538576819e-07	1.130768900236783e-05	1.69154363505961e-06	3.207307529475156e-06	4.812901141941011e-06	4.930628300999618e-06	7.268860616482453e-06	3.045092027248701e-07	9.386380986946674e-06	4.925178332498789e-06	5.434363217621249e-07	1.206240606401278e-06	0	6.777830619753536e-06	0	0	2.071916211708398e-05	0	6.749059181150148e-06	1.044505327499423e-06	0	4.378181478541073e-06	7.664384841733401e-06	4.665341087752267e-06	0	0	3.815115159251082e-06	1.952038416116029e-05	5.702739025553973e-06	8.615738081562321e-06	1.467996304319304e-05	0	3.128661511675383e-06	0	1.001812445682981e-05	3.952229403203479e-06	6.602182054179817e-07	8.897541253450021e-06	1.09166597932142e-05	1.607096940087426e-05	4.871989688921022e-07	0	3.137947301313022e-06	2.15247298646402e-05	5.206250833000133e-06	1.268895439209123e-06	2.59684950218395e-06	0	2.307116572493335e-05	0	2.356848360888819e-05	4.451642255344419e-06	2.610485537257502e-06	9.931892050265304e-06	1.270441402160767e-06	3.629401783850977e-06	1.183412345830957e-06	0	6.714473719549861e-06	1.606398284366632e-05	6.942583446381734e-07	0	3.453394030186808e-06	3.487656312396352e-06	4.960335913948092e-06	6.887835050126219e-06
Parablastomonas	0	0	0	0	0	0	0	0	0	0	0	0	0	0	0	0	0	0	0	0	0	0	0	0	0	0	0	0	0	0	0	0	0	0	0	0	0	0	0	0	0	0	0	0	0	0	0	0	0	0	0	0	0	0	0	0	0	0	0	0	0	0	0	0	0	0	0	0	0	0	0	0	0	0	0	0	0	0	0	0	0
Parablautia	0	0	0	0	0	0	0	0	0	0	0	0	0	0	0	0	0	0	0	0	0	0	0	0	0	0	0	0	0	0	0	0	0	0	0	0	0	0	0	0	0	0	0	0	0	0	0	0	0	0	0	0	0	0	0	0	0	0	0	0	0	0	0	0	0	0	0	0	0	0	0	0	0	0	0	0	0	0	0	0	0
Paraburkholderia	0.1090074558079847	0.0009180763130153	0.0011009211376858	0.0009434875169343	0.0010034196008383	0.0011751666065295	0.0016167503187681	0.0024075349500368	0.0018687442006584	0.0010102744915793	0.0011087686421488	0.0009608297155360999	0.0017191664741774	0.001659513590844	0.0030646050185728	0.0016726325872719	0.0027206299739697	0.0013024885989958	0.0014978126162648	0.0016764938977761	0.001299892915718	0.0013146253629238	0.0004424518715592	0.0016801621966634	0.0012936801753363	0.0017379093569952	0.0014933258707247	0.0004929789955735	0.0026783727332392	0.0012951545285484	0.0016478655164786	0.0013260263754933	0.0008031075452579	0.001314716728488	0.0020346963779688	0.0009881847475832	0.0016598172449757	0.0012015397159578	0.0019006599591502	0.0014776059213455	0.000136353923733	0.0014513788098693	0.0010963949103851	0.0006852791395707	0.001101378518093	0.0006817007838182001	0.0017878464347309	0.001994521713693	0.0029402620475238	0.0015302685107807	0.0006906520882098	0.0002215032079177	0.0017973033331969	0.0011486752026859	0.0015588840318848	0.0002618694457795	0.0019824335491259	0.0011307070109064	0.0013201834316979	0.0009725276556044	0.0013945160876908	0.0012863061200817	0.0001744830350616	0.001622445801421	0.0004459326476008	0.0011533186218175	0.002029948868437	0.0010128683884559	0.0019019573276258	0.0013047433200191	0.0007875801870956	0.0009526469383939	0.001580974258496	0.0010340289528106	0.0015054963921298	0.0017661932287595	0.0002494959103062	0.0008419374645595	0.0017978868290403	0.0019965352053641	0.0021679460820272
Paracandidimonas	0	0	0	0	0	0	0	0	0	0	0	0	0	0	0	0	0	0	0	0	0	0	0	0	0	0	0	0	0	0	0	0	0	0	0	0	0	0	0	0	0	0	0	0	0	0	0	0	0	0	0	0	0	0	0	0	0	0	0	0	0	0	0	0	0	0	0	0	0	0	0	0	0	0	0	0	0	0	0	0	0
Parachlamydia	0	0	0	0	0	0	0	0	0	0	0	0	0	0	0	0	0	0	0	0	0	0	0	0	0	0	0	0	0	0	0	0	0	0	0	0	0	0	0	0	0	0	0	0	0	0	0	0	0	0	0	0	0	0	0	0	0	0	0	0	0	0	0	0	0	0	0	0	0	0	0	0	0	0	0	0	0	0	0	0	0
Paracholeplasma	0	0	0	0	0	0	0	0	0	0	0	0	0	0	0	0	0	0	0	0	0	0	0	0	0	0	0	0	0	0	0	0	0	0	0	0	0	0	0	0	0	0	0	0	0	0	0	0	0	0	0	0	0	0	0	0	0	0	0	0	0	0	0	0	0	0	0	0	0	0	0	0	0	0	0	0	0	0	0	0	0
Paracidovorax	0	0	0	0	0	0	0	0	0	0	0	0	0	0	0	0	0	0	0	0	0	0	0	0	0	0	0	0	0	0	0	0	0	0	0	0	0	0	0	0	0	0	0	0	0	0	0	0	0	0	0	0	0	0	0	0	0	0	0	0	0	0	0	0	0	0	0	0	0	0	0	0	0	0	0	0	0	0	0	0	0
Paraclostridium	0	0	0	0	0	0	0	0	0	0	0	0	0	0	0	0	0	0	0	0	0	0	0	0	0	0	0	0	0	0	0	0	0	0	0	0	0	0	0	0	0	0	0	0	0	0	0	0	0	0	0	0	0	0	0	0	0	0	0	0	0	0	0	0	0	0	0	0	0	0	0	0	0	0	0	0	0	0	0	0	0
Paracnuella	0	0	0	0	0	0	0	0	0	0	0	0	0	0	0	0	0	0	0	0	0	0	0	0	0	0	0	0	0	0	0	0	0	0	0	0	0	0	0	0	0	0	0	0	0	0	0	0	0	0	0	0	0	0	0	0	0	0	0	0	0	0	0	0	0	0	0	0	0	0	0	0	0	0	0	0	0	0	0	0	0
Paracoccus	0.01182558700429764	0.0001114499078844	0.0001481361775479	0.0001016063479775	0.0001807484314092	5.382442472654202e-05	6.152814978308055e-05	9.515351433646284e-05	0.0001036391931041	0.0001515411737369	0.0003435621144686	0.0002267987207326	0.0003425875220281	0.0002679152035375	0.0001408924329087	0.0001255462993992	5.201536941089202e-05	0.0001446269807975	0.0001507434538853	9.786232321946724e-05	0.0001586765835048	0.0001495308469676	3.16689570833865e-05	0.0002315307310113	0.0001231294583124	9.944884688246886e-05	0.0001712861661089	9.713871833960789e-06	9.375999023992392e-05	0.0001407039605622	0.0002101305021013	9.79451300080334e-05	0.0001996239427507	0.0001282321244418	8.147141554495499e-05	0.0003723594701038	0.0001478852410529	7.6643848417334e-05	6.811397988118309e-05	9.136582456081392e-05	2.339926928336441e-06	0.0001994760211836	0.0002114708284125	0.0001967444963816	0.0001321079839172	3.853490298838173e-05	0.000172677747524	9.07311838385861e-05	0.0001243615367532	6.929202749307288e-05	0.0001600652908297	4.109858328726936e-05	0.0001121090197934	0.0002462313264469	0.0002008871175109	3.921951699581423e-05	9.091242148626885e-05	0.0001663112069695	0.0001486231347796	0.0002561475409836	0.0002797914443456	0.0001203206936011	0	7.93919526416824e-05	1.512857124332362e-05	3.740215877062691e-05	0.0002955890457548	0.0001487976756236	0.0001191827046031	0.0001448303198463	0.0001624157298273	0.0002923028494202	0.000522487219332	0.0001678618429887	0.0002916616885053	0.0001485712857525	2.207079206555025e-05	0.0001471145856859	0.0003156328962718	0.0001599708332248	7.23222680263253e-05
Paraconexibacter	0	0	0	0	0	0	0	0	0	0	0	0	0	0	0	0	0	0	0	0	0	0	0	0	0	0	0	0	0	0	0	0	0	0	0	0	0	0	0	0	0	0	0	0	0	0	0	0	0	0	0	0	0	0	0	0	0	0	0	0	0	0	0	0	0	0	0	0	0	0	0	0	0	0	0	0	0	0	0	0	0
Paracraurococcus	0	0	0	0	0	0	0	0	0	0	0	0	0	0	0	0	0	0	0	0	0	0	0	0	0	0	0	0	0	0	0	0	0	0	0	0	0	0	0	0	0	0	0	0	0	0	0	0	0	0	0	0	0	0	0	0	0	0	0	0	0	0	0	0	0	0	0	0	0	0	0	0	0	0	0	0	0	0	0	0	0
Paracrocinitomix	0	0	0	0	0	0	0	0	0	0	0	0	0	0	0	0	0	0	0	0	0	0	0	0	0	0	0	0	0	0	0	0	0	0	0	0	0	0	0	0	0	0	0	0	0	0	0	0	0	0	0	0	0	0	0	0	0	0	0	0	0	0	0	0	0	0	0	0	0	0	0	0	0	0	0	0	0	0	0	0	0
Paractinoplanes	0	0	0	0	0	0	0	0	0	0	0	0	0	0	0	0	0	0	0	0	0	0	0	0	0	0	0	0	0	0	0	0	0	0	0	0	0	0	0	0	0	0	0	0	0	0	0	0	0	0	0	0	0	0	0	0	0	0	0	0	0	0	0	0	0	0	0	0	0	0	0	0	0	0	0	0	0	0	0	0	0
Paradevosia	0	0	0	0	0	0	0	0	0	0	0	0	0	0	0	0	0	0	0	0	0	0	0	0	0	0	0	0	0	0	0	0	0	0	0	0	0	0	0	0	0	0	0	0	0	0	0	0	0	0	0	0	0	0	0	0	0	0	0	0	0	0	0	0	0	0	0	0	0	0	0	0	0	0	0	0	0	0	0	0	0
Paraeggerthella	0	0	0	0	0	0	0	0	0	0	0	0	0	0	0	0	0	0	0	0	0	0	0	0	0	0	0	0	0	0	0	0	0	0	0	0	0	0	0	0	0	0	0	0	0	0	0	0	0	0	0	0	0	0	0	0	0	0	0	0	0	0	0	0	0	0	0	0	0	0	0	0	0	0	0	0	0	0	0	0	0
Parafannyhessea	0	0	0	0	0	0	0	0	0	0	0	0	0	0	0	0	0	0	0	0	0	0	0	0	0	0	0	0	0	0	0	0	0	0	0	0	0	0	0	0	0	0	0	0	0	0	0	0	0	0	0	0	0	0	0	0	0	0	0	0	0	0	0	0	0	0	0	0	0	0	0	0	0	0	0	0	0	0	0	0	0
Paraferrimonas	0	0	0	0	0	0	0	0	0	0	0	0	0	0	0	0	0	0	0	0	0	0	0	0	0	0	0	0	0	0	0	0	0	0	0	0	0	0	0	0	0	0	0	0	0	0	0	0	0	0	0	0	0	0	0	0	0	0	0	0	0	0	0	0	0	0	0	0	0	0	0	0	0	0	0	0	0	0	0	0	0
Parafilimonas	0	0	0	0	0	0	0	0	0	0	0	0	0	0	0	0	0	0	0	0	0	0	0	0	0	0	0	0	0	0	0	0	0	0	0	0	0	0	0	0	0	0	0	0	0	0	0	0	0	0	0	0	0	0	0	0	0	0	0	0	0	0	0	0	0	0	0	0	0	0	0	0	0	0	0	0	0	0	0	0	0
Paraflavitalea	0	0	0	0	0	0	0	0	0	0	0	0	0	0	0	0	0	0	0	0	0	0	0	0	0	0	0	0	0	0	0	0	0	0	0	0	0	0	0	0	0	0	0	0	0	0	0	0	0	0	0	0	0	0	0	0	0	0	0	0	0	0	0	0	0	0	0	0	0	0	0	0	0	0	0	0	0	0	0	0	0
Parafrankia	0	0	0	0	0	0	0	0	0	0	0	0	0	0	0	0	0	0	0	0	0	0	0	0	0	0	0	0	0	0	0	0	0	0	0	0	0	0	0	0	0	0	0	0	0	0	0	0	0	0	0	0	0	0	0	0	0	0	0	0	0	0	0	0	0	0	0	0	0	0	0	0	0	0	0	0	0	0	0	0	0
Parafrigoribacterium	0	0	0	0	0	0	0	0	0	0	0	0	0	0	0	0	0	0	0	0	0	0	0	0	0	0	0	0	0	0	0	0	0	0	0	0	0	0	0	0	0	0	0	0	0	0	0	0	0	0	0	0	0	0	0	0	0	0	0	0	0	0	0	0	0	0	0	0	0	0	0	0	0	0	0	0	0	0	0	0	0
Paragemmobacter	0	0	0	0	0	0	0	0	0	0	0	0	0	0	0	0	0	0	0	0	0	0	0	0	0	0	0	0	0	0	0	0	0	0	0	0	0	0	0	0	0	0	0	0	0	0	0	0	0	0	0	0	0	0	0	0	0	0	0	0	0	0	0	0	0	0	0	0	0	0	0	0	0	0	0	0	0	0	0	0	0
Parageobacillus	0	0	0	0	0	0	0	0	0	0	0	0	0	0	0	0	0	0	0	0	0	0	0	0	0	0	0	0	0	0	0	0	0	0	0	0	0	0	0	0	0	0	0	0	0	0	0	0	0	0	0	0	0	0	0	0	0	0	0	0	0	0	0	0	0	0	0	0	0	0	0	0	0	0	0	0	0	0	0	0	0
Paraglaciecola	0	0	0	0	0	0	0	0	0	0	0	0	0	0	0	0	0	0	0	0	0	0	0	0	0	0	0	0	0	0	0	0	0	0	0	0	0	0	0	0	0	0	0	0	0	0	0	0	0	0	0	0	0	0	0	0	0	0	0	0	0	0	0	0	0	0	0	0	0	0	0	0	0	0	0	0	0	0	0	0	0
Parahaliea	0	0	0	0	0	0	0	0	0	0	0	0	0	0	0	0	0	0	0	0	0	0	0	0	0	0	0	0	0	0	0	0	0	0	0	0	0	0	0	0	0	0	0	0	0	0	0	0	0	0	0	0	0	0	0	0	0	0	0	0	0	0	0	0	0	0	0	0	0	0	0	0	0	0	0	0	0	0	0	0	0
Paralcaligenes	0	0	0	0	0	0	0	0	0	0	0	0	0	0	0	0	0	0	0	0	0	0	0	0	0	0	0	0	0	0	0	0	0	0	0	0	0	0	0	0	0	0	0	0	0	0	0	0	0	0	0	0	0	0	0	0	0	0	0	0	0	0	0	0	0	0	0	0	0	0	0	0	0	0	0	0	0	0	0	0	0
Paraliobacillus	0	0	0	0	0	0	0	0	0	0	0	0	0	0	0	0	0	0	0	0	0	0	0	0	0	0	0	0	0	0	0	0	0	0	0	0	0	0	0	0	0	0	0	0	0	0	0	0	0	0	0	0	0	0	0	0	0	0	0	0	0	0	0	0	0	0	0	0	0	0	0	0	0	0	0	0	0	0	0	0	0
Paralysiella	0	0	0	0	0	0	0	0	0	0	0	0	0	0	0	0	0	0	0	0	0	0	0	0	0	0	0	0	0	0	0	0	0	0	0	0	0	0	0	0	0	0	0	0	0	0	0	0	0	0	0	0	0	0	0	0	0	0	0	0	0	0	0	0	0	0	0	0	0	0	0	0	0	0	0	0	0	0	0	0	0
Paramagnetospirillum	0	0	0	0	0	0	0	0	0	0	0	0	0	0	0	0	0	0	0	0	0	0	0	0	0	0	0	0	0	0	0	0	0	0	0	0	0	0	0	0	0	0	0	0	0	0	0	0	0	0	0	0	0	0	0	0	0	0	0	0	0	0	0	0	0	0	0	0	0	0	0	0	0	0	0	0	0	0	0	0	0
Paramicrobacterium	0	0	0	0	0	0	0	0	0	0	0	0	0	0	0	0	0	0	0	0	0	0	0	0	0	0	0	0	0	0	0	0	0	0	0	0	0	0	0	0	0	0	0	0	0	0	0	0	0	0	0	0	0	0	0	0	0	0	0	0	0	0	0	0	0	0	0	0	0	0	0	0	0	0	0	0	0	0	0	0	0
Paramixta	0	0	0	0	0	0	0	0	0	0	0	0	0	0	0	0	0	0	0	0	0	0	0	0	0	0	0	0	0	0	0	0	0	0	0	0	0	0	0	0	0	0	0	0	0	0	0	0	0	0	0	0	0	0	0	0	0	0	0	0	0	0	0	0	0	0	0	0	0	0	0	0	0	0	0	0	0	0	0	0	0
Paramuribaculum	0	0	0	0	0	0	0	0	0	0	0	0	0	0	0	0	0	0	0	0	0	0	0	0	0	0	0	0	0	0	0	0	0	0	0	0	0	0	0	0	0	0	0	0	0	0	0	0	0	0	0	0	0	0	0	0	0	0	0	0	0	0	0	0	0	0	0	0	0	0	0	0	0	0	0	0	0	0	0	0	0
Paramylibacter	0	0	0	0	0	0	0	0	0	0	0	0	0	0	0	0	0	0	0	0	0	0	0	0	0	0	0	0	0	0	0	0	0	0	0	0	0	0	0	0	0	0	0	0	0	0	0	0	0	0	0	0	0	0	0	0	0	0	0	0	0	0	0	0	0	0	0	0	0	0	0	0	0	0	0	0	0	0	0	0	0
Paraneptunicella	0	0	0	0	0	0	0	0	0	0	0	0	0	0	0	0	0	0	0	0	0	0	0	0	0	0	0	0	0	0	0	0	0	0	0	0	0	0	0	0	0	0	0	0	0	0	0	0	0	0	0	0	0	0	0	0	0	0	0	0	0	0	0	0	0	0	0	0	0	0	0	0	0	0	0	0	0	0	0	0	0
Paranoxybacillus	0	0	0	0	0	0	0	0	0	0	0	0	0	0	0	0	0	0	0	0	0	0	0	0	0	0	0	0	0	0	0	0	0	0	0	0	0	0	0	0	0	0	0	0	0	0	0	0	0	0	0	0	0	0	0	0	0	0	0	0	0	0	0	0	0	0	0	0	0	0	0	0	0	0	0	0	0	0	0	0	0
Paraoerskovia	0	0	0	0	0	0	0	0	0	0	0	0	0	0	0	0	0	0	0	0	0	0	0	0	0	0	0	0	0	0	0	0	0	0	0	0	0	0	0	0	0	0	0	0	0	0	0	0	0	0	0	0	0	0	0	0	0	0	0	0	0	0	0	0	0	0	0	0	0	0	0	0	0	0	0	0	0	0	0	0	0
Parapedobacter	0	0	0	0	0	0	0	0	0	0	0	0	0	0	0	0	0	0	0	0	0	0	0	0	0	0	0	0	0	0	0	0	0	0	0	0	0	0	0	0	0	0	0	0	0	0	0	0	0	0	0	0	0	0	0	0	0	0	0	0	0	0	0	0	0	0	0	0	0	0	0	0	0	0	0	0	0	0	0	0	0
Paraperibacillus	0	0	0	0	0	0	0	0	0	0	0	0	0	0	0	0	0	0	0	0	0	0	0	0	0	0	0	0	0	0	0	0	0	0	0	0	0	0	0	0	0	0	0	0	0	0	0	0	0	0	0	0	0	0	0	0	0	0	0	0	0	0	0	0	0	0	0	0	0	0	0	0	0	0	0	0	0	0	0	0	0
Paraperlucidibaca	0	0	0	0	0	0	0	0	0	0	0	0	0	0	0	0	0	0	0	0	0	0	0	0	0	0	0	0	0	0	0	0	0	0	0	0	0	0	0	0	0	0	0	0	0	0	0	0	0	0	0	0	0	0	0	0	0	0	0	0	0	0	0	0	0	0	0	0	0	0	0	0	0	0	0	0	0	0	0	0	0
Paraphotobacterium	0	0	0	0	0	0	0	0	0	0	0	0	0	0	0	0	0	0	0	0	0	0	0	0	0	0	0	0	0	0	0	0	0	0	0	0	0	0	0	0	0	0	0	0	0	0	0	0	0	0	0	0	0	0	0	0	0	0	0	0	0	0	0	0	0	0	0	0	0	0	0	0	0	0	0	0	0	0	0	0	0
Paraprevotella	0	0	0	0	0	0	0	0	0	0	0	0	0	0	0	0	0	0	0	0	0	0	0	0	0	0	0	0	0	0	0	0	0	0	0	0	0	0	0	0	0	0	0	0	0	0	0	0	0	0	0	0	0	0	0	0	0	0	0	0	0	0	0	0	0	0	0	0	0	0	0	0	0	0	0	0	0	0	0	0	0
Parapusillimonas	0	0	0	0	0	0	0	0	0	0	0	0	0	0	0	0	0	0	0	0	0	0	0	0	0	0	0	0	0	0	0	0	0	0	0	0	0	0	0	0	0	0	0	0	0	0	0	0	0	0	0	0	0	0	0	0	0	0	0	0	0	0	0	0	0	0	0	0	0	0	0	0	0	0	0	0	0	0	0	0	0
Pararhizobium	0	0	0	0	0	0	0	0	0	0	0	0	0	0	0	0	0	0	0	0	0	0	0	0	0	0	0	0	0	0	0	0	0	0	0	0	0	0	0	0	0	0	0	0	0	0	0	0	0	0	0	0	0	0	0	0	0	0	0	0	0	0	0	0	0	0	0	0	0	0	0	0	0	0	0	0	0	0	0	0	0
Pararhodobacter	0	0	0	0	0	0	0	0	0	0	0	0	0	0	0	0	0	0	0	0	0	0	0	0	0	0	0	0	0	0	0	0	0	0	0	0	0	0	0	0	0	0	0	0	0	0	0	0	0	0	0	0	0	0	0	0	0	0	0	0	0	0	0	0	0	0	0	0	0	0	0	0	0	0	0	0	0	0	0	0	0
Pararhodospirillum	0	0	0	0	0	0	0	0	0	0	0	0	0	0	0	0	0	0	0	0	0	0	0	0	0	0	0	0	0	0	0	0	0	0	0	0	0	0	0	0	0	0	0	0	0	0	0	0	0	0	0	0	0	0	0	0	0	0	0	0	0	0	0	0	0	0	0	0	0	0	0	0	0	0	0	0	0	0	0	0	0
Pararobbsia	0	0	0	0	0	0	0	0	0	0	0	0	0	0	0	0	0	0	0	0	0	0	0	0	0	0	0	0	0	0	0	0	0	0	0	0	0	0	0	0	0	0	0	0	0	0	0	0	0	0	0	0	0	0	0	0	0	0	0	0	0	0	0	0	0	0	0	0	0	0	0	0	0	0	0	0	0	0	0	0	0
Pararoseomonas	0	0	0	0	0	0	0	0	0	0	0	0	0	0	0	0	0	0	0	0	0	0	0	0	0	0	0	0	0	0	0	0	0	0	0	0	0	0	0	0	0	0	0	0	0	0	0	0	0	0	0	0	0	0	0	0	0	0	0	0	0	0	0	0	0	0	0	0	0	0	0	0	0	0	0	0	0	0	0	0	0
Parasaccharibacter	0	0	0	0	0	0	0	0	0	0	0	0	0	0	0	0	0	0	0	0	0	0	0	0	0	0	0	0	0	0	0	0	0	0	0	0	0	0	0	0	0	0	0	0	0	0	0	0	0	0	0	0	0	0	0	0	0	0	0	0	0	0	0	0	0	0	0	0	0	0	0	0	0	0	0	0	0	0	0	0	0
Parasalinivibrio	0	0	0	0	0	0	0	0	0	0	0	0	0	0	0	0	0	0	0	0	0	0	0	0	0	0	0	0	0	0	0	0	0	0	0	0	0	0	0	0	0	0	0	0	0	0	0	0	0	0	0	0	0	0	0	0	0	0	0	0	0	0	0	0	0	0	0	0	0	0	0	0	0	0	0	0	0	0	0	0	0
Parascardovia	0	0	0	0	0	0	0	0	0	0	0	0	0	0	0	0	0	0	0	0	0	0	0	0	0	0	0	0	0	0	0	0	0	0	0	0	0	0	0	0	0	0	0	0	0	0	0	0	0	0	0	0	0	0	0	0	0	0	0	0	0	0	0	0	0	0	0	0	0	0	0	0	0	0	0	0	0	0	0	0	0
Parasedimentitalea	0	0	0	0	0	0	0	0	0	0	0	0	0	0	0	0	0	0	0	0	0	0	0	0	0	0	0	0	0	0	0	0	0	0	0	0	0	0	0	0	0	0	0	0	0	0	0	0	0	0	0	0	0	0	0	0	0	0	0	0	0	0	0	0	0	0	0	0	0	0	0	0	0	0	0	0	0	0	0	0	0
Parasediminibacterium	0	0	0	0	0	0	0	0	0	0	0	0	0	0	0	0	0	0	0	0	0	0	0	0	0	0	0	0	0	0	0	0	0	0	0	0	0	0	0	0	0	0	0	0	0	0	0	0	0	0	0	0	0	0	0	0	0	0	0	0	0	0	0	0	0	0	0	0	0	0	0	0	0	0	0	0	0	0	0	0	0
Parashewanella	0	0	0	0	0	0	0	0	0	0	0	0	0	0	0	0	0	0	0	0	0	0	0	0	0	0	0	0	0	0	0	0	0	0	0	0	0	0	0	0	0	0	0	0	0	0	0	0	0	0	0	0	0	0	0	0	0	0	0	0	0	0	0	0	0	0	0	0	0	0	0	0	0	0	0	0	0	0	0	0	0
Parasphaerochaeta	0	0	0	0	0	0	0	0	0	0	0	0	0	0	0	0	0	0	0	0	0	0	0	0	0	0	0	0	0	0	0	0	0	0	0	0	0	0	0	0	0	0	0	0	0	0	0	0	0	0	0	0	0	0	0	0	0	0	0	0	0	0	0	0	0	0	0	0	0	0	0	0	0	0	0	0	0	0	0	0	0
Parasphingopyxis	0	0	0	0	0	0	0	0	0	0	0	0	0	0	0	0	0	0	0	0	0	0	0	0	0	0	0	0	0	0	0	0	0	0	0	0	0	0	0	0	0	0	0	0	0	0	0	0	0	0	0	0	0	0	0	0	0	0	0	0	0	0	0	0	0	0	0	0	0	0	0	0	0	0	0	0	0	0	0	0	0
Parasphingorhabdus	0	0	0	0	0	0	0	0	0	0	0	0	0	0	0	0	0	0	0	0	0	0	0	0	0	0	0	0	0	0	0	0	0	0	0	0	0	0	0	0	0	0	0	0	0	0	0	0	0	0	0	0	0	0	0	0	0	0	0	0	0	0	0	0	0	0	0	0	0	0	0	0	0	0	0	0	0	0	0	0	0
Parasutterella	0	0	0	0	0	0	0	0	0	0	0	0	0	0	0	0	0	0	0	0	0	0	0	0	0	0	0	0	0	0	0	0	0	0	0	0	0	0	0	0	0	0	0	0	0	0	0	0	0	0	0	0	0	0	0	0	0	0	0	0	0	0	0	0	0	0	0	0	0	0	0	0	0	0	0	0	0	0	0	0	0
Parasynechococcus	0	0	0	0	0	0	0	0	0	0	0	0	0	0	0	0	0	0	0	0	0	0	0	0	0	0	0	0	0	0	0	0	0	0	0	0	0	0	0	0	0	0	0	0	0	0	0	0	0	0	0	0	0	0	0	0	0	0	0	0	0	0	0	0	0	0	0	0	0	0	0	0	0	0	0	0	0	0	0	0	0
Parathermosynechococcus	0	0	0	0	0	0	0	0	0	0	0	0	0	0	0	0	0	0	0	0	0	0	0	0	0	0	0	0	0	0	0	0	0	0	0	0	0	0	0	0	0	0	0	0	0	0	0	0	0	0	0	0	0	0	0	0	0	0	0	0	0	0	0	0	0	0	0	0	0	0	0	0	0	0	0	0	0	0	0	0	0
Paratractidigestivibacter	0	0	0	0	0	0	0	0	0	0	0	0	0	0	0	0	0	0	0	0	0	0	0	0	0	0	0	0	0	0	0	0	0	0	0	0	0	0	0	0	0	0	0	0	0	0	0	0	0	0	0	0	0	0	0	0	0	0	0	0	0	0	0	0	0	0	0	0	0	0	0	0	0	0	0	0	0	0	0	0	0
Paraurantiacibacter	0	0	0	0	0	0	0	0	0	0	0	0	0	0	0	0	0	0	0	0	0	0	0	0	0	0	0	0	0	0	0	0	0	0	0	0	0	0	0	0	0	0	0	0	0	0	0	0	0	0	0	0	0	0	0	0	0	0	0	0	0	0	0	0	0	0	0	0	0	0	0	0	0	0	0	0	0	0	0	0	0
Parazoarcus	0	0	0	0	0	0	0	0	0	0	0	0	0	0	0	0	0	0	0	0	0	0	0	0	0	0	0	0	0	0	0	0	0	0	0	0	0	0	0	0	0	0	0	0	0	0	0	0	0	0	0	0	0	0	0	0	0	0	0	0	0	0	0	0	0	0	0	0	0	0	0	0	0	0	0	0	0	0	0	0	0
Parelusimicrobium	0	0	0	0	0	0	0	0	0	0	0	0	0	0	0	0	0	0	0	0	0	0	0	0	0	0	0	0	0	0	0	0	0	0	0	0	0	0	0	0	0	0	0	0	0	0	0	0	0	0	0	0	0	0	0	0	0	0	0	0	0	0	0	0	0	0	0	0	0	0	0	0	0	0	0	0	0	0	0	0	0
Paremcibacter	0	0	0	0	0	0	0	0	0	0	0	0	0	0	0	0	0	0	0	0	0	0	0	0	0	0	0	0	0	0	0	0	0	0	0	0	0	0	0	0	0	0	0	0	0	0	0	0	0	0	0	0	0	0	0	0	0	0	0	0	0	0	0	0	0	0	0	0	0	0	0	0	0	0	0	0	0	0	0	0	0
Parendozoicomonas	0	0	0	0	0	0	0	0	0	0	0	0	0	0	0	0	0	0	0	0	0	0	0	0	0	0	0	0	0	0	0	0	0	0	0	0	0	0	0	0	0	0	0	0	0	0	0	0	0	0	0	0	0	0	0	0	0	0	0	0	0	0	0	0	0	0	0	0	0	0	0	0	0	0	0	0	0	0	0	0	0
Parerythrobacter	0	0	0	0	0	0	0	0	0	0	0	0	0	0	0	0	0	0	0	0	0	0	0	0	0	0	0	0	0	0	0	0	0	0	0	0	0	0	0	0	0	0	0	0	0	0	0	0	0	0	0	0	0	0	0	0	0	0	0	0	0	0	0	0	0	0	0	0	0	0	0	0	0	0	0	0	0	0	0	0	0
Paroceanicella	0	0	0	0	0	0	0	0	0	0	0	0	0	0	0	0	0	0	0	0	0	0	0	0	0	0	0	0	0	0	0	0	0	0	0	0	0	0	0	0	0	0	0	0	0	0	0	0	0	0	0	0	0	0	0	0	0	0	0	0	0	0	0	0	0	0	0	0	0	0	0	0	0	0	0	0	0	0	0	0	0
Parolsenella	0	0	0	0	0	0	0	0	0	0	0	0	0	0	0	0	0	0	0	0	0	0	0	0	0	0	0	0	0	0	0	0	0	0	0	0	0	0	0	0	0	0	0	0	0	0	0	0	0	0	0	0	0	0	0	0	0	0	0	0	0	0	0	0	0	0	0	0	0	0	0	0	0	0	0	0	0	0	0	0	0
Parvibaculum	0	0	0	0	0	0	0	0	0	0	0	0	0	0	0	0	0	0	0	0	0	0	0	0	0	0	0	0	0	0	0	0	0	0	0	0	0	0	0	0	0	0	0	0	0	0	0	0	0	0	0	0	0	0	0	0	0	0	0	0	0	0	0	0	0	0	0	0	0	0	0	0	0	0	0	0	0	0	0	0	0
Parvicella	0	0	0	0	0	0	0	0	0	0	0	0	0	0	0	0	0	0	0	0	0	0	0	0	0	0	0	0	0	0	0	0	0	0	0	0	0	0	0	0	0	0	0	0	0	0	0	0	0	0	0	0	0	0	0	0	0	0	0	0	0	0	0	0	0	0	0	0	0	0	0	0	0	0	0	0	0	0	0	0	0
Parvimonas	0	0	0	0	0	0	0	0	0	0	0	0	0	0	0	0	0	0	0	0	0	0	0	0	0	0	0	0	0	0	0	0	0	0	0	0	0	0	0	0	0	0	0	0	0	0	0	0	0	0	0	0	0	0	0	0	0	0	0	0	0	0	0	0	0	0	0	0	0	0	0	0	0	0	0	0	0	0	0	0	0
Parvularcula	0	0	0	0	0	0	0	0	0	0	0	0	0	0	0	0	0	0	0	0	0	0	0	0	0	0	0	0	0	0	0	0	0	0	0	0	0	0	0	0	0	0	0	0	0	0	0	0	0	0	0	0	0	0	0	0	0	0	0	0	0	0	0	0	0	0	0	0	0	0	0	0	0	0	0	0	0	0	0	0	0
Pasteurella	0	0	0	0	0	0	0	0	0	0	0	0	0	0	0	0	0	0	0	0	0	0	0	0	0	0	0	0	0	0	0	0	0	0	0	0	0	0	0	0	0	0	0	0	0	0	0	0	0	0	0	0	0	0	0	0	0	0	0	0	0	0	0	0	0	0	0	0	0	0	0	0	0	0	0	0	0	0	0	0	0
Patiriisocius	0	0	0	0	0	0	0	0	0	0	0	0	0	0	0	0	0	0	0	0	0	0	0	0	0	0	0	0	0	0	0	0	0	0	0	0	0	0	0	0	0	0	0	0	0	0	0	0	0	0	0	0	0	0	0	0	0	0	0	0	0	0	0	0	0	0	0	0	0	0	0	0	0	0	0	0	0	0	0	0	0
Patulibacter	0	0	0	0	0	0	0	0	0	0	0	0	0	0	0	0	0	0	0	0	0	0	0	0	0	0	0	0	0	0	0	0	0	0	0	0	0	0	0	0	0	0	0	0	0	0	0	0	0	0	0	0	0	0	0	0	0	0	0	0	0	0	0	0	0	0	0	0	0	0	0	0	0	0	0	0	0	0	0	0	0
Paucibacter	0	0	0	0	0	0	0	0	0	0	0	0	0	0	0	0	0	0	0	0	0	0	0	0	0	0	0	0	0	0	0	0	0	0	0	0	0	0	0	0	0	0	0	0	0	0	0	0	0	0	0	0	0	0	0	0	0	0	0	0	0	0	0	0	0	0	0	0	0	0	0	0	0	0	0	0	0	0	0	0	0
Paucidesulfovibrio	0	0	0	0	0	0	0	0	0	0	0	0	0	0	0	0	0	0	0	0	0	0	0	0	0	0	0	0	0	0	0	0	0	0	0	0	0	0	0	0	0	0	0	0	0	0	0	0	0	0	0	0	0	0	0	0	0	0	0	0	0	0	0	0	0	0	0	0	0	0	0	0	0	0	0	0	0	0	0	0	0
Paucihalobacter	0	0	0	0	0	0	0	0	0	0	0	0	0	0	0	0	0	0	0	0	0	0	0	0	0	0	0	0	0	0	0	0	0	0	0	0	0	0	0	0	0	0	0	0	0	0	0	0	0	0	0	0	0	0	0	0	0	0	0	0	0	0	0	0	0	0	0	0	0	0	0	0	0	0	0	0	0	0	0	0	0
Paucilactobacillus	0	0	0	0	0	0	0	0	0	0	0	0	0	0	0	0	0	0	0	0	0	0	0	0	0	0	0	0	0	0	0	0	0	0	0	0	0	0	0	0	0	0	0	0	0	0	0	0	0	0	0	0	0	0	0	0	0	0	0	0	0	0	0	0	0	0	0	0	0	0	0	0	0	0	0	0	0	0	0	0	0
Paucisalibacillus	0	0	0	0	0	0	0	0	0	0	0	0	0	0	0	0	0	0	0	0	0	0	0	0	0	0	0	0	0	0	0	0	0	0	0	0	0	0	0	0	0	0	0	0	0	0	0	0	0	0	0	0	0	0	0	0	0	0	0	0	0	0	0	0	0	0	0	0	0	0	0	0	0	0	0	0	0	0	0	0	0
Pauljensenia	0	0	0	0	0	0	0	0	0	0	0	0	0	0	0	0	0	0	0	0	0	0	0	0	0	0	0	0	0	0	0	0	0	0	0	0	0	0	0	0	0	0	0	0	0	0	0	0	0	0	0	0	0	0	0	0	0	0	0	0	0	0	0	0	0	0	0	0	0	0	0	0	0	0	0	0	0	0	0	0	0
Pectinatus	0	0	0	0	0	0	0	0	0	0	0	0	0	0	0	0	0	0	0	0	0	0	0	0	0	0	0	0	0	0	0	0	0	0	0	0	0	0	0	0	0	0	0	0	0	0	0	0	0	0	0	0	0	0	0	0	0	0	0	0	0	0	0	0	0	0	0	0	0	0	0	0	0	0	0	0	0	0	0	0	0
Pectobacterium	0.09611761761365993	0.0010473828359752	0.0010638870932988	0.0012821753435262	0.0008638711795297	0.0009209957119874	0.0015761679221027	0.0017248462440038	0.0015092457495785	0.0011315074305688	0.0014367142968688	0.0010864884662123	0.0008310342769197	0.0008219534399791	0.0012213272222862	0.0013493755801573	0.0018906456011959	0.0014149762507273	0.0011161430202573	0.0011802303133626	0.0010367766600192	0.0009439134714832	0.0010472071481708	0.0012139719409784	0.0012936801753363	0.0012249054692518	0.0013485769979566	0.000495407463532	0.0015250118894445	0.0009340708707201	0.0011612475116124	0.002078508672382	0.0009809902665210001	0.0011203438240709	0.0008439603046195	0.0015037593984962	0.0009510383100608	0.0011667552001377	0.0015003736938211	0.0015574197450998	0.0016799611742306	0.0007701082457172999	0.0011517026655084	0.0007270992257581	0.0008730614589316	0.0014404713736133	0.0011181937065278	0.000963627745596	0.0015989340439706	0.0010928104094991	0.0010898272579333	0.0004971443086797	0.0018658144008484	0.0016690359861625	0.0013459436873232	0.0006716037786177	0.0009986797345357	0.0007792569131594	0.0010178122264565	0.0011307976809276	0.0012397108441073	0.0010231587038604	0.0018957345971563	0.0015091256638897	0.0007171663177489	0.0014884009757352	0.0011138008922871	0.000938469550644	0.0013308735347355	0.001715095892917	0.000802097794231	0.0012011635310184	0.0015134112559962	0.0013026079015926	0.0014703564296593	0.0014405860651242	0.0005913532874084	0.0008633485075467	0.0015293372929858	0.0012512447342934	0.0013018008244738
Pediococcus	0.003468396908065787	3.756046619311745e-05	1.346692523163111e-05	5.806077027288562e-05	9.701937862410572e-05	1.893822351489442e-05	1.440020526838055e-05	5.739418325056488e-05	2.752916066827848e-05	6.061646949476173e-05	6.24658389943e-05	6.742664670429278e-05	2.076288012291625e-05	3.901677721420211e-05	2.023869202003942e-05	3.855358800449594e-05	4.070768040852419e-05	3.721395997131142e-05	6.093884306002797e-05	3.422507478713608e-05	4.258269896317851e-05	4.880520699638218e-05	1.309389571716942e-05	7.821984155788895e-05	5.746041387915254e-05	4.564865102801849e-05	5.789954910726132e-05	8.499637854715691e-06	4.17966221551468e-05	4.068548257220402e-05	0.0001658925016589	5.179790529270996e-05	2.898829531694089e-05	3.239548406952071e-05	1.044505327499423e-05	7.160759040458288e-05	1.410747365307679e-05	2.829926710793871e-05	5.318488840037584e-05	2.4154183504583e-05	4.679853856672881e-06	3.760613514118924e-05	6.181454984367425e-05	2.661278211925188e-05	5.600229753015509e-05	1.100997228239478e-05	2.526991427181583e-05	3.441527662842921e-05	0	1.920140520892381e-05	0.0002094681583697	3.466145578444404e-06	5.249549339535513e-05	4.973145016908693e-05	9.642581640524556e-05	9.500379893395994e-06	2.03535271984184e-05	5.020715682100835e-05	2.357470413746308e-05	0.0001291150206584	7.359593547412913e-05	2.250602901892757e-05	1.414727311310745e-05	0.0001282485388827	2.521428540553936e-06	2.203140859091722e-05	4.006478029809977e-05	4.307301136474879e-05	2.731270313822959e-05	2.66792694453761e-05	6.986598433913131e-05	2.366824691661913e-05	1.351260049996622e-05	2.685789487819945e-05	2.861396944028064e-05	4.234975902292858e-05	2.878798965071772e-06	5.870769851317573e-05	4.359570390495439e-05	8.928604645106566e-05	2.582938143797332e-05
Pedobacter	0.01766576967988565	0.0001145286346216	0.0002137874380521	7.257596284110703e-05	0.0002126452134226	0.0002392196654512	6.807369763234443e-05	0.0003081161416609	4.696150937529857e-05	0.0003333905822211	0.0003123291949714	0.0001578396502395	0.0001230200647282	0.0002314995448042	0.0004172284201054	0.0001126951033977	0.0002374614690497	0.0001911444307617	0.0001667799915327	0.0008486749013622	0.0001689860790433	0.0002056049145805	0.0006294205220323	0.0002127579690374	0.0001740229677482	5.053957792387762e-05	0.000195410978237	0.0001390297906235	0.0006235604170173	0.00020003695598	0.0003760230037602	0.0002561641861748	0.0002892241282758	0.0002402665068489	0.0002214351294298	0.0001288936627282	0.0003847935055028	0.0002470290191297	0.0001184996636289	0.0001291723726549	5.2116554312948e-06	0.0001907557579625	0.0003611271069814	0.0001226088890494	0.0002369327972429	9.358476440035564e-05	0.0001305612237377	7.978086854772225e-05	0.0009060626249167	0.000540143876964	0.0001472205452693	0.0001833756065548	0.0001850688580717	0.0001467684261087	0.0002872685780406	1.437236958231702e-05	0.0001940369592915	0.0001903688029463	0.0001906476073725	0.0003050862988138	0.0002087332997499	0.0002657442657234	1.414727311310745e-05	0.0005421723945359	0.0002971683637081	0.0001798377771026	0.0001914206169798	0.0001775130165335	0.0004469351422619	8.257869114044984e-05	0.0001279364128807	6.153744198320975e-05	5.855460216652028e-05	0.0002215776327451	0.0003127456659876	9.789042659398244e-05	6.213407766279908e-05	0.000130538294341	7.14969544041252e-05	0.0001054071381713	9.98736082268302e-05
Pedococcus	0	0	0	0	0	0	0	0	0	0	0	0	0	0	0	0	0	0	0	0	0	0	0	0	0	0	0	0	0	0	0	0	0	0	0	0	0	0	0	0	0	0	0	0	0	0	0	0	0	0	0	0	0	0	0	0	0	0	0	0	0	0	0	0	0	0	0	0	0	0	0	0	0	0	0	0	0	0	0	0	0
Pedomonas	0	0	0	0	0	0	0	0	0	0	0	0	0	0	0	0	0	0	0	0	0	0	0	0	0	0	0	0	0	0	0	0	0	0	0	0	0	0	0	0	0	0	0	0	0	0	0	0	0	0	0	0	0	0	0	0	0	0	0	0	0	0	0	0	0	0	0	0	0	0	0	0	0	0	0	0	0	0	0	0	0
Pedosphaera	0	0	0	0	0	0	0	0	0	0	0	0	0	0	0	0	0	0	0	0	0	0	0	0	0	0	0	0	0	0	0	0	0	0	0	0	0	0	0	0	0	0	0	0	0	0	0	0	0	0	0	0	0	0	0	0	0	0	0	0	0	0	0	0	0	0	0	0	0	0	0	0	0	0	0	0	0	0	0	0	0
Pelagerythrobacter	0	0	0	0	0	0	0	0	0	0	0	0	0	0	0	0	0	0	0	0	0	0	0	0	0	0	0	0	0	0	0	0	0	0	0	0	0	0	0	0	0	0	0	0	0	0	0	0	0	0	0	0	0	0	0	0	0	0	0	0	0	0	0	0	0	0	0	0	0	0	0	0	0	0	0	0	0	0	0	0	0
Pelagibaca	0	0	0	0	0	0	0	0	0	0	0	0	0	0	0	0	0	0	0	0	0	0	0	0	0	0	0	0	0	0	0	0	0	0	0	0	0	0	0	0	0	0	0	0	0	0	0	0	0	0	0	0	0	0	0	0	0	0	0	0	0	0	0	0	0	0	0	0	0	0	0	0	0	0	0	0	0	0	0	0	0
Pelagibacterium	0	0	0	0	0	0	0	0	0	0	0	0	0	0	0	0	0	0	0	0	0	0	0	0	0	0	0	0	0	0	0	0	0	0	0	0	0	0	0	0	0	0	0	0	0	0	0	0	0	0	0	0	0	0	0	0	0	0	0	0	0	0	0	0	0	0	0	0	0	0	0	0	0	0	0	0	0	0	0	0	0
Pelagibius	0	0	0	0	0	0	0	0	0	0	0	0	0	0	0	0	0	0	0	0	0	0	0	0	0	0	0	0	0	0	0	0	0	0	0	0	0	0	0	0	0	0	0	0	0	0	0	0	0	0	0	0	0	0	0	0	0	0	0	0	0	0	0	0	0	0	0	0	0	0	0	0	0	0	0	0	0	0	0	0	0
Pelagicoccus	0	0	0	0	0	0	0	0	0	0	0	0	0	0	0	0	0	0	0	0	0	0	0	0	0	0	0	0	0	0	0	0	0	0	0	0	0	0	0	0	0	0	0	0	0	0	0	0	0	0	0	0	0	0	0	0	0	0	0	0	0	0	0	0	0	0	0	0	0	0	0	0	0	0	0	0	0	0	0	0	0
Pelagimonas	0	0	0	0	0	0	0	0	0	0	0	0	0	0	0	0	0	0	0	0	0	0	0	0	0	0	0	0	0	0	0	0	0	0	0	0	0	0	0	0	0	0	0	0	0	0	0	0	0	0	0	0	0	0	0	0	0	0	0	0	0	0	0	0	0	0	0	0	0	0	0	0	0	0	0	0	0	0	0	0	0
Pelagovum	0	0	0	0	0	0	0	0	0	0	0	0	0	0	0	0	0	0	0	0	0	0	0	0	0	0	0	0	0	0	0	0	0	0	0	0	0	0	0	0	0	0	0	0	0	0	0	0	0	0	0	0	0	0	0	0	0	0	0	0	0	0	0	0	0	0	0	0	0	0	0	0	0	0	0	0	0	0	0	0	0
Pelistega	0	0	0	0	0	0	0	0	0	0	0	0	0	0	0	0	0	0	0	0	0	0	0	0	0	0	0	0	0	0	0	0	0	0	0	0	0	0	0	0	0	0	0	0	0	0	0	0	0	0	0	0	0	0	0	0	0	0	0	0	0	0	0	0	0	0	0	0	0	0	0	0	0	0	0	0	0	0	0	0	0
Pelobacter	0.0002175312256424027	3.078726737140774e-06	0	4.838397522740468e-06	1.329032583891859e-06	0	0	2.869709162528244e-05	0	0	0	1.532423788733927e-06	3.114432018437438e-06	2.601118480946807e-06	3.113644926159911e-06	9.88553538576819e-07	1.130768900236783e-05	0	0	0	8.964778729090214e-07	1.038408659497493e-06	3.045092027248701e-07	0	0	0	1.206240606401278e-06	0	4.518553746502357e-06	0	0	3.767120384924361e-06	0	1.34981183623003e-06	3.133515982498269e-06	5.728607232366631e-05	1.945858434907144e-06	0	9.330682175504534e-07	8.401455132028868e-06	0	0	0	9.504565042589956e-07	1.435956346927053e-06	2.752493070598695e-06	0	3.128661511675383e-06	0	0	1.97611470160174e-06	1.650545513544954e-07	2.669262376035006e-06	0	6.026613525327848e-06	2.435994844460511e-07	4.070705439683679e-06	4.183929735084029e-06	0	4.165000666400107e-06	3.172238598022807e-06	1.731233001455967e-06	0	2.035691093376472e-06	0	3.074150035941937e-06	8.903284510688838e-07	2.610485537257502e-06	7.44891903769898e-06	1.270441402160767e-06	0	1.183412345830957e-06	9.008400333310812e-06	0	5.019994638645725e-07	1.388516689276347e-06	0	1.381357612074723e-06	0	1.240083978487023e-06	3.44391752506311e-06
Pelobium	0	0	0	0	0	0	0	0	0	0	0	0	0	0	0	0	0	0	0	0	0	0	0	0	0	0	0	0	0	0	0	0	0	0	0	0	0	0	0	0	0	0	0	0	0	0	0	0	0	0	0	0	0	0	0	0	0	0	0	0	0	0	0	0	0	0	0	0	0	0	0	0	0	0	0	0	0	0	0	0	0
Pelodictyon	8.65477448165901e-05	6.157453474281549e-07	1.683365653953889e-06	0	0	9.967486060470743e-07	0	3.020746486871836e-06	3.238724784503349e-06	0	0	1.532423788733927e-06	0	0	3.892056157699889e-06	0	4.523075600947132e-06	0	0	5.347667935490012e-07	1.344716809363532e-06	0	0	3.128793662315558e-06	0	0	1.206240606401278e-06	0	1.355566123950707e-05	0	0	9.417800962310902e-07	0	0	0	0	9.729292174535718e-07	0	1.866136435100907e-06	7.351273240525259e-06	1.063603149243837e-07	0	6.506794720386764e-06	0	1.435956346927053e-06	0	0	0	0	8.348437047358179e-07	1.97611470160174e-06	0	3.559016501380009e-06	1.212962199246023e-06	4.017742350218565e-06	0	0	0	0	0	0	8.656165007279835e-07	0	6.785636977921573e-07	0	1.024716678647313e-06	1.780656902137768e-06	0	0	1.270441402160767e-06	0	0	0	6.714473719549861e-06	5.019994638645725e-07	6.942583446381734e-07	0	0	0	1.240083978487023e-06	1.721958762531555e-06
Pelolinea	0	0	0	0	0	0	0	0	0	0	0	0	0	0	0	0	0	0	0	0	0	0	0	0	0	0	0	0	0	0	0	0	0	0	0	0	0	0	0	0	0	0	0	0	0	0	0	0	0	0	0	0	0	0	0	0	0	0	0	0	0	0	0	0	0	0	0	0	0	0	0	0	0	0	0	0	0	0	0	0	0
Pelomicrobium	0	0	0	0	0	0	0	0	0	0	0	0	0	0	0	0	0	0	0	0	0	0	0	0	0	0	0	0	0	0	0	0	0	0	0	0	0	0	0	0	0	0	0	0	0	0	0	0	0	0	0	0	0	0	0	0	0	0	0	0	0	0	0	0	0	0	0	0	0	0	0	0	0	0	0	0	0	0	0	0	0
Pelomonas	0	0	0	0	0	0	0	0	0	0	0	0	0	0	0	0	0	0	0	0	0	0	0	0	0	0	0	0	0	0	0	0	0	0	0	0	0	0	0	0	0	0	0	0	0	0	0	0	0	0	0	0	0	0	0	0	0	0	0	0	0	0	0	0	0	0	0	0	0	0	0	0	0	0	0	0	0	0	0	0	0
Pelosinus	0.1058764010302657	0.0004254800350728	0.00021715416936	0.0016450551577317	0.0003588387976508	0.000530270258417	0.0005851719777241	0.0104502724713331	0.0018347375904211	0.0007779113585161	0.0006090419301944	0.0007187067569162	0.0001681793289956	0.0003433476394849	0.000681888238829	0.0031267948425184	0.008600628255200899	0.0004482590632907	0.0012572645515542	0.0003069561394971	0.0003774171844946	0.0003530589442291	3.197346628611137e-05	0.0026094139143711	0.0014463607036438	0.0006135396072694	0.0007828501535544	2.428467958490197e-05	0.0008427102737226	0.0007492909707047	0.0006082725060827	0.0059388652868332	0.0002207063393448	0.0005142783096036	0.0001389192085574	0.0011027568922305	0.0003269042170644	0.0005547835489285	0.0011989926595523	0.0080895511102522	7.189957288888336e-05	0.0002419873043867	0.0018641966873908	0.0004334081659421	0.0009060884549109	0.0017359056298575	0.0020026407060414	0.0017160708391539	0.0005773928492116001	0.000233756237326	0.0008932038451239	2.640872821671927e-05	0.008430420337643799	0.0007095828865589	0.0027702333504757	0.000376848402438	0.0007775047389795	0.0004288527978461	0.0012115347952383	0.0008548663867785999	0.0006484055694358	0.0005505320944629	7.545212326990639e-05	0.0004017097090929	2.593469355998334e-05	0.0006184165155635999	0.0009855935953331999	0.0002962901084787	0.0026021557171695	0.0011243406409122	0.0005625572764969	0.0007893360346692	0.0015629574578294	0.0012891789541535	0.0012836126291017	0.0007824291544072	0.0002019957273825	0.0006602889385717	0.0006295219643875001	0.0022309110772981	0.0026810897932616
Pelotomaculum	0	0	0	0	0	0	0	0	0	0	0	0	0	0	0	0	0	0	0	0	0	0	0	0	0	0	0	0	0	0	0	0	0	0	0	0	0	0	0	0	0	0	0	0	0	0	0	0	0	0	0	0	0	0	0	0	0	0	0	0	0	0	0	0	0	0	0	0	0	0	0	0	0	0	0	0	0	0	0	0	0
Pendulispora	0	0	0	0	0	0	0	0	0	0	0	0	0	0	0	0	0	0	0	0	0	0	0	0	0	0	0	0	0	0	0	0	0	0	0	0	0	0	0	0	0	0	0	0	0	0	0	0	0	0	0	0	0	0	0	0	0	0	0	0	0	0	0	0	0	0	0	0	0	0	0	0	0	0	0	0	0	0	0	0	0
Pengzhenrongella	0	0	0	0	0	0	0	0	0	0	0	0	0	0	0	0	0	0	0	0	0	0	0	0	0	0	0	0	0	0	0	0	0	0	0	0	0	0	0	0	0	0	0	0	0	0	0	0	0	0	0	0	0	0	0	0	0	0	0	0	0	0	0	0	0	0	0	0	0	0	0	0	0	0	0	0	0	0	0	0	0
Peptacetobacter	0	0	0	0	0	0	0	0	0	0	0	0	0	0	0	0	0	0	0	0	0	0	0	0	0	0	0	0	0	0	0	0	0	0	0	0	0	0	0	0	0	0	0	0	0	0	0	0	0	0	0	0	0	0	0	0	0	0	0	0	0	0	0	0	0	0	0	0	0	0	0	0	0	0	0	0	0	0	0	0	0
Peptidiphaga	0	0	0	0	0	0	0	0	0	0	0	0	0	0	0	0	0	0	0	0	0	0	0	0	0	0	0	0	0	0	0	0	0	0	0	0	0	0	0	0	0	0	0	0	0	0	0	0	0	0	0	0	0	0	0	0	0	0	0	0	0	0	0	0	0	0	0	0	0	0	0	0	0	0	0	0	0	0	0	0	0
Peptoclostridium	0	0	0	0	0	0	0	0	0	0	0	0	0	0	0	0	0	0	0	0	0	0	0	0	0	0	0	0	0	0	0	0	0	0	0	0	0	0	0	0	0	0	0	0	0	0	0	0	0	0	0	0	0	0	0	0	0	0	0	0	0	0	0	0	0	0	0	0	0	0	0	0	0	0	0	0	0	0	0	0	0
Peptococcus	0	0	0	0	0	0	0	0	0	0	0	0	0	0	0	0	0	0	0	0	0	0	0	0	0	0	0	0	0	0	0	0	0	0	0	0	0	0	0	0	0	0	0	0	0	0	0	0	0	0	0	0	0	0	0	0	0	0	0	0	0	0	0	0	0	0	0	0	0	0	0	0	0	0	0	0	0	0	0	0	0
Peptoniphilus	0	0	0	0	0	0	0	0	0	0	0	0	0	0	0	0	0	0	0	0	0	0	0	0	0	0	0	0	0	0	0	0	0	0	0	0	0	0	0	0	0	0	0	0	0	0	0	0	0	0	0	0	0	0	0	0	0	0	0	0	0	0	0	0	0	0	0	0	0	0	0	0	0	0	0	0	0	0	0	0	0
Peptostreptococcus	0	0	0	0	0	0	0	0	0	0	0	0	0	0	0	0	0	0	0	0	0	0	0	0	0	0	0	0	0	0	0	0	0	0	0	0	0	0	0	0	0	0	0	0	0	0	0	0	0	0	0	0	0	0	0	0	0	0	0	0	0	0	0	0	0	0	0	0	0	0	0	0	0	0	0	0	0	0	0	0	0
Peredibacter	0	0	0	0	0	0	0	0	0	0	0	0	0	0	0	0	0	0	0	0	0	0	0	0	0	0	0	0	0	0	0	0	0	0	0	0	0	0	0	0	0	0	0	0	0	0	0	0	0	0	0	0	0	0	0	0	0	0	0	0	0	0	0	0	0	0	0	0	0	0	0	0	0	0	0	0	0	0	0	0	0
Peribacillus	0	0	0	0	0	0	0	0	0	0	0	0	0	0	0	0	0	0	0	0	0	0	0	0	0	0	0	0	0	0	0	0	0	0	0	0	0	0	0	0	0	0	0	0	0	0	0	0	0	0	0	0	0	0	0	0	0	0	0	0	0	0	0	0	0	0	0	0	0	0	0	0	0	0	0	0	0	0	0	0	0
Peristeroidobacter	0	0	0	0	0	0	0	0	0	0	0	0	0	0	0	0	0	0	0	0	0	0	0	0	0	0	0	0	0	0	0	0	0	0	0	0	0	0	0	0	0	0	0	0	0	0	0	0	0	0	0	0	0	0	0	0	0	0	0	0	0	0	0	0	0	0	0	0	0	0	0	0	0	0	0	0	0	0	0	0	0
Periweissella	0	0	0	0	0	0	0	0	0	0	0	0	0	0	0	0	0	0	0	0	0	0	0	0	0	0	0	0	0	0	0	0	0	0	0	0	0	0	0	0	0	0	0	0	0	0	0	0	0	0	0	0	0	0	0	0	0	0	0	0	0	0	0	0	0	0	0	0	0	0	0	0	0	0	0	0	0	0	0	0	0
Perlucidibaca	0	0	0	0	0	0	0	0	0	0	0	0	0	0	0	0	0	0	0	0	0	0	0	0	0	0	0	0	0	0	0	0	0	0	0	0	0	0	0	0	0	0	0	0	0	0	0	0	0	0	0	0	0	0	0	0	0	0	0	0	0	0	0	0	0	0	0	0	0	0	0	0	0	0	0	0	0	0	0	0	0
Permianibacter	0	0	0	0	0	0	0	0	0	0	0	0	0	0	0	0	0	0	0	0	0	0	0	0	0	0	0	0	0	0	0	0	0	0	0	0	0	0	0	0	0	0	0	0	0	0	0	0	0	0	0	0	0	0	0	0	0	0	0	0	0	0	0	0	0	0	0	0	0	0	0	0	0	0	0	0	0	0	0	0	0
Persephonella	0	0	0	0	0	0	0	0	0	0	0	0	0	0	0	0	0	0	0	0	0	0	0	0	0	0	0	0	0	0	0	0	0	0	0	0	0	0	0	0	0	0	0	0	0	0	0	0	0	0	0	0	0	0	0	0	0	0	0	0	0	0	0	0	0	0	0	0	0	0	0	0	0	0	0	0	0	0	0	0	0
Persicimonas	0	0	0	0	0	0	0	0	0	0	0	0	0	0	0	0	0	0	0	0	0	0	0	0	0	0	0	0	0	0	0	0	0	0	0	0	0	0	0	0	0	0	0	0	0	0	0	0	0	0	0	0	0	0	0	0	0	0	0	0	0	0	0	0	0	0	0	0	0	0	0	0	0	0	0	0	0	0	0	0	0
Persicitalea	0	0	0	0	0	0	0	0	0	0	0	0	0	0	0	0	0	0	0	0	0	0	0	0	0	0	0	0	0	0	0	0	0	0	0	0	0	0	0	0	0	0	0	0	0	0	0	0	0	0	0	0	0	0	0	0	0	0	0	0	0	0	0	0	0	0	0	0	0	0	0	0	0	0	0	0	0	0	0	0	0
Persicobacter	0	0	0	0	0	0	0	0	0	0	0	0	0	0	0	0	0	0	0	0	0	0	0	0	0	0	0	0	0	0	0	0	0	0	0	0	0	0	0	0	0	0	0	0	0	0	0	0	0	0	0	0	0	0	0	0	0	0	0	0	0	0	0	0	0	0	0	0	0	0	0	0	0	0	0	0	0	0	0	0	0
Peterkaempfera	0	0	0	0	0	0	0	0	0	0	0	0	0	0	0	0	0	0	0	0	0	0	0	0	0	0	0	0	0	0	0	0	0	0	0	0	0	0	0	0	0	0	0	0	0	0	0	0	0	0	0	0	0	0	0	0	0	0	0	0	0	0	0	0	0	0	0	0	0	0	0	0	0	0	0	0	0	0	0	0	0
Peteryoungia	0	0	0	0	0	0	0	0	0	0	0	0	0	0	0	0	0	0	0	0	0	0	0	0	0	0	0	0	0	0	0	0	0	0	0	0	0	0	0	0	0	0	0	0	0	0	0	0	0	0	0	0	0	0	0	0	0	0	0	0	0	0	0	0	0	0	0	0	0	0	0	0	0	0	0	0	0	0	0	0	0
Petrimonas	0	0	0	0	0	0	0	0	0	0	0	0	0	0	0	0	0	0	0	0	0	0	0	0	0	0	0	0	0	0	0	0	0	0	0	0	0	0	0	0	0	0	0	0	0	0	0	0	0	0	0	0	0	0	0	0	0	0	0	0	0	0	0	0	0	0	0	0	0	0	0	0	0	0	0	0	0	0	0	0	0
Petrocella	0	0	0	0	0	0	0	0	0	0	0	0	0	0	0	0	0	0	0	0	0	0	0	0	0	0	0	0	0	0	0	0	0	0	0	0	0	0	0	0	0	0	0	0	0	0	0	0	0	0	0	0	0	0	0	0	0	0	0	0	0	0	0	0	0	0	0	0	0	0	0	0	0	0	0	0	0	0	0	0	0
Petroclostridium	0	0	0	0	0	0	0	0	0	0	0	0	0	0	0	0	0	0	0	0	0	0	0	0	0	0	0	0	0	0	0	0	0	0	0	0	0	0	0	0	0	0	0	0	0	0	0	0	0	0	0	0	0	0	0	0	0	0	0	0	0	0	0	0	0	0	0	0	0	0	0	0	0	0	0	0	0	0	0	0	0
Petrotoga	0	0	0	0	0	0	0	0	0	0	0	0	0	0	0	0	0	0	0	0	0	0	0	0	0	0	0	0	0	0	0	0	0	0	0	0	0	0	0	0	0	0	0	0	0	0	0	0	0	0	0	0	0	0	0	0	0	0	0	0	0	0	0	0	0	0	0	0	0	0	0	0	0	0	0	0	0	0	0	0	0
Phaeobacter	0.01267128996901101	0.0001354639764341	8.921837965955612e-05	0.0001016063479775	0.0001368903561408	0.0001166195869075	0.0001269836282757	0.0001827551624557	0.0001943234870702	8.082195932634897e-05	0.0002810962754743	0.0001409829885635	0.0002304679693643	0.0002965275068279	0.000196159630348	0.0001769510834052	0.0003075691408644	0.0001268657726294	0.0001635726840032	0.0001973289468195	0.0001586765835048	0.0001567997075841	3.928168715150825e-05	0.0002628186676345	0.0001264129105341	0.0001499884248063	0.0001761111285345	2.671314754339217e-05	0.0002948356319592	0.0001627419302888	0.0002654280026542	0.0001120718314514	0.0001904003942408	0.0001228328770969	0.0001493642618324	0.0001861797350519	0.0001965317019256	8.666650551806231e-05	0.0001362279597623	0.0002152872877582	2.27611073938181e-05	0.0002158265147233	0.0002179776231329	9.789701993867657e-05	0.0001507754164273	0.0001128522158945	0.000178995226092	0.0001845910291888	0.0002043082389518	0.0001819959276324	0.0001620414055313	3.037003744922716e-05	0.0001823995956957	0.0001613239724997	0.0002109314733864	3.775792008913792e-05	0.0001180504577508	0.0001380696812577	0.0001680978903714	0.0001697237771558	0.0001954098976382	0.0001514828876273	2.357878852184574e-05	0.0001879621442884	3.493979549053312e-05	8.761327602434522e-05	0.0002662082068695	0.0001866497159139	0.000320303518621	0.0001067170777815	0.0001143261561913	0.0001372758321163	0.0002972772109992	9.400263207369808e-05	0.0001490938407677	0.0002436846789679	3.238648835705743e-05	0.0001174153970263	0.0001900772690256	0.0001562505812893	0.0001343127834774
Phaeocystidibacter	0	0	0	0	0	0	0	0	0	0	0	0	0	0	0	0	0	0	0	0	0	0	0	0	0	0	0	0	0	0	0	0	0	0	0	0	0	0	0	0	0	0	0	0	0	0	0	0	0	0	0	0	0	0	0	0	0	0	0	0	0	0	0	0	0	0	0	0	0	0	0	0	0	0	0	0	0	0	0	0	0
Phaeodactylibacter	0	0	0	0	0	0	0	0	0	0	0	0	0	0	0	0	0	0	0	0	0	0	0	0	0	0	0	0	0	0	0	0	0	0	0	0	0	0	0	0	0	0	0	0	0	0	0	0	0	0	0	0	0	0	0	0	0	0	0	0	0	0	0	0	0	0	0	0	0	0	0	0	0	0	0	0	0	0	0	0	0
Phaeospirillum	0	0	0	0	0	0	0	0	0	0	0	0	0	0	0	0	0	0	0	0	0	0	0	0	0	0	0	0	0	0	0	0	0	0	0	0	0	0	0	0	0	0	0	0	0	0	0	0	0	0	0	0	0	0	0	0	0	0	0	0	0	0	0	0	0	0	0	0	0	0	0	0	0	0	0	0	0	0	0	0	0
Phaeovulum	0	0	0	0	0	0	0	0	0	0	0	0	0	0	0	0	0	0	0	0	0	0	0	0	0	0	0	0	0	0	0	0	0	0	0	0	0	0	0	0	0	0	0	0	0	0	0	0	0	0	0	0	0	0	0	0	0	0	0	0	0	0	0	0	0	0	0	0	0	0	0	0	0	0	0	0	0	0	0	0	0
Phascolarctobacterium	0	0	0	0	0	0	0	0	0	0	0	0	0	0	0	0	0	0	0	0	0	0	0	0	0	0	0	0	0	0	0	0	0	0	0	0	0	0	0	0	0	0	0	0	0	0	0	0	0	0	0	0	0	0	0	0	0	0	0	0	0	0	0	0	0	0	0	0	0	0	0	0	0	0	0	0	0	0	0	0	0
Phaseolibacter	0	0	0	0	0	0	0	0	0	0	0	0	0	0	0	0	0	0	0	0	0	0	0	0	0	0	0	0	0	0	0	0	0	0	0	0	0	0	0	0	0	0	0	0	0	0	0	0	0	0	0	0	0	0	0	0	0	0	0	0	0	0	0	0	0	0	0	0	0	0	0	0	0	0	0	0	0	0	0	0	0
Phenylobacterium	0	0	0	0	0	0	0	0	0	0	0	0	0	0	0	0	0	0	0	0	0	0	0	0	0	0	0	0	0	0	0	0	0	0	0	0	0	0	0	0	0	0	0	0	0	0	0	0	0	0	0	0	0	0	0	0	0	0	0	0	0	0	0	0	0	0	0	0	0	0	0	0	0	0	0	0	0	0	0	0	0
Phnomibacter	0	0	0	0	0	0	0	0	0	0	0	0	0	0	0	0	0	0	0	0	0	0	0	0	0	0	0	0	0	0	0	0	0	0	0	0	0	0	0	0	0	0	0	0	0	0	0	0	0	0	0	0	0	0	0	0	0	0	0	0	0	0	0	0	0	0	0	0	0	0	0	0	0	0	0	0	0	0	0	0	0
Phocaeicola	0	0	0	0	0	0	0	0	0	0	0	0	0	0	0	0	0	0	0	0	0	0	0	0	0	0	0	0	0	0	0	0	0	0	0	0	0	0	0	0	0	0	0	0	0	0	0	0	0	0	0	0	0	0	0	0	0	0	0	0	0	0	0	0	0	0	0	0	0	0	0	0	0	0	0	0	0	0	0	0	0
Phocicoccus	0	0	0	0	0	0	0	0	0	0	0	0	0	0	0	0	0	0	0	0	0	0	0	0	0	0	0	0	0	0	0	0	0	0	0	0	0	0	0	0	0	0	0	0	0	0	0	0	0	0	0	0	0	0	0	0	0	0	0	0	0	0	0	0	0	0	0	0	0	0	0	0	0	0	0	0	0	0	0	0	0
Phocoenobacter	0	0	0	0	0	0	0	0	0	0	0	0	0	0	0	0	0	0	0	0	0	0	0	0	0	0	0	0	0	0	0	0	0	0	0	0	0	0	0	0	0	0	0	0	0	0	0	0	0	0	0	0	0	0	0	0	0	0	0	0	0	0	0	0	0	0	0	0	0	0	0	0	0	0	0	0	0	0	0	0	0
Phoenicibacter	0	0	0	0	0	0	0	0	0	0	0	0	0	0	0	0	0	0	0	0	0	0	0	0	0	0	0	0	0	0	0	0	0	0	0	0	0	0	0	0	0	0	0	0	0	0	0	0	0	0	0	0	0	0	0	0	0	0	0	0	0	0	0	0	0	0	0	0	0	0	0	0	0	0	0	0	0	0	0	0	0
Phormidesmis	0	0	0	0	0	0	0	0	0	0	0	0	0	0	0	0	0	0	0	0	0	0	0	0	0	0	0	0	0	0	0	0	0	0	0	0	0	0	0	0	0	0	0	0	0	0	0	0	0	0	0	0	0	0	0	0	0	0	0	0	0	0	0	0	0	0	0	0	0	0	0	0	0	0	0	0	0	0	0	0	0
Phormidium	0	0	0	0	0	0	0	0	0	0	0	0	0	0	0	0	0	0	0	0	0	0	0	0	0	0	0	0	0	0	0	0	0	0	0	0	0	0	0	0	0	0	0	0	0	0	0	0	0	0	0	0	0	0	0	0	0	0	0	0	0	0	0	0	0	0	0	0	0	0	0	0	0	0	0	0	0	0	0	0	0
Phosphitispora	0	0	0	0	0	0	0	0	0	0	0	0	0	0	0	0	0	0	0	0	0	0	0	0	0	0	0	0	0	0	0	0	0	0	0	0	0	0	0	0	0	0	0	0	0	0	0	0	0	0	0	0	0	0	0	0	0	0	0	0	0	0	0	0	0	0	0	0	0	0	0	0	0	0	0	0	0	0	0	0	0
Photobacterium	0.0004156254078841322	1.847236042284464e-06	1.178355957767722e-05	0	5.316130335567437e-06	1.993497212094149e-06	0	6.041492973743672e-06	1.133553674576172e-05	1.010274491579362e-05	0	0	1.557216009218719e-06	2.601118480946807e-06	1.245457970463964e-05	2.965660615730457e-06	2.261537800473566e-06	3.38308727011922e-06	6.414615058950312e-06	6.417201522588015e-06	2.241194682272553e-06	6.23045195698496e-06	3.349601229973572e-06	9.386380986946674e-06	4.925178332498789e-06	8.151544826431873e-06	3.618721819203833e-06	1.821350968867648e-06	1.129638436625589e-06	1.695228440508501e-06	0	1.97773820208529e-05	2.635299574267354e-06	5.399247344920118e-06	2.089010654998846e-06	0	4.864646087267859e-07	4.716544517989785e-06	5.59840930530272e-06	3.570618431112269e-05	1.16996346416822e-06	3.270098707929499e-06	3.253397360193382e-06	9.504565042589956e-07	1.435956346927053e-06	1.467996304319304e-05	8.423304757271945e-06	4.692992267513074e-06	1.776593382189652e-05	3.339374818943272e-06	3.952229403203479e-06	4.29141833521688e-06	8.00778712810502e-06	1.698147078944432e-05	1.607096940087426e-05	1.461596906676307e-06	0	0	1.024987136411438e-06	4.165000666400107e-06	6.344477196045614e-06	6.059315505095885e-06	0	7.46420067571373e-06	6.843877467217827e-06	1.229660014376775e-05	2.670985353206652e-06	3.915728305886253e-06	0	1.016353121728613e-05	3.629401783850977e-06	2.366824691661913e-06	0	6.714473719549861e-06	8.533990885697734e-06	1.388516689276347e-06	1.199499568779905e-06	2.072036418112085e-06	1.743828156198176e-06	4.960335913948092e-06	6.887835050126219e-06
Photorhabdus	0.008926514356167882	7.142646030166595e-05	9.42684766214178e-05	0.000111283143023	6.778066177848483e-05	6.578540799910692e-05	0.0001112743134374	0.0005316513816894	0.0001020198307118	9.09247042421426e-05	6.24658389943e-05	6.589422291555886e-05	3.685411221817634e-05	7.02301989855638e-05	8.01763568486177e-05	0.0001206035317063	7.463074741562768e-05	0.0003188559752087	4.810961294212734e-05	8.181931941299719e-05	7.799357494308486e-05	7.891905812180948e-05	7.277769945124397e-05	0.000100121397194	8.701148387414527e-05	7.716795769022174e-05	0.0001302739854913	0.0001147451110386	0.0001253898664654	9.323756422796756e-05	8.847600088476001e-05	0.0001761128779952	8.103546190872112e-05	0.0001093347587346	0.0001086285540599	8.592910848549946e-05	8.561777113591432e-05	0.000203990550403	8.117693492688944e-05	0.0001218210994144	3.520526423997099e-05	4.033121739779715e-05	8.784172872522131e-05	0.0001045502154684	8.472142446869616e-05	0.0001541396119535	0.0001010796570872	5.475157645431919e-05	0.0001332445036642	9.099796381620414e-05	0.0001304235703057	6.618687509315266e-05	0.0001708327920662	0.0002365276288529	0.0001265588840318	6.991305203601667e-05	9.091242148626885e-05	5.543706898986339e-05	7.27740866852121e-05	8.538251366120219e-05	8.438154670740667e-05	9.088973257643826e-05	0.0004055551625757	0.0004464949131472	6.015408089607248e-05	0.0001644670269228	0.000104168428775	6.13464101255513e-05	6.952324435185714e-05	0.000127044140216	3.992341962236074e-05	8.99393382831527e-05	0.000117109204333	0.00014771842183	0.0001099378825863	7.289712618700821e-05	5.565677999138759e-05	8.219077791844603e-05	9.242289227850333e-05	8.308562655863055e-05	0.0001239810309022
Phototrophicus	0	0	0	0	0	0	0	0	0	0	0	0	0	0	0	0	0	0	0	0	0	0	0	0	0	0	0	0	0	0	0	0	0	0	0	0	0	0	0	0	0	0	0	0	0	0	0	0	0	0	0	0	0	0	0	0	0	0	0	0	0	0	0	0	0	0	0	0	0	0	0	0	0	0	0	0	0	0	0	0	0
Phreatobacter	0	0	0	0	0	0	0	0	0	0	0	0	0	0	0	0	0	0	0	0	0	0	0	0	0	0	0	0	0	0	0	0	0	0	0	0	0	0	0	0	0	0	0	0	0	0	0	0	0	0	0	0	0	0	0	0	0	0	0	0	0	0	0	0	0	0	0	0	0	0	0	0	0	0	0	0	0	0	0	0	0
Phycicoccus	0	0	0	0	0	0	0	0	0	0	0	0	0	0	0	0	0	0	0	0	0	0	0	0	0	0	0	0	0	0	0	0	0	0	0	0	0	0	0	0	0	0	0	0	0	0	0	0	0	0	0	0	0	0	0	0	0	0	0	0	0	0	0	0	0	0	0	0	0	0	0	0	0	0	0	0	0	0	0	0	0
Phycisphaera	0	0	0	0	0	0	0	0	0	0	0	0	0	0	0	0	0	0	0	0	0	0	0	0	0	0	0	0	0	0	0	0	0	0	0	0	0	0	0	0	0	0	0	0	0	0	0	0	0	0	0	0	0	0	0	0	0	0	0	0	0	0	0	0	0	0	0	0	0	0	0	0	0	0	0	0	0	0	0	0	0
Phycobacter	0	0	0	0	0	0	0	0	0	0	0	0	0	0	0	0	0	0	0	0	0	0	0	0	0	0	0	0	0	0	0	0	0	0	0	0	0	0	0	0	0	0	0	0	0	0	0	0	0	0	0	0	0	0	0	0	0	0	0	0	0	0	0	0	0	0	0	0	0	0	0	0	0	0	0	0	0	0	0	0	0
Phyllobacterium	0	0	0	0	0	0	0	0	0	0	0	0	0	0	0	0	0	0	0	0	0	0	0	0	0	0	0	0	0	0	0	0	0	0	0	0	0	0	0	0	0	0	0	0	0	0	0	0	0	0	0	0	0	0	0	0	0	0	0	0	0	0	0	0	0	0	0	0	0	0	0	0	0	0	0	0	0	0	0	0	0
Phytoactinopolyspora	0	0	0	0	0	0	0	0	0	0	0	0	0	0	0	0	0	0	0	0	0	0	0	0	0	0	0	0	0	0	0	0	0	0	0	0	0	0	0	0	0	0	0	0	0	0	0	0	0	0	0	0	0	0	0	0	0	0	0	0	0	0	0	0	0	0	0	0	0	0	0	0	0	0	0	0	0	0	0	0	0
Phytobacter	0	0	0	0	0	0	0	0	0	0	0	0	0	0	0	0	0	0	0	0	0	0	0	0	0	0	0	0	0	0	0	0	0	0	0	0	0	0	0	0	0	0	0	0	0	0	0	0	0	0	0	0	0	0	0	0	0	0	0	0	0	0	0	0	0	0	0	0	0	0	0	0	0	0	0	0	0	0	0	0	0
Phytohabitans	0	0	0	0	0	0	0	0	0	0	0	0	0	0	0	0	0	0	0	0	0	0	0	0	0	0	0	0	0	0	0	0	0	0	0	0	0	0	0	0	0	0	0	0	0	0	0	0	0	0	0	0	0	0	0	0	0	0	0	0	0	0	0	0	0	0	0	0	0	0	0	0	0	0	0	0	0	0	0	0	0
Phytomonospora	0	0	0	0	0	0	0	0	0	0	0	0	0	0	0	0	0	0	0	0	0	0	0	0	0	0	0	0	0	0	0	0	0	0	0	0	0	0	0	0	0	0	0	0	0	0	0	0	0	0	0	0	0	0	0	0	0	0	0	0	0	0	0	0	0	0	0	0	0	0	0	0	0	0	0	0	0	0	0	0	0
Phytopseudomonas	0	0	0	0	0	0	0	0	0	0	0	0	0	0	0	0	0	0	0	0	0	0	0	0	0	0	0	0	0	0	0	0	0	0	0	0	0	0	0	0	0	0	0	0	0	0	0	0	0	0	0	0	0	0	0	0	0	0	0	0	0	0	0	0	0	0	0	0	0	0	0	0	0	0	0	0	0	0	0	0	0
Picosynechococcus	0	0	0	0	0	0	0	0	0	0	0	0	0	0	0	0	0	0	0	0	0	0	0	0	0	0	0	0	0	0	0	0	0	0	0	0	0	0	0	0	0	0	0	0	0	0	0	0	0	0	0	0	0	0	0	0	0	0	0	0	0	0	0	0	0	0	0	0	0	0	0	0	0	0	0	0	0	0	0	0	0
Pigmentibacter	0	0	0	0	0	0	0	0	0	0	0	0	0	0	0	0	0	0	0	0	0	0	0	0	0	0	0	0	0	0	0	0	0	0	0	0	0	0	0	0	0	0	0	0	0	0	0	0	0	0	0	0	0	0	0	0	0	0	0	0	0	0	0	0	0	0	0	0	0	0	0	0	0	0	0	0	0	0	0	0	0
Pigmentiphaga	0	0	0	0	0	0	0	0	0	0	0	0	0	0	0	0	0	0	0	0	0	0	0	0	0	0	0	0	0	0	0	0	0	0	0	0	0	0	0	0	0	0	0	0	0	0	0	0	0	0	0	0	0	0	0	0	0	0	0	0	0	0	0	0	0	0	0	0	0	0	0	0	0	0	0	0	0	0	0	0	0
Pikeienuella	0	0	0	0	0	0	0	0	0	0	0	0	0	0	0	0	0	0	0	0	0	0	0	0	0	0	0	0	0	0	0	0	0	0	0	0	0	0	0	0	0	0	0	0	0	0	0	0	0	0	0	0	0	0	0	0	0	0	0	0	0	0	0	0	0	0	0	0	0	0	0	0	0	0	0	0	0	0	0	0	0
Pilimelia	0	0	0	0	0	0	0	0	0	0	0	0	0	0	0	0	0	0	0	0	0	0	0	0	0	0	0	0	0	0	0	0	0	0	0	0	0	0	0	0	0	0	0	0	0	0	0	0	0	0	0	0	0	0	0	0	0	0	0	0	0	0	0	0	0	0	0	0	0	0	0	0	0	0	0	0	0	0	0	0	0
Pilosibacter	0	0	0	0	0	0	0	0	0	0	0	0	0	0	0	0	0	0	0	0	0	0	0	0	0	0	0	0	0	0	0	0	0	0	0	0	0	0	0	0	0	0	0	0	0	0	0	0	0	0	0	0	0	0	0	0	0	0	0	0	0	0	0	0	0	0	0	0	0	0	0	0	0	0	0	0	0	0	0	0	0
Pimelobacter	0	0	0	0	0	0	0	0	0	0	0	0	0	0	0	0	0	0	0	0	0	0	0	0	0	0	0	0	0	0	0	0	0	0	0	0	0	0	0	0	0	0	0	0	0	0	0	0	0	0	0	0	0	0	0	0	0	0	0	0	0	0	0	0	0	0	0	0	0	0	0	0	0	0	0	0	0	0	0	0	0
Pinibacter	0	0	0	0	0	0	0	0	0	0	0	0	0	0	0	0	0	0	0	0	0	0	0	0	0	0	0	0	0	0	0	0	0	0	0	0	0	0	0	0	0	0	0	0	0	0	0	0	0	0	0	0	0	0	0	0	0	0	0	0	0	0	0	0	0	0	0	0	0	0	0	0	0	0	0	0	0	0	0	0	0
Pinirhizobacter	0	0	0	0	0	0	0	0	0	0	0	0	0	0	0	0	0	0	0	0	0	0	0	0	0	0	0	0	0	0	0	0	0	0	0	0	0	0	0	0	0	0	0	0	0	0	0	0	0	0	0	0	0	0	0	0	0	0	0	0	0	0	0	0	0	0	0	0	0	0	0	0	0	0	0	0	0	0	0	0	0
Pinisolibacter	0	0	0	0	0	0	0	0	0	0	0	0	0	0	0	0	0	0	0	0	0	0	0	0	0	0	0	0	0	0	0	0	0	0	0	0	0	0	0	0	0	0	0	0	0	0	0	0	0	0	0	0	0	0	0	0	0	0	0	0	0	0	0	0	0	0	0	0	0	0	0	0	0	0	0	0	0	0	0	0	0
Pirellula	0	0	0	0	0	0	0	0	0	0	0	0	0	0	0	0	0	0	0	0	0	0	0	0	0	0	0	0	0	0	0	0	0	0	0	0	0	0	0	0	0	0	0	0	0	0	0	0	0	0	0	0	0	0	0	0	0	0	0	0	0	0	0	0	0	0	0	0	0	0	0	0	0	0	0	0	0	0	0	0	0
Pirellulimonas	0	0	0	0	0	0	0	0	0	0	0	0	0	0	0	0	0	0	0	0	0	0	0	0	0	0	0	0	0	0	0	0	0	0	0	0	0	0	0	0	0	0	0	0	0	0	0	0	0	0	0	0	0	0	0	0	0	0	0	0	0	0	0	0	0	0	0	0	0	0	0	0	0	0	0	0	0	0	0	0	0
Piscibacillus	0	0	0	0	0	0	0	0	0	0	0	0	0	0	0	0	0	0	0	0	0	0	0	0	0	0	0	0	0	0	0	0	0	0	0	0	0	0	0	0	0	0	0	0	0	0	0	0	0	0	0	0	0	0	0	0	0	0	0	0	0	0	0	0	0	0	0	0	0	0	0	0	0	0	0	0	0	0	0	0	0
Piscicoccus	0	0	0	0	0	0	0	0	0	0	0	0	0	0	0	0	0	0	0	0	0	0	0	0	0	0	0	0	0	0	0	0	0	0	0	0	0	0	0	0	0	0	0	0	0	0	0	0	0	0	0	0	0	0	0	0	0	0	0	0	0	0	0	0	0	0	0	0	0	0	0	0	0	0	0	0	0	0	0	0	0
Piscinibacter	0	0	0	0	0	0	0	0	0	0	0	0	0	0	0	0	0	0	0	0	0	0	0	0	0	0	0	0	0	0	0	0	0	0	0	0	0	0	0	0	0	0	0	0	0	0	0	0	0	0	0	0	0	0	0	0	0	0	0	0	0	0	0	0	0	0	0	0	0	0	0	0	0	0	0	0	0	0	0	0	0
Piscinibacterium	0	0	0	0	0	0	0	0	0	0	0	0	0	0	0	0	0	0	0	0	0	0	0	0	0	0	0	0	0	0	0	0	0	0	0	0	0	0	0	0	0	0	0	0	0	0	0	0	0	0	0	0	0	0	0	0	0	0	0	0	0	0	0	0	0	0	0	0	0	0	0	0	0	0	0	0	0	0	0	0	0
Piscirickettsia	0	0	0	0	0	0	0	0	0	0	0	0	0	0	0	0	0	0	0	0	0	0	0	0	0	0	0	0	0	0	0	0	0	0	0	0	0	0	0	0	0	0	0	0	0	0	0	0	0	0	0	0	0	0	0	0	0	0	0	0	0	0	0	0	0	0	0	0	0	0	0	0	0	0	0	0	0	0	0	0	0
Pistricoccus	0	0	0	0	0	0	0	0	0	0	0	0	0	0	0	0	0	0	0	0	0	0	0	0	0	0	0	0	0	0	0	0	0	0	0	0	0	0	0	0	0	0	0	0	0	0	0	0	0	0	0	0	0	0	0	0	0	0	0	0	0	0	0	0	0	0	0	0	0	0	0	0	0	0	0	0	0	0	0	0	0
Planctellipticum	0	0	0	0	0	0	0	0	0	0	0	0	0	0	0	0	0	0	0	0	0	0	0	0	0	0	0	0	0	0	0	0	0	0	0	0	0	0	0	0	0	0	0	0	0	0	0	0	0	0	0	0	0	0	0	0	0	0	0	0	0	0	0	0	0	0	0	0	0	0	0	0	0	0	0	0	0	0	0	0	0
Planctobacterium	0	0	0	0	0	0	0	0	0	0	0	0	0	0	0	0	0	0	0	0	0	0	0	0	0	0	0	0	0	0	0	0	0	0	0	0	0	0	0	0	0	0	0	0	0	0	0	0	0	0	0	0	0	0	0	0	0	0	0	0	0	0	0	0	0	0	0	0	0	0	0	0	0	0	0	0	0	0	0	0	0
Planctomicrobium	0	0	0	0	0	0	0	0	0	0	0	0	0	0	0	0	0	0	0	0	0	0	0	0	0	0	0	0	0	0	0	0	0	0	0	0	0	0	0	0	0	0	0	0	0	0	0	0	0	0	0	0	0	0	0	0	0	0	0	0	0	0	0	0	0	0	0	0	0	0	0	0	0	0	0	0	0	0	0	0	0
Planctomonas	0	0	0	0	0	0	0	0	0	0	0	0	0	0	0	0	0	0	0	0	0	0	0	0	0	0	0	0	0	0	0	0	0	0	0	0	0	0	0	0	0	0	0	0	0	0	0	0	0	0	0	0	0	0	0	0	0	0	0	0	0	0	0	0	0	0	0	0	0	0	0	0	0	0	0	0	0	0	0	0	0
Planctomyces	0	0	0	0	0	0	0	0	0	0	0	0	0	0	0	0	0	0	0	0	0	0	0	0	0	0	0	0	0	0	0	0	0	0	0	0	0	0	0	0	0	0	0	0	0	0	0	0	0	0	0	0	0	0	0	0	0	0	0	0	0	0	0	0	0	0	0	0	0	0	0	0	0	0	0	0	0	0	0	0	0
Planctopirus	0	0	0	0	0	0	0	0	0	0	0	0	0	0	0	0	0	0	0	0	0	0	0	0	0	0	0	0	0	0	0	0	0	0	0	0	0	0	0	0	0	0	0	0	0	0	0	0	0	0	0	0	0	0	0	0	0	0	0	0	0	0	0	0	0	0	0	0	0	0	0	0	0	0	0	0	0	0	0	0	0
Planifilum	0	0	0	0	0	0	0	0	0	0	0	0	0	0	0	0	0	0	0	0	0	0	0	0	0	0	0	0	0	0	0	0	0	0	0	0	0	0	0	0	0	0	0	0	0	0	0	0	0	0	0	0	0	0	0	0	0	0	0	0	0	0	0	0	0	0	0	0	0	0	0	0	0	0	0	0	0	0	0	0	0
Planktomarina	0	0	0	0	0	0	0	0	0	0	0	0	0	0	0	0	0	0	0	0	0	0	0	0	0	0	0	0	0	0	0	0	0	0	0	0	0	0	0	0	0	0	0	0	0	0	0	0	0	0	0	0	0	0	0	0	0	0	0	0	0	0	0	0	0	0	0	0	0	0	0	0	0	0	0	0	0	0	0	0	0
Planktosalinus	0	0	0	0	0	0	0	0	0	0	0	0	0	0	0	0	0	0	0	0	0	0	0	0	0	0	0	0	0	0	0	0	0	0	0	0	0	0	0	0	0	0	0	0	0	0	0	0	0	0	0	0	0	0	0	0	0	0	0	0	0	0	0	0	0	0	0	0	0	0	0	0	0	0	0	0	0	0	0	0	0
Planktotalea	0	0	0	0	0	0	0	0	0	0	0	0	0	0	0	0	0	0	0	0	0	0	0	0	0	0	0	0	0	0	0	0	0	0	0	0	0	0	0	0	0	0	0	0	0	0	0	0	0	0	0	0	0	0	0	0	0	0	0	0	0	0	0	0	0	0	0	0	0	0	0	0	0	0	0	0	0	0	0	0	0
Planktothricoides	0	0	0	0	0	0	0	0	0	0	0	0	0	0	0	0	0	0	0	0	0	0	0	0	0	0	0	0	0	0	0	0	0	0	0	0	0	0	0	0	0	0	0	0	0	0	0	0	0	0	0	0	0	0	0	0	0	0	0	0	0	0	0	0	0	0	0	0	0	0	0	0	0	0	0	0	0	0	0	0	0
Planktothrix	0	0	0	0	0	0	0	0	0	0	0	0	0	0	0	0	0	0	0	0	0	0	0	0	0	0	0	0	0	0	0	0	0	0	0	0	0	0	0	0	0	0	0	0	0	0	0	0	0	0	0	0	0	0	0	0	0	0	0	0	0	0	0	0	0	0	0	0	0	0	0	0	0	0	0	0	0	0	0	0	0
Planobispora	0	0	0	0	0	0	0	0	0	0	0	0	0	0	0	0	0	0	0	0	0	0	0	0	0	0	0	0	0	0	0	0	0	0	0	0	0	0	0	0	0	0	0	0	0	0	0	0	0	0	0	0	0	0	0	0	0	0	0	0	0	0	0	0	0	0	0	0	0	0	0	0	0	0	0	0	0	0	0	0	0
Planococcus	0.0389215071361174	0.0002832428598169	0.0001919036845507	0.0005999612928198	0.0003654839605702	0.0002202814419364	0.0003050225297756	0.0014952695110015	0.0003821695245713	0.000585959205116	0.00043726087296	0.0007279012996486	0.0004282344025351	0.0003433476394849	0.0003557339328137	0.0003934443083535	0.0012483688658614	0.0005666671177449	0.0004105353637728	0.0004951940508263	0.0005567127590765	0.0005472413635551	0.0002359946321117	0.0006038571768269	0.0005828127693456	0.0003314961562748	0.0005512519571253	9.10675484433824e-05	0.0006009676482848	0.0003797311706739	0.0006525105065251	0.0007016261716921	0.000281318229553	0.0003590499484371	0.0001974115068973	0.0005871822413174999	0.0003162019956724	0.0004356907998493	0.000454404221947	0.0006868189570433	1.935757731623782e-05	0.0002834085546872	0.000657186266759	0.0003830339712163	0.0004279149913842	0.0002835067862716	0.0003221914069656	0.0003910826889594	0.0008705307572729	0.0002896907655433	0.0013822922337704	0.0001285774955051	0.0007785348596768	0.0005215737456757	0.0009160452558498	9.402940099617574e-05	0.0002021783701709	0.0004832438844022	0.000363870433426	0.0011880664400906	0.0004948692212915	0.0003583652313013	0.0001037466694961	0.0021008332083645	0.0001260714270276	0.0003232981121132	0.000518171158522	0.0004633611828632	0.0005164583866137	0.0004929312640383	0.0005171897541987	0.0003183379210285	0.0004053780149989	0.0004565842129293	0.0005692673920224	0.0003200530968781	0.000101237763605	0.0005097209588555	0.0004359570390495	0.0004265888885995	0.0003874407215695
Planomicrobium	0	0	0	0	0	0	0	0	0	0	0	0	0	0	0	0	0	0	0	0	0	0	0	0	0	0	0	0	0	0	0	0	0	0	0	0	0	0	0	0	0	0	0	0	0	0	0	0	0	0	0	0	0	0	0	0	0	0	0	0	0	0	0	0	0	0	0	0	0	0	0	0	0	0	0	0	0	0	0	0	0
Planomonospora	0	0	0	0	0	0	0	0	0	0	0	0	0	0	0	0	0	0	0	0	0	0	0	0	0	0	0	0	0	0	0	0	0	0	0	0	0	0	0	0	0	0	0	0	0	0	0	0	0	0	0	0	0	0	0	0	0	0	0	0	0	0	0	0	0	0	0	0	0	0	0	0	0	0	0	0	0	0	0	0	0
Planosporangium	0	0	0	0	0	0	0	0	0	0	0	0	0	0	0	0	0	0	0	0	0	0	0	0	0	0	0	0	0	0	0	0	0	0	0	0	0	0	0	0	0	0	0	0	0	0	0	0	0	0	0	0	0	0	0	0	0	0	0	0	0	0	0	0	0	0	0	0	0	0	0	0	0	0	0	0	0	0	0	0	0
Planotetraspora	0	0	0	0	0	0	0	0	0	0	0	0	0	0	0	0	0	0	0	0	0	0	0	0	0	0	0	0	0	0	0	0	0	0	0	0	0	0	0	0	0	0	0	0	0	0	0	0	0	0	0	0	0	0	0	0	0	0	0	0	0	0	0	0	0	0	0	0	0	0	0	0	0	0	0	0	0	0	0	0	0
Plantactinospora	0	0	0	0	0	0	0	0	0	0	0	0	0	0	0	0	0	0	0	0	0	0	0	0	0	0	0	0	0	0	0	0	0	0	0	0	0	0	0	0	0	0	0	0	0	0	0	0	0	0	0	0	0	0	0	0	0	0	0	0	0	0	0	0	0	0	0	0	0	0	0	0	0	0	0	0	0	0	0	0	0
Plantibacter	0	0	0	0	0	0	0	0	0	0	0	0	0	0	0	0	0	0	0	0	0	0	0	0	0	0	0	0	0	0	0	0	0	0	0	0	0	0	0	0	0	0	0	0	0	0	0	0	0	0	0	0	0	0	0	0	0	0	0	0	0	0	0	0	0	0	0	0	0	0	0	0	0	0	0	0	0	0	0	0	0
Plasticicumulans	0	0	0	0	0	0	0	0	0	0	0	0	0	0	0	0	0	0	0	0	0	0	0	0	0	0	0	0	0	0	0	0	0	0	0	0	0	0	0	0	0	0	0	0	0	0	0	0	0	0	0	0	0	0	0	0	0	0	0	0	0	0	0	0	0	0	0	0	0	0	0	0	0	0	0	0	0	0	0	0	0
Plastoroseomonas	0	0	0	0	0	0	0	0	0	0	0	0	0	0	0	0	0	0	0	0	0	0	0	0	0	0	0	0	0	0	0	0	0	0	0	0	0	0	0	0	0	0	0	0	0	0	0	0	0	0	0	0	0	0	0	0	0	0	0	0	0	0	0	0	0	0	0	0	0	0	0	0	0	0	0	0	0	0	0	0	0
Plebeiibacterium	0	0	0	0	0	0	0	0	0	0	0	0	0	0	0	0	0	0	0	0	0	0	0	0	0	0	0	0	0	0	0	0	0	0	0	0	0	0	0	0	0	0	0	0	0	0	0	0	0	0	0	0	0	0	0	0	0	0	0	0	0	0	0	0	0	0	0	0	0	0	0	0	0	0	0	0	0	0	0	0	0
Pleionea	0	0	0	0	0	0	0	0	0	0	0	0	0	0	0	0	0	0	0	0	0	0	0	0	0	0	0	0	0	0	0	0	0	0	0	0	0	0	0	0	0	0	0	0	0	0	0	0	0	0	0	0	0	0	0	0	0	0	0	0	0	0	0	0	0	0	0	0	0	0	0	0	0	0	0	0	0	0	0	0	0
Pleomorphomonas	0	0	0	0	0	0	0	0	0	0	0	0	0	0	0	0	0	0	0	0	0	0	0	0	0	0	0	0	0	0	0	0	0	0	0	0	0	0	0	0	0	0	0	0	0	0	0	0	0	0	0	0	0	0	0	0	0	0	0	0	0	0	0	0	0	0	0	0	0	0	0	0	0	0	0	0	0	0	0	0	0
Plesiocystis	0	0	0	0	0	0	0	0	0	0	0	0	0	0	0	0	0	0	0	0	0	0	0	0	0	0	0	0	0	0	0	0	0	0	0	0	0	0	0	0	0	0	0	0	0	0	0	0	0	0	0	0	0	0	0	0	0	0	0	0	0	0	0	0	0	0	0	0	0	0	0	0	0	0	0	0	0	0	0	0	0
Plesiomonas	0	0	0	0	0	0	0	0	0	0	0	0	0	0	0	0	0	0	0	0	0	0	0	0	0	0	0	0	0	0	0	0	0	0	0	0	0	0	0	0	0	0	0	0	0	0	0	0	0	0	0	0	0	0	0	0	0	0	0	0	0	0	0	0	0	0	0	0	0	0	0	0	0	0	0	0	0	0	0	0	0
Pleurocapsa	0	0	0	0	0	0	0	0	0	0	0	0	0	0	0	0	0	0	0	0	0	0	0	0	0	0	0	0	0	0	0	0	0	0	0	0	0	0	0	0	0	0	0	0	0	0	0	0	0	0	0	0	0	0	0	0	0	0	0	0	0	0	0	0	0	0	0	0	0	0	0	0	0	0	0	0	0	0	0	0	0
Pluralibacter	0	0	0	0	0	0	0	0	0	0	0	0	0	0	0	0	0	0	0	0	0	0	0	0	0	0	0	0	0	0	0	0	0	0	0	0	0	0	0	0	0	0	0	0	0	0	0	0	0	0	0	0	0	0	0	0	0	0	0	0	0	0	0	0	0	0	0	0	0	0	0	0	0	0	0	0	0	0	0	0	0
Pokkaliibacter	0	0	0	0	0	0	0	0	0	0	0	0	0	0	0	0	0	0	0	0	0	0	0	0	0	0	0	0	0	0	0	0	0	0	0	0	0	0	0	0	0	0	0	0	0	0	0	0	0	0	0	0	0	0	0	0	0	0	0	0	0	0	0	0	0	0	0	0	0	0	0	0	0	0	0	0	0	0	0	0	0
Polaribacter	0.01314332550821492	6.40375161325281e-05	0.0002861721611721	7.741436036384749e-05	0.0002113161808388	0.0002810831069052	0.0001518567101029	0.0001706721765082	3.076788545278182e-05	0.0001414384288211	0.00010931521824	0.0001547748026621	7.42272964394256e-05	0.0001534659903758	0.0001455629002979	0.0001433402630936	5.427690721136559e-05	0.0003602987942676	7.056076564845344e-05	0.0002459927250325	0.0001214727517791	0.0001786062894335	0.0007274724853097	0.0002722050486214	0.0001231294583124	3.532336091453812e-05	0.0001652549630769	0.0001979201386169	8.246360587366802e-05	0.0001881703568964	0.0001769520017695	0.0001619861765517	0.0001686591727531	0.0005291262398021	0.0003634878539697	0.0001002506265664	0.0003901446161988	0.0004981850147126	0.0001894128481627	1.155200080653969e-05	1.595404723865755e-06	9.701292833524179e-05	0.0001984572389717	0.0001283116280749	0.0003561171740379	0.0001284496766279	0.0001242437451697	2.972228436091614e-05	0.0002487230735065	0.0003982204471589	5.137898224164523e-05	0.0002016966617551	0.0001183372986708	9.58240137404358e-05	9.039920287991773e-05	3.897591751136818e-06	0.0001126228504979	0.0002050125570191	9.73737779590866e-05	8.850626416100227e-05	0.0002138088815067	0.0002553568677147	4.715757704369149e-06	0.0002008548545464	0.0003670479546892	0.000210579277462	0.0001112910563836	5.61254390510363e-05	0.0001589102728042	0.0001257736988139	5.625572764969014e-05	0.0001136075851997	5.405040199986487e-05	0.0001208605269518	0.0001244958670384	3.887846729973771e-05	0.0002149503227253	9.53136752331559e-05	7.672843887271973e-05	6.820461881678628e-05	9.12638144141724e-05
Polaromonas	0.09990423948803373	0.0009531737978187	0.0009864522732168999	0.000483839752274	0.0011044260772141	0.0028556847563248	0.0013496919665182	0.0004697260787085	0.0008485458935398	0.0008991442975056	0.0015147965956117	0.0009301812397613999	0.0010952419264838	0.0019924567564052	0.00082900796159	0.0011002600884359	0.0003211383676672	0.001307563229901	0.0012059476310826	0.0040995222393466	0.0028292841669008	0.0021370450212458	0.0004305760126529	0.000456803874698	0.0013889002897646	0.0015189045193251	0.0018744979023475	0.0007649674069244	0.0008698215962017	0.0021919303735774	0.0013160805131608	0.0002966607303127	0.0013288498103243	0.0012458763248403	0.0023605820401486	0.0007017543859649	0.0019750463114307	0.0014886593634905	0.0011812643634188	0.0002215883791072	1.669856944312824e-05	0.0033126099911325	0.0011256754866269	0.0007537120078773	0.0018825387708213	0.0007670280690068	0.0007644149067224	0.0014892428795574	0.0016699977792582	0.0032717524788596	0.0001748861510917	0.0002252994625988	0.000613930346488	0.0008830364810511	0.0011088968886603	0.0001427492978853	0.0008358515169483	0.0014727432667495	0.0020417743757315	0.002592712914834	0.0016584463390463	0.0058844609719488	8.959939638301384e-05	0.000303317972913	0.0004149550969597	0.0005477110647369	0.0007808180515874	0.0017268361828958	0.002358824361938	0.0005983779004177	0.0009318489080037	0.0006212914815612	0.0006035628223318	0.0006714473719549	0.0013905385149048	0.0012552190871058	8.780336843468905e-05	0.0010560478944311	0.0009172536101602	0.0008668187009624	0.0010676144327695
Pollutimonas	0	0	0	0	0	0	0	0	0	0	0	0	0	0	0	0	0	0	0	0	0	0	0	0	0	0	0	0	0	0	0	0	0	0	0	0	0	0	0	0	0	0	0	0	0	0	0	0	0	0	0	0	0	0	0	0	0	0	0	0	0	0	0	0	0	0	0	0	0	0	0	0	0	0	0	0	0	0	0	0	0
Polyangium	0	0	0	0	0	0	0	0	0	0	0	0	0	0	0	0	0	0	0	0	0	0	0	0	0	0	0	0	0	0	0	0	0	0	0	0	0	0	0	0	0	0	0	0	0	0	0	0	0	0	0	0	0	0	0	0	0	0	0	0	0	0	0	0	0	0	0	0	0	0	0	0	0	0	0	0	0	0	0	0	0
Polycladidibacter	0	0	0	0	0	0	0	0	0	0	0	0	0	0	0	0	0	0	0	0	0	0	0	0	0	0	0	0	0	0	0	0	0	0	0	0	0	0	0	0	0	0	0	0	0	0	0	0	0	0	0	0	0	0	0	0	0	0	0	0	0	0	0	0	0	0	0	0	0	0	0	0	0	0	0	0	0	0	0	0	0
Polycladomyces	0	0	0	0	0	0	0	0	0	0	0	0	0	0	0	0	0	0	0	0	0	0	0	0	0	0	0	0	0	0	0	0	0	0	0	0	0	0	0	0	0	0	0	0	0	0	0	0	0	0	0	0	0	0	0	0	0	0	0	0	0	0	0	0	0	0	0	0	0	0	0	0	0	0	0	0	0	0	0	0	0
Polycyclovorans	0	0	0	0	0	0	0	0	0	0	0	0	0	0	0	0	0	0	0	0	0	0	0	0	0	0	0	0	0	0	0	0	0	0	0	0	0	0	0	0	0	0	0	0	0	0	0	0	0	0	0	0	0	0	0	0	0	0	0	0	0	0	0	0	0	0	0	0	0	0	0	0	0	0	0	0	0	0	0	0	0
Polymorphobacter	0	0	0	0	0	0	0	0	0	0	0	0	0	0	0	0	0	0	0	0	0	0	0	0	0	0	0	0	0	0	0	0	0	0	0	0	0	0	0	0	0	0	0	0	0	0	0	0	0	0	0	0	0	0	0	0	0	0	0	0	0	0	0	0	0	0	0	0	0	0	0	0	0	0	0	0	0	0	0	0	0
Polymorphospora	0	0	0	0	0	0	0	0	0	0	0	0	0	0	0	0	0	0	0	0	0	0	0	0	0	0	0	0	0	0	0	0	0	0	0	0	0	0	0	0	0	0	0	0	0	0	0	0	0	0	0	0	0	0	0	0	0	0	0	0	0	0	0	0	0	0	0	0	0	0	0	0	0	0	0	0	0	0	0	0	0
Polymorphum	0	0	0	0	0	0	0	0	0	0	0	0	0	0	0	0	0	0	0	0	0	0	0	0	0	0	0	0	0	0	0	0	0	0	0	0	0	0	0	0	0	0	0	0	0	0	0	0	0	0	0	0	0	0	0	0	0	0	0	0	0	0	0	0	0	0	0	0	0	0	0	0	0	0	0	0	0	0	0	0	0
Polynucleobacter	0.005607088969185158	5.72643173108184e-05	3.19839474251239e-05	0.0001016063479775	3.189678201340462e-05	5.08341789084008e-05	0.0001191289708566	4.984231703338529e-05	5.505832133655695e-05	7.071921441055535e-05	7.808229874287499e-05	3.831059471834817e-05	0.0001188674887036	4.942125113798934e-05	9.41877590163373e-05	0.0001037981215505	0.0002668614604558	0.0002317414780031	5.13169204716025e-05	9.839709001301622e-05	6.72358404681766e-05	7.061178884582954e-05	1.705251535259273e-05	1.564396831157779e-05	4.104315277082324e-05	9.999228320423098e-05	7.719939880968178e-05	2.853449851225981e-05	2.372240716913737e-05	6.441868073932303e-05	7.741650077416501e-05	6.215748635125195e-05	3.557654425260927e-05	7.28898391564216e-05	3.969120244497807e-05	5.728607232366631e-05	9.388766948426968e-05	0.0001450337439281	0.000149290914808	3.885672998563352e-05	7.764302989480008e-06	5.286659577819356e-05	4.229416568251396e-05	4.562191220443179e-05	5.169442848937392e-05	5.50498614119739e-05	8.633887376203743e-05	2.502929209340306e-05	9.771263602043082e-05	0.0001118690564345	0.0002647993700146	1.204898224887816e-05	0.0001014319702893	6.549995875928522e-05	3.816855232707637e-05	1.729556339566963e-05	7.870030516721779e-05	1.568973650656511e-05	7.584904809444642e-05	4.789750766360123e-05	8.438154670740667e-05	6.924932005823867e-05	1.414727311310745e-05	9.092753550414909e-05	1.692959162943357e-05	6.199535905816241e-05	8.191021749833731e-05	4.437825413337754e-05	8.193810941468878e-05	7.6226484129646e-05	5.353367631180191e-05	0.0001041402864331	0.0001081008039997	1.342894743909972e-05	5.270994370578012e-05	5.692918426033022e-05	1.247479551531101e-05	4.005937075016697e-05	0.0001011420330594	6.696453483829925e-05	0.0001050394845144
Polystyrenella	0	0	0	0	0	0	0	0	0	0	0	0	0	0	0	0	0	0	0	0	0	0	0	0	0	0	0	0	0	0	0	0	0	0	0	0	0	0	0	0	0	0	0	0	0	0	0	0	0	0	0	0	0	0	0	0	0	0	0	0	0	0	0	0	0	0	0	0	0	0	0	0	0	0	0	0	0	0	0	0	0
Pontibaca	0	0	0	0	0	0	0	0	0	0	0	0	0	0	0	0	0	0	0	0	0	0	0	0	0	0	0	0	0	0	0	0	0	0	0	0	0	0	0	0	0	0	0	0	0	0	0	0	0	0	0	0	0	0	0	0	0	0	0	0	0	0	0	0	0	0	0	0	0	0	0	0	0	0	0	0	0	0	0	0	0
Pontibacillus	0	0	0	0	0	0	0	0	0	0	0	0	0	0	0	0	0	0	0	0	0	0	0	0	0	0	0	0	0	0	0	0	0	0	0	0	0	0	0	0	0	0	0	0	0	0	0	0	0	0	0	0	0	0	0	0	0	0	0	0	0	0	0	0	0	0	0	0	0	0	0	0	0	0	0	0	0	0	0	0	0
Pontibacter	0.002929238337793597	9.851925558850478e-06	1.010019392372334e-05	0	2.126452134226975e-05	9.967486060470743e-06	7.854657419116665e-06	0.0001314024721789	2.267107349152345e-05	0	1.5616459748575e-05	1.225939030987141e-05	3.737318422124925e-05	4.421901417609572e-05	0.0001837050506434	2.767949908015093e-05	4.749229380994488e-05	2.706469816095376e-05	3.207307529475156e-05	2.887740685164607e-05	1.703307958527141e-05	2.284499050894485e-05	8.526257676296364e-06	8.13486352202045e-05	3.283452221665859e-05	1.52162170093395e-05	3.25684963728345e-05	2.428467958490197e-06	0.000310650570072	2.034274128610201e-05	6.635700066357e-05	6.215748635125195e-05	1.317649787133677e-05	1.34981183623003e-05	1.775659056749019e-05	0	6.080807609084824e-05	2.063488226620531e-05	1.679522791590816e-05	4.725818511766238e-05	2.127206298487673e-07	1.798554289361225e-05	3.253397360193382e-05	1.805867358092092e-05	2.584721424468696e-05	1.100997228239478e-05	1.052913094658993e-05	2.033629982588998e-05	0.0001954252720408	2.087109261839545e-05	2.568949112082262e-05	2.970981924380918e-06	5.516475577139013e-05	2.66851683834125e-05	9.2408074055027e-05	3.897591751136818e-06	5.020536708943205e-05	2.301161354296216e-05	2.972462695593171e-05	3.748500599760096e-05	3.806686317627369e-05	1.55810970131037e-05	0	0.0001452126313275	6.123469312773845e-06	2.613027530550647e-05	5.252937861306414e-05	1.827339876080251e-05	0.0001390464887037	3.303147645617993e-05	1.088820535155293e-05	1.775118518746435e-05	1.801680066662162e-05	3.357236859774931e-05	3.513996247052008e-05	3.054736716407963e-05	2.39899913755981e-06	1.105086089659778e-05	2.092593787437811e-05	1.736117569881832e-05	2.582938143797332e-05
Pontibacterium	0	0	0	0	0	0	0	0	0	0	0	0	0	0	0	0	0	0	0	0	0	0	0	0	0	0	0	0	0	0	0	0	0	0	0	0	0	0	0	0	0	0	0	0	0	0	0	0	0	0	0	0	0	0	0	0	0	0	0	0	0	0	0	0	0	0	0	0	0	0	0	0	0	0	0	0	0	0	0	0	0
Ponticaulis	0	0	0	0	0	0	0	0	0	0	0	0	0	0	0	0	0	0	0	0	0	0	0	0	0	0	0	0	0	0	0	0	0	0	0	0	0	0	0	0	0	0	0	0	0	0	0	0	0	0	0	0	0	0	0	0	0	0	0	0	0	0	0	0	0	0	0	0	0	0	0	0	0	0	0	0	0	0	0	0	0
Ponticoccus	0	0	0	0	0	0	0	0	0	0	0	0	0	0	0	0	0	0	0	0	0	0	0	0	0	0	0	0	0	0	0	0	0	0	0	0	0	0	0	0	0	0	0	0	0	0	0	0	0	0	0	0	0	0	0	0	0	0	0	0	0	0	0	0	0	0	0	0	0	0	0	0	0	0	0	0	0	0	0	0	0
Pontiella	0	0	0	0	0	0	0	0	0	0	0	0	0	0	0	0	0	0	0	0	0	0	0	0	0	0	0	0	0	0	0	0	0	0	0	0	0	0	0	0	0	0	0	0	0	0	0	0	0	0	0	0	0	0	0	0	0	0	0	0	0	0	0	0	0	0	0	0	0	0	0	0	0	0	0	0	0	0	0	0	0
Pontimicrobium	0	0	0	0	0	0	0	0	0	0	0	0	0	0	0	0	0	0	0	0	0	0	0	0	0	0	0	0	0	0	0	0	0	0	0	0	0	0	0	0	0	0	0	0	0	0	0	0	0	0	0	0	0	0	0	0	0	0	0	0	0	0	0	0	0	0	0	0	0	0	0	0	0	0	0	0	0	0	0	0	0
Pontimonas	0	0	0	0	0	0	0	0	0	0	0	0	0	0	0	0	0	0	0	0	0	0	0	0	0	0	0	0	0	0	0	0	0	0	0	0	0	0	0	0	0	0	0	0	0	0	0	0	0	0	0	0	0	0	0	0	0	0	0	0	0	0	0	0	0	0	0	0	0	0	0	0	0	0	0	0	0	0	0	0	0
Pontivivens	0	0	0	0	0	0	0	0	0	0	0	0	0	0	0	0	0	0	0	0	0	0	0	0	0	0	0	0	0	0	0	0	0	0	0	0	0	0	0	0	0	0	0	0	0	0	0	0	0	0	0	0	0	0	0	0	0	0	0	0	0	0	0	0	0	0	0	0	0	0	0	0	0	0	0	0	0	0	0	0	0
Pontixanthobacter	0	0	0	0	0	0	0	0	0	0	0	0	0	0	0	0	0	0	0	0	0	0	0	0	0	0	0	0	0	0	0	0	0	0	0	0	0	0	0	0	0	0	0	0	0	0	0	0	0	0	0	0	0	0	0	0	0	0	0	0	0	0	0	0	0	0	0	0	0	0	0	0	0	0	0	0	0	0	0	0	0
Porcincola	0	0	0	0	0	0	0	0	0	0	0	0	0	0	0	0	0	0	0	0	0	0	0	0	0	0	0	0	0	0	0	0	0	0	0	0	0	0	0	0	0	0	0	0	0	0	0	0	0	0	0	0	0	0	0	0	0	0	0	0	0	0	0	0	0	0	0	0	0	0	0	0	0	0	0	0	0	0	0	0	0
Porcipelethomonas	0	0	0	0	0	0	0	0	0	0	0	0	0	0	0	0	0	0	0	0	0	0	0	0	0	0	0	0	0	0	0	0	0	0	0	0	0	0	0	0	0	0	0	0	0	0	0	0	0	0	0	0	0	0	0	0	0	0	0	0	0	0	0	0	0	0	0	0	0	0	0	0	0	0	0	0	0	0	0	0	0
Porifericola	0	0	0	0	0	0	0	0	0	0	0	0	0	0	0	0	0	0	0	0	0	0	0	0	0	0	0	0	0	0	0	0	0	0	0	0	0	0	0	0	0	0	0	0	0	0	0	0	0	0	0	0	0	0	0	0	0	0	0	0	0	0	0	0	0	0	0	0	0	0	0	0	0	0	0	0	0	0	0	0	0
Poriferisphaera	0	0	0	0	0	0	0	0	0	0	0	0	0	0	0	0	0	0	0	0	0	0	0	0	0	0	0	0	0	0	0	0	0	0	0	0	0	0	0	0	0	0	0	0	0	0	0	0	0	0	0	0	0	0	0	0	0	0	0	0	0	0	0	0	0	0	0	0	0	0	0	0	0	0	0	0	0	0	0	0	0
Porphyrobacter	0.01851755521701902	0.0001262277962227	0.000107735401853	5.322237275014515e-05	0.0001036645415435	0.0001116358438772	0.0001754206823602	0.0005240995154722	0.0001425038905181	0.0002525686228948	0.0001717810572343	0.0002114744828452	0.0001344396487958	0.0004786058004942	0.0006351835649366	0.0002767949908015	0.0001266461168265	0.000127711544447	0.0003335599830654	0.0001470608682259	0.00011250797305	0.0001702990201575	4.445834359783104e-05	0.0002722050486214	0.0001461136238641	7.988513929903236e-05	0.0001266552636721	2.246332861603433e-05	0.0003411508078609	0.0001457896458837	0.0003760230037602	0.0001619861765517	0.0001594356242431	0.0001498291138215	0.0001859219482948	0.0001718582169709	0.0002505292734942	0.000112607500367	0.0001698184155941	0.0003266065682576	3.509890392504661e-06	0.0001956609060244	0.0002212310204931	0.0002347627565519	0.000196726019529	0.0001945095103223	0.000178995226092	0.0001752050446538	0.0003020208749722	0.0002763332662675	0.0002252770759825	2.244741898421138e-05	0.0003025164026173	0.0001807313676876	0.0003073572897917	3.580912421356951e-05	0.0002496699336339	0.0003504041153132	0.0002388220027838	0.0001541050246568	0.0001484607663874	0.0001194550771004	1.414727311310745e-05	0.0021306900110673	2.917653025498126e-05	5.482234230763122e-05	0.0004602998092026	9.789320764715634e-05	0.0005239073056514	0.0002108932727586	6.623658255528032e-05	0.0001585772543413	0.0007792266288313	0.0002685789487819	0.0001641538246837	0.0005137511750322	3.91036859422249e-05	0.00029630120779	0.0001970525816503	0.000186012596773	0.000246240103042
Porphyromonas	0.001058528998814251	3.078726737140774e-06	1.683365653953889e-06	4.838397522740468e-06	5.316130335567437e-06	4.983743030235373e-06	0	3.473858459902611e-05	4.858087176755024e-06	3.030823474738086e-05	0	6.129695154935707e-06	3.633504021510344e-06	5.202236961893614e-06	4.125579527161881e-05	1.087408892434501e-05	1.130768900236783e-05	1.776120816812591e-05	1.282923011790062e-05	8.021501903235019e-06	2.689433618727064e-06	7.268860616482453e-06	3.349601229973572e-06	2.503034929852446e-05	1.477553499749637e-05	2.1737452870485e-06	9.649924851210222e-06	6.071169896225493e-07	2.372240716913737e-05	8.476142202542503e-06	2.211900022119e-05	3.107874317562598e-05	1.976474680700515e-06	1.079849468984024e-05	1.044505327499423e-06	0	2.043151356652501e-05	1.76870419424617e-05	1.492909148080725e-05	2.100363783007217e-06	2.127206298487673e-07	3.270098707929499e-06	1.301358944077353e-05	8.55410853833096e-06	1.148765077541643e-05	2.018494918439043e-05	4.211652378635972e-06	1.407897680253922e-05	4.441483455474128e-05	4.174218523679089e-06	5.92834410480522e-06	1.155381859481468e-06	4.982623101932012e-05	1.698147078944432e-05	2.611532527642068e-05	7.307984533381534e-07	8.141410879367358e-06	4.183929735084029e-06	1.024987136411438e-05	2.707250433160069e-05	5.710029476441053e-06	3.462466002911934e-06	0	0.0001716766155414	3.602040772219909e-06	3.586508375265594e-05	7.122627608551071e-06	2.610485537257502e-06	4.965946025132653e-06	1.016353121728613e-05	1.814700891925488e-06	4.733649383323827e-06	1.801680066662162e-05	6.714473719549861e-06	3.965795764530124e-05	5.554066757105387e-06	7.19699741267943e-07	5.525430448298892e-06	0	1.61210917203313e-05	1.377567010025244e-05
Portibacter	0	0	0	0	0	0	0	0	0	0	0	0	0	0	0	0	0	0	0	0	0	0	0	0	0	0	0	0	0	0	0	0	0	0	0	0	0	0	0	0	0	0	0	0	0	0	0	0	0	0	0	0	0	0	0	0	0	0	0	0	0	0	0	0	0	0	0	0	0	0	0	0	0	0	0	0	0	0	0	0	0
Porticoccus	0	0	0	0	0	0	0	0	0	0	0	0	0	0	0	0	0	0	0	0	0	0	0	0	0	0	0	0	0	0	0	0	0	0	0	0	0	0	0	0	0	0	0	0	0	0	0	0	0	0	0	0	0	0	0	0	0	0	0	0	0	0	0	0	0	0	0	0	0	0	0	0	0	0	0	0	0	0	0	0	0
Poseidonibacter	0	0	0	0	0	0	0	0	0	0	0	0	0	0	0	0	0	0	0	0	0	0	0	0	0	0	0	0	0	0	0	0	0	0	0	0	0	0	0	0	0	0	0	0	0	0	0	0	0	0	0	0	0	0	0	0	0	0	0	0	0	0	0	0	0	0	0	0	0	0	0	0	0	0	0	0	0	0	0	0	0
Poseidonocella	0	0	0	0	0	0	0	0	0	0	0	0	0	0	0	0	0	0	0	0	0	0	0	0	0	0	0	0	0	0	0	0	0	0	0	0	0	0	0	0	0	0	0	0	0	0	0	0	0	0	0	0	0	0	0	0	0	0	0	0	0	0	0	0	0	0	0	0	0	0	0	0	0	0	0	0	0	0	0	0	0
Posidoniimonas	0	0	0	0	0	0	0	0	0	0	0	0	0	0	0	0	0	0	0	0	0	0	0	0	0	0	0	0	0	0	0	0	0	0	0	0	0	0	0	0	0	0	0	0	0	0	0	0	0	0	0	0	0	0	0	0	0	0	0	0	0	0	0	0	0	0	0	0	0	0	0	0	0	0	0	0	0	0	0	0	0
Povalibacter	0	0	0	0	0	0	0	0	0	0	0	0	0	0	0	0	0	0	0	0	0	0	0	0	0	0	0	0	0	0	0	0	0	0	0	0	0	0	0	0	0	0	0	0	0	0	0	0	0	0	0	0	0	0	0	0	0	0	0	0	0	0	0	0	0	0	0	0	0	0	0	0	0	0	0	0	0	0	0	0	0
Pradoshia	0	0	0	0	0	0	0	0	0	0	0	0	0	0	0	0	0	0	0	0	0	0	0	0	0	0	0	0	0	0	0	0	0	0	0	0	0	0	0	0	0	0	0	0	0	0	0	0	0	0	0	0	0	0	0	0	0	0	0	0	0	0	0	0	0	0	0	0	0	0	0	0	0	0	0	0	0	0	0	0	0
Pragia	0	0	0	0	0	0	0	0	0	0	0	0	0	0	0	0	0	0	0	0	0	0	0	0	0	0	0	0	0	0	0	0	0	0	0	0	0	0	0	0	0	0	0	0	0	0	0	0	0	0	0	0	0	0	0	0	0	0	0	0	0	0	0	0	0	0	0	0	0	0	0	0	0	0	0	0	0	0	0	0	0
Prauserella	0	0	0	0	0	0	0	0	0	0	0	0	0	0	0	0	0	0	0	0	0	0	0	0	0	0	0	0	0	0	0	0	0	0	0	0	0	0	0	0	0	0	0	0	0	0	0	0	0	0	0	0	0	0	0	0	0	0	0	0	0	0	0	0	0	0	0	0	0	0	0	0	0	0	0	0	0	0	0	0	0
Prescottella	0	0	0	0	0	0	0	0	0	0	0	0	0	0	0	0	0	0	0	0	0	0	0	0	0	0	0	0	0	0	0	0	0	0	0	0	0	0	0	0	0	0	0	0	0	0	0	0	0	0	0	0	0	0	0	0	0	0	0	0	0	0	0	0	0	0	0	0	0	0	0	0	0	0	0	0	0	0	0	0	0
Prevotella	0.2428280573183013	0.0021286316660591	0.0003434065934065	0.0006435068705244	0.0020905682544618	0.0014662171994952	0.0008784125213712	0.0047501238506059	0.0012080443446197	0.0007577058686845	0.0011868509408916	0.0009087273067192	0.0003732127702094	0.0004916113928989	0.0041909660706112	0.0025860560569169	0.008245566820526601	0.000652935843133	0.0011033137901394	0.0023770383973253	0.0026921230523457	0.0034662081054026	0.000190318251703	0.008554121872770701	0.0012739794620063	0.001829750095373	0.0007683752662776	0.0001341728547065	0.0017091429546145	0.0004187214248055	0.0023003760230037	0.0226903078584956	0.0006561895939925	0.0014712949014907	0.0006632608829621	0.0048979591836734	0.0010006577001509	0.0017486588800447	0.0045934948350008	0.0009955724331454001	8.85981423320116e-05	0.0026831159898561	0.0045710232910717	0.0018514892702965	0.0013598506605399	0.0006330734062376	0.0017373066061873	0.004143912172214	0.0021496779924494	0.0017815564659062	0.0106591627004397	9.226549420716294e-05	0.0120899790551878	0.0169026282464933	0.0039454229879146	0.0008299434435076	0.0005753263688086	0.0011484887122805	0.008652941405585301	0.0015899890043982	0.0008298576172427	0.0015286787402856	0.0002357878852184	0.0015193041193566	5.727244827829655e-05	0.027085823608345	0.0027306373594282	0.0030542680785912	0.0019342359767891	0.001067170777815	0.0019671357668472	0.0006757284494694	0.0004729410174988	0.0023634947492815	0.0028533649526062	0.0010545784255053	8.636396895215316e-05	0.0048002177019596	0.0019897079262221	0.0061520566172741	0.0044460975248564
Prevotellamassilia	0	0	0	0	0	0	0	0	0	0	0	0	0	0	0	0	0	0	0	0	0	0	0	0	0	0	0	0	0	0	0	0	0	0	0	0	0	0	0	0	0	0	0	0	0	0	0	0	0	0	0	0	0	0	0	0	0	0	0	0	0	0	0	0	0	0	0	0	0	0	0	0	0	0	0	0	0	0	0	0	0
Pricia	0	0	0	0	0	0	0	0	0	0	0	0	0	0	0	0	0	0	0	0	0	0	0	0	0	0	0	0	0	0	0	0	0	0	0	0	0	0	0	0	0	0	0	0	0	0	0	0	0	0	0	0	0	0	0	0	0	0	0	0	0	0	0	0	0	0	0	0	0	0	0	0	0	0	0	0	0	0	0	0	0
Priestia	0	0	0	0	0	0	0	0	0	0	0	0	0	0	0	0	0	0	0	0	0	0	0	0	0	0	0	0	0	0	0	0	0	0	0	0	0	0	0	0	0	0	0	0	0	0	0	0	0	0	0	0	0	0	0	0	0	0	0	0	0	0	0	0	0	0	0	0	0	0	0	0	0	0	0	0	0	0	0	0	0
Primorskyibacter	0	0	0	0	0	0	0	0	0	0	0	0	0	0	0	0	0	0	0	0	0	0	0	0	0	0	0	0	0	0	0	0	0	0	0	0	0	0	0	0	0	0	0	0	0	0	0	0	0	0	0	0	0	0	0	0	0	0	0	0	0	0	0	0	0	0	0	0	0	0	0	0	0	0	0	0	0	0	0	0	0
Prochlorococcus	0.02844423796934563	0.0002253627971587	0.0002440880198233	0.0003386878265918	0.0002525161909394	0.0002820798555113	0.0002225486268749	0.0010149708195889	0.00024452372123	0.0002121576432316	0.0004216444132115	0.0005194916643808	0.0002647267215671	0.000291325269866	0.0002848985107436	0.0002955775080344	0.0004161229552871	0.000681692084929	0.0002469626797695	0.0003475984158068	0.0003657629721468	0.0003084073718707	0.0003428773622682	0.0006726906373978	0.0005237106293557	0.0003391042647795	0.0003244787231219	0.0001080668241528	0.0003434100847341	0.0003509122871852	0.0007299270072992	0.0004831331893665	0.0001884239195601	0.0004616356479906	0.0001692098630549	0.0006158252774794	0.0003400387615	0.0004392282082377	0.0003377706947532	0.0003360582052811	7.764302989480008e-06	0.0001471544418568	0.0003904076832232	0.0003079479073799	0.0004753015508328	0.0002908467677932	0.0002042651403638	0.0002393426056431	0.0009238285587386	0.0003422859189416	0.0006017269266377	0.0001105865494075	0.0005374114917083	0.0004039164123489	0.0007231936230393	6.942585306712457e-05	0.0002211749955561	0.0002447598895024	0.0002900713596044	0.0005435325869652	0.000343236216306	0.0003194124887686	0.0001037466694961	0.0007301345388243	0.0001819030589971	0.0003130509453267	0.000427357656513	0.0002375541838904	0.0003525821677844	0.0003392078543769	0.0002712977833428	0.000209463985212	0.0002927730108326	0.0006311605296376	0.0004517995174781	0.0001707875527809	7.460887317811009e-05	0.000259004552264	0.0004220064137999	0.0003199416664496	0.000330616082406
Prochlorothrix	0	0	0	0	0	0	0	0	0	0	0	0	0	0	0	0	0	0	0	0	0	0	0	0	0	0	0	0	0	0	0	0	0	0	0	0	0	0	0	0	0	0	0	0	0	0	0	0	0	0	0	0	0	0	0	0	0	0	0	0	0	0	0	0	0	0	0	0	0	0	0	0	0	0	0	0	0	0	0	0	0
Prodigiosinella	0	0	0	0	0	0	0	0	0	0	0	0	0	0	0	0	0	0	0	0	0	0	0	0	0	0	0	0	0	0	0	0	0	0	0	0	0	0	0	0	0	0	0	0	0	0	0	0	0	0	0	0	0	0	0	0	0	0	0	0	0	0	0	0	0	0	0	0	0	0	0	0	0	0	0	0	0	0	0	0	0
Profundibacter	0	0	0	0	0	0	0	0	0	0	0	0	0	0	0	0	0	0	0	0	0	0	0	0	0	0	0	0	0	0	0	0	0	0	0	0	0	0	0	0	0	0	0	0	0	0	0	0	0	0	0	0	0	0	0	0	0	0	0	0	0	0	0	0	0	0	0	0	0	0	0	0	0	0	0	0	0	0	0	0	0
Prolixibacter	0	0	0	0	0	0	0	0	0	0	0	0	0	0	0	0	0	0	0	0	0	0	0	0	0	0	0	0	0	0	0	0	0	0	0	0	0	0	0	0	0	0	0	0	0	0	0	0	0	0	0	0	0	0	0	0	0	0	0	0	0	0	0	0	0	0	0	0	0	0	0	0	0	0	0	0	0	0	0	0	0
Promicromonospora	0	0	0	0	0	0	0	0	0	0	0	0	0	0	0	0	0	0	0	0	0	0	0	0	0	0	0	0	0	0	0	0	0	0	0	0	0	0	0	0	0	0	0	0	0	0	0	0	0	0	0	0	0	0	0	0	0	0	0	0	0	0	0	0	0	0	0	0	0	0	0	0	0	0	0	0	0	0	0	0	0
Propionibacterium	0.006165556386560652	2.46298138971262e-05	2.861721611721612e-05	9.19295529320689e-05	8.771615053686272e-05	1.993497212094149e-05	4.581883494484722e-05	0.0001162987397445	5.829704612106029e-05	5.05137245789681e-05	9.369875849144998e-05	9.654269869023741e-05	0.0001121195526637	5.982572506177657e-05	7.706271192245778e-05	0.0001314776206307	0.0001515230326317	5.07463090517883e-05	8.980461082530437e-05	5.561574652909613e-05	8.606187579926605e-05	8.930314471678442e-05	7.612730068121754e-06	0.000159568476778	0.0001001452927608	6.358204964616861e-05	7.961188002248432e-05	3.035584948112747e-06	0.0001389455277049	2.881888348864451e-05	0.0001327140013271	9.982869020049556e-05	4.28236180818445e-05	3.104567223329068e-05	1.775659056749019e-05	0.0001145721446473	3.940363330686966e-05	3.714278807916956e-05	0.0001147673907587	9.241600645231754e-05	3.403530077580277e-06	4.796144771629931e-05	0.0001106155102465	3.231552114480585e-05	4.164273406088455e-05	3.027742377658564e-05	0.0001137146142231	0.0001407897680253	9.771263602043082e-05	2.421046743733872e-05	0.0003132141802038	7.262400259597798e-06	0.0001263450857989	9.58240137404358e-05	0.0001165145281563	1.412877009787096e-05	5.020536708943205e-05	6.589689332757346e-05	4.817439541133759e-05	9.267126482740238e-05	0.0001021460828563	4.587767453858313e-05	0	4.003525816973728e-05	7.564285621661809e-06	7.685375089854844e-05	0.0001380009099156	9.267223657264132e-05	0.0002333994631812	5.081765608643067e-05	9.43644463801254e-05	4.615308148740731e-05	0.000117109204333	2.685789487819945e-05	9.387389974267509e-05	0.0001270492770687	5.517698016387563e-06	3.729665552601752e-05	7.672843887271973e-05	0.0002108142763427	4.821484535088353e-05
Propionicicella	0	0	0	0	0	0	0	0	0	0	0	0	0	0	0	0	0	0	0	0	0	0	0	0	0	0	0	0	0	0	0	0	0	0	0	0	0	0	0	0	0	0	0	0	0	0	0	0	0	0	0	0	0	0	0	0	0	0	0	0	0	0	0	0	0	0	0	0	0	0	0	0	0	0	0	0	0	0	0	0	0
Propioniciclava	0	0	0	0	0	0	0	0	0	0	0	0	0	0	0	0	0	0	0	0	0	0	0	0	0	0	0	0	0	0	0	0	0	0	0	0	0	0	0	0	0	0	0	0	0	0	0	0	0	0	0	0	0	0	0	0	0	0	0	0	0	0	0	0	0	0	0	0	0	0	0	0	0	0	0	0	0	0	0	0	0
Propionicimonas	0	0	0	0	0	0	0	0	0	0	0	0	0	0	0	0	0	0	0	0	0	0	0	0	0	0	0	0	0	0	0	0	0	0	0	0	0	0	0	0	0	0	0	0	0	0	0	0	0	0	0	0	0	0	0	0	0	0	0	0	0	0	0	0	0	0	0	0	0	0	0	0	0	0	0	0	0	0	0	0	0
Propionimicrobium	0	0	0	0	0	0	0	0	0	0	0	0	0	0	0	0	0	0	0	0	0	0	0	0	0	0	0	0	0	0	0	0	0	0	0	0	0	0	0	0	0	0	0	0	0	0	0	0	0	0	0	0	0	0	0	0	0	0	0	0	0	0	0	0	0	0	0	0	0	0	0	0	0	0	0	0	0	0	0	0	0
Propionispira	0	0	0	0	0	0	0	0	0	0	0	0	0	0	0	0	0	0	0	0	0	0	0	0	0	0	0	0	0	0	0	0	0	0	0	0	0	0	0	0	0	0	0	0	0	0	0	0	0	0	0	0	0	0	0	0	0	0	0	0	0	0	0	0	0	0	0	0	0	0	0	0	0	0	0	0	0	0	0	0	0
Propionispora	0	0	0	0	0	0	0	0	0	0	0	0	0	0	0	0	0	0	0	0	0	0	0	0	0	0	0	0	0	0	0	0	0	0	0	0	0	0	0	0	0	0	0	0	0	0	0	0	0	0	0	0	0	0	0	0	0	0	0	0	0	0	0	0	0	0	0	0	0	0	0	0	0	0	0	0	0	0	0	0	0
Propionivibrio	0	0	0	0	0	0	0	0	0	0	0	0	0	0	0	0	0	0	0	0	0	0	0	0	0	0	0	0	0	0	0	0	0	0	0	0	0	0	0	0	0	0	0	0	0	0	0	0	0	0	0	0	0	0	0	0	0	0	0	0	0	0	0	0	0	0	0	0	0	0	0	0	0	0	0	0	0	0	0	0	0
Prosthecobacter	0	0	0	0	0	0	0	0	0	0	0	0	0	0	0	0	0	0	0	0	0	0	0	0	0	0	0	0	0	0	0	0	0	0	0	0	0	0	0	0	0	0	0	0	0	0	0	0	0	0	0	0	0	0	0	0	0	0	0	0	0	0	0	0	0	0	0	0	0	0	0	0	0	0	0	0	0	0	0	0	0
Prosthecochloris	0.000486069987820194	1.169916160113494e-05	1.010019392372334e-05	0	5.316130335567437e-06	2.990245818141223e-06	7.854657419116665e-06	3.020746486871836e-06	4.858087176755024e-06	0	0	1.072696652113749e-05	1.038144006145812e-06	7.803355442840421e-06	2.023869202003942e-05	7.908428308614552e-06	1.583076460331496e-05	6.76617454023844e-06	0	5.882434729039013e-06	3.585911491636085e-06	3.11522597849248e-06	1.522546013624351e-06	1.877276197389335e-05	3.28345222166586e-06	2.1737452870485e-06	9.649924851210222e-06	4.249818927357845e-06	1.242602280288148e-05	1.695228440508501e-06	0	1.224314125100417e-05	9.223548509935741e-06	4.049435508690089e-06	8.356042619995384e-06	0	1.118868600071608e-05	3.537408388492339e-06	2.79920465265136e-06	1.26021826980433e-05	2.127206298487673e-07	5.450164513215831e-06	3.253397360193382e-06	1.235593455536694e-05	8.615738081562321e-06	6.422483831396955e-06	6.317478567953958e-06	6.257323023350765e-06	1.776593382189652e-05	9.183280752093996e-06	4.940286754004349e-06	3.301091027089909e-07	1.067704950414003e-05	6.064810996230114e-06	1.20532270506557e-05	1.071837731562625e-05	1.356901813227893e-05	3.137947301313022e-06	1.024987136411438e-06	6.24750099960016e-06	1.903343158813684e-06	6.059315505095885e-06	0	6.107073280129416e-06	2.161224463331945e-06	4.09886671458925e-06	6.232299157482187e-06	3.915728305886253e-06	7.44891903769898e-06	1.270441402160767e-06	3.629401783850977e-06	1.183412345830957e-06	0	6.714473719549861e-06	3.011996783187436e-06	4.16555006782904e-06	7.19699741267943e-07	2.417375821130766e-05	3.487656312396352e-06	8.680587849409162e-06	0
Prosthecodimorpha	0	0	0	0	0	0	0	0	0	0	0	0	0	0	0	0	0	0	0	0	0	0	0	0	0	0	0	0	0	0	0	0	0	0	0	0	0	0	0	0	0	0	0	0	0	0	0	0	0	0	0	0	0	0	0	0	0	0	0	0	0	0	0	0	0	0	0	0	0	0	0	0	0	0	0	0	0	0	0	0	0
Prosthecomicrobium	0	0	0	0	0	0	0	0	0	0	0	0	0	0	0	0	0	0	0	0	0	0	0	0	0	0	0	0	0	0	0	0	0	0	0	0	0	0	0	0	0	0	0	0	0	0	0	0	0	0	0	0	0	0	0	0	0	0	0	0	0	0	0	0	0	0	0	0	0	0	0	0	0	0	0	0	0	0	0	0	0
Protaetiibacter	0	0	0	0	0	0	0	0	0	0	0	0	0	0	0	0	0	0	0	0	0	0	0	0	0	0	0	0	0	0	0	0	0	0	0	0	0	0	0	0	0	0	0	0	0	0	0	0	0	0	0	0	0	0	0	0	0	0	0	0	0	0	0	0	0	0	0	0	0	0	0	0	0	0	0	0	0	0	0	0	0
Proteiniborus	0	0	0	0	0	0	0	0	0	0	0	0	0	0	0	0	0	0	0	0	0	0	0	0	0	0	0	0	0	0	0	0	0	0	0	0	0	0	0	0	0	0	0	0	0	0	0	0	0	0	0	0	0	0	0	0	0	0	0	0	0	0	0	0	0	0	0	0	0	0	0	0	0	0	0	0	0	0	0	0	0
Proteiniclasticum	0	0	0	0	0	0	0	0	0	0	0	0	0	0	0	0	0	0	0	0	0	0	0	0	0	0	0	0	0	0	0	0	0	0	0	0	0	0	0	0	0	0	0	0	0	0	0	0	0	0	0	0	0	0	0	0	0	0	0	0	0	0	0	0	0	0	0	0	0	0	0	0	0	0	0	0	0	0	0	0	0
Proteiniphilum	0	0	0	0	0	0	0	0	0	0	0	0	0	0	0	0	0	0	0	0	0	0	0	0	0	0	0	0	0	0	0	0	0	0	0	0	0	0	0	0	0	0	0	0	0	0	0	0	0	0	0	0	0	0	0	0	0	0	0	0	0	0	0	0	0	0	0	0	0	0	0	0	0	0	0	0	0	0	0	0	0
Proteinivorax	0	0	0	0	0	0	0	0	0	0	0	0	0	0	0	0	0	0	0	0	0	0	0	0	0	0	0	0	0	0	0	0	0	0	0	0	0	0	0	0	0	0	0	0	0	0	0	0	0	0	0	0	0	0	0	0	0	0	0	0	0	0	0	0	0	0	0	0	0	0	0	0	0	0	0	0	0	0	0	0	0
Proteocatella	0	0	0	0	0	0	0	0	0	0	0	0	0	0	0	0	0	0	0	0	0	0	0	0	0	0	0	0	0	0	0	0	0	0	0	0	0	0	0	0	0	0	0	0	0	0	0	0	0	0	0	0	0	0	0	0	0	0	0	0	0	0	0	0	0	0	0	0	0	0	0	0	0	0	0	0	0	0	0	0	0
Proteus	0.08113430942854502	0.0009365486734382	0.0008669333117862	0.0011515386104122	0.0008519098862746	0.0008781355219274	0.0015892590178012	0.0011373110523072	0.0025731668412879	0.0007981168483476	0.0009994534239088	0.000950102749015	0.0003700983381909	0.0006034594875796001	0.000720808800406	0.0012910509213813	0.000850338212978	0.0014175135661799	0.0006735345811897	0.0007091007682459	0.0007629026698455	0.0007829601292611	0.0008861217799293	0.0010168579402525	0.0008372803165247	0.0007205965626564999	0.0006791134614039	0.0006107596915601999	0.0006540606548062	0.0008730426468618	0.0010064145100641	0.0010463176869127	0.0010211785850285	0.0010811992808202	0.0005316532116972	0.0013748657357679	0.0007306698423076	0.001147299454001	0.0011430085664993	0.00145975282919	0.0001122101322452	0.0005635470106665	0.0010638609367832	0.0008668163318842	0.0009750143595634	0.0011230171728042	0.0014909249420371	0.0005834953719274	0.0014656895403064	0.0012138627466858	0.0010572213653569	0.000660713369072	0.0019272074354972	0.0020583968521205	0.0010968436616096	0.0005390856590791	0.0008982690003568	0.0009685797336719	0.000670341587213	0.0012317989470878	0.0009637260860793	0.0011417481644602	0.0012355285185447	0.002608398854313	0.0007531867254711	0.0013562125241897	0.0009927162229418	0.0007975033316321	0.0009484956908003	0.0014406805500503	0.0005707234305104999	0.0009976166075354	0.0009684030358309	0.0014838986920205	0.0009276950092217	0.0006227497351404	0.0005680829957741	0.0011886582251902	0.0010201394713759	0.0012549649862288	0.0009918482472181
Protofrankia	0	0	0	0	0	0	0	0	0	0	0	0	0	0	0	0	0	0	0	0	0	0	0	0	0	0	0	0	0	0	0	0	0	0	0	0	0	0	0	0	0	0	0	0	0	0	0	0	0	0	0	0	0	0	0	0	0	0	0	0	0	0	0	0	0	0	0	0	0	0	0	0	0	0	0	0	0	0	0	0	0
Providencia	0.002591966886814261	3.694472084568929e-05	4.545087265675501e-05	6.289916779562609e-05	1.860645617448603e-05	3.388945260560053e-05	2.094575311764444e-05	3.624895784246203e-05	2.914852306053015e-05	1.010274491579362e-05	0	3.218089956341246e-05	1.090051206453103e-05	2.341006632852126e-05	2.10171032515794e-05	3.459937385018867e-05	1.583076460331496e-05	3.721395997131142e-05	1.282923011790062e-05	2.566880609035206e-05	3.048024767890673e-05	3.11522597849248e-05	3.623659512425955e-05	2.503034929852446e-05	4.104315277082324e-05	2.6084943444582e-05	2.1712330915223e-05	1.517792474056373e-05	4.405589902839798e-05	3.390456881017001e-05	1.1059500110595e-05	3.107874317562598e-05	4.941186701751288e-05	4.049435508690088e-05	1.775659056749019e-05	0	1.653979669671072e-05	4.244890066190807e-05	6.251557057588037e-05	0.0001995345593856	6.062537950689869e-06	3.106593772533024e-05	3.253397360193382e-05	1.805867358092092e-05	1.148765077541643e-05	5.780235448257259e-05	2.105826189317986e-05	2.502929209340306e-05	3.553186764379303e-05	4.67512474652058e-05	3.655812197963218e-05	3.25157466168356e-05	8.719590428381021e-05	8.612031614646762e-05	4.62040370275135e-05	9.500379893395994e-06	2.578113445132997e-05	2.92875081455882e-05	1.229984563693726e-05	2.707250433160069e-05	3.552907229785544e-05	5.366822304513498e-05	0	0.0001044988094599	2.701530579164932e-05	3.484036707400863e-05	1.424525521710214e-05	1.957864152943127e-05	2.979567615079592e-05	1.52452968259292e-05	1.270290624347842e-05	2.011800987912626e-05	0	4.028684231729917e-05	3.513996247052008e-05	2.638181709625059e-05	9.835896463995222e-06	2.969918865960655e-05	2.266976603057628e-05	3.72025193546107e-05	6.199051545113598e-05
Pseudacidovorax	0	0	0	0	0	0	0	0	0	0	0	0	0	0	0	0	0	0	0	0	0	0	0	0	0	0	0	0	0	0	0	0	0	0	0	0	0	0	0	0	0	0	0	0	0	0	0	0	0	0	0	0	0	0	0	0	0	0	0	0	0	0	0	0	0	0	0	0	0	0	0	0	0	0	0	0	0	0	0	0	0
Pseudactinotalea	0	0	0	0	0	0	0	0	0	0	0	0	0	0	0	0	0	0	0	0	0	0	0	0	0	0	0	0	0	0	0	0	0	0	0	0	0	0	0	0	0	0	0	0	0	0	0	0	0	0	0	0	0	0	0	0	0	0	0	0	0	0	0	0	0	0	0	0	0	0	0	0	0	0	0	0	0	0	0	0	0
Pseudaeromonas	0	0	0	0	0	0	0	0	0	0	0	0	0	0	0	0	0	0	0	0	0	0	0	0	0	0	0	0	0	0	0	0	0	0	0	0	0	0	0	0	0	0	0	0	0	0	0	0	0	0	0	0	0	0	0	0	0	0	0	0	0	0	0	0	0	0	0	0	0	0	0	0	0	0	0	0	0	0	0	0	0
Pseudalgibacter	0	0	0	0	0	0	0	0	0	0	0	0	0	0	0	0	0	0	0	0	0	0	0	0	0	0	0	0	0	0	0	0	0	0	0	0	0	0	0	0	0	0	0	0	0	0	0	0	0	0	0	0	0	0	0	0	0	0	0	0	0	0	0	0	0	0	0	0	0	0	0	0	0	0	0	0	0	0	0	0	0
Pseudalkalibacillus	0	0	0	0	0	0	0	0	0	0	0	0	0	0	0	0	0	0	0	0	0	0	0	0	0	0	0	0	0	0	0	0	0	0	0	0	0	0	0	0	0	0	0	0	0	0	0	0	0	0	0	0	0	0	0	0	0	0	0	0	0	0	0	0	0	0	0	0	0	0	0	0	0	0	0	0	0	0	0	0	0
Pseudaminobacter	0	0	0	0	0	0	0	0	0	0	0	0	0	0	0	0	0	0	0	0	0	0	0	0	0	0	0	0	0	0	0	0	0	0	0	0	0	0	0	0	0	0	0	0	0	0	0	0	0	0	0	0	0	0	0	0	0	0	0	0	0	0	0	0	0	0	0	0	0	0	0	0	0	0	0	0	0	0	0	0	0
Pseudanabaena	0	0	0	0	0	0	0	0	0	0	0	0	0	0	0	0	0	0	0	0	0	0	0	0	0	0	0	0	0	0	0	0	0	0	0	0	0	0	0	0	0	0	0	0	0	0	0	0	0	0	0	0	0	0	0	0	0	0	0	0	0	0	0	0	0	0	0	0	0	0	0	0	0	0	0	0	0	0	0	0	0
Pseudaquabacterium	0	0	0	0	0	0	0	0	0	0	0	0	0	0	0	0	0	0	0	0	0	0	0	0	0	0	0	0	0	0	0	0	0	0	0	0	0	0	0	0	0	0	0	0	0	0	0	0	0	0	0	0	0	0	0	0	0	0	0	0	0	0	0	0	0	0	0	0	0	0	0	0	0	0	0	0	0	0	0	0	0
Pseudaquidulcibacter	0	0	0	0	0	0	0	0	0	0	0	0	0	0	0	0	0	0	0	0	0	0	0	0	0	0	0	0	0	0	0	0	0	0	0	0	0	0	0	0	0	0	0	0	0	0	0	0	0	0	0	0	0	0	0	0	0	0	0	0	0	0	0	0	0	0	0	0	0	0	0	0	0	0	0	0	0	0	0	0	0
Pseudarthrobacter	0.004433957322512974	5.603282661596209e-05	2.693385046326223e-05	4.354557770466421e-05	5.316130335567437e-05	4.086669284793005e-05	3.534595838602499e-05	7.702903541523181e-05	5.991640851331197e-05	0	4.684937924572499e-05	5.823210397188922e-05	6.592214439025909e-05	2.861230329041488e-05	8.796046916401747e-05	7.809572954756871e-05	0.0001379538058288	6.512442994979499e-05	3.848769035370188e-05	4.812901141941011e-05	4.975452194645069e-05	6.749656286733707e-05	1.583447854169325e-05	9.386380986946672e-05	2.955106999499273e-05	5.706081378502311e-05	6.031203032006389e-05	1.153522280282844e-05	0.0001581493811275	3.899025413169552e-05	0.0001105950011059	6.309926644748304e-05	3.623536914617611e-05	3.509510774198076e-05	4.282471842747634e-05	7.160759040458288e-05	5.399757156867324e-05	7.310644002884167e-05	7.837773027423808e-05	8.086400564577785e-05	5.105295116370416e-06	5.777174384008781e-05	5.856115248348088e-05	2.661278211925188e-05	2.441125789775991e-05	1.55974607333926e-05	6.10689594902216e-05	0.0001110674836644	0.0001154785698423	4.090734153205508e-05	0.0001323996850073	1.270920045429615e-05	0.0001005422161639	6.186107216154716e-05	9.2408074055027e-05	1.607756597343937e-05	4.749156346297626e-05	4.811519195346634e-05	5.739927963904053e-05	4.998000799680128e-05	5.26591607271786e-05	4.674329103931111e-05	4.715757704369149e-06	6.446355129025494e-05	1.764999978387755e-05	3.688980043130325e-05	8.725218820475061e-05	5.35149535137788e-05	8.690405543982143e-05	3.684280066266223e-05	3.266461605465879e-05	2.130142222495722e-05	8.557980316645271e-05	6.714473719549861e-06	4.668595013940525e-05	0.000136074635549	8.156597067703355e-06	3.660597671998016e-05	5.405867284214344e-05	7.192487075224734e-05	3.44391752506311e-05
Pseudazoarcus	0	0	0	0	0	0	0	0	0	0	0	0	0	0	0	0	0	0	0	0	0	0	0	0	0	0	0	0	0	0	0	0	0	0	0	0	0	0	0	0	0	0	0	0	0	0	0	0	0	0	0	0	0	0	0	0	0	0	0	0	0	0	0	0	0	0	0	0	0	0	0	0	0	0	0	0	0	0	0	0	0
Pseudemcibacter	0	0	0	0	0	0	0	0	0	0	0	0	0	0	0	0	0	0	0	0	0	0	0	0	0	0	0	0	0	0	0	0	0	0	0	0	0	0	0	0	0	0	0	0	0	0	0	0	0	0	0	0	0	0	0	0	0	0	0	0	0	0	0	0	0	0	0	0	0	0	0	0	0	0	0	0	0	0	0	0	0
Pseudenterobacter	0	0	0	0	0	0	0	0	0	0	0	0	0	0	0	0	0	0	0	0	0	0	0	0	0	0	0	0	0	0	0	0	0	0	0	0	0	0	0	0	0	0	0	0	0	0	0	0	0	0	0	0	0	0	0	0	0	0	0	0	0	0	0	0	0	0	0	0	0	0	0	0	0	0	0	0	0	0	0	0	0
Pseudescherichia	0	0	0	0	0	0	0	0	0	0	0	0	0	0	0	0	0	0	0	0	0	0	0	0	0	0	0	0	0	0	0	0	0	0	0	0	0	0	0	0	0	0	0	0	0	0	0	0	0	0	0	0	0	0	0	0	0	0	0	0	0	0	0	0	0	0	0	0	0	0	0	0	0	0	0	0	0	0	0	0	0
Pseudidiomarina	0	0	0	0	0	0	0	0	0	0	0	0	0	0	0	0	0	0	0	0	0	0	0	0	0	0	0	0	0	0	0	0	0	0	0	0	0	0	0	0	0	0	0	0	0	0	0	0	0	0	0	0	0	0	0	0	0	0	0	0	0	0	0	0	0	0	0	0	0	0	0	0	0	0	0	0	0	0	0	0	0
Pseudoalteromonas	0.1021642829233637	0.001546136567392	0.0011093379659556	0.0009386491194116	0.0010818325232879	0.0012150365507713	0.001608895661349	0.0019710370826838	0.0010590630045325	0.0011921239000636	0.0012961661591317	0.0009133245780854001	0.0005429493152142	0.0008895825204838	0.0008990649724286	0.0016133193749573	0.0009882920188069	0.0024239820290404	0.0009461557211951	0.0010818332233496	0.0011878331816044	0.0009833730005441	0.0013017768416488	0.0014642754339636	0.0009932442970539	0.0008162413552867	0.0011109475984955	0.0010345273503168	0.0009545444789486	0.0011324125982596	0.0012607830126078	0.0013062489934725	0.0014085676224459	0.0013363137178677	0.0009233427095094	0.0015037593984962	0.0011169227416367	0.0018141009352318	0.00134081902862	0.0021255681484033	8.98744661111042e-05	0.0008883768156541	0.0012948521493569	0.0012279898035026	0.0013095921883974	0.0014413888713035	0.001092923792256	0.0008728965617574	0.0022829224961137	0.0018967648971597	0.0012182747135374	0.001045290473728	0.0023293763001532	0.0021336005084737	0.0014885735407559	0.0007420040296226	0.0009294777420611	0.0011495346947143	0.0008056398892193	0.0014129764760762	0.0013539114336361	0.0017546046469756	0.0016552309542335	0.0023966869806018	0.0011195142720059	0.0020852984410472	0.0012518018022028	0.0010206998450676	0.0011148548826422	0.0013034728786169	0.0008111712986906	0.0012745350964599	0.0008377812309979	0.001685332903607	0.0012158427014799	0.0009448856070525	0.0008753947852955	0.0017225529422571	0.0011422074423098	0.0012636455740782	0.0012501420615979
Pseudobacillus	0	0	0	0	0	0	0	0	0	0	0	0	0	0	0	0	0	0	0	0	0	0	0	0	0	0	0	0	0	0	0	0	0	0	0	0	0	0	0	0	0	0	0	0	0	0	0	0	0	0	0	0	0	0	0	0	0	0	0	0	0	0	0	0	0	0	0	0	0	0	0	0	0	0	0	0	0	0	0	0	0
Pseudobacter	0	0	0	0	0	0	0	0	0	0	0	0	0	0	0	0	0	0	0	0	0	0	0	0	0	0	0	0	0	0	0	0	0	0	0	0	0	0	0	0	0	0	0	0	0	0	0	0	0	0	0	0	0	0	0	0	0	0	0	0	0	0	0	0	0	0	0	0	0	0	0	0	0	0	0	0	0	0	0	0	0
Pseudobacteroides	0	0	0	0	0	0	0	0	0	0	0	0	0	0	0	0	0	0	0	0	0	0	0	0	0	0	0	0	0	0	0	0	0	0	0	0	0	0	0	0	0	0	0	0	0	0	0	0	0	0	0	0	0	0	0	0	0	0	0	0	0	0	0	0	0	0	0	0	0	0	0	0	0	0	0	0	0	0	0	0	0
Pseudobdellovibrio	0	0	0	0	0	0	0	0	0	0	0	0	0	0	0	0	0	0	0	0	0	0	0	0	0	0	0	0	0	0	0	0	0	0	0	0	0	0	0	0	0	0	0	0	0	0	0	0	0	0	0	0	0	0	0	0	0	0	0	0	0	0	0	0	0	0	0	0	0	0	0	0	0	0	0	0	0	0	0	0	0
Pseudobutyrivibrio	0	0	0	0	0	0	0	0	0	0	0	0	0	0	0	0	0	0	0	0	0	0	0	0	0	0	0	0	0	0	0	0	0	0	0	0	0	0	0	0	0	0	0	0	0	0	0	0	0	0	0	0	0	0	0	0	0	0	0	0	0	0	0	0	0	0	0	0	0	0	0	0	0	0	0	0	0	0	0	0	0
Pseudochelatococcus	0	0	0	0	0	0	0	0	0	0	0	0	0	0	0	0	0	0	0	0	0	0	0	0	0	0	0	0	0	0	0	0	0	0	0	0	0	0	0	0	0	0	0	0	0	0	0	0	0	0	0	0	0	0	0	0	0	0	0	0	0	0	0	0	0	0	0	0	0	0	0	0	0	0	0	0	0	0	0	0	0
Pseudochrobactrum	0	0	0	0	0	0	0	0	0	0	0	0	0	0	0	0	0	0	0	0	0	0	0	0	0	0	0	0	0	0	0	0	0	0	0	0	0	0	0	0	0	0	0	0	0	0	0	0	0	0	0	0	0	0	0	0	0	0	0	0	0	0	0	0	0	0	0	0	0	0	0	0	0	0	0	0	0	0	0	0	0
Pseudocitrobacter	0	0	0	0	0	0	0	0	0	0	0	0	0	0	0	0	0	0	0	0	0	0	0	0	0	0	0	0	0	0	0	0	0	0	0	0	0	0	0	0	0	0	0	0	0	0	0	0	0	0	0	0	0	0	0	0	0	0	0	0	0	0	0	0	0	0	0	0	0	0	0	0	0	0	0	0	0	0	0	0	0
Pseudoclavibacter	0	0	0	0	0	0	0	0	0	0	0	0	0	0	0	0	0	0	0	0	0	0	0	0	0	0	0	0	0	0	0	0	0	0	0	0	0	0	0	0	0	0	0	0	0	0	0	0	0	0	0	0	0	0	0	0	0	0	0	0	0	0	0	0	0	0	0	0	0	0	0	0	0	0	0	0	0	0	0	0	0
Pseudocnuella	0	0	0	0	0	0	0	0	0	0	0	0	0	0	0	0	0	0	0	0	0	0	0	0	0	0	0	0	0	0	0	0	0	0	0	0	0	0	0	0	0	0	0	0	0	0	0	0	0	0	0	0	0	0	0	0	0	0	0	0	0	0	0	0	0	0	0	0	0	0	0	0	0	0	0	0	0	0	0	0	0
Pseudocolwellia	0	0	0	0	0	0	0	0	0	0	0	0	0	0	0	0	0	0	0	0	0	0	0	0	0	0	0	0	0	0	0	0	0	0	0	0	0	0	0	0	0	0	0	0	0	0	0	0	0	0	0	0	0	0	0	0	0	0	0	0	0	0	0	0	0	0	0	0	0	0	0	0	0	0	0	0	0	0	0	0	0
Pseudodesulfovibrio	0	0	0	0	0	0	0	0	0	0	0	0	0	0	0	0	0	0	0	0	0	0	0	0	0	0	0	0	0	0	0	0	0	0	0	0	0	0	0	0	0	0	0	0	0	0	0	0	0	0	0	0	0	0	0	0	0	0	0	0	0	0	0	0	0	0	0	0	0	0	0	0	0	0	0	0	0	0	0	0	0
Pseudodonghicola	0	0	0	0	0	0	0	0	0	0	0	0	0	0	0	0	0	0	0	0	0	0	0	0	0	0	0	0	0	0	0	0	0	0	0	0	0	0	0	0	0	0	0	0	0	0	0	0	0	0	0	0	0	0	0	0	0	0	0	0	0	0	0	0	0	0	0	0	0	0	0	0	0	0	0	0	0	0	0	0	0
Pseudoduganella	0	0	0	0	0	0	0	0	0	0	0	0	0	0	0	0	0	0	0	0	0	0	0	0	0	0	0	0	0	0	0	0	0	0	0	0	0	0	0	0	0	0	0	0	0	0	0	0	0	0	0	0	0	0	0	0	0	0	0	0	0	0	0	0	0	0	0	0	0	0	0	0	0	0	0	0	0	0	0	0	0
Pseudoflavitalea	0	0	0	0	0	0	0	0	0	0	0	0	0	0	0	0	0	0	0	0	0	0	0	0	0	0	0	0	0	0	0	0	0	0	0	0	0	0	0	0	0	0	0	0	0	0	0	0	0	0	0	0	0	0	0	0	0	0	0	0	0	0	0	0	0	0	0	0	0	0	0	0	0	0	0	0	0	0	0	0	0
Pseudoflavonifractor	0	0	0	0	0	0	0	0	0	0	0	0	0	0	0	0	0	0	0	0	0	0	0	0	0	0	0	0	0	0	0	0	0	0	0	0	0	0	0	0	0	0	0	0	0	0	0	0	0	0	0	0	0	0	0	0	0	0	0	0	0	0	0	0	0	0	0	0	0	0	0	0	0	0	0	0	0	0	0	0	0
Pseudofrankia	0	0	0	0	0	0	0	0	0	0	0	0	0	0	0	0	0	0	0	0	0	0	0	0	0	0	0	0	0	0	0	0	0	0	0	0	0	0	0	0	0	0	0	0	0	0	0	0	0	0	0	0	0	0	0	0	0	0	0	0	0	0	0	0	0	0	0	0	0	0	0	0	0	0	0	0	0	0	0	0	0
Pseudogemmatithrix	0	0	0	0	0	0	0	0	0	0	0	0	0	0	0	0	0	0	0	0	0	0	0	0	0	0	0	0	0	0	0	0	0	0	0	0	0	0	0	0	0	0	0	0	0	0	0	0	0	0	0	0	0	0	0	0	0	0	0	0	0	0	0	0	0	0	0	0	0	0	0	0	0	0	0	0	0	0	0	0	0
Pseudogemmobacter	0	0	0	0	0	0	0	0	0	0	0	0	0	0	0	0	0	0	0	0	0	0	0	0	0	0	0	0	0	0	0	0	0	0	0	0	0	0	0	0	0	0	0	0	0	0	0	0	0	0	0	0	0	0	0	0	0	0	0	0	0	0	0	0	0	0	0	0	0	0	0	0	0	0	0	0	0	0	0	0	0
Pseudoglutamicibacter	0	0	0	0	0	0	0	0	0	0	0	0	0	0	0	0	0	0	0	0	0	0	0	0	0	0	0	0	0	0	0	0	0	0	0	0	0	0	0	0	0	0	0	0	0	0	0	0	0	0	0	0	0	0	0	0	0	0	0	0	0	0	0	0	0	0	0	0	0	0	0	0	0	0	0	0	0	0	0	0	0
Pseudogracilibacillus	0	0	0	0	0	0	0	0	0	0	0	0	0	0	0	0	0	0	0	0	0	0	0	0	0	0	0	0	0	0	0	0	0	0	0	0	0	0	0	0	0	0	0	0	0	0	0	0	0	0	0	0	0	0	0	0	0	0	0	0	0	0	0	0	0	0	0	0	0	0	0	0	0	0	0	0	0	0	0	0	0
Pseudogulbenkiania	0	0	0	0	0	0	0	0	0	0	0	0	0	0	0	0	0	0	0	0	0	0	0	0	0	0	0	0	0	0	0	0	0	0	0	0	0	0	0	0	0	0	0	0	0	0	0	0	0	0	0	0	0	0	0	0	0	0	0	0	0	0	0	0	0	0	0	0	0	0	0	0	0	0	0	0	0	0	0	0	0
Pseudohaliea	0	0	0	0	0	0	0	0	0	0	0	0	0	0	0	0	0	0	0	0	0	0	0	0	0	0	0	0	0	0	0	0	0	0	0	0	0	0	0	0	0	0	0	0	0	0	0	0	0	0	0	0	0	0	0	0	0	0	0	0	0	0	0	0	0	0	0	0	0	0	0	0	0	0	0	0	0	0	0	0	0
Pseudohalioglobus	0	0	0	0	0	0	0	0	0	0	0	0	0	0	0	0	0	0	0	0	0	0	0	0	0	0	0	0	0	0	0	0	0	0	0	0	0	0	0	0	0	0	0	0	0	0	0	0	0	0	0	0	0	0	0	0	0	0	0	0	0	0	0	0	0	0	0	0	0	0	0	0	0	0	0	0	0	0	0	0	0
Pseudohalocynthiibacter	0	0	0	0	0	0	0	0	0	0	0	0	0	0	0	0	0	0	0	0	0	0	0	0	0	0	0	0	0	0	0	0	0	0	0	0	0	0	0	0	0	0	0	0	0	0	0	0	0	0	0	0	0	0	0	0	0	0	0	0	0	0	0	0	0	0	0	0	0	0	0	0	0	0	0	0	0	0	0	0	0
Pseudohoeflea	0	0	0	0	0	0	0	0	0	0	0	0	0	0	0	0	0	0	0	0	0	0	0	0	0	0	0	0	0	0	0	0	0	0	0	0	0	0	0	0	0	0	0	0	0	0	0	0	0	0	0	0	0	0	0	0	0	0	0	0	0	0	0	0	0	0	0	0	0	0	0	0	0	0	0	0	0	0	0	0	0
Pseudohongiella	0	0	0	0	0	0	0	0	0	0	0	0	0	0	0	0	0	0	0	0	0	0	0	0	0	0	0	0	0	0	0	0	0	0	0	0	0	0	0	0	0	0	0	0	0	0	0	0	0	0	0	0	0	0	0	0	0	0	0	0	0	0	0	0	0	0	0	0	0	0	0	0	0	0	0	0	0	0	0	0	0
Pseudokineococcus	0	0	0	0	0	0	0	0	0	0	0	0	0	0	0	0	0	0	0	0	0	0	0	0	0	0	0	0	0	0	0	0	0	0	0	0	0	0	0	0	0	0	0	0	0	0	0	0	0	0	0	0	0	0	0	0	0	0	0	0	0	0	0	0	0	0	0	0	0	0	0	0	0	0	0	0	0	0	0	0	0
Pseudolabrys	0	0	0	0	0	0	0	0	0	0	0	0	0	0	0	0	0	0	0	0	0	0	0	0	0	0	0	0	0	0	0	0	0	0	0	0	0	0	0	0	0	0	0	0	0	0	0	0	0	0	0	0	0	0	0	0	0	0	0	0	0	0	0	0	0	0	0	0	0	0	0	0	0	0	0	0	0	0	0	0	0
Pseudolactococcus	0	0	0	0	0	0	0	0	0	0	0	0	0	0	0	0	0	0	0	0	0	0	0	0	0	0	0	0	0	0	0	0	0	0	0	0	0	0	0	0	0	0	0	0	0	0	0	0	0	0	0	0	0	0	0	0	0	0	0	0	0	0	0	0	0	0	0	0	0	0	0	0	0	0	0	0	0	0	0	0	0
Pseudoleptotrichia	0	0	0	0	0	0	0	0	0	0	0	0	0	0	0	0	0	0	0	0	0	0	0	0	0	0	0	0	0	0	0	0	0	0	0	0	0	0	0	0	0	0	0	0	0	0	0	0	0	0	0	0	0	0	0	0	0	0	0	0	0	0	0	0	0	0	0	0	0	0	0	0	0	0	0	0	0	0	0	0	0
Pseudoluteimonas	0	0	0	0	0	0	0	0	0	0	0	0	0	0	0	0	0	0	0	0	0	0	0	0	0	0	0	0	0	0	0	0	0	0	0	0	0	0	0	0	0	0	0	0	0	0	0	0	0	0	0	0	0	0	0	0	0	0	0	0	0	0	0	0	0	0	0	0	0	0	0	0	0	0	0	0	0	0	0	0	0
Pseudolysinimonas	0	0	0	0	0	0	0	0	0	0	0	0	0	0	0	0	0	0	0	0	0	0	0	0	0	0	0	0	0	0	0	0	0	0	0	0	0	0	0	0	0	0	0	0	0	0	0	0	0	0	0	0	0	0	0	0	0	0	0	0	0	0	0	0	0	0	0	0	0	0	0	0	0	0	0	0	0	0	0	0	0
Pseudolysobacter	0	0	0	0	0	0	0	0	0	0	0	0	0	0	0	0	0	0	0	0	0	0	0	0	0	0	0	0	0	0	0	0	0	0	0	0	0	0	0	0	0	0	0	0	0	0	0	0	0	0	0	0	0	0	0	0	0	0	0	0	0	0	0	0	0	0	0	0	0	0	0	0	0	0	0	0	0	0	0	0	0
Pseudomaricurvus	0	0	0	0	0	0	0	0	0	0	0	0	0	0	0	0	0	0	0	0	0	0	0	0	0	0	0	0	0	0	0	0	0	0	0	0	0	0	0	0	0	0	0	0	0	0	0	0	0	0	0	0	0	0	0	0	0	0	0	0	0	0	0	0	0	0	0	0	0	0	0	0	0	0	0	0	0	0	0	0	0
Pseudomarimonas	0	0	0	0	0	0	0	0	0	0	0	0	0	0	0	0	0	0	0	0	0	0	0	0	0	0	0	0	0	0	0	0	0	0	0	0	0	0	0	0	0	0	0	0	0	0	0	0	0	0	0	0	0	0	0	0	0	0	0	0	0	0	0	0	0	0	0	0	0	0	0	0	0	0	0	0	0	0	0	0	0
Pseudomonas	9.404077347063305	0.1769923056461385	0.0842591844430079	0.0497677569189084	0.2131170199899791	0.062739344259027	0.0530752292905411	0.0922218798709537	0.0874180400209221	0.1093723164583817	0.205325212774264	0.1044745242207241	0.203809469430552	0.08545454545454539	0.08581127575373559	0.073827155367994	0.0916985731958016	0.1182118353925057	0.08194670737809021	0.0970099049505501	0.0793611519382075	0.0749180695567656	0.3288775516729278	0.0810983317272192	0.0534595273470526	0.0827767639671286	0.06838298621749481	0.5670351259676686	0.1108841793007312	0.06830414432496849	0.0745410307454103	0.06350423188886239	0.0791894345569468	0.0523646003747077	0.0787891258639364	0.1370426065162907	0.07361668923862449	0.08181848732163351	0.0612885858698015	0.0658999638737429	0.7163747980084669	0.072355839061002	0.08089897875856859	0.09086079043764719	0.0603159103963239	0.1438920802516879	0.0545598507390397	0.08046604541877909	0.1125294248278925	0.0736540858503175	0.0618118798087516	0.2461239001796288	0.0714864054467188	0.08004216256604579	0.0918315280277706	0.5282525464063108	0.0585381011244645	0.0545155584657111	0.0739835715061776	0.0542741236838597	0.0912938546124983	0.0627710461667904	0.08062530947159929	0.0802591570474607	0.4283672957750943	0.0523153729533205	0.0696040976476632	0.196140136084611	0.1043618386911752	0.07977482696588099	0.08641424177259981	0.0649279183540154	0.1087494088237281	0.0698439556307576	0.0707543144343921	0.08571799503744131	0.2356383316880197	0.0422439878136631	0.0788018505504393	0.0680086855481853	0.0810112719420595
Pseudomyxococcus	0	0	0	0	0	0	0	0	0	0	0	0	0	0	0	0	0	0	0	0	0	0	0	0	0	0	0	0	0	0	0	0	0	0	0	0	0	0	0	0	0	0	0	0	0	0	0	0	0	0	0	0	0	0	0	0	0	0	0	0	0	0	0	0	0	0	0	0	0	0	0	0	0	0	0	0	0	0	0	0	0
Pseudonocardia	0.2780386669896445	0.0013096903539796	0.001641281512605	0.0016595703502999	0.0027045813082199	0.001609748998766	0.0019374821633821	0.0068208455673566	0.0069081999653456	0.0026570219128537	0.0027484969157491	0.0016534852680439	0.0057009678097497	0.0036285602809207	0.0115866511814725	0.0045453691703762	0.008548612885789999	0.0034947291500331	0.0032554171424172	0.0029914854431131	0.0025580996103458	0.0038327663622052	0.0005091393869559	0.0070835888514824	0.0017861980085862	0.0022851497330097	0.0027707346729037	0.0004850864747084	0.0114003111024254	0.0021258164643976	0.005651404556514	0.0033904083464319	0.0013769440275546	0.0016062760851137	0.003446867580748	0.0039813820264948	0.0037365346596304	0.0014432626225048	0.0030781920496989	0.0072735597805539	0.0001546478979	0.0024585692119116	0.003129768260506	0.0013087786063646	0.0020591614014933	0.0011331096473964	0.0032893005077146	0.0071708921847599	0.009433710859427	0.0017924094340678	0.0058137294521123	0.0003028751017354	0.0053598788510782	0.0023337392713493	0.0063199087168938	0.0007147208873647	0.0047952910079473	0.0022216666893296	0.0027736151911293	0.0032497417699586	0.0033251404984475	0.0021346102907952	0.0002122090966966	0.0034396393841084	0.0005633591767751	0.0023291810105653	0.0086691281280577	0.0030190265238383	0.0086134333805925	0.0020466810988809	0.001874586021359	0.0017479000347923	0.0048375109789879	0.0020210565895845	0.002172151680142	0.0091614331158453	0.000471883130358	0.001498773009101	0.0025721465303923	0.0032639010313778	0.0030254815457679
Pseudooceanicola	0	0	0	0	0	0	0	0	0	0	0	0	0	0	0	0	0	0	0	0	0	0	0	0	0	0	0	0	0	0	0	0	0	0	0	0	0	0	0	0	0	0	0	0	0	0	0	0	0	0	0	0	0	0	0	0	0	0	0	0	0	0	0	0	0	0	0	0	0	0	0	0	0	0	0	0	0	0	0	0	0
Pseudooctadecabacter	0	0	0	0	0	0	0	0	0	0	0	0	0	0	0	0	0	0	0	0	0	0	0	0	0	0	0	0	0	0	0	0	0	0	0	0	0	0	0	0	0	0	0	0	0	0	0	0	0	0	0	0	0	0	0	0	0	0	0	0	0	0	0	0	0	0	0	0	0	0	0	0	0	0	0	0	0	0	0	0	0
Pseudopedobacter	0	0	0	0	0	0	0	0	0	0	0	0	0	0	0	0	0	0	0	0	0	0	0	0	0	0	0	0	0	0	0	0	0	0	0	0	0	0	0	0	0	0	0	0	0	0	0	0	0	0	0	0	0	0	0	0	0	0	0	0	0	0	0	0	0	0	0	0	0	0	0	0	0	0	0	0	0	0	0	0	0
Pseudopelagicola	0	0	0	0	0	0	0	0	0	0	0	0	0	0	0	0	0	0	0	0	0	0	0	0	0	0	0	0	0	0	0	0	0	0	0	0	0	0	0	0	0	0	0	0	0	0	0	0	0	0	0	0	0	0	0	0	0	0	0	0	0	0	0	0	0	0	0	0	0	0	0	0	0	0	0	0	0	0	0	0	0
Pseudophaeobacter	0	0	0	0	0	0	0	0	0	0	0	0	0	0	0	0	0	0	0	0	0	0	0	0	0	0	0	0	0	0	0	0	0	0	0	0	0	0	0	0	0	0	0	0	0	0	0	0	0	0	0	0	0	0	0	0	0	0	0	0	0	0	0	0	0	0	0	0	0	0	0	0	0	0	0	0	0	0	0	0	0
Pseudoprevotella	0	0	0	0	0	0	0	0	0	0	0	0	0	0	0	0	0	0	0	0	0	0	0	0	0	0	0	0	0	0	0	0	0	0	0	0	0	0	0	0	0	0	0	0	0	0	0	0	0	0	0	0	0	0	0	0	0	0	0	0	0	0	0	0	0	0	0	0	0	0	0	0	0	0	0	0	0	0	0	0	0
Pseudoramibacter	0	0	0	0	0	0	0	0	0	0	0	0	0	0	0	0	0	0	0	0	0	0	0	0	0	0	0	0	0	0	0	0	0	0	0	0	0	0	0	0	0	0	0	0	0	0	0	0	0	0	0	0	0	0	0	0	0	0	0	0	0	0	0	0	0	0	0	0	0	0	0	0	0	0	0	0	0	0	0	0	0
Pseudorhizobium	0	0	0	0	0	0	0	0	0	0	0	0	0	0	0	0	0	0	0	0	0	0	0	0	0	0	0	0	0	0	0	0	0	0	0	0	0	0	0	0	0	0	0	0	0	0	0	0	0	0	0	0	0	0	0	0	0	0	0	0	0	0	0	0	0	0	0	0	0	0	0	0	0	0	0	0	0	0	0	0	0
Pseudorhodobacter	0	0	0	0	0	0	0	0	0	0	0	0	0	0	0	0	0	0	0	0	0	0	0	0	0	0	0	0	0	0	0	0	0	0	0	0	0	0	0	0	0	0	0	0	0	0	0	0	0	0	0	0	0	0	0	0	0	0	0	0	0	0	0	0	0	0	0	0	0	0	0	0	0	0	0	0	0	0	0	0	0
Pseudorhodoferax	0	0	0	0	0	0	0	0	0	0	0	0	0	0	0	0	0	0	0	0	0	0	0	0	0	0	0	0	0	0	0	0	0	0	0	0	0	0	0	0	0	0	0	0	0	0	0	0	0	0	0	0	0	0	0	0	0	0	0	0	0	0	0	0	0	0	0	0	0	0	0	0	0	0	0	0	0	0	0	0	0
Pseudorhodoplanes	0	0	0	0	0	0	0	0	0	0	0	0	0	0	0	0	0	0	0	0	0	0	0	0	0	0	0	0	0	0	0	0	0	0	0	0	0	0	0	0	0	0	0	0	0	0	0	0	0	0	0	0	0	0	0	0	0	0	0	0	0	0	0	0	0	0	0	0	0	0	0	0	0	0	0	0	0	0	0	0	0
Pseudoroseicyclus	0	0	0	0	0	0	0	0	0	0	0	0	0	0	0	0	0	0	0	0	0	0	0	0	0	0	0	0	0	0	0	0	0	0	0	0	0	0	0	0	0	0	0	0	0	0	0	0	0	0	0	0	0	0	0	0	0	0	0	0	0	0	0	0	0	0	0	0	0	0	0	0	0	0	0	0	0	0	0	0	0
Pseudoroseomonas	0	0	0	0	0	0	0	0	0	0	0	0	0	0	0	0	0	0	0	0	0	0	0	0	0	0	0	0	0	0	0	0	0	0	0	0	0	0	0	0	0	0	0	0	0	0	0	0	0	0	0	0	0	0	0	0	0	0	0	0	0	0	0	0	0	0	0	0	0	0	0	0	0	0	0	0	0	0	0	0	0
Pseudoruegeria	0	0	0	0	0	0	0	0	0	0	0	0	0	0	0	0	0	0	0	0	0	0	0	0	0	0	0	0	0	0	0	0	0	0	0	0	0	0	0	0	0	0	0	0	0	0	0	0	0	0	0	0	0	0	0	0	0	0	0	0	0	0	0	0	0	0	0	0	0	0	0	0	0	0	0	0	0	0	0	0	0
Pseudoruminococcus	0	0	0	0	0	0	0	0	0	0	0	0	0	0	0	0	0	0	0	0	0	0	0	0	0	0	0	0	0	0	0	0	0	0	0	0	0	0	0	0	0	0	0	0	0	0	0	0	0	0	0	0	0	0	0	0	0	0	0	0	0	0	0	0	0	0	0	0	0	0	0	0	0	0	0	0	0	0	0	0	0
Pseudoscardovia	0	0	0	0	0	0	0	0	0	0	0	0	0	0	0	0	0	0	0	0	0	0	0	0	0	0	0	0	0	0	0	0	0	0	0	0	0	0	0	0	0	0	0	0	0	0	0	0	0	0	0	0	0	0	0	0	0	0	0	0	0	0	0	0	0	0	0	0	0	0	0	0	0	0	0	0	0	0	0	0	0
Pseudosulfitobacter	0	0	0	0	0	0	0	0	0	0	0	0	0	0	0	0	0	0	0	0	0	0	0	0	0	0	0	0	0	0	0	0	0	0	0	0	0	0	0	0	0	0	0	0	0	0	0	0	0	0	0	0	0	0	0	0	0	0	0	0	0	0	0	0	0	0	0	0	0	0	0	0	0	0	0	0	0	0	0	0	0
Pseudotabrizicola	0	0	0	0	0	0	0	0	0	0	0	0	0	0	0	0	0	0	0	0	0	0	0	0	0	0	0	0	0	0	0	0	0	0	0	0	0	0	0	0	0	0	0	0	0	0	0	0	0	0	0	0	0	0	0	0	0	0	0	0	0	0	0	0	0	0	0	0	0	0	0	0	0	0	0	0	0	0	0	0	0
Pseudotamlana	0	0	0	0	0	0	0	0	0	0	0	0	0	0	0	0	0	0	0	0	0	0	0	0	0	0	0	0	0	0	0	0	0	0	0	0	0	0	0	0	0	0	0	0	0	0	0	0	0	0	0	0	0	0	0	0	0	0	0	0	0	0	0	0	0	0	0	0	0	0	0	0	0	0	0	0	0	0	0	0	0
Pseudotenacibaculum	0	0	0	0	0	0	0	0	0	0	0	0	0	0	0	0	0	0	0	0	0	0	0	0	0	0	0	0	0	0	0	0	0	0	0	0	0	0	0	0	0	0	0	0	0	0	0	0	0	0	0	0	0	0	0	0	0	0	0	0	0	0	0	0	0	0	0	0	0	0	0	0	0	0	0	0	0	0	0	0	0
Pseudoteredinibacter	0	0	0	0	0	0	0	0	0	0	0	0	0	0	0	0	0	0	0	0	0	0	0	0	0	0	0	0	0	0	0	0	0	0	0	0	0	0	0	0	0	0	0	0	0	0	0	0	0	0	0	0	0	0	0	0	0	0	0	0	0	0	0	0	0	0	0	0	0	0	0	0	0	0	0	0	0	0	0	0	0
Pseudothauera	0	0	0	0	0	0	0	0	0	0	0	0	0	0	0	0	0	0	0	0	0	0	0	0	0	0	0	0	0	0	0	0	0	0	0	0	0	0	0	0	0	0	0	0	0	0	0	0	0	0	0	0	0	0	0	0	0	0	0	0	0	0	0	0	0	0	0	0	0	0	0	0	0	0	0	0	0	0	0	0	0
Pseudothermotoga	0.02178985339522169	0.0001520891008147	0.0001784367593191	0.0002370814786142	0.0002126452134226	0.0001375513076344	0.0002434943799926	0.0006252945227824	0.0002331881844842	0.0002323631330632	0.0002967127352229	0.0002804335533383	0.0001380731528173	0.0001690727012615	0.0002615461737974	0.0002491154917213	0.0003550614346743	0.0003882092642461	0.0002629992174169	0.0001930508124711	0.0002205335567356	0.000200412871283	0.0002073707670556	0.0003441673028547	0.0002676013560657	0.0002228088919224	0.0002352169182482	5.585476304527453e-05	0.000382947430016	0.0001813894431344	0.0004755585047555	0.0003635271171452	0.0001554826748817	0.0004724341426805	0.0001493642618324	0.0004296455424274	0.0001809648344463	0.0003525617027197	0.0002808535334826	0.0003948683912053	4.148052282050963e-06	0.0001149984712288	0.000354620312261	0.0001739335402793	0.0002771395749569	0.0002192819479576	0.0002358525332036	0.0002252636288406	0.0007017543859649	0.0001711429594708	0.0005029211915576	9.424614882341688e-05	0.0004751287029342	0.0003287127559956	0.0005303419902288	5.505348348480755e-05	0.0002306733082487	0.0002060585394528	0.0001701478646442	0.0005529038384646	0.0002563168787202	0.0002051511106725	7.073636556553724e-05	0.0010578808048579	6.627755020884633e-05	0.0002372219111068	0.0003703766356446	0.0002088388429806	0.0002954737884953	0.0002947424053012	0.0002395405177341	0.0001976298617537	0.0002927730108326	0.0004431552654902	0.0002675657142398	0.0001631507109899	5.205828128504788e-05	0.0002369028304708	0.0002476235981801	0.0002666180553747	0.000275513402005
Pseudothioclava	0	0	0	0	0	0	0	0	0	0	0	0	0	0	0	0	0	0	0	0	0	0	0	0	0	0	0	0	0	0	0	0	0	0	0	0	0	0	0	0	0	0	0	0	0	0	0	0	0	0	0	0	0	0	0	0	0	0	0	0	0	0	0	0	0	0	0	0	0	0	0	0	0	0	0	0	0	0	0	0	0
Pseudovibrio	0	0	0	0	0	0	0	0	0	0	0	0	0	0	0	0	0	0	0	0	0	0	0	0	0	0	0	0	0	0	0	0	0	0	0	0	0	0	0	0	0	0	0	0	0	0	0	0	0	0	0	0	0	0	0	0	0	0	0	0	0	0	0	0	0	0	0	0	0	0	0	0	0	0	0	0	0	0	0	0	0
Pseudoxanthobacter	0	0	0	0	0	0	0	0	0	0	0	0	0	0	0	0	0	0	0	0	0	0	0	0	0	0	0	0	0	0	0	0	0	0	0	0	0	0	0	0	0	0	0	0	0	0	0	0	0	0	0	0	0	0	0	0	0	0	0	0	0	0	0	0	0	0	0	0	0	0	0	0	0	0	0	0	0	0	0	0	0
Pseudoxanthomonas	0.05418724463869762	0.0002604602819621	0.0005369936436112	0.0001983742984323	0.0007256517908049	0.0005292735098109	0.000337750269022	0.0006796679595461	0.0010687791788861	0.0015558227170322	0.0005153431717029	0.0004612595604089	0.0005377585951835	0.0013915983873065	0.0006826666500605	0.0008402705077902	0.000119861503425	0.0005624382586573	0.0030758079207666	0.0011470747721626	0.0006481535021132	0.0007154635663937	0.0001373336504289	0.0010794338134988	0.0003611797443832	0.0004983311070558	0.0007442504541495	3.521278539810786e-05	0.0017746619839388	0.0008357476211705999	0.0016257465162574	0.0004454619855173	0.0003261183223155	0.0004926813202239	0.0002694823744948	0.0008020050125312999	0.0004927886486402	0.0003938314672521	0.0004665341087752	0.0006353600443596	1.403956157001864e-05	0.0006371242315949	0.0015778977196937	0.0004970887517274	0.0007179781734635	0.0003743390576014	0.0010086907446833	0.0019350771449712	0.0003553186764379	0.0002980392025906	0.0005839418943233	7.774069368796734e-05	0.0016487143942642	0.0006549995875928	0.0012073315762406	0.0001875716030234	0.0009864676182166001	0.0006662908103121	0.0009716878053180001	0.0009277538984406	0.0005316671890285999	0.0004752234588996	3.301030393058405e-05	0.0002388544216228	3.493979549053312e-05	0.0002100669191226	0.0011681109278023	0.0001788182593021	0.0013358394807606	0.0003442896199855	0.0001478981226919	0.0002402327062036	0.0009053442334977	0.0003692960545752	0.000600391358782	0.0006921755696042	0.00030083449185	0.0003301444692858	0.0009573616577527	0.0008023343340810999	0.000955687113205
Pseudozobellia	0	0	0	0	0	0	0	0	0	0	0	0	0	0	0	0	0	0	0	0	0	0	0	0	0	0	0	0	0	0	0	0	0	0	0	0	0	0	0	0	0	0	0	0	0	0	0	0	0	0	0	0	0	0	0	0	0	0	0	0	0	0	0	0	0	0	0	0	0	0	0	0	0	0	0	0	0	0	0	0	0
Psittacicella	0	0	0	0	0	0	0	0	0	0	0	0	0	0	0	0	0	0	0	0	0	0	0	0	0	0	0	0	0	0	0	0	0	0	0	0	0	0	0	0	0	0	0	0	0	0	0	0	0	0	0	0	0	0	0	0	0	0	0	0	0	0	0	0	0	0	0	0	0	0	0	0	0	0	0	0	0	0	0	0	0
Psychrilyobacter	0	0	0	0	0	0	0	0	0	0	0	0	0	0	0	0	0	0	0	0	0	0	0	0	0	0	0	0	0	0	0	0	0	0	0	0	0	0	0	0	0	0	0	0	0	0	0	0	0	0	0	0	0	0	0	0	0	0	0	0	0	0	0	0	0	0	0	0	0	0	0	0	0	0	0	0	0	0	0	0	0
Psychrobacillus	0	0	0	0	0	0	0	0	0	0	0	0	0	0	0	0	0	0	0	0	0	0	0	0	0	0	0	0	0	0	0	0	0	0	0	0	0	0	0	0	0	0	0	0	0	0	0	0	0	0	0	0	0	0	0	0	0	0	0	0	0	0	0	0	0	0	0	0	0	0	0	0	0	0	0	0	0	0	0	0	0
Psychrobacter	2.548423087033751	0.0272393426795267	0.120251225490196	0.0169440681246371	0.014022622792643	0.0173185070300679	0.0173601020058176	0.0069809451311608	0.0095218508664398	0.09566289160764981	0.0516436323885375	0.0123635951275053	0.017543595559858	0.0736792820912992	0.0036056008244931	0.02332492074272	0.0065720288481761	0.0162405104402073	0.0124956701348352	0.0257388605403069	0.0424329871584027	0.0305967111520936	0.0140314795523592	0.0060323141809443	0.0081954967452779	0.0104714744840343	0.0320232756187411	0.0040051507805399	0.0050370577889135	0.0323822536705933	0.0193762441937624	0.0030796209146756	0.0845773045365364	0.0107134565441577	0.0050157145826522	0.0266809881847475	0.0045659568175096	0.0333088269541086	0.0112322752028723	0.07251190906264959	0.0009078916481945	0.0144968925887027	0.025438313959352	0.0094019157401299	0.0058543940264215	0.0383009410773808	0.0058436676753574	0.009842769115730701	0.0230424161669997	0.0202107312479494	0.0249968629179112	0.5300188838912204	0.0054791059038745	0.0304235178814887	0.0365132424787863	0.0112267694396651	0.0051874356319702	0.007184853337573	0.0187910891718308	0.1219314357590297	0.07129479359512329	0.027185551821863	0.0118459833533753	0.0055791507232471	0.1349839565104005	0.0071940234424434	0.0156243739878078	0.008562392562204601	0.0467270691234857	0.0134387291520565	0.0043915761584596	0.008467315334420401	0.0130171384816341	0.0219899014315257	0.0126057085371032	0.1062826214639686	0.0209039188850411	0.0222964932164981	0.0142889279118878	0.0063207080383483	0.0055498730916392
Psychrobium	0	0	0	0	0	0	0	0	0	0	0	0	0	0	0	0	0	0	0	0	0	0	0	0	0	0	0	0	0	0	0	0	0	0	0	0	0	0	0	0	0	0	0	0	0	0	0	0	0	0	0	0	0	0	0	0	0	0	0	0	0	0	0	0	0	0	0	0	0	0	0	0	0	0	0	0	0	0	0	0	0
Psychroflexus	0	0	0	0	0	0	0	0	0	0	0	0	0	0	0	0	0	0	0	0	0	0	0	0	0	0	0	0	0	0	0	0	0	0	0	0	0	0	0	0	0	0	0	0	0	0	0	0	0	0	0	0	0	0	0	0	0	0	0	0	0	0	0	0	0	0	0	0	0	0	0	0	0	0	0	0	0	0	0	0	0
Psychromarinibacter	0	0	0	0	0	0	0	0	0	0	0	0	0	0	0	0	0	0	0	0	0	0	0	0	0	0	0	0	0	0	0	0	0	0	0	0	0	0	0	0	0	0	0	0	0	0	0	0	0	0	0	0	0	0	0	0	0	0	0	0	0	0	0	0	0	0	0	0	0	0	0	0	0	0	0	0	0	0	0	0	0
Psychromicrobium	0	0	0	0	0	0	0	0	0	0	0	0	0	0	0	0	0	0	0	0	0	0	0	0	0	0	0	0	0	0	0	0	0	0	0	0	0	0	0	0	0	0	0	0	0	0	0	0	0	0	0	0	0	0	0	0	0	0	0	0	0	0	0	0	0	0	0	0	0	0	0	0	0	0	0	0	0	0	0	0	0
Psychromonas	0.0008623359354630965	4.925962779425239e-06	3.366731307907778e-06	1.45151925682214e-05	5.316130335567437e-06	1.196098327256489e-05	6.545547849263888e-06	2.265559865153877e-05	6.477449569006699e-06	5.05137245789681e-05	0	7.662118943669633e-06	5.190720030729063e-06	1.040447392378723e-05	1.946028078849944e-05	1.186264246292183e-05	9.046151201894265e-06	7.611946357768245e-06	9.621922588425469e-06	9.09103549033302e-06	8.516539792635703e-06	6.23045195698496e-06	1.522546013624351e-06	3.128793662315558e-06	6.566904443331719e-06	9.781853791718248e-06	1.809360909601916e-05	2.428467958490197e-06	3.501879153539327e-05	8.476142202542503e-06	0	2.542806259823944e-05	5.270599148534707e-06	9.448682853610206e-06	7.31153729249596e-06	1.432151808091658e-05	5.351110695994645e-06	1.356006548922063e-05	9.330682175504531e-06	4.200727566014434e-06	1.063603149243837e-06	3.815115159251082e-06	6.506794720386764e-06	6.653195529812969e-06	1.723147616312464e-05	2.477243763538825e-05	1.052913094658993e-05	7.821653779188456e-06	1.776593382189652e-05	7.513593342622361e-06	1.877308966521653e-05	1.485490962190459e-06	2.669262376035006e-05	1.455554639095227e-05	1.807984057598354e-05	2.679594328906562e-06	9.498312692595251e-06	5.229912168855036e-06	9.224884227702944e-06	6.24750099960016e-06	1.332340211169579e-05	8.656165007279834e-06	0	6.717780608142357e-05	2.881632617775927e-06	1.6395466858357e-05	1.157426986389549e-05	1.305242768628751e-06	2.234675711309694e-05	1.52452968259292e-05	2.722051337888233e-06	4.733649383323827e-06	9.008400333310812e-06	1.342894743909972e-05	7.529991957968589e-06	4.859808412467213e-06	2.39899913755981e-06	6.216109254336254e-06	0	1.240083978487023e-05	1.377567010025244e-05
Psychroserpens	0	0	0	0	0	0	0	0	0	0	0	0	0	0	0	0	0	0	0	0	0	0	0	0	0	0	0	0	0	0	0	0	0	0	0	0	0	0	0	0	0	0	0	0	0	0	0	0	0	0	0	0	0	0	0	0	0	0	0	0	0	0	0	0	0	0	0	0	0	0	0	0	0	0	0	0	0	0	0	0	0
Psychrosphaera	0	0	0	0	0	0	0	0	0	0	0	0	0	0	0	0	0	0	0	0	0	0	0	0	0	0	0	0	0	0	0	0	0	0	0	0	0	0	0	0	0	0	0	0	0	0	0	0	0	0	0	0	0	0	0	0	0	0	0	0	0	0	0	0	0	0	0	0	0	0	0	0	0	0	0	0	0	0	0	0	0
Puerhibacterium	0	0	0	0	0	0	0	0	0	0	0	0	0	0	0	0	0	0	0	0	0	0	0	0	0	0	0	0	0	0	0	0	0	0	0	0	0	0	0	0	0	0	0	0	0	0	0	0	0	0	0	0	0	0	0	0	0	0	0	0	0	0	0	0	0	0	0	0	0	0	0	0	0	0	0	0	0	0	0	0	0
Pueribacillus	0	0	0	0	0	0	0	0	0	0	0	0	0	0	0	0	0	0	0	0	0	0	0	0	0	0	0	0	0	0	0	0	0	0	0	0	0	0	0	0	0	0	0	0	0	0	0	0	0	0	0	0	0	0	0	0	0	0	0	0	0	0	0	0	0	0	0	0	0	0	0	0	0	0	0	0	0	0	0	0	0
Puia	0	0	0	0	0	0	0	0	0	0	0	0	0	0	0	0	0	0	0	0	0	0	0	0	0	0	0	0	0	0	0	0	0	0	0	0	0	0	0	0	0	0	0	0	0	0	0	0	0	0	0	0	0	0	0	0	0	0	0	0	0	0	0	0	0	0	0	0	0	0	0	0	0	0	0	0	0	0	0	0	0
Pukyongia	0	0	0	0	0	0	0	0	0	0	0	0	0	0	0	0	0	0	0	0	0	0	0	0	0	0	0	0	0	0	0	0	0	0	0	0	0	0	0	0	0	0	0	0	0	0	0	0	0	0	0	0	0	0	0	0	0	0	0	0	0	0	0	0	0	0	0	0	0	0	0	0	0	0	0	0	0	0	0	0	0
Pukyongiella	0	0	0	0	0	0	0	0	0	0	0	0	0	0	0	0	0	0	0	0	0	0	0	0	0	0	0	0	0	0	0	0	0	0	0	0	0	0	0	0	0	0	0	0	0	0	0	0	0	0	0	0	0	0	0	0	0	0	0	0	0	0	0	0	0	0	0	0	0	0	0	0	0	0	0	0	0	0	0	0	0
Pullulanibacillus	0	0	0	0	0	0	0	0	0	0	0	0	0	0	0	0	0	0	0	0	0	0	0	0	0	0	0	0	0	0	0	0	0	0	0	0	0	0	0	0	0	0	0	0	0	0	0	0	0	0	0	0	0	0	0	0	0	0	0	0	0	0	0	0	0	0	0	0	0	0	0	0	0	0	0	0	0	0	0	0	0
Pulveribacter	0	0	0	0	0	0	0	0	0	0	0	0	0	0	0	0	0	0	0	0	0	0	0	0	0	0	0	0	0	0	0	0	0	0	0	0	0	0	0	0	0	0	0	0	0	0	0	0	0	0	0	0	0	0	0	0	0	0	0	0	0	0	0	0	0	0	0	0	0	0	0	0	0	0	0	0	0	0	0	0	0
Pumilibacter	0	0	0	0	0	0	0	0	0	0	0	0	0	0	0	0	0	0	0	0	0	0	0	0	0	0	0	0	0	0	0	0	0	0	0	0	0	0	0	0	0	0	0	0	0	0	0	0	0	0	0	0	0	0	0	0	0	0	0	0	0	0	0	0	0	0	0	0	0	0	0	0	0	0	0	0	0	0	0	0	0
Puniceibacterium	0	0	0	0	0	0	0	0	0	0	0	0	0	0	0	0	0	0	0	0	0	0	0	0	0	0	0	0	0	0	0	0	0	0	0	0	0	0	0	0	0	0	0	0	0	0	0	0	0	0	0	0	0	0	0	0	0	0	0	0	0	0	0	0	0	0	0	0	0	0	0	0	0	0	0	0	0	0	0	0	0
Pusillibacter	0	0	0	0	0	0	0	0	0	0	0	0	0	0	0	0	0	0	0	0	0	0	0	0	0	0	0	0	0	0	0	0	0	0	0	0	0	0	0	0	0	0	0	0	0	0	0	0	0	0	0	0	0	0	0	0	0	0	0	0	0	0	0	0	0	0	0	0	0	0	0	0	0	0	0	0	0	0	0	0	0
Pusillimonas	0	0	0	0	0	0	0	0	0	0	0	0	0	0	0	0	0	0	0	0	0	0	0	0	0	0	0	0	0	0	0	0	0	0	0	0	0	0	0	0	0	0	0	0	0	0	0	0	0	0	0	0	0	0	0	0	0	0	0	0	0	0	0	0	0	0	0	0	0	0	0	0	0	0	0	0	0	0	0	0	0
Pyramidobacter	0	0	0	0	0	0	0	0	0	0	0	0	0	0	0	0	0	0	0	0	0	0	0	0	0	0	0	0	0	0	0	0	0	0	0	0	0	0	0	0	0	0	0	0	0	0	0	0	0	0	0	0	0	0	0	0	0	0	0	0	0	0	0	0	0	0	0	0	0	0	0	0	0	0	0	0	0	0	0	0	0
Pyrinomonas	0	0	0	0	0	0	0	0	0	0	0	0	0	0	0	0	0	0	0	0	0	0	0	0	0	0	0	0	0	0	0	0	0	0	0	0	0	0	0	0	0	0	0	0	0	0	0	0	0	0	0	0	0	0	0	0	0	0	0	0	0	0	0	0	0	0	0	0	0	0	0	0	0	0	0	0	0	0	0	0	0
Pyruvatibacter	0	0	0	0	0	0	0	0	0	0	0	0	0	0	0	0	0	0	0	0	0	0	0	0	0	0	0	0	0	0	0	0	0	0	0	0	0	0	0	0	0	0	0	0	0	0	0	0	0	0	0	0	0	0	0	0	0	0	0	0	0	0	0	0	0	0	0	0	0	0	0	0	0	0	0	0	0	0	0	0	0
Pyxidicoccus	0	0	0	0	0	0	0	0	0	0	0	0	0	0	0	0	0	0	0	0	0	0	0	0	0	0	0	0	0	0	0	0	0	0	0	0	0	0	0	0	0	0	0	0	0	0	0	0	0	0	0	0	0	0	0	0	0	0	0	0	0	0	0	0	0	0	0	0	0	0	0	0	0	0	0	0	0	0	0	0	0
Qiania	0	0	0	0	0	0	0	0	0	0	0	0	0	0	0	0	0	0	0	0	0	0	0	0	0	0	0	0	0	0	0	0	0	0	0	0	0	0	0	0	0	0	0	0	0	0	0	0	0	0	0	0	0	0	0	0	0	0	0	0	0	0	0	0	0	0	0	0	0	0	0	0	0	0	0	0	0	0	0	0	0
Qingrenia	0	0	0	0	0	0	0	0	0	0	0	0	0	0	0	0	0	0	0	0	0	0	0	0	0	0	0	0	0	0	0	0	0	0	0	0	0	0	0	0	0	0	0	0	0	0	0	0	0	0	0	0	0	0	0	0	0	0	0	0	0	0	0	0	0	0	0	0	0	0	0	0	0	0	0	0	0	0	0	0	0
Qingshengfaniella	0	0	0	0	0	0	0	0	0	0	0	0	0	0	0	0	0	0	0	0	0	0	0	0	0	0	0	0	0	0	0	0	0	0	0	0	0	0	0	0	0	0	0	0	0	0	0	0	0	0	0	0	0	0	0	0	0	0	0	0	0	0	0	0	0	0	0	0	0	0	0	0	0	0	0	0	0	0	0	0	0
Qipengyuania	0	0	0	0	0	0	0	0	0	0	0	0	0	0	0	0	0	0	0	0	0	0	0	0	0	0	0	0	0	0	0	0	0	0	0	0	0	0	0	0	0	0	0	0	0	0	0	0	0	0	0	0	0	0	0	0	0	0	0	0	0	0	0	0	0	0	0	0	0	0	0	0	0	0	0	0	0	0	0	0	0
Quadrisphaera	0	0	0	0	0	0	0	0	0	0	0	0	0	0	0	0	0	0	0	0	0	0	0	0	0	0	0	0	0	0	0	0	0	0	0	0	0	0	0	0	0	0	0	0	0	0	0	0	0	0	0	0	0	0	0	0	0	0	0	0	0	0	0	0	0	0	0	0	0	0	0	0	0	0	0	0	0	0	0	0	0
Quatrionicoccus	0	0	0	0	0	0	0	0	0	0	0	0	0	0	0	0	0	0	0	0	0	0	0	0	0	0	0	0	0	0	0	0	0	0	0	0	0	0	0	0	0	0	0	0	0	0	0	0	0	0	0	0	0	0	0	0	0	0	0	0	0	0	0	0	0	0	0	0	0	0	0	0	0	0	0	0	0	0	0	0	0
Quisquiliibacterium	0	0	0	0	0	0	0	0	0	0	0	0	0	0	0	0	0	0	0	0	0	0	0	0	0	0	0	0	0	0	0	0	0	0	0	0	0	0	0	0	0	0	0	0	0	0	0	0	0	0	0	0	0	0	0	0	0	0	0	0	0	0	0	0	0	0	0	0	0	0	0	0	0	0	0	0	0	0	0	0	0
Radiobacillus	0	0	0	0	0	0	0	0	0	0	0	0	0	0	0	0	0	0	0	0	0	0	0	0	0	0	0	0	0	0	0	0	0	0	0	0	0	0	0	0	0	0	0	0	0	0	0	0	0	0	0	0	0	0	0	0	0	0	0	0	0	0	0	0	0	0	0	0	0	0	0	0	0	0	0	0	0	0	0	0	0
Rahnella	0.597483761564404	0.0395591755908692	0.0059776314371902	0.0044803561060576	0.0059035627376476	0.0026244390797219	0.0028839683823856	0.002248945759476	0.0044516272162998	0.0061727771435499	0.0076989146560474	0.0108526252718136	0.0016267716576304	0.0016673169462869	0.0018705221893905	0.0024891778101364	0.0052648599995024	0.0033627887464985	0.0057795681681142	0.0041123566423918	0.0016826889674502	0.0017092206535328	0.0557598981477618	0.0048652741449006	0.0101031824860658	0.0030926961071482	0.0037538207671207	0.0027872740993571	0.0028568556062261	0.0013375352395612	0.0014930325149303	0.003558045203561	0.0046387860756041	0.0020922083461565	0.0023574485241661	0.0143644826351593	0.0023457323432805	0.0021660730698868	0.0016757905187206	0.0031253413091147	0.1812373384692602	0.0022580031578253	0.009444612536641301	0.0059432045211315	0.0017202757036186	0.005857305254234	0.001457231723008	0.0012092276742625	0.0024694648012436	0.0025003568956837	0.0058097772227091	0.0014323433966543	0.0038900050360083	0.0043751546526804	0.007647772563641	0.008661910467932601	0.0020380665234682	0.0031138897053362	0.0027848900496298	0.0030258729841396	0.0015721614491801	0.0018619410930658	0.0074980547499469	0.0017561228498861	0.0143930345176363	0.0020678782575102	0.0015295842789363	0.0106168446800262	0.0030788865355822	0.0061120935857954	0.0057172151600112	0.0035656213979886	0.0031484359164921	0.0034915263341659	0.0036866840626214	0.0024986357823527	0.0127547587146642	0.0015319255917908	0.005711037211549	0.0015153826217111	0.0017064611336687
Raineya	0	0	0	0	0	0	0	0	0	0	0	0	0	0	0	0	0	0	0	0	0	0	0	0	0	0	0	0	0	0	0	0	0	0	0	0	0	0	0	0	0	0	0	0	0	0	0	0	0	0	0	0	0	0	0	0	0	0	0	0	0	0	0	0	0	0	0	0	0	0	0	0	0	0	0	0	0	0	0	0	0
Raineyella	0	0	0	0	0	0	0	0	0	0	0	0	0	0	0	0	0	0	0	0	0	0	0	0	0	0	0	0	0	0	0	0	0	0	0	0	0	0	0	0	0	0	0	0	0	0	0	0	0	0	0	0	0	0	0	0	0	0	0	0	0	0	0	0	0	0	0	0	0	0	0	0	0	0	0	0	0	0	0	0	0
Ralstonia	0.3303811889922968	0.0026070658010108	0.0042807988580047	0.0030143216566673	0.0035179492495617	0.0050694634103554	0.0045373737691097	0.00534974202825	0.0049261003972295	0.0038289403230857	0.0032638400874521	0.0037253222304121	0.0042610620732254	0.0060554038236441	0.0073583213717474	0.0054706552824841	0.0027047992093663	0.004271993450343	0.0057763608605847	0.0054540865274062	0.0051238192826115	0.0047984864155379	0.0015170648479753	0.0037827115377395	0.0044425108559139	0.0059332377609988	0.0052194031038983	0.0015451127385893	0.0059791762450592	0.0054162548674246	0.0053085600530856	0.0029920353657261	0.0027169938610696	0.004606907797053	0.009925934127227001	0.0028213390619405	0.0056639074394059	0.0043085634171836	0.0050656273530814	0.0025267376309576	0.0002059135696936	0.0061641360644471	0.0043497922705785	0.0025244124753118	0.004781734635267	0.002468986284327	0.0050160779829554	0.008528731280827	0.0070708416611148	0.0053004226813677	0.0013911847499276	0.000634634749958	0.0041533722571104	0.003638886597738	0.0041684076883517	0.0007795183502272999	0.0054628867000554	0.0044150918529474	0.0053453079163856	0.0037214280954284	0.0048046725805653	0.0048015747295381	0.0002263563698097	0.0037287075193679	0.0013194275348641	0.0034215289900033	0.0051389758195695	0.0033035694473993	0.0045537725050466	0.0033183929424439	0.0027801217664298	0.00289817683494	0.003436704727158	0.0032565197539816	0.0048568448128897	0.0049070179799026	0.0006590050630876	0.0030818088325387	0.0045269778934904	0.0048003650807232	0.005270915772109
Ramlibacter	0	0	0	0	0	0	0	0	0	0	0	0	0	0	0	0	0	0	0	0	0	0	0	0	0	0	0	0	0	0	0	0	0	0	0	0	0	0	0	0	0	0	0	0	0	0	0	0	0	0	0	0	0	0	0	0	0	0	0	0	0	0	0	0	0	0	0	0	0	0	0	0	0	0	0	0	0	0	0	0	0
Raoultella	0	0	0	0	0	0	0	0	0	0	0	0	0	0	0	0	0	0	0	0	0	0	0	0	0	0	0	0	0	0	0	0	0	0	0	0	0	0	0	0	0	0	0	0	0	0	0	0	0	0	0	0	0	0	0	0	0	0	0	0	0	0	0	0	0	0	0	0	0	0	0	0	0	0	0	0	0	0	0	0	0
Raoultibacter	0	0	0	0	0	0	0	0	0	0	0	0	0	0	0	0	0	0	0	0	0	0	0	0	0	0	0	0	0	0	0	0	0	0	0	0	0	0	0	0	0	0	0	0	0	0	0	0	0	0	0	0	0	0	0	0	0	0	0	0	0	0	0	0	0	0	0	0	0	0	0	0	0	0	0	0	0	0	0	0	0
Raphidiopsis	0	0	0	0	0	0	0	0	0	0	0	0	0	0	0	0	0	0	0	0	0	0	0	0	0	0	0	0	0	0	0	0	0	0	0	0	0	0	0	0	0	0	0	0	0	0	0	0	0	0	0	0	0	0	0	0	0	0	0	0	0	0	0	0	0	0	0	0	0	0	0	0	0	0	0	0	0	0	0	0	0
Rarobacter	0	0	0	0	0	0	0	0	0	0	0	0	0	0	0	0	0	0	0	0	0	0	0	0	0	0	0	0	0	0	0	0	0	0	0	0	0	0	0	0	0	0	0	0	0	0	0	0	0	0	0	0	0	0	0	0	0	0	0	0	0	0	0	0	0	0	0	0	0	0	0	0	0	0	0	0	0	0	0	0	0
Rasiella	0	0	0	0	0	0	0	0	0	0	0	0	0	0	0	0	0	0	0	0	0	0	0	0	0	0	0	0	0	0	0	0	0	0	0	0	0	0	0	0	0	0	0	0	0	0	0	0	0	0	0	0	0	0	0	0	0	0	0	0	0	0	0	0	0	0	0	0	0	0	0	0	0	0	0	0	0	0	0	0	0
Rathayibacter	0.001613496326254429	1.416214299084756e-05	1.010019392372334e-05	1.45151925682214e-05	2.259355392616161e-05	4.983743030235373e-06	5.23643827941111e-06	1.812447892123101e-05	1.94323487070201e-05	3.030823474738086e-05	3.123291949715e-05	6.129695154935707e-06	3.841132822739506e-05	1.300559240473404e-05	1.556822463079955e-05	1.087408892434501e-05	0.0001153384278241	1.60696645330663e-05	1.924384517685094e-05	1.871683777421504e-05	1.703307958527141e-05	1.55761298924624e-05	1.827055216349221e-06	4.067431761010225e-05	4.925178332498789e-06	1.141216275700462e-05	2.050609030882172e-05	1.821350968867648e-06	2.259276873251178e-05	2.712365504813601e-05	4.423800044238e-05	1.318492134723526e-05	1.910592191343831e-05	1.079849468984024e-05	6.267031964996537e-06	7.160759040458288e-05	1.216161521816965e-05	6.485248712235954e-06	1.39960232632568e-05	1.785309215556134e-05	0	2.561577321211441e-05	6.506794720386764e-06	8.55410853833096e-06	1.148765077541643e-05	6.422483831396955e-06	1.052913094658993e-05	2.190063058172768e-05	6.218076837663779e-05	1.168781186630145e-05	6.91640145560609e-05	2.475818270317431e-06	2.402336138431505e-05	1.455554639095227e-05	3.816855232707637e-05	5.115589173367074e-06	9.498312692595251e-06	1.568973650656511e-05	1.127485850052582e-05	1.041250166600027e-05	2.157122246655509e-05	8.656165007279834e-06	0	4.817802254324317e-05	9.365306007771762e-06	3.074150035941937e-06	3.472280959168647e-05	4.176776859612003e-05	4.221054121362755e-05	1.14339726194469e-05	1.723965847329214e-05	7.10047407498574e-06	2.252100083327703e-05	2.014342115864958e-05	1.054198874115602e-05	0.0001069157850742	7.19699741267943e-07	1.312289731470987e-05	6.975312624792703e-06	4.960335913948092e-06	1.377567010025244e-05
Reichenbachiella	0	0	0	0	0	0	0	0	0	0	0	0	0	0	0	0	0	0	0	0	0	0	0	0	0	0	0	0	0	0	0	0	0	0	0	0	0	0	0	0	0	0	0	0	0	0	0	0	0	0	0	0	0	0	0	0	0	0	0	0	0	0	0	0	0	0	0	0	0	0	0	0	0	0	0	0	0	0	0	0	0
Reinekea	0	0	0	0	0	0	0	0	0	0	0	0	0	0	0	0	0	0	0	0	0	0	0	0	0	0	0	0	0	0	0	0	0	0	0	0	0	0	0	0	0	0	0	0	0	0	0	0	0	0	0	0	0	0	0	0	0	0	0	0	0	0	0	0	0	0	0	0	0	0	0	0	0	0	0	0	0	0	0	0	0
Renibacterium	0	0	0	0	0	0	0	0	0	0	0	0	0	0	0	0	0	0	0	0	0	0	0	0	0	0	0	0	0	0	0	0	0	0	0	0	0	0	0	0	0	0	0	0	0	0	0	0	0	0	0	0	0	0	0	0	0	0	0	0	0	0	0	0	0	0	0	0	0	0	0	0	0	0	0	0	0	0	0	0	0
Reyranella	0	0	0	0	0	0	0	0	0	0	0	0	0	0	0	0	0	0	0	0	0	0	0	0	0	0	0	0	0	0	0	0	0	0	0	0	0	0	0	0	0	0	0	0	0	0	0	0	0	0	0	0	0	0	0	0	0	0	0	0	0	0	0	0	0	0	0	0	0	0	0	0	0	0	0	0	0	0	0	0	0
Rhabdaerophilum	0	0	0	0	0	0	0	0	0	0	0	0	0	0	0	0	0	0	0	0	0	0	0	0	0	0	0	0	0	0	0	0	0	0	0	0	0	0	0	0	0	0	0	0	0	0	0	0	0	0	0	0	0	0	0	0	0	0	0	0	0	0	0	0	0	0	0	0	0	0	0	0	0	0	0	0	0	0	0	0	0
Rhabdobacter	0	0	0	0	0	0	0	0	0	0	0	0	0	0	0	0	0	0	0	0	0	0	0	0	0	0	0	0	0	0	0	0	0	0	0	0	0	0	0	0	0	0	0	0	0	0	0	0	0	0	0	0	0	0	0	0	0	0	0	0	0	0	0	0	0	0	0	0	0	0	0	0	0	0	0	0	0	0	0	0	0
Rhabdothermincola	0	0	0	0	0	0	0	0	0	0	0	0	0	0	0	0	0	0	0	0	0	0	0	0	0	0	0	0	0	0	0	0	0	0	0	0	0	0	0	0	0	0	0	0	0	0	0	0	0	0	0	0	0	0	0	0	0	0	0	0	0	0	0	0	0	0	0	0	0	0	0	0	0	0	0	0	0	0	0	0	0
Rheinheimera	0	0	0	0	0	0	0	0	0	0	0	0	0	0	0	0	0	0	0	0	0	0	0	0	0	0	0	0	0	0	0	0	0	0	0	0	0	0	0	0	0	0	0	0	0	0	0	0	0	0	0	0	0	0	0	0	0	0	0	0	0	0	0	0	0	0	0	0	0	0	0	0	0	0	0	0	0	0	0	0	0
Rhizobacter	0	0	0	0	0	0	0	0	0	0	0	0	0	0	0	0	0	0	0	0	0	0	0	0	0	0	0	0	0	0	0	0	0	0	0	0	0	0	0	0	0	0	0	0	0	0	0	0	0	0	0	0	0	0	0	0	0	0	0	0	0	0	0	0	0	0	0	0	0	0	0	0	0	0	0	0	0	0	0	0	0
Rhizobium	0.5530491673913693	0.0033995300631508	0.0040619613229907	0.0050609638087865	0.0062570854049628	0.0036092267024964	0.0058333922432639	0.0116449777068909	0.0121695083777713	0.0069607912469818	0.0070430233466073	0.0052700054094559	0.0097232567615616	0.008581089868643499	0.0145788639555122	0.0067617062038654	0.0146050111154582	0.0049629890252648	0.0077071599933288	0.0057155874894517	0.0048118449828391	0.0058566248395658	0.0017366159831399	0.01471471659387	0.0047774229825238	0.0051371035496173	0.0083580411617544	0.0010940248152998	0.0117233876953003	0.0055433970004627	0.0110926786109267	0.0066828715628558	0.0049201043051571	0.0047391893570036	0.0047148970483323	0.012531328320802	0.0061985320443967	0.0031264794473624	0.0067180911663632	0.0105028690969275	0.0003423738537415	0.0067947200986261	0.0066857315751974	0.0032220475494379	0.0046022400919012	0.0026956082138063	0.009676271339916101	0.0103105040117262	0.0120541860981567	0.0042635468000858	0.0085170543639034	0.0008853526134655	0.008496262142919399	0.0065827458553081	0.0091624614296734	0.0014900980463564	0.008297454587888499	0.004782231687201	0.0055872048805787	0.008098843795815	0.0072688675235094	0.0047972466470344	0.0004055551625757	0.0084148684163205	0.0014890836552357	0.0036828317430584	0.0166161998822985	0.0066032231664928	0.0109797066615682	0.008780020530332999	0.0049495966827267	0.0113323566236772	0.012508163862802	0.0056804447667391	0.0062965792752533	0.0117385200911422	0.0013184899260028	0.0041309499389094	0.0102641725273824	0.0072606916940415	0.0070583089676168
Rhizomicrobium	0	0	0	0	0	0	0	0	0	0	0	0	0	0	0	0	0	0	0	0	0	0	0	0	0	0	0	0	0	0	0	0	0	0	0	0	0	0	0	0	0	0	0	0	0	0	0	0	0	0	0	0	0	0	0	0	0	0	0	0	0	0	0	0	0	0	0	0	0	0	0	0	0	0	0	0	0	0	0	0	0
Rhizorhabdus	0	0	0	0	0	0	0	0	0	0	0	0	0	0	0	0	0	0	0	0	0	0	0	0	0	0	0	0	0	0	0	0	0	0	0	0	0	0	0	0	0	0	0	0	0	0	0	0	0	0	0	0	0	0	0	0	0	0	0	0	0	0	0	0	0	0	0	0	0	0	0	0	0	0	0	0	0	0	0	0	0
Rhizorhapis	0	0	0	0	0	0	0	0	0	0	0	0	0	0	0	0	0	0	0	0	0	0	0	0	0	0	0	0	0	0	0	0	0	0	0	0	0	0	0	0	0	0	0	0	0	0	0	0	0	0	0	0	0	0	0	0	0	0	0	0	0	0	0	0	0	0	0	0	0	0	0	0	0	0	0	0	0	0	0	0	0
Rhizosphaericola	0	0	0	0	0	0	0	0	0	0	0	0	0	0	0	0	0	0	0	0	0	0	0	0	0	0	0	0	0	0	0	0	0	0	0	0	0	0	0	0	0	0	0	0	0	0	0	0	0	0	0	0	0	0	0	0	0	0	0	0	0	0	0	0	0	0	0	0	0	0	0	0	0	0	0	0	0	0	0	0	0
Rhodanobacter	0	0	0	0	0	0	0	0	0	0	0	0	0	0	0	0	0	0	0	0	0	0	0	0	0	0	0	0	0	0	0	0	0	0	0	0	0	0	0	0	0	0	0	0	0	0	0	0	0	0	0	0	0	0	0	0	0	0	0	0	0	0	0	0	0	0	0	0	0	0	0	0	0	0	0	0	0	0	0	0	0
Rhodobacter	0.03282144050605571	0.0003417386678226	0.000215470803706	0.0001886975033868	0.0004864259257044	0.0001534992853312	0.0002290941747242	0.0004047800292408	0.0005764930116415	0.0003131850923896	0.0004997267119544	0.0003447953524651	0.0007059379241791	0.0009650149564312	0.0006227289852319	0.0009411029687251	0.0007417843985553	0.0003535326197274	0.0006093884306002	0.0002625704956325	0.0003339380076586	0.0003156762324872	7.430024546486831e-05	0.0006883346057094	0.0003858056360457	0.0001994411300866	0.0007225381232343	3.399855141886276e-05	0.0008031729284407	0.0005255208165576	0.0005750940057509	0.0003757702583962	0.0004183538074149	0.000399544303524	0.0003770664232272	0.0004726100966702	0.0004149543112439	0.0001957365974965	0.0002425977365631	0.0004064203920118	5.637096690992334e-06	0.0005057752668264	0.0004066746700241	0.0002927406033117	0.0002699597932222	0.0001578096027143	0.0005180332425721999	0.0003989043427386	0.0004174994448145	0.0003038831085238	0.0003161783522562	5.694382021730092e-05	0.0004413180461711	0.0003772312439655	0.0004921734379017	8.988820976059286e-05	0.0003283702388011	0.0003294844666378	0.000323895935106	0.0005206250833	0.0006046286767831	0.0003453809837904	1.88630308174766e-05	0.0005306368116734	5.583163196940859e-05	0.0001280895848309	0.0005591262672712	0.0004711926394749	0.0006629537943552	0.0002553587218343	0.0002640389797751	0.0008733583112232	0.0014053104519964	0.000208148685306	0.0003790095952177	0.0006630167191294	0.0001374626505821	0.0003398139725703	0.0007010189187916	0.0004848728355884	0.0002634596906673
Rhodobium	0	0	0	0	0	0	0	0	0	0	0	0	0	0	0	0	0	0	0	0	0	0	0	0	0	0	0	0	0	0	0	0	0	0	0	0	0	0	0	0	0	0	0	0	0	0	0	0	0	0	0	0	0	0	0	0	0	0	0	0	0	0	0	0	0	0	0	0	0	0	0	0	0	0	0	0	0	0	0	0	0
Rhodoblastus	0	0	0	0	0	0	0	0	0	0	0	0	0	0	0	0	0	0	0	0	0	0	0	0	0	0	0	0	0	0	0	0	0	0	0	0	0	0	0	0	0	0	0	0	0	0	0	0	0	0	0	0	0	0	0	0	0	0	0	0	0	0	0	0	0	0	0	0	0	0	0	0	0	0	0	0	0	0	0	0	0
Rhodocaloribacter	0	0	0	0	0	0	0	0	0	0	0	0	0	0	0	0	0	0	0	0	0	0	0	0	0	0	0	0	0	0	0	0	0	0	0	0	0	0	0	0	0	0	0	0	0	0	0	0	0	0	0	0	0	0	0	0	0	0	0	0	0	0	0	0	0	0	0	0	0	0	0	0	0	0	0	0	0	0	0	0	0
Rhodococcoides	0	0	0	0	0	0	0	0	0	0	0	0	0	0	0	0	0	0	0	0	0	0	0	0	0	0	0	0	0	0	0	0	0	0	0	0	0	0	0	0	0	0	0	0	0	0	0	0	0	0	0	0	0	0	0	0	0	0	0	0	0	0	0	0	0	0	0	0	0	0	0	0	0	0	0	0	0	0	0	0	0
Rhodococcus	0.4714141131285808	0.001987625981498	0.0021412411118293	0.002385329978711	0.0031365168979847	0.002519780476087	0.0023040328429408	0.0072316670895711	0.007078233016532	0.0033238030772961	0.0068556258296244	0.0021974957130444	0.0136744328489526	0.0044505137208999	0.0101831757310059	0.0054943805674099	0.0112624582463583	0.0051152279524202	0.0040091344118439	0.0042150318667532	0.0042076188964984	0.0045025399475811	0.0006355107060868	0.008857614858015299	0.0023000582812769	0.0027818505311003	0.0043316100175869	0.0005457981736706	0.0128970820309543	0.002797126926839	0.0067352355673523	0.0041551337845715	0.0019171804402794	0.0019005350654118	0.0029945967739408	0.0057572502685284	0.0037876134435467	0.0015806319815913	0.0039104888997539	0.0079456761911163	0.0002176132043352	0.0031245793154266	0.0034518545991651	0.0017003666861193	0.002145318782309	0.0015276336541822	0.0036704550479812	0.0083128536365214	0.009256051521208	0.002161410351561	0.0083362398687069	0.0004421811430786	0.0064355915886204	0.0030057203297316	0.009992125224993501	0.000979757126442	0.0047898634006944	0.0025270935599907	0.0035536304019384	0.0043649206983873	0.0042171739922115	0.0026271460797094	0.0002876612199665	0.0039282052465187	0.0008133408063672	0.0026258364890337	0.009237157679839601	0.1300074007264981	0.0093558423113499	0.0028203799127969	0.0024852328714919	0.0022532171064621	0.0061212080264846	0.0028603658045282	0.0030270567671033	0.011370563168484	0.0005213025125917	0.0018855531404819	0.0033934895919616	0.0037785358824499	0.0036953235043927
Rhodocyclus	0	0	0	0	0	0	0	0	0	0	0	0	0	0	0	0	0	0	0	0	0	0	0	0	0	0	0	0	0	0	0	0	0	0	0	0	0	0	0	0	0	0	0	0	0	0	0	0	0	0	0	0	0	0	0	0	0	0	0	0	0	0	0	0	0	0	0	0	0	0	0	0	0	0	0	0	0	0	0	0	0
Rhodocytophaga	0	0	0	0	0	0	0	0	0	0	0	0	0	0	0	0	0	0	0	0	0	0	0	0	0	0	0	0	0	0	0	0	0	0	0	0	0	0	0	0	0	0	0	0	0	0	0	0	0	0	0	0	0	0	0	0	0	0	0	0	0	0	0	0	0	0	0	0	0	0	0	0	0	0	0	0	0	0	0	0	0
Rhodoferax	0	0	0	0	0	0	0	0	0	0	0	0	0	0	0	0	0	0	0	0	0	0	0	0	0	0	0	0	0	0	0	0	0	0	0	0	0	0	0	0	0	0	0	0	0	0	0	0	0	0	0	0	0	0	0	0	0	0	0	0	0	0	0	0	0	0	0	0	0	0	0	0	0	0	0	0	0	0	0	0	0
Rhodoglobus	0	0	0	0	0	0	0	0	0	0	0	0	0	0	0	0	0	0	0	0	0	0	0	0	0	0	0	0	0	0	0	0	0	0	0	0	0	0	0	0	0	0	0	0	0	0	0	0	0	0	0	0	0	0	0	0	0	0	0	0	0	0	0	0	0	0	0	0	0	0	0	0	0	0	0	0	0	0	0	0	0
Rhodohalobacter	0	0	0	0	0	0	0	0	0	0	0	0	0	0	0	0	0	0	0	0	0	0	0	0	0	0	0	0	0	0	0	0	0	0	0	0	0	0	0	0	0	0	0	0	0	0	0	0	0	0	0	0	0	0	0	0	0	0	0	0	0	0	0	0	0	0	0	0	0	0	0	0	0	0	0	0	0	0	0	0	0
Rhodoligotrophos	0	0	0	0	0	0	0	0	0	0	0	0	0	0	0	0	0	0	0	0	0	0	0	0	0	0	0	0	0	0	0	0	0	0	0	0	0	0	0	0	0	0	0	0	0	0	0	0	0	0	0	0	0	0	0	0	0	0	0	0	0	0	0	0	0	0	0	0	0	0	0	0	0	0	0	0	0	0	0	0	0
Rhodoluna	0.001059100066535353	1.23149069485631e-05	0	0	1.461935842281045e-05	3.986994424188298e-06	6.545547849263888e-06	9.062239460615506e-06	6.477449569006699e-06	1.010274491579362e-05	1.5616459748575e-05	3.064847577467853e-06	1.6610304098333e-05	1.560671088568084e-05	1.634663586233953e-05	6.919874770037733e-06	4.070768040852419e-05	2.029852362071532e-05	1.282923011790062e-05	9.09103549033302e-06	1.030949553845374e-05	1.453772123296491e-05	1.522546013624351e-06	6.257587324631115e-06	1.64172611083293e-06	7.064672182907623e-06	1.08561654576115e-05	1.214233979245099e-06	4.744481433827475e-05	1.0171370643051e-05	2.211900022119e-05	1.789382182839071e-05	1.317649787133677e-05	6.749059181150148e-06	4.178021309997692e-06	0	7.296969130901789e-06	5.895680647487231e-06	1.679522791590816e-05	7.351273240525259e-06	6.38161889546302e-07	9.265279672466914e-06	6.506794720386764e-06	8.55410853833096e-06	4.30786904078116e-06	1.83499538039913e-06	1.263495713590792e-05	2.190063058172768e-05	0	5.843905933150726e-06	5.23670395924461e-05	1.485490962190459e-06	1.067704950414003e-05	4.851848796984091e-06	2.611532527642068e-05	1.948795875568409e-06	6.784509066139465e-06	1.045982433771007e-05	7.174909954880066e-06	1.041250166600027e-05	6.978924915650176e-06	1.03873980087358e-05	0	0.000221890329178	3.241836694997918e-06	7.173016750531188e-06	8.903284510688838e-06	1.044194214903001e-05	1.241486506283163e-05	8.893089815125366e-06	6.35145312173921e-06	8.283886420816697e-06	1.801680066662162e-05	2.014342115864958e-05	7.027992494104016e-06	2.499330040697424e-05	2.159099223803829e-06	1.657629134489668e-05	1.569445340578358e-05	6.200419892435115e-06	6.887835050126219e-06
Rhodomicrobium	0	0	0	0	0	0	0	0	0	0	0	0	0	0	0	0	0	0	0	0	0	0	0	0	0	0	0	0	0	0	0	0	0	0	0	0	0	0	0	0	0	0	0	0	0	0	0	0	0	0	0	0	0	0	0	0	0	0	0	0	0	0	0	0	0	0	0	0	0	0	0	0	0	0	0	0	0	0	0	0	0
Rhodonellum	0	0	0	0	0	0	0	0	0	0	0	0	0	0	0	0	0	0	0	0	0	0	0	0	0	0	0	0	0	0	0	0	0	0	0	0	0	0	0	0	0	0	0	0	0	0	0	0	0	0	0	0	0	0	0	0	0	0	0	0	0	0	0	0	0	0	0	0	0	0	0	0	0	0	0	0	0	0	0	0	0
Rhodophyticola	0	0	0	0	0	0	0	0	0	0	0	0	0	0	0	0	0	0	0	0	0	0	0	0	0	0	0	0	0	0	0	0	0	0	0	0	0	0	0	0	0	0	0	0	0	0	0	0	0	0	0	0	0	0	0	0	0	0	0	0	0	0	0	0	0	0	0	0	0	0	0	0	0	0	0	0	0	0	0	0	0
Rhodopila	0	0	0	0	0	0	0	0	0	0	0	0	0	0	0	0	0	0	0	0	0	0	0	0	0	0	0	0	0	0	0	0	0	0	0	0	0	0	0	0	0	0	0	0	0	0	0	0	0	0	0	0	0	0	0	0	0	0	0	0	0	0	0	0	0	0	0	0	0	0	0	0	0	0	0	0	0	0	0	0	0
Rhodopirellula	0	0	0	0	0	0	0	0	0	0	0	0	0	0	0	0	0	0	0	0	0	0	0	0	0	0	0	0	0	0	0	0	0	0	0	0	0	0	0	0	0	0	0	0	0	0	0	0	0	0	0	0	0	0	0	0	0	0	0	0	0	0	0	0	0	0	0	0	0	0	0	0	0	0	0	0	0	0	0	0	0
Rhodoplanes	0	0	0	0	0	0	0	0	0	0	0	0	0	0	0	0	0	0	0	0	0	0	0	0	0	0	0	0	0	0	0	0	0	0	0	0	0	0	0	0	0	0	0	0	0	0	0	0	0	0	0	0	0	0	0	0	0	0	0	0	0	0	0	0	0	0	0	0	0	0	0	0	0	0	0	0	0	0	0	0	0
Rhodopseudomonas	0	0	0	0	0	0	0	0	0	0	0	0	0	0	0	0	0	0	0	0	0	0	0	0	0	0	0	0	0	0	0	0	0	0	0	0	0	0	0	0	0	0	0	0	0	0	0	0	0	0	0	0	0	0	0	0	0	0	0	0	0	0	0	0	0	0	0	0	0	0	0	0	0	0	0	0	0	0	0	0	0
Rhodosalinus	0	0	0	0	0	0	0	0	0	0	0	0	0	0	0	0	0	0	0	0	0	0	0	0	0	0	0	0	0	0	0	0	0	0	0	0	0	0	0	0	0	0	0	0	0	0	0	0	0	0	0	0	0	0	0	0	0	0	0	0	0	0	0	0	0	0	0	0	0	0	0	0	0	0	0	0	0	0	0	0	0
Rhodospira	0	0	0	0	0	0	0	0	0	0	0	0	0	0	0	0	0	0	0	0	0	0	0	0	0	0	0	0	0	0	0	0	0	0	0	0	0	0	0	0	0	0	0	0	0	0	0	0	0	0	0	0	0	0	0	0	0	0	0	0	0	0	0	0	0	0	0	0	0	0	0	0	0	0	0	0	0	0	0	0	0
Rhodospirillum	0.00046379613639594	1.23149069485631e-06	3.366731307907778e-06	0	2.658065167783718e-06	9.967486060470743e-07	1.309109569852777e-06	1.510373243435918e-05	2.59097982760268e-05	2.020548983158724e-05	0	0	4.671648027656156e-06	5.202236961893614e-06	1.323299093617962e-05	9.885535385768191e-06	3.392306700710349e-05	3.38308727011922e-06	0	4.812901141941011e-06	1.344716809363532e-06	1.038408659497493e-06	1.522546013624351e-06	3.128793662315557e-05	0	1.08687264352425e-06	1.206240606401278e-06	0	5.196336808477711e-05	1.695228440508501e-06	0	6.592460673617632e-06	1.317649787133677e-06	1.34981183623003e-06	1.044505327499423e-06	0	3.405252261087501e-06	1.179136129497446e-06	6.531477522853174e-06	1.365236458954691e-05	0	1.635049353964749e-06	1.626698680096691e-05	9.504565042589956e-07	1.435956346927053e-06	2.752493070598695e-06	0	1.87719690700523e-05	8.882966910948258e-06	1.669687409471636e-06	6.91640145560609e-06	4.951636540634863e-07	1.067704950414003e-05	1.212962199246023e-06	8.03548470043713e-06	1.705196391122358e-06	4.070705439683679e-06	0	3.074961409234314e-06	1.041250166600027e-06	0	8.656165007279835e-07	0	1.357127395584315e-05	1.440816308887964e-06	4.09886671458925e-06	1.157426986389549e-05	1.305242768628751e-06	7.44891903769898e-06	5.081765608643067e-06	9.073504459627442e-07	3.55023703749287e-06	9.008400333310812e-06	1.342894743909972e-05	2.00799785545829e-06	4.859808412467213e-06	2.638899051315791e-06	2.762715224149446e-06	3.487656312396352e-06	3.720251935461069e-06	1.033175257518933e-05
Rhodothermus	0	0	0	0	0	0	0	0	0	0	0	0	0	0	0	0	0	0	0	0	0	0	0	0	0	0	0	0	0	0	0	0	0	0	0	0	0	0	0	0	0	0	0	0	0	0	0	0	0	0	0	0	0	0	0	0	0	0	0	0	0	0	0	0	0	0	0	0	0	0	0	0	0	0	0	0	0	0	0	0	0
Rhodovarius	0	0	0	0	0	0	0	0	0	0	0	0	0	0	0	0	0	0	0	0	0	0	0	0	0	0	0	0	0	0	0	0	0	0	0	0	0	0	0	0	0	0	0	0	0	0	0	0	0	0	0	0	0	0	0	0	0	0	0	0	0	0	0	0	0	0	0	0	0	0	0	0	0	0	0	0	0	0	0	0	0
Rhodovastum	0	0	0	0	0	0	0	0	0	0	0	0	0	0	0	0	0	0	0	0	0	0	0	0	0	0	0	0	0	0	0	0	0	0	0	0	0	0	0	0	0	0	0	0	0	0	0	0	0	0	0	0	0	0	0	0	0	0	0	0	0	0	0	0	0	0	0	0	0	0	0	0	0	0	0	0	0	0	0	0	0
Rhodovibrio	0	0	0	0	0	0	0	0	0	0	0	0	0	0	0	0	0	0	0	0	0	0	0	0	0	0	0	0	0	0	0	0	0	0	0	0	0	0	0	0	0	0	0	0	0	0	0	0	0	0	0	0	0	0	0	0	0	0	0	0	0	0	0	0	0	0	0	0	0	0	0	0	0	0	0	0	0	0	0	0	0
Rhodovulum	0	0	0	0	0	0	0	0	0	0	0	0	0	0	0	0	0	0	0	0	0	0	0	0	0	0	0	0	0	0	0	0	0	0	0	0	0	0	0	0	0	0	0	0	0	0	0	0	0	0	0	0	0	0	0	0	0	0	0	0	0	0	0	0	0	0	0	0	0	0	0	0	0	0	0	0	0	0	0	0	0
Richelia	0	0	0	0	0	0	0	0	0	0	0	0	0	0	0	0	0	0	0	0	0	0	0	0	0	0	0	0	0	0	0	0	0	0	0	0	0	0	0	0	0	0	0	0	0	0	0	0	0	0	0	0	0	0	0	0	0	0	0	0	0	0	0	0	0	0	0	0	0	0	0	0	0	0	0	0	0	0	0	0	0
Rickettsia	0.04023458456874825	0.0003374284503906	0.0003131060116354	0.0004064253919101	0.0004399097852682	0.0004256116547821	0.0003665506795587	0.001164497770689	0.0008032037465568001	0.0003636988169685	0.0004528773327086	0.0004352083560004	0.0002616122895487	0.0004187800754324	0.0005604560867087	0.0004161810397408	0.0006965536425458	0.0011011949064238	0.0003656330583601	0.0005160499557747	0.0005011311309561	0.0004589766274978	0.0003246068101047	0.0008009711775527	0.0004662502154765	0.0004037731870692	0.0004547527086132	0.000146315194499	0.00063937535513	0.0004814448771044	0.0011944260119442	0.0006357015649559	0.0002806594046594	0.00066950667077	0.0002872389650623	0.0007017543859649	0.0005244088482074	0.0006691597534898	0.0004488058126417	0.000598603678157	1.244415684615289e-05	0.0002250917943958	0.000588864922195	0.000378281688695	0.0005686387133831	0.000418378946731	0.0004022128021597	0.0003535387508193	0.0014568065733955	0.0004783654428136	0.0008981441318779	0.0001336941865971	0.0009849578167569	0.0006307403436079	0.0008899299305734	0.0001052349772806	0.0004247102675403	0.0004068871667369	0.0003874451375635	0.0007299163667865999	0.0004637812830309	0.0004128990708472	9.903091179175216e-05	0.0009676318330516	0.0002802387720787	0.0004063001630836	0.0006374751709653001	0.0003576365186042	0.0007573067688327	0.0004027299244849	0.0002976109462757	0.0002497000049703	0.0004233948156656	0.0006647328982354	0.0005055134601116	0.0005588779674337	9.787916481244024e-05	0.0003632970519756	0.0004778089147983	0.0003559041018257	0.0004477092782582
Rickettsiella	0	0	0	0	0	0	0	0	0	0	0	0	0	0	0	0	0	0	0	0	0	0	0	0	0	0	0	0	0	0	0	0	0	0	0	0	0	0	0	0	0	0	0	0	0	0	0	0	0	0	0	0	0	0	0	0	0	0	0	0	0	0	0	0	0	0	0	0	0	0	0	0	0	0	0	0	0	0	0	0	0
Riemerella	0	0	0	0	0	0	0	0	0	0	0	0	0	0	0	0	0	0	0	0	0	0	0	0	0	0	0	0	0	0	0	0	0	0	0	0	0	0	0	0	0	0	0	0	0	0	0	0	0	0	0	0	0	0	0	0	0	0	0	0	0	0	0	0	0	0	0	0	0	0	0	0	0	0	0	0	0	0	0	0	0
Rikenella	0	0	0	0	0	0	0	0	0	0	0	0	0	0	0	0	0	0	0	0	0	0	0	0	0	0	0	0	0	0	0	0	0	0	0	0	0	0	0	0	0	0	0	0	0	0	0	0	0	0	0	0	0	0	0	0	0	0	0	0	0	0	0	0	0	0	0	0	0	0	0	0	0	0	0	0	0	0	0	0	0
Rippkaea	0	0	0	0	0	0	0	0	0	0	0	0	0	0	0	0	0	0	0	0	0	0	0	0	0	0	0	0	0	0	0	0	0	0	0	0	0	0	0	0	0	0	0	0	0	0	0	0	0	0	0	0	0	0	0	0	0	0	0	0	0	0	0	0	0	0	0	0	0	0	0	0	0	0	0	0	0	0	0	0	0
Risungbinella	0	0	0	0	0	0	0	0	0	0	0	0	0	0	0	0	0	0	0	0	0	0	0	0	0	0	0	0	0	0	0	0	0	0	0	0	0	0	0	0	0	0	0	0	0	0	0	0	0	0	0	0	0	0	0	0	0	0	0	0	0	0	0	0	0	0	0	0	0	0	0	0	0	0	0	0	0	0	0	0	0
Rivihabitans	0	0	0	0	0	0	0	0	0	0	0	0	0	0	0	0	0	0	0	0	0	0	0	0	0	0	0	0	0	0	0	0	0	0	0	0	0	0	0	0	0	0	0	0	0	0	0	0	0	0	0	0	0	0	0	0	0	0	0	0	0	0	0	0	0	0	0	0	0	0	0	0	0	0	0	0	0	0	0	0	0
Rivularia	0	0	0	0	0	0	0	0	0	0	0	0	0	0	0	0	0	0	0	0	0	0	0	0	0	0	0	0	0	0	0	0	0	0	0	0	0	0	0	0	0	0	0	0	0	0	0	0	0	0	0	0	0	0	0	0	0	0	0	0	0	0	0	0	0	0	0	0	0	0	0	0	0	0	0	0	0	0	0	0	0
Robbsia	0	0	0	0	0	0	0	0	0	0	0	0	0	0	0	0	0	0	0	0	0	0	0	0	0	0	0	0	0	0	0	0	0	0	0	0	0	0	0	0	0	0	0	0	0	0	0	0	0	0	0	0	0	0	0	0	0	0	0	0	0	0	0	0	0	0	0	0	0	0	0	0	0	0	0	0	0	0	0	0	0
Robertkochia	0	0	0	0	0	0	0	0	0	0	0	0	0	0	0	0	0	0	0	0	0	0	0	0	0	0	0	0	0	0	0	0	0	0	0	0	0	0	0	0	0	0	0	0	0	0	0	0	0	0	0	0	0	0	0	0	0	0	0	0	0	0	0	0	0	0	0	0	0	0	0	0	0	0	0	0	0	0	0	0	0
Robertmurraya	0	0	0	0	0	0	0	0	0	0	0	0	0	0	0	0	0	0	0	0	0	0	0	0	0	0	0	0	0	0	0	0	0	0	0	0	0	0	0	0	0	0	0	0	0	0	0	0	0	0	0	0	0	0	0	0	0	0	0	0	0	0	0	0	0	0	0	0	0	0	0	0	0	0	0	0	0	0	0	0	0
Robiginitalea	0	0	0	0	0	0	0	0	0	0	0	0	0	0	0	0	0	0	0	0	0	0	0	0	0	0	0	0	0	0	0	0	0	0	0	0	0	0	0	0	0	0	0	0	0	0	0	0	0	0	0	0	0	0	0	0	0	0	0	0	0	0	0	0	0	0	0	0	0	0	0	0	0	0	0	0	0	0	0	0	0
Robiginitomaculum	0	0	0	0	0	0	0	0	0	0	0	0	0	0	0	0	0	0	0	0	0	0	0	0	0	0	0	0	0	0	0	0	0	0	0	0	0	0	0	0	0	0	0	0	0	0	0	0	0	0	0	0	0	0	0	0	0	0	0	0	0	0	0	0	0	0	0	0	0	0	0	0	0	0	0	0	0	0	0	0	0
Robinsoniella	0	0	0	0	0	0	0	0	0	0	0	0	0	0	0	0	0	0	0	0	0	0	0	0	0	0	0	0	0	0	0	0	0	0	0	0	0	0	0	0	0	0	0	0	0	0	0	0	0	0	0	0	0	0	0	0	0	0	0	0	0	0	0	0	0	0	0	0	0	0	0	0	0	0	0	0	0	0	0	0	0
Rodentibacter	0	0	0	0	0	0	0	0	0	0	0	0	0	0	0	0	0	0	0	0	0	0	0	0	0	0	0	0	0	0	0	0	0	0	0	0	0	0	0	0	0	0	0	0	0	0	0	0	0	0	0	0	0	0	0	0	0	0	0	0	0	0	0	0	0	0	0	0	0	0	0	0	0	0	0	0	0	0	0	0	0
Rohdeia	0	0	0	0	0	0	0	0	0	0	0	0	0	0	0	0	0	0	0	0	0	0	0	0	0	0	0	0	0	0	0	0	0	0	0	0	0	0	0	0	0	0	0	0	0	0	0	0	0	0	0	0	0	0	0	0	0	0	0	0	0	0	0	0	0	0	0	0	0	0	0	0	0	0	0	0	0	0	0	0	0
Romboutsia	0	0	0	0	0	0	0	0	0	0	0	0	0	0	0	0	0	0	0	0	0	0	0	0	0	0	0	0	0	0	0	0	0	0	0	0	0	0	0	0	0	0	0	0	0	0	0	0	0	0	0	0	0	0	0	0	0	0	0	0	0	0	0	0	0	0	0	0	0	0	0	0	0	0	0	0	0	0	0	0	0
Roseateles	0	0	0	0	0	0	0	0	0	0	0	0	0	0	0	0	0	0	0	0	0	0	0	0	0	0	0	0	0	0	0	0	0	0	0	0	0	0	0	0	0	0	0	0	0	0	0	0	0	0	0	0	0	0	0	0	0	0	0	0	0	0	0	0	0	0	0	0	0	0	0	0	0	0	0	0	0	0	0	0	0
Roseburia	0	0	0	0	0	0	0	0	0	0	0	0	0	0	0	0	0	0	0	0	0	0	0	0	0	0	0	0	0	0	0	0	0	0	0	0	0	0	0	0	0	0	0	0	0	0	0	0	0	0	0	0	0	0	0	0	0	0	0	0	0	0	0	0	0	0	0	0	0	0	0	0	0	0	0	0	0	0	0	0	0
Roseiarcus	0	0	0	0	0	0	0	0	0	0	0	0	0	0	0	0	0	0	0	0	0	0	0	0	0	0	0	0	0	0	0	0	0	0	0	0	0	0	0	0	0	0	0	0	0	0	0	0	0	0	0	0	0	0	0	0	0	0	0	0	0	0	0	0	0	0	0	0	0	0	0	0	0	0	0	0	0	0	0	0	0
Roseibacillus	0	0	0	0	0	0	0	0	0	0	0	0	0	0	0	0	0	0	0	0	0	0	0	0	0	0	0	0	0	0	0	0	0	0	0	0	0	0	0	0	0	0	0	0	0	0	0	0	0	0	0	0	0	0	0	0	0	0	0	0	0	0	0	0	0	0	0	0	0	0	0	0	0	0	0	0	0	0	0	0	0
Roseibacterium	0	0	0	0	0	0	0	0	0	0	0	0	0	0	0	0	0	0	0	0	0	0	0	0	0	0	0	0	0	0	0	0	0	0	0	0	0	0	0	0	0	0	0	0	0	0	0	0	0	0	0	0	0	0	0	0	0	0	0	0	0	0	0	0	0	0	0	0	0	0	0	0	0	0	0	0	0	0	0	0	0
Roseibium	0	0	0	0	0	0	0	0	0	0	0	0	0	0	0	0	0	0	0	0	0	0	0	0	0	0	0	0	0	0	0	0	0	0	0	0	0	0	0	0	0	0	0	0	0	0	0	0	0	0	0	0	0	0	0	0	0	0	0	0	0	0	0	0	0	0	0	0	0	0	0	0	0	0	0	0	0	0	0	0	0
Roseicella	0	0	0	0	0	0	0	0	0	0	0	0	0	0	0	0	0	0	0	0	0	0	0	0	0	0	0	0	0	0	0	0	0	0	0	0	0	0	0	0	0	0	0	0	0	0	0	0	0	0	0	0	0	0	0	0	0	0	0	0	0	0	0	0	0	0	0	0	0	0	0	0	0	0	0	0	0	0	0	0	0
Roseicitreum	0	0	0	0	0	0	0	0	0	0	0	0	0	0	0	0	0	0	0	0	0	0	0	0	0	0	0	0	0	0	0	0	0	0	0	0	0	0	0	0	0	0	0	0	0	0	0	0	0	0	0	0	0	0	0	0	0	0	0	0	0	0	0	0	0	0	0	0	0	0	0	0	0	0	0	0	0	0	0	0	0
Roseiconus	0	0	0	0	0	0	0	0	0	0	0	0	0	0	0	0	0	0	0	0	0	0	0	0	0	0	0	0	0	0	0	0	0	0	0	0	0	0	0	0	0	0	0	0	0	0	0	0	0	0	0	0	0	0	0	0	0	0	0	0	0	0	0	0	0	0	0	0	0	0	0	0	0	0	0	0	0	0	0	0	0
Roseicyclus	0	0	0	0	0	0	0	0	0	0	0	0	0	0	0	0	0	0	0	0	0	0	0	0	0	0	0	0	0	0	0	0	0	0	0	0	0	0	0	0	0	0	0	0	0	0	0	0	0	0	0	0	0	0	0	0	0	0	0	0	0	0	0	0	0	0	0	0	0	0	0	0	0	0	0	0	0	0	0	0	0
Roseiflexus	0.003896814115927554	1.354639764341941e-05	1.178355957767722e-05	3.386878265918328e-05	2.126452134226975e-05	1.096423466651782e-05	3.927328709558332e-06	0.0001147883665011	9.55423811428488e-05	1.010274491579362e-05	0.00010931521824	3.371332335214639e-05	2.232009613213497e-05	4.161789569514892e-05	0.0001214321521202	4.745056985168731e-05	0.0003482768212729	3.129355724860278e-05	5.773153553055281e-05	3.422507478713608e-05	3.003200874245222e-05	5.815088493185963e-05	4.263128838148182e-06	9.699260353178229e-05	6.566904443331719e-06	3.804054252334874e-05	2.774353394722938e-05	2.428467958490197e-06	0.0002270573257617	2.712365504813601e-05	0.0001880115018801	5.462324558140323e-05	5.270599148534707e-06	2.429661305214053e-05	1.775659056749019e-05	1.432151808091658e-05	3.79442394806893e-05	1.179136129497446e-05	3.359045583181632e-05	0.0001659287388575	1.489044408941371e-06	2.234567450418491e-05	2.602717888154706e-05	9.504565042589956e-06	3.446295232624928e-05	2.477243763538825e-05	3.158739283976979e-05	7.978086854772225e-05	0.0001776593382189	2.003624891365963e-05	6.817595720526002e-05	2.475818270317431e-06	7.651885477967018e-05	2.062035738718238e-05	0.0001305766263821	3.653992266690767e-06	8.141410879367358e-05	1.045982433771007e-05	2.049974272822876e-05	5.310375849660136e-05	5.836919020361965e-05	2.337164551965555e-05	4.715757704369149e-06	3.732100337856865e-05	2.521428540553936e-06	3.791451710995056e-05	0.0001014974434218	1.566291322354501e-05	0.0001216656776157	2.413838664105457e-05	1.633230802732939e-05	2.248483457078818e-05	8.107560299979732e-05	2.014342115864958e-05	1.254998659661431e-05	7.497990122092272e-05	3.118698878827753e-06	1.105086089659778e-05	2.964507865536899e-05	4.216285526855879e-05	2.582938143797332e-05
Roseimaritima	0	0	0	0	0	0	0	0	0	0	0	0	0	0	0	0	0	0	0	0	0	0	0	0	0	0	0	0	0	0	0	0	0	0	0	0	0	0	0	0	0	0	0	0	0	0	0	0	0	0	0	0	0	0	0	0	0	0	0	0	0	0	0	0	0	0	0	0	0	0	0	0	0	0	0	0	0	0	0	0	0
Roseimicrobium	0	0	0	0	0	0	0	0	0	0	0	0	0	0	0	0	0	0	0	0	0	0	0	0	0	0	0	0	0	0	0	0	0	0	0	0	0	0	0	0	0	0	0	0	0	0	0	0	0	0	0	0	0	0	0	0	0	0	0	0	0	0	0	0	0	0	0	0	0	0	0	0	0	0	0	0	0	0	0	0	0
Roseinatronobacter	0	0	0	0	0	0	0	0	0	0	0	0	0	0	0	0	0	0	0	0	0	0	0	0	0	0	0	0	0	0	0	0	0	0	0	0	0	0	0	0	0	0	0	0	0	0	0	0	0	0	0	0	0	0	0	0	0	0	0	0	0	0	0	0	0	0	0	0	0	0	0	0	0	0	0	0	0	0	0	0	0
Roseisolibacter	0	0	0	0	0	0	0	0	0	0	0	0	0	0	0	0	0	0	0	0	0	0	0	0	0	0	0	0	0	0	0	0	0	0	0	0	0	0	0	0	0	0	0	0	0	0	0	0	0	0	0	0	0	0	0	0	0	0	0	0	0	0	0	0	0	0	0	0	0	0	0	0	0	0	0	0	0	0	0	0	0
Roseitalea	0	0	0	0	0	0	0	0	0	0	0	0	0	0	0	0	0	0	0	0	0	0	0	0	0	0	0	0	0	0	0	0	0	0	0	0	0	0	0	0	0	0	0	0	0	0	0	0	0	0	0	0	0	0	0	0	0	0	0	0	0	0	0	0	0	0	0	0	0	0	0	0	0	0	0	0	0	0	0	0	0
Roseivirga	0	0	0	0	0	0	0	0	0	0	0	0	0	0	0	0	0	0	0	0	0	0	0	0	0	0	0	0	0	0	0	0	0	0	0	0	0	0	0	0	0	0	0	0	0	0	0	0	0	0	0	0	0	0	0	0	0	0	0	0	0	0	0	0	0	0	0	0	0	0	0	0	0	0	0	0	0	0	0	0	0
Roseivivax	0	0	0	0	0	0	0	0	0	0	0	0	0	0	0	0	0	0	0	0	0	0	0	0	0	0	0	0	0	0	0	0	0	0	0	0	0	0	0	0	0	0	0	0	0	0	0	0	0	0	0	0	0	0	0	0	0	0	0	0	0	0	0	0	0	0	0	0	0	0	0	0	0	0	0	0	0	0	0	0	0
Rosenbergiella	0	0	0	0	0	0	0	0	0	0	0	0	0	0	0	0	0	0	0	0	0	0	0	0	0	0	0	0	0	0	0	0	0	0	0	0	0	0	0	0	0	0	0	0	0	0	0	0	0	0	0	0	0	0	0	0	0	0	0	0	0	0	0	0	0	0	0	0	0	0	0	0	0	0	0	0	0	0	0	0	0
Roseobacter	0.009450992266242953	0.000110834162537	6.396789485024779e-05	9.676795045480936e-05	9.83484112079976e-05	7.276264824143643e-05	9.818321773895832e-05	0.0001676514300213	9.878110592735216e-05	7.071921441055535e-05	0.0001561645974857	0.0001103345127888	0.0002377349774073	0.0002575107296137	0.0001642447698549	0.0001107179963206	0.0002148460910449	0.0001124876517314	0.0001475361463558	0.0001219268289291	9.592313240126529e-05	9.864882265226186e-05	2.892837425886267e-05	0.0001126365718433	0.0001034287449824	0.00012336004504	0.0001278615042785	3.642701937735296e-05	0.0001547604658177	0.0001237516761571	0.0001880115018801	0.0001214896324138	0.0001449414765847	8.23385220100318e-05	0.0001274296499549	0.0001002506265664	0.0001211296875729	7.782298454683146e-05	0.0001138343225411	0.0001260218269804	7.657942674555624e-06	0.0001400692279896	0.0001171223049669	7.318515082794266e-05	6.892590465249856e-05	7.798730366696302e-05	0.000132667049927	0.000143918429537	0.0002664890073284	0.0001427582735098	0.0001007818497816	1.716567334086752e-05	0.0001557069719353	0.0001128054845298	0.0001426298534327	2.241115256903671e-05	0.0001112659486846	9.100047173807764e-05	9.942375223190949e-05	0.0001155787684926	0.0001554396913031	0.0001419611061193	4.715757704369149e-06	0.0001737123066347	3.205816287275719e-05	6.814365913004628e-05	0.0002118981713543	0.000137050490706	0.0002309164901686	0.0001067170777815	7.531008701490777e-05	9.585640001230748e-05	0.000247731009166	0.0001074315795127	0.000118471873472	0.000176341619538	2.830818982320576e-05	7.666534747014714e-05	0.0001691513311512	0.0001314489017196	0.0001015955669893
Roseococcus	0	0	0	0	0	0	0	0	0	0	0	0	0	0	0	0	0	0	0	0	0	0	0	0	0	0	0	0	0	0	0	0	0	0	0	0	0	0	0	0	0	0	0	0	0	0	0	0	0	0	0	0	0	0	0	0	0	0	0	0	0	0	0	0	0	0	0	0	0	0	0	0	0	0	0	0	0	0	0	0	0
Roseofilum	0	0	0	0	0	0	0	0	0	0	0	0	0	0	0	0	0	0	0	0	0	0	0	0	0	0	0	0	0	0	0	0	0	0	0	0	0	0	0	0	0	0	0	0	0	0	0	0	0	0	0	0	0	0	0	0	0	0	0	0	0	0	0	0	0	0	0	0	0	0	0	0	0	0	0	0	0	0	0	0	0
Roseomonas	0	0	0	0	0	0	0	0	0	0	0	0	0	0	0	0	0	0	0	0	0	0	0	0	0	0	0	0	0	0	0	0	0	0	0	0	0	0	0	0	0	0	0	0	0	0	0	0	0	0	0	0	0	0	0	0	0	0	0	0	0	0	0	0	0	0	0	0	0	0	0	0	0	0	0	0	0	0	0	0	0
Roseospira	0	0	0	0	0	0	0	0	0	0	0	0	0	0	0	0	0	0	0	0	0	0	0	0	0	0	0	0	0	0	0	0	0	0	0	0	0	0	0	0	0	0	0	0	0	0	0	0	0	0	0	0	0	0	0	0	0	0	0	0	0	0	0	0	0	0	0	0	0	0	0	0	0	0	0	0	0	0	0	0	0
Roseovarius	0	0	0	0	0	0	0	0	0	0	0	0	0	0	0	0	0	0	0	0	0	0	0	0	0	0	0	0	0	0	0	0	0	0	0	0	0	0	0	0	0	0	0	0	0	0	0	0	0	0	0	0	0	0	0	0	0	0	0	0	0	0	0	0	0	0	0	0	0	0	0	0	0	0	0	0	0	0	0	0	0
Rosettibacter	0	0	0	0	0	0	0	0	0	0	0	0	0	0	0	0	0	0	0	0	0	0	0	0	0	0	0	0	0	0	0	0	0	0	0	0	0	0	0	0	0	0	0	0	0	0	0	0	0	0	0	0	0	0	0	0	0	0	0	0	0	0	0	0	0	0	0	0	0	0	0	0	0	0	0	0	0	0	0	0	0
Rosistilla	0	0	0	0	0	0	0	0	0	0	0	0	0	0	0	0	0	0	0	0	0	0	0	0	0	0	0	0	0	0	0	0	0	0	0	0	0	0	0	0	0	0	0	0	0	0	0	0	0	0	0	0	0	0	0	0	0	0	0	0	0	0	0	0	0	0	0	0	0	0	0	0	0	0	0	0	0	0	0	0	0
Rossellomorea	0	0	0	0	0	0	0	0	0	0	0	0	0	0	0	0	0	0	0	0	0	0	0	0	0	0	0	0	0	0	0	0	0	0	0	0	0	0	0	0	0	0	0	0	0	0	0	0	0	0	0	0	0	0	0	0	0	0	0	0	0	0	0	0	0	0	0	0	0	0	0	0	0	0	0	0	0	0	0	0	0
Rothia	0.0008642721987902082	4.187068362511453e-05	1.683365653953889e-06	4.838397522740468e-06	1.860645617448603e-05	0	2.618219139705555e-06	3.020746486871836e-06	9.716174353510048e-06	1.010274491579362e-05	0	1.838908546480712e-05	2.595360015364532e-05	2.601118480946807e-06	5.448878620779843e-06	7.908428308614552e-06	2.261537800473566e-05	1.014926181035766e-05	3.528038282422672e-05	4.812901141941011e-06	9.861256601999236e-06	1.142249525447242e-05	0	2.503034929852446e-05	6.566904443331719e-06	3.260617930572749e-06	9.649924851210222e-06	0	2.259276873251179e-06	5.085685321525503e-06	1.1059500110595e-05	4.708900481155451e-06	7.247073829235223e-06	6.749059181150148e-06	2.089010654998846e-06	2.864303616183315e-05	2.432323043633929e-06	1.002265710072829e-05	1.306295504570635e-05	1.26021826980433e-05	0	1.526046063700433e-05	1.952038416116029e-05	3.326597764906485e-05	1.292360712234348e-05	3.66999076079826e-06	2.105826189317986e-06	2.190063058172768e-05	0	7.513593342622361e-06	5.928344104805219e-05	0	1.779508250690004e-05	1.09166597932142e-05	3.816855232707637e-05	4.628390204474971e-06	4.070705439683679e-06	3.765536761575626e-05	2.15247298646402e-05	1.145375183260029e-05	6.344477196045614e-06	5.193699004367901e-06	0	6.785636977921573e-06	3.241836694997918e-06	5.123583393236562e-06	4.451642255344419e-06	9.136699380401256e-06	1.241486506283163e-05	0	9.073504459627439e-06	3.55023703749287e-06	9.008400333310812e-06	0	8.031991421833161e-06	9.025358480296252e-06	0	2.762715224149446e-05	1.046296893718905e-05	3.720251935461069e-06	1.205371133772088e-05
Rouxiella	0	0	0	0	0	0	0	0	0	0	0	0	0	0	0	0	0	0	0	0	0	0	0	0	0	0	0	0	0	0	0	0	0	0	0	0	0	0	0	0	0	0	0	0	0	0	0	0	0	0	0	0	0	0	0	0	0	0	0	0	0	0	0	0	0	0	0	0	0	0	0	0	0	0	0	0	0	0	0	0	0
Ruania	0	0	0	0	0	0	0	0	0	0	0	0	0	0	0	0	0	0	0	0	0	0	0	0	0	0	0	0	0	0	0	0	0	0	0	0	0	0	0	0	0	0	0	0	0	0	0	0	0	0	0	0	0	0	0	0	0	0	0	0	0	0	0	0	0	0	0	0	0	0	0	0	0	0	0	0	0	0	0	0	0
Rubellicoccus	0	0	0	0	0	0	0	0	0	0	0	0	0	0	0	0	0	0	0	0	0	0	0	0	0	0	0	0	0	0	0	0	0	0	0	0	0	0	0	0	0	0	0	0	0	0	0	0	0	0	0	0	0	0	0	0	0	0	0	0	0	0	0	0	0	0	0	0	0	0	0	0	0	0	0	0	0	0	0	0	0
Rubellimicrobium	0	0	0	0	0	0	0	0	0	0	0	0	0	0	0	0	0	0	0	0	0	0	0	0	0	0	0	0	0	0	0	0	0	0	0	0	0	0	0	0	0	0	0	0	0	0	0	0	0	0	0	0	0	0	0	0	0	0	0	0	0	0	0	0	0	0	0	0	0	0	0	0	0	0	0	0	0	0	0	0	0
Rubidibacter	0	0	0	0	0	0	0	0	0	0	0	0	0	0	0	0	0	0	0	0	0	0	0	0	0	0	0	0	0	0	0	0	0	0	0	0	0	0	0	0	0	0	0	0	0	0	0	0	0	0	0	0	0	0	0	0	0	0	0	0	0	0	0	0	0	0	0	0	0	0	0	0	0	0	0	0	0	0	0	0	0
Rubinisphaera	0	0	0	0	0	0	0	0	0	0	0	0	0	0	0	0	0	0	0	0	0	0	0	0	0	0	0	0	0	0	0	0	0	0	0	0	0	0	0	0	0	0	0	0	0	0	0	0	0	0	0	0	0	0	0	0	0	0	0	0	0	0	0	0	0	0	0	0	0	0	0	0	0	0	0	0	0	0	0	0	0
Rubrimonas	0	0	0	0	0	0	0	0	0	0	0	0	0	0	0	0	0	0	0	0	0	0	0	0	0	0	0	0	0	0	0	0	0	0	0	0	0	0	0	0	0	0	0	0	0	0	0	0	0	0	0	0	0	0	0	0	0	0	0	0	0	0	0	0	0	0	0	0	0	0	0	0	0	0	0	0	0	0	0	0	0
Rubripirellula	0	0	0	0	0	0	0	0	0	0	0	0	0	0	0	0	0	0	0	0	0	0	0	0	0	0	0	0	0	0	0	0	0	0	0	0	0	0	0	0	0	0	0	0	0	0	0	0	0	0	0	0	0	0	0	0	0	0	0	0	0	0	0	0	0	0	0	0	0	0	0	0	0	0	0	0	0	0	0	0	0
Rubritalea	0	0	0	0	0	0	0	0	0	0	0	0	0	0	0	0	0	0	0	0	0	0	0	0	0	0	0	0	0	0	0	0	0	0	0	0	0	0	0	0	0	0	0	0	0	0	0	0	0	0	0	0	0	0	0	0	0	0	0	0	0	0	0	0	0	0	0	0	0	0	0	0	0	0	0	0	0	0	0	0	0
Rubritepida	0	0	0	0	0	0	0	0	0	0	0	0	0	0	0	0	0	0	0	0	0	0	0	0	0	0	0	0	0	0	0	0	0	0	0	0	0	0	0	0	0	0	0	0	0	0	0	0	0	0	0	0	0	0	0	0	0	0	0	0	0	0	0	0	0	0	0	0	0	0	0	0	0	0	0	0	0	0	0	0	0
Rubrivirga	0	0	0	0	0	0	0	0	0	0	0	0	0	0	0	0	0	0	0	0	0	0	0	0	0	0	0	0	0	0	0	0	0	0	0	0	0	0	0	0	0	0	0	0	0	0	0	0	0	0	0	0	0	0	0	0	0	0	0	0	0	0	0	0	0	0	0	0	0	0	0	0	0	0	0	0	0	0	0	0	0
Rubrivivax	0	0	0	0	0	0	0	0	0	0	0	0	0	0	0	0	0	0	0	0	0	0	0	0	0	0	0	0	0	0	0	0	0	0	0	0	0	0	0	0	0	0	0	0	0	0	0	0	0	0	0	0	0	0	0	0	0	0	0	0	0	0	0	0	0	0	0	0	0	0	0	0	0	0	0	0	0	0	0	0	0
Rubrobacter	0.001139846965294354	6.157453474281549e-07	1.683365653953889e-06	0	1.461935842281045e-05	7.973988848376596e-06	2.618219139705555e-06	4.682157054651345e-05	2.914852306053015e-05	0	1.5616459748575e-05	6.129695154935707e-06	7.267008043020688e-06	1.040447392378723e-05	4.125579527161881e-05	1.087408892434501e-05	4.523075600947132e-05	6.76617454023844e-06	1.282923011790062e-05	6.417201522588015e-06	5.827106173908639e-06	1.246090391396992e-05	3.045092027248701e-07	2.815914296084002e-05	4.925178332498789e-06	9.781853791718248e-06	3.618721819203833e-06	1.821350968867648e-06	6.890794463416094e-05	3.390456881017001e-06	6.635700066357e-05	2.260272230954616e-05	6.588248935668384e-07	1.34981183623003e-06	3.133515982498269e-06	0	1.313454443562322e-05	2.358272258994893e-06	9.330682175504531e-06	5.881018592420208e-05	2.127206298487673e-07	3.270098707929499e-06	9.760192080580148e-06	3.801826017035982e-06	5.743825387708213e-06	1.83499538039913e-06	8.423304757271945e-06	1.87719690700523e-05	1.776593382189652e-05	2.504531114207453e-06	2.173726171761914e-05	3.301091027089909e-07	4.893647689397512e-05	3.638886597738068e-06	4.62040370275135e-05	7.307984533381534e-07	2.442423263810208e-05	7.32187703639705e-06	1.742478131899445e-05	1.874250299880048e-05	1.078561123327754e-05	9.521781508007818e-06	0	1.221414656025883e-05	3.602040772219909e-07	1.6395466858357e-05	5.52003639662708e-05	2.610485537257502e-06	3.972756820106122e-05	8.893089815125366e-06	4.536752229813721e-06	3.55023703749287e-06	4.053780149989866e-05	0	1.907597962685376e-05	2.429904206233607e-05	9.59599655023924e-07	5.525430448298892e-06	6.975312624792703e-06	2.356159559125344e-05	1.033175257518933e-05
Rudaea	0	0	0	0	0	0	0	0	0	0	0	0	0	0	0	0	0	0	0	0	0	0	0	0	0	0	0	0	0	0	0	0	0	0	0	0	0	0	0	0	0	0	0	0	0	0	0	0	0	0	0	0	0	0	0	0	0	0	0	0	0	0	0	0	0	0	0	0	0	0	0	0	0	0	0	0	0	0	0	0	0
Rudanella	0	0	0	0	0	0	0	0	0	0	0	0	0	0	0	0	0	0	0	0	0	0	0	0	0	0	0	0	0	0	0	0	0	0	0	0	0	0	0	0	0	0	0	0	0	0	0	0	0	0	0	0	0	0	0	0	0	0	0	0	0	0	0	0	0	0	0	0	0	0	0	0	0	0	0	0	0	0	0	0	0
Ruegeria	0.006589338779304224	7.08107149542378e-05	5.218433527257056e-05	5.322237275014515e-05	8.240002020129528e-05	5.382442472654202e-05	4.843705408455277e-05	9.817426082333466e-05	7.125194525907369e-05	8.082195932634897e-05	0.0001249316779886	6.2829375338091e-05	0.0001842705610908	0.0001482637534139	0.0001253242082779	8.303849724045279e-05	8.141536081704838e-05	5.328362450437771e-05	6.735345811897828e-05	8.93060545226832e-05	7.620061919726682e-05	8.203428410030197e-05	1.979309817711656e-05	7.821984155788895e-05	4.92517833249879e-05	6.358204964616861e-05	7.961188002248432e-05	2.549891356414707e-05	8.246360587366802e-05	0.0001152755339545	7.741650077416501e-05	5.462324558140323e-05	0.0001008002087157	9.178720486364199e-05	7.833789956245672e-05	0.0001002506265664	9.729292174535718e-05	4.303846872665679e-05	5.971636592322902e-05	8.71650969947995e-05	5.2116554312948e-06	0.0001209936521933	8.784172872522131e-05	4.46714557001728e-05	5.887421022400919e-05	0.0001128522158945	8.002139519408347e-05	4.692992267513074e-05	0.0001065956029313	9.600702604461906e-05	8.793710422127742e-05	1.237909135158716e-05	0.0001112192656681	0.0001115925223306	0.0001265588840318	1.729556339566963e-05	7.598650154076201e-05	7.426475279774152e-05	6.764915100315492e-05	9.996001599360256e-05	0.0001116627986504	8.309918406988642e-05	9.4315154087383e-06	0.0001262128477893	1.620918347498959e-05	5.687177566492584e-05	0.0001709430626052	8.484077996086882e-05	0.0001390464887037	8.00378083361283e-05	4.990427452795093e-05	9.23061629748146e-05	0.0001981848073328	9.400263207369808e-05	9.688589652586251e-05	0.0001916153031201	2.422989128935408e-05	5.594498328902629e-05	0.0001116050019966	9.424638236501376e-05	6.371247421366754e-05
Rufibacter	0.007520346852403399	3.940770223540191e-05	6.901799181210946e-05	5.322237275014515e-05	8.240002020129528e-05	3.687969842374176e-05	4.843705408455277e-05	0.0002869709162528	4.210342219854355e-05	5.05137245789681e-05	4.684937924572499e-05	5.056998502821959e-05	4.619740827348866e-05	9.103914683313824e-05	0.0003090292589213	8.699271139476007e-05	0.0001334307302279	8.034832266533148e-05	4.810961294212734e-05	7.165875033556617e-05	4.885804407354166e-05	7.372701482432202e-05	8.191297553299007e-05	0.0001314093338172	6.895249665498305e-05	4.619208734978061e-05	6.272451153286644e-05	3.217720044999511e-05	0.0004541146515234	6.441868073932303e-05	0.0002543685025436	0.0001723457576102	3.360006957190876e-05	9.448682853610206e-05	5.01362557199723e-05	8.592910848549946e-05	0.0001313454443562	7.015859970509806e-05	6.718091166363264e-05	8.821527888630311e-05	2.552647558185208e-06	4.578138191101298e-05	9.434852344560808e-05	3.991917317887782e-05	7.466973004020678e-05	4.403988912957912e-05	5.685730711158562e-05	5.788023796599458e-05	0.0003553186764379	7.430108972148779e-05	0.0001165907673945	2.87194919356822e-05	0.0001379118894284	9.218512714269772e-05	0.000166736307534	1.023117834673415e-05	0.0001004107341788	3.870135004952727e-05	6.764915100315492e-05	0.000171806277489	6.915480143689719e-05	6.145877155168683e-05	9.4315154087383e-06	0.0004973871904816	2.449387725109539e-05	8.556384266705059e-05	0.0001753947048605	9.528272210989884e-05	0.000263195139332	6.606295291235986e-05	3.992341962236074e-05	3.905260741242157e-05	6.305880233317569e-05	8.057368463459834e-05	8.483790939311276e-05	6.734305942990282e-05	2.494959103062202e-05	3.936869194412961e-05	4.185187574875622e-05	6.448436688132521e-05	6.543443297619908e-05
Ruficoccus	0	0	0	0	0	0	0	0	0	0	0	0	0	0	0	0	0	0	0	0	0	0	0	0	0	0	0	0	0	0	0	0	0	0	0	0	0	0	0	0	0	0	0	0	0	0	0	0	0	0	0	0	0	0	0	0	0	0	0	0	0	0	0	0	0	0	0	0	0	0	0	0	0	0	0	0	0	0	0	0	0
Rugamonas	0	0	0	0	0	0	0	0	0	0	0	0	0	0	0	0	0	0	0	0	0	0	0	0	0	0	0	0	0	0	0	0	0	0	0	0	0	0	0	0	0	0	0	0	0	0	0	0	0	0	0	0	0	0	0	0	0	0	0	0	0	0	0	0	0	0	0	0	0	0	0	0	0	0	0	0	0	0	0	0	0
Rugosibacter	0	0	0	0	0	0	0	0	0	0	0	0	0	0	0	0	0	0	0	0	0	0	0	0	0	0	0	0	0	0	0	0	0	0	0	0	0	0	0	0	0	0	0	0	0	0	0	0	0	0	0	0	0	0	0	0	0	0	0	0	0	0	0	0	0	0	0	0	0	0	0	0	0	0	0	0	0	0	0	0	0
Rugosimonospora	0	0	0	0	0	0	0	0	0	0	0	0	0	0	0	0	0	0	0	0	0	0	0	0	0	0	0	0	0	0	0	0	0	0	0	0	0	0	0	0	0	0	0	0	0	0	0	0	0	0	0	0	0	0	0	0	0	0	0	0	0	0	0	0	0	0	0	0	0	0	0	0	0	0	0	0	0	0	0	0	0
Ruicaihuangia	0	0	0	0	0	0	0	0	0	0	0	0	0	0	0	0	0	0	0	0	0	0	0	0	0	0	0	0	0	0	0	0	0	0	0	0	0	0	0	0	0	0	0	0	0	0	0	0	0	0	0	0	0	0	0	0	0	0	0	0	0	0	0	0	0	0	0	0	0	0	0	0	0	0	0	0	0	0	0	0	0
Ruminiclostridium	0.02160494288972098	5.295409987882131e-05	2.861721611721612e-05	0.0002757886587962	0.0002192903763421	2.790896096931808e-05	6.807369763234443e-05	0.0002990539022003	0.0001360264409491	0.0001313356839053	0.0001249316779886	0.0003846383709722	6.125049636260294e-05	8.843802835219144e-05	7.394906699629788e-05	0.000161134226788	0.0002623383848549	0.0003120898006684	0.0001250849936495	6.096341446458614e-05	0.0001062326279397	9.761041399276435e-05	3.075542947521188e-05	0.0001658260641027	8.044457943081356e-05	8.205888458608085e-05	0.0001194178200337	1.214233979245099e-05	0.0001400751661415	5.424731009627202e-05	0.0017252820172528	0.0003041949710826	6.258836488884965e-05	7.693927466511169e-05	2.611263318748557e-05	0.0003723594701038	4.864646087267859e-05	4.83445813093953e-05	0.0001782160295521	0.000291950565838	4.573493541748497e-06	6.758203996387632e-05	0.0002082174310523	5.417602074276275e-05	0.0001378518093049	0.0001431296396711	0.0001284553975483	0.0001611260678512	0.0004086164779036	5.760421562677144e-05	0.000272703828821	1.056349128668771e-05	0.0002375643514671	0.0001358517663155	0.0005644928002057	2.703954277351168e-05	9.76969305524083e-05	0.0001202879798836	7.892400950368073e-05	0.0089911951885912	0.0001725697797324	7.790548506551851e-05	4.715757704369149e-06	0.0002639612784411	1.440816308887964e-05	0.0001342378849027	0.0001958722592351	0.0001970916580629	0.0002582291933068	0.0001778617963025	0.0001252143615428	0.0001065071111247	0.0001486386054996	0.0001880052641473	0.0001094358831224	8.331100135658081e-05	9.835896463995222e-06	0.0001036018209056	0.0001726389874636	0.0001240083978487	0.0001119273195645
Ruminobacter	0	0	0	0	0	0	0	0	0	0	0	0	0	0	0	0	0	0	0	0	0	0	0	0	0	0	0	0	0	0	0	0	0	0	0	0	0	0	0	0	0	0	0	0	0	0	0	0	0	0	0	0	0	0	0	0	0	0	0	0	0	0	0	0	0	0	0	0	0	0	0	0	0	0	0	0	0	0	0	0	0
Ruminococcoides	0	0	0	0	0	0	0	0	0	0	0	0	0	0	0	0	0	0	0	0	0	0	0	0	0	0	0	0	0	0	0	0	0	0	0	0	0	0	0	0	0	0	0	0	0	0	0	0	0	0	0	0	0	0	0	0	0	0	0	0	0	0	0	0	0	0	0	0	0	0	0	0	0	0	0	0	0	0	0	0	0
Ruminococcus	0.05062276641241969	0.0002604602819621	0.0001363526179702	0.0006193148829107	0.002838813599193	0.0002452001570875	0.0004058239666543	0.0003685310713983	0.0003254918408425	0.000484931755958	0.0004684937924572	0.000639020719902	0.0002984664017669	0.0007959422551697	0.0001907107517272	0.0002698751160314	0.0008842612799851	0.0004000500696915	0.0006574980435424	0.000333159712381	0.0007494555017519	0.0008193044323435	2.04021165825663e-05	0.0009042213684091	0.000490876107139	0.0005678909562414	0.0008516058681193	1.760639269905393e-05	0.0001818717882967	0.0002610651798383	0.0008847600088476	0.0007722596789094	0.0005659305835739	0.0005655711593803	0.0002569483105648	0.0033225921947726	0.0001663708961845	0.0002464394510649	0.0005822345677514	0.0002026851050601	1.23377965312285e-05	0.0006273139354711	0.0012200240100725	0.0004134485793526	0.0010482481332567	0.000257816850946	0.0008170605614553	0.0007759080548954	0.000337552742616	0.0004241006020057	0.0015038232879189	2.50882918058833e-05	0.0007162520709027	0.0008660550102616	0.0016070969400874	8.136222780498107e-05	0.0002333871118751	0.0009518440147316	0.0004253696616107	0.0018607140477142	0.0011692871472312	0.0007288490936129	1.88630308174766e-05	0.0001248557203937	8.284693776105791e-06	0.0006763130079072	0.0005537842965648	0.0011499188791619	0.0002954737884953	0.0010366801841631	0.0009218680530981	0.0006485099655153	0.0007431930274981	0.0010541723739693	0.0005135454515334	0.0003499062056976	4.318198447607658e-06	0.000906170593521	0.0011875469743709	0.0007452904710707	0.0005286413400970999
Rummeliibacillus	0	0	0	0	0	0	0	0	0	0	0	0	0	0	0	0	0	0	0	0	0	0	0	0	0	0	0	0	0	0	0	0	0	0	0	0	0	0	0	0	0	0	0	0	0	0	0	0	0	0	0	0	0	0	0	0	0	0	0	0	0	0	0	0	0	0	0	0	0	0	0	0	0	0	0	0	0	0	0	0	0
Runella	0	0	0	0	0	0	0	0	0	0	0	0	0	0	0	0	0	0	0	0	0	0	0	0	0	0	0	0	0	0	0	0	0	0	0	0	0	0	0	0	0	0	0	0	0	0	0	0	0	0	0	0	0	0	0	0	0	0	0	0	0	0	0	0	0	0	0	0	0	0	0	0	0	0	0	0	0	0	0	0	0
Ruoffia	0	0	0	0	0	0	0	0	0	0	0	0	0	0	0	0	0	0	0	0	0	0	0	0	0	0	0	0	0	0	0	0	0	0	0	0	0	0	0	0	0	0	0	0	0	0	0	0	0	0	0	0	0	0	0	0	0	0	0	0	0	0	0	0	0	0	0	0	0	0	0	0	0	0	0	0	0	0	0	0	0
Ruthenibacterium	0	0	0	0	0	0	0	0	0	0	0	0	0	0	0	0	0	0	0	0	0	0	0	0	0	0	0	0	0	0	0	0	0	0	0	0	0	0	0	0	0	0	0	0	0	0	0	0	0	0	0	0	0	0	0	0	0	0	0	0	0	0	0	0	0	0	0	0	0	0	0	0	0	0	0	0	0	0	0	0	0
Sabulicella	0	0	0	0	0	0	0	0	0	0	0	0	0	0	0	0	0	0	0	0	0	0	0	0	0	0	0	0	0	0	0	0	0	0	0	0	0	0	0	0	0	0	0	0	0	0	0	0	0	0	0	0	0	0	0	0	0	0	0	0	0	0	0	0	0	0	0	0	0	0	0	0	0	0	0	0	0	0	0	0	0
Saccharibacillus	0	0	0	0	0	0	0	0	0	0	0	0	0	0	0	0	0	0	0	0	0	0	0	0	0	0	0	0	0	0	0	0	0	0	0	0	0	0	0	0	0	0	0	0	0	0	0	0	0	0	0	0	0	0	0	0	0	0	0	0	0	0	0	0	0	0	0	0	0	0	0	0	0	0	0	0	0	0	0	0	0
Saccharibacter	0	0	0	0	0	0	0	0	0	0	0	0	0	0	0	0	0	0	0	0	0	0	0	0	0	0	0	0	0	0	0	0	0	0	0	0	0	0	0	0	0	0	0	0	0	0	0	0	0	0	0	0	0	0	0	0	0	0	0	0	0	0	0	0	0	0	0	0	0	0	0	0	0	0	0	0	0	0	0	0	0
Saccharicrinis	0	0	0	0	0	0	0	0	0	0	0	0	0	0	0	0	0	0	0	0	0	0	0	0	0	0	0	0	0	0	0	0	0	0	0	0	0	0	0	0	0	0	0	0	0	0	0	0	0	0	0	0	0	0	0	0	0	0	0	0	0	0	0	0	0	0	0	0	0	0	0	0	0	0	0	0	0	0	0	0	0
Saccharobesus	0	0	0	0	0	0	0	0	0	0	0	0	0	0	0	0	0	0	0	0	0	0	0	0	0	0	0	0	0	0	0	0	0	0	0	0	0	0	0	0	0	0	0	0	0	0	0	0	0	0	0	0	0	0	0	0	0	0	0	0	0	0	0	0	0	0	0	0	0	0	0	0	0	0	0	0	0	0	0	0	0
Saccharococcus	0	0	0	0	0	0	0	0	0	0	0	0	0	0	0	0	0	0	0	0	0	0	0	0	0	0	0	0	0	0	0	0	0	0	0	0	0	0	0	0	0	0	0	0	0	0	0	0	0	0	0	0	0	0	0	0	0	0	0	0	0	0	0	0	0	0	0	0	0	0	0	0	0	0	0	0	0	0	0	0	0
Saccharomonospora	0	0	0	0	0	0	0	0	0	0	0	0	0	0	0	0	0	0	0	0	0	0	0	0	0	0	0	0	0	0	0	0	0	0	0	0	0	0	0	0	0	0	0	0	0	0	0	0	0	0	0	0	0	0	0	0	0	0	0	0	0	0	0	0	0	0	0	0	0	0	0	0	0	0	0	0	0	0	0	0	0
Saccharophagus	0	0	0	0	0	0	0	0	0	0	0	0	0	0	0	0	0	0	0	0	0	0	0	0	0	0	0	0	0	0	0	0	0	0	0	0	0	0	0	0	0	0	0	0	0	0	0	0	0	0	0	0	0	0	0	0	0	0	0	0	0	0	0	0	0	0	0	0	0	0	0	0	0	0	0	0	0	0	0	0	0
Saccharopolyspora	0	0	0	0	0	0	0	0	0	0	0	0	0	0	0	0	0	0	0	0	0	0	0	0	0	0	0	0	0	0	0	0	0	0	0	0	0	0	0	0	0	0	0	0	0	0	0	0	0	0	0	0	0	0	0	0	0	0	0	0	0	0	0	0	0	0	0	0	0	0	0	0	0	0	0	0	0	0	0	0	0
Saccharospirillum	0	0	0	0	0	0	0	0	0	0	0	0	0	0	0	0	0	0	0	0	0	0	0	0	0	0	0	0	0	0	0	0	0	0	0	0	0	0	0	0	0	0	0	0	0	0	0	0	0	0	0	0	0	0	0	0	0	0	0	0	0	0	0	0	0	0	0	0	0	0	0	0	0	0	0	0	0	0	0	0	0
Saccharothrix	0	0	0	0	0	0	0	0	0	0	0	0	0	0	0	0	0	0	0	0	0	0	0	0	0	0	0	0	0	0	0	0	0	0	0	0	0	0	0	0	0	0	0	0	0	0	0	0	0	0	0	0	0	0	0	0	0	0	0	0	0	0	0	0	0	0	0	0	0	0	0	0	0	0	0	0	0	0	0	0	0
Sagittula	0	0	0	0	0	0	0	0	0	0	0	0	0	0	0	0	0	0	0	0	0	0	0	0	0	0	0	0	0	0	0	0	0	0	0	0	0	0	0	0	0	0	0	0	0	0	0	0	0	0	0	0	0	0	0	0	0	0	0	0	0	0	0	0	0	0	0	0	0	0	0	0	0	0	0	0	0	0	0	0	0
Salana	0	0	0	0	0	0	0	0	0	0	0	0	0	0	0	0	0	0	0	0	0	0	0	0	0	0	0	0	0	0	0	0	0	0	0	0	0	0	0	0	0	0	0	0	0	0	0	0	0	0	0	0	0	0	0	0	0	0	0	0	0	0	0	0	0	0	0	0	0	0	0	0	0	0	0	0	0	0	0	0	0
Salaquimonas	0	0	0	0	0	0	0	0	0	0	0	0	0	0	0	0	0	0	0	0	0	0	0	0	0	0	0	0	0	0	0	0	0	0	0	0	0	0	0	0	0	0	0	0	0	0	0	0	0	0	0	0	0	0	0	0	0	0	0	0	0	0	0	0	0	0	0	0	0	0	0	0	0	0	0	0	0	0	0	0	0
Salegentibacter	0	0	0	0	0	0	0	0	0	0	0	0	0	0	0	0	0	0	0	0	0	0	0	0	0	0	0	0	0	0	0	0	0	0	0	0	0	0	0	0	0	0	0	0	0	0	0	0	0	0	0	0	0	0	0	0	0	0	0	0	0	0	0	0	0	0	0	0	0	0	0	0	0	0	0	0	0	0	0	0	0
Salibacter	0	0	0	0	0	0	0	0	0	0	0	0	0	0	0	0	0	0	0	0	0	0	0	0	0	0	0	0	0	0	0	0	0	0	0	0	0	0	0	0	0	0	0	0	0	0	0	0	0	0	0	0	0	0	0	0	0	0	0	0	0	0	0	0	0	0	0	0	0	0	0	0	0	0	0	0	0	0	0	0	0
Salibacterium	0	0	0	0	0	0	0	0	0	0	0	0	0	0	0	0	0	0	0	0	0	0	0	0	0	0	0	0	0	0	0	0	0	0	0	0	0	0	0	0	0	0	0	0	0	0	0	0	0	0	0	0	0	0	0	0	0	0	0	0	0	0	0	0	0	0	0	0	0	0	0	0	0	0	0	0	0	0	0	0	0
Salibaculum	0	0	0	0	0	0	0	0	0	0	0	0	0	0	0	0	0	0	0	0	0	0	0	0	0	0	0	0	0	0	0	0	0	0	0	0	0	0	0	0	0	0	0	0	0	0	0	0	0	0	0	0	0	0	0	0	0	0	0	0	0	0	0	0	0	0	0	0	0	0	0	0	0	0	0	0	0	0	0	0	0
Salicibibacter	0	0	0	0	0	0	0	0	0	0	0	0	0	0	0	0	0	0	0	0	0	0	0	0	0	0	0	0	0	0	0	0	0	0	0	0	0	0	0	0	0	0	0	0	0	0	0	0	0	0	0	0	0	0	0	0	0	0	0	0	0	0	0	0	0	0	0	0	0	0	0	0	0	0	0	0	0	0	0	0	0
Salidesulfovibrio	0	0	0	0	0	0	0	0	0	0	0	0	0	0	0	0	0	0	0	0	0	0	0	0	0	0	0	0	0	0	0	0	0	0	0	0	0	0	0	0	0	0	0	0	0	0	0	0	0	0	0	0	0	0	0	0	0	0	0	0	0	0	0	0	0	0	0	0	0	0	0	0	0	0	0	0	0	0	0	0	0
Salimicrobium	0	0	0	0	0	0	0	0	0	0	0	0	0	0	0	0	0	0	0	0	0	0	0	0	0	0	0	0	0	0	0	0	0	0	0	0	0	0	0	0	0	0	0	0	0	0	0	0	0	0	0	0	0	0	0	0	0	0	0	0	0	0	0	0	0	0	0	0	0	0	0	0	0	0	0	0	0	0	0	0	0
Salinarimonas	0	0	0	0	0	0	0	0	0	0	0	0	0	0	0	0	0	0	0	0	0	0	0	0	0	0	0	0	0	0	0	0	0	0	0	0	0	0	0	0	0	0	0	0	0	0	0	0	0	0	0	0	0	0	0	0	0	0	0	0	0	0	0	0	0	0	0	0	0	0	0	0	0	0	0	0	0	0	0	0	0
Salinibacillus	0	0	0	0	0	0	0	0	0	0	0	0	0	0	0	0	0	0	0	0	0	0	0	0	0	0	0	0	0	0	0	0	0	0	0	0	0	0	0	0	0	0	0	0	0	0	0	0	0	0	0	0	0	0	0	0	0	0	0	0	0	0	0	0	0	0	0	0	0	0	0	0	0	0	0	0	0	0	0	0	0
Salinibacter	0	0	0	0	0	0	0	0	0	0	0	0	0	0	0	0	0	0	0	0	0	0	0	0	0	0	0	0	0	0	0	0	0	0	0	0	0	0	0	0	0	0	0	0	0	0	0	0	0	0	0	0	0	0	0	0	0	0	0	0	0	0	0	0	0	0	0	0	0	0	0	0	0	0	0	0	0	0	0	0	0
Salinibacterium	0	0	0	0	0	0	0	0	0	0	0	0	0	0	0	0	0	0	0	0	0	0	0	0	0	0	0	0	0	0	0	0	0	0	0	0	0	0	0	0	0	0	0	0	0	0	0	0	0	0	0	0	0	0	0	0	0	0	0	0	0	0	0	0	0	0	0	0	0	0	0	0	0	0	0	0	0	0	0	0	0
Salinicoccus	0	0	0	0	0	0	0	0	0	0	0	0	0	0	0	0	0	0	0	0	0	0	0	0	0	0	0	0	0	0	0	0	0	0	0	0	0	0	0	0	0	0	0	0	0	0	0	0	0	0	0	0	0	0	0	0	0	0	0	0	0	0	0	0	0	0	0	0	0	0	0	0	0	0	0	0	0	0	0	0	0
Salinicola	0	0	0	0	0	0	0	0	0	0	0	0	0	0	0	0	0	0	0	0	0	0	0	0	0	0	0	0	0	0	0	0	0	0	0	0	0	0	0	0	0	0	0	0	0	0	0	0	0	0	0	0	0	0	0	0	0	0	0	0	0	0	0	0	0	0	0	0	0	0	0	0	0	0	0	0	0	0	0	0	0
Salinilacustrithrix	0	0	0	0	0	0	0	0	0	0	0	0	0	0	0	0	0	0	0	0	0	0	0	0	0	0	0	0	0	0	0	0	0	0	0	0	0	0	0	0	0	0	0	0	0	0	0	0	0	0	0	0	0	0	0	0	0	0	0	0	0	0	0	0	0	0	0	0	0	0	0	0	0	0	0	0	0	0	0	0	0
Salinimicrobium	0	0	0	0	0	0	0	0	0	0	0	0	0	0	0	0	0	0	0	0	0	0	0	0	0	0	0	0	0	0	0	0	0	0	0	0	0	0	0	0	0	0	0	0	0	0	0	0	0	0	0	0	0	0	0	0	0	0	0	0	0	0	0	0	0	0	0	0	0	0	0	0	0	0	0	0	0	0	0	0	0
Salinimonas	0	0	0	0	0	0	0	0	0	0	0	0	0	0	0	0	0	0	0	0	0	0	0	0	0	0	0	0	0	0	0	0	0	0	0	0	0	0	0	0	0	0	0	0	0	0	0	0	0	0	0	0	0	0	0	0	0	0	0	0	0	0	0	0	0	0	0	0	0	0	0	0	0	0	0	0	0	0	0	0	0
Saliniradius	0	0	0	0	0	0	0	0	0	0	0	0	0	0	0	0	0	0	0	0	0	0	0	0	0	0	0	0	0	0	0	0	0	0	0	0	0	0	0	0	0	0	0	0	0	0	0	0	0	0	0	0	0	0	0	0	0	0	0	0	0	0	0	0	0	0	0	0	0	0	0	0	0	0	0	0	0	0	0	0	0
Saliniramus	0	0	0	0	0	0	0	0	0	0	0	0	0	0	0	0	0	0	0	0	0	0	0	0	0	0	0	0	0	0	0	0	0	0	0	0	0	0	0	0	0	0	0	0	0	0	0	0	0	0	0	0	0	0	0	0	0	0	0	0	0	0	0	0	0	0	0	0	0	0	0	0	0	0	0	0	0	0	0	0	0
Salinisphaera	0	0	0	0	0	0	0	0	0	0	0	0	0	0	0	0	0	0	0	0	0	0	0	0	0	0	0	0	0	0	0	0	0	0	0	0	0	0	0	0	0	0	0	0	0	0	0	0	0	0	0	0	0	0	0	0	0	0	0	0	0	0	0	0	0	0	0	0	0	0	0	0	0	0	0	0	0	0	0	0	0
Salinispira	0	0	0	0	0	0	0	0	0	0	0	0	0	0	0	0	0	0	0	0	0	0	0	0	0	0	0	0	0	0	0	0	0	0	0	0	0	0	0	0	0	0	0	0	0	0	0	0	0	0	0	0	0	0	0	0	0	0	0	0	0	0	0	0	0	0	0	0	0	0	0	0	0	0	0	0	0	0	0	0	0
Salinispirillum	0	0	0	0	0	0	0	0	0	0	0	0	0	0	0	0	0	0	0	0	0	0	0	0	0	0	0	0	0	0	0	0	0	0	0	0	0	0	0	0	0	0	0	0	0	0	0	0	0	0	0	0	0	0	0	0	0	0	0	0	0	0	0	0	0	0	0	0	0	0	0	0	0	0	0	0	0	0	0	0	0
Salinispora	0.01179588871006239	5.849580800567471e-05	6.565126050420168e-05	0.0001064447455002	0.0001182838999663	5.781141915073032e-05	4.843705408455277e-05	0.0002869709162528	0.0002655754323292	8.082195932634897e-05	9.369875849144998e-05	7.968603701416419e-05	0.0002133385932629	0.0001404603979711	0.0004086658965584	0.0002026534754082	0.0002261537800473	0.0001463185244326	0.0001411215312969	0.0001213920621356	9.457841559190175e-05	0.000194182419326	1.552996933896838e-05	0.0002596898739721	8.536975776331235e-05	9.999228320423098e-05	0.0001206240606401	2.610603055376961e-05	0.0004077994756218	6.950436606084853e-05	0.0003207255032072	0.0001553937158781	6.720013914381751e-05	5.669209712166125e-05	0.0001190736073349	0.0001861797350519	0.0001556686747925	5.954637453962104e-05	0.0001287634140219	0.000319255295017	3.722611022353429e-06	9.483286252995546e-05	0.0001138689076067	4.752282521294978e-05	7.897759908098794e-05	7.156481983556606e-05	0.0001410903546843	0.0003113018204117	0.0004263824117255	7.513593342622361e-05	0.0002865366317322	1.402963686513211e-05	0.0002722647623555	0.0001309999175185	0.0003093661609668	2.801394071129588e-05	0.0001818248429725	8.263261226790957e-05	0.0001178735206873	0.0001655587764894	0.0001541707958639	8.569603357207036e-05	9.4315154087383e-06	0.0001784622525193	1.98112242472095e-05	9.888515948946566e-05	0.0002902470750484	0.0001435767045491	0.0003575481138095	9.655354656421828e-05	8.075418969068423e-05	6.863791605819549e-05	0.0002026890074994	0.00014771842183	9.688589652586251e-05	0.0005901195929424	1.727279379043063e-05	5.525430448298893e-05	0.0001028858612156	0.000135169153655	0.0001067614432769
Salinivibrio	0	0	0	0	0	0	0	0	0	0	0	0	0	0	0	0	0	0	0	0	0	0	0	0	0	0	0	0	0	0	0	0	0	0	0	0	0	0	0	0	0	0	0	0	0	0	0	0	0	0	0	0	0	0	0	0	0	0	0	0	0	0	0	0	0	0	0	0	0	0	0	0	0	0	0	0	0	0	0	0	0
Salinivirga	0	0	0	0	0	0	0	0	0	0	0	0	0	0	0	0	0	0	0	0	0	0	0	0	0	0	0	0	0	0	0	0	0	0	0	0	0	0	0	0	0	0	0	0	0	0	0	0	0	0	0	0	0	0	0	0	0	0	0	0	0	0	0	0	0	0	0	0	0	0	0	0	0	0	0	0	0	0	0	0	0
Salipaludibacillus	0	0	0	0	0	0	0	0	0	0	0	0	0	0	0	0	0	0	0	0	0	0	0	0	0	0	0	0	0	0	0	0	0	0	0	0	0	0	0	0	0	0	0	0	0	0	0	0	0	0	0	0	0	0	0	0	0	0	0	0	0	0	0	0	0	0	0	0	0	0	0	0	0	0	0	0	0	0	0	0	0
Salipiger	0	0	0	0	0	0	0	0	0	0	0	0	0	0	0	0	0	0	0	0	0	0	0	0	0	0	0	0	0	0	0	0	0	0	0	0	0	0	0	0	0	0	0	0	0	0	0	0	0	0	0	0	0	0	0	0	0	0	0	0	0	0	0	0	0	0	0	0	0	0	0	0	0	0	0	0	0	0	0	0	0
Salirhabdus	0	0	0	0	0	0	0	0	0	0	0	0	0	0	0	0	0	0	0	0	0	0	0	0	0	0	0	0	0	0	0	0	0	0	0	0	0	0	0	0	0	0	0	0	0	0	0	0	0	0	0	0	0	0	0	0	0	0	0	0	0	0	0	0	0	0	0	0	0	0	0	0	0	0	0	0	0	0	0	0	0
Salisaeta	0	0	0	0	0	0	0	0	0	0	0	0	0	0	0	0	0	0	0	0	0	0	0	0	0	0	0	0	0	0	0	0	0	0	0	0	0	0	0	0	0	0	0	0	0	0	0	0	0	0	0	0	0	0	0	0	0	0	0	0	0	0	0	0	0	0	0	0	0	0	0	0	0	0	0	0	0	0	0	0	0
Salisediminibacterium	0	0	0	0	0	0	0	0	0	0	0	0	0	0	0	0	0	0	0	0	0	0	0	0	0	0	0	0	0	0	0	0	0	0	0	0	0	0	0	0	0	0	0	0	0	0	0	0	0	0	0	0	0	0	0	0	0	0	0	0	0	0	0	0	0	0	0	0	0	0	0	0	0	0	0	0	0	0	0	0	0
Salmonella	0.01591863007556786	0.0001576308089416	0.0001043686705451	0.0004161021869556	0.0001236000303019	0.0001903789837549	0.0001335291761249	0.0002612945711144	0.0002526205331912	0.0001818494084842	0.00021863043648	0.00022986356831	7.578451244864431e-05	0.00019248276759	0.0002646598187235	0.0001759625298666	0.0002374614690497	0.0001327861753521	0.0001507434538853	0.000234762622368	0.0001362646366821	0.0001401851690321	8.008592031664085e-05	0.0002002427943881	0.000451474680479	0.0001331418988317	0.0001531925570129	6.435440089999022e-05	0.0002259276873251	0.0001322278183596	0.000243309002433	0.0002806504686768	0.0001403297023297	0.0001430800546403	9.818350078494576e-05	0.0003723594701038	0.000113832718442	0.000100816139072	0.0001791490977696	0.0002026851050601	0.0001157200226377	0.0001269888331579	0.0001626698680096	9.124382440886356e-05	0.000136415852958	0.0003468141268954	0.0002232175760677	0.0002033629982588	0.0002220741727737	0.0001794913965182	0.0001067101938864	3.713727405476147e-05	0.00025802869635	0.0002316757800559	0.0002149492157366	0.0001598012617966	0.0001818248429725	0.0001066902082446	0.0001660479160986	0.0001603525256564	0.0001674941979756	0.0001168582275982	0.0010138879064393	0.0002442829312051	7.240101952162017e-05	0.0002592533196977	0.0002190207989629	0.0001396609762432	0.000263195139332	0.0002718744600624	0.0002377258168422	0.0002544336543536	0.0002297142084994	0.0002148631590255	0.0003197736584817	0.0003464349139744	0.0001389020500647	0.0001022204632935	0.0001482253932768	0.0001773320089236	0.0002238546391291
Salsuginibacillus	0	0	0	0	0	0	0	0	0	0	0	0	0	0	0	0	0	0	0	0	0	0	0	0	0	0	0	0	0	0	0	0	0	0	0	0	0	0	0	0	0	0	0	0	0	0	0	0	0	0	0	0	0	0	0	0	0	0	0	0	0	0	0	0	0	0	0	0	0	0	0	0	0	0	0	0	0	0	0	0	0
Saltatorellus	0	0	0	0	0	0	0	0	0	0	0	0	0	0	0	0	0	0	0	0	0	0	0	0	0	0	0	0	0	0	0	0	0	0	0	0	0	0	0	0	0	0	0	0	0	0	0	0	0	0	0	0	0	0	0	0	0	0	0	0	0	0	0	0	0	0	0	0	0	0	0	0	0	0	0	0	0	0	0	0	0
Sandaracinobacter	0	0	0	0	0	0	0	0	0	0	0	0	0	0	0	0	0	0	0	0	0	0	0	0	0	0	0	0	0	0	0	0	0	0	0	0	0	0	0	0	0	0	0	0	0	0	0	0	0	0	0	0	0	0	0	0	0	0	0	0	0	0	0	0	0	0	0	0	0	0	0	0	0	0	0	0	0	0	0	0	0
Sandaracinobacteroides	0	0	0	0	0	0	0	0	0	0	0	0	0	0	0	0	0	0	0	0	0	0	0	0	0	0	0	0	0	0	0	0	0	0	0	0	0	0	0	0	0	0	0	0	0	0	0	0	0	0	0	0	0	0	0	0	0	0	0	0	0	0	0	0	0	0	0	0	0	0	0	0	0	0	0	0	0	0	0	0	0
Sandaracinus	0	0	0	0	0	0	0	0	0	0	0	0	0	0	0	0	0	0	0	0	0	0	0	0	0	0	0	0	0	0	0	0	0	0	0	0	0	0	0	0	0	0	0	0	0	0	0	0	0	0	0	0	0	0	0	0	0	0	0	0	0	0	0	0	0	0	0	0	0	0	0	0	0	0	0	0	0	0	0	0	0
Sandarakinorhabdus	0	0	0	0	0	0	0	0	0	0	0	0	0	0	0	0	0	0	0	0	0	0	0	0	0	0	0	0	0	0	0	0	0	0	0	0	0	0	0	0	0	0	0	0	0	0	0	0	0	0	0	0	0	0	0	0	0	0	0	0	0	0	0	0	0	0	0	0	0	0	0	0	0	0	0	0	0	0	0	0	0
Sanguibacter	0	0	0	0	0	0	0	0	0	0	0	0	0	0	0	0	0	0	0	0	0	0	0	0	0	0	0	0	0	0	0	0	0	0	0	0	0	0	0	0	0	0	0	0	0	0	0	0	0	0	0	0	0	0	0	0	0	0	0	0	0	0	0	0	0	0	0	0	0	0	0	0	0	0	0	0	0	0	0	0	0
Sanguibacteroides	0	0	0	0	0	0	0	0	0	0	0	0	0	0	0	0	0	0	0	0	0	0	0	0	0	0	0	0	0	0	0	0	0	0	0	0	0	0	0	0	0	0	0	0	0	0	0	0	0	0	0	0	0	0	0	0	0	0	0	0	0	0	0	0	0	0	0	0	0	0	0	0	0	0	0	0	0	0	0	0	0
Sanyastnella	0	0	0	0	0	0	0	0	0	0	0	0	0	0	0	0	0	0	0	0	0	0	0	0	0	0	0	0	0	0	0	0	0	0	0	0	0	0	0	0	0	0	0	0	0	0	0	0	0	0	0	0	0	0	0	0	0	0	0	0	0	0	0	0	0	0	0	0	0	0	0	0	0	0	0	0	0	0	0	0	0
Saprospira	0	0	0	0	0	0	0	0	0	0	0	0	0	0	0	0	0	0	0	0	0	0	0	0	0	0	0	0	0	0	0	0	0	0	0	0	0	0	0	0	0	0	0	0	0	0	0	0	0	0	0	0	0	0	0	0	0	0	0	0	0	0	0	0	0	0	0	0	0	0	0	0	0	0	0	0	0	0	0	0	0
Sarcina	0	0	0	0	0	0	0	0	0	0	0	0	0	0	0	0	0	0	0	0	0	0	0	0	0	0	0	0	0	0	0	0	0	0	0	0	0	0	0	0	0	0	0	0	0	0	0	0	0	0	0	0	0	0	0	0	0	0	0	0	0	0	0	0	0	0	0	0	0	0	0	0	0	0	0	0	0	0	0	0	0
Savagea	0	0	0	0	0	0	0	0	0	0	0	0	0	0	0	0	0	0	0	0	0	0	0	0	0	0	0	0	0	0	0	0	0	0	0	0	0	0	0	0	0	0	0	0	0	0	0	0	0	0	0	0	0	0	0	0	0	0	0	0	0	0	0	0	0	0	0	0	0	0	0	0	0	0	0	0	0	0	0	0	0
Saxibacter	0	0	0	0	0	0	0	0	0	0	0	0	0	0	0	0	0	0	0	0	0	0	0	0	0	0	0	0	0	0	0	0	0	0	0	0	0	0	0	0	0	0	0	0	0	0	0	0	0	0	0	0	0	0	0	0	0	0	0	0	0	0	0	0	0	0	0	0	0	0	0	0	0	0	0	0	0	0	0	0	0
Scandinavium	0	0	0	0	0	0	0	0	0	0	0	0	0	0	0	0	0	0	0	0	0	0	0	0	0	0	0	0	0	0	0	0	0	0	0	0	0	0	0	0	0	0	0	0	0	0	0	0	0	0	0	0	0	0	0	0	0	0	0	0	0	0	0	0	0	0	0	0	0	0	0	0	0	0	0	0	0	0	0	0	0
Scardovia	0	0	0	0	0	0	0	0	0	0	0	0	0	0	0	0	0	0	0	0	0	0	0	0	0	0	0	0	0	0	0	0	0	0	0	0	0	0	0	0	0	0	0	0	0	0	0	0	0	0	0	0	0	0	0	0	0	0	0	0	0	0	0	0	0	0	0	0	0	0	0	0	0	0	0	0	0	0	0	0	0
Schaalia	0	0	0	0	0	0	0	0	0	0	0	0	0	0	0	0	0	0	0	0	0	0	0	0	0	0	0	0	0	0	0	0	0	0	0	0	0	0	0	0	0	0	0	0	0	0	0	0	0	0	0	0	0	0	0	0	0	0	0	0	0	0	0	0	0	0	0	0	0	0	0	0	0	0	0	0	0	0	0	0	0
Schaedlerella	0	0	0	0	0	0	0	0	0	0	0	0	0	0	0	0	0	0	0	0	0	0	0	0	0	0	0	0	0	0	0	0	0	0	0	0	0	0	0	0	0	0	0	0	0	0	0	0	0	0	0	0	0	0	0	0	0	0	0	0	0	0	0	0	0	0	0	0	0	0	0	0	0	0	0	0	0	0	0	0	0
Schleiferia	0	0	0	0	0	0	0	0	0	0	0	0	0	0	0	0	0	0	0	0	0	0	0	0	0	0	0	0	0	0	0	0	0	0	0	0	0	0	0	0	0	0	0	0	0	0	0	0	0	0	0	0	0	0	0	0	0	0	0	0	0	0	0	0	0	0	0	0	0	0	0	0	0	0	0	0	0	0	0	0	0
Schleiferilactobacillus	0	0	0	0	0	0	0	0	0	0	0	0	0	0	0	0	0	0	0	0	0	0	0	0	0	0	0	0	0	0	0	0	0	0	0	0	0	0	0	0	0	0	0	0	0	0	0	0	0	0	0	0	0	0	0	0	0	0	0	0	0	0	0	0	0	0	0	0	0	0	0	0	0	0	0	0	0	0	0	0	0
Schlesneria	0	0	0	0	0	0	0	0	0	0	0	0	0	0	0	0	0	0	0	0	0	0	0	0	0	0	0	0	0	0	0	0	0	0	0	0	0	0	0	0	0	0	0	0	0	0	0	0	0	0	0	0	0	0	0	0	0	0	0	0	0	0	0	0	0	0	0	0	0	0	0	0	0	0	0	0	0	0	0	0	0
Schnuerera	0	0	0	0	0	0	0	0	0	0	0	0	0	0	0	0	0	0	0	0	0	0	0	0	0	0	0	0	0	0	0	0	0	0	0	0	0	0	0	0	0	0	0	0	0	0	0	0	0	0	0	0	0	0	0	0	0	0	0	0	0	0	0	0	0	0	0	0	0	0	0	0	0	0	0	0	0	0	0	0	0
Schumannella	0	0	0	0	0	0	0	0	0	0	0	0	0	0	0	0	0	0	0	0	0	0	0	0	0	0	0	0	0	0	0	0	0	0	0	0	0	0	0	0	0	0	0	0	0	0	0	0	0	0	0	0	0	0	0	0	0	0	0	0	0	0	0	0	0	0	0	0	0	0	0	0	0	0	0	0	0	0	0	0	0
Schwartzia	0	0	0	0	0	0	0	0	0	0	0	0	0	0	0	0	0	0	0	0	0	0	0	0	0	0	0	0	0	0	0	0	0	0	0	0	0	0	0	0	0	0	0	0	0	0	0	0	0	0	0	0	0	0	0	0	0	0	0	0	0	0	0	0	0	0	0	0	0	0	0	0	0	0	0	0	0	0	0	0	0
Sciscionella	0	0	0	0	0	0	0	0	0	0	0	0	0	0	0	0	0	0	0	0	0	0	0	0	0	0	0	0	0	0	0	0	0	0	0	0	0	0	0	0	0	0	0	0	0	0	0	0	0	0	0	0	0	0	0	0	0	0	0	0	0	0	0	0	0	0	0	0	0	0	0	0	0	0	0	0	0	0	0	0	0
Scopulibacillus	0	0	0	0	0	0	0	0	0	0	0	0	0	0	0	0	0	0	0	0	0	0	0	0	0	0	0	0	0	0	0	0	0	0	0	0	0	0	0	0	0	0	0	0	0	0	0	0	0	0	0	0	0	0	0	0	0	0	0	0	0	0	0	0	0	0	0	0	0	0	0	0	0	0	0	0	0	0	0	0	0
Scrofimicrobium	0	0	0	0	0	0	0	0	0	0	0	0	0	0	0	0	0	0	0	0	0	0	0	0	0	0	0	0	0	0	0	0	0	0	0	0	0	0	0	0	0	0	0	0	0	0	0	0	0	0	0	0	0	0	0	0	0	0	0	0	0	0	0	0	0	0	0	0	0	0	0	0	0	0	0	0	0	0	0	0	0
Scytonema	0	0	0	0	0	0	0	0	0	0	0	0	0	0	0	0	0	0	0	0	0	0	0	0	0	0	0	0	0	0	0	0	0	0	0	0	0	0	0	0	0	0	0	0	0	0	0	0	0	0	0	0	0	0	0	0	0	0	0	0	0	0	0	0	0	0	0	0	0	0	0	0	0	0	0	0	0	0	0	0	0
Sebaldella	0	0	0	0	0	0	0	0	0	0	0	0	0	0	0	0	0	0	0	0	0	0	0	0	0	0	0	0	0	0	0	0	0	0	0	0	0	0	0	0	0	0	0	0	0	0	0	0	0	0	0	0	0	0	0	0	0	0	0	0	0	0	0	0	0	0	0	0	0	0	0	0	0	0	0	0	0	0	0	0	0
Secundilactobacillus	0	0	0	0	0	0	0	0	0	0	0	0	0	0	0	0	0	0	0	0	0	0	0	0	0	0	0	0	0	0	0	0	0	0	0	0	0	0	0	0	0	0	0	0	0	0	0	0	0	0	0	0	0	0	0	0	0	0	0	0	0	0	0	0	0	0	0	0	0	0	0	0	0	0	0	0	0	0	0	0	0
Sedimentibacter	0	0	0	0	0	0	0	0	0	0	0	0	0	0	0	0	0	0	0	0	0	0	0	0	0	0	0	0	0	0	0	0	0	0	0	0	0	0	0	0	0	0	0	0	0	0	0	0	0	0	0	0	0	0	0	0	0	0	0	0	0	0	0	0	0	0	0	0	0	0	0	0	0	0	0	0	0	0	0	0	0
Sedimenticola	0	0	0	0	0	0	0	0	0	0	0	0	0	0	0	0	0	0	0	0	0	0	0	0	0	0	0	0	0	0	0	0	0	0	0	0	0	0	0	0	0	0	0	0	0	0	0	0	0	0	0	0	0	0	0	0	0	0	0	0	0	0	0	0	0	0	0	0	0	0	0	0	0	0	0	0	0	0	0	0	0
Sedimentisphaera	0	0	0	0	0	0	0	0	0	0	0	0	0	0	0	0	0	0	0	0	0	0	0	0	0	0	0	0	0	0	0	0	0	0	0	0	0	0	0	0	0	0	0	0	0	0	0	0	0	0	0	0	0	0	0	0	0	0	0	0	0	0	0	0	0	0	0	0	0	0	0	0	0	0	0	0	0	0	0	0	0
Sedimentitalea	0	0	0	0	0	0	0	0	0	0	0	0	0	0	0	0	0	0	0	0	0	0	0	0	0	0	0	0	0	0	0	0	0	0	0	0	0	0	0	0	0	0	0	0	0	0	0	0	0	0	0	0	0	0	0	0	0	0	0	0	0	0	0	0	0	0	0	0	0	0	0	0	0	0	0	0	0	0	0	0	0
Sediminibacillus	0	0	0	0	0	0	0	0	0	0	0	0	0	0	0	0	0	0	0	0	0	0	0	0	0	0	0	0	0	0	0	0	0	0	0	0	0	0	0	0	0	0	0	0	0	0	0	0	0	0	0	0	0	0	0	0	0	0	0	0	0	0	0	0	0	0	0	0	0	0	0	0	0	0	0	0	0	0	0	0	0
Sediminibacter	0	0	0	0	0	0	0	0	0	0	0	0	0	0	0	0	0	0	0	0	0	0	0	0	0	0	0	0	0	0	0	0	0	0	0	0	0	0	0	0	0	0	0	0	0	0	0	0	0	0	0	0	0	0	0	0	0	0	0	0	0	0	0	0	0	0	0	0	0	0	0	0	0	0	0	0	0	0	0	0	0
Sediminibacterium	0	0	0	0	0	0	0	0	0	0	0	0	0	0	0	0	0	0	0	0	0	0	0	0	0	0	0	0	0	0	0	0	0	0	0	0	0	0	0	0	0	0	0	0	0	0	0	0	0	0	0	0	0	0	0	0	0	0	0	0	0	0	0	0	0	0	0	0	0	0	0	0	0	0	0	0	0	0	0	0	0
Sediminicoccus	0	0	0	0	0	0	0	0	0	0	0	0	0	0	0	0	0	0	0	0	0	0	0	0	0	0	0	0	0	0	0	0	0	0	0	0	0	0	0	0	0	0	0	0	0	0	0	0	0	0	0	0	0	0	0	0	0	0	0	0	0	0	0	0	0	0	0	0	0	0	0	0	0	0	0	0	0	0	0	0	0
Sediminicola	0	0	0	0	0	0	0	0	0	0	0	0	0	0	0	0	0	0	0	0	0	0	0	0	0	0	0	0	0	0	0	0	0	0	0	0	0	0	0	0	0	0	0	0	0	0	0	0	0	0	0	0	0	0	0	0	0	0	0	0	0	0	0	0	0	0	0	0	0	0	0	0	0	0	0	0	0	0	0	0	0
Sediminicurvatus	0	0	0	0	0	0	0	0	0	0	0	0	0	0	0	0	0	0	0	0	0	0	0	0	0	0	0	0	0	0	0	0	0	0	0	0	0	0	0	0	0	0	0	0	0	0	0	0	0	0	0	0	0	0	0	0	0	0	0	0	0	0	0	0	0	0	0	0	0	0	0	0	0	0	0	0	0	0	0	0	0
Sediminimonas	0	0	0	0	0	0	0	0	0	0	0	0	0	0	0	0	0	0	0	0	0	0	0	0	0	0	0	0	0	0	0	0	0	0	0	0	0	0	0	0	0	0	0	0	0	0	0	0	0	0	0	0	0	0	0	0	0	0	0	0	0	0	0	0	0	0	0	0	0	0	0	0	0	0	0	0	0	0	0	0	0
Sediminispirochaeta	0	0	0	0	0	0	0	0	0	0	0	0	0	0	0	0	0	0	0	0	0	0	0	0	0	0	0	0	0	0	0	0	0	0	0	0	0	0	0	0	0	0	0	0	0	0	0	0	0	0	0	0	0	0	0	0	0	0	0	0	0	0	0	0	0	0	0	0	0	0	0	0	0	0	0	0	0	0	0	0	0
Segatella	0	0	0	0	0	0	0	0	0	0	0	0	0	0	0	0	0	0	0	0	0	0	0	0	0	0	0	0	0	0	0	0	0	0	0	0	0	0	0	0	0	0	0	0	0	0	0	0	0	0	0	0	0	0	0	0	0	0	0	0	0	0	0	0	0	0	0	0	0	0	0	0	0	0	0	0	0	0	0	0	0
Segetibacter	0	0	0	0	0	0	0	0	0	0	0	0	0	0	0	0	0	0	0	0	0	0	0	0	0	0	0	0	0	0	0	0	0	0	0	0	0	0	0	0	0	0	0	0	0	0	0	0	0	0	0	0	0	0	0	0	0	0	0	0	0	0	0	0	0	0	0	0	0	0	0	0	0	0	0	0	0	0	0	0	0
Segeticoccus	0	0	0	0	0	0	0	0	0	0	0	0	0	0	0	0	0	0	0	0	0	0	0	0	0	0	0	0	0	0	0	0	0	0	0	0	0	0	0	0	0	0	0	0	0	0	0	0	0	0	0	0	0	0	0	0	0	0	0	0	0	0	0	0	0	0	0	0	0	0	0	0	0	0	0	0	0	0	0	0	0
Segniliparus	0	0	0	0	0	0	0	0	0	0	0	0	0	0	0	0	0	0	0	0	0	0	0	0	0	0	0	0	0	0	0	0	0	0	0	0	0	0	0	0	0	0	0	0	0	0	0	0	0	0	0	0	0	0	0	0	0	0	0	0	0	0	0	0	0	0	0	0	0	0	0	0	0	0	0	0	0	0	0	0	0
Seleniivibrio	0	0	0	0	0	0	0	0	0	0	0	0	0	0	0	0	0	0	0	0	0	0	0	0	0	0	0	0	0	0	0	0	0	0	0	0	0	0	0	0	0	0	0	0	0	0	0	0	0	0	0	0	0	0	0	0	0	0	0	0	0	0	0	0	0	0	0	0	0	0	0	0	0	0	0	0	0	0	0	0	0
Selenobaculum	0	0	0	0	0	0	0	0	0	0	0	0	0	0	0	0	0	0	0	0	0	0	0	0	0	0	0	0	0	0	0	0	0	0	0	0	0	0	0	0	0	0	0	0	0	0	0	0	0	0	0	0	0	0	0	0	0	0	0	0	0	0	0	0	0	0	0	0	0	0	0	0	0	0	0	0	0	0	0	0	0
Selenomonas	0.1290848194188843	0.0005067584209333	0.0002474547511312	0.0012047609831623	0.0016054713613413	0.0003847449619341	0.0010001597113675	0.0043106052367661	0.0028371229112249	0.0007880141034318999	0.0006558913094401	0.0007754064370993	0.000384632354277	0.0005124203407465	0.0009815765629719001	0.002966649169269	0.0043285833501064	0.0005717417486501	0.0011097284051984	0.0005770133702393	0.0007866593334776	0.0009792193659061	5.755223931500046e-05	0.0023059209291265	0.0008898155520714	0.0021780927776225	0.0012315716591357	4.06768383047108e-05	0.0011612683128511	0.0004865305624259	0.0009842955098428999	0.0102117215834337	0.0005059775182593	0.0008868263764031001	0.0002036785388623	0.0023200859291084	0.0003016080574106	0.00068036154672	0.001905325300238	0.0051280381762121	0.0001154009416929	0.0006676451528689	0.0020463869395616	0.0013040263238433	0.0009276278001148	0.0007936355020226	0.0031397868482731	0.0023715254258499	0.0008083499888962	0.0003673312300837	0.0016836497257646	3.746738315747046e-05	0.016121454997126	0.0018497673538501	0.0023081929802005	0.0005656380028837	0.0010013935381621	0.0007144060022655	0.0010536867762309	0.0016462165133946	0.0012054506672486	0.0008309918406988	7.073636556553724e-05	0.0005034942637617	3.818163218553104e-05	0.0083145511305442	0.0013844607414121	0.0006735052686124	0.0015791708359921	0.0012069193320527	0.0007930242897714	0.0008496900643066	0.0012251424453302	0.0017659065882416	0.0009437589920653	0.0010844315343248	0.0001698491389392	0.0011983277284748	0.0015275934648296	0.0033234250623452	0.0018786570099219
Sellimonas	0	0	0	0	0	0	0	0	0	0	0	0	0	0	0	0	0	0	0	0	0	0	0	0	0	0	0	0	0	0	0	0	0	0	0	0	0	0	0	0	0	0	0	0	0	0	0	0	0	0	0	0	0	0	0	0	0	0	0	0	0	0	0	0	0	0	0	0	0	0	0	0	0	0	0	0	0	0	0	0	0
Senegalia	0	0	0	0	0	0	0	0	0	0	0	0	0	0	0	0	0	0	0	0	0	0	0	0	0	0	0	0	0	0	0	0	0	0	0	0	0	0	0	0	0	0	0	0	0	0	0	0	0	0	0	0	0	0	0	0	0	0	0	0	0	0	0	0	0	0	0	0	0	0	0	0	0	0	0	0	0	0	0	0	0
Senegalimassilia	0	0	0	0	0	0	0	0	0	0	0	0	0	0	0	0	0	0	0	0	0	0	0	0	0	0	0	0	0	0	0	0	0	0	0	0	0	0	0	0	0	0	0	0	0	0	0	0	0	0	0	0	0	0	0	0	0	0	0	0	0	0	0	0	0	0	0	0	0	0	0	0	0	0	0	0	0	0	0	0	0
Seohaeicola	0	0	0	0	0	0	0	0	0	0	0	0	0	0	0	0	0	0	0	0	0	0	0	0	0	0	0	0	0	0	0	0	0	0	0	0	0	0	0	0	0	0	0	0	0	0	0	0	0	0	0	0	0	0	0	0	0	0	0	0	0	0	0	0	0	0	0	0	0	0	0	0	0	0	0	0	0	0	0	0	0
Seonamhaeicola	0	0	0	0	0	0	0	0	0	0	0	0	0	0	0	0	0	0	0	0	0	0	0	0	0	0	0	0	0	0	0	0	0	0	0	0	0	0	0	0	0	0	0	0	0	0	0	0	0	0	0	0	0	0	0	0	0	0	0	0	0	0	0	0	0	0	0	0	0	0	0	0	0	0	0	0	0	0	0	0	0
Seongchinamella	0	0	0	0	0	0	0	0	0	0	0	0	0	0	0	0	0	0	0	0	0	0	0	0	0	0	0	0	0	0	0	0	0	0	0	0	0	0	0	0	0	0	0	0	0	0	0	0	0	0	0	0	0	0	0	0	0	0	0	0	0	0	0	0	0	0	0	0	0	0	0	0	0	0	0	0	0	0	0	0	0
Seramator	0	0	0	0	0	0	0	0	0	0	0	0	0	0	0	0	0	0	0	0	0	0	0	0	0	0	0	0	0	0	0	0	0	0	0	0	0	0	0	0	0	0	0	0	0	0	0	0	0	0	0	0	0	0	0	0	0	0	0	0	0	0	0	0	0	0	0	0	0	0	0	0	0	0	0	0	0	0	0	0	0
Serinibacter	0	0	0	0	0	0	0	0	0	0	0	0	0	0	0	0	0	0	0	0	0	0	0	0	0	0	0	0	0	0	0	0	0	0	0	0	0	0	0	0	0	0	0	0	0	0	0	0	0	0	0	0	0	0	0	0	0	0	0	0	0	0	0	0	0	0	0	0	0	0	0	0	0	0	0	0	0	0	0	0	0
Serinicoccus	0	0	0	0	0	0	0	0	0	0	0	0	0	0	0	0	0	0	0	0	0	0	0	0	0	0	0	0	0	0	0	0	0	0	0	0	0	0	0	0	0	0	0	0	0	0	0	0	0	0	0	0	0	0	0	0	0	0	0	0	0	0	0	0	0	0	0	0	0	0	0	0	0	0	0	0	0	0	0	0	0
Serpentinicella	0	0	0	0	0	0	0	0	0	0	0	0	0	0	0	0	0	0	0	0	0	0	0	0	0	0	0	0	0	0	0	0	0	0	0	0	0	0	0	0	0	0	0	0	0	0	0	0	0	0	0	0	0	0	0	0	0	0	0	0	0	0	0	0	0	0	0	0	0	0	0	0	0	0	0	0	0	0	0	0	0
Serpentinimonas	0	0	0	0	0	0	0	0	0	0	0	0	0	0	0	0	0	0	0	0	0	0	0	0	0	0	0	0	0	0	0	0	0	0	0	0	0	0	0	0	0	0	0	0	0	0	0	0	0	0	0	0	0	0	0	0	0	0	0	0	0	0	0	0	0	0	0	0	0	0	0	0	0	0	0	0	0	0	0	0	0
Serratia	0.5762790000441508	0.0056488478173058	0.0050080128205128	0.0067592413392684	0.0065601048340902	0.0050983691199307	0.008027459882337201	0.0101466874494024	0.009913736565364701	0.0076881888809189	0.0071211056453501	0.0058599885681185	0.0058016677783458	0.0064637794251528	0.0106673475170238	0.008844588509646799	0.0134267499214115	0.0056404522511062	0.0079701592107457	0.0074150763593504	0.0057818340413267	0.0062719883033648	0.0047290279183172	0.008707432762224099	0.0076143257020431	0.0079189540807176	0.0064835432594068	0.0027684534726788	0.0114342002555242	0.0054399880655917	0.0079960185799601	0.009740831535318101	0.0050097044906822	0.0056125176150444	0.0067443708996637	0.0089795918367346	0.0060647542769968	0.004697088771853	0.008702727265093	0.0080695976543137	0.011314503941341	0.005828405930433	0.0073819586102787	0.004077458403271	0.0056031016657093	0.0075794484187386	0.0068418292890941	0.009844333446486501	0.0105085498556517	0.0053596965844039	0.0051122087330437	0.0015614160558135	0.0095728646345868	0.008682383422203	0.0085839065312419	0.0046403265792128	0.0073340543004967	0.0047749098101646	0.0062442216350184	0.0061183859789417	0.0065360804073661	0.0054715619011015	0.0059182759189832	0.0060819664233111	0.0032335520012218	0.0069537273813006	0.008500856050805699	0.008627654700636001	0.0126656453371008	0.009647732008008799	0.005089328651405	0.0074436636552767	0.0102155259779744	0.0065063250342438	0.009103760277184	0.0100320330800216	0.0042730972638215	0.0042663229848927	0.0092039250084139	0.0078956146910268	0.0088198727816866
Sharpea	0	0	0	0	0	0	0	0	0	0	0	0	0	0	0	0	0	0	0	0	0	0	0	0	0	0	0	0	0	0	0	0	0	0	0	0	0	0	0	0	0	0	0	0	0	0	0	0	0	0	0	0	0	0	0	0	0	0	0	0	0	0	0	0	0	0	0	0	0	0	0	0	0	0	0	0	0	0	0	0	0
Sheuella	0	0	0	0	0	0	0	0	0	0	0	0	0	0	0	0	0	0	0	0	0	0	0	0	0	0	0	0	0	0	0	0	0	0	0	0	0	0	0	0	0	0	0	0	0	0	0	0	0	0	0	0	0	0	0	0	0	0	0	0	0	0	0	0	0	0	0	0	0	0	0	0	0	0	0	0	0	0	0	0	0
Shewanella	0.4844768706592155	0.0020775248022225	0.0017389167205343	0.0018482678536868	0.002469342540871	0.0021290550225165	0.0032976470064591	0.0039405637921243	0.0018703635630506	0.0016871584009375	0.0017334270320918	0.0016611473869875	0.0010594259582718	0.0019768500455195	0.0018238175154981	0.0021273672150173	0.0018408917695854	0.0030642312949104	0.0015908245346196	0.0021171417356604	0.0019283239046273	0.0023436883444858	0.0142866582642427	0.0018428594671038	0.0028566034328492	0.001829750095373	0.0016079187283329	0.0015074714852327	0.0012866581793165	0.0026208231690261	0.0031961955319619	0.0034139528488377	0.0021056043598396	0.0018060482368757	0.0013599459364042	0.0027926960257787	0.0014744742290508	0.0024661632148439	0.0027824094247354	0.0030129718467238	0.000254520233614	0.0021250191437028	0.0019650520055568	0.0020529860491994	0.0019773118897185	0.0053783714599498	0.0027207274365988	0.0020868172282874	0.008012436153675299	0.0023217003428703	0.0016214021126642	0.0013002997555707	0.0032565000987627	0.0070424585288224	0.0022700244278734	0.0010747609253759	0.0021941102319895	0.0013388575152268	0.0017670778231733	0.001895075303212	0.0026837138539272	0.0025163471676162	0.0280964844026313	0.0534368912011323	0.0102009794669267	0.0027744204074375	0.0023932028764731	0.0018142874483939	0.0033271838368388	0.0029448831702086	0.00165409986299	0.0024626810916742	0.0029592595094926	0.0055797276609459	0.0045134771796063	0.002208435794294	0.1928600987667945	0.0020637482724396	0.002042022770908	0.002912957265466	0.0058012790709688
Shigella	0.01111676506926794	6.588475217481257e-05	4.376750700280112e-05	0.0004451325720921	0.0001036645415435	6.080166496887154e-05	6.676458806249166e-05	0.0001011950073102	0.0001781298631476	0.0001717466635684	4.684937924572499e-05	0.0002789011295495	4.515926426734285e-05	4.421901417609572e-05	7.239224453321791e-05	0.0001107179963206	0.0007598767009591	0.0001260200008119	0.0001347069162379	0.0001058838251227	9.547489346481078e-05	7.268860616482453e-05	2.314269940709013e-05	0.0003253945408808	0.0004695336676982	8.53195025166536e-05	0.0001350989479169	1.760639269905393e-05	5.987083714115623e-05	4.577116789372952e-05	0.0001105950011059	0.0004831331893665	0.0002154357401963	0.0001187834415882	2.506812785998615e-05	0.0002577873254564	2.675555347997323e-05	6.603162325185699e-05	0.0001371610279799	0.0001102690986078	1.6911290072977e-05	7.030712222048422e-05	0.000152909675929	9.599610693015856e-05	9.908098793796668e-05	0.0002220344410282	0.0002169000974997	0.0001877196907005	2.664890073284477e-05	2.254078002786708e-05	2.568949112082262e-05	1.171887314616917e-05	0.0006174893629894	0.0002438054020484	0.0001366032399074	9.329860254283758e-05	0.0001329763776963	9.413841903939066e-05	7.584904809444642e-05	0.0001176612688258	8.311265126819755e-05	7.011493655896666e-05	0.0002593666737403	1.289271025805099e-05	1.18867345483257e-05	0.0001844490021565	6.143266312375299e-05	2.218912706668877e-05	0.0001191827046031	0.0001702391478895	0.0001288437633267	0.0001041402864331	7.20672026664865e-05	0.0001544328955496	0.0001546158348702	5.345789253713935e-05	9.236146679605268e-05	5.594498328902629e-05	0.0001429939088082	0.0001537704133323	0.0005062558761842
Shimazuella	0	0	0	0	0	0	0	0	0	0	0	0	0	0	0	0	0	0	0	0	0	0	0	0	0	0	0	0	0	0	0	0	0	0	0	0	0	0	0	0	0	0	0	0	0	0	0	0	0	0	0	0	0	0	0	0	0	0	0	0	0	0	0	0	0	0	0	0	0	0	0	0	0	0	0	0	0	0	0	0	0
Shimia	0	0	0	0	0	0	0	0	0	0	0	0	0	0	0	0	0	0	0	0	0	0	0	0	0	0	0	0	0	0	0	0	0	0	0	0	0	0	0	0	0	0	0	0	0	0	0	0	0	0	0	0	0	0	0	0	0	0	0	0	0	0	0	0	0	0	0	0	0	0	0	0	0	0	0	0	0	0	0	0	0
Shimwellia	0	0	0	0	0	0	0	0	0	0	0	0	0	0	0	0	0	0	0	0	0	0	0	0	0	0	0	0	0	0	0	0	0	0	0	0	0	0	0	0	0	0	0	0	0	0	0	0	0	0	0	0	0	0	0	0	0	0	0	0	0	0	0	0	0	0	0	0	0	0	0	0	0	0	0	0	0	0	0	0	0
Shinella	0	0	0	0	0	0	0	0	0	0	0	0	0	0	0	0	0	0	0	0	0	0	0	0	0	0	0	0	0	0	0	0	0	0	0	0	0	0	0	0	0	0	0	0	0	0	0	0	0	0	0	0	0	0	0	0	0	0	0	0	0	0	0	0	0	0	0	0	0	0	0	0	0	0	0	0	0	0	0	0	0
Shouchella	0	0	0	0	0	0	0	0	0	0	0	0	0	0	0	0	0	0	0	0	0	0	0	0	0	0	0	0	0	0	0	0	0	0	0	0	0	0	0	0	0	0	0	0	0	0	0	0	0	0	0	0	0	0	0	0	0	0	0	0	0	0	0	0	0	0	0	0	0	0	0	0	0	0	0	0	0	0	0	0	0
Shuttleworthella	0	0	0	0	0	0	0	0	0	0	0	0	0	0	0	0	0	0	0	0	0	0	0	0	0	0	0	0	0	0	0	0	0	0	0	0	0	0	0	0	0	0	0	0	0	0	0	0	0	0	0	0	0	0	0	0	0	0	0	0	0	0	0	0	0	0	0	0	0	0	0	0	0	0	0	0	0	0	0	0	0
Shuttleworthia	0	0	0	0	0	0	0	0	0	0	0	0	0	0	0	0	0	0	0	0	0	0	0	0	0	0	0	0	0	0	0	0	0	0	0	0	0	0	0	0	0	0	0	0	0	0	0	0	0	0	0	0	0	0	0	0	0	0	0	0	0	0	0	0	0	0	0	0	0	0	0	0	0	0	0	0	0	0	0	0	0
Siansivirga	0	0	0	0	0	0	0	0	0	0	0	0	0	0	0	0	0	0	0	0	0	0	0	0	0	0	0	0	0	0	0	0	0	0	0	0	0	0	0	0	0	0	0	0	0	0	0	0	0	0	0	0	0	0	0	0	0	0	0	0	0	0	0	0	0	0	0	0	0	0	0	0	0	0	0	0	0	0	0	0	0
Siccibacter	0	0	0	0	0	0	0	0	0	0	0	0	0	0	0	0	0	0	0	0	0	0	0	0	0	0	0	0	0	0	0	0	0	0	0	0	0	0	0	0	0	0	0	0	0	0	0	0	0	0	0	0	0	0	0	0	0	0	0	0	0	0	0	0	0	0	0	0	0	0	0	0	0	0	0	0	0	0	0	0	0
Siccirubricoccus	0	0	0	0	0	0	0	0	0	0	0	0	0	0	0	0	0	0	0	0	0	0	0	0	0	0	0	0	0	0	0	0	0	0	0	0	0	0	0	0	0	0	0	0	0	0	0	0	0	0	0	0	0	0	0	0	0	0	0	0	0	0	0	0	0	0	0	0	0	0	0	0	0	0	0	0	0	0	0	0	0
Sideroxyarcus	0	0	0	0	0	0	0	0	0	0	0	0	0	0	0	0	0	0	0	0	0	0	0	0	0	0	0	0	0	0	0	0	0	0	0	0	0	0	0	0	0	0	0	0	0	0	0	0	0	0	0	0	0	0	0	0	0	0	0	0	0	0	0	0	0	0	0	0	0	0	0	0	0	0	0	0	0	0	0	0	0
Sideroxydans	0	0	0	0	0	0	0	0	0	0	0	0	0	0	0	0	0	0	0	0	0	0	0	0	0	0	0	0	0	0	0	0	0	0	0	0	0	0	0	0	0	0	0	0	0	0	0	0	0	0	0	0	0	0	0	0	0	0	0	0	0	0	0	0	0	0	0	0	0	0	0	0	0	0	0	0	0	0	0	0	0
Silanimonas	0	0	0	0	0	0	0	0	0	0	0	0	0	0	0	0	0	0	0	0	0	0	0	0	0	0	0	0	0	0	0	0	0	0	0	0	0	0	0	0	0	0	0	0	0	0	0	0	0	0	0	0	0	0	0	0	0	0	0	0	0	0	0	0	0	0	0	0	0	0	0	0	0	0	0	0	0	0	0	0	0
Silicimonas	0	0	0	0	0	0	0	0	0	0	0	0	0	0	0	0	0	0	0	0	0	0	0	0	0	0	0	0	0	0	0	0	0	0	0	0	0	0	0	0	0	0	0	0	0	0	0	0	0	0	0	0	0	0	0	0	0	0	0	0	0	0	0	0	0	0	0	0	0	0	0	0	0	0	0	0	0	0	0	0	0
Silvania	0	0	0	0	0	0	0	0	0	0	0	0	0	0	0	0	0	0	0	0	0	0	0	0	0	0	0	0	0	0	0	0	0	0	0	0	0	0	0	0	0	0	0	0	0	0	0	0	0	0	0	0	0	0	0	0	0	0	0	0	0	0	0	0	0	0	0	0	0	0	0	0	0	0	0	0	0	0	0	0	0
Silvanigrella	0	0	0	0	0	0	0	0	0	0	0	0	0	0	0	0	0	0	0	0	0	0	0	0	0	0	0	0	0	0	0	0	0	0	0	0	0	0	0	0	0	0	0	0	0	0	0	0	0	0	0	0	0	0	0	0	0	0	0	0	0	0	0	0	0	0	0	0	0	0	0	0	0	0	0	0	0	0	0	0	0
Silvibacterium	0	0	0	0	0	0	0	0	0	0	0	0	0	0	0	0	0	0	0	0	0	0	0	0	0	0	0	0	0	0	0	0	0	0	0	0	0	0	0	0	0	0	0	0	0	0	0	0	0	0	0	0	0	0	0	0	0	0	0	0	0	0	0	0	0	0	0	0	0	0	0	0	0	0	0	0	0	0	0	0	0
Silvimonas	0	0	0	0	0	0	0	0	0	0	0	0	0	0	0	0	0	0	0	0	0	0	0	0	0	0	0	0	0	0	0	0	0	0	0	0	0	0	0	0	0	0	0	0	0	0	0	0	0	0	0	0	0	0	0	0	0	0	0	0	0	0	0	0	0	0	0	0	0	0	0	0	0	0	0	0	0	0	0	0	0
Simiaoa	0	0	0	0	0	0	0	0	0	0	0	0	0	0	0	0	0	0	0	0	0	0	0	0	0	0	0	0	0	0	0	0	0	0	0	0	0	0	0	0	0	0	0	0	0	0	0	0	0	0	0	0	0	0	0	0	0	0	0	0	0	0	0	0	0	0	0	0	0	0	0	0	0	0	0	0	0	0	0	0	0
Simiduia	0	0	0	0	0	0	0	0	0	0	0	0	0	0	0	0	0	0	0	0	0	0	0	0	0	0	0	0	0	0	0	0	0	0	0	0	0	0	0	0	0	0	0	0	0	0	0	0	0	0	0	0	0	0	0	0	0	0	0	0	0	0	0	0	0	0	0	0	0	0	0	0	0	0	0	0	0	0	0	0	0
Siminovitchia	0	0	0	0	0	0	0	0	0	0	0	0	0	0	0	0	0	0	0	0	0	0	0	0	0	0	0	0	0	0	0	0	0	0	0	0	0	0	0	0	0	0	0	0	0	0	0	0	0	0	0	0	0	0	0	0	0	0	0	0	0	0	0	0	0	0	0	0	0	0	0	0	0	0	0	0	0	0	0	0	0
Simkania	0	0	0	0	0	0	0	0	0	0	0	0	0	0	0	0	0	0	0	0	0	0	0	0	0	0	0	0	0	0	0	0	0	0	0	0	0	0	0	0	0	0	0	0	0	0	0	0	0	0	0	0	0	0	0	0	0	0	0	0	0	0	0	0	0	0	0	0	0	0	0	0	0	0	0	0	0	0	0	0	0
Simonsiella	0	0	0	0	0	0	0	0	0	0	0	0	0	0	0	0	0	0	0	0	0	0	0	0	0	0	0	0	0	0	0	0	0	0	0	0	0	0	0	0	0	0	0	0	0	0	0	0	0	0	0	0	0	0	0	0	0	0	0	0	0	0	0	0	0	0	0	0	0	0	0	0	0	0	0	0	0	0	0	0	0
Simplicispira	0	0	0	0	0	0	0	0	0	0	0	0	0	0	0	0	0	0	0	0	0	0	0	0	0	0	0	0	0	0	0	0	0	0	0	0	0	0	0	0	0	0	0	0	0	0	0	0	0	0	0	0	0	0	0	0	0	0	0	0	0	0	0	0	0	0	0	0	0	0	0	0	0	0	0	0	0	0	0	0	0
Sinanaerobacter	0	0	0	0	0	0	0	0	0	0	0	0	0	0	0	0	0	0	0	0	0	0	0	0	0	0	0	0	0	0	0	0	0	0	0	0	0	0	0	0	0	0	0	0	0	0	0	0	0	0	0	0	0	0	0	0	0	0	0	0	0	0	0	0	0	0	0	0	0	0	0	0	0	0	0	0	0	0	0	0	0
Singulisphaera	0	0	0	0	0	0	0	0	0	0	0	0	0	0	0	0	0	0	0	0	0	0	0	0	0	0	0	0	0	0	0	0	0	0	0	0	0	0	0	0	0	0	0	0	0	0	0	0	0	0	0	0	0	0	0	0	0	0	0	0	0	0	0	0	0	0	0	0	0	0	0	0	0	0	0	0	0	0	0	0	0
Sinimarinibacterium	0	0	0	0	0	0	0	0	0	0	0	0	0	0	0	0	0	0	0	0	0	0	0	0	0	0	0	0	0	0	0	0	0	0	0	0	0	0	0	0	0	0	0	0	0	0	0	0	0	0	0	0	0	0	0	0	0	0	0	0	0	0	0	0	0	0	0	0	0	0	0	0	0	0	0	0	0	0	0	0	0
Sinisalibacter	0	0	0	0	0	0	0	0	0	0	0	0	0	0	0	0	0	0	0	0	0	0	0	0	0	0	0	0	0	0	0	0	0	0	0	0	0	0	0	0	0	0	0	0	0	0	0	0	0	0	0	0	0	0	0	0	0	0	0	0	0	0	0	0	0	0	0	0	0	0	0	0	0	0	0	0	0	0	0	0	0
Sinobaca	0	0	0	0	0	0	0	0	0	0	0	0	0	0	0	0	0	0	0	0	0	0	0	0	0	0	0	0	0	0	0	0	0	0	0	0	0	0	0	0	0	0	0	0	0	0	0	0	0	0	0	0	0	0	0	0	0	0	0	0	0	0	0	0	0	0	0	0	0	0	0	0	0	0	0	0	0	0	0	0	0
Sinobacterium	0	0	0	0	0	0	0	0	0	0	0	0	0	0	0	0	0	0	0	0	0	0	0	0	0	0	0	0	0	0	0	0	0	0	0	0	0	0	0	0	0	0	0	0	0	0	0	0	0	0	0	0	0	0	0	0	0	0	0	0	0	0	0	0	0	0	0	0	0	0	0	0	0	0	0	0	0	0	0	0	0
Sinomicrobium	0	0	0	0	0	0	0	0	0	0	0	0	0	0	0	0	0	0	0	0	0	0	0	0	0	0	0	0	0	0	0	0	0	0	0	0	0	0	0	0	0	0	0	0	0	0	0	0	0	0	0	0	0	0	0	0	0	0	0	0	0	0	0	0	0	0	0	0	0	0	0	0	0	0	0	0	0	0	0	0	0
Sinomonas	0	0	0	0	0	0	0	0	0	0	0	0	0	0	0	0	0	0	0	0	0	0	0	0	0	0	0	0	0	0	0	0	0	0	0	0	0	0	0	0	0	0	0	0	0	0	0	0	0	0	0	0	0	0	0	0	0	0	0	0	0	0	0	0	0	0	0	0	0	0	0	0	0	0	0	0	0	0	0	0	0
Sinorhizobium	0.03628344651457489	0.0002543028284878	0.0002979557207498	0.0003580414166827	0.0004013678403353	0.0002461969056936	0.0003429867073014	0.000693261318737	0.0007643390491426999	0.0003738015618843	0.0004997267119544	0.0003371332335214	0.0005865513634723	0.0005410326440369	0.0009395423564687	0.0004240894680494	0.0009272304981941	0.0003543783915449	0.0005195838197749	0.0003342292459681	0.0003025612821067	0.0003790191607165	0.0001157134970354	0.0011732976233683	0.0003398373049424	0.0004102944229304	0.0005705518068278	6.253304993112258e-05	0.0008427102737226	0.0004085500541625	0.0006635700066357	0.0003672942375301	0.0003775066640137	0.000299658227643	0.0002632153425298	0.0006444683136412	0.000402306231417	0.0002541038359066	0.000425479107203	0.0006920698665007999	1.946393763116221e-05	0.0005155855629502	0.0004522222330668	0.0002537718866371	0.0003058587018954	0.0001679020773065	0.0008465421281058	0.0006820482095452	0.000675105485232	0.0003013785774096	0.0005493598870452	5.727392932000991e-05	0.0005658836237194	0.000374805319567	0.0006207411931087	0.0001025553829517	0.0005169795908398	0.0003357603612404	0.0003976950089276	0.0005143775823004	0.0004682224170681	0.0003384560517846	4.244181933932234e-05	0.0004105310371642	8.536836630161185e-05	0.0002392713444641	0.0011645496139981	0.0004242038998043	0.0007001983895437	0.0004878494984297	0.0003928827431018	0.000720698118611	0.0007927392293313	0.000342438159697	0.0004392495308815	0.0007025894447738	8.34851699870814e-05	0.0003101147839107	0.0007062504032602	0.0005022340112872	0.0004838704122713
Sinosporangium	0	0	0	0	0	0	0	0	0	0	0	0	0	0	0	0	0	0	0	0	0	0	0	0	0	0	0	0	0	0	0	0	0	0	0	0	0	0	0	0	0	0	0	0	0	0	0	0	0	0	0	0	0	0	0	0	0	0	0	0	0	0	0	0	0	0	0	0	0	0	0	0	0	0	0	0	0	0	0	0	0
Siphonobacter	0	0	0	0	0	0	0	0	0	0	0	0	0	0	0	0	0	0	0	0	0	0	0	0	0	0	0	0	0	0	0	0	0	0	0	0	0	0	0	0	0	0	0	0	0	0	0	0	0	0	0	0	0	0	0	0	0	0	0	0	0	0	0	0	0	0	0	0	0	0	0	0	0	0	0	0	0	0	0	0	0
Skermanella	0	0	0	0	0	0	0	0	0	0	0	0	0	0	0	0	0	0	0	0	0	0	0	0	0	0	0	0	0	0	0	0	0	0	0	0	0	0	0	0	0	0	0	0	0	0	0	0	0	0	0	0	0	0	0	0	0	0	0	0	0	0	0	0	0	0	0	0	0	0	0	0	0	0	0	0	0	0	0	0	0
Skermania	0	0	0	0	0	0	0	0	0	0	0	0	0	0	0	0	0	0	0	0	0	0	0	0	0	0	0	0	0	0	0	0	0	0	0	0	0	0	0	0	0	0	0	0	0	0	0	0	0	0	0	0	0	0	0	0	0	0	0	0	0	0	0	0	0	0	0	0	0	0	0	0	0	0	0	0	0	0	0	0	0
Slackia	0	0	0	0	0	0	0	0	0	0	0	0	0	0	0	0	0	0	0	0	0	0	0	0	0	0	0	0	0	0	0	0	0	0	0	0	0	0	0	0	0	0	0	0	0	0	0	0	0	0	0	0	0	0	0	0	0	0	0	0	0	0	0	0	0	0	0	0	0	0	0	0	0	0	0	0	0	0	0	0	0
Smaragdicoccus	0	0	0	0	0	0	0	0	0	0	0	0	0	0	0	0	0	0	0	0	0	0	0	0	0	0	0	0	0	0	0	0	0	0	0	0	0	0	0	0	0	0	0	0	0	0	0	0	0	0	0	0	0	0	0	0	0	0	0	0	0	0	0	0	0	0	0	0	0	0	0	0	0	0	0	0	0	0	0	0	0
Smithella	0	0	0	0	0	0	0	0	0	0	0	0	0	0	0	0	0	0	0	0	0	0	0	0	0	0	0	0	0	0	0	0	0	0	0	0	0	0	0	0	0	0	0	0	0	0	0	0	0	0	0	0	0	0	0	0	0	0	0	0	0	0	0	0	0	0	0	0	0	0	0	0	0	0	0	0	0	0	0	0	0
Sneathia	0	0	0	0	0	0	0	0	0	0	0	0	0	0	0	0	0	0	0	0	0	0	0	0	0	0	0	0	0	0	0	0	0	0	0	0	0	0	0	0	0	0	0	0	0	0	0	0	0	0	0	0	0	0	0	0	0	0	0	0	0	0	0	0	0	0	0	0	0	0	0	0	0	0	0	0	0	0	0	0	0
Sneathiella	0	0	0	0	0	0	0	0	0	0	0	0	0	0	0	0	0	0	0	0	0	0	0	0	0	0	0	0	0	0	0	0	0	0	0	0	0	0	0	0	0	0	0	0	0	0	0	0	0	0	0	0	0	0	0	0	0	0	0	0	0	0	0	0	0	0	0	0	0	0	0	0	0	0	0	0	0	0	0	0	0
Snodgrassella	0	0	0	0	0	0	0	0	0	0	0	0	0	0	0	0	0	0	0	0	0	0	0	0	0	0	0	0	0	0	0	0	0	0	0	0	0	0	0	0	0	0	0	0	0	0	0	0	0	0	0	0	0	0	0	0	0	0	0	0	0	0	0	0	0	0	0	0	0	0	0	0	0	0	0	0	0	0	0	0	0
Snuella	0	0	0	0	0	0	0	0	0	0	0	0	0	0	0	0	0	0	0	0	0	0	0	0	0	0	0	0	0	0	0	0	0	0	0	0	0	0	0	0	0	0	0	0	0	0	0	0	0	0	0	0	0	0	0	0	0	0	0	0	0	0	0	0	0	0	0	0	0	0	0	0	0	0	0	0	0	0	0	0	0
Sodalinema	0	0	0	0	0	0	0	0	0	0	0	0	0	0	0	0	0	0	0	0	0	0	0	0	0	0	0	0	0	0	0	0	0	0	0	0	0	0	0	0	0	0	0	0	0	0	0	0	0	0	0	0	0	0	0	0	0	0	0	0	0	0	0	0	0	0	0	0	0	0	0	0	0	0	0	0	0	0	0	0	0
Sodaliphilus	0	0	0	0	0	0	0	0	0	0	0	0	0	0	0	0	0	0	0	0	0	0	0	0	0	0	0	0	0	0	0	0	0	0	0	0	0	0	0	0	0	0	0	0	0	0	0	0	0	0	0	0	0	0	0	0	0	0	0	0	0	0	0	0	0	0	0	0	0	0	0	0	0	0	0	0	0	0	0	0	0
Sodalis	0.03511548413070741	0.0002549185738352	0.0003248895712131	0.0004790013547513	0.0003056774942951	0.0002840733527234	0.0006244452648197	0.0007400828892835	0.0007189969021597	0.0004142125415475	0.0003591785742172	0.0003769762520285	0.0003555643221049	0.0003849655351801	0.0005884788910442	0.0006969302446966	0.0007440459363558	0.0004600998687362	0.0003656330583601	0.000507493687078	0.0003720383172572	0.0004465157235839	0.0001507320553488	0.0005287661289312999	0.0003644631966049	0.0005331110316486	0.0004173592498148	0.0001135308770594	0.0008133396743704	0.0003187029468155	0.000409201504092	0.0007082186323657	0.000237176961684	0.0004413884704472	0.0003781109285547	0.0005442176870748	0.0003429575491523	0.0003802714017629	0.0005477110437021	0.0006311593167936	0.0002045308855995	0.0003422703314299	0.0004424620409862	0.000246168234603	0.0003058587018954	0.0005229736834137	0.0005327740258974	0.0005960100179741	0.0006395736175882	0.0003255890448469	0.0004337571770015	6.239062041199927e-05	0.000711803300276	0.0006428699656003	0.0005484218308048	0.0001393389051031	0.0004654173219371	0.0002635875733102	0.0003525955749255	0.000432118819139	0.0003958953770332	0.0003410529012868	0.0002593666737403	0.0004369950213781	0.0001170663250971	0.0004918640057507	0.0005377583844456	0.0002701852531061	0.0005462540627645	0.0005462898029291	0.0002794639373565	0.0004106440840033	0.0005810418214985	0.0004364407917707	0.0005341274295519	0.0008414411137014	0.0001355434512721	0.000260385909876	0.0006487040741057	0.0005567977063406	0.0006130173194612
Soehngenia	0	0	0	0	0	0	0	0	0	0	0	0	0	0	0	0	0	0	0	0	0	0	0	0	0	0	0	0	0	0	0	0	0	0	0	0	0	0	0	0	0	0	0	0	0	0	0	0	0	0	0	0	0	0	0	0	0	0	0	0	0	0	0	0	0	0	0	0	0	0	0	0	0	0	0	0	0	0	0	0	0
Solibacillus	0	0	0	0	0	0	0	0	0	0	0	0	0	0	0	0	0	0	0	0	0	0	0	0	0	0	0	0	0	0	0	0	0	0	0	0	0	0	0	0	0	0	0	0	0	0	0	0	0	0	0	0	0	0	0	0	0	0	0	0	0	0	0	0	0	0	0	0	0	0	0	0	0	0	0	0	0	0	0	0	0
Solibaculum	0	0	0	0	0	0	0	0	0	0	0	0	0	0	0	0	0	0	0	0	0	0	0	0	0	0	0	0	0	0	0	0	0	0	0	0	0	0	0	0	0	0	0	0	0	0	0	0	0	0	0	0	0	0	0	0	0	0	0	0	0	0	0	0	0	0	0	0	0	0	0	0	0	0	0	0	0	0	0	0	0
Solicola	0	0	0	0	0	0	0	0	0	0	0	0	0	0	0	0	0	0	0	0	0	0	0	0	0	0	0	0	0	0	0	0	0	0	0	0	0	0	0	0	0	0	0	0	0	0	0	0	0	0	0	0	0	0	0	0	0	0	0	0	0	0	0	0	0	0	0	0	0	0	0	0	0	0	0	0	0	0	0	0	0
Solidesulfovibrio	0	0	0	0	0	0	0	0	0	0	0	0	0	0	0	0	0	0	0	0	0	0	0	0	0	0	0	0	0	0	0	0	0	0	0	0	0	0	0	0	0	0	0	0	0	0	0	0	0	0	0	0	0	0	0	0	0	0	0	0	0	0	0	0	0	0	0	0	0	0	0	0	0	0	0	0	0	0	0	0	0
Solilutibacter	0	0	0	0	0	0	0	0	0	0	0	0	0	0	0	0	0	0	0	0	0	0	0	0	0	0	0	0	0	0	0	0	0	0	0	0	0	0	0	0	0	0	0	0	0	0	0	0	0	0	0	0	0	0	0	0	0	0	0	0	0	0	0	0	0	0	0	0	0	0	0	0	0	0	0	0	0	0	0	0	0
Solimonas	0	0	0	0	0	0	0	0	0	0	0	0	0	0	0	0	0	0	0	0	0	0	0	0	0	0	0	0	0	0	0	0	0	0	0	0	0	0	0	0	0	0	0	0	0	0	0	0	0	0	0	0	0	0	0	0	0	0	0	0	0	0	0	0	0	0	0	0	0	0	0	0	0	0	0	0	0	0	0	0	0
Solirubrobacter	0	0	0	0	0	0	0	0	0	0	0	0	0	0	0	0	0	0	0	0	0	0	0	0	0	0	0	0	0	0	0	0	0	0	0	0	0	0	0	0	0	0	0	0	0	0	0	0	0	0	0	0	0	0	0	0	0	0	0	0	0	0	0	0	0	0	0	0	0	0	0	0	0	0	0	0	0	0	0	0	0
Solitalea	0	0	0	0	0	0	0	0	0	0	0	0	0	0	0	0	0	0	0	0	0	0	0	0	0	0	0	0	0	0	0	0	0	0	0	0	0	0	0	0	0	0	0	0	0	0	0	0	0	0	0	0	0	0	0	0	0	0	0	0	0	0	0	0	0	0	0	0	0	0	0	0	0	0	0	0	0	0	0	0	0
Solobacterium	0	0	0	0	0	0	0	0	0	0	0	0	0	0	0	0	0	0	0	0	0	0	0	0	0	0	0	0	0	0	0	0	0	0	0	0	0	0	0	0	0	0	0	0	0	0	0	0	0	0	0	0	0	0	0	0	0	0	0	0	0	0	0	0	0	0	0	0	0	0	0	0	0	0	0	0	0	0	0	0	0
Soonwooa	0	0	0	0	0	0	0	0	0	0	0	0	0	0	0	0	0	0	0	0	0	0	0	0	0	0	0	0	0	0	0	0	0	0	0	0	0	0	0	0	0	0	0	0	0	0	0	0	0	0	0	0	0	0	0	0	0	0	0	0	0	0	0	0	0	0	0	0	0	0	0	0	0	0	0	0	0	0	0	0	0
Sorangium	0	0	0	0	0	0	0	0	0	0	0	0	0	0	0	0	0	0	0	0	0	0	0	0	0	0	0	0	0	0	0	0	0	0	0	0	0	0	0	0	0	0	0	0	0	0	0	0	0	0	0	0	0	0	0	0	0	0	0	0	0	0	0	0	0	0	0	0	0	0	0	0	0	0	0	0	0	0	0	0	0
Spartinivicinus	0	0	0	0	0	0	0	0	0	0	0	0	0	0	0	0	0	0	0	0	0	0	0	0	0	0	0	0	0	0	0	0	0	0	0	0	0	0	0	0	0	0	0	0	0	0	0	0	0	0	0	0	0	0	0	0	0	0	0	0	0	0	0	0	0	0	0	0	0	0	0	0	0	0	0	0	0	0	0	0	0
Specibacter	0	0	0	0	0	0	0	0	0	0	0	0	0	0	0	0	0	0	0	0	0	0	0	0	0	0	0	0	0	0	0	0	0	0	0	0	0	0	0	0	0	0	0	0	0	0	0	0	0	0	0	0	0	0	0	0	0	0	0	0	0	0	0	0	0	0	0	0	0	0	0	0	0	0	0	0	0	0	0	0	0
Spectribacter	0	0	0	0	0	0	0	0	0	0	0	0	0	0	0	0	0	0	0	0	0	0	0	0	0	0	0	0	0	0	0	0	0	0	0	0	0	0	0	0	0	0	0	0	0	0	0	0	0	0	0	0	0	0	0	0	0	0	0	0	0	0	0	0	0	0	0	0	0	0	0	0	0	0	0	0	0	0	0	0	0
Sphaerimonospora	0	0	0	0	0	0	0	0	0	0	0	0	0	0	0	0	0	0	0	0	0	0	0	0	0	0	0	0	0	0	0	0	0	0	0	0	0	0	0	0	0	0	0	0	0	0	0	0	0	0	0	0	0	0	0	0	0	0	0	0	0	0	0	0	0	0	0	0	0	0	0	0	0	0	0	0	0	0	0	0	0
Sphaerisporangium	0	0	0	0	0	0	0	0	0	0	0	0	0	0	0	0	0	0	0	0	0	0	0	0	0	0	0	0	0	0	0	0	0	0	0	0	0	0	0	0	0	0	0	0	0	0	0	0	0	0	0	0	0	0	0	0	0	0	0	0	0	0	0	0	0	0	0	0	0	0	0	0	0	0	0	0	0	0	0	0	0
Sphaerobacter	0	0	0	0	0	0	0	0	0	0	0	0	0	0	0	0	0	0	0	0	0	0	0	0	0	0	0	0	0	0	0	0	0	0	0	0	0	0	0	0	0	0	0	0	0	0	0	0	0	0	0	0	0	0	0	0	0	0	0	0	0	0	0	0	0	0	0	0	0	0	0	0	0	0	0	0	0	0	0	0	0
Sphaerochaeta	0.0051671336729624	1.046767090627863e-05	6.733462615815557e-06	1.935359009096187e-05	6.645162919459296e-06	8.970737454423671e-06	5.23643827941111e-06	0.0001011950073102	3.562597262953685e-05	2.020548983158724e-05	4.684937924572499e-05	1.072696652113749e-05	1.141958406760394e-05	1.300559240473404e-05	4.592626266085868e-05	5.634755169887868e-05	0.0001650922594345	8.45771817529805e-06	1.282923011790062e-05	1.604300380647004e-05	1.120597341136277e-05	1.349931257346741e-05	2.131564419074091e-06	6.57046669086267e-05	2.790934388415981e-05	2.336776183577137e-05	3.25684963728345e-05	6.678286885848042e-06	0.0001796125114234	1.356182752406801e-05	0.0009289980092899	9.041088923818466e-05	4.611774254967869e-06	3.779473141444082e-05	5.222526637497115e-06	4.296455424274973e-05	2.335030121888572e-05	1.297049742447191e-05	2.705897830896315e-05	7.981382375427424e-05	1.382684094016988e-06	7.085213867180581e-06	5.205435776309411e-05	1.235593455536694e-05	1.723147616312464e-05	2.018494918439043e-05	1.895243570386188e-05	5.475157645431919e-05	0.0004885631801021	1.669687409471636e-06	3.95222940320348e-05	1.320436410835963e-06	9.253442903588022e-05	3.760182817662671e-05	6.227500642838777e-05	5.359188657813125e-06	4.477775983652047e-05	1.255178920525209e-05	3.894951118363464e-05	3.852625616420099e-05	2.79156996626007e-05	1.298424751091975e-05	9.4315154087383e-06	0.001243807258053	3.602040772219909e-07	4.713696721777637e-05	5.609069241733968e-05	6.656738120006631e-05	6.952324435185714e-05	1.90566210324115e-05	1.996170981118037e-05	2.011800987912626e-05	4.954620183320947e-05	3.357236859774931e-05	6.576192976625902e-05	7.775693459947541e-05	1.679299396291867e-06	1.036018209056042e-05	3.487656312396352e-06	2.10814276342794e-05	3.271721648809954e-05
Sphaerospermopsis	0	0	0	0	0	0	0	0	0	0	0	0	0	0	0	0	0	0	0	0	0	0	0	0	0	0	0	0	0	0	0	0	0	0	0	0	0	0	0	0	0	0	0	0	0	0	0	0	0	0	0	0	0	0	0	0	0	0	0	0	0	0	0	0	0	0	0	0	0	0	0	0	0	0	0	0	0	0	0	0	0
Sphaerotilus	0	0	0	0	0	0	0	0	0	0	0	0	0	0	0	0	0	0	0	0	0	0	0	0	0	0	0	0	0	0	0	0	0	0	0	0	0	0	0	0	0	0	0	0	0	0	0	0	0	0	0	0	0	0	0	0	0	0	0	0	0	0	0	0	0	0	0	0	0	0	0	0	0	0	0	0	0	0	0	0	0
Sphingobacterium	0.0009139945364472957	1.23149069485631e-05	2.020038784744667e-05	9.676795045480936e-06	1.329032583891859e-05	1.694472630280027e-05	7.854657419116665e-06	1.66141056777951e-05	3.238724784503349e-06	3.030823474738086e-05	4.684937924572499e-05	6.129695154935707e-06	1.557216009218719e-06	1.560671088568084e-05	1.946028078849944e-05	8.896981847191371e-06	0	1.014926181035766e-05	6.414615058950312e-06	1.818207098066604e-05	4.930628300999618e-06	7.268860616482453e-06	4.263128838148182e-05	1.877276197389335e-05	1.149208277583051e-05	1.630308965286375e-06	4.824962425605111e-06	6.071169896225493e-06	3.388915309876768e-05	5.085685321525503e-06	2.211900022119e-05	1.035958105854199e-05	1.120002319063625e-05	1.484793019853032e-05	1.044505327499423e-05	1.432151808091658e-05	2.189090739270537e-05	1.179136129497446e-05	2.79920465265136e-06	3.150545674510825e-06	0	6.540197415858997e-06	3.253397360193382e-06	1.900913008517991e-06	1.005169442848938e-05	1.83499538039913e-06	1.052913094658993e-05	3.128661511675383e-06	4.441483455474128e-05	1.753171779945218e-05	5.92834410480522e-06	6.602182054179817e-06	9.787295378795025e-06	3.638886597738068e-06	1.406209822576498e-05	7.307984533381534e-07	2.171042901164629e-05	7.32187703639705e-06	6.149922818468628e-06	2.603125416500066e-05	6.978924915650176e-06	1.644671351383169e-05	4.715757704369149e-06	3.324962119181571e-05	2.305306094220742e-05	5.635941732560219e-06	8.903284510688838e-06	7.831456611772506e-06	1.738081108796428e-05	0	4.536752229813721e-06	4.733649383323827e-06	0	6.714473719549861e-06	1.807198069912461e-05	4.859808412467213e-06	3.358598792583734e-06	8.28814567244834e-06	5.231484468594527e-06	6.200419892435115e-06	3.44391752506311e-06
Sphingobium	0.2259671852906888	0.0011335871846152	0.002006571859513	0.0017660150958002	0.0023749812274147	0.002033367156336	0.0019950829844556	0.0055687461485482	0.0028516971727551	0.003717810129012	0.0030920590302178	0.0020503830293259	0.0028216754087043	0.0058759266484588	0.006154119196555	0.0024852235959821	0.0032317375168767	0.0022006982692125	0.0046666324553863	0.0023032405798155	0.0014881532690289	0.0026001752833817	0.0011071954611076	0.0057569803386606	0.0019224612757853	0.0015737915878231	0.0026669979807532	0.0003509136200018	0.0034770271079335	0.0014884105707664	0.0046339305463393	0.0030476003914038	0.0017366624194421	0.0019585769743697	0.0023564040188386	0.0031507339778016	0.0027032838306947	0.0009627646497346	0.0021106003080991	0.0042112293849294	0.0001093384037422	0.0027038266150063	0.0034746283806865	0.0014256847563884	0.00169155657668	0.0013331241438599	0.0037062540931996	0.0038732829514541	0.0050544081723295	0.0054932715771616	0.0018447030739452	0.0004182482331322	0.003082108290195	0.0019213321236056	0.0043331351247107	0.0005147257106345	0.0043366581950763	0.0022520001799089	0.0030862362677348	0.0023834216313474	0.002461022704346	0.0020913294657588	0.0002027775812878	0.0058648260400176	0.0005831704010224	0.0010390627121483	0.007939058798181201	0.0025608863120496	0.0097258052902223	0.0024595745545832	0.0015506619121503	0.0025964066867531	0.0052879309956534	0.0025112131711116	0.0023553814844525	0.0055832256075801	0.0016183648181978	0.0015319255917908	0.0025163440293939	0.0022941553602009	0.0025226695871087
Sphingomicrobium	0	0	0	0	0	0	0	0	0	0	0	0	0	0	0	0	0	0	0	0	0	0	0	0	0	0	0	0	0	0	0	0	0	0	0	0	0	0	0	0	0	0	0	0	0	0	0	0	0	0	0	0	0	0	0	0	0	0	0	0	0	0	0	0	0	0	0	0	0	0	0	0	0	0	0	0	0	0	0	0	0
Sphingomonas	0.1989839986146127	0.000942090381565	0.0016345480499892	0.001601509580027	0.0018234327050996	0.0023742551796041	0.0016992242216689	0.0058436340788535	0.0032856862938786	0.0024347615247062	0.0023112360427891	0.0017193794909594	0.0028611248809378	0.0035505267264923	0.0073583213717474	0.0024595212039791	0.0039848296044344	0.001690697863242	0.0034029532887731	0.0022438814657316	0.0013456132872364	0.0021100463960989	0.0005277144483222	0.0047588951603819	0.0015612815314021	0.0013852191841716	0.0025596425667835	0.0002489179657452	0.0039379195900768	0.0014222966615866	0.0035500995355009	0.0035627541040422	0.0012609908462869	0.0013903061913169	0.0024399644450386	0.0030504833512352	0.002444484658852	0.0009621750816699	0.0020284903049546	0.0045798432288472	0.0001018931816975	0.0023822669087266	0.0030647003133021	0.0011357955225894	0.0014646754738655	0.0012744042916871	0.0031081994554333	0.0037700371215688	0.0045303131245836	0.002660646886993	0.0022478304730719	0.0003344005210442	0.0031363832918411	0.0015295453332492	0.0033186551812805	0.000464787816323	0.0035740793760422	0.0020030563606714	0.0055790049834874	0.0021335215913634	0.0021888446326357	0.0018991626025971	0.0001697672773572	0.0050851563512544	0.0003068938737931	0.0010867120377054	0.006656985828642	0.0019787480372411	0.0059690671222094	0.0019158256344584	0.001485332680041	0.0021431597582998	0.0039276625453235	0.003713103966911	0.0019121159578601	0.003848968262674	0.0005853557895645	0.0012010904436989	0.0021780413670915	0.0022271908253626	0.0023418639170429
Sphingopyxis	0.3753094401342679	0.0022376185925539	0.0037286549235078	0.0029804528740081	0.0046954721188899	0.0048192795102376	0.0040438394612752	0.0065550198765118	0.003628991121036	0.0122950405625208	0.0080580932302646	0.0053696129557236	0.0039745343275292	0.0077877487319547	0.0087937116827071	0.0024842350424435	0.0030666452574421	0.0044597547938346	0.0133488139376756	0.020648415432514	0.0026181636278307	0.0050092833734159	0.0011623116268008	0.008820069334067499	0.0047314546514205	0.0016737838710273	0.004788775207413	0.0002665243584442	0.0022129616973495	0.0030802300764039	0.0089028975890289	0.0042285926320775	0.0050321045370635	0.0022285393416157	0.0024859226794486	0.0047261009667024	0.0044900683385482	0.0013613126615048	0.0018120184784829	0.003951834457728	9.827693099013051e-05	0.007932714448985601	0.0062335093421305	0.0032106420713868	0.0031519241815048	0.0021203371620511	0.0062774678703569	0.0049104342425745	0.005489673550966	0.004958136762426	0.0022043559496367	0.0010027063994785	0.0034531357604639	0.0020729523985114	0.0063018288763178	0.0006526030188309	0.007407326998411	0.0053815796217518	0.0050654864281453	0.0050906720645075	0.0047627990310714	0.0034442880563966	0.0001509042465398	0.003734814592648	0.0003991061175619	0.0006752882912285	0.0107133222517118	0.0040841046230393	0.0121467039774744	0.004939476171601	0.0039506038417217	0.004711164548753	0.0129180460779677	0.0040824000214863	0.0050024246574104	0.0061636255836977	0.000732414436697	0.003014812988353	0.0041224097612524	0.0025111700564362	0.0034749127827886
Sphingorhabdus	0	0	0	0	0	0	0	0	0	0	0	0	0	0	0	0	0	0	0	0	0	0	0	0	0	0	0	0	0	0	0	0	0	0	0	0	0	0	0	0	0	0	0	0	0	0	0	0	0	0	0	0	0	0	0	0	0	0	0	0	0	0	0	0	0	0	0	0	0	0	0	0	0	0	0	0	0	0	0	0	0
Sphingosinicella	0	0	0	0	0	0	0	0	0	0	0	0	0	0	0	0	0	0	0	0	0	0	0	0	0	0	0	0	0	0	0	0	0	0	0	0	0	0	0	0	0	0	0	0	0	0	0	0	0	0	0	0	0	0	0	0	0	0	0	0	0	0	0	0	0	0	0	0	0	0	0	0	0	0	0	0	0	0	0	0	0
Sphingosinithalassobacter	0	0	0	0	0	0	0	0	0	0	0	0	0	0	0	0	0	0	0	0	0	0	0	0	0	0	0	0	0	0	0	0	0	0	0	0	0	0	0	0	0	0	0	0	0	0	0	0	0	0	0	0	0	0	0	0	0	0	0	0	0	0	0	0	0	0	0	0	0	0	0	0	0	0	0	0	0	0	0	0	0
Spirabiliibacterium	0	0	0	0	0	0	0	0	0	0	0	0	0	0	0	0	0	0	0	0	0	0	0	0	0	0	0	0	0	0	0	0	0	0	0	0	0	0	0	0	0	0	0	0	0	0	0	0	0	0	0	0	0	0	0	0	0	0	0	0	0	0	0	0	0	0	0	0	0	0	0	0	0	0	0	0	0	0	0	0	0
Spiractinospora	0	0	0	0	0	0	0	0	0	0	0	0	0	0	0	0	0	0	0	0	0	0	0	0	0	0	0	0	0	0	0	0	0	0	0	0	0	0	0	0	0	0	0	0	0	0	0	0	0	0	0	0	0	0	0	0	0	0	0	0	0	0	0	0	0	0	0	0	0	0	0	0	0	0	0	0	0	0	0	0	0
Spiribacter	0.002713284842829634	3.694472084568929e-06	1.851702219349278e-05	3.870718018192374e-05	3.987097751675578e-06	1.993497212094149e-05	0.0001034196560183	4.531119730307754e-05	5.343895894430527e-05	0	0	1.532423788733927e-05	1.712937610140591e-05	2.080894784757446e-05	3.736373911391893e-05	4.448490923595685e-05	2.261537800473566e-05	0.0002224379880103	3.207307529475156e-06	2.299497212260705e-05	1.568836277590788e-05	2.076817318994986e-05	3.958619635423312e-06	9.386380986946674e-06	1.313380888666344e-05	7.608108504669749e-05	5.669330850086005e-05	2.307044560565688e-05	2.824096091563973e-05	7.459005138237403e-05	0	4.708900481155451e-05	3.952949361401031e-06	2.969586039706065e-05	2.402362253248673e-05	2.864303616183315e-05	3.11337349585143e-05	0.0001609520816764	7.18462527513849e-05	3.360582052811547e-05	1.382684094016988e-06	4.905148061894249e-06	3.57873709621272e-05	2.471186911073389e-05	8.615738081562321e-06	1.009247459219521e-05	8.633887376203743e-05	2.972228436091614e-05	6.218076837663779e-05	6.678749637886543e-06	1.580891761281392e-05	5.281745643343853e-06	2.936188613638507e-05	8.490735394722158e-06	2.209758292620211e-05	4.141191235582869e-06	9.498312692595252e-05	1.045982433771007e-05	1.024987136411438e-05	1.457750233240037e-05	7.169259231531544e-05	1.817794651528765e-05	0	1.289271025805099e-05	7.204081544439818e-07	1.229660014376775e-05	3.650346649382424e-05	3.132582644709003e-05	3.227864916336224e-05	1.016353121728613e-05	1.361025668944116e-05	1.183412345830957e-05	2.252100083327703e-05	4.028684231729917e-05	7.529991957968589e-06	0.0001902267864308	3.598498706339715e-06	2.762715224149446e-06	0.0001046296893718	6.200419892435115e-05	9.642969070176708e-05
Spirillospora	0	0	0	0	0	0	0	0	0	0	0	0	0	0	0	0	0	0	0	0	0	0	0	0	0	0	0	0	0	0	0	0	0	0	0	0	0	0	0	0	0	0	0	0	0	0	0	0	0	0	0	0	0	0	0	0	0	0	0	0	0	0	0	0	0	0	0	0	0	0	0	0	0	0	0	0	0	0	0	0	0
Spirobacillus	0	0	0	0	0	0	0	0	0	0	0	0	0	0	0	0	0	0	0	0	0	0	0	0	0	0	0	0	0	0	0	0	0	0	0	0	0	0	0	0	0	0	0	0	0	0	0	0	0	0	0	0	0	0	0	0	0	0	0	0	0	0	0	0	0	0	0	0	0	0	0	0	0	0	0	0	0	0	0	0	0
Spirochaeta	0.000102294007309377	0	0	0	0	0	0	4.531119730307753e-06	0	0	0	0	1.557216009218719e-06	0	1.556822463079955e-06	9.88553538576819e-07	2.261537800473566e-06	0	0	0	0	0	0	6.257587324631115e-06	0	0	0	0	0	0	3.3178500331785e-05	1.88356019246218e-06	0	1.34981183623003e-06	0	0	9.729292174535718e-07	0	0	0	0	0	0	0	0	0	0	0	1.776593382189652e-05	0	9.880573508008701e-07	0	0	0	4.017742350218565e-06	2.435994844460511e-07	2.713803626455786e-06	0	0	1.041250166600027e-06	1.268895439209123e-06	0	0	6.785636977921573e-07	0	5.123583393236563e-07	8.903284510688838e-07	5.220971074515004e-06	1.241486506283163e-05	0	0	0	0	0	0	0	0	0	0	0	0
Spiroplasma	0.05972415087680123	0.0005203048185767	0.0003131060116354	0.000725759628411	0.0006233162818452	0.000488406816963	0.0003600051317095	0.0016236512366936	0.000527912139874	0.0006667811644423	0.0010150698836573	0.0009792188010009	0.0005855132194661999	0.0005306281701131	0.0004724956175447	0.0005456815532944	0.0011217227490348	0.0019258224285153	0.0006767418887192	0.0007561602460782	0.0009354746603805	0.0006593894987809	0.0003867266874605	0.0012327447029523	0.0010392126281572	0.0009857934876763999	0.0008093874468952001	0.0001408511415924	0.0006066158404679	0.0007306434578591	0.0011612475116124	0.0008231158041059001	0.000389365512098	0.0007950391715394	0.0003143961035773	0.0010884353741496	0.0005443538971652	0.0007959168874107	0.0006792736623767	0.0005439942197988	1.457136314464056e-05	0.0002730532421121	0.0009890327974987	0.0005664720765383001	0.0010295807007466	0.0005596735910217	0.0004695992402179	0.0004677348959954	0.0017588274483677	0.0004842093487467	0.0020620756911214	0.0001295678228132	0.0012447660213576	0.0010807493195282	0.0017256203394188	0.0001432364968542	0.0003785756058905	0.0006171296359248	0.0005391432337524	0.001072487671598	0.0007353249070216	0.0005972753855023	0.000141472731131	0.0021164401734137	0.0002395357113526	0.0004872527806967	0.0010888716956572	0.0005051289514593	0.0007299940656944999	0.0008308686770131	0.0006469408679714	0.0005088673087073	0.0007476972276647	0.001222034216958	0.0009086190295948	0.0003408808472173	0.0001060357618801	0.0005311320018427	0.0011160500199668	0.0006758457682754	0.0007215007215007
Spirosoma	0	0	0	0	0	0	0	0	0	0	0	0	0	0	0	0	0	0	0	0	0	0	0	0	0	0	0	0	0	0	0	0	0	0	0	0	0	0	0	0	0	0	0	0	0	0	0	0	0	0	0	0	0	0	0	0	0	0	0	0	0	0	0	0	0	0	0	0	0	0	0	0	0	0	0	0	0	0	0	0	0
Spirulina	0	0	0	0	0	0	0	0	0	0	0	0	0	0	0	0	0	0	0	0	0	0	0	0	0	0	0	0	0	0	0	0	0	0	0	0	0	0	0	0	0	0	0	0	0	0	0	0	0	0	0	0	0	0	0	0	0	0	0	0	0	0	0	0	0	0	0	0	0	0	0	0	0	0	0	0	0	0	0	0	0
Spongiactinospora	0	0	0	0	0	0	0	0	0	0	0	0	0	0	0	0	0	0	0	0	0	0	0	0	0	0	0	0	0	0	0	0	0	0	0	0	0	0	0	0	0	0	0	0	0	0	0	0	0	0	0	0	0	0	0	0	0	0	0	0	0	0	0	0	0	0	0	0	0	0	0	0	0	0	0	0	0	0	0	0	0
Spongiibacter	0	0	0	0	0	0	0	0	0	0	0	0	0	0	0	0	0	0	0	0	0	0	0	0	0	0	0	0	0	0	0	0	0	0	0	0	0	0	0	0	0	0	0	0	0	0	0	0	0	0	0	0	0	0	0	0	0	0	0	0	0	0	0	0	0	0	0	0	0	0	0	0	0	0	0	0	0	0	0	0	0
Spongiivirga	0	0	0	0	0	0	0	0	0	0	0	0	0	0	0	0	0	0	0	0	0	0	0	0	0	0	0	0	0	0	0	0	0	0	0	0	0	0	0	0	0	0	0	0	0	0	0	0	0	0	0	0	0	0	0	0	0	0	0	0	0	0	0	0	0	0	0	0	0	0	0	0	0	0	0	0	0	0	0	0	0
Sporanaerobacter	0	0	0	0	0	0	0	0	0	0	0	0	0	0	0	0	0	0	0	0	0	0	0	0	0	0	0	0	0	0	0	0	0	0	0	0	0	0	0	0	0	0	0	0	0	0	0	0	0	0	0	0	0	0	0	0	0	0	0	0	0	0	0	0	0	0	0	0	0	0	0	0	0	0	0	0	0	0	0	0	0
Sporichthya	0	0	0	0	0	0	0	0	0	0	0	0	0	0	0	0	0	0	0	0	0	0	0	0	0	0	0	0	0	0	0	0	0	0	0	0	0	0	0	0	0	0	0	0	0	0	0	0	0	0	0	0	0	0	0	0	0	0	0	0	0	0	0	0	0	0	0	0	0	0	0	0	0	0	0	0	0	0	0	0	0
Sporocytophaga	0	0	0	0	0	0	0	0	0	0	0	0	0	0	0	0	0	0	0	0	0	0	0	0	0	0	0	0	0	0	0	0	0	0	0	0	0	0	0	0	0	0	0	0	0	0	0	0	0	0	0	0	0	0	0	0	0	0	0	0	0	0	0	0	0	0	0	0	0	0	0	0	0	0	0	0	0	0	0	0	0
Sporofaciens	0	0	0	0	0	0	0	0	0	0	0	0	0	0	0	0	0	0	0	0	0	0	0	0	0	0	0	0	0	0	0	0	0	0	0	0	0	0	0	0	0	0	0	0	0	0	0	0	0	0	0	0	0	0	0	0	0	0	0	0	0	0	0	0	0	0	0	0	0	0	0	0	0	0	0	0	0	0	0	0	0
Sporolactobacillus	0	0	0	0	0	0	0	0	0	0	0	0	0	0	0	0	0	0	0	0	0	0	0	0	0	0	0	0	0	0	0	0	0	0	0	0	0	0	0	0	0	0	0	0	0	0	0	0	0	0	0	0	0	0	0	0	0	0	0	0	0	0	0	0	0	0	0	0	0	0	0	0	0	0	0	0	0	0	0	0	0
Sporomusa	0	0	0	0	0	0	0	0	0	0	0	0	0	0	0	0	0	0	0	0	0	0	0	0	0	0	0	0	0	0	0	0	0	0	0	0	0	0	0	0	0	0	0	0	0	0	0	0	0	0	0	0	0	0	0	0	0	0	0	0	0	0	0	0	0	0	0	0	0	0	0	0	0	0	0	0	0	0	0	0	0
Sporosarcina	0	0	0	0	0	0	0	0	0	0	0	0	0	0	0	0	0	0	0	0	0	0	0	0	0	0	0	0	0	0	0	0	0	0	0	0	0	0	0	0	0	0	0	0	0	0	0	0	0	0	0	0	0	0	0	0	0	0	0	0	0	0	0	0	0	0	0	0	0	0	0	0	0	0	0	0	0	0	0	0	0
Stackebrandtia	0	0	0	0	0	0	0	0	0	0	0	0	0	0	0	0	0	0	0	0	0	0	0	0	0	0	0	0	0	0	0	0	0	0	0	0	0	0	0	0	0	0	0	0	0	0	0	0	0	0	0	0	0	0	0	0	0	0	0	0	0	0	0	0	0	0	0	0	0	0	0	0	0	0	0	0	0	0	0	0	0
Stakelama	0	0	0	0	0	0	0	0	0	0	0	0	0	0	0	0	0	0	0	0	0	0	0	0	0	0	0	0	0	0	0	0	0	0	0	0	0	0	0	0	0	0	0	0	0	0	0	0	0	0	0	0	0	0	0	0	0	0	0	0	0	0	0	0	0	0	0	0	0	0	0	0	0	0	0	0	0	0	0	0	0
Stanieria	0	0	0	0	0	0	0	0	0	0	0	0	0	0	0	0	0	0	0	0	0	0	0	0	0	0	0	0	0	0	0	0	0	0	0	0	0	0	0	0	0	0	0	0	0	0	0	0	0	0	0	0	0	0	0	0	0	0	0	0	0	0	0	0	0	0	0	0	0	0	0	0	0	0	0	0	0	0	0	0	0
Staphylococcus	0.1685002973887754	0.001576308089416	0.0010958710407239	0.0027385329978711	0.0019231101488915	0.0011382869081057	0.0011952170372755	0.0028062734863039	0.00104286938061	0.0028691795560853	0.0029671273522292	0.0036716873978064	0.0017311051302481	0.0015346599037586	0.0010492983401158	0.0017022891934292	0.0034307528433183	0.0033983111628347	0.0022836029609863	0.0018909353819892	0.002226851036306	0.0021692356896902	0.0010140156450738	0.0027251792798768	0.002653029395106	0.0018259460411207	0.0024703807619098	0.000431053062632	0.0011386755441185	0.0018308467157491	0.0026542800265428	0.0021943476242184	0.001134496466722	0.0021650981853129	0.0010653954340494	0.0037522377372001	0.001240971216862	0.002292240635743	0.0019687739390314	0.0020068975946633	5.743457005916718e-05	0.0010175457146173	0.0030712071080225	0.0017260290117343	0.0023104537622056	0.0013000942270127	0.0016025337300709	0.0015956173709544	0.0029846768820786	0.0013107046164352	0.008012157057644201	0.0004887265265606	0.0035029619914832	0.0032810627489604	0.004413489971715	0.0004650314158075	0.0011506527376172	0.002219574724462	0.0014626566436591	0.0049199070371851	0.0020930430269754	0.0017009364239304	0.0007026478979510001	0.0065936034514463	0.0006227928495167999	0.001496086350825	0.0028250121752415	0.001708562784135	0.0017877405690477	0.0020530333058917	0.0024298844942882	0.0018804422175253	0.0013872936513298	0.0027865065936131	0.0022564875900712	0.0011177559348674	0.0003533725729625	0.0028932535184905	0.002420433480803	0.0019196499986979	0.0015738703089538
Staphylospora	0	0	0	0	0	0	0	0	0	0	0	0	0	0	0	0	0	0	0	0	0	0	0	0	0	0	0	0	0	0	0	0	0	0	0	0	0	0	0	0	0	0	0	0	0	0	0	0	0	0	0	0	0	0	0	0	0	0	0	0	0	0	0	0	0	0	0	0	0	0	0	0	0	0	0	0	0	0	0	0	0
Stappia	0	0	0	0	0	0	0	0	0	0	0	0	0	0	0	0	0	0	0	0	0	0	0	0	0	0	0	0	0	0	0	0	0	0	0	0	0	0	0	0	0	0	0	0	0	0	0	0	0	0	0	0	0	0	0	0	0	0	0	0	0	0	0	0	0	0	0	0	0	0	0	0	0	0	0	0	0	0	0	0	0
Starkeya	0	0	0	0	0	0	0	0	0	0	0	0	0	0	0	0	0	0	0	0	0	0	0	0	0	0	0	0	0	0	0	0	0	0	0	0	0	0	0	0	0	0	0	0	0	0	0	0	0	0	0	0	0	0	0	0	0	0	0	0	0	0	0	0	0	0	0	0	0	0	0	0	0	0	0	0	0	0	0	0	0
Stella	0	0	0	0	0	0	0	0	0	0	0	0	0	0	0	0	0	0	0	0	0	0	0	0	0	0	0	0	0	0	0	0	0	0	0	0	0	0	0	0	0	0	0	0	0	0	0	0	0	0	0	0	0	0	0	0	0	0	0	0	0	0	0	0	0	0	0	0	0	0	0	0	0	0	0	0	0	0	0	0	0
Stenotrophomonas	1.429172339919022	0.0078445957262346	0.0172359809308338	0.0096671182504354	0.0174183010444867	0.0123337672512264	0.009826176431314899	0.0134015417890069	0.0178809995352429	0.0429669741268702	0.0189739985945186	0.0122103527486319	0.0134398123035636	0.025230849265184	0.014672273303297	0.017405462153722	0.007178120978703	0.0113595612812428	0.0528949157761042	0.024632428044454	0.0146990994431527	0.0158533850045482	0.0165948380208972	0.0172740698096441	0.0144652487625489	0.013282127140188	0.017588194281937	0.007880985642290299	0.0206565684521355	0.0187051506125707	0.0336872373368723	0.008762322015333999	0.0334762104919181	0.0165392444293265	0.0085586766535302	0.0150232724668814	0.0110811773221874	0.007937944423776801	0.0124079411569859	0.0099389214211901	0.0006078491997928	0.0200931215108728	0.0312879224129797	0.0120109188443209	0.0174669730040206	0.0286635453395246	0.0200369361913606	0.0262854496903407	0.0123739729069509	0.0131053764769428	0.013411890479771	0.0042489993155187	0.0290024254697456	0.0158230918891643	0.0243193944458729	0.00337068606628	0.0185990531539147	0.0148257550162702	0.0210317110520262	0.0191944055711048	0.013688843998188	0.0134092652127771	0.0030322322039093	0.0140924108757475	0.020148015059412	0.006176992138886	0.0291155210068546	0.0069934907543128	0.0234839587528523	0.0112675447957638	0.0074602353667056	0.0134175291770313	0.0303943427245906	0.0114481776918325	0.0178430689436023	0.0160644438365826	0.113543429681137	0.0133045458406976	0.0212607528803681	0.0162041773468899	0.0200780391711179
Stenoxybacter	0	0	0	0	0	0	0	0	0	0	0	0	0	0	0	0	0	0	0	0	0	0	0	0	0	0	0	0	0	0	0	0	0	0	0	0	0	0	0	0	0	0	0	0	0	0	0	0	0	0	0	0	0	0	0	0	0	0	0	0	0	0	0	0	0	0	0	0	0	0	0	0	0	0	0	0	0	0	0	0	0
Steroidobacter	0	0	0	0	0	0	0	0	0	0	0	0	0	0	0	0	0	0	0	0	0	0	0	0	0	0	0	0	0	0	0	0	0	0	0	0	0	0	0	0	0	0	0	0	0	0	0	0	0	0	0	0	0	0	0	0	0	0	0	0	0	0	0	0	0	0	0	0	0	0	0	0	0	0	0	0	0	0	0	0	0
Sterolibacterium	0	0	0	0	0	0	0	0	0	0	0	0	0	0	0	0	0	0	0	0	0	0	0	0	0	0	0	0	0	0	0	0	0	0	0	0	0	0	0	0	0	0	0	0	0	0	0	0	0	0	0	0	0	0	0	0	0	0	0	0	0	0	0	0	0	0	0	0	0	0	0	0	0	0	0	0	0	0	0	0	0
Stieleria	0	0	0	0	0	0	0	0	0	0	0	0	0	0	0	0	0	0	0	0	0	0	0	0	0	0	0	0	0	0	0	0	0	0	0	0	0	0	0	0	0	0	0	0	0	0	0	0	0	0	0	0	0	0	0	0	0	0	0	0	0	0	0	0	0	0	0	0	0	0	0	0	0	0	0	0	0	0	0	0	0
Stigmatella	0	0	0	0	0	0	0	0	0	0	0	0	0	0	0	0	0	0	0	0	0	0	0	0	0	0	0	0	0	0	0	0	0	0	0	0	0	0	0	0	0	0	0	0	0	0	0	0	0	0	0	0	0	0	0	0	0	0	0	0	0	0	0	0	0	0	0	0	0	0	0	0	0	0	0	0	0	0	0	0	0
Stomatobaculum	0	0	0	0	0	0	0	0	0	0	0	0	0	0	0	0	0	0	0	0	0	0	0	0	0	0	0	0	0	0	0	0	0	0	0	0	0	0	0	0	0	0	0	0	0	0	0	0	0	0	0	0	0	0	0	0	0	0	0	0	0	0	0	0	0	0	0	0	0	0	0	0	0	0	0	0	0	0	0	0	0
Streptacidiphilus	0	0	0	0	0	0	0	0	0	0	0	0	0	0	0	0	0	0	0	0	0	0	0	0	0	0	0	0	0	0	0	0	0	0	0	0	0	0	0	0	0	0	0	0	0	0	0	0	0	0	0	0	0	0	0	0	0	0	0	0	0	0	0	0	0	0	0	0	0	0	0	0	0	0	0	0	0	0	0	0	0
Streptantibioticus	0	0	0	0	0	0	0	0	0	0	0	0	0	0	0	0	0	0	0	0	0	0	0	0	0	0	0	0	0	0	0	0	0	0	0	0	0	0	0	0	0	0	0	0	0	0	0	0	0	0	0	0	0	0	0	0	0	0	0	0	0	0	0	0	0	0	0	0	0	0	0	0	0	0	0	0	0	0	0	0	0
Streptoalloteichus	0	0	0	0	0	0	0	0	0	0	0	0	0	0	0	0	0	0	0	0	0	0	0	0	0	0	0	0	0	0	0	0	0	0	0	0	0	0	0	0	0	0	0	0	0	0	0	0	0	0	0	0	0	0	0	0	0	0	0	0	0	0	0	0	0	0	0	0	0	0	0	0	0	0	0	0	0	0	0	0	0
Streptobacillus	0	0	0	0	0	0	0	0	0	0	0	0	0	0	0	0	0	0	0	0	0	0	0	0	0	0	0	0	0	0	0	0	0	0	0	0	0	0	0	0	0	0	0	0	0	0	0	0	0	0	0	0	0	0	0	0	0	0	0	0	0	0	0	0	0	0	0	0	0	0	0	0	0	0	0	0	0	0	0	0	0
Streptococcus	2.750077427625453	0.0066118735406835	0.0203788246067657	0.2007886587962067	0.016505255659353	0.0108177126214288	0.0838628681543387	0.0154088278295332	0.0199699770212476	0.0190638796561025	0.0221753728429764	0.1279190757645645	0.0165231000018167	0.0152009364026531	0.0038103229783881	0.0657783524569015	0.0221789012092442	0.0238685264625086	0.018191848307183	0.0175227035242201	0.0267791387806018	0.0231866269579195	0.0025164640513183	0.0413344930728508	0.0423171322328295	0.050716738164772	0.0532929162314148	0.001320479452429	0.0042621258213883	0.0126904801056466	0.0196859101968591	0.0280603379672053	0.0070579910847815	0.0451917002769813	0.0076436899866407	0.0372216254923021	0.0059757312535998	0.0539849789848463	0.0651281615850216	0.009451637023532401	0.0008350348324713	0.0074471047908581	0.0317271310566058	0.0168629992985631	0.0118365881677197	0.0048544802788458	0.045403718467885	0.0239905764715268	0.0091050410837219	0.008386005014071199	0.0682332645316064	0.0016733230416318	0.046971010031088	0.0610217023196689	0.0281020988686037	0.0027816625128894	0.0288925103090615	0.0295835211743453	0.0100469239111049	0.07134958516593359	0.0362041246715146	0.0209513817836201	0.0055976043950861	0.0182051854480657	0.0012120867198519	0.0498365833076727	0.0168013882001209	0.0281710546753143	0.0159357207946506	0.1236596843207203	0.0863398390360308	0.1797733528675264	0.0652973898160034	0.07849219778153781	0.0226231078385208	0.0135887185796029	0.0008725159863305001	0.0157737225722812	0.0901541718472894	0.0974346382737039	0.009653300822751801
Streptomonospora	0	0	0	0	0	0	0	0	0	0	0	0	0	0	0	0	0	0	0	0	0	0	0	0	0	0	0	0	0	0	0	0	0	0	0	0	0	0	0	0	0	0	0	0	0	0	0	0	0	0	0	0	0	0	0	0	0	0	0	0	0	0	0	0	0	0	0	0	0	0	0	0	0	0	0	0	0	0	0	0	0
Streptomyces	1.486434180878723	0.007254095938051	0.0081609566903684	0.009057480162570099	0.0140478744117369	0.0078404245351662	0.009251477330149501	0.0327675475163422	0.0346268260335175	0.0126991503591525	0.0162723510580151	0.0090980000337133	0.0217200488965826	0.0176537911301859	0.0498416711555047	0.0226181049626376	0.0518570617648588	0.0187067810601242	0.016713279536095	0.014575068958178	0.0130666132365854	0.0942303938061	0.0025082423028447	0.0347671551756504	0.0099373681488717	0.0122066666594208	0.0148053972029692	0.0026446016067958	0.059189665163871	0.0110206800917457	0.0316854678168546	0.0179324348123361	0.0070968617535019	0.008545658735172299	0.0150554997905766	0.020766201217329	0.0184272793785706	0.0074533194745533	0.0166179449545735	0.0377330353617246	0.0007663260690301	0.0120617590841979	0.015883085912464	0.0071445815425148	0.0106777713957495	0.0068243478197043	0.0153430496153708	0.0337598220417332	0.0424339329335998	0.0091123190371914	0.0303244681534295	0.0016112625303225	0.0282158828229407	0.0127567234494704	0.0337450179994857	0.0034257395497648	0.0221934860571554	0.0105706984756898	0.0141120228941126	0.0175471478075436	0.0173959220238374	0.0107094073470066	0.000844120629082	0.0178367253601646	0.0028438111896676	0.0126547386229549	0.0373626334491057	0.0162071994580632	0.0439833839445999	0.0114898720411419	0.0100643311466187	0.009009318188811	0.0258360921559354	0.0105014368973759	0.0122186669504636	0.0518034749018665	0.0023315872617943	0.0079987512527186	0.0133594675046342	0.0178026455951597	0.0152186715432538
Streptosporangium	0	0	0	0	0	0	0	0	0	0	0	0	0	0	0	0	0	0	0	0	0	0	0	0	0	0	0	0	0	0	0	0	0	0	0	0	0	0	0	0	0	0	0	0	0	0	0	0	0	0	0	0	0	0	0	0	0	0	0	0	0	0	0	0	0	0	0	0	0	0	0	0	0	0	0	0	0	0	0	0	0
Stutzerimonas	0	0	0	0	0	0	0	0	0	0	0	0	0	0	0	0	0	0	0	0	0	0	0	0	0	0	0	0	0	0	0	0	0	0	0	0	0	0	0	0	0	0	0	0	0	0	0	0	0	0	0	0	0	0	0	0	0	0	0	0	0	0	0	0	0	0	0	0	0	0	0	0	0	0	0	0	0	0	0	0	0
Subdoligranulum	0	0	0	0	0	0	0	0	0	0	0	0	0	0	0	0	0	0	0	0	0	0	0	0	0	0	0	0	0	0	0	0	0	0	0	0	0	0	0	0	0	0	0	0	0	0	0	0	0	0	0	0	0	0	0	0	0	0	0	0	0	0	0	0	0	0	0	0	0	0	0	0	0	0	0	0	0	0	0	0	0
Subtercola	0	0	0	0	0	0	0	0	0	0	0	0	0	0	0	0	0	0	0	0	0	0	0	0	0	0	0	0	0	0	0	0	0	0	0	0	0	0	0	0	0	0	0	0	0	0	0	0	0	0	0	0	0	0	0	0	0	0	0	0	0	0	0	0	0	0	0	0	0	0	0	0	0	0	0	0	0	0	0	0	0
Succinatimonas	0	0	0	0	0	0	0	0	0	0	0	0	0	0	0	0	0	0	0	0	0	0	0	0	0	0	0	0	0	0	0	0	0	0	0	0	0	0	0	0	0	0	0	0	0	0	0	0	0	0	0	0	0	0	0	0	0	0	0	0	0	0	0	0	0	0	0	0	0	0	0	0	0	0	0	0	0	0	0	0	0
Succiniclasticum	0	0	0	0	0	0	0	0	0	0	0	0	0	0	0	0	0	0	0	0	0	0	0	0	0	0	0	0	0	0	0	0	0	0	0	0	0	0	0	0	0	0	0	0	0	0	0	0	0	0	0	0	0	0	0	0	0	0	0	0	0	0	0	0	0	0	0	0	0	0	0	0	0	0	0	0	0	0	0	0	0
Succinimonas	0	0	0	0	0	0	0	0	0	0	0	0	0	0	0	0	0	0	0	0	0	0	0	0	0	0	0	0	0	0	0	0	0	0	0	0	0	0	0	0	0	0	0	0	0	0	0	0	0	0	0	0	0	0	0	0	0	0	0	0	0	0	0	0	0	0	0	0	0	0	0	0	0	0	0	0	0	0	0	0	0
Succinispira	0	0	0	0	0	0	0	0	0	0	0	0	0	0	0	0	0	0	0	0	0	0	0	0	0	0	0	0	0	0	0	0	0	0	0	0	0	0	0	0	0	0	0	0	0	0	0	0	0	0	0	0	0	0	0	0	0	0	0	0	0	0	0	0	0	0	0	0	0	0	0	0	0	0	0	0	0	0	0	0	0
Succinivibrio	0	0	0	0	0	0	0	0	0	0	0	0	0	0	0	0	0	0	0	0	0	0	0	0	0	0	0	0	0	0	0	0	0	0	0	0	0	0	0	0	0	0	0	0	0	0	0	0	0	0	0	0	0	0	0	0	0	0	0	0	0	0	0	0	0	0	0	0	0	0	0	0	0	0	0	0	0	0	0	0	0
Suicoccus	0	0	0	0	0	0	0	0	0	0	0	0	0	0	0	0	0	0	0	0	0	0	0	0	0	0	0	0	0	0	0	0	0	0	0	0	0	0	0	0	0	0	0	0	0	0	0	0	0	0	0	0	0	0	0	0	0	0	0	0	0	0	0	0	0	0	0	0	0	0	0	0	0	0	0	0	0	0	0	0	0
Suilimivivens	0	0	0	0	0	0	0	0	0	0	0	0	0	0	0	0	0	0	0	0	0	0	0	0	0	0	0	0	0	0	0	0	0	0	0	0	0	0	0	0	0	0	0	0	0	0	0	0	0	0	0	0	0	0	0	0	0	0	0	0	0	0	0	0	0	0	0	0	0	0	0	0	0	0	0	0	0	0	0	0	0
Sulfidibacter	0	0	0	0	0	0	0	0	0	0	0	0	0	0	0	0	0	0	0	0	0	0	0	0	0	0	0	0	0	0	0	0	0	0	0	0	0	0	0	0	0	0	0	0	0	0	0	0	0	0	0	0	0	0	0	0	0	0	0	0	0	0	0	0	0	0	0	0	0	0	0	0	0	0	0	0	0	0	0	0	0
Sulfitobacter	0	0	0	0	0	0	0	0	0	0	0	0	0	0	0	0	0	0	0	0	0	0	0	0	0	0	0	0	0	0	0	0	0	0	0	0	0	0	0	0	0	0	0	0	0	0	0	0	0	0	0	0	0	0	0	0	0	0	0	0	0	0	0	0	0	0	0	0	0	0	0	0	0	0	0	0	0	0	0	0	0
Sulfoacidibacillus	0	0	0	0	0	0	0	0	0	0	0	0	0	0	0	0	0	0	0	0	0	0	0	0	0	0	0	0	0	0	0	0	0	0	0	0	0	0	0	0	0	0	0	0	0	0	0	0	0	0	0	0	0	0	0	0	0	0	0	0	0	0	0	0	0	0	0	0	0	0	0	0	0	0	0	0	0	0	0	0	0
Sulfobacillus	0	0	0	0	0	0	0	0	0	0	0	0	0	0	0	0	0	0	0	0	0	0	0	0	0	0	0	0	0	0	0	0	0	0	0	0	0	0	0	0	0	0	0	0	0	0	0	0	0	0	0	0	0	0	0	0	0	0	0	0	0	0	0	0	0	0	0	0	0	0	0	0	0	0	0	0	0	0	0	0	0
Sulfonitrofixus	0	0	0	0	0	0	0	0	0	0	0	0	0	0	0	0	0	0	0	0	0	0	0	0	0	0	0	0	0	0	0	0	0	0	0	0	0	0	0	0	0	0	0	0	0	0	0	0	0	0	0	0	0	0	0	0	0	0	0	0	0	0	0	0	0	0	0	0	0	0	0	0	0	0	0	0	0	0	0	0	0
Sulfuricaulis	0	0	0	0	0	0	0	0	0	0	0	0	0	0	0	0	0	0	0	0	0	0	0	0	0	0	0	0	0	0	0	0	0	0	0	0	0	0	0	0	0	0	0	0	0	0	0	0	0	0	0	0	0	0	0	0	0	0	0	0	0	0	0	0	0	0	0	0	0	0	0	0	0	0	0	0	0	0	0	0	0
Sulfuricella	0	0	0	0	0	0	0	0	0	0	0	0	0	0	0	0	0	0	0	0	0	0	0	0	0	0	0	0	0	0	0	0	0	0	0	0	0	0	0	0	0	0	0	0	0	0	0	0	0	0	0	0	0	0	0	0	0	0	0	0	0	0	0	0	0	0	0	0	0	0	0	0	0	0	0	0	0	0	0	0	0
Sulfuricurvum	0	0	0	0	0	0	0	0	0	0	0	0	0	0	0	0	0	0	0	0	0	0	0	0	0	0	0	0	0	0	0	0	0	0	0	0	0	0	0	0	0	0	0	0	0	0	0	0	0	0	0	0	0	0	0	0	0	0	0	0	0	0	0	0	0	0	0	0	0	0	0	0	0	0	0	0	0	0	0	0	0
Sulfuricystis	0	0	0	0	0	0	0	0	0	0	0	0	0	0	0	0	0	0	0	0	0	0	0	0	0	0	0	0	0	0	0	0	0	0	0	0	0	0	0	0	0	0	0	0	0	0	0	0	0	0	0	0	0	0	0	0	0	0	0	0	0	0	0	0	0	0	0	0	0	0	0	0	0	0	0	0	0	0	0	0	0
Sulfuriferula	0	0	0	0	0	0	0	0	0	0	0	0	0	0	0	0	0	0	0	0	0	0	0	0	0	0	0	0	0	0	0	0	0	0	0	0	0	0	0	0	0	0	0	0	0	0	0	0	0	0	0	0	0	0	0	0	0	0	0	0	0	0	0	0	0	0	0	0	0	0	0	0	0	0	0	0	0	0	0	0	0
Sulfuriflexus	0	0	0	0	0	0	0	0	0	0	0	0	0	0	0	0	0	0	0	0	0	0	0	0	0	0	0	0	0	0	0	0	0	0	0	0	0	0	0	0	0	0	0	0	0	0	0	0	0	0	0	0	0	0	0	0	0	0	0	0	0	0	0	0	0	0	0	0	0	0	0	0	0	0	0	0	0	0	0	0	0
Sulfurifustis	0	0	0	0	0	0	0	0	0	0	0	0	0	0	0	0	0	0	0	0	0	0	0	0	0	0	0	0	0	0	0	0	0	0	0	0	0	0	0	0	0	0	0	0	0	0	0	0	0	0	0	0	0	0	0	0	0	0	0	0	0	0	0	0	0	0	0	0	0	0	0	0	0	0	0	0	0	0	0	0	0
Sulfurihydrogenibium	0.000771899831053136	6.773198821709703e-06	6.733462615815557e-06	4.838397522740468e-06	9.303228087243016e-06	9.967486060470743e-07	3.927328709558332e-06	3.624895784246203e-05	4.858087176755024e-06	2.020548983158724e-05	3.123291949715e-05	1.225939030987141e-05	1.141958406760394e-05	7.803355442840421e-06	2.335233694619933e-05	1.186264246292183e-05	1.583076460331496e-05	2.706469816095376e-05	1.282923011790062e-05	9.625802283882022e-06	8.516539792635703e-06	9.345677935477441e-06	6.090184054497403e-07	1.251517464926223e-05	2.134243944082809e-05	2.717181608810624e-06	7.237443638407666e-06	1.214233979245099e-06	3.16298762255165e-05	1.695228440508501e-06	0	2.448628250200835e-05	2.635299574267354e-06	8.098871017380178e-06	1.044505327499423e-06	0	4.864646087267859e-06	4.126976453241062e-06	4.665341087752267e-06	1.470254648105052e-05	2.127206298487673e-07	6.540197415858997e-06	0	3.801826017035982e-06	7.179781734635267e-06	3.66999076079826e-06	4.211652378635972e-06	1.407897680253922e-05	8.882966910948258e-06	1.669687409471636e-06	1.383280291121218e-05	1.320436410835963e-06	3.114139438707507e-05	4.851848796984091e-06	3.013306762663924e-05	2.435994844460511e-07	1.356901813227893e-05	4.183929735084029e-06	8.199897091291504e-06	1.041250166600027e-05	8.882268074463859e-06	6.924932005823868e-06	0	1.289271025805099e-05	7.204081544439818e-06	6.148300071883875e-06	2.136788282565321e-05	6.526213843143756e-06	2.234675711309694e-05	1.016353121728613e-05	7.258803567701954e-06	4.733649383323827e-06	1.351260049996622e-05	1.342894743909972e-05	9.035990349562309e-06	6.942583446381734e-06	7.19699741267943e-07	5.525430448298892e-06	3.487656312396352e-06	1.116075580638321e-05	6.887835050126219e-06
Sulfurimicrobium	0	0	0	0	0	0	0	0	0	0	0	0	0	0	0	0	0	0	0	0	0	0	0	0	0	0	0	0	0	0	0	0	0	0	0	0	0	0	0	0	0	0	0	0	0	0	0	0	0	0	0	0	0	0	0	0	0	0	0	0	0	0	0	0	0	0	0	0	0	0	0	0	0	0	0	0	0	0	0	0	0
Sulfurimonas	0.002848401715192362	1.90881057702728e-05	1.178355957767722e-05	1.45151925682214e-05	2.658065167783718e-05	3.488620121164761e-05	9.163766988969442e-06	0.000471236451952	8.096811961258374e-06	0	0	9.19454273240356e-06	1.193865607067684e-05	3.901677721420211e-05	4.436944019777873e-05	8.896981847191371e-06	4.975383161041845e-05	3.129355724860278e-05	9.621922588425469e-06	3.850320913552809e-05	4.885804407354166e-05	4.361316369889472e-05	2.131564419074091e-06	6.883346057094226e-05	2.626761777332688e-05	1.3042471722291e-05	1.809360909601916e-05	3.035584948112747e-06	9.037107493004717e-06	2.373319816711901e-05	9.9535500995355e-05	4.614722471532342e-05	1.71294472327378e-05	3.239548406952071e-05	8.356042619995384e-06	2.864303616183315e-05	4.961939009013216e-05	5.718810228062614e-05	1.959443256855952e-05	3.465600241961908e-05	5.318015746219183e-07	1.417042773436116e-05	4.554756304270735e-05	2.281095610221589e-05	4.738655944859276e-05	7.890480135716258e-05	1.263495713590792e-05	1.407897680253922e-05	4.441483455474128e-05	2.838468596101781e-05	5.434315429404785e-05	1.485490962190459e-06	5.427500164604513e-05	7.399069415400739e-05	2.611532527642068e-05	3.410392782244716e-06	8.141410879367358e-06	1.255178920525209e-05	2.459969127387452e-05	2.394875383180061e-05	2.410901334497334e-05	1.990917951674362e-05	0	4.478520405428238e-05	6.123469312773845e-06	2.869206700212475e-05	1.958722592351544e-05	1.827339876080251e-05	3.972756820106122e-05	8.76604567490929e-05	1.905435936521763e-05	2.958530864577392e-05	4.504200166655406e-06	0.0001745763167082	0.0001019058911645	1.666220027131616e-05	1.919199310047848e-06	1.243221850867251e-05	1.743828156198176e-05	3.472235139763665e-05	6.715639173873064e-05
Sulfuriroseicoccus	0	0	0	0	0	0	0	0	0	0	0	0	0	0	0	0	0	0	0	0	0	0	0	0	0	0	0	0	0	0	0	0	0	0	0	0	0	0	0	0	0	0	0	0	0	0	0	0	0	0	0	0	0	0	0	0	0	0	0	0	0	0	0	0	0	0	0	0	0	0	0	0	0	0	0	0	0	0	0	0	0
Sulfuritalea	0	0	0	0	0	0	0	0	0	0	0	0	0	0	0	0	0	0	0	0	0	0	0	0	0	0	0	0	0	0	0	0	0	0	0	0	0	0	0	0	0	0	0	0	0	0	0	0	0	0	0	0	0	0	0	0	0	0	0	0	0	0	0	0	0	0	0	0	0	0	0	0	0	0	0	0	0	0	0	0	0
Sulfuritortus	0	0	0	0	0	0	0	0	0	0	0	0	0	0	0	0	0	0	0	0	0	0	0	0	0	0	0	0	0	0	0	0	0	0	0	0	0	0	0	0	0	0	0	0	0	0	0	0	0	0	0	0	0	0	0	0	0	0	0	0	0	0	0	0	0	0	0	0	0	0	0	0	0	0	0	0	0	0	0	0	0
Sulfurivermis	0	0	0	0	0	0	0	0	0	0	0	0	0	0	0	0	0	0	0	0	0	0	0	0	0	0	0	0	0	0	0	0	0	0	0	0	0	0	0	0	0	0	0	0	0	0	0	0	0	0	0	0	0	0	0	0	0	0	0	0	0	0	0	0	0	0	0	0	0	0	0	0	0	0	0	0	0	0	0	0	0
Sulfurivirga	0	0	0	0	0	0	0	0	0	0	0	0	0	0	0	0	0	0	0	0	0	0	0	0	0	0	0	0	0	0	0	0	0	0	0	0	0	0	0	0	0	0	0	0	0	0	0	0	0	0	0	0	0	0	0	0	0	0	0	0	0	0	0	0	0	0	0	0	0	0	0	0	0	0	0	0	0	0	0	0	0
Sulfurospirillum	0.1741456220276829	0.0005443188871264	0.0002457713854772	0.000503193342365	0.0002950452336239	0.0008113533653223	0.000319422735044	0.0118972100385447	0.0003918856989249	0.0010203772364951	0.0006246583899429	0.0012811062873815	0.0004749508828117	0.0013785927949018	0.0018238175154981	0.0003015088292659	0.0011963534964505	0.0100663761722397	0.0004618522842444	0.0017214143084342	0.0011959014824606	0.0009158764376767	0.0002009760737984	0.0021932843572832	0.002318117268496	0.0004081206776433	0.0008962367705561	0.0001548148323537	0.0004089291140584	0.0035481131259842	0.0019907100199071	0.0055913484313239	0.0003412712948676	0.0006560085524077	0.0003613988433148	0.0006158252774794	0.0010186568906738	0.0023205399028509	0.0012960317541775	0.0006689658648877	1.850669479684276e-05	0.0004332880788006	0.002254604370614	0.0010768672193254	0.0016973004020677	0.0010872347628864	0.0008444363019165	0.0004364482808787	0.0050899400399733	0.0006411599652371	0.0009663200890832	0.0001269269499916	0.0072381498096815	0.0008551383504684	0.0012434912573926	0.0001325181195386	0.0005644711543028	0.0003901514477965	0.0012115347952383	0.000661193855791	0.0008285887218035	0.0006751808705678	0.0001131781849048	0.0577505206279971	0.0003000499963259	0.000509796547627	0.0012722793565774	0.0003028163223218	0.0012737651554465	0.002323637324552	0.0006124615510248	0.0008615241877649	0.0007026552259982	0.0038406789675825	0.007972253485633201	0.000550546867298	0.0001564147437688	0.000407500495562	0.0003958489914569	0.001431056911174	0.0024348496902196
Sulfurovum	0.01050971654662951	4.802813709939608e-05	2.693385046326223e-05	4.838397522740468e-05	4.917420560399879e-05	0.0001505090395131	4.974616365440555e-05	0.0013819915177438	9.068429396609381e-05	0.0001010274491579	3.123291949715e-05	5.210240881695351e-05	4.619740827348866e-05	0.0001144492131616	0.0001245457970463	5.535899816030186e-05	0.0001334307302279	0.0001463185244326	9.942653341372985e-05	0.0001850293105679	0.0001999145656587	0.0001381083517131	3.380052150246059e-05	0.0001877276197389	0.0001411884455316	5.053957792387762e-05	7.478691759687922e-05	2.428467958490197e-05	7.907469056379124e-05	0.000106799391752	0.0002543685025436	0.000195890260016	4.150596829471082e-05	8.368833384626184e-05	2.29791172049873e-05	8.592910848549946e-05	0.0001391288780958	0.0001544668329641	7.651159383913718e-05	0.0001102690986078	3.509890392504661e-06	6.049682609669573e-05	0.0001919504442514	7.698697684497864e-05	0.0002082136703044	0.0003780090483622	7.159809043681152e-05	5.944456872183227e-05	0.0002842549411503	0.000217894206936	0.0001531488893741	1.617534603274055e-05	0.0002171000065841	0.0001164443711276	0.0001908427616353	2.14367546312525e-05	5.427607252911572e-05	5.75290338574054e-05	0.0001363232891427	7.288751166200187e-05	9.833939653870702e-05	0.0001713920671441	4.715757704369149e-06	0.0002849967530727	4.178367295775094e-05	0.0001116941179725	7.211660453657959e-05	4.437825413337754e-05	0.0001936718949801	0.0001854844447154	6.714393300124307e-05	6.153744198320975e-05	9.458820349976352e-05	0.000476727634088	0.0002595337228179	8.122822632266629e-05	3.430568766710528e-05	6.077973493128782e-05	7.498461071652156e-05	0.0001475699934399	0.0002186887628415
Sunxiuqinia	0	0	0	0	0	0	0	0	0	0	0	0	0	0	0	0	0	0	0	0	0	0	0	0	0	0	0	0	0	0	0	0	0	0	0	0	0	0	0	0	0	0	0	0	0	0	0	0	0	0	0	0	0	0	0	0	0	0	0	0	0	0	0	0	0	0	0	0	0	0	0	0	0	0	0	0	0	0	0	0	0
Superficieibacter	0	0	0	0	0	0	0	0	0	0	0	0	0	0	0	0	0	0	0	0	0	0	0	0	0	0	0	0	0	0	0	0	0	0	0	0	0	0	0	0	0	0	0	0	0	0	0	0	0	0	0	0	0	0	0	0	0	0	0	0	0	0	0	0	0	0	0	0	0	0	0	0	0	0	0	0	0	0	0	0	0
Sutcliffiella	0	0	0	0	0	0	0	0	0	0	0	0	0	0	0	0	0	0	0	0	0	0	0	0	0	0	0	0	0	0	0	0	0	0	0	0	0	0	0	0	0	0	0	0	0	0	0	0	0	0	0	0	0	0	0	0	0	0	0	0	0	0	0	0	0	0	0	0	0	0	0	0	0	0	0	0	0	0	0	0	0
Sutterella	0	0	0	0	0	0	0	0	0	0	0	0	0	0	0	0	0	0	0	0	0	0	0	0	0	0	0	0	0	0	0	0	0	0	0	0	0	0	0	0	0	0	0	0	0	0	0	0	0	0	0	0	0	0	0	0	0	0	0	0	0	0	0	0	0	0	0	0	0	0	0	0	0	0	0	0	0	0	0	0	0
Suttonella	0	0	0	0	0	0	0	0	0	0	0	0	0	0	0	0	0	0	0	0	0	0	0	0	0	0	0	0	0	0	0	0	0	0	0	0	0	0	0	0	0	0	0	0	0	0	0	0	0	0	0	0	0	0	0	0	0	0	0	0	0	0	0	0	0	0	0	0	0	0	0	0	0	0	0	0	0	0	0	0	0
Svornostia	0	0	0	0	0	0	0	0	0	0	0	0	0	0	0	0	0	0	0	0	0	0	0	0	0	0	0	0	0	0	0	0	0	0	0	0	0	0	0	0	0	0	0	0	0	0	0	0	0	0	0	0	0	0	0	0	0	0	0	0	0	0	0	0	0	0	0	0	0	0	0	0	0	0	0	0	0	0	0	0	0
Swingsia	0	0	0	0	0	0	0	0	0	0	0	0	0	0	0	0	0	0	0	0	0	0	0	0	0	0	0	0	0	0	0	0	0	0	0	0	0	0	0	0	0	0	0	0	0	0	0	0	0	0	0	0	0	0	0	0	0	0	0	0	0	0	0	0	0	0	0	0	0	0	0	0	0	0	0	0	0	0	0	0	0
Symbiobacterium	0	0	0	0	0	0	0	0	0	0	0	0	0	0	0	0	0	0	0	0	0	0	0	0	0	0	0	0	0	0	0	0	0	0	0	0	0	0	0	0	0	0	0	0	0	0	0	0	0	0	0	0	0	0	0	0	0	0	0	0	0	0	0	0	0	0	0	0	0	0	0	0	0	0	0	0	0	0	0	0	0
Symbiopectobacterium	0	0	0	0	0	0	0	0	0	0	0	0	0	0	0	0	0	0	0	0	0	0	0	0	0	0	0	0	0	0	0	0	0	0	0	0	0	0	0	0	0	0	0	0	0	0	0	0	0	0	0	0	0	0	0	0	0	0	0	0	0	0	0	0	0	0	0	0	0	0	0	0	0	0	0	0	0	0	0	0	0
Symmachiella	0	0	0	0	0	0	0	0	0	0	0	0	0	0	0	0	0	0	0	0	0	0	0	0	0	0	0	0	0	0	0	0	0	0	0	0	0	0	0	0	0	0	0	0	0	0	0	0	0	0	0	0	0	0	0	0	0	0	0	0	0	0	0	0	0	0	0	0	0	0	0	0	0	0	0	0	0	0	0	0	0
Synechococcus	0.1269488362424432	0.0013195422795385	0.0009056507218271	0.0012095993806851	0.0012173938468449	0.0008851127621698	0.0013025640220035	0.0038771281159	0.0022055715782467	0.0011820211551478	0.0014991801358631	0.0010267239384517	0.0010199764860382	0.0013603849655351	0.0025290580912733	0.0018614463131401	0.004961813934239	0.0015908967887735	0.0015683733819133	0.0013973456315435	0.0012447595265341	0.0014163894115545	0.000469248681399	0.0031006345193547	0.0011836845259105	0.0014259769083038	0.0013268646670414	0.0003861264053999	0.0045569614533476	0.001203612192761	0.0024330900243309	0.0019975155841061	0.0008525194122754	0.0011527393081404	0.0012241602438293	0.0017185821697099	0.0014666907953112	0.0011826735378859	0.0017411052939491	0.003507607517622	0.0001207189574391	0.0011957660941995	0.0016006715012151	0.0007641670294242	0.0013239517518667	0.0011386146335376	0.001271919018348	0.0024810285787585	0.0029313790806129	0.0011495797814212	0.0018921298267836	0.0002715147369781	0.0027511197555667	0.0017660729621022	0.0025994793005914	0.0003520012550245	0.0017015548737877	0.0009915913472149001	0.001382707647019	0.002020025323204	0.0017034921271382	0.0011253014509463	0.0002782297045577	0.0025880419433792	0.0003728112199247	0.0014166708082299	0.0019631742346068	0.0009998159607696	0.0023041989556615	0.0016350580845809	0.0009391077115714	0.0012331156643558	0.0022971420849942	0.0014301829022641	0.0016405342479094	0.0026666463017552	0.0002487762105649	0.0010746962221941	0.0015345687774543	0.0016257500957964	0.0016548023707928
Synechocystis	0.00186837190473305	7.388944169137858e-06	1.5150290885585e-05	1.935359009096187e-05	6.645162919459296e-06	1.694472630280027e-05	1.963664354779167e-05	5.437343676369305e-05	3.562597262953685e-05	3.030823474738086e-05	0	1.532423788733927e-05	1.193865607067684e-05	1.300559240473404e-05	3.580691665083897e-05	3.262226677303503e-05	4.296921820899776e-05	1.268657726294708e-05	1.924384517685094e-05	1.336916983872503e-05	8.964778729090214e-06	2.180658184944736e-05	4.263128838148182e-06	5.94470795839956e-05	1.149208277583051e-05	1.684652597462587e-05	1.809360909601916e-05	1.821350968867648e-06	8.133396743704242e-05	1.356182752406801e-05	5.529750055297501e-05	4.238010433039906e-05	9.882373403502576e-06	9.448682853610206e-06	1.35785692574925e-05	5.728607232366631e-05	2.529615965379287e-05	1.120179323022574e-05	2.985818296161451e-05	5.986036781570568e-05	1.276323779092604e-06	1.035531257511008e-05	1.626698680096691e-05	1.140547805110795e-05	1.579551981619759e-05	1.55974607333926e-05	3.158739283976979e-05	1.87719690700523e-05	2.664890073284477e-05	2.254078002786708e-05	4.347452343523827e-05	2.475818270317431e-06	3.025164026173008e-05	2.304628178567443e-05	4.821290820262279e-05	4.871989688921022e-06	3.663634895715311e-05	8.367859470168058e-06	1.434981990976013e-05	6.664001066240171e-05	2.664680422339158e-05	1.384986401164774e-05	0	4.071382186752944e-05	9.365306007771762e-06	1.998197523362259e-05	4.451642255344419e-05	1.566291322354501e-05	4.221054121362755e-05	1.52452968259292e-05	1.179555579751568e-05	1.420094814997148e-05	3.603360133324325e-05	3.357236859774931e-05	1.706798177139547e-05	2.221626702842155e-05	6.237397757655506e-06	1.588561253885932e-05	2.964507865536899e-05	1.984134365579237e-05	3.099525772556799e-05
Synergistes	0	0	0	0	0	0	0	0	0	0	0	0	0	0	0	0	0	0	0	0	0	0	0	0	0	0	0	0	0	0	0	0	0	0	0	0	0	0	0	0	0	0	0	0	0	0	0	0	0	0	0	0	0	0	0	0	0	0	0	0	0	0	0	0	0	0	0	0	0	0	0	0	0	0	0	0	0	0	0	0	0
Synoicihabitans	0	0	0	0	0	0	0	0	0	0	0	0	0	0	0	0	0	0	0	0	0	0	0	0	0	0	0	0	0	0	0	0	0	0	0	0	0	0	0	0	0	0	0	0	0	0	0	0	0	0	0	0	0	0	0	0	0	0	0	0	0	0	0	0	0	0	0	0	0	0	0	0	0	0	0	0	0	0	0	0	0
Syntrophaceticus	0	0	0	0	0	0	0	0	0	0	0	0	0	0	0	0	0	0	0	0	0	0	0	0	0	0	0	0	0	0	0	0	0	0	0	0	0	0	0	0	0	0	0	0	0	0	0	0	0	0	0	0	0	0	0	0	0	0	0	0	0	0	0	0	0	0	0	0	0	0	0	0	0	0	0	0	0	0	0	0	0
Syntrophobacter	0	0	0	0	0	0	0	0	0	0	0	0	0	0	0	0	0	0	0	0	0	0	0	0	0	0	0	0	0	0	0	0	0	0	0	0	0	0	0	0	0	0	0	0	0	0	0	0	0	0	0	0	0	0	0	0	0	0	0	0	0	0	0	0	0	0	0	0	0	0	0	0	0	0	0	0	0	0	0	0	0
Syntrophobotulus	0	0	0	0	0	0	0	0	0	0	0	0	0	0	0	0	0	0	0	0	0	0	0	0	0	0	0	0	0	0	0	0	0	0	0	0	0	0	0	0	0	0	0	0	0	0	0	0	0	0	0	0	0	0	0	0	0	0	0	0	0	0	0	0	0	0	0	0	0	0	0	0	0	0	0	0	0	0	0	0	0
Syntrophomonas	0	0	0	0	0	0	0	0	0	0	0	0	0	0	0	0	0	0	0	0	0	0	0	0	0	0	0	0	0	0	0	0	0	0	0	0	0	0	0	0	0	0	0	0	0	0	0	0	0	0	0	0	0	0	0	0	0	0	0	0	0	0	0	0	0	0	0	0	0	0	0	0	0	0	0	0	0	0	0	0	0
Syntrophorhabdus	0	0	0	0	0	0	0	0	0	0	0	0	0	0	0	0	0	0	0	0	0	0	0	0	0	0	0	0	0	0	0	0	0	0	0	0	0	0	0	0	0	0	0	0	0	0	0	0	0	0	0	0	0	0	0	0	0	0	0	0	0	0	0	0	0	0	0	0	0	0	0	0	0	0	0	0	0	0	0	0	0
Syntrophotalea	0	0	0	0	0	0	0	0	0	0	0	0	0	0	0	0	0	0	0	0	0	0	0	0	0	0	0	0	0	0	0	0	0	0	0	0	0	0	0	0	0	0	0	0	0	0	0	0	0	0	0	0	0	0	0	0	0	0	0	0	0	0	0	0	0	0	0	0	0	0	0	0	0	0	0	0	0	0	0	0	0
Syntrophothermus	0	0	0	0	0	0	0	0	0	0	0	0	0	0	0	0	0	0	0	0	0	0	0	0	0	0	0	0	0	0	0	0	0	0	0	0	0	0	0	0	0	0	0	0	0	0	0	0	0	0	0	0	0	0	0	0	0	0	0	0	0	0	0	0	0	0	0	0	0	0	0	0	0	0	0	0	0	0	0	0	0
Syntrophus	0	0	0	0	0	0	0	0	0	0	0	0	0	0	0	0	0	0	0	0	0	0	0	0	0	0	0	0	0	0	0	0	0	0	0	0	0	0	0	0	0	0	0	0	0	0	0	0	0	0	0	0	0	0	0	0	0	0	0	0	0	0	0	0	0	0	0	0	0	0	0	0	0	0	0	0	0	0	0	0	0
Tabrizicola	0	0	0	0	0	0	0	0	0	0	0	0	0	0	0	0	0	0	0	0	0	0	0	0	0	0	0	0	0	0	0	0	0	0	0	0	0	0	0	0	0	0	0	0	0	0	0	0	0	0	0	0	0	0	0	0	0	0	0	0	0	0	0	0	0	0	0	0	0	0	0	0	0	0	0	0	0	0	0	0	0
Tahibacter	0	0	0	0	0	0	0	0	0	0	0	0	0	0	0	0	0	0	0	0	0	0	0	0	0	0	0	0	0	0	0	0	0	0	0	0	0	0	0	0	0	0	0	0	0	0	0	0	0	0	0	0	0	0	0	0	0	0	0	0	0	0	0	0	0	0	0	0	0	0	0	0	0	0	0	0	0	0	0	0	0
Taibaiella	0	0	0	0	0	0	0	0	0	0	0	0	0	0	0	0	0	0	0	0	0	0	0	0	0	0	0	0	0	0	0	0	0	0	0	0	0	0	0	0	0	0	0	0	0	0	0	0	0	0	0	0	0	0	0	0	0	0	0	0	0	0	0	0	0	0	0	0	0	0	0	0	0	0	0	0	0	0	0	0	0
Taklimakanibacter	0	0	0	0	0	0	0	0	0	0	0	0	0	0	0	0	0	0	0	0	0	0	0	0	0	0	0	0	0	0	0	0	0	0	0	0	0	0	0	0	0	0	0	0	0	0	0	0	0	0	0	0	0	0	0	0	0	0	0	0	0	0	0	0	0	0	0	0	0	0	0	0	0	0	0	0	0	0	0	0	0
Tamlana	0	0	0	0	0	0	0	0	0	0	0	0	0	0	0	0	0	0	0	0	0	0	0	0	0	0	0	0	0	0	0	0	0	0	0	0	0	0	0	0	0	0	0	0	0	0	0	0	0	0	0	0	0	0	0	0	0	0	0	0	0	0	0	0	0	0	0	0	0	0	0	0	0	0	0	0	0	0	0	0	0
Tannerella	0.003461353485961431	1.23149069485631e-05	1.010019392372334e-05	9.676795045480936e-06	2.126452134226975e-05	2.990245818141224e-05	6.545547849263888e-06	0.0001132779932576	2.105171109927177e-05	3.030823474738086e-05	3.123291949715e-05	1.225939030987141e-05	3.114432018437438e-06	2.861230329041488e-05	7.784112315399776e-05	4.942767692884095e-05	4.749229380994488e-05	2.452738270836435e-05	2.245115270632609e-05	2.994694043874407e-05	2.913553086954319e-05	3.01138511254273e-05	3.349601229973572e-06	8.760622254483562e-05	3.611797443832446e-05	1.575965333110162e-05	2.291857152162428e-05	3.642701937735296e-06	0.0002507797329308	3.390456881017001e-05	4.423800044238e-05	0.0001563354959743	9.882373403502576e-06	3.914454325067086e-05	1.775659056749019e-05	2.864303616183315e-05	4.475474400286431e-05	4.480717292090296e-05	3.359045583181632e-05	1.050181891503608e-05	6.38161889546302e-07	3.706111868986766e-05	0.0001106155102465	3.041460813628786e-05	3.877082136703045e-05	8.807977825915823e-05	3.158739283976979e-05	2.346496133756537e-05	0.0001065956029313	2.33756237326029e-05	4.347452343523827e-05	1.815600064899449e-06	0.0001281245940496	5.458329896607102e-05	0.0001185233993314	3.897591751136818e-06	2.578113445132997e-05	2.405759597673317e-05	7.892400950368073e-05	1.770125283220045e-05	3.426017685864632e-05	2.59684950218395e-05	0	0.0002585327688588	5.763265235551854e-06	0.0001501209934218	3.027116733634205e-05	1.696815599217377e-05	1.738081108796428e-05	4.319500767346607e-05	2.26837611490686e-05	2.366824691661913e-05	2.252100083327703e-05	3.357236859774931e-05	9.788989545359166e-05	1.735645861595433e-05	2.638899051315791e-06	2.141104298715821e-05	1.918210971817993e-05	4.588310720401986e-05	6.026855668860442e-05
Tannockella	0	0	0	0	0	0	0	0	0	0	0	0	0	0	0	0	0	0	0	0	0	0	0	0	0	0	0	0	0	0	0	0	0	0	0	0	0	0	0	0	0	0	0	0	0	0	0	0	0	0	0	0	0	0	0	0	0	0	0	0	0	0	0	0	0	0	0	0	0	0	0	0	0	0	0	0	0	0	0	0	0
Tanticharoenia	0	0	0	0	0	0	0	0	0	0	0	0	0	0	0	0	0	0	0	0	0	0	0	0	0	0	0	0	0	0	0	0	0	0	0	0	0	0	0	0	0	0	0	0	0	0	0	0	0	0	0	0	0	0	0	0	0	0	0	0	0	0	0	0	0	0	0	0	0	0	0	0	0	0	0	0	0	0	0	0	0
Tardibacter	0	0	0	0	0	0	0	0	0	0	0	0	0	0	0	0	0	0	0	0	0	0	0	0	0	0	0	0	0	0	0	0	0	0	0	0	0	0	0	0	0	0	0	0	0	0	0	0	0	0	0	0	0	0	0	0	0	0	0	0	0	0	0	0	0	0	0	0	0	0	0	0	0	0	0	0	0	0	0	0	0
Tardiphaga	0	0	0	0	0	0	0	0	0	0	0	0	0	0	0	0	0	0	0	0	0	0	0	0	0	0	0	0	0	0	0	0	0	0	0	0	0	0	0	0	0	0	0	0	0	0	0	0	0	0	0	0	0	0	0	0	0	0	0	0	0	0	0	0	0	0	0	0	0	0	0	0	0	0	0	0	0	0	0	0	0
Tateyamaria	0	0	0	0	0	0	0	0	0	0	0	0	0	0	0	0	0	0	0	0	0	0	0	0	0	0	0	0	0	0	0	0	0	0	0	0	0	0	0	0	0	0	0	0	0	0	0	0	0	0	0	0	0	0	0	0	0	0	0	0	0	0	0	0	0	0	0	0	0	0	0	0	0	0	0	0	0	0	0	0	0
Tatlockia	0	0	0	0	0	0	0	0	0	0	0	0	0	0	0	0	0	0	0	0	0	0	0	0	0	0	0	0	0	0	0	0	0	0	0	0	0	0	0	0	0	0	0	0	0	0	0	0	0	0	0	0	0	0	0	0	0	0	0	0	0	0	0	0	0	0	0	0	0	0	0	0	0	0	0	0	0	0	0	0	0
Tatumella	0	0	0	0	0	0	0	0	0	0	0	0	0	0	0	0	0	0	0	0	0	0	0	0	0	0	0	0	0	0	0	0	0	0	0	0	0	0	0	0	0	0	0	0	0	0	0	0	0	0	0	0	0	0	0	0	0	0	0	0	0	0	0	0	0	0	0	0	0	0	0	0	0	0	0	0	0	0	0	0	0
Taurinivorans	0	0	0	0	0	0	0	0	0	0	0	0	0	0	0	0	0	0	0	0	0	0	0	0	0	0	0	0	0	0	0	0	0	0	0	0	0	0	0	0	0	0	0	0	0	0	0	0	0	0	0	0	0	0	0	0	0	0	0	0	0	0	0	0	0	0	0	0	0	0	0	0	0	0	0	0	0	0	0	0	0
Tautonia	0	0	0	0	0	0	0	0	0	0	0	0	0	0	0	0	0	0	0	0	0	0	0	0	0	0	0	0	0	0	0	0	0	0	0	0	0	0	0	0	0	0	0	0	0	0	0	0	0	0	0	0	0	0	0	0	0	0	0	0	0	0	0	0	0	0	0	0	0	0	0	0	0	0	0	0	0	0	0	0	0
Taylorella	0.006459321637246288	3.263450341369221e-05	5.050096961861667e-05	7.741436036384749e-05	3.189678201340462e-05	3.388945260560053e-05	0.0001086560942977	5.588381000712896e-05	0.0001133553674576	4.041097966317448e-05	6.24658389943e-05	3.218089956341246e-05	0.000377884418237	3.64156587332553e-05	4.125579527161881e-05	0.0001433402630936	0.0001085538144227	0.0002401991961784	6.093884306002797e-05	4.812901141941011e-05	5.109923875581422e-05	2.699862514693483e-05	1.43119325280689e-05	6.257587324631115e-05	4.432660499248911e-05	0.0001961805121561	8.202436123528688e-05	1.032098882358334e-05	5.196336808477711e-05	7.967573670389953e-05	5.529750055297501e-05	7.251706740979394e-05	2.24000463812725e-05	7.154002732019157e-05	2.29791172049873e-05	8.592910848549946e-05	5.934868226466788e-05	0.0002541038359066	0.0002164718264717	5.986036781570568e-05	1.808125353714522e-06	3.324600353061657e-05	7.482813928444778e-05	4.752282521294978e-05	4.882251579551982e-05	0.0001633145888555	0.0001368787023056	0.000183026698433	3.553186764379303e-05	3.756796671311181e-05	0.0001936592407569	6.602182054179817e-06	0.0001156680362948	0.0001297869553193	4.419516585240422e-05	8.379822264944158e-05	0.0001139797523111	3.765536761575626e-05	2.562467841028595e-05	6.976376116220179e-05	5.836919020361965e-05	3.375904352839135e-05	0	0.0001818550710082	1.18867345483257e-05	4.764932555710003e-05	8.636185975368174e-05	1.957864152943127e-05	5.214243326389285e-05	5.335853889075221e-05	3.175726560869605e-05	4.496966914157635e-05	5.405040199986487e-05	0.0001141460532323	4.668595013940525e-05	0.0001256607603795	1.055559620526316e-05	2.624579462941974e-05	0.0002842439894603	0.0001984134365579	0.0001584202061529
Telluria	0	0	0	0	0	0	0	0	0	0	0	0	0	0	0	0	0	0	0	0	0	0	0	0	0	0	0	0	0	0	0	0	0	0	0	0	0	0	0	0	0	0	0	0	0	0	0	0	0	0	0	0	0	0	0	0	0	0	0	0	0	0	0	0	0	0	0	0	0	0	0	0	0	0	0	0	0	0	0	0	0
Telluribacter	0	0	0	0	0	0	0	0	0	0	0	0	0	0	0	0	0	0	0	0	0	0	0	0	0	0	0	0	0	0	0	0	0	0	0	0	0	0	0	0	0	0	0	0	0	0	0	0	0	0	0	0	0	0	0	0	0	0	0	0	0	0	0	0	0	0	0	0	0	0	0	0	0	0	0	0	0	0	0	0	0
Tellurirhabdus	0	0	0	0	0	0	0	0	0	0	0	0	0	0	0	0	0	0	0	0	0	0	0	0	0	0	0	0	0	0	0	0	0	0	0	0	0	0	0	0	0	0	0	0	0	0	0	0	0	0	0	0	0	0	0	0	0	0	0	0	0	0	0	0	0	0	0	0	0	0	0	0	0	0	0	0	0	0	0	0	0
Telmatobacter	0	0	0	0	0	0	0	0	0	0	0	0	0	0	0	0	0	0	0	0	0	0	0	0	0	0	0	0	0	0	0	0	0	0	0	0	0	0	0	0	0	0	0	0	0	0	0	0	0	0	0	0	0	0	0	0	0	0	0	0	0	0	0	0	0	0	0	0	0	0	0	0	0	0	0	0	0	0	0	0	0
Telmatocola	0	0	0	0	0	0	0	0	0	0	0	0	0	0	0	0	0	0	0	0	0	0	0	0	0	0	0	0	0	0	0	0	0	0	0	0	0	0	0	0	0	0	0	0	0	0	0	0	0	0	0	0	0	0	0	0	0	0	0	0	0	0	0	0	0	0	0	0	0	0	0	0	0	0	0	0	0	0	0	0	0
Telmatospirillum	0	0	0	0	0	0	0	0	0	0	0	0	0	0	0	0	0	0	0	0	0	0	0	0	0	0	0	0	0	0	0	0	0	0	0	0	0	0	0	0	0	0	0	0	0	0	0	0	0	0	0	0	0	0	0	0	0	0	0	0	0	0	0	0	0	0	0	0	0	0	0	0	0	0	0	0	0	0	0	0	0
Temperatibacter	0	0	0	0	0	0	0	0	0	0	0	0	0	0	0	0	0	0	0	0	0	0	0	0	0	0	0	0	0	0	0	0	0	0	0	0	0	0	0	0	0	0	0	0	0	0	0	0	0	0	0	0	0	0	0	0	0	0	0	0	0	0	0	0	0	0	0	0	0	0	0	0	0	0	0	0	0	0	0	0	0
Tenacibaculum	0	0	0	0	0	0	0	0	0	0	0	0	0	0	0	0	0	0	0	0	0	0	0	0	0	0	0	0	0	0	0	0	0	0	0	0	0	0	0	0	0	0	0	0	0	0	0	0	0	0	0	0	0	0	0	0	0	0	0	0	0	0	0	0	0	0	0	0	0	0	0	0	0	0	0	0	0	0	0	0	0
Tenuifilum	0	0	0	0	0	0	0	0	0	0	0	0	0	0	0	0	0	0	0	0	0	0	0	0	0	0	0	0	0	0	0	0	0	0	0	0	0	0	0	0	0	0	0	0	0	0	0	0	0	0	0	0	0	0	0	0	0	0	0	0	0	0	0	0	0	0	0	0	0	0	0	0	0	0	0	0	0	0	0	0	0
Tepidamorphus	0	0	0	0	0	0	0	0	0	0	0	0	0	0	0	0	0	0	0	0	0	0	0	0	0	0	0	0	0	0	0	0	0	0	0	0	0	0	0	0	0	0	0	0	0	0	0	0	0	0	0	0	0	0	0	0	0	0	0	0	0	0	0	0	0	0	0	0	0	0	0	0	0	0	0	0	0	0	0	0	0
Tepidanaerobacter	0	0	0	0	0	0	0	0	0	0	0	0	0	0	0	0	0	0	0	0	0	0	0	0	0	0	0	0	0	0	0	0	0	0	0	0	0	0	0	0	0	0	0	0	0	0	0	0	0	0	0	0	0	0	0	0	0	0	0	0	0	0	0	0	0	0	0	0	0	0	0	0	0	0	0	0	0	0	0	0	0
Tepidibacillus	0	0	0	0	0	0	0	0	0	0	0	0	0	0	0	0	0	0	0	0	0	0	0	0	0	0	0	0	0	0	0	0	0	0	0	0	0	0	0	0	0	0	0	0	0	0	0	0	0	0	0	0	0	0	0	0	0	0	0	0	0	0	0	0	0	0	0	0	0	0	0	0	0	0	0	0	0	0	0	0	0
Tepidibacter	0	0	0	0	0	0	0	0	0	0	0	0	0	0	0	0	0	0	0	0	0	0	0	0	0	0	0	0	0	0	0	0	0	0	0	0	0	0	0	0	0	0	0	0	0	0	0	0	0	0	0	0	0	0	0	0	0	0	0	0	0	0	0	0	0	0	0	0	0	0	0	0	0	0	0	0	0	0	0	0	0
Tepidicaulis	0	0	0	0	0	0	0	0	0	0	0	0	0	0	0	0	0	0	0	0	0	0	0	0	0	0	0	0	0	0	0	0	0	0	0	0	0	0	0	0	0	0	0	0	0	0	0	0	0	0	0	0	0	0	0	0	0	0	0	0	0	0	0	0	0	0	0	0	0	0	0	0	0	0	0	0	0	0	0	0	0
Tepidicella	0	0	0	0	0	0	0	0	0	0	0	0	0	0	0	0	0	0	0	0	0	0	0	0	0	0	0	0	0	0	0	0	0	0	0	0	0	0	0	0	0	0	0	0	0	0	0	0	0	0	0	0	0	0	0	0	0	0	0	0	0	0	0	0	0	0	0	0	0	0	0	0	0	0	0	0	0	0	0	0	0
Tepidiforma	0	0	0	0	0	0	0	0	0	0	0	0	0	0	0	0	0	0	0	0	0	0	0	0	0	0	0	0	0	0	0	0	0	0	0	0	0	0	0	0	0	0	0	0	0	0	0	0	0	0	0	0	0	0	0	0	0	0	0	0	0	0	0	0	0	0	0	0	0	0	0	0	0	0	0	0	0	0	0	0	0
Tepidimonas	0	0	0	0	0	0	0	0	0	0	0	0	0	0	0	0	0	0	0	0	0	0	0	0	0	0	0	0	0	0	0	0	0	0	0	0	0	0	0	0	0	0	0	0	0	0	0	0	0	0	0	0	0	0	0	0	0	0	0	0	0	0	0	0	0	0	0	0	0	0	0	0	0	0	0	0	0	0	0	0	0
Tepidiphilus	0	0	0	0	0	0	0	0	0	0	0	0	0	0	0	0	0	0	0	0	0	0	0	0	0	0	0	0	0	0	0	0	0	0	0	0	0	0	0	0	0	0	0	0	0	0	0	0	0	0	0	0	0	0	0	0	0	0	0	0	0	0	0	0	0	0	0	0	0	0	0	0	0	0	0	0	0	0	0	0	0
Tepiditoga	0	0	0	0	0	0	0	0	0	0	0	0	0	0	0	0	0	0	0	0	0	0	0	0	0	0	0	0	0	0	0	0	0	0	0	0	0	0	0	0	0	0	0	0	0	0	0	0	0	0	0	0	0	0	0	0	0	0	0	0	0	0	0	0	0	0	0	0	0	0	0	0	0	0	0	0	0	0	0	0	0
Terasakiella	0	0	0	0	0	0	0	0	0	0	0	0	0	0	0	0	0	0	0	0	0	0	0	0	0	0	0	0	0	0	0	0	0	0	0	0	0	0	0	0	0	0	0	0	0	0	0	0	0	0	0	0	0	0	0	0	0	0	0	0	0	0	0	0	0	0	0	0	0	0	0	0	0	0	0	0	0	0	0	0	0
Teredinibacter	0	0	0	0	0	0	0	0	0	0	0	0	0	0	0	0	0	0	0	0	0	0	0	0	0	0	0	0	0	0	0	0	0	0	0	0	0	0	0	0	0	0	0	0	0	0	0	0	0	0	0	0	0	0	0	0	0	0	0	0	0	0	0	0	0	0	0	0	0	0	0	0	0	0	0	0	0	0	0	0	0
Teretinema	0	0	0	0	0	0	0	0	0	0	0	0	0	0	0	0	0	0	0	0	0	0	0	0	0	0	0	0	0	0	0	0	0	0	0	0	0	0	0	0	0	0	0	0	0	0	0	0	0	0	0	0	0	0	0	0	0	0	0	0	0	0	0	0	0	0	0	0	0	0	0	0	0	0	0	0	0	0	0	0	0
Termitidicoccus	0	0	0	0	0	0	0	0	0	0	0	0	0	0	0	0	0	0	0	0	0	0	0	0	0	0	0	0	0	0	0	0	0	0	0	0	0	0	0	0	0	0	0	0	0	0	0	0	0	0	0	0	0	0	0	0	0	0	0	0	0	0	0	0	0	0	0	0	0	0	0	0	0	0	0	0	0	0	0	0	0
Terrabacter	0	0	0	0	0	0	0	0	0	0	0	0	0	0	0	0	0	0	0	0	0	0	0	0	0	0	0	0	0	0	0	0	0	0	0	0	0	0	0	0	0	0	0	0	0	0	0	0	0	0	0	0	0	0	0	0	0	0	0	0	0	0	0	0	0	0	0	0	0	0	0	0	0	0	0	0	0	0	0	0	0
Terracidiphilus	0	0	0	0	0	0	0	0	0	0	0	0	0	0	0	0	0	0	0	0	0	0	0	0	0	0	0	0	0	0	0	0	0	0	0	0	0	0	0	0	0	0	0	0	0	0	0	0	0	0	0	0	0	0	0	0	0	0	0	0	0	0	0	0	0	0	0	0	0	0	0	0	0	0	0	0	0	0	0	0	0
Terribacillus	0	0	0	0	0	0	0	0	0	0	0	0	0	0	0	0	0	0	0	0	0	0	0	0	0	0	0	0	0	0	0	0	0	0	0	0	0	0	0	0	0	0	0	0	0	0	0	0	0	0	0	0	0	0	0	0	0	0	0	0	0	0	0	0	0	0	0	0	0	0	0	0	0	0	0	0	0	0	0	0	0
Terribium	0	0	0	0	0	0	0	0	0	0	0	0	0	0	0	0	0	0	0	0	0	0	0	0	0	0	0	0	0	0	0	0	0	0	0	0	0	0	0	0	0	0	0	0	0	0	0	0	0	0	0	0	0	0	0	0	0	0	0	0	0	0	0	0	0	0	0	0	0	0	0	0	0	0	0	0	0	0	0	0	0
Terricaulis	0	0	0	0	0	0	0	0	0	0	0	0	0	0	0	0	0	0	0	0	0	0	0	0	0	0	0	0	0	0	0	0	0	0	0	0	0	0	0	0	0	0	0	0	0	0	0	0	0	0	0	0	0	0	0	0	0	0	0	0	0	0	0	0	0	0	0	0	0	0	0	0	0	0	0	0	0	0	0	0	0
Terriglobus	0.0006246107989560796	4.310217431997084e-06	6.733462615815557e-06	9.676795045480936e-06	0	3.986994424188298e-06	6.545547849263888e-06	2.265559865153877e-05	4.858087176755024e-06	1.010274491579362e-05	0	3.064847577467853e-06	8.824224052239407e-06	0	2.179551448311937e-05	1.087408892434501e-05	2.035384020426209e-05	4.228859087649025e-06	0	6.417201522588015e-06	1.792955745818043e-06	4.153634637989973e-06	2.131564419074091e-06	1.564396831157779e-05	3.28345222166586e-06	5.977799539383374e-06	2.412481212802555e-06	6.071169896225493e-07	4.518553746502357e-05	3.390456881017001e-06	1.1059500110595e-05	1.97773820208529e-05	6.588248935668384e-07	2.699623672460059e-06	8.356042619995384e-06	0	1.070222139198929e-05	2.358272258994893e-06	6.531477522853174e-06	2.730472917909382e-05	4.254412596975346e-07	7.630230318502165e-06	1.626698680096691e-05	1.900913008517991e-06	7.179781734635267e-06	0	2.105826189317986e-06	1.720763831421461e-05	0	6.678749637886543e-06	1.284474556041131e-05	1.155381859481468e-06	1.690532838155504e-05	3.638886597738068e-06	4.017742350218565e-06	9.743979377842045e-07	1.221211631905104e-05	6.275894602626044e-06	6.149922818468628e-06	5.206250833000133e-06	7.613372635254737e-06	4.328082503639917e-06	0	1.289271025805099e-05	7.204081544439818e-07	1.024716678647312e-05	1.513558366817102e-05	5.220971074515004e-06	2.979567615079592e-05	5.081765608643067e-06	3.629401783850977e-06	8.283886420816697e-06	2.252100083327703e-05	6.714473719549861e-06	4.517995174781154e-06	1.874497530523068e-05	7.19699741267943e-07	1.381357612074723e-06	1.046296893718905e-05	2.480167956974046e-06	6.887835050126219e-06
Terrihabitans	0	0	0	0	0	0	0	0	0	0	0	0	0	0	0	0	0	0	0	0	0	0	0	0	0	0	0	0	0	0	0	0	0	0	0	0	0	0	0	0	0	0	0	0	0	0	0	0	0	0	0	0	0	0	0	0	0	0	0	0	0	0	0	0	0	0	0	0	0	0	0	0	0	0	0	0	0	0	0	0	0
Terrilactibacillus	0	0	0	0	0	0	0	0	0	0	0	0	0	0	0	0	0	0	0	0	0	0	0	0	0	0	0	0	0	0	0	0	0	0	0	0	0	0	0	0	0	0	0	0	0	0	0	0	0	0	0	0	0	0	0	0	0	0	0	0	0	0	0	0	0	0	0	0	0	0	0	0	0	0	0	0	0	0	0	0	0
Terrimesophilobacter	0	0	0	0	0	0	0	0	0	0	0	0	0	0	0	0	0	0	0	0	0	0	0	0	0	0	0	0	0	0	0	0	0	0	0	0	0	0	0	0	0	0	0	0	0	0	0	0	0	0	0	0	0	0	0	0	0	0	0	0	0	0	0	0	0	0	0	0	0	0	0	0	0	0	0	0	0	0	0	0	0
Terrimicrobium	0	0	0	0	0	0	0	0	0	0	0	0	0	0	0	0	0	0	0	0	0	0	0	0	0	0	0	0	0	0	0	0	0	0	0	0	0	0	0	0	0	0	0	0	0	0	0	0	0	0	0	0	0	0	0	0	0	0	0	0	0	0	0	0	0	0	0	0	0	0	0	0	0	0	0	0	0	0	0	0	0
Terrimonas	0	0	0	0	0	0	0	0	0	0	0	0	0	0	0	0	0	0	0	0	0	0	0	0	0	0	0	0	0	0	0	0	0	0	0	0	0	0	0	0	0	0	0	0	0	0	0	0	0	0	0	0	0	0	0	0	0	0	0	0	0	0	0	0	0	0	0	0	0	0	0	0	0	0	0	0	0	0	0	0	0
Terrirubrum	0	0	0	0	0	0	0	0	0	0	0	0	0	0	0	0	0	0	0	0	0	0	0	0	0	0	0	0	0	0	0	0	0	0	0	0	0	0	0	0	0	0	0	0	0	0	0	0	0	0	0	0	0	0	0	0	0	0	0	0	0	0	0	0	0	0	0	0	0	0	0	0	0	0	0	0	0	0	0	0	0
Terrisporobacter	0	0	0	0	0	0	0	0	0	0	0	0	0	0	0	0	0	0	0	0	0	0	0	0	0	0	0	0	0	0	0	0	0	0	0	0	0	0	0	0	0	0	0	0	0	0	0	0	0	0	0	0	0	0	0	0	0	0	0	0	0	0	0	0	0	0	0	0	0	0	0	0	0	0	0	0	0	0	0	0	0
Tersicoccus	0	0	0	0	0	0	0	0	0	0	0	0	0	0	0	0	0	0	0	0	0	0	0	0	0	0	0	0	0	0	0	0	0	0	0	0	0	0	0	0	0	0	0	0	0	0	0	0	0	0	0	0	0	0	0	0	0	0	0	0	0	0	0	0	0	0	0	0	0	0	0	0	0	0	0	0	0	0	0	0	0
Tessaracoccus	0	0	0	0	0	0	0	0	0	0	0	0	0	0	0	0	0	0	0	0	0	0	0	0	0	0	0	0	0	0	0	0	0	0	0	0	0	0	0	0	0	0	0	0	0	0	0	0	0	0	0	0	0	0	0	0	0	0	0	0	0	0	0	0	0	0	0	0	0	0	0	0	0	0	0	0	0	0	0	0	0
Testudinibacter	0	0	0	0	0	0	0	0	0	0	0	0	0	0	0	0	0	0	0	0	0	0	0	0	0	0	0	0	0	0	0	0	0	0	0	0	0	0	0	0	0	0	0	0	0	0	0	0	0	0	0	0	0	0	0	0	0	0	0	0	0	0	0	0	0	0	0	0	0	0	0	0	0	0	0	0	0	0	0	0	0
Tetragenococcus	0	0	0	0	0	0	0	0	0	0	0	0	0	0	0	0	0	0	0	0	0	0	0	0	0	0	0	0	0	0	0	0	0	0	0	0	0	0	0	0	0	0	0	0	0	0	0	0	0	0	0	0	0	0	0	0	0	0	0	0	0	0	0	0	0	0	0	0	0	0	0	0	0	0	0	0	0	0	0	0	0
Tetrasphaera	0	0	0	0	0	0	0	0	0	0	0	0	0	0	0	0	0	0	0	0	0	0	0	0	0	0	0	0	0	0	0	0	0	0	0	0	0	0	0	0	0	0	0	0	0	0	0	0	0	0	0	0	0	0	0	0	0	0	0	0	0	0	0	0	0	0	0	0	0	0	0	0	0	0	0	0	0	0	0	0	0
Thalassobacillus	0	0	0	0	0	0	0	0	0	0	0	0	0	0	0	0	0	0	0	0	0	0	0	0	0	0	0	0	0	0	0	0	0	0	0	0	0	0	0	0	0	0	0	0	0	0	0	0	0	0	0	0	0	0	0	0	0	0	0	0	0	0	0	0	0	0	0	0	0	0	0	0	0	0	0	0	0	0	0	0	0
Thalassobacter	0	0	0	0	0	0	0	0	0	0	0	0	0	0	0	0	0	0	0	0	0	0	0	0	0	0	0	0	0	0	0	0	0	0	0	0	0	0	0	0	0	0	0	0	0	0	0	0	0	0	0	0	0	0	0	0	0	0	0	0	0	0	0	0	0	0	0	0	0	0	0	0	0	0	0	0	0	0	0	0	0
Thalassobacterium	0	0	0	0	0	0	0	0	0	0	0	0	0	0	0	0	0	0	0	0	0	0	0	0	0	0	0	0	0	0	0	0	0	0	0	0	0	0	0	0	0	0	0	0	0	0	0	0	0	0	0	0	0	0	0	0	0	0	0	0	0	0	0	0	0	0	0	0	0	0	0	0	0	0	0	0	0	0	0	0	0
Thalassobaculum	0	0	0	0	0	0	0	0	0	0	0	0	0	0	0	0	0	0	0	0	0	0	0	0	0	0	0	0	0	0	0	0	0	0	0	0	0	0	0	0	0	0	0	0	0	0	0	0	0	0	0	0	0	0	0	0	0	0	0	0	0	0	0	0	0	0	0	0	0	0	0	0	0	0	0	0	0	0	0	0	0
Thalassobellus	0	0	0	0	0	0	0	0	0	0	0	0	0	0	0	0	0	0	0	0	0	0	0	0	0	0	0	0	0	0	0	0	0	0	0	0	0	0	0	0	0	0	0	0	0	0	0	0	0	0	0	0	0	0	0	0	0	0	0	0	0	0	0	0	0	0	0	0	0	0	0	0	0	0	0	0	0	0	0	0	0
Thalassobium	0	0	0	0	0	0	0	0	0	0	0	0	0	0	0	0	0	0	0	0	0	0	0	0	0	0	0	0	0	0	0	0	0	0	0	0	0	0	0	0	0	0	0	0	0	0	0	0	0	0	0	0	0	0	0	0	0	0	0	0	0	0	0	0	0	0	0	0	0	0	0	0	0	0	0	0	0	0	0	0	0
Thalassobius	0	0	0	0	0	0	0	0	0	0	0	0	0	0	0	0	0	0	0	0	0	0	0	0	0	0	0	0	0	0	0	0	0	0	0	0	0	0	0	0	0	0	0	0	0	0	0	0	0	0	0	0	0	0	0	0	0	0	0	0	0	0	0	0	0	0	0	0	0	0	0	0	0	0	0	0	0	0	0	0	0
Thalassococcus	0	0	0	0	0	0	0	0	0	0	0	0	0	0	0	0	0	0	0	0	0	0	0	0	0	0	0	0	0	0	0	0	0	0	0	0	0	0	0	0	0	0	0	0	0	0	0	0	0	0	0	0	0	0	0	0	0	0	0	0	0	0	0	0	0	0	0	0	0	0	0	0	0	0	0	0	0	0	0	0	0
Thalassoglobus	0	0	0	0	0	0	0	0	0	0	0	0	0	0	0	0	0	0	0	0	0	0	0	0	0	0	0	0	0	0	0	0	0	0	0	0	0	0	0	0	0	0	0	0	0	0	0	0	0	0	0	0	0	0	0	0	0	0	0	0	0	0	0	0	0	0	0	0	0	0	0	0	0	0	0	0	0	0	0	0	0
Thalassolituus	0	0	0	0	0	0	0	0	0	0	0	0	0	0	0	0	0	0	0	0	0	0	0	0	0	0	0	0	0	0	0	0	0	0	0	0	0	0	0	0	0	0	0	0	0	0	0	0	0	0	0	0	0	0	0	0	0	0	0	0	0	0	0	0	0	0	0	0	0	0	0	0	0	0	0	0	0	0	0	0	0
Thalassomonas	0	0	0	0	0	0	0	0	0	0	0	0	0	0	0	0	0	0	0	0	0	0	0	0	0	0	0	0	0	0	0	0	0	0	0	0	0	0	0	0	0	0	0	0	0	0	0	0	0	0	0	0	0	0	0	0	0	0	0	0	0	0	0	0	0	0	0	0	0	0	0	0	0	0	0	0	0	0	0	0	0
Thalassoporum	0	0	0	0	0	0	0	0	0	0	0	0	0	0	0	0	0	0	0	0	0	0	0	0	0	0	0	0	0	0	0	0	0	0	0	0	0	0	0	0	0	0	0	0	0	0	0	0	0	0	0	0	0	0	0	0	0	0	0	0	0	0	0	0	0	0	0	0	0	0	0	0	0	0	0	0	0	0	0	0	0
Thalassospira	0	0	0	0	0	0	0	0	0	0	0	0	0	0	0	0	0	0	0	0	0	0	0	0	0	0	0	0	0	0	0	0	0	0	0	0	0	0	0	0	0	0	0	0	0	0	0	0	0	0	0	0	0	0	0	0	0	0	0	0	0	0	0	0	0	0	0	0	0	0	0	0	0	0	0	0	0	0	0	0	0
Thalassotalea	0	0	0	0	0	0	0	0	0	0	0	0	0	0	0	0	0	0	0	0	0	0	0	0	0	0	0	0	0	0	0	0	0	0	0	0	0	0	0	0	0	0	0	0	0	0	0	0	0	0	0	0	0	0	0	0	0	0	0	0	0	0	0	0	0	0	0	0	0	0	0	0	0	0	0	0	0	0	0	0	0
Thalassovita	0	0	0	0	0	0	0	0	0	0	0	0	0	0	0	0	0	0	0	0	0	0	0	0	0	0	0	0	0	0	0	0	0	0	0	0	0	0	0	0	0	0	0	0	0	0	0	0	0	0	0	0	0	0	0	0	0	0	0	0	0	0	0	0	0	0	0	0	0	0	0	0	0	0	0	0	0	0	0	0	0
Thauera	0.1163707658683695	0.0006637734845275	0.0008534663865546	0.000595122895297	0.0007562195402344	0.0012868024504067	0.0006859734146028	0.0023546718865165	0.001757008195593	0.0016063364416111	0.0011712344811431	0.0006451504150569	0.0009016280693376	0.0015086487189491	0.0034592595129636	0.0034302807788615	0.0005405075343131	0.0009201997374724	0.0016485560701502	0.0033524530287586	0.0029857195557234	0.0029355812803994	0.0002012805830011	0.001933594483311	0.0012805463664496	0.0010129653037646	0.001160403463358	0.0001402440246028	0.0073505573071227	0.0015426578808627	0.0019685910196859	0.0009879273209464001	0.0006640954927152999	0.0015792798483891	0.001796549163299	0.0004869316147511	0.0020981218574386	0.0009780934194181001	0.0010077136749544	0.0005198400362942	1.903849637146468e-05	0.0018672263622277	0.001867450084751	0.0007033378131516	0.0018437679494543	0.0020028974577056	0.0009707858732755	0.0020930745513108	0.0022562735953808	0.0007739001142901	0.0003547125889375	9.507142158018936e-05	0.002215487772109	0.0012190270102422	0.0016854429159166	0.000227765517957	0.0011045180759675	0.0010198328729267	0.0022652215714692	0.0012765727042516	0.0012244840988368	0.0009262096557789	5.187333474806065e-05	0.0092542517104894	0.000121748978101	0.0018829168970144	0.0008226634887876	0.0003798256456709	0.0015518581328539	0.0015613724832555	0.0003946974439937	0.0006532436148986	0.0014548566538296	0.0009131684258587	0.001797660080099	0.0009872353660754	0.0001036367627425	0.0006644330114079	0.0009765437674708999	0.0021279841070837	0.0018907107212596
Thaumasiovibrio	0	0	0	0	0	0	0	0	0	0	0	0	0	0	0	0	0	0	0	0	0	0	0	0	0	0	0	0	0	0	0	0	0	0	0	0	0	0	0	0	0	0	0	0	0	0	0	0	0	0	0	0	0	0	0	0	0	0	0	0	0	0	0	0	0	0	0	0	0	0	0	0	0	0	0	0	0	0	0	0	0
Thermacetogenium	0	0	0	0	0	0	0	0	0	0	0	0	0	0	0	0	0	0	0	0	0	0	0	0	0	0	0	0	0	0	0	0	0	0	0	0	0	0	0	0	0	0	0	0	0	0	0	0	0	0	0	0	0	0	0	0	0	0	0	0	0	0	0	0	0	0	0	0	0	0	0	0	0	0	0	0	0	0	0	0	0
Thermaerobacillus	0	0	0	0	0	0	0	0	0	0	0	0	0	0	0	0	0	0	0	0	0	0	0	0	0	0	0	0	0	0	0	0	0	0	0	0	0	0	0	0	0	0	0	0	0	0	0	0	0	0	0	0	0	0	0	0	0	0	0	0	0	0	0	0	0	0	0	0	0	0	0	0	0	0	0	0	0	0	0	0	0
Thermaerobacter	0	0	0	0	0	0	0	0	0	0	0	0	0	0	0	0	0	0	0	0	0	0	0	0	0	0	0	0	0	0	0	0	0	0	0	0	0	0	0	0	0	0	0	0	0	0	0	0	0	0	0	0	0	0	0	0	0	0	0	0	0	0	0	0	0	0	0	0	0	0	0	0	0	0	0	0	0	0	0	0	0
Thermanaeromonas	0	0	0	0	0	0	0	0	0	0	0	0	0	0	0	0	0	0	0	0	0	0	0	0	0	0	0	0	0	0	0	0	0	0	0	0	0	0	0	0	0	0	0	0	0	0	0	0	0	0	0	0	0	0	0	0	0	0	0	0	0	0	0	0	0	0	0	0	0	0	0	0	0	0	0	0	0	0	0	0	0
Thermanaerosceptrum	0	0	0	0	0	0	0	0	0	0	0	0	0	0	0	0	0	0	0	0	0	0	0	0	0	0	0	0	0	0	0	0	0	0	0	0	0	0	0	0	0	0	0	0	0	0	0	0	0	0	0	0	0	0	0	0	0	0	0	0	0	0	0	0	0	0	0	0	0	0	0	0	0	0	0	0	0	0	0	0	0
Thermanaerothrix	0	0	0	0	0	0	0	0	0	0	0	0	0	0	0	0	0	0	0	0	0	0	0	0	0	0	0	0	0	0	0	0	0	0	0	0	0	0	0	0	0	0	0	0	0	0	0	0	0	0	0	0	0	0	0	0	0	0	0	0	0	0	0	0	0	0	0	0	0	0	0	0	0	0	0	0	0	0	0	0	0
Thermanaerovibrio	0	0	0	0	0	0	0	0	0	0	0	0	0	0	0	0	0	0	0	0	0	0	0	0	0	0	0	0	0	0	0	0	0	0	0	0	0	0	0	0	0	0	0	0	0	0	0	0	0	0	0	0	0	0	0	0	0	0	0	0	0	0	0	0	0	0	0	0	0	0	0	0	0	0	0	0	0	0	0	0	0
Thermatribacter	0	0	0	0	0	0	0	0	0	0	0	0	0	0	0	0	0	0	0	0	0	0	0	0	0	0	0	0	0	0	0	0	0	0	0	0	0	0	0	0	0	0	0	0	0	0	0	0	0	0	0	0	0	0	0	0	0	0	0	0	0	0	0	0	0	0	0	0	0	0	0	0	0	0	0	0	0	0	0	0	0
Thermaurantiacus	0	0	0	0	0	0	0	0	0	0	0	0	0	0	0	0	0	0	0	0	0	0	0	0	0	0	0	0	0	0	0	0	0	0	0	0	0	0	0	0	0	0	0	0	0	0	0	0	0	0	0	0	0	0	0	0	0	0	0	0	0	0	0	0	0	0	0	0	0	0	0	0	0	0	0	0	0	0	0	0	0
Thermaurantimonas	0	0	0	0	0	0	0	0	0	0	0	0	0	0	0	0	0	0	0	0	0	0	0	0	0	0	0	0	0	0	0	0	0	0	0	0	0	0	0	0	0	0	0	0	0	0	0	0	0	0	0	0	0	0	0	0	0	0	0	0	0	0	0	0	0	0	0	0	0	0	0	0	0	0	0	0	0	0	0	0	0
Thermicanus	0	0	0	0	0	0	0	0	0	0	0	0	0	0	0	0	0	0	0	0	0	0	0	0	0	0	0	0	0	0	0	0	0	0	0	0	0	0	0	0	0	0	0	0	0	0	0	0	0	0	0	0	0	0	0	0	0	0	0	0	0	0	0	0	0	0	0	0	0	0	0	0	0	0	0	0	0	0	0	0	0
Thermincola	0	0	0	0	0	0	0	0	0	0	0	0	0	0	0	0	0	0	0	0	0	0	0	0	0	0	0	0	0	0	0	0	0	0	0	0	0	0	0	0	0	0	0	0	0	0	0	0	0	0	0	0	0	0	0	0	0	0	0	0	0	0	0	0	0	0	0	0	0	0	0	0	0	0	0	0	0	0	0	0	0
Thermithiobacillus	0	0	0	0	0	0	0	0	0	0	0	0	0	0	0	0	0	0	0	0	0	0	0	0	0	0	0	0	0	0	0	0	0	0	0	0	0	0	0	0	0	0	0	0	0	0	0	0	0	0	0	0	0	0	0	0	0	0	0	0	0	0	0	0	0	0	0	0	0	0	0	0	0	0	0	0	0	0	0	0	0
Thermoactinomyces	0	0	0	0	0	0	0	0	0	0	0	0	0	0	0	0	0	0	0	0	0	0	0	0	0	0	0	0	0	0	0	0	0	0	0	0	0	0	0	0	0	0	0	0	0	0	0	0	0	0	0	0	0	0	0	0	0	0	0	0	0	0	0	0	0	0	0	0	0	0	0	0	0	0	0	0	0	0	0	0	0
Thermoanaerobacter	0.1504409076741524	0.0010085908790873	0.0010403199741435	0.0022256628604606	0.001584206839999	0.001187127589802	0.0011323797779226	0.0035720327207259	0.001242050954857	0.0019397270238323	0.0018895916295775	0.0023584002108615	0.0012540779594241	0.0013369748992066	0.0011987532965715	0.0015372007524869	0.0032339990546771	0.0035767690163335	0.0017832629863881	0.0016203433844534	0.0018942577454567	0.0015389216333752	0.0013693778846537	0.002925422074265	0.0023493100646019	0.0019465889045519	0.0018672604587091	0.0004456238703829	0.0016854205474453	0.0016901427551869	0.0033067905330679	0.0030278230093829	0.0010224962348157	0.0024863534023357	0.0008491828312569999	0.0024633011099176	0.0012531328320802	0.0020676152030737	0.0019221205281539	0.0023681601653406	4.807486234582142e-05	0.0007504876534698	0.002456315006946	0.0015273836023442	0.0022558874210224	0.0014193689267387	0.0015604172062846	0.0017019918623514	0.0033932933599822	0.0012856593052931	0.003924563797381	0.0005299901643992	0.0038277222472341	0.0026600261029465	0.0044757649781434	0.0003727072112024	0.0013189085624575	0.0015595598087525	0.0013427331486989	0.0045065307210449	0.0017961214942005	0.0013382431101254	0.0005045860743674001	0.0051367271922866	0.0005554346870763	0.0014812279589846	0.0020628910211266	0.001363978693217	0.0018696786784624	0.002007297415414	0.0023001333805155	0.001126608553231	0.001436839853163	0.0026320736980635	0.0020672337921943	0.00089212197286	0.0003073117895214	0.0017405105912141	0.0023803254332105	0.0016617125311726	0.0016616902058429
Thermoanaerobacterium	0.009381654637796064	4.802813709939608e-05	3.535067873303168e-05	0.0001499903232049	0.0001608129426509	4.485368727211835e-05	6.938280720219721e-05	0.0002371285992194	0.0001101166426731	0.0001313356839053	0.0001561645974857	6.742664670429278e-05	6.6441216393332e-05	9.103914683313824e-05	8.095476808015767e-05	0.0001087408892434	0.0003143537542658	0.0001243284571768	9.621922588425468e-05	5.561574652909613e-05	8.964778729090214e-05	9.657200533326688e-05	2.466524542071448e-05	0.0001439245084665	0.0001034287449824	0.0001065135190653	0.0001170053388209	7.892520865093141e-06	0.0002010756417193	7.798050826339103e-05	0.0002101305021013	0.0002589895264635	6.654131425025068e-05	8.908758119118196e-05	2.29791172049873e-05	0.0002291442892946	3.891716869814287e-05	5.129242163313892e-05	0.0001726176202468	0.0002373411074798	2.233566613412057e-06	4.578138191101298e-05	0.0001268824970475	4.752282521294978e-05	0.0001019529006318	4.403988912957912e-05	0.0002042651403638	0.0001423540987812	0.0002220741727737	3.756796671311181e-05	0.0002855485743814	5.611854746052844e-06	0.0002562491880993	0.0001977128384771	0.0002531177680637	1.924435927123804e-05	9.90538323656362e-05	7.426475279774152e-05	7.27740866852121e-05	0.0003144575503132	0.0001275239916405	7.011493655896666e-05	4.715757704369149e-06	0.0003155321194733	5.403061158329863e-06	9.068742606028716e-05	0.0001584784642902	6.91778667373238e-05	0.0001390464887037	0.0001181510504009	9.799384816397636e-05	7.692180247901219e-05	0.0001666554061662	0.0001544328955496	0.0001239938675745	0.0001020559766618	1.055559620526316e-05	9.807639045730536e-05	0.0001272994554024	0.0001661712531172	0.0001119273195645
Thermoanaerobaculum	0	0	0	0	0	0	0	0	0	0	0	0	0	0	0	0	0	0	0	0	0	0	0	0	0	0	0	0	0	0	0	0	0	0	0	0	0	0	0	0	0	0	0	0	0	0	0	0	0	0	0	0	0	0	0	0	0	0	0	0	0	0	0	0	0	0	0	0	0	0	0	0	0	0	0	0	0	0	0	0	0
Thermobacillus	0	0	0	0	0	0	0	0	0	0	0	0	0	0	0	0	0	0	0	0	0	0	0	0	0	0	0	0	0	0	0	0	0	0	0	0	0	0	0	0	0	0	0	0	0	0	0	0	0	0	0	0	0	0	0	0	0	0	0	0	0	0	0	0	0	0	0	0	0	0	0	0	0	0	0	0	0	0	0	0	0
Thermobaculum	0	0	0	0	0	0	0	0	0	0	0	0	0	0	0	0	0	0	0	0	0	0	0	0	0	0	0	0	0	0	0	0	0	0	0	0	0	0	0	0	0	0	0	0	0	0	0	0	0	0	0	0	0	0	0	0	0	0	0	0	0	0	0	0	0	0	0	0	0	0	0	0	0	0	0	0	0	0	0	0	0
Thermobifida	0	0	0	0	0	0	0	0	0	0	0	0	0	0	0	0	0	0	0	0	0	0	0	0	0	0	0	0	0	0	0	0	0	0	0	0	0	0	0	0	0	0	0	0	0	0	0	0	0	0	0	0	0	0	0	0	0	0	0	0	0	0	0	0	0	0	0	0	0	0	0	0	0	0	0	0	0	0	0	0	0
Thermobispora	0	0	0	0	0	0	0	0	0	0	0	0	0	0	0	0	0	0	0	0	0	0	0	0	0	0	0	0	0	0	0	0	0	0	0	0	0	0	0	0	0	0	0	0	0	0	0	0	0	0	0	0	0	0	0	0	0	0	0	0	0	0	0	0	0	0	0	0	0	0	0	0	0	0	0	0	0	0	0	0	0
Thermobrachium	0	0	0	0	0	0	0	0	0	0	0	0	0	0	0	0	0	0	0	0	0	0	0	0	0	0	0	0	0	0	0	0	0	0	0	0	0	0	0	0	0	0	0	0	0	0	0	0	0	0	0	0	0	0	0	0	0	0	0	0	0	0	0	0	0	0	0	0	0	0	0	0	0	0	0	0	0	0	0	0	0
Thermocaproicibacter	0	0	0	0	0	0	0	0	0	0	0	0	0	0	0	0	0	0	0	0	0	0	0	0	0	0	0	0	0	0	0	0	0	0	0	0	0	0	0	0	0	0	0	0	0	0	0	0	0	0	0	0	0	0	0	0	0	0	0	0	0	0	0	0	0	0	0	0	0	0	0	0	0	0	0	0	0	0	0	0	0
Thermochromatium	0	0	0	0	0	0	0	0	0	0	0	0	0	0	0	0	0	0	0	0	0	0	0	0	0	0	0	0	0	0	0	0	0	0	0	0	0	0	0	0	0	0	0	0	0	0	0	0	0	0	0	0	0	0	0	0	0	0	0	0	0	0	0	0	0	0	0	0	0	0	0	0	0	0	0	0	0	0	0	0	0
Thermoclostridium	0	0	0	0	0	0	0	0	0	0	0	0	0	0	0	0	0	0	0	0	0	0	0	0	0	0	0	0	0	0	0	0	0	0	0	0	0	0	0	0	0	0	0	0	0	0	0	0	0	0	0	0	0	0	0	0	0	0	0	0	0	0	0	0	0	0	0	0	0	0	0	0	0	0	0	0	0	0	0	0	0
Thermocoleostomius	0	0	0	0	0	0	0	0	0	0	0	0	0	0	0	0	0	0	0	0	0	0	0	0	0	0	0	0	0	0	0	0	0	0	0	0	0	0	0	0	0	0	0	0	0	0	0	0	0	0	0	0	0	0	0	0	0	0	0	0	0	0	0	0	0	0	0	0	0	0	0	0	0	0	0	0	0	0	0	0	0
Thermocrinis	0.0002798635067573005	0	1.683365653953889e-06	4.838397522740468e-06	0	0	1.309109569852777e-06	9.062239460615506e-06	1.619362392251675e-06	0	0	1.532423788733927e-06	3.114432018437438e-06	0	8.562523546939755e-06	9.88553538576819e-07	9.046151201894265e-06	8.45771817529805e-07	0	5.347667935490012e-07	0	1.038408659497493e-06	0	1.251517464926223e-05	1.64172611083293e-06	2.1737452870485e-06	3.618721819203833e-06	0	3.388915309876768e-06	1.695228440508501e-06	1.1059500110595e-05	5.085612519647887e-05	0	1.34981183623003e-06	0	0	3.405252261087501e-06	0	0	1.680291026405774e-05	4.254412596975346e-07	1.090032902643166e-06	0	5.702739025553973e-06	1.435956346927053e-06	0	2.105826189317986e-06	0	2.664890073284477e-05	0	3.952229403203479e-06	0	4.448770626725011e-06	0	2.41064541013114e-05	0	5.427607252911572e-06	0	4.099948545645752e-06	5.206250833000133e-06	6.344477196045614e-07	8.656165007279835e-07	0	9.499891769090204e-06	0	2.049433357294625e-06	8.903284510688838e-07	1.305242768628751e-06	9.931892050265304e-06	1.270441402160767e-06	0	0	4.504200166655406e-06	0	0	0	4.79799827511962e-07	3.453394030186808e-06	0	2.480167956974046e-06	5.165876287594665e-06
Thermocrispum	0	0	0	0	0	0	0	0	0	0	0	0	0	0	0	0	0	0	0	0	0	0	0	0	0	0	0	0	0	0	0	0	0	0	0	0	0	0	0	0	0	0	0	0	0	0	0	0	0	0	0	0	0	0	0	0	0	0	0	0	0	0	0	0	0	0	0	0	0	0	0	0	0	0	0	0	0	0	0	0	0
Thermodesulfatator	0	0	0	0	0	0	0	0	0	0	0	0	0	0	0	0	0	0	0	0	0	0	0	0	0	0	0	0	0	0	0	0	0	0	0	0	0	0	0	0	0	0	0	0	0	0	0	0	0	0	0	0	0	0	0	0	0	0	0	0	0	0	0	0	0	0	0	0	0	0	0	0	0	0	0	0	0	0	0	0	0
Thermodesulfitimonas	0	0	0	0	0	0	0	0	0	0	0	0	0	0	0	0	0	0	0	0	0	0	0	0	0	0	0	0	0	0	0	0	0	0	0	0	0	0	0	0	0	0	0	0	0	0	0	0	0	0	0	0	0	0	0	0	0	0	0	0	0	0	0	0	0	0	0	0	0	0	0	0	0	0	0	0	0	0	0	0	0
Thermodesulfobacterium	0.0007936606729113339	3.078726737140774e-06	1.683365653953889e-06	1.935359009096187e-05	1.329032583891859e-06	0	1.309109569852777e-06	1.812447892123101e-05	1.94323487070201e-05	0	0	3.064847577467853e-06	5.190720030729063e-07	0	2.257392571465935e-05	1.482830307865229e-05	2.261537800473566e-06	3.38308727011922e-06	1.924384517685094e-05	2.673833967745006e-06	2.241194682272553e-06	0	1.21803681089948e-06	3.128793662315558e-06	0	1.630308965286375e-06	2.412481212802555e-06	0	0.0001920385342263	6.780913762034003e-06	0	1.789382182839071e-05	6.588248935668384e-07	0	0	0	5.837575304721431e-06	5.895680647487231e-07	1.026375039305499e-05	3.885672998563352e-05	1.063603149243837e-07	5.450164513215832e-07	9.760192080580148e-06	1.900913008517991e-06	1.435956346927053e-06	9.17497690199565e-07	2.105826189317986e-06	9.385984535026148e-06	1.776593382189652e-05	1.669687409471636e-06	7.904458806406959e-06	0	2.402336138431505e-05	1.212962199246023e-06	8.03548470043713e-06	2.435994844460511e-06	5.427607252911572e-06	3.137947301313022e-06	1.024987136411438e-06	1.041250166600027e-05	3.806686317627369e-06	2.59684950218395e-06	0	2.103547463155688e-05	7.204081544439818e-07	7.173016750531188e-06	8.903284510688838e-06	5.220971074515004e-06	2.482973012566326e-05	5.081765608643067e-06	1.814700891925488e-06	1.183412345830957e-06	0.0001531428056662	1.342894743909972e-05	3.513996247052008e-06	9.025358480296252e-06	9.59599655023924e-07	1.381357612074723e-06	1.743828156198176e-06	2.480167956974046e-06	0
Thermodesulfobium	0	0	0	0	0	0	0	0	0	0	0	0	0	0	0	0	0	0	0	0	0	0	0	0	0	0	0	0	0	0	0	0	0	0	0	0	0	0	0	0	0	0	0	0	0	0	0	0	0	0	0	0	0	0	0	0	0	0	0	0	0	0	0	0	0	0	0	0	0	0	0	0	0	0	0	0	0	0	0	0	0
Thermodesulfomicrobium	0	0	0	0	0	0	0	0	0	0	0	0	0	0	0	0	0	0	0	0	0	0	0	0	0	0	0	0	0	0	0	0	0	0	0	0	0	0	0	0	0	0	0	0	0	0	0	0	0	0	0	0	0	0	0	0	0	0	0	0	0	0	0	0	0	0	0	0	0	0	0	0	0	0	0	0	0	0	0	0	0
Thermodesulfovibrio	0	0	0	0	0	0	0	0	0	0	0	0	0	0	0	0	0	0	0	0	0	0	0	0	0	0	0	0	0	0	0	0	0	0	0	0	0	0	0	0	0	0	0	0	0	0	0	0	0	0	0	0	0	0	0	0	0	0	0	0	0	0	0	0	0	0	0	0	0	0	0	0	0	0	0	0	0	0	0	0	0
Thermoflavifilum	0	0	0	0	0	0	0	0	0	0	0	0	0	0	0	0	0	0	0	0	0	0	0	0	0	0	0	0	0	0	0	0	0	0	0	0	0	0	0	0	0	0	0	0	0	0	0	0	0	0	0	0	0	0	0	0	0	0	0	0	0	0	0	0	0	0	0	0	0	0	0	0	0	0	0	0	0	0	0	0	0
Thermoflavimicrobium	0	0	0	0	0	0	0	0	0	0	0	0	0	0	0	0	0	0	0	0	0	0	0	0	0	0	0	0	0	0	0	0	0	0	0	0	0	0	0	0	0	0	0	0	0	0	0	0	0	0	0	0	0	0	0	0	0	0	0	0	0	0	0	0	0	0	0	0	0	0	0	0	0	0	0	0	0	0	0	0	0
Thermoflexus	0	0	0	0	0	0	0	0	0	0	0	0	0	0	0	0	0	0	0	0	0	0	0	0	0	0	0	0	0	0	0	0	0	0	0	0	0	0	0	0	0	0	0	0	0	0	0	0	0	0	0	0	0	0	0	0	0	0	0	0	0	0	0	0	0	0	0	0	0	0	0	0	0	0	0	0	0	0	0	0	0
Thermogemmatispora	0	0	0	0	0	0	0	0	0	0	0	0	0	0	0	0	0	0	0	0	0	0	0	0	0	0	0	0	0	0	0	0	0	0	0	0	0	0	0	0	0	0	0	0	0	0	0	0	0	0	0	0	0	0	0	0	0	0	0	0	0	0	0	0	0	0	0	0	0	0	0	0	0	0	0	0	0	0	0	0	0
Thermogutta	0	0	0	0	0	0	0	0	0	0	0	0	0	0	0	0	0	0	0	0	0	0	0	0	0	0	0	0	0	0	0	0	0	0	0	0	0	0	0	0	0	0	0	0	0	0	0	0	0	0	0	0	0	0	0	0	0	0	0	0	0	0	0	0	0	0	0	0	0	0	0	0	0	0	0	0	0	0	0	0	0
Thermohahella	0	0	0	0	0	0	0	0	0	0	0	0	0	0	0	0	0	0	0	0	0	0	0	0	0	0	0	0	0	0	0	0	0	0	0	0	0	0	0	0	0	0	0	0	0	0	0	0	0	0	0	0	0	0	0	0	0	0	0	0	0	0	0	0	0	0	0	0	0	0	0	0	0	0	0	0	0	0	0	0	0
Thermohalobaculum	0	0	0	0	0	0	0	0	0	0	0	0	0	0	0	0	0	0	0	0	0	0	0	0	0	0	0	0	0	0	0	0	0	0	0	0	0	0	0	0	0	0	0	0	0	0	0	0	0	0	0	0	0	0	0	0	0	0	0	0	0	0	0	0	0	0	0	0	0	0	0	0	0	0	0	0	0	0	0	0	0
Thermoleophilum	0	0	0	0	0	0	0	0	0	0	0	0	0	0	0	0	0	0	0	0	0	0	0	0	0	0	0	0	0	0	0	0	0	0	0	0	0	0	0	0	0	0	0	0	0	0	0	0	0	0	0	0	0	0	0	0	0	0	0	0	0	0	0	0	0	0	0	0	0	0	0	0	0	0	0	0	0	0	0	0	0
Thermoleptolyngbya	0	0	0	0	0	0	0	0	0	0	0	0	0	0	0	0	0	0	0	0	0	0	0	0	0	0	0	0	0	0	0	0	0	0	0	0	0	0	0	0	0	0	0	0	0	0	0	0	0	0	0	0	0	0	0	0	0	0	0	0	0	0	0	0	0	0	0	0	0	0	0	0	0	0	0	0	0	0	0	0	0
Thermomicrobium	0	0	0	0	0	0	0	0	0	0	0	0	0	0	0	0	0	0	0	0	0	0	0	0	0	0	0	0	0	0	0	0	0	0	0	0	0	0	0	0	0	0	0	0	0	0	0	0	0	0	0	0	0	0	0	0	0	0	0	0	0	0	0	0	0	0	0	0	0	0	0	0	0	0	0	0	0	0	0	0	0
Thermomonas	0	0	0	0	0	0	0	0	0	0	0	0	0	0	0	0	0	0	0	0	0	0	0	0	0	0	0	0	0	0	0	0	0	0	0	0	0	0	0	0	0	0	0	0	0	0	0	0	0	0	0	0	0	0	0	0	0	0	0	0	0	0	0	0	0	0	0	0	0	0	0	0	0	0	0	0	0	0	0	0	0
Thermomonospora	0	0	0	0	0	0	0	0	0	0	0	0	0	0	0	0	0	0	0	0	0	0	0	0	0	0	0	0	0	0	0	0	0	0	0	0	0	0	0	0	0	0	0	0	0	0	0	0	0	0	0	0	0	0	0	0	0	0	0	0	0	0	0	0	0	0	0	0	0	0	0	0	0	0	0	0	0	0	0	0	0
Thermonema	0	0	0	0	0	0	0	0	0	0	0	0	0	0	0	0	0	0	0	0	0	0	0	0	0	0	0	0	0	0	0	0	0	0	0	0	0	0	0	0	0	0	0	0	0	0	0	0	0	0	0	0	0	0	0	0	0	0	0	0	0	0	0	0	0	0	0	0	0	0	0	0	0	0	0	0	0	0	0	0	0
Thermopetrobacter	0	0	0	0	0	0	0	0	0	0	0	0	0	0	0	0	0	0	0	0	0	0	0	0	0	0	0	0	0	0	0	0	0	0	0	0	0	0	0	0	0	0	0	0	0	0	0	0	0	0	0	0	0	0	0	0	0	0	0	0	0	0	0	0	0	0	0	0	0	0	0	0	0	0	0	0	0	0	0	0	0
Thermophagus	0	0	0	0	0	0	0	0	0	0	0	0	0	0	0	0	0	0	0	0	0	0	0	0	0	0	0	0	0	0	0	0	0	0	0	0	0	0	0	0	0	0	0	0	0	0	0	0	0	0	0	0	0	0	0	0	0	0	0	0	0	0	0	0	0	0	0	0	0	0	0	0	0	0	0	0	0	0	0	0	0
Thermophilibacter	0	0	0	0	0	0	0	0	0	0	0	0	0	0	0	0	0	0	0	0	0	0	0	0	0	0	0	0	0	0	0	0	0	0	0	0	0	0	0	0	0	0	0	0	0	0	0	0	0	0	0	0	0	0	0	0	0	0	0	0	0	0	0	0	0	0	0	0	0	0	0	0	0	0	0	0	0	0	0	0	0
Thermopolyspora	0	0	0	0	0	0	0	0	0	0	0	0	0	0	0	0	0	0	0	0	0	0	0	0	0	0	0	0	0	0	0	0	0	0	0	0	0	0	0	0	0	0	0	0	0	0	0	0	0	0	0	0	0	0	0	0	0	0	0	0	0	0	0	0	0	0	0	0	0	0	0	0	0	0	0	0	0	0	0	0	0
Thermorudis	0	0	0	0	0	0	0	0	0	0	0	0	0	0	0	0	0	0	0	0	0	0	0	0	0	0	0	0	0	0	0	0	0	0	0	0	0	0	0	0	0	0	0	0	0	0	0	0	0	0	0	0	0	0	0	0	0	0	0	0	0	0	0	0	0	0	0	0	0	0	0	0	0	0	0	0	0	0	0	0	0
Thermosediminibacter	0	0	0	0	0	0	0	0	0	0	0	0	0	0	0	0	0	0	0	0	0	0	0	0	0	0	0	0	0	0	0	0	0	0	0	0	0	0	0	0	0	0	0	0	0	0	0	0	0	0	0	0	0	0	0	0	0	0	0	0	0	0	0	0	0	0	0	0	0	0	0	0	0	0	0	0	0	0	0	0	0
Thermosinus	0	0	0	0	0	0	0	0	0	0	0	0	0	0	0	0	0	0	0	0	0	0	0	0	0	0	0	0	0	0	0	0	0	0	0	0	0	0	0	0	0	0	0	0	0	0	0	0	0	0	0	0	0	0	0	0	0	0	0	0	0	0	0	0	0	0	0	0	0	0	0	0	0	0	0	0	0	0	0	0	0
Thermosipho	0.0008214597071136826	5.541708126853393e-06	1.683365653953889e-06	4.838397522740468e-06	3.987097751675578e-06	2.990245818141223e-06	1.832753397793888e-05	2.416597189497469e-05	1.457426153026507e-05	1.010274491579362e-05	0	2.911605198594461e-05	1.349587207989556e-05	2.601118480946807e-06	9.340934778479732e-06	5.931321231460914e-06	2.71384536056828e-05	2.114429543824513e-05	6.414615058950312e-06	6.951968316137016e-06	3.137672555181575e-06	5.192043297487466e-06	1.522546013624351e-06	6.257587324631115e-06	2.955106999499273e-05	1.793339861815012e-05	7.237443638407666e-06	6.071169896225493e-07	7.907469056379125e-06	3.390456881017001e-06	3.3178500331785e-05	2.071916211708398e-05	3.952949361401031e-06	6.749059181150148e-06	1.044505327499423e-06	2.864303616183315e-05	3.891716869814287e-06	7.664384841733401e-06	1.679522791590816e-05	1.365236458954691e-05	2.127206298487673e-07	3.270098707929499e-06	0	8.55410853833096e-06	7.179781734635267e-06	1.192746997259434e-05	6.317478567953958e-06	1.095031529086384e-05	6.218076837663779e-05	2.504531114207453e-06	1.877308966521653e-05	0	1.423606600552004e-05	2.062035738718238e-05	2.41064541013114e-05	0	8.141410879367358e-06	7.32187703639705e-06	3.074961409234314e-06	1.353625216580035e-05	4.44113403723193e-06	8.656165007279834e-06	0	4.071382186752944e-06	1.080612231665973e-06	5.123583393236563e-07	1.068394141282661e-05	3.915728305886253e-06	2.731270313822959e-05	1.52452968259292e-05	7.258803567701954e-06	3.55023703749287e-06	1.801680066662162e-05	2.014342115864958e-05	9.53798981342688e-06	2.777033378552694e-06	7.19699741267943e-07	6.216109254336254e-06	1.39506252495854e-05	6.200419892435115e-06	6.887835050126219e-06
Thermospira	0	0	0	0	0	0	0	0	0	0	0	0	0	0	0	0	0	0	0	0	0	0	0	0	0	0	0	0	0	0	0	0	0	0	0	0	0	0	0	0	0	0	0	0	0	0	0	0	0	0	0	0	0	0	0	0	0	0	0	0	0	0	0	0	0	0	0	0	0	0	0	0	0	0	0	0	0	0	0	0	0
Thermosulfidibacter	0	0	0	0	0	0	0	0	0	0	0	0	0	0	0	0	0	0	0	0	0	0	0	0	0	0	0	0	0	0	0	0	0	0	0	0	0	0	0	0	0	0	0	0	0	0	0	0	0	0	0	0	0	0	0	0	0	0	0	0	0	0	0	0	0	0	0	0	0	0	0	0	0	0	0	0	0	0	0	0	0
Thermosulfurimonas	0	0	0	0	0	0	0	0	0	0	0	0	0	0	0	0	0	0	0	0	0	0	0	0	0	0	0	0	0	0	0	0	0	0	0	0	0	0	0	0	0	0	0	0	0	0	0	0	0	0	0	0	0	0	0	0	0	0	0	0	0	0	0	0	0	0	0	0	0	0	0	0	0	0	0	0	0	0	0	0	0
Thermosulfuriphilus	0	0	0	0	0	0	0	0	0	0	0	0	0	0	0	0	0	0	0	0	0	0	0	0	0	0	0	0	0	0	0	0	0	0	0	0	0	0	0	0	0	0	0	0	0	0	0	0	0	0	0	0	0	0	0	0	0	0	0	0	0	0	0	0	0	0	0	0	0	0	0	0	0	0	0	0	0	0	0	0	0
Thermosynechococcus	0	0	0	0	0	0	0	0	0	0	0	0	0	0	0	0	0	0	0	0	0	0	0	0	0	0	0	0	0	0	0	0	0	0	0	0	0	0	0	0	0	0	0	0	0	0	0	0	0	0	0	0	0	0	0	0	0	0	0	0	0	0	0	0	0	0	0	0	0	0	0	0	0	0	0	0	0	0	0	0	0
Thermosyntropha	0	0	0	0	0	0	0	0	0	0	0	0	0	0	0	0	0	0	0	0	0	0	0	0	0	0	0	0	0	0	0	0	0	0	0	0	0	0	0	0	0	0	0	0	0	0	0	0	0	0	0	0	0	0	0	0	0	0	0	0	0	0	0	0	0	0	0	0	0	0	0	0	0	0	0	0	0	0	0	0	0
Thermotoga	0.03614150130028896	0.0002142793809049	0.0001296191553544	0.0002322430810915	0.0003216258853018	0.0001903789837549	0.0002225486268749	0.0014907383912712	0.0005052410663825	0.0003940070517159	0.0005465760912001	0.0002773687057608	0.0002745890896255	0.0003173364546755	0.0005238707588264	0.0004161810397408	0.0011759996562462	0.0002934828206828	0.000311108830359	0.0002759396654712	0.0002873211582673	0.0003115225978492	0.0002463479450044	0.0007915847965658	0.0002971524260607	0.0003195405571961	0.0002762290988658	0.0001050312392047	0.0013781588926832	0.0002746270073623	0.0010395930103959	0.0007920370609303	0.000261553482746	0.0002497151897025	0.0001504087671599	0.0006015037593984	0.0002544209903641	0.0002098862310505	0.0004553372901646	0.0010060742520604	2.02084598356329e-05	0.000196750938927	0.000471742617228	0.0002186049959795	0.0003618609994256	0.000308279223907	0.0003516729736161	0.0007133348246619	0.0012347324006218	0.0002638106106965	0.0009228455656479999	0.0001630738967382	0.0008577229768325	0.0005458329896607	0.0009039920287991	9.987578862288096e-05	0.0005522590379837	0.0003043808882273	0.0003228709479696	0.0008028038784486	0.0003629040956138	0.0002960408432489	5.187333474806065e-05	0.0015688392692954	6.807857059495627e-05	0.0004093743131196	0.0004843386773814	0.0003850466167454	0.0007473748767824	0.0004154343385065	0.0003130359038571	0.0002650843654661	0.0007386888273314	0.0004700131603684	0.0004226835485739	0.0003589315641779	5.757597930143544e-05	0.0003487927970488	0.0004481638361429	0.000471231911825	0.0004201579380576
Thermotomaculum	0	0	0	0	0	0	0	0	0	0	0	0	0	0	0	0	0	0	0	0	0	0	0	0	0	0	0	0	0	0	0	0	0	0	0	0	0	0	0	0	0	0	0	0	0	0	0	0	0	0	0	0	0	0	0	0	0	0	0	0	0	0	0	0	0	0	0	0	0	0	0	0	0	0	0	0	0	0	0	0	0
Thermovenabulum	0	0	0	0	0	0	0	0	0	0	0	0	0	0	0	0	0	0	0	0	0	0	0	0	0	0	0	0	0	0	0	0	0	0	0	0	0	0	0	0	0	0	0	0	0	0	0	0	0	0	0	0	0	0	0	0	0	0	0	0	0	0	0	0	0	0	0	0	0	0	0	0	0	0	0	0	0	0	0	0	0
Thermovibrio	0	0	0	0	0	0	0	0	0	0	0	0	0	0	0	0	0	0	0	0	0	0	0	0	0	0	0	0	0	0	0	0	0	0	0	0	0	0	0	0	0	0	0	0	0	0	0	0	0	0	0	0	0	0	0	0	0	0	0	0	0	0	0	0	0	0	0	0	0	0	0	0	0	0	0	0	0	0	0	0	0
Thermovirga	0	0	0	0	0	0	0	0	0	0	0	0	0	0	0	0	0	0	0	0	0	0	0	0	0	0	0	0	0	0	0	0	0	0	0	0	0	0	0	0	0	0	0	0	0	0	0	0	0	0	0	0	0	0	0	0	0	0	0	0	0	0	0	0	0	0	0	0	0	0	0	0	0	0	0	0	0	0	0	0	0
Thermus	0.06916201093188647	0.0002549185738352	0.0002710218702865	0.0004161021869556	0.0006738195200331	0.0003149725595108	0.0004071330762242	0.0020239001462041	0.0017602469203775	0.0006061646949476	0.001061919262903	0.0004597271366201	0.0004547070746918	0.0005514371179607	0.0019569258360915	0.0010963058742816	0.0029648760564208	0.0004888561105322	0.0006574980435424	0.0005320929595812	0.0004930628300999	0.0007248092443292	6.973260742399526e-05	0.0016394878790533	0.0004662502154765	0.0006608185672627	0.0005198897013589	9.471025038111767e-05	0.0043197373816562	0.000413635739484	0.0014045565140455	0.0012111292037531	0.0002556240587039	0.0004305899757573	0.0004637603654097	0.0009881847475832	0.0007428314575258	0.0004374595040435	0.0007800450298721	0.003812160266158	2.265474707889372e-05	0.0004229327662255	0.0007938289558871001	0.000293691059816	0.0004666858127512	0.0004761813012135	0.0006275362044167	0.0017676937540965	0.0023006884299355	0.0004015598219779	0.0009999140390103999	4.32442924548778e-05	0.0017999725955729	0.0006452958899988	0.0016312033941887	0.0001734428329255	0.0013664001259204	0.0005219452344517	0.0005217184524334	0.0010651989204318	0.0006953547006864999	0.0004336738668647	3.301030393058405e-05	0.0013109850641344	6.231530535940442e-05	0.0012931924484529	0.001072845783538	0.0005547281766672	0.0017033194866205	0.0006707930603408	0.0004164738546968	0.000461530814874	0.0016350246604959	0.0006311605296376	0.0005757933850525999	0.0013690774556264	0.0001117933598102	0.0003867801313809	0.00075682141979	0.0008965807164461	0.0008678672163159
Thioalkalimicrobium	0	0	0	0	0	0	0	0	0	0	0	0	0	0	0	0	0	0	0	0	0	0	0	0	0	0	0	0	0	0	0	0	0	0	0	0	0	0	0	0	0	0	0	0	0	0	0	0	0	0	0	0	0	0	0	0	0	0	0	0	0	0	0	0	0	0	0	0	0	0	0	0	0	0	0	0	0	0	0	0	0
Thioalkalivibrio	0.04747773556201031	0.0002222840704215	0.0003737071751777	0.0003773950067737	0.0002790968426172	0.0003488620121164	0.000328586502033	0.0012037674750184	0.0009295140131524	0.0005657537152844	0.0002342468962286	0.0002651093154509	0.0005289343711312	0.0007023019898555999	0.0014797597511574	0.0008600415785618	0.0016599687455475	0.0004110451033194	0.0007761684221329	0.0006401158518781	0.0004710991222136	0.0005690479454046	9.805196327740818e-05	0.0008260015268513	0.0003578962921615	0.0003635588992588	0.0004113280467828	0.0001117095260905	0.0039706791047389	0.0004560164504967	0.0006525105065251	0.0005245715136007	0.000252329934236	0.0003711982549632	0.0005212081584221999	0.0004726100966702	0.0005881357119506	0.0001939678933023	0.0004805301320384	0.0013809891873272	3.233353573701264e-05	0.0004905148061894	0.0005693445380338	0.0002138527134582	0.0004595060310166	0.0005266436741745	0.0005727847234944	0.0012749295660077	0.0015189873417721	0.0003314329507801	0.0003211186390102	5.281745643343854e-05	0.0009378008481136	0.0005300644810705	0.0007995307276934	0.0001232613391297	0.0010149625562944	0.0002939210638896	0.0005155685296149	0.0006528638544582	0.0004333277924899	0.0003808712603203	1.88630308174766e-05	0.0008190263832350999	8.644897853327781e-05	0.0003873429045286	0.0008377990724558	0.0003054268078591	0.0010552635303406	0.0004090821314957	0.0002368184663962	0.000328988632141	0.0010269576379974	0.0003558671071361	0.0005627413989921	0.0016530291185834	0.0001029170630013	0.000241737582113	0.0004708336021735	0.0006659250964475	0.0006061294844110999
Thiobaca	0	0	0	0	0	0	0	0	0	0	0	0	0	0	0	0	0	0	0	0	0	0	0	0	0	0	0	0	0	0	0	0	0	0	0	0	0	0	0	0	0	0	0	0	0	0	0	0	0	0	0	0	0	0	0	0	0	0	0	0	0	0	0	0	0	0	0	0	0	0	0	0	0	0	0	0	0	0	0	0	0
Thiobacillus	0	0	0	0	0	0	0	0	0	0	0	0	0	0	0	0	0	0	0	0	0	0	0	0	0	0	0	0	0	0	0	0	0	0	0	0	0	0	0	0	0	0	0	0	0	0	0	0	0	0	0	0	0	0	0	0	0	0	0	0	0	0	0	0	0	0	0	0	0	0	0	0	0	0	0	0	0	0	0	0	0
Thiocapsa	0	0	0	0	0	0	0	0	0	0	0	0	0	0	0	0	0	0	0	0	0	0	0	0	0	0	0	0	0	0	0	0	0	0	0	0	0	0	0	0	0	0	0	0	0	0	0	0	0	0	0	0	0	0	0	0	0	0	0	0	0	0	0	0	0	0	0	0	0	0	0	0	0	0	0	0	0	0	0	0	0
Thioclava	0	0	0	0	0	0	0	0	0	0	0	0	0	0	0	0	0	0	0	0	0	0	0	0	0	0	0	0	0	0	0	0	0	0	0	0	0	0	0	0	0	0	0	0	0	0	0	0	0	0	0	0	0	0	0	0	0	0	0	0	0	0	0	0	0	0	0	0	0	0	0	0	0	0	0	0	0	0	0	0	0
Thiocystis	0	0	0	0	0	0	0	0	0	0	0	0	0	0	0	0	0	0	0	0	0	0	0	0	0	0	0	0	0	0	0	0	0	0	0	0	0	0	0	0	0	0	0	0	0	0	0	0	0	0	0	0	0	0	0	0	0	0	0	0	0	0	0	0	0	0	0	0	0	0	0	0	0	0	0	0	0	0	0	0	0
Thiodictyon	0	0	0	0	0	0	0	0	0	0	0	0	0	0	0	0	0	0	0	0	0	0	0	0	0	0	0	0	0	0	0	0	0	0	0	0	0	0	0	0	0	0	0	0	0	0	0	0	0	0	0	0	0	0	0	0	0	0	0	0	0	0	0	0	0	0	0	0	0	0	0	0	0	0	0	0	0	0	0	0	0
Thiofilum	0	0	0	0	0	0	0	0	0	0	0	0	0	0	0	0	0	0	0	0	0	0	0	0	0	0	0	0	0	0	0	0	0	0	0	0	0	0	0	0	0	0	0	0	0	0	0	0	0	0	0	0	0	0	0	0	0	0	0	0	0	0	0	0	0	0	0	0	0	0	0	0	0	0	0	0	0	0	0	0	0
Thioflavicoccus	0	0	0	0	0	0	0	0	0	0	0	0	0	0	0	0	0	0	0	0	0	0	0	0	0	0	0	0	0	0	0	0	0	0	0	0	0	0	0	0	0	0	0	0	0	0	0	0	0	0	0	0	0	0	0	0	0	0	0	0	0	0	0	0	0	0	0	0	0	0	0	0	0	0	0	0	0	0	0	0	0
Thiohalobacter	0	0	0	0	0	0	0	0	0	0	0	0	0	0	0	0	0	0	0	0	0	0	0	0	0	0	0	0	0	0	0	0	0	0	0	0	0	0	0	0	0	0	0	0	0	0	0	0	0	0	0	0	0	0	0	0	0	0	0	0	0	0	0	0	0	0	0	0	0	0	0	0	0	0	0	0	0	0	0	0	0
Thiohalocapsa	0	0	0	0	0	0	0	0	0	0	0	0	0	0	0	0	0	0	0	0	0	0	0	0	0	0	0	0	0	0	0	0	0	0	0	0	0	0	0	0	0	0	0	0	0	0	0	0	0	0	0	0	0	0	0	0	0	0	0	0	0	0	0	0	0	0	0	0	0	0	0	0	0	0	0	0	0	0	0	0	0
Thiohalophilus	0	0	0	0	0	0	0	0	0	0	0	0	0	0	0	0	0	0	0	0	0	0	0	0	0	0	0	0	0	0	0	0	0	0	0	0	0	0	0	0	0	0	0	0	0	0	0	0	0	0	0	0	0	0	0	0	0	0	0	0	0	0	0	0	0	0	0	0	0	0	0	0	0	0	0	0	0	0	0	0	0
Thiohalorhabdus	0	0	0	0	0	0	0	0	0	0	0	0	0	0	0	0	0	0	0	0	0	0	0	0	0	0	0	0	0	0	0	0	0	0	0	0	0	0	0	0	0	0	0	0	0	0	0	0	0	0	0	0	0	0	0	0	0	0	0	0	0	0	0	0	0	0	0	0	0	0	0	0	0	0	0	0	0	0	0	0	0
Thiohalospira	0	0	0	0	0	0	0	0	0	0	0	0	0	0	0	0	0	0	0	0	0	0	0	0	0	0	0	0	0	0	0	0	0	0	0	0	0	0	0	0	0	0	0	0	0	0	0	0	0	0	0	0	0	0	0	0	0	0	0	0	0	0	0	0	0	0	0	0	0	0	0	0	0	0	0	0	0	0	0	0	0
Thiolapillus	0	0	0	0	0	0	0	0	0	0	0	0	0	0	0	0	0	0	0	0	0	0	0	0	0	0	0	0	0	0	0	0	0	0	0	0	0	0	0	0	0	0	0	0	0	0	0	0	0	0	0	0	0	0	0	0	0	0	0	0	0	0	0	0	0	0	0	0	0	0	0	0	0	0	0	0	0	0	0	0	0
Thiolinea	0	0	0	0	0	0	0	0	0	0	0	0	0	0	0	0	0	0	0	0	0	0	0	0	0	0	0	0	0	0	0	0	0	0	0	0	0	0	0	0	0	0	0	0	0	0	0	0	0	0	0	0	0	0	0	0	0	0	0	0	0	0	0	0	0	0	0	0	0	0	0	0	0	0	0	0	0	0	0	0	0
Thiomicrolovo	0	0	0	0	0	0	0	0	0	0	0	0	0	0	0	0	0	0	0	0	0	0	0	0	0	0	0	0	0	0	0	0	0	0	0	0	0	0	0	0	0	0	0	0	0	0	0	0	0	0	0	0	0	0	0	0	0	0	0	0	0	0	0	0	0	0	0	0	0	0	0	0	0	0	0	0	0	0	0	0	0
Thiomicrorhabdus	0	0	0	0	0	0	0	0	0	0	0	0	0	0	0	0	0	0	0	0	0	0	0	0	0	0	0	0	0	0	0	0	0	0	0	0	0	0	0	0	0	0	0	0	0	0	0	0	0	0	0	0	0	0	0	0	0	0	0	0	0	0	0	0	0	0	0	0	0	0	0	0	0	0	0	0	0	0	0	0	0
Thiomicrospira	0.003028997738131486	4.371791966739899e-05	6.565126050420168e-05	2.903038513644281e-05	2.392258651005347e-05	2.890570957536516e-05	3.010952010661388e-05	5.588381000712896e-05	2.429043588377512e-05	2.020548983158724e-05	3.123291949715e-05	1.992150925354105e-05	1.245772807374975e-05	4.161789569514892e-05	5.448878620779843e-05	5.931321231460914e-05	3.618460480757706e-05	6.68159735848546e-05	2.245115270632609e-05	2.406450570970505e-05	2.061899107690749e-05	2.596021648743733e-05	1.461644173079377e-05	2.815914296084002e-05	3.119279610582567e-05	1.95637075834365e-05	2.894977455363066e-05	1.032098882358334e-05	7.907469056379124e-05	2.373319816711901e-05	3.3178500331785e-05	0.0001111300513552	3.294124467834192e-05	0.0002105706464518	2.29791172049873e-05	4.296455424274973e-05	4.426827939413752e-05	8.725607358281102e-05	4.01219333546695e-05	7.036218673074176e-05	1.808125353714522e-06	1.744052644229066e-05	3.904076832232059e-05	3.231552114480585e-05	1.866743251005169e-05	6.881232676496737e-05	4.843400235431368e-05	5.631590721015688e-05	5.329780146568954e-05	1.836656150418799e-05	1.482086026201305e-05	7.097345708243303e-06	6.406229702484016e-05	4.487960137210284e-05	2.41064541013114e-05	1.09619768000723e-05	7.327269791430622e-05	5.229912168855037e-05	2.767465268310882e-05	2.082500333200053e-05	3.29912814194372e-05	2.59684950218395e-05	4.715757704369149e-06	3.935669447194512e-05	8.284693776105791e-06	7.531667588057747e-05	1.869689747244656e-05	9.136699380401256e-06	1.986378410053061e-05	3.04905936518584e-05	1.451760713540391e-05	3.431895802909774e-05	1.801680066662162e-05	5.371578975639889e-05	3.162596622346807e-05	0.0001187181769331	1.487379465287082e-05	9.669503284523062e-06	3.138890681156716e-05	3.844260333309772e-05	3.616113401316265e-05
Thiomonas	0	0	0	0	0	0	0	0	0	0	0	0	0	0	0	0	0	0	0	0	0	0	0	0	0	0	0	0	0	0	0	0	0	0	0	0	0	0	0	0	0	0	0	0	0	0	0	0	0	0	0	0	0	0	0	0	0	0	0	0	0	0	0	0	0	0	0	0	0	0	0	0	0	0	0	0	0	0	0	0	0
Thioploca	0	0	0	0	0	0	0	0	0	0	0	0	0	0	0	0	0	0	0	0	0	0	0	0	0	0	0	0	0	0	0	0	0	0	0	0	0	0	0	0	0	0	0	0	0	0	0	0	0	0	0	0	0	0	0	0	0	0	0	0	0	0	0	0	0	0	0	0	0	0	0	0	0	0	0	0	0	0	0	0	0
Thiopseudomonas	0	0	0	0	0	0	0	0	0	0	0	0	0	0	0	0	0	0	0	0	0	0	0	0	0	0	0	0	0	0	0	0	0	0	0	0	0	0	0	0	0	0	0	0	0	0	0	0	0	0	0	0	0	0	0	0	0	0	0	0	0	0	0	0	0	0	0	0	0	0	0	0	0	0	0	0	0	0	0	0	0
Thiorhodococcus	0	0	0	0	0	0	0	0	0	0	0	0	0	0	0	0	0	0	0	0	0	0	0	0	0	0	0	0	0	0	0	0	0	0	0	0	0	0	0	0	0	0	0	0	0	0	0	0	0	0	0	0	0	0	0	0	0	0	0	0	0	0	0	0	0	0	0	0	0	0	0	0	0	0	0	0	0	0	0	0	0
Thiorhodospira	0	0	0	0	0	0	0	0	0	0	0	0	0	0	0	0	0	0	0	0	0	0	0	0	0	0	0	0	0	0	0	0	0	0	0	0	0	0	0	0	0	0	0	0	0	0	0	0	0	0	0	0	0	0	0	0	0	0	0	0	0	0	0	0	0	0	0	0	0	0	0	0	0	0	0	0	0	0	0	0	0
Thiorhodovibrio	0	0	0	0	0	0	0	0	0	0	0	0	0	0	0	0	0	0	0	0	0	0	0	0	0	0	0	0	0	0	0	0	0	0	0	0	0	0	0	0	0	0	0	0	0	0	0	0	0	0	0	0	0	0	0	0	0	0	0	0	0	0	0	0	0	0	0	0	0	0	0	0	0	0	0	0	0	0	0	0	0
Thiosocius	0	0	0	0	0	0	0	0	0	0	0	0	0	0	0	0	0	0	0	0	0	0	0	0	0	0	0	0	0	0	0	0	0	0	0	0	0	0	0	0	0	0	0	0	0	0	0	0	0	0	0	0	0	0	0	0	0	0	0	0	0	0	0	0	0	0	0	0	0	0	0	0	0	0	0	0	0	0	0	0	0
Thiospirochaeta	0	0	0	0	0	0	0	0	0	0	0	0	0	0	0	0	0	0	0	0	0	0	0	0	0	0	0	0	0	0	0	0	0	0	0	0	0	0	0	0	0	0	0	0	0	0	0	0	0	0	0	0	0	0	0	0	0	0	0	0	0	0	0	0	0	0	0	0	0	0	0	0	0	0	0	0	0	0	0	0	0
Thiosulfatimonas	0	0	0	0	0	0	0	0	0	0	0	0	0	0	0	0	0	0	0	0	0	0	0	0	0	0	0	0	0	0	0	0	0	0	0	0	0	0	0	0	0	0	0	0	0	0	0	0	0	0	0	0	0	0	0	0	0	0	0	0	0	0	0	0	0	0	0	0	0	0	0	0	0	0	0	0	0	0	0	0	0
Thiosulfativibrio	0	0	0	0	0	0	0	0	0	0	0	0	0	0	0	0	0	0	0	0	0	0	0	0	0	0	0	0	0	0	0	0	0	0	0	0	0	0	0	0	0	0	0	0	0	0	0	0	0	0	0	0	0	0	0	0	0	0	0	0	0	0	0	0	0	0	0	0	0	0	0	0	0	0	0	0	0	0	0	0	0
Thiothrix	0	0	0	0	0	0	0	0	0	0	0	0	0	0	0	0	0	0	0	0	0	0	0	0	0	0	0	0	0	0	0	0	0	0	0	0	0	0	0	0	0	0	0	0	0	0	0	0	0	0	0	0	0	0	0	0	0	0	0	0	0	0	0	0	0	0	0	0	0	0	0	0	0	0	0	0	0	0	0	0	0
Thomasclavelia	0	0	0	0	0	0	0	0	0	0	0	0	0	0	0	0	0	0	0	0	0	0	0	0	0	0	0	0	0	0	0	0	0	0	0	0	0	0	0	0	0	0	0	0	0	0	0	0	0	0	0	0	0	0	0	0	0	0	0	0	0	0	0	0	0	0	0	0	0	0	0	0	0	0	0	0	0	0	0	0	0
Thorsellia	0	0	0	0	0	0	0	0	0	0	0	0	0	0	0	0	0	0	0	0	0	0	0	0	0	0	0	0	0	0	0	0	0	0	0	0	0	0	0	0	0	0	0	0	0	0	0	0	0	0	0	0	0	0	0	0	0	0	0	0	0	0	0	0	0	0	0	0	0	0	0	0	0	0	0	0	0	0	0	0	0
Tianweitania	0	0	0	0	0	0	0	0	0	0	0	0	0	0	0	0	0	0	0	0	0	0	0	0	0	0	0	0	0	0	0	0	0	0	0	0	0	0	0	0	0	0	0	0	0	0	0	0	0	0	0	0	0	0	0	0	0	0	0	0	0	0	0	0	0	0	0	0	0	0	0	0	0	0	0	0	0	0	0	0	0
Tibeticola	0	0	0	0	0	0	0	0	0	0	0	0	0	0	0	0	0	0	0	0	0	0	0	0	0	0	0	0	0	0	0	0	0	0	0	0	0	0	0	0	0	0	0	0	0	0	0	0	0	0	0	0	0	0	0	0	0	0	0	0	0	0	0	0	0	0	0	0	0	0	0	0	0	0	0	0	0	0	0	0	0
Tichowtungia	0	0	0	0	0	0	0	0	0	0	0	0	0	0	0	0	0	0	0	0	0	0	0	0	0	0	0	0	0	0	0	0	0	0	0	0	0	0	0	0	0	0	0	0	0	0	0	0	0	0	0	0	0	0	0	0	0	0	0	0	0	0	0	0	0	0	0	0	0	0	0	0	0	0	0	0	0	0	0	0	0
Tigheibacillus	0	0	0	0	0	0	0	0	0	0	0	0	0	0	0	0	0	0	0	0	0	0	0	0	0	0	0	0	0	0	0	0	0	0	0	0	0	0	0	0	0	0	0	0	0	0	0	0	0	0	0	0	0	0	0	0	0	0	0	0	0	0	0	0	0	0	0	0	0	0	0	0	0	0	0	0	0	0	0	0	0
Timonella	0	0	0	0	0	0	0	0	0	0	0	0	0	0	0	0	0	0	0	0	0	0	0	0	0	0	0	0	0	0	0	0	0	0	0	0	0	0	0	0	0	0	0	0	0	0	0	0	0	0	0	0	0	0	0	0	0	0	0	0	0	0	0	0	0	0	0	0	0	0	0	0	0	0	0	0	0	0	0	0	0
Tindallia	0	0	0	0	0	0	0	0	0	0	0	0	0	0	0	0	0	0	0	0	0	0	0	0	0	0	0	0	0	0	0	0	0	0	0	0	0	0	0	0	0	0	0	0	0	0	0	0	0	0	0	0	0	0	0	0	0	0	0	0	0	0	0	0	0	0	0	0	0	0	0	0	0	0	0	0	0	0	0	0	0
Tissierella	0	0	0	0	0	0	0	0	0	0	0	0	0	0	0	0	0	0	0	0	0	0	0	0	0	0	0	0	0	0	0	0	0	0	0	0	0	0	0	0	0	0	0	0	0	0	0	0	0	0	0	0	0	0	0	0	0	0	0	0	0	0	0	0	0	0	0	0	0	0	0	0	0	0	0	0	0	0	0	0	0
Tistlia	0	0	0	0	0	0	0	0	0	0	0	0	0	0	0	0	0	0	0	0	0	0	0	0	0	0	0	0	0	0	0	0	0	0	0	0	0	0	0	0	0	0	0	0	0	0	0	0	0	0	0	0	0	0	0	0	0	0	0	0	0	0	0	0	0	0	0	0	0	0	0	0	0	0	0	0	0	0	0	0	0
Tistrella	0	0	0	0	0	0	0	0	0	0	0	0	0	0	0	0	0	0	0	0	0	0	0	0	0	0	0	0	0	0	0	0	0	0	0	0	0	0	0	0	0	0	0	0	0	0	0	0	0	0	0	0	0	0	0	0	0	0	0	0	0	0	0	0	0	0	0	0	0	0	0	0	0	0	0	0	0	0	0	0	0
Tolumonas	0	0	0	0	0	0	0	0	0	0	0	0	0	0	0	0	0	0	0	0	0	0	0	0	0	0	0	0	0	0	0	0	0	0	0	0	0	0	0	0	0	0	0	0	0	0	0	0	0	0	0	0	0	0	0	0	0	0	0	0	0	0	0	0	0	0	0	0	0	0	0	0	0	0	0	0	0	0	0	0	0
Tolypothrix	0	0	0	0	0	0	0	0	0	0	0	0	0	0	0	0	0	0	0	0	0	0	0	0	0	0	0	0	0	0	0	0	0	0	0	0	0	0	0	0	0	0	0	0	0	0	0	0	0	0	0	0	0	0	0	0	0	0	0	0	0	0	0	0	0	0	0	0	0	0	0	0	0	0	0	0	0	0	0	0	0
Tomitella	0	0	0	0	0	0	0	0	0	0	0	0	0	0	0	0	0	0	0	0	0	0	0	0	0	0	0	0	0	0	0	0	0	0	0	0	0	0	0	0	0	0	0	0	0	0	0	0	0	0	0	0	0	0	0	0	0	0	0	0	0	0	0	0	0	0	0	0	0	0	0	0	0	0	0	0	0	0	0	0	0
Trabulsiella	0	0	0	0	0	0	0	0	0	0	0	0	0	0	0	0	0	0	0	0	0	0	0	0	0	0	0	0	0	0	0	0	0	0	0	0	0	0	0	0	0	0	0	0	0	0	0	0	0	0	0	0	0	0	0	0	0	0	0	0	0	0	0	0	0	0	0	0	0	0	0	0	0	0	0	0	0	0	0	0	0
Tractidigestivibacter	0	0	0	0	0	0	0	0	0	0	0	0	0	0	0	0	0	0	0	0	0	0	0	0	0	0	0	0	0	0	0	0	0	0	0	0	0	0	0	0	0	0	0	0	0	0	0	0	0	0	0	0	0	0	0	0	0	0	0	0	0	0	0	0	0	0	0	0	0	0	0	0	0	0	0	0	0	0	0	0	0
Traorella	0	0	0	0	0	0	0	0	0	0	0	0	0	0	0	0	0	0	0	0	0	0	0	0	0	0	0	0	0	0	0	0	0	0	0	0	0	0	0	0	0	0	0	0	0	0	0	0	0	0	0	0	0	0	0	0	0	0	0	0	0	0	0	0	0	0	0	0	0	0	0	0	0	0	0	0	0	0	0	0	0
Trebonia	0	0	0	0	0	0	0	0	0	0	0	0	0	0	0	0	0	0	0	0	0	0	0	0	0	0	0	0	0	0	0	0	0	0	0	0	0	0	0	0	0	0	0	0	0	0	0	0	0	0	0	0	0	0	0	0	0	0	0	0	0	0	0	0	0	0	0	0	0	0	0	0	0	0	0	0	0	0	0	0	0
Treponema	0.02306218198381346	0.0001403899392136	0.0001212023270846	0.0002515966711825	0.0002312516695971	0.0001146260896954	0.0001348382856948	0.0008745061079493	0.000257478620368	0.0002727741127264	0.0002810962754743	0.0001869557022255	0.0001162721286883	0.0001586682273377	0.0004343534671993	0.0002164932249483	0.0007395228607548	0.0001700001353234	0.0002245115270632	0.0002085590494841	0.0001846744418192	0.000190028784688	9.531138045288436e-05	0.0007665544472673	0.0001920819549674	0.0002119401654872	0.0002219482715778	3.642701937735296e-05	0.0007071536613276	0.0001474848743242	0.0008626410086264	0.0010510265873938	0.0001040943331835	0.0002146200819605	9.922800611244518e-05	0.0003007518796992	0.0001911805912296	0.0001438546077986	0.0003163101257496	0.0004452771219975	1.159327432675782e-05	0.0001885756921572	0.0003058193518581	0.0001444693886473	0.0002699597932222	0.0001431296396711	0.0002484874903395	0.0003081731589	0.0009327115256495	0.0001360795238719	0.0006056791560409	3.383618302767156e-05	0.000564993869594	0.0004184719587398	0.0005966347390073999	5.870747575149832e-05	0.0002849493807778	0.0001736330840059	0.0001988475044638	0.000442531320805	0.0002835981306632	0.0001627359021368	2.829454622621489e-05	0.0005659221239586	3.602040772219909e-05	0.0004785426889282	0.0004095510874916	0.0002297227272786	0.0004394862232242	0.0002502769562256	0.0002077832521254	0.0001857957382954	0.0002432268089993	0.0002618644750624	0.0002590317233541	0.0002450731956572	4.941938223373209e-05	0.000185792598824	0.0002650618797421	0.0003162214145141	0.0002737914432425
Trichlorobacter	0	0	0	0	0	0	0	0	0	0	0	0	0	0	0	0	0	0	0	0	0	0	0	0	0	0	0	0	0	0	0	0	0	0	0	0	0	0	0	0	0	0	0	0	0	0	0	0	0	0	0	0	0	0	0	0	0	0	0	0	0	0	0	0	0	0	0	0	0	0	0	0	0	0	0	0	0	0	0	0	0
Trichloromonas	0	0	0	0	0	0	0	0	0	0	0	0	0	0	0	0	0	0	0	0	0	0	0	0	0	0	0	0	0	0	0	0	0	0	0	0	0	0	0	0	0	0	0	0	0	0	0	0	0	0	0	0	0	0	0	0	0	0	0	0	0	0	0	0	0	0	0	0	0	0	0	0	0	0	0	0	0	0	0	0	0
Trichococcus	0	0	0	0	0	0	0	0	0	0	0	0	0	0	0	0	0	0	0	0	0	0	0	0	0	0	0	0	0	0	0	0	0	0	0	0	0	0	0	0	0	0	0	0	0	0	0	0	0	0	0	0	0	0	0	0	0	0	0	0	0	0	0	0	0	0	0	0	0	0	0	0	0	0	0	0	0	0	0	0	0
Trichocoleus	0	0	0	0	0	0	0	0	0	0	0	0	0	0	0	0	0	0	0	0	0	0	0	0	0	0	0	0	0	0	0	0	0	0	0	0	0	0	0	0	0	0	0	0	0	0	0	0	0	0	0	0	0	0	0	0	0	0	0	0	0	0	0	0	0	0	0	0	0	0	0	0	0	0	0	0	0	0	0	0	0
Trichodesmium	0	0	0	0	0	0	0	0	0	0	0	0	0	0	0	0	0	0	0	0	0	0	0	0	0	0	0	0	0	0	0	0	0	0	0	0	0	0	0	0	0	0	0	0	0	0	0	0	0	0	0	0	0	0	0	0	0	0	0	0	0	0	0	0	0	0	0	0	0	0	0	0	0	0	0	0	0	0	0	0	0
Trichormus	0	0	0	0	0	0	0	0	0	0	0	0	0	0	0	0	0	0	0	0	0	0	0	0	0	0	0	0	0	0	0	0	0	0	0	0	0	0	0	0	0	0	0	0	0	0	0	0	0	0	0	0	0	0	0	0	0	0	0	0	0	0	0	0	0	0	0	0	0	0	0	0	0	0	0	0	0	0	0	0	0
Trichothermofontia	0	0	0	0	0	0	0	0	0	0	0	0	0	0	0	0	0	0	0	0	0	0	0	0	0	0	0	0	0	0	0	0	0	0	0	0	0	0	0	0	0	0	0	0	0	0	0	0	0	0	0	0	0	0	0	0	0	0	0	0	0	0	0	0	0	0	0	0	0	0	0	0	0	0	0	0	0	0	0	0	0
Trinickia	0	0	0	0	0	0	0	0	0	0	0	0	0	0	0	0	0	0	0	0	0	0	0	0	0	0	0	0	0	0	0	0	0	0	0	0	0	0	0	0	0	0	0	0	0	0	0	0	0	0	0	0	0	0	0	0	0	0	0	0	0	0	0	0	0	0	0	0	0	0	0	0	0	0	0	0	0	0	0	0	0
Tritonibacter	0	0	0	0	0	0	0	0	0	0	0	0	0	0	0	0	0	0	0	0	0	0	0	0	0	0	0	0	0	0	0	0	0	0	0	0	0	0	0	0	0	0	0	0	0	0	0	0	0	0	0	0	0	0	0	0	0	0	0	0	0	0	0	0	0	0	0	0	0	0	0	0	0	0	0	0	0	0	0	0	0
Tropheryma	0	0	0	0	0	0	0	0	0	0	0	0	0	0	0	0	0	0	0	0	0	0	0	0	0	0	0	0	0	0	0	0	0	0	0	0	0	0	0	0	0	0	0	0	0	0	0	0	0	0	0	0	0	0	0	0	0	0	0	0	0	0	0	0	0	0	0	0	0	0	0	0	0	0	0	0	0	0	0	0	0
Tropicibacter	0	0	0	0	0	0	0	0	0	0	0	0	0	0	0	0	0	0	0	0	0	0	0	0	0	0	0	0	0	0	0	0	0	0	0	0	0	0	0	0	0	0	0	0	0	0	0	0	0	0	0	0	0	0	0	0	0	0	0	0	0	0	0	0	0	0	0	0	0	0	0	0	0	0	0	0	0	0	0	0	0
Tropicimonas	0	0	0	0	0	0	0	0	0	0	0	0	0	0	0	0	0	0	0	0	0	0	0	0	0	0	0	0	0	0	0	0	0	0	0	0	0	0	0	0	0	0	0	0	0	0	0	0	0	0	0	0	0	0	0	0	0	0	0	0	0	0	0	0	0	0	0	0	0	0	0	0	0	0	0	0	0	0	0	0	0
Truepera	0	0	0	0	0	0	0	0	0	0	0	0	0	0	0	0	0	0	0	0	0	0	0	0	0	0	0	0	0	0	0	0	0	0	0	0	0	0	0	0	0	0	0	0	0	0	0	0	0	0	0	0	0	0	0	0	0	0	0	0	0	0	0	0	0	0	0	0	0	0	0	0	0	0	0	0	0	0	0	0	0
Trueperella	0	0	0	0	0	0	0	0	0	0	0	0	0	0	0	0	0	0	0	0	0	0	0	0	0	0	0	0	0	0	0	0	0	0	0	0	0	0	0	0	0	0	0	0	0	0	0	0	0	0	0	0	0	0	0	0	0	0	0	0	0	0	0	0	0	0	0	0	0	0	0	0	0	0	0	0	0	0	0	0	0
Trujillonella	0	0	0	0	0	0	0	0	0	0	0	0	0	0	0	0	0	0	0	0	0	0	0	0	0	0	0	0	0	0	0	0	0	0	0	0	0	0	0	0	0	0	0	0	0	0	0	0	0	0	0	0	0	0	0	0	0	0	0	0	0	0	0	0	0	0	0	0	0	0	0	0	0	0	0	0	0	0	0	0	0
Tsukamurella	0	0	0	0	0	0	0	0	0	0	0	0	0	0	0	0	0	0	0	0	0	0	0	0	0	0	0	0	0	0	0	0	0	0	0	0	0	0	0	0	0	0	0	0	0	0	0	0	0	0	0	0	0	0	0	0	0	0	0	0	0	0	0	0	0	0	0	0	0	0	0	0	0	0	0	0	0	0	0	0	0
Tsuneonella	0	0	0	0	0	0	0	0	0	0	0	0	0	0	0	0	0	0	0	0	0	0	0	0	0	0	0	0	0	0	0	0	0	0	0	0	0	0	0	0	0	0	0	0	0	0	0	0	0	0	0	0	0	0	0	0	0	0	0	0	0	0	0	0	0	0	0	0	0	0	0	0	0	0	0	0	0	0	0	0	0
Tuberibacillus	0	0	0	0	0	0	0	0	0	0	0	0	0	0	0	0	0	0	0	0	0	0	0	0	0	0	0	0	0	0	0	0	0	0	0	0	0	0	0	0	0	0	0	0	0	0	0	0	0	0	0	0	0	0	0	0	0	0	0	0	0	0	0	0	0	0	0	0	0	0	0	0	0	0	0	0	0	0	0	0	0
Tumebacillus	0	0	0	0	0	0	0	0	0	0	0	0	0	0	0	0	0	0	0	0	0	0	0	0	0	0	0	0	0	0	0	0	0	0	0	0	0	0	0	0	0	0	0	0	0	0	0	0	0	0	0	0	0	0	0	0	0	0	0	0	0	0	0	0	0	0	0	0	0	0	0	0	0	0	0	0	0	0	0	0	0
Tumidithrix	0	0	0	0	0	0	0	0	0	0	0	0	0	0	0	0	0	0	0	0	0	0	0	0	0	0	0	0	0	0	0	0	0	0	0	0	0	0	0	0	0	0	0	0	0	0	0	0	0	0	0	0	0	0	0	0	0	0	0	0	0	0	0	0	0	0	0	0	0	0	0	0	0	0	0	0	0	0	0	0	0
Tundrisphaera	0	0	0	0	0	0	0	0	0	0	0	0	0	0	0	0	0	0	0	0	0	0	0	0	0	0	0	0	0	0	0	0	0	0	0	0	0	0	0	0	0	0	0	0	0	0	0	0	0	0	0	0	0	0	0	0	0	0	0	0	0	0	0	0	0	0	0	0	0	0	0	0	0	0	0	0	0	0	0	0	0
Tunicatimonas	0	0	0	0	0	0	0	0	0	0	0	0	0	0	0	0	0	0	0	0	0	0	0	0	0	0	0	0	0	0	0	0	0	0	0	0	0	0	0	0	0	0	0	0	0	0	0	0	0	0	0	0	0	0	0	0	0	0	0	0	0	0	0	0	0	0	0	0	0	0	0	0	0	0	0	0	0	0	0	0	0
Tunturiibacter	0	0	0	0	0	0	0	0	0	0	0	0	0	0	0	0	0	0	0	0	0	0	0	0	0	0	0	0	0	0	0	0	0	0	0	0	0	0	0	0	0	0	0	0	0	0	0	0	0	0	0	0	0	0	0	0	0	0	0	0	0	0	0	0	0	0	0	0	0	0	0	0	0	0	0	0	0	0	0	0	0
Turicella	0	0	0	0	0	0	0	0	0	0	0	0	0	0	0	0	0	0	0	0	0	0	0	0	0	0	0	0	0	0	0	0	0	0	0	0	0	0	0	0	0	0	0	0	0	0	0	0	0	0	0	0	0	0	0	0	0	0	0	0	0	0	0	0	0	0	0	0	0	0	0	0	0	0	0	0	0	0	0	0	0
Turicibacter	0	0	0	0	0	0	0	0	0	0	0	0	0	0	0	0	0	0	0	0	0	0	0	0	0	0	0	0	0	0	0	0	0	0	0	0	0	0	0	0	0	0	0	0	0	0	0	0	0	0	0	0	0	0	0	0	0	0	0	0	0	0	0	0	0	0	0	0	0	0	0	0	0	0	0	0	0	0	0	0	0
Turicimonas	0	0	0	0	0	0	0	0	0	0	0	0	0	0	0	0	0	0	0	0	0	0	0	0	0	0	0	0	0	0	0	0	0	0	0	0	0	0	0	0	0	0	0	0	0	0	0	0	0	0	0	0	0	0	0	0	0	0	0	0	0	0	0	0	0	0	0	0	0	0	0	0	0	0	0	0	0	0	0	0	0
Turneriella	0	0	0	0	0	0	0	0	0	0	0	0	0	0	0	0	0	0	0	0	0	0	0	0	0	0	0	0	0	0	0	0	0	0	0	0	0	0	0	0	0	0	0	0	0	0	0	0	0	0	0	0	0	0	0	0	0	0	0	0	0	0	0	0	0	0	0	0	0	0	0	0	0	0	0	0	0	0	0	0	0
Tuwongella	0	0	0	0	0	0	0	0	0	0	0	0	0	0	0	0	0	0	0	0	0	0	0	0	0	0	0	0	0	0	0	0	0	0	0	0	0	0	0	0	0	0	0	0	0	0	0	0	0	0	0	0	0	0	0	0	0	0	0	0	0	0	0	0	0	0	0	0	0	0	0	0	0	0	0	0	0	0	0	0	0
Tychonema	0	0	0	0	0	0	0	0	0	0	0	0	0	0	0	0	0	0	0	0	0	0	0	0	0	0	0	0	0	0	0	0	0	0	0	0	0	0	0	0	0	0	0	0	0	0	0	0	0	0	0	0	0	0	0	0	0	0	0	0	0	0	0	0	0	0	0	0	0	0	0	0	0	0	0	0	0	0	0	0	0
Tyzzerella	0	0	0	0	0	0	0	0	0	0	0	0	0	0	0	0	0	0	0	0	0	0	0	0	0	0	0	0	0	0	0	0	0	0	0	0	0	0	0	0	0	0	0	0	0	0	0	0	0	0	0	0	0	0	0	0	0	0	0	0	0	0	0	0	0	0	0	0	0	0	0	0	0	0	0	0	0	0	0	0	0
Uliginosibacterium	0	0	0	0	0	0	0	0	0	0	0	0	0	0	0	0	0	0	0	0	0	0	0	0	0	0	0	0	0	0	0	0	0	0	0	0	0	0	0	0	0	0	0	0	0	0	0	0	0	0	0	0	0	0	0	0	0	0	0	0	0	0	0	0	0	0	0	0	0	0	0	0	0	0	0	0	0	0	0	0	0
Ulvibacter	0	0	0	0	0	0	0	0	0	0	0	0	0	0	0	0	0	0	0	0	0	0	0	0	0	0	0	0	0	0	0	0	0	0	0	0	0	0	0	0	0	0	0	0	0	0	0	0	0	0	0	0	0	0	0	0	0	0	0	0	0	0	0	0	0	0	0	0	0	0	0	0	0	0	0	0	0	0	0	0	0
Ulvibacterium	0	0	0	0	0	0	0	0	0	0	0	0	0	0	0	0	0	0	0	0	0	0	0	0	0	0	0	0	0	0	0	0	0	0	0	0	0	0	0	0	0	0	0	0	0	0	0	0	0	0	0	0	0	0	0	0	0	0	0	0	0	0	0	0	0	0	0	0	0	0	0	0	0	0	0	0	0	0	0	0	0
Umboniibacter	0	0	0	0	0	0	0	0	0	0	0	0	0	0	0	0	0	0	0	0	0	0	0	0	0	0	0	0	0	0	0	0	0	0	0	0	0	0	0	0	0	0	0	0	0	0	0	0	0	0	0	0	0	0	0	0	0	0	0	0	0	0	0	0	0	0	0	0	0	0	0	0	0	0	0	0	0	0	0	0	0
Umezawaea	0	0	0	0	0	0	0	0	0	0	0	0	0	0	0	0	0	0	0	0	0	0	0	0	0	0	0	0	0	0	0	0	0	0	0	0	0	0	0	0	0	0	0	0	0	0	0	0	0	0	0	0	0	0	0	0	0	0	0	0	0	0	0	0	0	0	0	0	0	0	0	0	0	0	0	0	0	0	0	0	0
Undibacterium	0	0	0	0	0	0	0	0	0	0	0	0	0	0	0	0	0	0	0	0	0	0	0	0	0	0	0	0	0	0	0	0	0	0	0	0	0	0	0	0	0	0	0	0	0	0	0	0	0	0	0	0	0	0	0	0	0	0	0	0	0	0	0	0	0	0	0	0	0	0	0	0	0	0	0	0	0	0	0	0	0
Urbifossiella	0	0	0	0	0	0	0	0	0	0	0	0	0	0	0	0	0	0	0	0	0	0	0	0	0	0	0	0	0	0	0	0	0	0	0	0	0	0	0	0	0	0	0	0	0	0	0	0	0	0	0	0	0	0	0	0	0	0	0	0	0	0	0	0	0	0	0	0	0	0	0	0	0	0	0	0	0	0	0	0	0
Ureaplasma	0.007502120855166541	5.172260918396501e-05	6.22845291962939e-05	8.709115540932843e-05	9.569034604021389e-05	6.877565381724814e-05	6.152814978308055e-05	0.000176713669482	7.772939482808039e-05	9.09247042421426e-05	0.00010931521824	0.0001088020890001	4.567833627041575e-05	7.02301989855638e-05	7.628430069091781e-05	8.896981847191371e-05	0.0001356922680284	0.0001200995980892	7.376807317792859e-05	7.914548544525218e-05	8.830307048153861e-05	7.268860616482453e-05	4.415383439510617e-05	0.0001658260641027	9.3578388317477e-05	8.260232090784298e-05	7.961188002248432e-05	1.639215871980883e-05	3.727806840864444e-05	6.441868073932303e-05	0.0001548330015483	0.0001817635585726	4.743539233681237e-05	0.0001619774203476	4.491372908247519e-05	0.00015753669889	7.442908513519825e-05	0.000110249228108	8.864148066729307e-05	6.826182294773455e-05	2.978088817882742e-06	3.379101998193816e-05	0.0001301358944077	6.177967277683471e-05	9.19012062033314e-05	8.165729442776127e-05	6.10689594902216e-05	8.134519930355994e-05	0.0002576060404174	5.760421562677144e-05	0.0002450382229986	1.551512782732257e-05	0.0001681635296902	0.0001504073127065	0.00018481614811	2.168035411569855e-05	5.020536708943205e-05	6.589689332757346e-05	6.047424104827485e-05	0.0001239087698254	9.707050109949788e-05	7.87711015662465e-05	3.301030393058405e-05	0.000254461386672	3.241836694997918e-05	7.736610923787209e-05	0.000246620980946	8.353553719224006e-05	7.200621736442347e-05	9.52831051620575e-05	9.527179682608812e-05	7.810521482484313e-05	7.657140283314191e-05	0.0002215776327451	7.88139158267379e-05	4.720956743539579e-05	2.135109232428231e-05	6.975855940977351e-05	9.416672043470148e-05	8.928604645106566e-05	9.815164946429864e-05
Urechidicola	0	0	0	0	0	0	0	0	0	0	0	0	0	0	0	0	0	0	0	0	0	0	0	0	0	0	0	0	0	0	0	0	0	0	0	0	0	0	0	0	0	0	0	0	0	0	0	0	0	0	0	0	0	0	0	0	0	0	0	0	0	0	0	0	0	0	0	0	0	0	0	0	0	0	0	0	0	0	0	0	0
Ureibacillus	0	0	0	0	0	0	0	0	0	0	0	0	0	0	0	0	0	0	0	0	0	0	0	0	0	0	0	0	0	0	0	0	0	0	0	0	0	0	0	0	0	0	0	0	0	0	0	0	0	0	0	0	0	0	0	0	0	0	0	0	0	0	0	0	0	0	0	0	0	0	0	0	0	0	0	0	0	0	0	0	0
Urinicoccus	0	0	0	0	0	0	0	0	0	0	0	0	0	0	0	0	0	0	0	0	0	0	0	0	0	0	0	0	0	0	0	0	0	0	0	0	0	0	0	0	0	0	0	0	0	0	0	0	0	0	0	0	0	0	0	0	0	0	0	0	0	0	0	0	0	0	0	0	0	0	0	0	0	0	0	0	0	0	0	0	0
Ursidibacter	0	0	0	0	0	0	0	0	0	0	0	0	0	0	0	0	0	0	0	0	0	0	0	0	0	0	0	0	0	0	0	0	0	0	0	0	0	0	0	0	0	0	0	0	0	0	0	0	0	0	0	0	0	0	0	0	0	0	0	0	0	0	0	0	0	0	0	0	0	0	0	0	0	0	0	0	0	0	0	0	0
Uruburuella	0	0	0	0	0	0	0	0	0	0	0	0	0	0	0	0	0	0	0	0	0	0	0	0	0	0	0	0	0	0	0	0	0	0	0	0	0	0	0	0	0	0	0	0	0	0	0	0	0	0	0	0	0	0	0	0	0	0	0	0	0	0	0	0	0	0	0	0	0	0	0	0	0	0	0	0	0	0	0	0	0
Usitatibacter	0	0	0	0	0	0	0	0	0	0	0	0	0	0	0	0	0	0	0	0	0	0	0	0	0	0	0	0	0	0	0	0	0	0	0	0	0	0	0	0	0	0	0	0	0	0	0	0	0	0	0	0	0	0	0	0	0	0	0	0	0	0	0	0	0	0	0	0	0	0	0	0	0	0	0	0	0	0	0	0	0
Utexia	0	0	0	0	0	0	0	0	0	0	0	0	0	0	0	0	0	0	0	0	0	0	0	0	0	0	0	0	0	0	0	0	0	0	0	0	0	0	0	0	0	0	0	0	0	0	0	0	0	0	0	0	0	0	0	0	0	0	0	0	0	0	0	0	0	0	0	0	0	0	0	0	0	0	0	0	0	0	0	0	0
Vaginella	0	0	0	0	0	0	0	0	0	0	0	0	0	0	0	0	0	0	0	0	0	0	0	0	0	0	0	0	0	0	0	0	0	0	0	0	0	0	0	0	0	0	0	0	0	0	0	0	0	0	0	0	0	0	0	0	0	0	0	0	0	0	0	0	0	0	0	0	0	0	0	0	0	0	0	0	0	0	0	0	0
Vaginimicrobium	0	0	0	0	0	0	0	0	0	0	0	0	0	0	0	0	0	0	0	0	0	0	0	0	0	0	0	0	0	0	0	0	0	0	0	0	0	0	0	0	0	0	0	0	0	0	0	0	0	0	0	0	0	0	0	0	0	0	0	0	0	0	0	0	0	0	0	0	0	0	0	0	0	0	0	0	0	0	0	0	0
Vagococcus	0	0	0	0	0	0	0	0	0	0	0	0	0	0	0	0	0	0	0	0	0	0	0	0	0	0	0	0	0	0	0	0	0	0	0	0	0	0	0	0	0	0	0	0	0	0	0	0	0	0	0	0	0	0	0	0	0	0	0	0	0	0	0	0	0	0	0	0	0	0	0	0	0	0	0	0	0	0	0	0	0
Vallitalea	0	0	0	0	0	0	0	0	0	0	0	0	0	0	0	0	0	0	0	0	0	0	0	0	0	0	0	0	0	0	0	0	0	0	0	0	0	0	0	0	0	0	0	0	0	0	0	0	0	0	0	0	0	0	0	0	0	0	0	0	0	0	0	0	0	0	0	0	0	0	0	0	0	0	0	0	0	0	0	0	0
Vampirovibrio	0	0	0	0	0	0	0	0	0	0	0	0	0	0	0	0	0	0	0	0	0	0	0	0	0	0	0	0	0	0	0	0	0	0	0	0	0	0	0	0	0	0	0	0	0	0	0	0	0	0	0	0	0	0	0	0	0	0	0	0	0	0	0	0	0	0	0	0	0	0	0	0	0	0	0	0	0	0	0	0	0
Vandammella	0	0	0	0	0	0	0	0	0	0	0	0	0	0	0	0	0	0	0	0	0	0	0	0	0	0	0	0	0	0	0	0	0	0	0	0	0	0	0	0	0	0	0	0	0	0	0	0	0	0	0	0	0	0	0	0	0	0	0	0	0	0	0	0	0	0	0	0	0	0	0	0	0	0	0	0	0	0	0	0	0
Vannielia	0	0	0	0	0	0	0	0	0	0	0	0	0	0	0	0	0	0	0	0	0	0	0	0	0	0	0	0	0	0	0	0	0	0	0	0	0	0	0	0	0	0	0	0	0	0	0	0	0	0	0	0	0	0	0	0	0	0	0	0	0	0	0	0	0	0	0	0	0	0	0	0	0	0	0	0	0	0	0	0	0
Varibaculum	0	0	0	0	0	0	0	0	0	0	0	0	0	0	0	0	0	0	0	0	0	0	0	0	0	0	0	0	0	0	0	0	0	0	0	0	0	0	0	0	0	0	0	0	0	0	0	0	0	0	0	0	0	0	0	0	0	0	0	0	0	0	0	0	0	0	0	0	0	0	0	0	0	0	0	0	0	0	0	0	0
Variibacter	0	0	0	0	0	0	0	0	0	0	0	0	0	0	0	0	0	0	0	0	0	0	0	0	0	0	0	0	0	0	0	0	0	0	0	0	0	0	0	0	0	0	0	0	0	0	0	0	0	0	0	0	0	0	0	0	0	0	0	0	0	0	0	0	0	0	0	0	0	0	0	0	0	0	0	0	0	0	0	0	0
Variovorax	0.2034489457269442	0.0018891067259095	0.0026378339797457	0.0016837623379136	0.0032893556451323	0.0042979799892749	0.0028944412589444	0.0013638670388226	0.0020565902381596	0.0021922956467272	0.0028109627547434	0.0022618575121712	0.0024391193424395	0.0048276759006372	0.0024410976221093	0.0025821018427626	0.0011646919672438	0.0026844797488396	0.0040380001796092	0.004606481159631	0.0042103083301172	0.0035856251012448	0.001222908958143	0.0012139719409784	0.00327196013889	0.0037268862946446	0.0038913321962505	0.0013180509844705	0.0025450753977174	0.0040838053131849	0.0031740765317407	0.000717636433328	0.0029456060991373	0.0030951185404754	0.0058742979618567	0.0018188327962764	0.0038542590949423	0.0025711063303691	0.0027021655580261	0.0006553135002982	3.967239746679511e-05	0.0061494206202614	0.002911790637373	0.0017032180556321	0.0037363584147041	0.0017634305605635	0.0021984825416479	0.0043582254857638	0.0029313790806129	0.0063122532515075	0.0006550820235809	0.0005123293274043	0.0014093705345464	0.0020268598349401	0.0025793905888403	0.0003239873143132	0.0026554568484869	0.0035772599234968	0.0042741963588356	0.00291550046648	0.0031589151959111	0.0042025681110343	0.0001273254580179	0.0007477771949669	0.0007823632557261	0.001252203781307	0.0022382857259871	0.0027671146694929	0.0026021557171695	0.0014749824679086	0.0020360944007403	0.001385775856968	0.001698083462829	0.0018330513254371	0.0030064747890849	0.0027214927109816	0.0002514151096162	0.0028055373101237	0.0024605415283956	0.0019432115942891	0.0022798734015917
Varunaivibrio	0	0	0	0	0	0	0	0	0	0	0	0	0	0	0	0	0	0	0	0	0	0	0	0	0	0	0	0	0	0	0	0	0	0	0	0	0	0	0	0	0	0	0	0	0	0	0	0	0	0	0	0	0	0	0	0	0	0	0	0	0	0	0	0	0	0	0	0	0	0	0	0	0	0	0	0	0	0	0	0	0
Veillonella	0	0	0	0	0	0	0	0	0	0	0	0	0	0	0	0	0	0	0	0	0	0	0	0	0	0	0	0	0	0	0	0	0	0	0	0	0	0	0	0	0	0	0	0	0	0	0	0	0	0	0	0	0	0	0	0	0	0	0	0	0	0	0	0	0	0	0	0	0	0	0	0	0	0	0	0	0	0	0	0	0
Venatoribacter	0	0	0	0	0	0	0	0	0	0	0	0	0	0	0	0	0	0	0	0	0	0	0	0	0	0	0	0	0	0	0	0	0	0	0	0	0	0	0	0	0	0	0	0	0	0	0	0	0	0	0	0	0	0	0	0	0	0	0	0	0	0	0	0	0	0	0	0	0	0	0	0	0	0	0	0	0	0	0	0	0
Ventrimonas	0	0	0	0	0	0	0	0	0	0	0	0	0	0	0	0	0	0	0	0	0	0	0	0	0	0	0	0	0	0	0	0	0	0	0	0	0	0	0	0	0	0	0	0	0	0	0	0	0	0	0	0	0	0	0	0	0	0	0	0	0	0	0	0	0	0	0	0	0	0	0	0	0	0	0	0	0	0	0	0	0
Verminephrobacter	0	0	0	0	0	0	0	0	0	0	0	0	0	0	0	0	0	0	0	0	0	0	0	0	0	0	0	0	0	0	0	0	0	0	0	0	0	0	0	0	0	0	0	0	0	0	0	0	0	0	0	0	0	0	0	0	0	0	0	0	0	0	0	0	0	0	0	0	0	0	0	0	0	0	0	0	0	0	0	0	0
Veronia	0	0	0	0	0	0	0	0	0	0	0	0	0	0	0	0	0	0	0	0	0	0	0	0	0	0	0	0	0	0	0	0	0	0	0	0	0	0	0	0	0	0	0	0	0	0	0	0	0	0	0	0	0	0	0	0	0	0	0	0	0	0	0	0	0	0	0	0	0	0	0	0	0	0	0	0	0	0	0	0	0
Verrucomicrobium	0	0	0	0	0	0	0	0	0	0	0	0	0	0	0	0	0	0	0	0	0	0	0	0	0	0	0	0	0	0	0	0	0	0	0	0	0	0	0	0	0	0	0	0	0	0	0	0	0	0	0	0	0	0	0	0	0	0	0	0	0	0	0	0	0	0	0	0	0	0	0	0	0	0	0	0	0	0	0	0	0
Verrucosispora	0	0	0	0	0	0	0	0	0	0	0	0	0	0	0	0	0	0	0	0	0	0	0	0	0	0	0	0	0	0	0	0	0	0	0	0	0	0	0	0	0	0	0	0	0	0	0	0	0	0	0	0	0	0	0	0	0	0	0	0	0	0	0	0	0	0	0	0	0	0	0	0	0	0	0	0	0	0	0	0	0
Verticiella	0	0	0	0	0	0	0	0	0	0	0	0	0	0	0	0	0	0	0	0	0	0	0	0	0	0	0	0	0	0	0	0	0	0	0	0	0	0	0	0	0	0	0	0	0	0	0	0	0	0	0	0	0	0	0	0	0	0	0	0	0	0	0	0	0	0	0	0	0	0	0	0	0	0	0	0	0	0	0	0	0
Vescimonas	0	0	0	0	0	0	0	0	0	0	0	0	0	0	0	0	0	0	0	0	0	0	0	0	0	0	0	0	0	0	0	0	0	0	0	0	0	0	0	0	0	0	0	0	0	0	0	0	0	0	0	0	0	0	0	0	0	0	0	0	0	0	0	0	0	0	0	0	0	0	0	0	0	0	0	0	0	0	0	0	0
Vespertiliibacter	0	0	0	0	0	0	0	0	0	0	0	0	0	0	0	0	0	0	0	0	0	0	0	0	0	0	0	0	0	0	0	0	0	0	0	0	0	0	0	0	0	0	0	0	0	0	0	0	0	0	0	0	0	0	0	0	0	0	0	0	0	0	0	0	0	0	0	0	0	0	0	0	0	0	0	0	0	0	0	0	0
Vibrio	0.1554872712053178	0.0018650926573598	0.0016530650721827	0.0017998838784594	0.0013210583883885	0.0015090773895552	0.0024598168817533	0.0034119331569217	0.0025262053319126	0.0014143842882111	0.0016709611930975	0.0013270790010435	0.0008735981811717	0.0011496943685784	0.0015101177891875	0.0025583765578368	0.0018589840719892	0.0023394048472874	0.0013695203150858	0.0015331763971049	0.0014899462247747	0.0014008132816621	0.0014978807682036	0.0022308298812309	0.001640084384722	0.0016645454535573	0.001587412638024	0.0012020916394526	0.0016571795865297	0.0015172294542551	0.0018248175182481	0.0045629245662396	0.0018315332041158	0.0026334828924847	0.0013818805482817	0.0024060150375939	0.0014024774669593	0.0022822179786423	0.0026144571455763	0.0026737630957681	0.0003033396181643	0.0012900539402781	0.0017828617533859	0.0016766052735128	0.0015838598506605	0.0023781540129972	0.0019394659203618	0.0014892428795574	0.0026027093049078	0.0020203217654606	0.0018120971813687	0.0011142832761941	0.0041249001250994	0.0034787755874375	0.0021997139367446	0.0012808460892173	0.0014871643872977	0.0014329959342662	0.0013499080586538	0.0020533453285352	0.0018805030409079	0.0020541079562275	0.003117115842588	0.0047065178078864	0.0011955173322997	0.0034435603985942	0.0017779859167845	0.0013470105372248	0.0015692389439419	0.0024684676443983	0.0010842837829254	0.0020200848743334	0.0015359322568294	0.0019136250100717	0.0021671316855033	0.0017967405959235	0.0016987312893061	0.0020485533387068	0.0022844148846196	0.0020821009998797	0.002241990308816
Victivallis	0	0	0	0	0	0	0	0	0	0	0	0	0	0	0	0	0	0	0	0	0	0	0	0	0	0	0	0	0	0	0	0	0	0	0	0	0	0	0	0	0	0	0	0	0	0	0	0	0	0	0	0	0	0	0	0	0	0	0	0	0	0	0	0	0	0	0	0	0	0	0	0	0	0	0	0	0	0	0	0	0
Virgibacillus	0.01692131577386336	0.000115144379969	0.0001111021331609	0.0001596671182504	0.0002352387673488	0.0001355578104224	0.0001178198612867	0.0002673360640881	7.287130765132537e-05	0.0004142125415475	0.00032794565472	0.0002666417392397	0.0002273535373459	0.0001690727012615	0.0001385571992141	0.0001295005135535	0.0002442460824511	0.0002875624179601	0.0002469626797695	0.0002315540216067	0.0002577373884613	0.0002959464679567	0.000172656717945	0.000287849016933	0.0002347668338491	0.0001494449884845	0.0002388356400674	5.828323100376473e-05	0.0001366862508316	0.0002322462963496	0.0003649635036496	0.0002119005216519	0.0001199061306291	0.0002105706464518	0.0001117620700424	0.0004153240243465	0.00015664160401	0.0001892513487843	0.0001567554605484	0.000302452384753	5.105295116370416e-06	0.0001237187344499	0.0003643805043416	0.0001587262362112	0.0002469844916714	0.0001403771466005	0.0001495136594415	0.0001673833908746	0.0003109038418831	0.0001260613994151	0.0007568519307134	6.321589316877174e-05	0.0002820520577343	0.0002316757800559	0.0004399427873489	3.580912421356951e-05	0.000101767635992	0.000237438012466	0.0001732228260535	0.0005393675862988	0.0002797914443456	0.0001817794651528	0.0001697672773572	0.0005584579232828999	5.006836673385673e-05	0.0001429479766713	0.000181627004018	0.0001749025309962	0.0002185016251058	0.0001778617963025	0.000218671457477	0.0001313587703872	9.458820349976352e-05	0.000282007896221	0.0002354377485524	0.0001166354018992	3.190668852954547e-05	0.0002811062740572	0.0002022840661189	0.0001798121768806	0.0001549762886278
Virgisporangium	0	0	0	0	0	0	0	0	0	0	0	0	0	0	0	0	0	0	0	0	0	0	0	0	0	0	0	0	0	0	0	0	0	0	0	0	0	0	0	0	0	0	0	0	0	0	0	0	0	0	0	0	0	0	0	0	0	0	0	0	0	0	0	0	0	0	0	0	0	0	0	0	0	0	0	0	0	0	0	0	0
Viridibacillus	0	0	0	0	0	0	0	0	0	0	0	0	0	0	0	0	0	0	0	0	0	0	0	0	0	0	0	0	0	0	0	0	0	0	0	0	0	0	0	0	0	0	0	0	0	0	0	0	0	0	0	0	0	0	0	0	0	0	0	0	0	0	0	0	0	0	0	0	0	0	0	0	0	0	0	0	0	0	0	0	0
Vitreimonas	0	0	0	0	0	0	0	0	0	0	0	0	0	0	0	0	0	0	0	0	0	0	0	0	0	0	0	0	0	0	0	0	0	0	0	0	0	0	0	0	0	0	0	0	0	0	0	0	0	0	0	0	0	0	0	0	0	0	0	0	0	0	0	0	0	0	0	0	0	0	0	0	0	0	0	0	0	0	0	0	0
Vitreoscilla	0	0	0	0	0	0	0	0	0	0	0	0	0	0	0	0	0	0	0	0	0	0	0	0	0	0	0	0	0	0	0	0	0	0	0	0	0	0	0	0	0	0	0	0	0	0	0	0	0	0	0	0	0	0	0	0	0	0	0	0	0	0	0	0	0	0	0	0	0	0	0	0	0	0	0	0	0	0	0	0	0
Vogesella	0	0	0	0	0	0	0	0	0	0	0	0	0	0	0	0	0	0	0	0	0	0	0	0	0	0	0	0	0	0	0	0	0	0	0	0	0	0	0	0	0	0	0	0	0	0	0	0	0	0	0	0	0	0	0	0	0	0	0	0	0	0	0	0	0	0	0	0	0	0	0	0	0	0	0	0	0	0	0	0	0
Volucribacter	0	0	0	0	0	0	0	0	0	0	0	0	0	0	0	0	0	0	0	0	0	0	0	0	0	0	0	0	0	0	0	0	0	0	0	0	0	0	0	0	0	0	0	0	0	0	0	0	0	0	0	0	0	0	0	0	0	0	0	0	0	0	0	0	0	0	0	0	0	0	0	0	0	0	0	0	0	0	0	0	0
Vreelandella	0	0	0	0	0	0	0	0	0	0	0	0	0	0	0	0	0	0	0	0	0	0	0	0	0	0	0	0	0	0	0	0	0	0	0	0	0	0	0	0	0	0	0	0	0	0	0	0	0	0	0	0	0	0	0	0	0	0	0	0	0	0	0	0	0	0	0	0	0	0	0	0	0	0	0	0	0	0	0	0	0
Vulcaniibacterium	0	0	0	0	0	0	0	0	0	0	0	0	0	0	0	0	0	0	0	0	0	0	0	0	0	0	0	0	0	0	0	0	0	0	0	0	0	0	0	0	0	0	0	0	0	0	0	0	0	0	0	0	0	0	0	0	0	0	0	0	0	0	0	0	0	0	0	0	0	0	0	0	0	0	0	0	0	0	0	0	0
Vulcanimicrobium	0	0	0	0	0	0	0	0	0	0	0	0	0	0	0	0	0	0	0	0	0	0	0	0	0	0	0	0	0	0	0	0	0	0	0	0	0	0	0	0	0	0	0	0	0	0	0	0	0	0	0	0	0	0	0	0	0	0	0	0	0	0	0	0	0	0	0	0	0	0	0	0	0	0	0	0	0	0	0	0	0
Vulcanococcus	0	0	0	0	0	0	0	0	0	0	0	0	0	0	0	0	0	0	0	0	0	0	0	0	0	0	0	0	0	0	0	0	0	0	0	0	0	0	0	0	0	0	0	0	0	0	0	0	0	0	0	0	0	0	0	0	0	0	0	0	0	0	0	0	0	0	0	0	0	0	0	0	0	0	0	0	0	0	0	0	0
Vulgatibacter	0	0	0	0	0	0	0	0	0	0	0	0	0	0	0	0	0	0	0	0	0	0	0	0	0	0	0	0	0	0	0	0	0	0	0	0	0	0	0	0	0	0	0	0	0	0	0	0	0	0	0	0	0	0	0	0	0	0	0	0	0	0	0	0	0	0	0	0	0	0	0	0	0	0	0	0	0	0	0	0	0
Waddlia	0	0	0	0	0	0	0	0	0	0	0	0	0	0	0	0	0	0	0	0	0	0	0	0	0	0	0	0	0	0	0	0	0	0	0	0	0	0	0	0	0	0	0	0	0	0	0	0	0	0	0	0	0	0	0	0	0	0	0	0	0	0	0	0	0	0	0	0	0	0	0	0	0	0	0	0	0	0	0	0	0
Waltera	0	0	0	0	0	0	0	0	0	0	0	0	0	0	0	0	0	0	0	0	0	0	0	0	0	0	0	0	0	0	0	0	0	0	0	0	0	0	0	0	0	0	0	0	0	0	0	0	0	0	0	0	0	0	0	0	0	0	0	0	0	0	0	0	0	0	0	0	0	0	0	0	0	0	0	0	0	0	0	0	0
Wansuia	0	0	0	0	0	0	0	0	0	0	0	0	0	0	0	0	0	0	0	0	0	0	0	0	0	0	0	0	0	0	0	0	0	0	0	0	0	0	0	0	0	0	0	0	0	0	0	0	0	0	0	0	0	0	0	0	0	0	0	0	0	0	0	0	0	0	0	0	0	0	0	0	0	0	0	0	0	0	0	0	0
Weeksella	0	0	0	0	0	0	0	0	0	0	0	0	0	0	0	0	0	0	0	0	0	0	0	0	0	0	0	0	0	0	0	0	0	0	0	0	0	0	0	0	0	0	0	0	0	0	0	0	0	0	0	0	0	0	0	0	0	0	0	0	0	0	0	0	0	0	0	0	0	0	0	0	0	0	0	0	0	0	0	0	0
Weissella	0.003893791014878654	3.14030127188359e-05	2.020038784744667e-05	3.386878265918328e-05	3.58838797650802e-05	2.292521793908272e-05	2.356397225735e-05	2.869709162528244e-05	3.076788545278182e-05	2.020548983158724e-05	4.684937924572499e-05	7.662118943669633e-05	4.93118402919261e-05	5.982572506177657e-05	1.245457970463964e-05	7.908428308614553e-05	7.915382301657481e-05	8.965181265815933e-05	2.886576776527641e-05	4.759424462586111e-05	7.261470770563073e-05	4.67283896773872e-05	5.785674851772533e-06	7.196225423325783e-05	7.059422276581598e-05	5.162645056740187e-05	6.393075213926772e-05	4.249818927357845e-06	3.050023778889091e-05	4.407593945322102e-05	7.741650077416501e-05	0.0001563354959743	2.56941708491067e-05	2.429661305214053e-05	2.7157138514985e-05	0.0001432151808091	1.508040287053036e-05	2.358272258994892e-05	5.131875196527493e-05	2.4154183504583e-05	6.275258580538637e-06	2.071062515022016e-05	7.808153664464117e-05	4.086962968313681e-05	6.318207926479035e-05	1.83499538039913e-05	3.158739283976979e-05	6.726622250102073e-05	2.664890073284477e-05	2.588015484681035e-05	0.0001264713409025	4.951636540634862e-06	5.160573927001013e-05	7.884254295099147e-05	0.0001265588840318	7.307984533381533e-06	1.492591994550682e-05	5.64830514236344e-05	3.177460122875458e-05	0.0001082900173264	5.836919020361965e-05	4.154959203494321e-05	0	6.242786019687847e-05	7.9244896988838e-06	3.791451710995056e-05	2.670985353206652e-05	0.0001239980630197	5.462540627645918e-05	6.098118730371681e-05	5.716307809565288e-05	4.496966914157635e-05	4.504200166655406e-05	4.028684231729917e-05	4.317195389235325e-05	2.152200868378338e-05	7.19699741267943e-07	6.077973493128782e-05	8.370375149751243e-05	0.0001438497415044	4.477092782582043e-05
Wenjunlia	0	0	0	0	0	0	0	0	0	0	0	0	0	0	0	0	0	0	0	0	0	0	0	0	0	0	0	0	0	0	0	0	0	0	0	0	0	0	0	0	0	0	0	0	0	0	0	0	0	0	0	0	0	0	0	0	0	0	0	0	0	0	0	0	0	0	0	0	0	0	0	0	0	0	0	0	0	0	0	0	0
Wenxinia	0	0	0	0	0	0	0	0	0	0	0	0	0	0	0	0	0	0	0	0	0	0	0	0	0	0	0	0	0	0	0	0	0	0	0	0	0	0	0	0	0	0	0	0	0	0	0	0	0	0	0	0	0	0	0	0	0	0	0	0	0	0	0	0	0	0	0	0	0	0	0	0	0	0	0	0	0	0	0	0	0
Wenyingzhuangia	0	0	0	0	0	0	0	0	0	0	0	0	0	0	0	0	0	0	0	0	0	0	0	0	0	0	0	0	0	0	0	0	0	0	0	0	0	0	0	0	0	0	0	0	0	0	0	0	0	0	0	0	0	0	0	0	0	0	0	0	0	0	0	0	0	0	0	0	0	0	0	0	0	0	0	0	0	0	0	0	0
Wenzhouxiangella	0	0	0	0	0	0	0	0	0	0	0	0	0	0	0	0	0	0	0	0	0	0	0	0	0	0	0	0	0	0	0	0	0	0	0	0	0	0	0	0	0	0	0	0	0	0	0	0	0	0	0	0	0	0	0	0	0	0	0	0	0	0	0	0	0	0	0	0	0	0	0	0	0	0	0	0	0	0	0	0	0
Wielerella	0	0	0	0	0	0	0	0	0	0	0	0	0	0	0	0	0	0	0	0	0	0	0	0	0	0	0	0	0	0	0	0	0	0	0	0	0	0	0	0	0	0	0	0	0	0	0	0	0	0	0	0	0	0	0	0	0	0	0	0	0	0	0	0	0	0	0	0	0	0	0	0	0	0	0	0	0	0	0	0	0
Wigglesworthia	0	0	0	0	0	0	0	0	0	0	0	0	0	0	0	0	0	0	0	0	0	0	0	0	0	0	0	0	0	0	0	0	0	0	0	0	0	0	0	0	0	0	0	0	0	0	0	0	0	0	0	0	0	0	0	0	0	0	0	0	0	0	0	0	0	0	0	0	0	0	0	0	0	0	0	0	0	0	0	0	0
Williamsia	0	0	0	0	0	0	0	0	0	0	0	0	0	0	0	0	0	0	0	0	0	0	0	0	0	0	0	0	0	0	0	0	0	0	0	0	0	0	0	0	0	0	0	0	0	0	0	0	0	0	0	0	0	0	0	0	0	0	0	0	0	0	0	0	0	0	0	0	0	0	0	0	0	0	0	0	0	0	0	0	0
Williamsoniiplasma	0	0	0	0	0	0	0	0	0	0	0	0	0	0	0	0	0	0	0	0	0	0	0	0	0	0	0	0	0	0	0	0	0	0	0	0	0	0	0	0	0	0	0	0	0	0	0	0	0	0	0	0	0	0	0	0	0	0	0	0	0	0	0	0	0	0	0	0	0	0	0	0	0	0	0	0	0	0	0	0	0
Winkia	0	0	0	0	0	0	0	0	0	0	0	0	0	0	0	0	0	0	0	0	0	0	0	0	0	0	0	0	0	0	0	0	0	0	0	0	0	0	0	0	0	0	0	0	0	0	0	0	0	0	0	0	0	0	0	0	0	0	0	0	0	0	0	0	0	0	0	0	0	0	0	0	0	0	0	0	0	0	0	0	0
Winmispira	0	0	0	0	0	0	0	0	0	0	0	0	0	0	0	0	0	0	0	0	0	0	0	0	0	0	0	0	0	0	0	0	0	0	0	0	0	0	0	0	0	0	0	0	0	0	0	0	0	0	0	0	0	0	0	0	0	0	0	0	0	0	0	0	0	0	0	0	0	0	0	0	0	0	0	0	0	0	0	0	0
Winogradskya	0	0	0	0	0	0	0	0	0	0	0	0	0	0	0	0	0	0	0	0	0	0	0	0	0	0	0	0	0	0	0	0	0	0	0	0	0	0	0	0	0	0	0	0	0	0	0	0	0	0	0	0	0	0	0	0	0	0	0	0	0	0	0	0	0	0	0	0	0	0	0	0	0	0	0	0	0	0	0	0	0
Winogradskyella	0	0	0	0	0	0	0	0	0	0	0	0	0	0	0	0	0	0	0	0	0	0	0	0	0	0	0	0	0	0	0	0	0	0	0	0	0	0	0	0	0	0	0	0	0	0	0	0	0	0	0	0	0	0	0	0	0	0	0	0	0	0	0	0	0	0	0	0	0	0	0	0	0	0	0	0	0	0	0	0	0
Winslowiella	0	0	0	0	0	0	0	0	0	0	0	0	0	0	0	0	0	0	0	0	0	0	0	0	0	0	0	0	0	0	0	0	0	0	0	0	0	0	0	0	0	0	0	0	0	0	0	0	0	0	0	0	0	0	0	0	0	0	0	0	0	0	0	0	0	0	0	0	0	0	0	0	0	0	0	0	0	0	0	0	0
Wocania	0	0	0	0	0	0	0	0	0	0	0	0	0	0	0	0	0	0	0	0	0	0	0	0	0	0	0	0	0	0	0	0	0	0	0	0	0	0	0	0	0	0	0	0	0	0	0	0	0	0	0	0	0	0	0	0	0	0	0	0	0	0	0	0	0	0	0	0	0	0	0	0	0	0	0	0	0	0	0	0	0
Woeseia	0	0	0	0	0	0	0	0	0	0	0	0	0	0	0	0	0	0	0	0	0	0	0	0	0	0	0	0	0	0	0	0	0	0	0	0	0	0	0	0	0	0	0	0	0	0	0	0	0	0	0	0	0	0	0	0	0	0	0	0	0	0	0	0	0	0	0	0	0	0	0	0	0	0	0	0	0	0	0	0	0
Wohlfahrtiimonas	0	0	0	0	0	0	0	0	0	0	0	0	0	0	0	0	0	0	0	0	0	0	0	0	0	0	0	0	0	0	0	0	0	0	0	0	0	0	0	0	0	0	0	0	0	0	0	0	0	0	0	0	0	0	0	0	0	0	0	0	0	0	0	0	0	0	0	0	0	0	0	0	0	0	0	0	0	0	0	0	0
Wolbachia	0.03125127154083207	0.0002241313064638	0.0002760719672484	0.0003677182117282	0.0003043484617112	0.0003089920678745	0.0003429867073014	0.0012656927779992	0.0003400661023728	0.0003636988169685	0.0004684937924572	0.0003953653374933	0.0002097050892414	0.0002809207959422	0.0003775294472968	0.0003459937385018	0.0009385381871965	0.0005632840304748	0.0002309261421222	0.0003213948429229	0.0003433510253241	0.0003001001025947	0.0002238142640027	0.00063514511345	0.0004432660499248	0.0003168233755873	0.0003630784225267	0.000104424122215	0.0003772992378329	0.00030005543397	0.0006525105065251	0.000517979052927	0.0001831533204115	0.0004940311320601	0.0002047230441898	0.0005298961689939	0.0004091167359392	0.0005341486666623	0.0004320105847258	0.0005849513135675	1.340139968047234e-05	0.0001869406428033	0.0004392086436261	0.000271830560218	0.0003834003446295	0.000335804154613	0.0002800748831792	0.0002721935515157	0.0009238285587386	0.0003247542011422	0.0006699028838429	0.000106625240175	0.0008043377293118	0.0005118700480818	0.0007714065312419	6.869505461378641e-05	0.0002849493807778	0.0002897371341545	0.0003228709479696	0.0006445338531254001	0.0004041431973881	0.000343649750789	0.0001556200042441	0.0008359904756799	0.0001512857124332	0.0003883676212073	0.0003748282779	0.0003811308884395	0.0005040435215509	0.000340478295779	0.0003202947074248	0.000216564459287	0.0003963696146656	0.0005707302661617	0.0004246915464294	0.0002346593204877	8.660386886590915e-05	0.0002748901648028	0.0003487656312396	0.000328622254299	0.0003874407215695
Wolinella	0	0	0	0	0	0	0	0	0	0	0	0	0	0	0	0	0	0	0	0	0	0	0	0	0	0	0	0	0	0	0	0	0	0	0	0	0	0	0	0	0	0	0	0	0	0	0	0	0	0	0	0	0	0	0	0	0	0	0	0	0	0	0	0	0	0	0	0	0	0	0	0	0	0	0	0	0	0	0	0	0
Woodsholea	0	0	0	0	0	0	0	0	0	0	0	0	0	0	0	0	0	0	0	0	0	0	0	0	0	0	0	0	0	0	0	0	0	0	0	0	0	0	0	0	0	0	0	0	0	0	0	0	0	0	0	0	0	0	0	0	0	0	0	0	0	0	0	0	0	0	0	0	0	0	0	0	0	0	0	0	0	0	0	0	0
Wujia	0	0	0	0	0	0	0	0	0	0	0	0	0	0	0	0	0	0	0	0	0	0	0	0	0	0	0	0	0	0	0	0	0	0	0	0	0	0	0	0	0	0	0	0	0	0	0	0	0	0	0	0	0	0	0	0	0	0	0	0	0	0	0	0	0	0	0	0	0	0	0	0	0	0	0	0	0	0	0	0	0
Wukongibacter	0	0	0	0	0	0	0	0	0	0	0	0	0	0	0	0	0	0	0	0	0	0	0	0	0	0	0	0	0	0	0	0	0	0	0	0	0	0	0	0	0	0	0	0	0	0	0	0	0	0	0	0	0	0	0	0	0	0	0	0	0	0	0	0	0	0	0	0	0	0	0	0	0	0	0	0	0	0	0	0	0
Xanthobacter	0	0	0	0	0	0	0	0	0	0	0	0	0	0	0	0	0	0	0	0	0	0	0	0	0	0	0	0	0	0	0	0	0	0	0	0	0	0	0	0	0	0	0	0	0	0	0	0	0	0	0	0	0	0	0	0	0	0	0	0	0	0	0	0	0	0	0	0	0	0	0	0	0	0	0	0	0	0	0	0	0
Xanthocytophaga	0	0	0	0	0	0	0	0	0	0	0	0	0	0	0	0	0	0	0	0	0	0	0	0	0	0	0	0	0	0	0	0	0	0	0	0	0	0	0	0	0	0	0	0	0	0	0	0	0	0	0	0	0	0	0	0	0	0	0	0	0	0	0	0	0	0	0	0	0	0	0	0	0	0	0	0	0	0	0	0	0
Xanthomarina	0	0	0	0	0	0	0	0	0	0	0	0	0	0	0	0	0	0	0	0	0	0	0	0	0	0	0	0	0	0	0	0	0	0	0	0	0	0	0	0	0	0	0	0	0	0	0	0	0	0	0	0	0	0	0	0	0	0	0	0	0	0	0	0	0	0	0	0	0	0	0	0	0	0	0	0	0	0	0	0	0
Xanthomonas	1.789646255834041	0.0103673044146478	0.0193199876104287	0.0116460228372363	0.022784934618242	0.0179374879144231	0.015676587098987	0.0257322289484177	0.02932827228607	0.0423203984522594	0.0237994846568282	0.0156981492917903	0.0211059867169474	0.0430719209259981	0.0301058327910401	0.0261848061298227	0.0173143334004256	0.0181358850832916	0.068864099965361	0.0472316727398348	0.0234101749342097	0.0248252358226065	0.0071915938407532	0.0277868165150244	0.0170657429221083	0.0198533591429357	0.0250994545379977	0.0036226670770777	0.0367697311121629	0.0260319279324485	0.0483300154833001	0.0163417682298018	0.0167354699463848	0.0178364136039436	0.015244555254854	0.0233727175080558	0.0199557511791902	0.0131562113648677	0.0193378388087331	0.0197948784729515	0.0013767279163812	0.0235561560425701	0.0392912799190554	0.0152339168502631	0.0230226881102814	0.013392713783843	0.0302586165143101	0.0405146022454403	0.0246324672440595	0.0155239186895625	0.0181288762724943	0.003679231004243	0.0419741508631504	0.0214706438888538	0.0339479139881717	0.0049470183301304	0.0295099006340802	0.0209970513755192	0.0280446730393533	0.0272797131147541	0.0197738320769153	0.0180827287002075	0.0021833958171229	0.0149772579376684	0.0039845775022296	0.0104592831389531	0.041012089770037	0.0087712314051852	0.0455377250504664	0.014880680143509	0.008141655551623699	0.012089740525009	0.0290971330765939	0.0134423763865388	0.0240528023116071	0.0259812300313943	0.0157096059523966	0.0124508668364355	0.0293207266183161	0.024647909156408	0.0298794284474475
Xaviernesmea	0	0	0	0	0	0	0	0	0	0	0	0	0	0	0	0	0	0	0	0	0	0	0	0	0	0	0	0	0	0	0	0	0	0	0	0	0	0	0	0	0	0	0	0	0	0	0	0	0	0	0	0	0	0	0	0	0	0	0	0	0	0	0	0	0	0	0	0	0	0	0	0	0	0	0	0	0	0	0	0	0
Xenococcus	0	0	0	0	0	0	0	0	0	0	0	0	0	0	0	0	0	0	0	0	0	0	0	0	0	0	0	0	0	0	0	0	0	0	0	0	0	0	0	0	0	0	0	0	0	0	0	0	0	0	0	0	0	0	0	0	0	0	0	0	0	0	0	0	0	0	0	0	0	0	0	0	0	0	0	0	0	0	0	0	0
Xenophilus	0	0	0	0	0	0	0	0	0	0	0	0	0	0	0	0	0	0	0	0	0	0	0	0	0	0	0	0	0	0	0	0	0	0	0	0	0	0	0	0	0	0	0	0	0	0	0	0	0	0	0	0	0	0	0	0	0	0	0	0	0	0	0	0	0	0	0	0	0	0	0	0	0	0	0	0	0	0	0	0	0
Xenorhabdus	0.01253767912658969	0.0001305380136547	0.0001565530058177	0.0001693439132959	0.0001076516392952	0.0001146260896954	0.0002199304077352	0.000211452254081	0.0002121364733849	0.0001919521534	0.00010931521824	0.0001241263268874	9.135667254083149e-05	0.0001222525686044	0.0001432276666033	0.0001898022794067	0.000253292233653	0.0002469653707187	0.0001571580689442	0.0001181834613743	0.0001160938845417	0.0001183785871827	0.000132766012388	0.0001345381274795	0.0001773064199699	0.0001173822455006	0.0001507800758001	7.285403875470591e-05	0.0002010756417193	0.0001288373614786	7.741650077416501e-05	0.0002420374847313	0.0001495532508396	0.0001201332534244	0.0001190736073349	0.0001718582169709	0.0001542092809663	0.0001910200529785	0.0001614208016362	0.0001438749191359	4.148052282050963e-05	0.0001024630928484	0.0001431494838485	0.0001254602585621	0.0001249282021826	0.0001752420588281	0.0001242437451697	9.855283761777457e-05	0.0003197868087941	0.0001268962431198	0.0001571011187773	5.908952938490936e-05	0.0002455721385952	0.0002801942680258	0.0001828072769349	0.0001288641272719	0.0001397608867624	9.936833120824569e-05	0.0001127485850052	0.00015618752499	0.0001446540800698	0.000127245625607	0.0002027775812878	0.0002761754250014	9.005101930549772e-05	0.0002495185112506	0.0001469041944263	0.0001135561208707	0.0001365635156911	0.0002617109288451	9.890119860993912e-05	0.0001928962123704	0.0003062856113325	0.0002014342115864	0.0002289117555222	0.0001319090854812	9.85988645537082e-05	0.0001070552149357	0.0002057717224313	0.0001674113370957	0.0001549762886278
Xiamenia	0	0	0	0	0	0	0	0	0	0	0	0	0	0	0	0	0	0	0	0	0	0	0	0	0	0	0	0	0	0	0	0	0	0	0	0	0	0	0	0	0	0	0	0	0	0	0	0	0	0	0	0	0	0	0	0	0	0	0	0	0	0	0	0	0	0	0	0	0	0	0	0	0	0	0	0	0	0	0	0	0
Xiashengella	0	0	0	0	0	0	0	0	0	0	0	0	0	0	0	0	0	0	0	0	0	0	0	0	0	0	0	0	0	0	0	0	0	0	0	0	0	0	0	0	0	0	0	0	0	0	0	0	0	0	0	0	0	0	0	0	0	0	0	0	0	0	0	0	0	0	0	0	0	0	0	0	0	0	0	0	0	0	0	0	0
Xylanibacter	0	0	0	0	0	0	0	0	0	0	0	0	0	0	0	0	0	0	0	0	0	0	0	0	0	0	0	0	0	0	0	0	0	0	0	0	0	0	0	0	0	0	0	0	0	0	0	0	0	0	0	0	0	0	0	0	0	0	0	0	0	0	0	0	0	0	0	0	0	0	0	0	0	0	0	0	0	0	0	0	0
Xylanimonas	0	0	0	0	0	0	0	0	0	0	0	0	0	0	0	0	0	0	0	0	0	0	0	0	0	0	0	0	0	0	0	0	0	0	0	0	0	0	0	0	0	0	0	0	0	0	0	0	0	0	0	0	0	0	0	0	0	0	0	0	0	0	0	0	0	0	0	0	0	0	0	0	0	0	0	0	0	0	0	0	0
Xylella	0	0	0	0	0	0	0	0	0	0	0	0	0	0	0	0	0	0	0	0	0	0	0	0	0	0	0	0	0	0	0	0	0	0	0	0	0	0	0	0	0	0	0	0	0	0	0	0	0	0	0	0	0	0	0	0	0	0	0	0	0	0	0	0	0	0	0	0	0	0	0	0	0	0	0	0	0	0	0	0	0
Xylocopilactobacillus	0	0	0	0	0	0	0	0	0	0	0	0	0	0	0	0	0	0	0	0	0	0	0	0	0	0	0	0	0	0	0	0	0	0	0	0	0	0	0	0	0	0	0	0	0	0	0	0	0	0	0	0	0	0	0	0	0	0	0	0	0	0	0	0	0	0	0	0	0	0	0	0	0	0	0	0	0	0	0	0	0
Xylophilus	0	0	0	0	0	0	0	0	0	0	0	0	0	0	0	0	0	0	0	0	0	0	0	0	0	0	0	0	0	0	0	0	0	0	0	0	0	0	0	0	0	0	0	0	0	0	0	0	0	0	0	0	0	0	0	0	0	0	0	0	0	0	0	0	0	0	0	0	0	0	0	0	0	0	0	0	0	0	0	0	0
Yanghanlia	0	0	0	0	0	0	0	0	0	0	0	0	0	0	0	0	0	0	0	0	0	0	0	0	0	0	0	0	0	0	0	0	0	0	0	0	0	0	0	0	0	0	0	0	0	0	0	0	0	0	0	0	0	0	0	0	0	0	0	0	0	0	0	0	0	0	0	0	0	0	0	0	0	0	0	0	0	0	0	0	0
Yangia	0	0	0	0	0	0	0	0	0	0	0	0	0	0	0	0	0	0	0	0	0	0	0	0	0	0	0	0	0	0	0	0	0	0	0	0	0	0	0	0	0	0	0	0	0	0	0	0	0	0	0	0	0	0	0	0	0	0	0	0	0	0	0	0	0	0	0	0	0	0	0	0	0	0	0	0	0	0	0	0	0
Yaniella	0	0	0	0	0	0	0	0	0	0	0	0	0	0	0	0	0	0	0	0	0	0	0	0	0	0	0	0	0	0	0	0	0	0	0	0	0	0	0	0	0	0	0	0	0	0	0	0	0	0	0	0	0	0	0	0	0	0	0	0	0	0	0	0	0	0	0	0	0	0	0	0	0	0	0	0	0	0	0	0	0
Yeosuana	0	0	0	0	0	0	0	0	0	0	0	0	0	0	0	0	0	0	0	0	0	0	0	0	0	0	0	0	0	0	0	0	0	0	0	0	0	0	0	0	0	0	0	0	0	0	0	0	0	0	0	0	0	0	0	0	0	0	0	0	0	0	0	0	0	0	0	0	0	0	0	0	0	0	0	0	0	0	0	0	0
Yersinia	0.118966933803043	0.0011354344206575	0.0009342679379444	0.0012337913682988	0.0011376518918114	0.0010475827849554	0.0016298414144667	0.0014559998066722	0.0017796792690845	0.0025964054433589	0.0027016475365034	0.0043444214410606	0.0007713409965663	0.0008141500845363	0.0008126613257277	0.0013414671518487	0.0010787535308258	0.002045076254787	0.0012444353214363	0.0015893269104276	0.001014812952133	0.0009906418611606001	0.0010240644487637	0.0011388808930828	0.0043046058626039	0.0009569913626231	0.0030710885838976	0.0005634045663697	0.0011093049447663	0.000917118586315	0.001172307011723	0.0018289369468807	0.0106387043813173	0.0010690509742941	0.0013578569257492	0.0016612960973863	0.0007579118603963	0.0011195897549578	0.0013473505061428	0.0018651230393104	0.0017815352749834	0.0009619540365825	0.0011809832417501	0.0008297485282181	0.0009979896611142999	0.0019928049831134	0.0009728916994649	0.0006851768710569	0.0015634021763268	0.0014760036699729	0.0009307500244544	0.0005663021656972	0.0015241488167159	0.0017539433401097	0.0020349865003857	0.0006043703209106	0.0008182117933764	0.0007907627199308	0.0012720090362865	0.001067281420765	0.0011274135977373	0.0010941392569201	0.0016929570158685	0.0017411944485346	0.0014040754930113	0.0014079607164614	0.0009757999823714	0.0009058384814283	0.0014202605631879	0.0018281651777093	0.001167760023954	0.0015088507409344	0.0015854784586627	0.0013898960599468	0.0022956435482526	0.0012670214789646	0.0005548885005175	0.0008654205439648	0.0012520686161502	0.0009821465109617	0.001091721855445
Yimella	0	0	0	0	0	0	0	0	0	0	0	0	0	0	0	0	0	0	0	0	0	0	0	0	0	0	0	0	0	0	0	0	0	0	0	0	0	0	0	0	0	0	0	0	0	0	0	0	0	0	0	0	0	0	0	0	0	0	0	0	0	0	0	0	0	0	0	0	0	0	0	0	0	0	0	0	0	0	0	0	0
Yinghuangia	0	0	0	0	0	0	0	0	0	0	0	0	0	0	0	0	0	0	0	0	0	0	0	0	0	0	0	0	0	0	0	0	0	0	0	0	0	0	0	0	0	0	0	0	0	0	0	0	0	0	0	0	0	0	0	0	0	0	0	0	0	0	0	0	0	0	0	0	0	0	0	0	0	0	0	0	0	0	0	0	0
Yokenella	0	0	0	0	0	0	0	0	0	0	0	0	0	0	0	0	0	0	0	0	0	0	0	0	0	0	0	0	0	0	0	0	0	0	0	0	0	0	0	0	0	0	0	0	0	0	0	0	0	0	0	0	0	0	0	0	0	0	0	0	0	0	0	0	0	0	0	0	0	0	0	0	0	0	0	0	0	0	0	0	0
Yonghaparkia	0	0	0	0	0	0	0	0	0	0	0	0	0	0	0	0	0	0	0	0	0	0	0	0	0	0	0	0	0	0	0	0	0	0	0	0	0	0	0	0	0	0	0	0	0	0	0	0	0	0	0	0	0	0	0	0	0	0	0	0	0	0	0	0	0	0	0	0	0	0	0	0	0	0	0	0	0	0	0	0	0
Yoonia	0	0	0	0	0	0	0	0	0	0	0	0	0	0	0	0	0	0	0	0	0	0	0	0	0	0	0	0	0	0	0	0	0	0	0	0	0	0	0	0	0	0	0	0	0	0	0	0	0	0	0	0	0	0	0	0	0	0	0	0	0	0	0	0	0	0	0	0	0	0	0	0	0	0	0	0	0	0	0	0	0
Youngiibacter	0	0	0	0	0	0	0	0	0	0	0	0	0	0	0	0	0	0	0	0	0	0	0	0	0	0	0	0	0	0	0	0	0	0	0	0	0	0	0	0	0	0	0	0	0	0	0	0	0	0	0	0	0	0	0	0	0	0	0	0	0	0	0	0	0	0	0	0	0	0	0	0	0	0	0	0	0	0	0	0	0
Youxingia	0	0	0	0	0	0	0	0	0	0	0	0	0	0	0	0	0	0	0	0	0	0	0	0	0	0	0	0	0	0	0	0	0	0	0	0	0	0	0	0	0	0	0	0	0	0	0	0	0	0	0	0	0	0	0	0	0	0	0	0	0	0	0	0	0	0	0	0	0	0	0	0	0	0	0	0	0	0	0	0	0
Zavarzinella	0	0	0	0	0	0	0	0	0	0	0	0	0	0	0	0	0	0	0	0	0	0	0	0	0	0	0	0	0	0	0	0	0	0	0	0	0	0	0	0	0	0	0	0	0	0	0	0	0	0	0	0	0	0	0	0	0	0	0	0	0	0	0	0	0	0	0	0	0	0	0	0	0	0	0	0	0	0	0	0	0
Zavarzinia	0	0	0	0	0	0	0	0	0	0	0	0	0	0	0	0	0	0	0	0	0	0	0	0	0	0	0	0	0	0	0	0	0	0	0	0	0	0	0	0	0	0	0	0	0	0	0	0	0	0	0	0	0	0	0	0	0	0	0	0	0	0	0	0	0	0	0	0	0	0	0	0	0	0	0	0	0	0	0	0	0
Zeaxanthinibacter	0	0	0	0	0	0	0	0	0	0	0	0	0	0	0	0	0	0	0	0	0	0	0	0	0	0	0	0	0	0	0	0	0	0	0	0	0	0	0	0	0	0	0	0	0	0	0	0	0	0	0	0	0	0	0	0	0	0	0	0	0	0	0	0	0	0	0	0	0	0	0	0	0	0	0	0	0	0	0	0	0
Zeimonas	0	0	0	0	0	0	0	0	0	0	0	0	0	0	0	0	0	0	0	0	0	0	0	0	0	0	0	0	0	0	0	0	0	0	0	0	0	0	0	0	0	0	0	0	0	0	0	0	0	0	0	0	0	0	0	0	0	0	0	0	0	0	0	0	0	0	0	0	0	0	0	0	0	0	0	0	0	0	0	0	0
Zestomonas	0	0	0	0	0	0	0	0	0	0	0	0	0	0	0	0	0	0	0	0	0	0	0	0	0	0	0	0	0	0	0	0	0	0	0	0	0	0	0	0	0	0	0	0	0	0	0	0	0	0	0	0	0	0	0	0	0	0	0	0	0	0	0	0	0	0	0	0	0	0	0	0	0	0	0	0	0	0	0	0	0
Zhaonella	0	0	0	0	0	0	0	0	0	0	0	0	0	0	0	0	0	0	0	0	0	0	0	0	0	0	0	0	0	0	0	0	0	0	0	0	0	0	0	0	0	0	0	0	0	0	0	0	0	0	0	0	0	0	0	0	0	0	0	0	0	0	0	0	0	0	0	0	0	0	0	0	0	0	0	0	0	0	0	0	0
Zhengella	0	0	0	0	0	0	0	0	0	0	0	0	0	0	0	0	0	0	0	0	0	0	0	0	0	0	0	0	0	0	0	0	0	0	0	0	0	0	0	0	0	0	0	0	0	0	0	0	0	0	0	0	0	0	0	0	0	0	0	0	0	0	0	0	0	0	0	0	0	0	0	0	0	0	0	0	0	0	0	0	0
Zhenhengia	0	0	0	0	0	0	0	0	0	0	0	0	0	0	0	0	0	0	0	0	0	0	0	0	0	0	0	0	0	0	0	0	0	0	0	0	0	0	0	0	0	0	0	0	0	0	0	0	0	0	0	0	0	0	0	0	0	0	0	0	0	0	0	0	0	0	0	0	0	0	0	0	0	0	0	0	0	0	0	0	0
Zhenpiania	0	0	0	0	0	0	0	0	0	0	0	0	0	0	0	0	0	0	0	0	0	0	0	0	0	0	0	0	0	0	0	0	0	0	0	0	0	0	0	0	0	0	0	0	0	0	0	0	0	0	0	0	0	0	0	0	0	0	0	0	0	0	0	0	0	0	0	0	0	0	0	0	0	0	0	0	0	0	0	0	0
Zhihengliuella	0	0	0	0	0	0	0	0	0	0	0	0	0	0	0	0	0	0	0	0	0	0	0	0	0	0	0	0	0	0	0	0	0	0	0	0	0	0	0	0	0	0	0	0	0	0	0	0	0	0	0	0	0	0	0	0	0	0	0	0	0	0	0	0	0	0	0	0	0	0	0	0	0	0	0	0	0	0	0	0	0
Zhongshania	0	0	0	0	0	0	0	0	0	0	0	0	0	0	0	0	0	0	0	0	0	0	0	0	0	0	0	0	0	0	0	0	0	0	0	0	0	0	0	0	0	0	0	0	0	0	0	0	0	0	0	0	0	0	0	0	0	0	0	0	0	0	0	0	0	0	0	0	0	0	0	0	0	0	0	0	0	0	0	0	0
Zhouia	0	0	0	0	0	0	0	0	0	0	0	0	0	0	0	0	0	0	0	0	0	0	0	0	0	0	0	0	0	0	0	0	0	0	0	0	0	0	0	0	0	0	0	0	0	0	0	0	0	0	0	0	0	0	0	0	0	0	0	0	0	0	0	0	0	0	0	0	0	0	0	0	0	0	0	0	0	0	0	0	0
Zobellella	0	0	0	0	0	0	0	0	0	0	0	0	0	0	0	0	0	0	0	0	0	0	0	0	0	0	0	0	0	0	0	0	0	0	0	0	0	0	0	0	0	0	0	0	0	0	0	0	0	0	0	0	0	0	0	0	0	0	0	0	0	0	0	0	0	0	0	0	0	0	0	0	0	0	0	0	0	0	0	0	0
Zobellia	0	0	0	0	0	0	0	0	0	0	0	0	0	0	0	0	0	0	0	0	0	0	0	0	0	0	0	0	0	0	0	0	0	0	0	0	0	0	0	0	0	0	0	0	0	0	0	0	0	0	0	0	0	0	0	0	0	0	0	0	0	0	0	0	0	0	0	0	0	0	0	0	0	0	0	0	0	0	0	0	0
Zongyangia	0	0	0	0	0	0	0	0	0	0	0	0	0	0	0	0	0	0	0	0	0	0	0	0	0	0	0	0	0	0	0	0	0	0	0	0	0	0	0	0	0	0	0	0	0	0	0	0	0	0	0	0	0	0	0	0	0	0	0	0	0	0	0	0	0	0	0	0	0	0	0	0	0	0	0	0	0	0	0	0	0
Zoogloea	0	0	0	0	0	0	0	0	0	0	0	0	0	0	0	0	0	0	0	0	0	0	0	0	0	0	0	0	0	0	0	0	0	0	0	0	0	0	0	0	0	0	0	0	0	0	0	0	0	0	0	0	0	0	0	0	0	0	0	0	0	0	0	0	0	0	0	0	0	0	0	0	0	0	0	0	0	0	0	0	0
Zooshikella	0	0	0	0	0	0	0	0	0	0	0	0	0	0	0	0	0	0	0	0	0	0	0	0	0	0	0	0	0	0	0	0	0	0	0	0	0	0	0	0	0	0	0	0	0	0	0	0	0	0	0	0	0	0	0	0	0	0	0	0	0	0	0	0	0	0	0	0	0	0	0	0	0	0	0	0	0	0	0	0	0
Zophobihabitans	0	0	0	0	0	0	0	0	0	0	0	0	0	0	0	0	0	0	0	0	0	0	0	0	0	0	0	0	0	0	0	0	0	0	0	0	0	0	0	0	0	0	0	0	0	0	0	0	0	0	0	0	0	0	0	0	0	0	0	0	0	0	0	0	0	0	0	0	0	0	0	0	0	0	0	0	0	0	0	0	0
Zunongwangia	0	0	0	0	0	0	0	0	0	0	0	0	0	0	0	0	0	0	0	0	0	0	0	0	0	0	0	0	0	0	0	0	0	0	0	0	0	0	0	0	0	0	0	0	0	0	0	0	0	0	0	0	0	0	0	0	0	0	0	0	0	0	0	0	0	0	0	0	0	0	0	0	0	0	0	0	0	0	0	0	0
Zwartia	0	0	0	0	0	0	0	0	0	0	0	0	0	0	0	0	0	0	0	0	0	0	0	0	0	0	0	0	0	0	0	0	0	0	0	0	0	0	0	0	0	0	0	0	0	0	0	0	0	0	0	0	0	0	0	0	0	0	0	0	0	0	0	0	0	0	0	0	0	0	0	0	0	0	0	0	0	0	0	0	0
Zymobacter	0	0	0	0	0	0	0	0	0	0	0	0	0	0	0	0	0	0	0	0	0	0	0	0	0	0	0	0	0	0	0	0	0	0	0	0	0	0	0	0	0	0	0	0	0	0	0	0	0	0	0	0	0	0	0	0	0	0	0	0	0	0	0	0	0	0	0	0	0	0	0	0	0	0	0	0	0	0	0	0	0
Zymomonas	0	0	0	0	0	0	0	0	0	0	0	0	0	0	0	0	0	0	0	0	0	0	0	0	0	0	0	0	0	0	0	0	0	0	0	0	0	0	0	0	0	0	0	0	0	0	0	0	0	0	0	0	0	0	0	0	0	0	0	0	0	0	0	0	0	0	0	0	0	0	0	0	0	0	0	0	0	0	0	0	0
