[33mNextflow 25.10.2 is available - Please consider updating your version to it(B[m

 N E X T F L O W   ~  version 25.04.6

WARN: It appears you have never run this project before -- Option `-resume` is ignored
Launching `/data/ucct/bi/pipelines/nf-core-taxprofiler/nf-core-taxprofiler-1.2.4/main.nf` [jolly_bhabha] DSL2 - revision: bba6c867d1


------------------------------------------------------
                                        ,--./,-.
        ___     __   __   __   ___     /,-._.--~'
  |\ | |__  __ /  ` /  \ |__) |__         }  {
  | \| |       \__, \__/ |  \ |___     \`-._,-`-,
                                        `._,._,'
  nf-core/taxprofiler 1.2.4
------------------------------------------------------
Input/output options
  input                             : samplesheet.csv
  databases                         : ../../DOC/databasesheet.csv
  outdir                            : ./results
  multiqc_title                     : ERP015409

Preprocessing short-read QC options
  perform_shortread_qc              : true
  shortread_qc_minlength            : 50
  perform_shortread_complexityfilter: true
  shortread_complexityfilter_entropy: 0.5
  save_complexityfiltered_reads     : true

Preprocessing host removal options
  perform_shortread_hostremoval     : true
  hostremoval_reference             : /data/ucct/bi/references/eukaria/homo_sapiens/hg38/NCBI/genome/GCF_000001405.40_GRCh38.p14/GCF_000001405.40_GRCh38.p14_genomic.fna.gz
  shortread_hostremoval_index       : ../../REFERENCES/bowtie2/

Profiling options
  run_diamond                       : true
  kaiju_taxon_rank                  : genus
  ganon_report_rank                 : genus

Postprocessing and visualisation options
  run_profile_standardisation       : true
  run_krona                         : true
  krona_taxonomy_directory          : /data/ucct/bi/research/20250625_TFM_CIBORRA_IC-SM_T/REFERENCES/krona/taxonomy_db
  taxpasta_taxonomy_dir             : ../../REFERENCES/taxdump/2025-09-01_taxdump/
  taxpasta_add_name                 : true
  taxpasta_add_rank                 : true

Generic options
  trace_report_suffix               : 2025-12-09_10-46-07

Core Nextflow options
  runName                           : jolly_bhabha
  containerEngine                   : singularity
  launchDir                         : /data/ucct/bi/research/20250625_TFM_CIBORRA_IC-SM_T/ANALYSIS/20251209_ANALYSIS20_diamond3
  workDir                           : /data/ucct/bi/research/20250625_TFM_CIBORRA_IC-SM_T/ANALYSIS/20251209_ANALYSIS20_diamond3/work
  projectDir                        : /data/ucct/bi/pipelines/nf-core-taxprofiler/nf-core-taxprofiler-1.2.4
  userName                          : carmen.iborra
  profile                           : singularity
  configFiles                       : /data/ucct/bi/pipelines/nf-core-taxprofiler/nf-core-taxprofiler-1.2.4/nextflow.config, /data/ucct/bi/research/20250625_TFM_CIBORRA_IC-SM_T/ANALYSIS/20251209_ANALYSIS20_diamond3/../../DOC/taxprofiler.config

!! Only displaying parameters that differ from the pipeline defaults !!
------------------------------------------------------
* The pipeline
    https://doi.org/10.1101/2023.10.20.563221

* The nf-core framework
    https://doi.org/10.1038/s41587-020-0439-x

* Software dependencies
    https://github.com/nf-core/taxprofiler/blob/master/CITATIONS.md

WARN: The following invalid input values have been detected:

* --max_cpus: 32
* --max_time: 24.h
* --run_krona_combined: true
* --max_memory: 376 GB


[-        ] NFC…PROFILER:TAXPROFILER:UNTAR -
[-        ] NFC…ROFILER:TAXPROFILER:FASTQC -
[-        ] NFC…ORTREAD_FASTP:FASTP_SINGLE -
[-        ] NFC…ORTREAD_FASTP:FASTP_PAIRED -
[-        ] NFC…ROCESSING:FASTQC_PROCESSED -
[-        ] NFC…EXITYFILTERING:BBMAP_BBDUK -

[-        ] NFC…PROFILER:TAXPROFILER:UNTAR -
[-        ] NFC…ROFILER:TAXPROFILER:FASTQC -
[-        ] NFC…ORTREAD_FASTP:FASTP_SINGLE -
[-        ] NFC…ORTREAD_FASTP:FASTP_PAIRED -
[-        ] NFC…ROCESSING:FASTQC_PROCESSED -
[-        ] NFC…EXITYFILTERING:BBMAP_BBDUK -
[-        ] NFC…_HOSTREMOVAL:BOWTIE2_ALIGN -
[-        ] NFC…HOSTREMOVAL:SAMTOOLS_INDEX -
[-        ] NFC…HOSTREMOVAL:SAMTOOLS_STATS -
[-        ] NFC…R:PROFILING:DIAMOND_BLASTX -
[-        ] NFC…:KRAKENTOOLS_KREPORT2KRONA -
[-        ] NFC…ON_KRONA:KAIJU_KAIJU2KRONA -
[-        ] NFC…ZATION_KRONA:KRONA_CLEANUP -
[-        ] NFC…N_KRONA:KRONA_KTIMPORTTEXT -
[-        ] NFC…KRONA:MEGAN_RMA2INFO_KRONA -
[-        ] NFC…VISUALIZATION_KRONA:GUNZIP -

[-        ] NFC…PROFILER:TAXPROFILER:UNTAR -
[-        ] NFC…ROFILER:TAXPROFILER:FASTQC -
[-        ] NFC…ORTREAD_FASTP:FASTP_SINGLE -
[-        ] NFC…ORTREAD_FASTP:FASTP_PAIRED -
[-        ] NFC…ROCESSING:FASTQC_PROCESSED -
[-        ] NFC…EXITYFILTERING:BBMAP_BBDUK -
[-        ] NFC…_HOSTREMOVAL:BOWTIE2_ALIGN -
[-        ] NFC…HOSTREMOVAL:SAMTOOLS_INDEX -
[-        ] NFC…HOSTREMOVAL:SAMTOOLS_STATS -
[-        ] NFC…R:PROFILING:DIAMOND_BLASTX -
[-        ] NFC…:KRAKENTOOLS_KREPORT2KRONA -
[-        ] NFC…ON_KRONA:KAIJU_KAIJU2KRONA -
[-        ] NFC…ZATION_KRONA:KRONA_CLEANUP -
[-        ] NFC…N_KRONA:KRONA_KTIMPORTTEXT -
[-        ] NFC…KRONA:MEGAN_RMA2INFO_KRONA -
[-        ] NFC…VISUALIZATION_KRONA:GUNZIP -
[-        ] NFC…ONA:KRONA_KTIMPORTTAXONOMY -
[-        ] NFC…ON_PROFILES:TAXPASTA_MERGE -
[-        ] NFC…FILES:TAXPASTA_STANDARDISE -
[-        ] NFC…CKEN_COMBINEBRACKENOUTPUTS -
Plus 4 more processes waiting for tasks…

[-        ] NFC…PROFILER:TAXPROFILER:UNTAR -
[-        ] NFC…ROFILER:TAXPROFILER:FASTQC -
[-        ] NFC…ORTREAD_FASTP:FASTP_SINGLE -
[-        ] NFC…ORTREAD_FASTP:FASTP_PAIRED -
[-        ] NFC…ROCESSING:FASTQC_PROCESSED -
[-        ] NFC…EXITYFILTERING:BBMAP_BBDUK -
[-        ] NFC…_HOSTREMOVAL:BOWTIE2_ALIGN -
[-        ] NFC…HOSTREMOVAL:SAMTOOLS_INDEX -
[-        ] NFC…HOSTREMOVAL:SAMTOOLS_STATS -
[-        ] NFC…R:PROFILING:DIAMOND_BLASTX -
[-        ] NFC…:KRAKENTOOLS_KREPORT2KRONA -
[-        ] NFC…ON_KRONA:KAIJU_KAIJU2KRONA -
[-        ] NFC…ZATION_KRONA:KRONA_CLEANUP -
[-        ] NFC…N_KRONA:KRONA_KTIMPORTTEXT -
[-        ] NFC…KRONA:MEGAN_RMA2INFO_KRONA -
[-        ] NFC…VISUALIZATION_KRONA:GUNZIP -
[-        ] NFC…ONA:KRONA_KTIMPORTTAXONOMY -
[-        ] NFC…ON_PROFILES:TAXPASTA_MERGE -
[-        ] NFC…FILES:TAXPASTA_STANDARDISE -
[-        ] NFC…CKEN_COMBINEBRACKENOUTPUTS -
Plus 7 more processes waiting for tasks…

[-        ] NFC…PROFILER:TAXPROFILER:UNTAR -
[-        ] NFC…ROFILER:TAXPROFILER:FASTQC | 0 of 10
[-        ] NFC…ORTREAD_FASTP:FASTP_SINGLE -
[-        ] NFC…ORTREAD_FASTP:FASTP_PAIRED | 0 of 10
[-        ] NFC…ROCESSING:FASTQC_PROCESSED -
[-        ] NFC…EXITYFILTERING:BBMAP_BBDUK -
[-        ] NFC…_HOSTREMOVAL:BOWTIE2_ALIGN -
[-        ] NFC…HOSTREMOVAL:SAMTOOLS_INDEX -
[-        ] NFC…HOSTREMOVAL:SAMTOOLS_STATS -
[-        ] NFC…R:PROFILING:DIAMOND_BLASTX -
[-        ] NFC…:KRAKENTOOLS_KREPORT2KRONA -
[-        ] NFC…ON_KRONA:KAIJU_KAIJU2KRONA -
[-        ] NFC…ZATION_KRONA:KRONA_CLEANUP -
[-        ] NFC…N_KRONA:KRONA_KTIMPORTTEXT -
[-        ] NFC…KRONA:MEGAN_RMA2INFO_KRONA -
[-        ] NFC…VISUALIZATION_KRONA:GUNZIP -
[-        ] NFC…ONA:KRONA_KTIMPORTTAXONOMY -
[-        ] NFC…ON_PROFILES:TAXPASTA_MERGE -
[-        ] NFC…FILES:TAXPASTA_STANDARDISE -
[-        ] NFC…CKEN_COMBINEBRACKENOUTPUTS -
Plus 7 more processes waiting for tasks…

executor >  slurm (6)
[-        ] NFC…PROFILER:TAXPROFILER:UNTAR -
[5e/5c096c] NFC…TAXPROFILER:FASTQC (KAZ.6) | 0 of 10
[-        ] NFC…ORTREAD_FASTP:FASTP_SINGLE -
[0a/860c93] NFC…ASTP:FASTP_PAIRED (ITA.30) | 0 of 10
[-        ] NFC…ROCESSING:FASTQC_PROCESSED -
[-        ] NFC…EXITYFILTERING:BBMAP_BBDUK -
[-        ] NFC…_HOSTREMOVAL:BOWTIE2_ALIGN -
[-        ] NFC…HOSTREMOVAL:SAMTOOLS_INDEX -
[-        ] NFC…HOSTREMOVAL:SAMTOOLS_STATS -
[-        ] NFC…R:PROFILING:DIAMOND_BLASTX -
[-        ] NFC…:KRAKENTOOLS_KREPORT2KRONA -
[-        ] NFC…ON_KRONA:KAIJU_KAIJU2KRONA -
[-        ] NFC…ZATION_KRONA:KRONA_CLEANUP -
[-        ] NFC…N_KRONA:KRONA_KTIMPORTTEXT -
[-        ] NFC…KRONA:MEGAN_RMA2INFO_KRONA -
[-        ] NFC…VISUALIZATION_KRONA:GUNZIP -
[-        ] NFC…ONA:KRONA_KTIMPORTTAXONOMY -
[-        ] NFC…ON_PROFILES:TAXPASTA_MERGE -
[-        ] NFC…FILES:TAXPASTA_STANDARDISE -
[-        ] NFC…CKEN_COMBINEBRACKENOUTPUTS -
Plus 7 more processes waiting for tasks…

executor >  slurm (18)
[-        ] NFC…PROFILER:TAXPROFILER:UNTAR -
[e0/f3907f] NFC…AXPROFILER:FASTQC (MDA.65) | 0 of 10
[-        ] NFC…ORTREAD_FASTP:FASTP_SINGLE -
[4f/ab9c5a] NFC…ASTP:FASTP_PAIRED (LUX.32) | 0 of 10
[-        ] NFC…ROCESSING:FASTQC_PROCESSED -
[-        ] NFC…EXITYFILTERING:BBMAP_BBDUK -
[-        ] NFC…_HOSTREMOVAL:BOWTIE2_ALIGN -
[-        ] NFC…HOSTREMOVAL:SAMTOOLS_INDEX -
[-        ] NFC…HOSTREMOVAL:SAMTOOLS_STATS -
[-        ] NFC…R:PROFILING:DIAMOND_BLASTX -
[-        ] NFC…:KRAKENTOOLS_KREPORT2KRONA -
[-        ] NFC…ON_KRONA:KAIJU_KAIJU2KRONA -
[-        ] NFC…ZATION_KRONA:KRONA_CLEANUP -
[-        ] NFC…N_KRONA:KRONA_KTIMPORTTEXT -
[-        ] NFC…KRONA:MEGAN_RMA2INFO_KRONA -
[-        ] NFC…VISUALIZATION_KRONA:GUNZIP -
[-        ] NFC…ONA:KRONA_KTIMPORTTAXONOMY -
[-        ] NFC…ON_PROFILES:TAXPASTA_MERGE -
[-        ] NFC…FILES:TAXPASTA_STANDARDISE -
[-        ] NFC…CKEN_COMBINEBRACKENOUTPUTS -
Plus 7 more processes waiting for tasks…

executor >  slurm (20)
[-        ] NFC…PROFILER:TAXPROFILER:UNTAR -
[ea/a084cb] NFC…AXPROFILER:FASTQC (MLT.63) | 0 of 10
[-        ] NFC…ORTREAD_FASTP:FASTP_SINGLE -
[4f/ab9c5a] NFC…ASTP:FASTP_PAIRED (LUX.32) | 0 of 10
[-        ] NFC…ROCESSING:FASTQC_PROCESSED -
[-        ] NFC…EXITYFILTERING:BBMAP_BBDUK -
[-        ] NFC…_HOSTREMOVAL:BOWTIE2_ALIGN -
[-        ] NFC…HOSTREMOVAL:SAMTOOLS_INDEX -
[-        ] NFC…HOSTREMOVAL:SAMTOOLS_STATS -
[-        ] NFC…R:PROFILING:DIAMOND_BLASTX -
[-        ] NFC…:KRAKENTOOLS_KREPORT2KRONA -
[-        ] NFC…ON_KRONA:KAIJU_KAIJU2KRONA -
[-        ] NFC…ZATION_KRONA:KRONA_CLEANUP -
[-        ] NFC…N_KRONA:KRONA_KTIMPORTTEXT -
[-        ] NFC…KRONA:MEGAN_RMA2INFO_KRONA -
[-        ] NFC…VISUALIZATION_KRONA:GUNZIP -
[-        ] NFC…ONA:KRONA_KTIMPORTTAXONOMY -
[-        ] NFC…ON_PROFILES:TAXPASTA_MERGE -
[-        ] NFC…FILES:TAXPASTA_STANDARDISE -
[-        ] NFC…CKEN_COMBINEBRACKENOUTPUTS -
Plus 7 more processes waiting for tasks…

executor >  slurm (20)
[-        ] NFC…PROFILER:TAXPROFILER:UNTAR -
[ea/a084cb] NFC…AXPROFILER:FASTQC (MLT.63) | 0 of 10
[-        ] NFC…ORTREAD_FASTP:FASTP_SINGLE -
[4f/ab9c5a] NFC…ASTP:FASTP_PAIRED (LUX.32) | 0 of 10
[-        ] NFC…ROCESSING:FASTQC_PROCESSED -
[-        ] NFC…EXITYFILTERING:BBMAP_BBDUK -
[-        ] NFC…_HOSTREMOVAL:BOWTIE2_ALIGN -
[-        ] NFC…HOSTREMOVAL:SAMTOOLS_INDEX -
[-        ] NFC…HOSTREMOVAL:SAMTOOLS_STATS -
[-        ] NFC…R:PROFILING:DIAMOND_BLASTX -
[-        ] NFC…:KRAKENTOOLS_KREPORT2KRONA -
[-        ] NFC…ON_KRONA:KAIJU_KAIJU2KRONA -
[-        ] NFC…ZATION_KRONA:KRONA_CLEANUP -
[-        ] NFC…N_KRONA:KRONA_KTIMPORTTEXT -
[-        ] NFC…KRONA:MEGAN_RMA2INFO_KRONA -
[-        ] NFC…VISUALIZATION_KRONA:GUNZIP -
[-        ] NFC…ONA:KRONA_KTIMPORTTAXONOMY -
[-        ] NFC…ON_PROFILES:TAXPASTA_MERGE -
[-        ] NFC…FILES:TAXPASTA_STANDARDISE -
[-        ] NFC…CKEN_COMBINEBRACKENOUTPUTS -
Plus 7 more processes waiting for tasks…

executor >  slurm (21)
[-        ] NFC…PROFILER:TAXPROFILER:UNTAR -
[ea/a084cb] NFC…AXPROFILER:FASTQC (MLT.63) | 0 of 10
[-        ] NFC…ORTREAD_FASTP:FASTP_SINGLE -
[df/88e173] NFC…ASTP:FASTP_PAIRED (LVA.31) | 1 of 10
[-        ] NFC…ROCESSING:FASTQC_PROCESSED -
[a3/1b6ad2] NFC…ERING:BBMAP_BBDUK (LVA.31) | 0 of 1
[-        ] NFC…_HOSTREMOVAL:BOWTIE2_ALIGN -
[-        ] NFC…HOSTREMOVAL:SAMTOOLS_INDEX -
[-        ] NFC…HOSTREMOVAL:SAMTOOLS_STATS -
[-        ] NFC…R:PROFILING:DIAMOND_BLASTX -
[-        ] NFC…:KRAKENTOOLS_KREPORT2KRONA -
[-        ] NFC…ON_KRONA:KAIJU_KAIJU2KRONA -
[-        ] NFC…ZATION_KRONA:KRONA_CLEANUP -
[-        ] NFC…N_KRONA:KRONA_KTIMPORTTEXT -
[-        ] NFC…KRONA:MEGAN_RMA2INFO_KRONA -
[-        ] NFC…VISUALIZATION_KRONA:GUNZIP -
[-        ] NFC…ONA:KRONA_KTIMPORTTAXONOMY -
[-        ] NFC…ON_PROFILES:TAXPASTA_MERGE -
[-        ] NFC…FILES:TAXPASTA_STANDARDISE -
[-        ] NFC…CKEN_COMBINEBRACKENOUTPUTS -
Plus 7 more processes waiting for tasks…

executor >  slurm (21)
[-        ] NFC…PROFILER:TAXPROFILER:UNTAR -
[ea/a084cb] NFC…AXPROFILER:FASTQC (MLT.63) | 0 of 10
[-        ] NFC…ORTREAD_FASTP:FASTP_SINGLE -
[df/88e173] NFC…ASTP:FASTP_PAIRED (LVA.31) | 1 of 10
[-        ] NFC…ROCESSING:FASTQC_PROCESSED | 0 of 1
[a3/1b6ad2] NFC…ERING:BBMAP_BBDUK (LVA.31) | 0 of 1
[-        ] NFC…_HOSTREMOVAL:BOWTIE2_ALIGN -
[-        ] NFC…HOSTREMOVAL:SAMTOOLS_INDEX -
[-        ] NFC…HOSTREMOVAL:SAMTOOLS_STATS -
[-        ] NFC…R:PROFILING:DIAMOND_BLASTX -
[-        ] NFC…:KRAKENTOOLS_KREPORT2KRONA -
[-        ] NFC…ON_KRONA:KAIJU_KAIJU2KRONA -
[-        ] NFC…ZATION_KRONA:KRONA_CLEANUP -
[-        ] NFC…N_KRONA:KRONA_KTIMPORTTEXT -
[-        ] NFC…KRONA:MEGAN_RMA2INFO_KRONA -
[-        ] NFC…VISUALIZATION_KRONA:GUNZIP -
[-        ] NFC…ONA:KRONA_KTIMPORTTAXONOMY -
[-        ] NFC…ON_PROFILES:TAXPASTA_MERGE -
[-        ] NFC…FILES:TAXPASTA_STANDARDISE -
[-        ] NFC…CKEN_COMBINEBRACKENOUTPUTS -
Plus 7 more processes waiting for tasks…

executor >  slurm (22)
[-        ] NFC…PROFILER:TAXPROFILER:UNTAR -
[ea/a084cb] NFC…AXPROFILER:FASTQC (MLT.63) | 0 of 10
[-        ] NFC…ORTREAD_FASTP:FASTP_SINGLE -
[df/88e173] NFC…ASTP:FASTP_PAIRED (LVA.31) | 1 of 10
[cd/0bbc4a] NFC…:FASTQC_PROCESSED (LVA.31) | 0 of 1
[a3/1b6ad2] NFC…ERING:BBMAP_BBDUK (LVA.31) | 0 of 1
[-        ] NFC…_HOSTREMOVAL:BOWTIE2_ALIGN -
[-        ] NFC…HOSTREMOVAL:SAMTOOLS_INDEX -
[-        ] NFC…HOSTREMOVAL:SAMTOOLS_STATS -
[-        ] NFC…R:PROFILING:DIAMOND_BLASTX -
[-        ] NFC…:KRAKENTOOLS_KREPORT2KRONA -
[-        ] NFC…ON_KRONA:KAIJU_KAIJU2KRONA -
[-        ] NFC…ZATION_KRONA:KRONA_CLEANUP -
[-        ] NFC…N_KRONA:KRONA_KTIMPORTTEXT -
[-        ] NFC…KRONA:MEGAN_RMA2INFO_KRONA -
[-        ] NFC…VISUALIZATION_KRONA:GUNZIP -
[-        ] NFC…ONA:KRONA_KTIMPORTTAXONOMY -
[-        ] NFC…ON_PROFILES:TAXPASTA_MERGE -
[-        ] NFC…FILES:TAXPASTA_STANDARDISE -
[-        ] NFC…CKEN_COMBINEBRACKENOUTPUTS -
Plus 7 more processes waiting for tasks…

executor >  slurm (22)
[-        ] NFC…PROFILER:TAXPROFILER:UNTAR -
[ea/a084cb] NFC…AXPROFILER:FASTQC (MLT.63) | 0 of 10
[-        ] NFC…ORTREAD_FASTP:FASTP_SINGLE -
[df/88e173] NFC…ASTP:FASTP_PAIRED (LVA.31) | 1 of 10
[cd/0bbc4a] NFC…:FASTQC_PROCESSED (LVA.31) | 0 of 1
[a3/1b6ad2] NFC…ERING:BBMAP_BBDUK (LVA.31) | 0 of 1
[-        ] NFC…_HOSTREMOVAL:BOWTIE2_ALIGN -
[-        ] NFC…HOSTREMOVAL:SAMTOOLS_INDEX -
[-        ] NFC…HOSTREMOVAL:SAMTOOLS_STATS -
[-        ] NFC…R:PROFILING:DIAMOND_BLASTX -
[-        ] NFC…:KRAKENTOOLS_KREPORT2KRONA -
[-        ] NFC…ON_KRONA:KAIJU_KAIJU2KRONA -
[-        ] NFC…ZATION_KRONA:KRONA_CLEANUP -
[-        ] NFC…N_KRONA:KRONA_KTIMPORTTEXT -
[-        ] NFC…KRONA:MEGAN_RMA2INFO_KRONA -
[-        ] NFC…VISUALIZATION_KRONA:GUNZIP -
[-        ] NFC…ONA:KRONA_KTIMPORTTAXONOMY -
[-        ] NFC…ON_PROFILES:TAXPASTA_MERGE -
[-        ] NFC…FILES:TAXPASTA_STANDARDISE -
[-        ] NFC…CKEN_COMBINEBRACKENOUTPUTS -
Plus 7 more processes waiting for tasks…

executor >  slurm (22)
[-        ] NFC…PROFILER:TAXPROFILER:UNTAR -
[22/cc4c14] NFC…AXPROFILER:FASTQC (LVA.31) | 1 of 10
[-        ] NFC…ORTREAD_FASTP:FASTP_SINGLE -
[df/88e173] NFC…ASTP:FASTP_PAIRED (LVA.31) | 1 of 10
[cd/0bbc4a] NFC…:FASTQC_PROCESSED (LVA.31) | 0 of 1
[a3/1b6ad2] NFC…ERING:BBMAP_BBDUK (LVA.31) | 0 of 1
[-        ] NFC…_HOSTREMOVAL:BOWTIE2_ALIGN -
[-        ] NFC…HOSTREMOVAL:SAMTOOLS_INDEX -
[-        ] NFC…HOSTREMOVAL:SAMTOOLS_STATS -
[-        ] NFC…R:PROFILING:DIAMOND_BLASTX -
[-        ] NFC…:KRAKENTOOLS_KREPORT2KRONA -
[-        ] NFC…ON_KRONA:KAIJU_KAIJU2KRONA -
[-        ] NFC…ZATION_KRONA:KRONA_CLEANUP -
[-        ] NFC…N_KRONA:KRONA_KTIMPORTTEXT -
[-        ] NFC…KRONA:MEGAN_RMA2INFO_KRONA -
[-        ] NFC…VISUALIZATION_KRONA:GUNZIP -
[-        ] NFC…ONA:KRONA_KTIMPORTTAXONOMY -
[-        ] NFC…ON_PROFILES:TAXPASTA_MERGE -
[-        ] NFC…FILES:TAXPASTA_STANDARDISE -
[-        ] NFC…CKEN_COMBINEBRACKENOUTPUTS -
Plus 7 more processes waiting for tasks…

executor >  slurm (22)
[-        ] NFC…PROFILER:TAXPROFILER:UNTAR -
[22/cc4c14] NFC…AXPROFILER:FASTQC (LVA.31) | 1 of 10
[-        ] NFC…ORTREAD_FASTP:FASTP_SINGLE -
[df/88e173] NFC…ASTP:FASTP_PAIRED (LVA.31) | 1 of 10
[cd/0bbc4a] NFC…:FASTQC_PROCESSED (LVA.31) | 1 of 1
[a3/1b6ad2] NFC…ERING:BBMAP_BBDUK (LVA.31) | 0 of 1
[-        ] NFC…_HOSTREMOVAL:BOWTIE2_ALIGN -
[-        ] NFC…HOSTREMOVAL:SAMTOOLS_INDEX -
[-        ] NFC…HOSTREMOVAL:SAMTOOLS_STATS -
[-        ] NFC…R:PROFILING:DIAMOND_BLASTX -
[-        ] NFC…:KRAKENTOOLS_KREPORT2KRONA -
[-        ] NFC…ON_KRONA:KAIJU_KAIJU2KRONA -
[-        ] NFC…ZATION_KRONA:KRONA_CLEANUP -
[-        ] NFC…N_KRONA:KRONA_KTIMPORTTEXT -
[-        ] NFC…KRONA:MEGAN_RMA2INFO_KRONA -
[-        ] NFC…VISUALIZATION_KRONA:GUNZIP -
[-        ] NFC…ONA:KRONA_KTIMPORTTAXONOMY -
[-        ] NFC…ON_PROFILES:TAXPASTA_MERGE -
[-        ] NFC…FILES:TAXPASTA_STANDARDISE -
[-        ] NFC…CKEN_COMBINEBRACKENOUTPUTS -
Plus 7 more processes waiting for tasks…

executor >  slurm (22)
[-        ] NFC…PROFILER:TAXPROFILER:UNTAR -
[22/cc4c14] NFC…AXPROFILER:FASTQC (LVA.31) | 1 of 10
[-        ] NFC…ORTREAD_FASTP:FASTP_SINGLE -
[df/88e173] NFC…ASTP:FASTP_PAIRED (LVA.31) | 1 of 10
[cd/0bbc4a] NFC…:FASTQC_PROCESSED (LVA.31) | 1 of 1
[a3/1b6ad2] NFC…ERING:BBMAP_BBDUK (LVA.31) | 1 of 1
[-        ] NFC…_HOSTREMOVAL:BOWTIE2_ALIGN | 0 of 1
[-        ] NFC…HOSTREMOVAL:SAMTOOLS_INDEX -
[-        ] NFC…HOSTREMOVAL:SAMTOOLS_STATS -
[-        ] NFC…R:PROFILING:DIAMOND_BLASTX -
[-        ] NFC…:KRAKENTOOLS_KREPORT2KRONA -
[-        ] NFC…ON_KRONA:KAIJU_KAIJU2KRONA -
[-        ] NFC…ZATION_KRONA:KRONA_CLEANUP -
[-        ] NFC…N_KRONA:KRONA_KTIMPORTTEXT -
[-        ] NFC…KRONA:MEGAN_RMA2INFO_KRONA -
[-        ] NFC…VISUALIZATION_KRONA:GUNZIP -
[-        ] NFC…ONA:KRONA_KTIMPORTTAXONOMY -
[-        ] NFC…ON_PROFILES:TAXPASTA_MERGE -
[-        ] NFC…FILES:TAXPASTA_STANDARDISE -
[-        ] NFC…CKEN_COMBINEBRACKENOUTPUTS -
Plus 7 more processes waiting for tasks…

executor >  slurm (23)
[-        ] NFC…PROFILER:TAXPROFILER:UNTAR -
[22/cc4c14] NFC…AXPROFILER:FASTQC (LVA.31) | 1 of 10
[-        ] NFC…ORTREAD_FASTP:FASTP_SINGLE -
[df/88e173] NFC…ASTP:FASTP_PAIRED (LVA.31) | 1 of 10
[cd/0bbc4a] NFC…:FASTQC_PROCESSED (LVA.31) | 1 of 1
[a3/1b6ad2] NFC…ERING:BBMAP_BBDUK (LVA.31) | 1 of 1
[1d/883280] NFC…VAL:BOWTIE2_ALIGN (LVA.31) | 0 of 1
[-        ] NFC…HOSTREMOVAL:SAMTOOLS_INDEX -
[-        ] NFC…HOSTREMOVAL:SAMTOOLS_STATS -
[-        ] NFC…R:PROFILING:DIAMOND_BLASTX -
[-        ] NFC…:KRAKENTOOLS_KREPORT2KRONA -
[-        ] NFC…ON_KRONA:KAIJU_KAIJU2KRONA -
[-        ] NFC…ZATION_KRONA:KRONA_CLEANUP -
[-        ] NFC…N_KRONA:KRONA_KTIMPORTTEXT -
[-        ] NFC…KRONA:MEGAN_RMA2INFO_KRONA -
[-        ] NFC…VISUALIZATION_KRONA:GUNZIP -
[-        ] NFC…ONA:KRONA_KTIMPORTTAXONOMY -
[-        ] NFC…ON_PROFILES:TAXPASTA_MERGE -
[-        ] NFC…FILES:TAXPASTA_STANDARDISE -
[-        ] NFC…CKEN_COMBINEBRACKENOUTPUTS -
Plus 7 more processes waiting for tasks…

executor >  slurm (23)
[-        ] NFC…PROFILER:TAXPROFILER:UNTAR -
[22/cc4c14] NFC…AXPROFILER:FASTQC (LVA.31) | 1 of 10
[-        ] NFC…ORTREAD_FASTP:FASTP_SINGLE -
[df/88e173] NFC…ASTP:FASTP_PAIRED (LVA.31) | 1 of 10
[cd/0bbc4a] NFC…:FASTQC_PROCESSED (LVA.31) | 1 of 1
[a3/1b6ad2] NFC…ERING:BBMAP_BBDUK (LVA.31) | 1 of 1
[1d/883280] NFC…VAL:BOWTIE2_ALIGN (LVA.31) | 0 of 1
[-        ] NFC…HOSTREMOVAL:SAMTOOLS_INDEX -
[-        ] NFC…HOSTREMOVAL:SAMTOOLS_STATS -
[-        ] NFC…R:PROFILING:DIAMOND_BLASTX -
[-        ] NFC…:KRAKENTOOLS_KREPORT2KRONA -
[-        ] NFC…ON_KRONA:KAIJU_KAIJU2KRONA -
[-        ] NFC…ZATION_KRONA:KRONA_CLEANUP -
[-        ] NFC…N_KRONA:KRONA_KTIMPORTTEXT -
[-        ] NFC…KRONA:MEGAN_RMA2INFO_KRONA -
[-        ] NFC…VISUALIZATION_KRONA:GUNZIP -
[-        ] NFC…ONA:KRONA_KTIMPORTTAXONOMY -
[-        ] NFC…ON_PROFILES:TAXPASTA_MERGE -
[-        ] NFC…FILES:TAXPASTA_STANDARDISE -
[-        ] NFC…CKEN_COMBINEBRACKENOUTPUTS -
Plus 7 more processes waiting for tasks…

executor >  slurm (23)
[-        ] NFC…PROFILER:TAXPROFILER:UNTAR -
[cb/7ed39a] NFC…AXPROFILER:FASTQC (MKD.62) | 2 of 10
[-        ] NFC…ORTREAD_FASTP:FASTP_SINGLE -
[df/88e173] NFC…ASTP:FASTP_PAIRED (LVA.31) | 1 of 10
[cd/0bbc4a] NFC…:FASTQC_PROCESSED (LVA.31) | 1 of 1
[a3/1b6ad2] NFC…ERING:BBMAP_BBDUK (LVA.31) | 1 of 1
[1d/883280] NFC…VAL:BOWTIE2_ALIGN (LVA.31) | 0 of 1
[-        ] NFC…HOSTREMOVAL:SAMTOOLS_INDEX -
[-        ] NFC…HOSTREMOVAL:SAMTOOLS_STATS -
[-        ] NFC…R:PROFILING:DIAMOND_BLASTX -
[-        ] NFC…:KRAKENTOOLS_KREPORT2KRONA -
[-        ] NFC…ON_KRONA:KAIJU_KAIJU2KRONA -
[-        ] NFC…ZATION_KRONA:KRONA_CLEANUP -
[-        ] NFC…N_KRONA:KRONA_KTIMPORTTEXT -
[-        ] NFC…KRONA:MEGAN_RMA2INFO_KRONA -
[-        ] NFC…VISUALIZATION_KRONA:GUNZIP -
[-        ] NFC…ONA:KRONA_KTIMPORTTAXONOMY -
[-        ] NFC…ON_PROFILES:TAXPASTA_MERGE -
[-        ] NFC…FILES:TAXPASTA_STANDARDISE -
[-        ] NFC…CKEN_COMBINEBRACKENOUTPUTS -
Plus 7 more processes waiting for tasks…

executor >  slurm (23)
[-        ] NFC…PROFILER:TAXPROFILER:UNTAR -
[cb/7ed39a] NFC…AXPROFILER:FASTQC (MKD.62) | 2 of 10
[-        ] NFC…ORTREAD_FASTP:FASTP_SINGLE -
[df/88e173] NFC…ASTP:FASTP_PAIRED (LVA.31) | 1 of 10
[cd/0bbc4a] NFC…:FASTQC_PROCESSED (LVA.31) | 1 of 2
[a3/1b6ad2] NFC…ERING:BBMAP_BBDUK (LVA.31) | 1 of 2
[1d/883280] NFC…VAL:BOWTIE2_ALIGN (LVA.31) | 0 of 1
[-        ] NFC…HOSTREMOVAL:SAMTOOLS_INDEX -
[-        ] NFC…HOSTREMOVAL:SAMTOOLS_STATS -
[-        ] NFC…R:PROFILING:DIAMOND_BLASTX -
[-        ] NFC…:KRAKENTOOLS_KREPORT2KRONA -
[-        ] NFC…ON_KRONA:KAIJU_KAIJU2KRONA -
[-        ] NFC…ZATION_KRONA:KRONA_CLEANUP -
[-        ] NFC…N_KRONA:KRONA_KTIMPORTTEXT -
[-        ] NFC…KRONA:MEGAN_RMA2INFO_KRONA -
[-        ] NFC…VISUALIZATION_KRONA:GUNZIP -
[-        ] NFC…ONA:KRONA_KTIMPORTTAXONOMY -
[-        ] NFC…ON_PROFILES:TAXPASTA_MERGE -
[-        ] NFC…FILES:TAXPASTA_STANDARDISE -
[-        ] NFC…CKEN_COMBINEBRACKENOUTPUTS -
Plus 7 more processes waiting for tasks…

executor >  slurm (25)
[-        ] NFC…PROFILER:TAXPROFILER:UNTAR -
[cb/7ed39a] NFC…AXPROFILER:FASTQC (MKD.62) | 2 of 10
[-        ] NFC…ORTREAD_FASTP:FASTP_SINGLE -
[df/88e173] NFC…ASTP:FASTP_PAIRED (LVA.31) | 1 of 10
[de/7e1dc9] NFC…:FASTQC_PROCESSED (MKD.62) | 1 of 2
[5f/444824] NFC…ERING:BBMAP_BBDUK (MKD.62) | 1 of 2
[1d/883280] NFC…VAL:BOWTIE2_ALIGN (LVA.31) | 0 of 1
[-        ] NFC…HOSTREMOVAL:SAMTOOLS_INDEX -
[-        ] NFC…HOSTREMOVAL:SAMTOOLS_STATS -
[-        ] NFC…R:PROFILING:DIAMOND_BLASTX -
[-        ] NFC…:KRAKENTOOLS_KREPORT2KRONA -
[-        ] NFC…ON_KRONA:KAIJU_KAIJU2KRONA -
[-        ] NFC…ZATION_KRONA:KRONA_CLEANUP -
[-        ] NFC…N_KRONA:KRONA_KTIMPORTTEXT -
[-        ] NFC…KRONA:MEGAN_RMA2INFO_KRONA -
[-        ] NFC…VISUALIZATION_KRONA:GUNZIP -
[-        ] NFC…ONA:KRONA_KTIMPORTTAXONOMY -
[-        ] NFC…ON_PROFILES:TAXPASTA_MERGE -
[-        ] NFC…FILES:TAXPASTA_STANDARDISE -
[-        ] NFC…CKEN_COMBINEBRACKENOUTPUTS -
Plus 7 more processes waiting for tasks…

executor >  slurm (25)
[-        ] NFC…PROFILER:TAXPROFILER:UNTAR -
[cb/7ed39a] NFC…AXPROFILER:FASTQC (MKD.62) | 2 of 10
[-        ] NFC…ORTREAD_FASTP:FASTP_SINGLE -
[49/5758db] NFC…ASTP:FASTP_PAIRED (MKD.62) | 2 of 10
[de/7e1dc9] NFC…:FASTQC_PROCESSED (MKD.62) | 1 of 2
[5f/444824] NFC…ERING:BBMAP_BBDUK (MKD.62) | 1 of 2
[1d/883280] NFC…VAL:BOWTIE2_ALIGN (LVA.31) | 0 of 1
[-        ] NFC…HOSTREMOVAL:SAMTOOLS_INDEX -
[-        ] NFC…HOSTREMOVAL:SAMTOOLS_STATS -
[-        ] NFC…R:PROFILING:DIAMOND_BLASTX -
[-        ] NFC…:KRAKENTOOLS_KREPORT2KRONA -
[-        ] NFC…ON_KRONA:KAIJU_KAIJU2KRONA -
[-        ] NFC…ZATION_KRONA:KRONA_CLEANUP -
[-        ] NFC…N_KRONA:KRONA_KTIMPORTTEXT -
[-        ] NFC…KRONA:MEGAN_RMA2INFO_KRONA -
[-        ] NFC…VISUALIZATION_KRONA:GUNZIP -
[-        ] NFC…ONA:KRONA_KTIMPORTTAXONOMY -
[-        ] NFC…ON_PROFILES:TAXPASTA_MERGE -
[-        ] NFC…FILES:TAXPASTA_STANDARDISE -
[-        ] NFC…CKEN_COMBINEBRACKENOUTPUTS -
Plus 7 more processes waiting for tasks…

executor >  slurm (25)
[-        ] NFC…PROFILER:TAXPROFILER:UNTAR -
[e0/f3907f] NFC…AXPROFILER:FASTQC (MDA.65) | 3 of 10
[-        ] NFC…ORTREAD_FASTP:FASTP_SINGLE -
[49/5758db] NFC…ASTP:FASTP_PAIRED (MKD.62) | 2 of 10
[de/7e1dc9] NFC…:FASTQC_PROCESSED (MKD.62) | 1 of 2
[5f/444824] NFC…ERING:BBMAP_BBDUK (MKD.62) | 1 of 2
[1d/883280] NFC…VAL:BOWTIE2_ALIGN (LVA.31) | 0 of 1
[-        ] NFC…HOSTREMOVAL:SAMTOOLS_INDEX -
[-        ] NFC…HOSTREMOVAL:SAMTOOLS_STATS -
[-        ] NFC…R:PROFILING:DIAMOND_BLASTX -
[-        ] NFC…:KRAKENTOOLS_KREPORT2KRONA -
[-        ] NFC…ON_KRONA:KAIJU_KAIJU2KRONA -
[-        ] NFC…ZATION_KRONA:KRONA_CLEANUP -
[-        ] NFC…N_KRONA:KRONA_KTIMPORTTEXT -
[-        ] NFC…KRONA:MEGAN_RMA2INFO_KRONA -
[-        ] NFC…VISUALIZATION_KRONA:GUNZIP -
[-        ] NFC…ONA:KRONA_KTIMPORTTAXONOMY -
[-        ] NFC…ON_PROFILES:TAXPASTA_MERGE -
[-        ] NFC…FILES:TAXPASTA_STANDARDISE -
[-        ] NFC…CKEN_COMBINEBRACKENOUTPUTS -
Plus 7 more processes waiting for tasks…

executor >  slurm (25)
[-        ] NFC…PROFILER:TAXPROFILER:UNTAR -
[e0/f3907f] NFC…AXPROFILER:FASTQC (MDA.65) | 3 of 10
[-        ] NFC…ORTREAD_FASTP:FASTP_SINGLE -
[49/5758db] NFC…ASTP:FASTP_PAIRED (MKD.62) | 2 of 10
[de/7e1dc9] NFC…:FASTQC_PROCESSED (MKD.62) | 1 of 2
[5f/444824] NFC…ERING:BBMAP_BBDUK (MKD.62) | 1 of 2
[1d/883280] NFC…VAL:BOWTIE2_ALIGN (LVA.31) | 0 of 1
[-        ] NFC…HOSTREMOVAL:SAMTOOLS_INDEX -
[-        ] NFC…HOSTREMOVAL:SAMTOOLS_STATS -
[-        ] NFC…R:PROFILING:DIAMOND_BLASTX -
[-        ] NFC…:KRAKENTOOLS_KREPORT2KRONA -
[-        ] NFC…ON_KRONA:KAIJU_KAIJU2KRONA -
[-        ] NFC…ZATION_KRONA:KRONA_CLEANUP -
[-        ] NFC…N_KRONA:KRONA_KTIMPORTTEXT -
[-        ] NFC…KRONA:MEGAN_RMA2INFO_KRONA -
[-        ] NFC…VISUALIZATION_KRONA:GUNZIP -
[-        ] NFC…ONA:KRONA_KTIMPORTTAXONOMY -
[-        ] NFC…ON_PROFILES:TAXPASTA_MERGE -
[-        ] NFC…FILES:TAXPASTA_STANDARDISE -
[-        ] NFC…CKEN_COMBINEBRACKENOUTPUTS -
Plus 7 more processes waiting for tasks…

executor >  slurm (25)
[-        ] NFC…PROFILER:TAXPROFILER:UNTAR -
[ea/a084cb] NFC…AXPROFILER:FASTQC (MLT.63) | 4 of 10
[-        ] NFC…ORTREAD_FASTP:FASTP_SINGLE -
[49/5758db] NFC…ASTP:FASTP_PAIRED (MKD.62) | 2 of 10
[de/7e1dc9] NFC…:FASTQC_PROCESSED (MKD.62) | 1 of 2
[5f/444824] NFC…ERING:BBMAP_BBDUK (MKD.62) | 1 of 2
[1d/883280] NFC…VAL:BOWTIE2_ALIGN (LVA.31) | 0 of 1
[-        ] NFC…HOSTREMOVAL:SAMTOOLS_INDEX -
[-        ] NFC…HOSTREMOVAL:SAMTOOLS_STATS -
[-        ] NFC…R:PROFILING:DIAMOND_BLASTX -
[-        ] NFC…:KRAKENTOOLS_KREPORT2KRONA -
[-        ] NFC…ON_KRONA:KAIJU_KAIJU2KRONA -
[-        ] NFC…ZATION_KRONA:KRONA_CLEANUP -
[-        ] NFC…N_KRONA:KRONA_KTIMPORTTEXT -
[-        ] NFC…KRONA:MEGAN_RMA2INFO_KRONA -
[-        ] NFC…VISUALIZATION_KRONA:GUNZIP -
[-        ] NFC…ONA:KRONA_KTIMPORTTAXONOMY -
[-        ] NFC…ON_PROFILES:TAXPASTA_MERGE -
[-        ] NFC…FILES:TAXPASTA_STANDARDISE -
[-        ] NFC…CKEN_COMBINEBRACKENOUTPUTS -
Plus 7 more processes waiting for tasks…

executor >  slurm (27)
[-        ] NFC…PROFILER:TAXPROFILER:UNTAR -
[ea/a084cb] NFC…AXPROFILER:FASTQC (MLT.63) | 4 of 10
[-        ] NFC…ORTREAD_FASTP:FASTP_SINGLE -
[75/c021e3] NFC…ASTP:FASTP_PAIRED (KHM.21) | 3 of 10
[45/5e3314] NFC…:FASTQC_PROCESSED (KHM.21) | 1 of 3
[54/adb38e] NFC…ERING:BBMAP_BBDUK (KHM.21) | 1 of 3
[1d/883280] NFC…VAL:BOWTIE2_ALIGN (LVA.31) | 0 of 1
[-        ] NFC…HOSTREMOVAL:SAMTOOLS_INDEX -
[-        ] NFC…HOSTREMOVAL:SAMTOOLS_STATS -
[-        ] NFC…R:PROFILING:DIAMOND_BLASTX -
[-        ] NFC…:KRAKENTOOLS_KREPORT2KRONA -
[-        ] NFC…ON_KRONA:KAIJU_KAIJU2KRONA -
[-        ] NFC…ZATION_KRONA:KRONA_CLEANUP -
[-        ] NFC…N_KRONA:KRONA_KTIMPORTTEXT -
[-        ] NFC…KRONA:MEGAN_RMA2INFO_KRONA -
[-        ] NFC…VISUALIZATION_KRONA:GUNZIP -
[-        ] NFC…ONA:KRONA_KTIMPORTTAXONOMY -
[-        ] NFC…ON_PROFILES:TAXPASTA_MERGE -
[-        ] NFC…FILES:TAXPASTA_STANDARDISE -
[-        ] NFC…CKEN_COMBINEBRACKENOUTPUTS -
Plus 7 more processes waiting for tasks…

executor >  slurm (27)
[-        ] NFC…PROFILER:TAXPROFILER:UNTAR -
[ea/a084cb] NFC…AXPROFILER:FASTQC (MLT.63) | 4 of 10
[-        ] NFC…ORTREAD_FASTP:FASTP_SINGLE -
[75/c021e3] NFC…ASTP:FASTP_PAIRED (KHM.21) | 3 of 10
[45/5e3314] NFC…:FASTQC_PROCESSED (KHM.21) | 1 of 3
[54/adb38e] NFC…ERING:BBMAP_BBDUK (KHM.21) | 1 of 3
[1d/883280] NFC…VAL:BOWTIE2_ALIGN (LVA.31) | 0 of 1
[-        ] NFC…HOSTREMOVAL:SAMTOOLS_INDEX -
[-        ] NFC…HOSTREMOVAL:SAMTOOLS_STATS -
[-        ] NFC…R:PROFILING:DIAMOND_BLASTX -
[-        ] NFC…:KRAKENTOOLS_KREPORT2KRONA -
[-        ] NFC…ON_KRONA:KAIJU_KAIJU2KRONA -
[-        ] NFC…ZATION_KRONA:KRONA_CLEANUP -
[-        ] NFC…N_KRONA:KRONA_KTIMPORTTEXT -
[-        ] NFC…KRONA:MEGAN_RMA2INFO_KRONA -
[-        ] NFC…VISUALIZATION_KRONA:GUNZIP -
[-        ] NFC…ONA:KRONA_KTIMPORTTAXONOMY -
[-        ] NFC…ON_PROFILES:TAXPASTA_MERGE -
[-        ] NFC…FILES:TAXPASTA_STANDARDISE -
[-        ] NFC…CKEN_COMBINEBRACKENOUTPUTS -
Plus 7 more processes waiting for tasks…

executor >  slurm (27)
[-        ] NFC…PROFILER:TAXPROFILER:UNTAR -
[ea/a084cb] NFC…AXPROFILER:FASTQC (MLT.63) | 4 of 10
[-        ] NFC…ORTREAD_FASTP:FASTP_SINGLE -
[d4/c38f8a] NFC…ASTP:FASTP_PAIRED (MLT.63) | 5 of 10
[45/5e3314] NFC…:FASTQC_PROCESSED (KHM.21) | 1 of 5
[54/adb38e] NFC…ERING:BBMAP_BBDUK (KHM.21) | 1 of 4
[1d/883280] NFC…VAL:BOWTIE2_ALIGN (LVA.31) | 0 of 1
[-        ] NFC…HOSTREMOVAL:SAMTOOLS_INDEX -
[-        ] NFC…HOSTREMOVAL:SAMTOOLS_STATS -
[-        ] NFC…R:PROFILING:DIAMOND_BLASTX -
[-        ] NFC…:KRAKENTOOLS_KREPORT2KRONA -
[-        ] NFC…ON_KRONA:KAIJU_KAIJU2KRONA -
[-        ] NFC…ZATION_KRONA:KRONA_CLEANUP -
[-        ] NFC…N_KRONA:KRONA_KTIMPORTTEXT -
[-        ] NFC…KRONA:MEGAN_RMA2INFO_KRONA -
[-        ] NFC…VISUALIZATION_KRONA:GUNZIP -
[-        ] NFC…ONA:KRONA_KTIMPORTTAXONOMY -
[-        ] NFC…ON_PROFILES:TAXPASTA_MERGE -
[-        ] NFC…FILES:TAXPASTA_STANDARDISE -
[-        ] NFC…CKEN_COMBINEBRACKENOUTPUTS -
Plus 7 more processes waiting for tasks…

executor >  slurm (31)
[-        ] NFC…PROFILER:TAXPROFILER:UNTAR -
[ea/a084cb] NFC…AXPROFILER:FASTQC (MLT.63) | 4 of 10
[-        ] NFC…ORTREAD_FASTP:FASTP_SINGLE -
[d4/c38f8a] NFC…ASTP:FASTP_PAIRED (MLT.63) | 5 of 10
[90/39972f] NFC…:FASTQC_PROCESSED (MLT.63) | 1 of 5
[7a/971355] NFC…ERING:BBMAP_BBDUK (MLT.63) | 1 of 5
[1d/883280] NFC…VAL:BOWTIE2_ALIGN (LVA.31) | 0 of 1
[-        ] NFC…HOSTREMOVAL:SAMTOOLS_INDEX -
[-        ] NFC…HOSTREMOVAL:SAMTOOLS_STATS -
[-        ] NFC…R:PROFILING:DIAMOND_BLASTX -
[-        ] NFC…:KRAKENTOOLS_KREPORT2KRONA -
[-        ] NFC…ON_KRONA:KAIJU_KAIJU2KRONA -
[-        ] NFC…ZATION_KRONA:KRONA_CLEANUP -
[-        ] NFC…N_KRONA:KRONA_KTIMPORTTEXT -
[-        ] NFC…KRONA:MEGAN_RMA2INFO_KRONA -
[-        ] NFC…VISUALIZATION_KRONA:GUNZIP -
[-        ] NFC…ONA:KRONA_KTIMPORTTAXONOMY -
[-        ] NFC…ON_PROFILES:TAXPASTA_MERGE -
[-        ] NFC…FILES:TAXPASTA_STANDARDISE -
[-        ] NFC…CKEN_COMBINEBRACKENOUTPUTS -
Plus 7 more processes waiting for tasks…

executor >  slurm (31)
[-        ] NFC…PROFILER:TAXPROFILER:UNTAR -
[ea/a084cb] NFC…AXPROFILER:FASTQC (MLT.63) | 4 of 10
[-        ] NFC…ORTREAD_FASTP:FASTP_SINGLE -
[d4/c38f8a] NFC…ASTP:FASTP_PAIRED (MLT.63) | 5 of 10
[90/39972f] NFC…:FASTQC_PROCESSED (MLT.63) | 1 of 5
[7a/971355] NFC…ERING:BBMAP_BBDUK (MLT.63) | 1 of 5
[1d/883280] NFC…VAL:BOWTIE2_ALIGN (LVA.31) | 0 of 1
[-        ] NFC…HOSTREMOVAL:SAMTOOLS_INDEX -
[-        ] NFC…HOSTREMOVAL:SAMTOOLS_STATS -
[-        ] NFC…R:PROFILING:DIAMOND_BLASTX -
[-        ] NFC…:KRAKENTOOLS_KREPORT2KRONA -
[-        ] NFC…ON_KRONA:KAIJU_KAIJU2KRONA -
[-        ] NFC…ZATION_KRONA:KRONA_CLEANUP -
[-        ] NFC…N_KRONA:KRONA_KTIMPORTTEXT -
[-        ] NFC…KRONA:MEGAN_RMA2INFO_KRONA -
[-        ] NFC…VISUALIZATION_KRONA:GUNZIP -
[-        ] NFC…ONA:KRONA_KTIMPORTTAXONOMY -
[-        ] NFC…ON_PROFILES:TAXPASTA_MERGE -
[-        ] NFC…FILES:TAXPASTA_STANDARDISE -
[-        ] NFC…CKEN_COMBINEBRACKENOUTPUTS -
Plus 7 more processes waiting for tasks…

executor >  slurm (33)
[-        ] NFC…PROFILER:TAXPROFILER:UNTAR -
[ea/a084cb] NFC…AXPROFILER:FASTQC (MLT.63) | 4 of 10
[-        ] NFC…ORTREAD_FASTP:FASTP_SINGLE -
[a7/876e8e] NFC…ASTP:FASTP_PAIRED (KEN.72) | 6 of 10
[ab/dfdbbf] NFC…:FASTQC_PROCESSED (KEN.72) | 1 of 6
[b2/0ecee9] NFC…ERING:BBMAP_BBDUK (KEN.72) | 1 of 6
[1d/883280] NFC…VAL:BOWTIE2_ALIGN (LVA.31) | 0 of 1
[-        ] NFC…HOSTREMOVAL:SAMTOOLS_INDEX -
[-        ] NFC…HOSTREMOVAL:SAMTOOLS_STATS -
[-        ] NFC…R:PROFILING:DIAMOND_BLASTX -
[-        ] NFC…:KRAKENTOOLS_KREPORT2KRONA -
[-        ] NFC…ON_KRONA:KAIJU_KAIJU2KRONA -
[-        ] NFC…ZATION_KRONA:KRONA_CLEANUP -
[-        ] NFC…N_KRONA:KRONA_KTIMPORTTEXT -
[-        ] NFC…KRONA:MEGAN_RMA2INFO_KRONA -
[-        ] NFC…VISUALIZATION_KRONA:GUNZIP -
[-        ] NFC…ONA:KRONA_KTIMPORTTAXONOMY -
[-        ] NFC…ON_PROFILES:TAXPASTA_MERGE -
[-        ] NFC…FILES:TAXPASTA_STANDARDISE -
[-        ] NFC…CKEN_COMBINEBRACKENOUTPUTS -
Plus 7 more processes waiting for tasks…

executor >  slurm (33)
[-        ] NFC…PROFILER:TAXPROFILER:UNTAR -
[ea/a084cb] NFC…AXPROFILER:FASTQC (MLT.63) | 4 of 10
[-        ] NFC…ORTREAD_FASTP:FASTP_SINGLE -
[a7/876e8e] NFC…ASTP:FASTP_PAIRED (KEN.72) | 6 of 10
[ab/dfdbbf] NFC…:FASTQC_PROCESSED (KEN.72) | 1 of 6
[b2/0ecee9] NFC…ERING:BBMAP_BBDUK (KEN.72) | 1 of 6
[1d/883280] NFC…VAL:BOWTIE2_ALIGN (LVA.31) | 0 of 1
[-        ] NFC…HOSTREMOVAL:SAMTOOLS_INDEX -
[-        ] NFC…HOSTREMOVAL:SAMTOOLS_STATS -
[-        ] NFC…R:PROFILING:DIAMOND_BLASTX -
[-        ] NFC…:KRAKENTOOLS_KREPORT2KRONA -
[-        ] NFC…ON_KRONA:KAIJU_KAIJU2KRONA -
[-        ] NFC…ZATION_KRONA:KRONA_CLEANUP -
[-        ] NFC…N_KRONA:KRONA_KTIMPORTTEXT -
[-        ] NFC…KRONA:MEGAN_RMA2INFO_KRONA -
[-        ] NFC…VISUALIZATION_KRONA:GUNZIP -
[-        ] NFC…ONA:KRONA_KTIMPORTTAXONOMY -
[-        ] NFC…ON_PROFILES:TAXPASTA_MERGE -
[-        ] NFC…FILES:TAXPASTA_STANDARDISE -
[-        ] NFC…CKEN_COMBINEBRACKENOUTPUTS -
Plus 7 more processes waiting for tasks…

executor >  slurm (33)
[-        ] NFC…PROFILER:TAXPROFILER:UNTAR -
[e6/e1987c] NFC…AXPROFILER:FASTQC (KEN.72) | 5 of 10
[-        ] NFC…ORTREAD_FASTP:FASTP_SINGLE -
[a7/876e8e] NFC…ASTP:FASTP_PAIRED (KEN.72) | 6 of 10
[ab/dfdbbf] NFC…:FASTQC_PROCESSED (KEN.72) | 1 of 6
[b2/0ecee9] NFC…ERING:BBMAP_BBDUK (KEN.72) | 1 of 6
[1d/883280] NFC…VAL:BOWTIE2_ALIGN (LVA.31) | 0 of 1
[-        ] NFC…HOSTREMOVAL:SAMTOOLS_INDEX -
[-        ] NFC…HOSTREMOVAL:SAMTOOLS_STATS -
[-        ] NFC…R:PROFILING:DIAMOND_BLASTX -
[-        ] NFC…:KRAKENTOOLS_KREPORT2KRONA -
[-        ] NFC…ON_KRONA:KAIJU_KAIJU2KRONA -
[-        ] NFC…ZATION_KRONA:KRONA_CLEANUP -
[-        ] NFC…N_KRONA:KRONA_KTIMPORTTEXT -
[-        ] NFC…KRONA:MEGAN_RMA2INFO_KRONA -
[-        ] NFC…VISUALIZATION_KRONA:GUNZIP -
[-        ] NFC…ONA:KRONA_KTIMPORTTAXONOMY -
[-        ] NFC…ON_PROFILES:TAXPASTA_MERGE -
[-        ] NFC…FILES:TAXPASTA_STANDARDISE -
[-        ] NFC…CKEN_COMBINEBRACKENOUTPUTS -
Plus 7 more processes waiting for tasks…

executor >  slurm (33)
[-        ] NFC…PROFILER:TAXPROFILER:UNTAR -
[5a/449661] NFC…AXPROFILER:FASTQC (KHM.21) | 6 of 10
[-        ] NFC…ORTREAD_FASTP:FASTP_SINGLE -
[a7/876e8e] NFC…ASTP:FASTP_PAIRED (KEN.72) | 6 of 10
[ab/dfdbbf] NFC…:FASTQC_PROCESSED (KEN.72) | 1 of 6
[b2/0ecee9] NFC…ERING:BBMAP_BBDUK (KEN.72) | 1 of 6
[1d/883280] NFC…VAL:BOWTIE2_ALIGN (LVA.31) | 0 of 1
[-        ] NFC…HOSTREMOVAL:SAMTOOLS_INDEX -
[-        ] NFC…HOSTREMOVAL:SAMTOOLS_STATS -
[-        ] NFC…R:PROFILING:DIAMOND_BLASTX -
[-        ] NFC…:KRAKENTOOLS_KREPORT2KRONA -
[-        ] NFC…ON_KRONA:KAIJU_KAIJU2KRONA -
[-        ] NFC…ZATION_KRONA:KRONA_CLEANUP -
[-        ] NFC…N_KRONA:KRONA_KTIMPORTTEXT -
[-        ] NFC…KRONA:MEGAN_RMA2INFO_KRONA -
[-        ] NFC…VISUALIZATION_KRONA:GUNZIP -
[-        ] NFC…ONA:KRONA_KTIMPORTTAXONOMY -
[-        ] NFC…ON_PROFILES:TAXPASTA_MERGE -
[-        ] NFC…FILES:TAXPASTA_STANDARDISE -
[-        ] NFC…CKEN_COMBINEBRACKENOUTPUTS -
Plus 7 more processes waiting for tasks…

executor >  slurm (33)
[-        ] NFC…PROFILER:TAXPROFILER:UNTAR -
[17/4d842b] NFC…AXPROFILER:FASTQC (LUX.32) | 7 of 10
[-        ] NFC…ORTREAD_FASTP:FASTP_SINGLE -
[a7/876e8e] NFC…ASTP:FASTP_PAIRED (KEN.72) | 6 of 10
[ab/dfdbbf] NFC…:FASTQC_PROCESSED (KEN.72) | 1 of 6
[b2/0ecee9] NFC…ERING:BBMAP_BBDUK (KEN.72) | 1 of 6
[1d/883280] NFC…VAL:BOWTIE2_ALIGN (LVA.31) | 0 of 1
[-        ] NFC…HOSTREMOVAL:SAMTOOLS_INDEX -
[-        ] NFC…HOSTREMOVAL:SAMTOOLS_STATS -
[-        ] NFC…R:PROFILING:DIAMOND_BLASTX -
[-        ] NFC…:KRAKENTOOLS_KREPORT2KRONA -
[-        ] NFC…ON_KRONA:KAIJU_KAIJU2KRONA -
[-        ] NFC…ZATION_KRONA:KRONA_CLEANUP -
[-        ] NFC…N_KRONA:KRONA_KTIMPORTTEXT -
[-        ] NFC…KRONA:MEGAN_RMA2INFO_KRONA -
[-        ] NFC…VISUALIZATION_KRONA:GUNZIP -
[-        ] NFC…ONA:KRONA_KTIMPORTTAXONOMY -
[-        ] NFC…ON_PROFILES:TAXPASTA_MERGE -
[-        ] NFC…FILES:TAXPASTA_STANDARDISE -
[-        ] NFC…CKEN_COMBINEBRACKENOUTPUTS -
Plus 7 more processes waiting for tasks…

executor >  slurm (33)
[-        ] NFC…PROFILER:TAXPROFILER:UNTAR -
[17/4d842b] NFC…AXPROFILER:FASTQC (LUX.32) | 7 of 10
[-        ] NFC…ORTREAD_FASTP:FASTP_SINGLE -
[4f/ab9c5a] NFC…ASTP:FASTP_PAIRED (LUX.32) | 7 of 10
[ab/dfdbbf] NFC…:FASTQC_PROCESSED (KEN.72) | 1 of 7
[b2/0ecee9] NFC…ERING:BBMAP_BBDUK (KEN.72) | 1 of 7
[1d/883280] NFC…VAL:BOWTIE2_ALIGN (LVA.31) | 0 of 1
[-        ] NFC…HOSTREMOVAL:SAMTOOLS_INDEX -
[-        ] NFC…HOSTREMOVAL:SAMTOOLS_STATS -
[-        ] NFC…R:PROFILING:DIAMOND_BLASTX -
[-        ] NFC…:KRAKENTOOLS_KREPORT2KRONA -
[-        ] NFC…ON_KRONA:KAIJU_KAIJU2KRONA -
[-        ] NFC…ZATION_KRONA:KRONA_CLEANUP -
[-        ] NFC…N_KRONA:KRONA_KTIMPORTTEXT -
[-        ] NFC…KRONA:MEGAN_RMA2INFO_KRONA -
[-        ] NFC…VISUALIZATION_KRONA:GUNZIP -
[-        ] NFC…ONA:KRONA_KTIMPORTTAXONOMY -
[-        ] NFC…ON_PROFILES:TAXPASTA_MERGE -
[-        ] NFC…FILES:TAXPASTA_STANDARDISE -
[-        ] NFC…CKEN_COMBINEBRACKENOUTPUTS -
Plus 7 more processes waiting for tasks…

executor >  slurm (35)
[-        ] NFC…PROFILER:TAXPROFILER:UNTAR -
[17/4d842b] NFC…AXPROFILER:FASTQC (LUX.32) | 7 of 10
[-        ] NFC…ORTREAD_FASTP:FASTP_SINGLE -
[4f/ab9c5a] NFC…ASTP:FASTP_PAIRED (LUX.32) | 7 of 10
[b7/aff6c2] NFC…:FASTQC_PROCESSED (LUX.32) | 1 of 7
[e8/8c85cb] NFC…ERING:BBMAP_BBDUK (LUX.32) | 1 of 7
[1d/883280] NFC…VAL:BOWTIE2_ALIGN (LVA.31) | 0 of 1
[-        ] NFC…HOSTREMOVAL:SAMTOOLS_INDEX -
[-        ] NFC…HOSTREMOVAL:SAMTOOLS_STATS -
[-        ] NFC…R:PROFILING:DIAMOND_BLASTX -
[-        ] NFC…:KRAKENTOOLS_KREPORT2KRONA -
[-        ] NFC…ON_KRONA:KAIJU_KAIJU2KRONA -
[-        ] NFC…ZATION_KRONA:KRONA_CLEANUP -
[-        ] NFC…N_KRONA:KRONA_KTIMPORTTEXT -
[-        ] NFC…KRONA:MEGAN_RMA2INFO_KRONA -
[-        ] NFC…VISUALIZATION_KRONA:GUNZIP -
[-        ] NFC…ONA:KRONA_KTIMPORTTAXONOMY -
[-        ] NFC…ON_PROFILES:TAXPASTA_MERGE -
[-        ] NFC…FILES:TAXPASTA_STANDARDISE -
[-        ] NFC…CKEN_COMBINEBRACKENOUTPUTS -
Plus 7 more processes waiting for tasks…

executor >  slurm (35)
[-        ] NFC…PROFILER:TAXPROFILER:UNTAR -
[17/4d842b] NFC…AXPROFILER:FASTQC (LUX.32) | 7 of 10
[-        ] NFC…ORTREAD_FASTP:FASTP_SINGLE -
[4f/ab9c5a] NFC…ASTP:FASTP_PAIRED (LUX.32) | 7 of 10
[b7/aff6c2] NFC…:FASTQC_PROCESSED (LUX.32) | 1 of 7
[e8/8c85cb] NFC…ERING:BBMAP_BBDUK (LUX.32) | 1 of 7
[1d/883280] NFC…VAL:BOWTIE2_ALIGN (LVA.31) | 0 of 1
[-        ] NFC…HOSTREMOVAL:SAMTOOLS_INDEX -
[-        ] NFC…HOSTREMOVAL:SAMTOOLS_STATS -
[-        ] NFC…R:PROFILING:DIAMOND_BLASTX -
[-        ] NFC…:KRAKENTOOLS_KREPORT2KRONA -
[-        ] NFC…ON_KRONA:KAIJU_KAIJU2KRONA -
[-        ] NFC…ZATION_KRONA:KRONA_CLEANUP -
[-        ] NFC…N_KRONA:KRONA_KTIMPORTTEXT -
[-        ] NFC…KRONA:MEGAN_RMA2INFO_KRONA -
[-        ] NFC…VISUALIZATION_KRONA:GUNZIP -
[-        ] NFC…ONA:KRONA_KTIMPORTTAXONOMY -
[-        ] NFC…ON_PROFILES:TAXPASTA_MERGE -
[-        ] NFC…FILES:TAXPASTA_STANDARDISE -
[-        ] NFC…CKEN_COMBINEBRACKENOUTPUTS -
Plus 7 more processes waiting for tasks…

executor >  slurm (35)
[-        ] NFC…PROFILER:TAXPROFILER:UNTAR -
[17/4d842b] NFC…AXPROFILER:FASTQC (LUX.32) | 7 of 10
[-        ] NFC…ORTREAD_FASTP:FASTP_SINGLE -
[4f/ab9c5a] NFC…ASTP:FASTP_PAIRED (LUX.32) | 7 of 10
[de/7e1dc9] NFC…:FASTQC_PROCESSED (MKD.62) | 2 of 7
[e8/8c85cb] NFC…ERING:BBMAP_BBDUK (LUX.32) | 1 of 7
[1d/883280] NFC…VAL:BOWTIE2_ALIGN (LVA.31) | 0 of 1
[-        ] NFC…HOSTREMOVAL:SAMTOOLS_INDEX -
[-        ] NFC…HOSTREMOVAL:SAMTOOLS_STATS -
[-        ] NFC…R:PROFILING:DIAMOND_BLASTX -
[-        ] NFC…:KRAKENTOOLS_KREPORT2KRONA -
[-        ] NFC…ON_KRONA:KAIJU_KAIJU2KRONA -
[-        ] NFC…ZATION_KRONA:KRONA_CLEANUP -
[-        ] NFC…N_KRONA:KRONA_KTIMPORTTEXT -
[-        ] NFC…KRONA:MEGAN_RMA2INFO_KRONA -
[-        ] NFC…VISUALIZATION_KRONA:GUNZIP -
[-        ] NFC…ONA:KRONA_KTIMPORTTAXONOMY -
[-        ] NFC…ON_PROFILES:TAXPASTA_MERGE -
[-        ] NFC…FILES:TAXPASTA_STANDARDISE -
[-        ] NFC…CKEN_COMBINEBRACKENOUTPUTS -
Plus 7 more processes waiting for tasks…

executor >  slurm (35)
[-        ] NFC…PROFILER:TAXPROFILER:UNTAR -
[17/4d842b] NFC…AXPROFILER:FASTQC (LUX.32) | 7 of 10
[-        ] NFC…ORTREAD_FASTP:FASTP_SINGLE -
[4f/ab9c5a] NFC…ASTP:FASTP_PAIRED (LUX.32) | 7 of 10
[de/7e1dc9] NFC…:FASTQC_PROCESSED (MKD.62) | 2 of 7
[e8/8c85cb] NFC…ERING:BBMAP_BBDUK (LUX.32) | 1 of 7
[1d/883280] NFC…VAL:BOWTIE2_ALIGN (LVA.31) | 0 of 2
[-        ] NFC…HOSTREMOVAL:SAMTOOLS_INDEX -
[-        ] NFC…HOSTREMOVAL:SAMTOOLS_STATS -
[-        ] NFC…R:PROFILING:DIAMOND_BLASTX -
[-        ] NFC…:KRAKENTOOLS_KREPORT2KRONA -
[-        ] NFC…ON_KRONA:KAIJU_KAIJU2KRONA -
[-        ] NFC…ZATION_KRONA:KRONA_CLEANUP -
[-        ] NFC…N_KRONA:KRONA_KTIMPORTTEXT -
[-        ] NFC…KRONA:MEGAN_RMA2INFO_KRONA -
[-        ] NFC…VISUALIZATION_KRONA:GUNZIP -
[-        ] NFC…ONA:KRONA_KTIMPORTTAXONOMY -
[-        ] NFC…ON_PROFILES:TAXPASTA_MERGE -
[-        ] NFC…FILES:TAXPASTA_STANDARDISE -
[-        ] NFC…CKEN_COMBINEBRACKENOUTPUTS -
Plus 7 more processes waiting for tasks…

executor >  slurm (36)
[-        ] NFC…PROFILER:TAXPROFILER:UNTAR -
[17/4d842b] NFC…AXPROFILER:FASTQC (LUX.32) | 7 of 10
[-        ] NFC…ORTREAD_FASTP:FASTP_SINGLE -
[4f/ab9c5a] NFC…ASTP:FASTP_PAIRED (LUX.32) | 7 of 10
[de/7e1dc9] NFC…:FASTQC_PROCESSED (MKD.62) | 2 of 7
[5f/444824] NFC…ERING:BBMAP_BBDUK (MKD.62) | 2 of 7
[bb/5dd77e] NFC…VAL:BOWTIE2_ALIGN (MKD.62) | 0 of 2
[-        ] NFC…HOSTREMOVAL:SAMTOOLS_INDEX -
[-        ] NFC…HOSTREMOVAL:SAMTOOLS_STATS -
[-        ] NFC…R:PROFILING:DIAMOND_BLASTX -
[-        ] NFC…:KRAKENTOOLS_KREPORT2KRONA -
[-        ] NFC…ON_KRONA:KAIJU_KAIJU2KRONA -
[-        ] NFC…ZATION_KRONA:KRONA_CLEANUP -
[-        ] NFC…N_KRONA:KRONA_KTIMPORTTEXT -
[-        ] NFC…KRONA:MEGAN_RMA2INFO_KRONA -
[-        ] NFC…VISUALIZATION_KRONA:GUNZIP -
[-        ] NFC…ONA:KRONA_KTIMPORTTAXONOMY -
[-        ] NFC…ON_PROFILES:TAXPASTA_MERGE -
[-        ] NFC…FILES:TAXPASTA_STANDARDISE -
[-        ] NFC…CKEN_COMBINEBRACKENOUTPUTS -
Plus 7 more processes waiting for tasks…

executor >  slurm (36)
[-        ] NFC…PROFILER:TAXPROFILER:UNTAR -
[17/4d842b] NFC…AXPROFILER:FASTQC (LUX.32) | 7 of 10
[-        ] NFC…ORTREAD_FASTP:FASTP_SINGLE -
[4f/ab9c5a] NFC…ASTP:FASTP_PAIRED (LUX.32) | 7 of 10
[de/7e1dc9] NFC…:FASTQC_PROCESSED (MKD.62) | 2 of 7
[5f/444824] NFC…ERING:BBMAP_BBDUK (MKD.62) | 2 of 7
[bb/5dd77e] NFC…VAL:BOWTIE2_ALIGN (MKD.62) | 0 of 2
[-        ] NFC…HOSTREMOVAL:SAMTOOLS_INDEX -
[-        ] NFC…HOSTREMOVAL:SAMTOOLS_STATS -
[-        ] NFC…R:PROFILING:DIAMOND_BLASTX -
[-        ] NFC…:KRAKENTOOLS_KREPORT2KRONA -
[-        ] NFC…ON_KRONA:KAIJU_KAIJU2KRONA -
[-        ] NFC…ZATION_KRONA:KRONA_CLEANUP -
[-        ] NFC…N_KRONA:KRONA_KTIMPORTTEXT -
[-        ] NFC…KRONA:MEGAN_RMA2INFO_KRONA -
[-        ] NFC…VISUALIZATION_KRONA:GUNZIP -
[-        ] NFC…ONA:KRONA_KTIMPORTTAXONOMY -
[-        ] NFC…ON_PROFILES:TAXPASTA_MERGE -
[-        ] NFC…FILES:TAXPASTA_STANDARDISE -
[-        ] NFC…CKEN_COMBINEBRACKENOUTPUTS -
Plus 7 more processes waiting for tasks…

executor >  slurm (36)
[-        ] NFC…PROFILER:TAXPROFILER:UNTAR -
[17/4d842b] NFC…AXPROFILER:FASTQC (LUX.32) | 7 of 10
[-        ] NFC…ORTREAD_FASTP:FASTP_SINGLE -
[4f/ab9c5a] NFC…ASTP:FASTP_PAIRED (LUX.32) | 7 of 10
[87/f4ef3a] NFC…:FASTQC_PROCESSED (MDA.65) | 3 of 7
[5f/444824] NFC…ERING:BBMAP_BBDUK (MKD.62) | 2 of 7
[bb/5dd77e] NFC…VAL:BOWTIE2_ALIGN (MKD.62) | 0 of 2
[-        ] NFC…HOSTREMOVAL:SAMTOOLS_INDEX -
[-        ] NFC…HOSTREMOVAL:SAMTOOLS_STATS -
[-        ] NFC…R:PROFILING:DIAMOND_BLASTX -
[-        ] NFC…:KRAKENTOOLS_KREPORT2KRONA -
[-        ] NFC…ON_KRONA:KAIJU_KAIJU2KRONA -
[-        ] NFC…ZATION_KRONA:KRONA_CLEANUP -
[-        ] NFC…N_KRONA:KRONA_KTIMPORTTEXT -
[-        ] NFC…KRONA:MEGAN_RMA2INFO_KRONA -
[-        ] NFC…VISUALIZATION_KRONA:GUNZIP -
[-        ] NFC…ONA:KRONA_KTIMPORTTAXONOMY -
[-        ] NFC…ON_PROFILES:TAXPASTA_MERGE -
[-        ] NFC…FILES:TAXPASTA_STANDARDISE -
[-        ] NFC…CKEN_COMBINEBRACKENOUTPUTS -
Plus 7 more processes waiting for tasks…

executor >  slurm (37)
[-        ] NFC…PROFILER:TAXPROFILER:UNTAR -
[17/4d842b] NFC…AXPROFILER:FASTQC (LUX.32) | 7 of 10
[-        ] NFC…ORTREAD_FASTP:FASTP_SINGLE -
[4f/ab9c5a] NFC…ASTP:FASTP_PAIRED (LUX.32) | 7 of 10
[87/f4ef3a] NFC…:FASTQC_PROCESSED (MDA.65) | 3 of 7
[01/d5bdf3] NFC…ERING:BBMAP_BBDUK (MDA.65) | 3 of 7
[31/cb0f35] NFC…VAL:BOWTIE2_ALIGN (MDA.65) | 0 of 3
[-        ] NFC…HOSTREMOVAL:SAMTOOLS_INDEX -
[-        ] NFC…HOSTREMOVAL:SAMTOOLS_STATS -
[-        ] NFC…R:PROFILING:DIAMOND_BLASTX -
[-        ] NFC…:KRAKENTOOLS_KREPORT2KRONA -
[-        ] NFC…ON_KRONA:KAIJU_KAIJU2KRONA -
[-        ] NFC…ZATION_KRONA:KRONA_CLEANUP -
[-        ] NFC…N_KRONA:KRONA_KTIMPORTTEXT -
[-        ] NFC…KRONA:MEGAN_RMA2INFO_KRONA -
[-        ] NFC…VISUALIZATION_KRONA:GUNZIP -
[-        ] NFC…ONA:KRONA_KTIMPORTTAXONOMY -
[-        ] NFC…ON_PROFILES:TAXPASTA_MERGE -
[-        ] NFC…FILES:TAXPASTA_STANDARDISE -
[-        ] NFC…CKEN_COMBINEBRACKENOUTPUTS -
Plus 7 more processes waiting for tasks…

executor >  slurm (37)
[-        ] NFC…PROFILER:TAXPROFILER:UNTAR -
[17/4d842b] NFC…AXPROFILER:FASTQC (LUX.32) | 7 of 10
[-        ] NFC…ORTREAD_FASTP:FASTP_SINGLE -
[4f/ab9c5a] NFC…ASTP:FASTP_PAIRED (LUX.32) | 7 of 10
[87/f4ef3a] NFC…:FASTQC_PROCESSED (MDA.65) | 3 of 7
[01/d5bdf3] NFC…ERING:BBMAP_BBDUK (MDA.65) | 3 of 7
[31/cb0f35] NFC…VAL:BOWTIE2_ALIGN (MDA.65) | 0 of 3
[-        ] NFC…HOSTREMOVAL:SAMTOOLS_INDEX -
[-        ] NFC…HOSTREMOVAL:SAMTOOLS_STATS -
[-        ] NFC…R:PROFILING:DIAMOND_BLASTX -
[-        ] NFC…:KRAKENTOOLS_KREPORT2KRONA -
[-        ] NFC…ON_KRONA:KAIJU_KAIJU2KRONA -
[-        ] NFC…ZATION_KRONA:KRONA_CLEANUP -
[-        ] NFC…N_KRONA:KRONA_KTIMPORTTEXT -
[-        ] NFC…KRONA:MEGAN_RMA2INFO_KRONA -
[-        ] NFC…VISUALIZATION_KRONA:GUNZIP -
[-        ] NFC…ONA:KRONA_KTIMPORTTAXONOMY -
[-        ] NFC…ON_PROFILES:TAXPASTA_MERGE -
[-        ] NFC…FILES:TAXPASTA_STANDARDISE -
[-        ] NFC…CKEN_COMBINEBRACKENOUTPUTS -
Plus 7 more processes waiting for tasks…

executor >  slurm (37)
[-        ] NFC…PROFILER:TAXPROFILER:UNTAR -
[17/4d842b] NFC…AXPROFILER:FASTQC (LUX.32) | 7 of 10
[-        ] NFC…ORTREAD_FASTP:FASTP_SINGLE -
[4f/ab9c5a] NFC…ASTP:FASTP_PAIRED (LUX.32) | 7 of 10
[87/f4ef3a] NFC…:FASTQC_PROCESSED (MDA.65) | 3 of 7
[01/d5bdf3] NFC…ERING:BBMAP_BBDUK (MDA.65) | 3 of 7
[31/cb0f35] NFC…VAL:BOWTIE2_ALIGN (MDA.65) | 0 of 4
[-        ] NFC…HOSTREMOVAL:SAMTOOLS_INDEX -
[-        ] NFC…HOSTREMOVAL:SAMTOOLS_STATS -
[-        ] NFC…R:PROFILING:DIAMOND_BLASTX -
[-        ] NFC…:KRAKENTOOLS_KREPORT2KRONA -
[-        ] NFC…ON_KRONA:KAIJU_KAIJU2KRONA -
[-        ] NFC…ZATION_KRONA:KRONA_CLEANUP -
[-        ] NFC…N_KRONA:KRONA_KTIMPORTTEXT -
[-        ] NFC…KRONA:MEGAN_RMA2INFO_KRONA -
[-        ] NFC…VISUALIZATION_KRONA:GUNZIP -
[-        ] NFC…ONA:KRONA_KTIMPORTTAXONOMY -
[-        ] NFC…ON_PROFILES:TAXPASTA_MERGE -
[-        ] NFC…FILES:TAXPASTA_STANDARDISE -
[-        ] NFC…CKEN_COMBINEBRACKENOUTPUTS -
Plus 7 more processes waiting for tasks…

executor >  slurm (38)
[-        ] NFC…PROFILER:TAXPROFILER:UNTAR -
[17/4d842b] NFC…AXPROFILER:FASTQC (LUX.32) | 7 of 10
[-        ] NFC…ORTREAD_FASTP:FASTP_SINGLE -
[4f/ab9c5a] NFC…ASTP:FASTP_PAIRED (LUX.32) | 7 of 10
[90/39972f] NFC…:FASTQC_PROCESSED (MLT.63) | 4 of 7
[7a/971355] NFC…ERING:BBMAP_BBDUK (MLT.63) | 4 of 7
[fa/c8815b] NFC…VAL:BOWTIE2_ALIGN (MLT.63) | 0 of 4
[-        ] NFC…HOSTREMOVAL:SAMTOOLS_INDEX -
[-        ] NFC…HOSTREMOVAL:SAMTOOLS_STATS -
[-        ] NFC…R:PROFILING:DIAMOND_BLASTX -
[-        ] NFC…:KRAKENTOOLS_KREPORT2KRONA -
[-        ] NFC…ON_KRONA:KAIJU_KAIJU2KRONA -
[-        ] NFC…ZATION_KRONA:KRONA_CLEANUP -
[-        ] NFC…N_KRONA:KRONA_KTIMPORTTEXT -
[-        ] NFC…KRONA:MEGAN_RMA2INFO_KRONA -
[-        ] NFC…VISUALIZATION_KRONA:GUNZIP -
[-        ] NFC…ONA:KRONA_KTIMPORTTAXONOMY -
[-        ] NFC…ON_PROFILES:TAXPASTA_MERGE -
[-        ] NFC…FILES:TAXPASTA_STANDARDISE -
[-        ] NFC…CKEN_COMBINEBRACKENOUTPUTS -
Plus 7 more processes waiting for tasks…

executor >  slurm (38)
[-        ] NFC…PROFILER:TAXPROFILER:UNTAR -
[17/4d842b] NFC…AXPROFILER:FASTQC (LUX.32) | 7 of 10
[-        ] NFC…ORTREAD_FASTP:FASTP_SINGLE -
[4f/ab9c5a] NFC…ASTP:FASTP_PAIRED (LUX.32) | 7 of 10
[90/39972f] NFC…:FASTQC_PROCESSED (MLT.63) | 4 of 7
[7a/971355] NFC…ERING:BBMAP_BBDUK (MLT.63) | 4 of 7
[fa/c8815b] NFC…VAL:BOWTIE2_ALIGN (MLT.63) | 0 of 4
[-        ] NFC…HOSTREMOVAL:SAMTOOLS_INDEX -
[-        ] NFC…HOSTREMOVAL:SAMTOOLS_STATS -
[-        ] NFC…R:PROFILING:DIAMOND_BLASTX -
[-        ] NFC…:KRAKENTOOLS_KREPORT2KRONA -
[-        ] NFC…ON_KRONA:KAIJU_KAIJU2KRONA -
[-        ] NFC…ZATION_KRONA:KRONA_CLEANUP -
[-        ] NFC…N_KRONA:KRONA_KTIMPORTTEXT -
[-        ] NFC…KRONA:MEGAN_RMA2INFO_KRONA -
[-        ] NFC…VISUALIZATION_KRONA:GUNZIP -
[-        ] NFC…ONA:KRONA_KTIMPORTTAXONOMY -
[-        ] NFC…ON_PROFILES:TAXPASTA_MERGE -
[-        ] NFC…FILES:TAXPASTA_STANDARDISE -
[-        ] NFC…CKEN_COMBINEBRACKENOUTPUTS -
Plus 7 more processes waiting for tasks…

executor >  slurm (38)
[-        ] NFC…PROFILER:TAXPROFILER:UNTAR -
[17/4d842b] NFC…AXPROFILER:FASTQC (LUX.32) | 7 of 10
[-        ] NFC…ORTREAD_FASTP:FASTP_SINGLE -
[c7/742c74] NFC…FASTP:FASTP_PAIRED (KAZ.6) | 8 of 10
[90/39972f] NFC…:FASTQC_PROCESSED (MLT.63) | 4 of 7
[7a/971355] NFC…ERING:BBMAP_BBDUK (MLT.63) | 4 of 7
[fa/c8815b] NFC…VAL:BOWTIE2_ALIGN (MLT.63) | 0 of 4
[-        ] NFC…HOSTREMOVAL:SAMTOOLS_INDEX -
[-        ] NFC…HOSTREMOVAL:SAMTOOLS_STATS -
[-        ] NFC…R:PROFILING:DIAMOND_BLASTX -
[-        ] NFC…:KRAKENTOOLS_KREPORT2KRONA -
[-        ] NFC…ON_KRONA:KAIJU_KAIJU2KRONA -
[-        ] NFC…ZATION_KRONA:KRONA_CLEANUP -
[-        ] NFC…N_KRONA:KRONA_KTIMPORTTEXT -
[-        ] NFC…KRONA:MEGAN_RMA2INFO_KRONA -
[-        ] NFC…VISUALIZATION_KRONA:GUNZIP -
[-        ] NFC…ONA:KRONA_KTIMPORTTAXONOMY -
[-        ] NFC…ON_PROFILES:TAXPASTA_MERGE -
[-        ] NFC…FILES:TAXPASTA_STANDARDISE -
[-        ] NFC…CKEN_COMBINEBRACKENOUTPUTS -
Plus 7 more processes waiting for tasks…

executor >  slurm (40)
[-        ] NFC…PROFILER:TAXPROFILER:UNTAR -
[17/4d842b] NFC…AXPROFILER:FASTQC (LUX.32) | 7 of 10
[-        ] NFC…ORTREAD_FASTP:FASTP_SINGLE -
[c7/742c74] NFC…FASTP:FASTP_PAIRED (KAZ.6) | 8 of 10
[8d/ec9585] NFC…G:FASTQC_PROCESSED (KAZ.6) | 4 of 8
[40/2a11f4] NFC…TERING:BBMAP_BBDUK (KAZ.6) | 4 of 8
[fa/c8815b] NFC…VAL:BOWTIE2_ALIGN (MLT.63) | 0 of 4
[-        ] NFC…HOSTREMOVAL:SAMTOOLS_INDEX -
[-        ] NFC…HOSTREMOVAL:SAMTOOLS_STATS -
[-        ] NFC…R:PROFILING:DIAMOND_BLASTX -
[-        ] NFC…:KRAKENTOOLS_KREPORT2KRONA -
[-        ] NFC…ON_KRONA:KAIJU_KAIJU2KRONA -
[-        ] NFC…ZATION_KRONA:KRONA_CLEANUP -
[-        ] NFC…N_KRONA:KRONA_KTIMPORTTEXT -
[-        ] NFC…KRONA:MEGAN_RMA2INFO_KRONA -
[-        ] NFC…VISUALIZATION_KRONA:GUNZIP -
[-        ] NFC…ONA:KRONA_KTIMPORTTAXONOMY -
[-        ] NFC…ON_PROFILES:TAXPASTA_MERGE -
[-        ] NFC…FILES:TAXPASTA_STANDARDISE -
[-        ] NFC…CKEN_COMBINEBRACKENOUTPUTS -
Plus 7 more processes waiting for tasks…

executor >  slurm (40)
[-        ] NFC…PROFILER:TAXPROFILER:UNTAR -
[17/4d842b] NFC…AXPROFILER:FASTQC (LUX.32) | 7 of 10
[-        ] NFC…ORTREAD_FASTP:FASTP_SINGLE -
[c7/742c74] NFC…FASTP:FASTP_PAIRED (KAZ.6) | 8 of 10
[8d/ec9585] NFC…G:FASTQC_PROCESSED (KAZ.6) | 4 of 8
[40/2a11f4] NFC…TERING:BBMAP_BBDUK (KAZ.6) | 4 of 8
[fa/c8815b] NFC…VAL:BOWTIE2_ALIGN (MLT.63) | 0 of 4
[-        ] NFC…HOSTREMOVAL:SAMTOOLS_INDEX -
[-        ] NFC…HOSTREMOVAL:SAMTOOLS_STATS -
[-        ] NFC…R:PROFILING:DIAMOND_BLASTX -
[-        ] NFC…:KRAKENTOOLS_KREPORT2KRONA -
[-        ] NFC…ON_KRONA:KAIJU_KAIJU2KRONA -
[-        ] NFC…ZATION_KRONA:KRONA_CLEANUP -
[-        ] NFC…N_KRONA:KRONA_KTIMPORTTEXT -
[-        ] NFC…KRONA:MEGAN_RMA2INFO_KRONA -
[-        ] NFC…VISUALIZATION_KRONA:GUNZIP -
[-        ] NFC…ONA:KRONA_KTIMPORTTAXONOMY -
[-        ] NFC…ON_PROFILES:TAXPASTA_MERGE -
[-        ] NFC…FILES:TAXPASTA_STANDARDISE -
[-        ] NFC…CKEN_COMBINEBRACKENOUTPUTS -
Plus 7 more processes waiting for tasks…

executor >  slurm (40)
[-        ] NFC…PROFILER:TAXPROFILER:UNTAR -
[5e/5c096c] NFC…TAXPROFILER:FASTQC (KAZ.6) | 8 of 10
[-        ] NFC…ORTREAD_FASTP:FASTP_SINGLE -
[c7/742c74] NFC…FASTP:FASTP_PAIRED (KAZ.6) | 8 of 10
[8d/ec9585] NFC…G:FASTQC_PROCESSED (KAZ.6) | 4 of 8
[40/2a11f4] NFC…TERING:BBMAP_BBDUK (KAZ.6) | 4 of 8
[fa/c8815b] NFC…VAL:BOWTIE2_ALIGN (MLT.63) | 0 of 4
[-        ] NFC…HOSTREMOVAL:SAMTOOLS_INDEX -
[-        ] NFC…HOSTREMOVAL:SAMTOOLS_STATS -
[-        ] NFC…R:PROFILING:DIAMOND_BLASTX -
[-        ] NFC…:KRAKENTOOLS_KREPORT2KRONA -
[-        ] NFC…ON_KRONA:KAIJU_KAIJU2KRONA -
[-        ] NFC…ZATION_KRONA:KRONA_CLEANUP -
[-        ] NFC…N_KRONA:KRONA_KTIMPORTTEXT -
[-        ] NFC…KRONA:MEGAN_RMA2INFO_KRONA -
[-        ] NFC…VISUALIZATION_KRONA:GUNZIP -
[-        ] NFC…ONA:KRONA_KTIMPORTTAXONOMY -
[-        ] NFC…ON_PROFILES:TAXPASTA_MERGE -
[-        ] NFC…FILES:TAXPASTA_STANDARDISE -
[-        ] NFC…CKEN_COMBINEBRACKENOUTPUTS -
Plus 7 more processes waiting for tasks…

executor >  slurm (40)
[-        ] NFC…PROFILER:TAXPROFILER:UNTAR -
[5e/5c096c] NFC…TAXPROFILER:FASTQC (KAZ.6) | 8 of 10
[-        ] NFC…ORTREAD_FASTP:FASTP_SINGLE -
[c7/742c74] NFC…FASTP:FASTP_PAIRED (KAZ.6) | 8 of 10
[8d/ec9585] NFC…G:FASTQC_PROCESSED (KAZ.6) | 4 of 8
[54/adb38e] NFC…ERING:BBMAP_BBDUK (KHM.21) | 5 of 8
[fa/c8815b] NFC…VAL:BOWTIE2_ALIGN (MLT.63) | 0 of 5
[-        ] NFC…HOSTREMOVAL:SAMTOOLS_INDEX -
[-        ] NFC…HOSTREMOVAL:SAMTOOLS_STATS -
[-        ] NFC…R:PROFILING:DIAMOND_BLASTX -
[-        ] NFC…:KRAKENTOOLS_KREPORT2KRONA -
[-        ] NFC…ON_KRONA:KAIJU_KAIJU2KRONA -
[-        ] NFC…ZATION_KRONA:KRONA_CLEANUP -
[-        ] NFC…N_KRONA:KRONA_KTIMPORTTEXT -
[-        ] NFC…KRONA:MEGAN_RMA2INFO_KRONA -
[-        ] NFC…VISUALIZATION_KRONA:GUNZIP -
[-        ] NFC…ONA:KRONA_KTIMPORTTAXONOMY -
[-        ] NFC…ON_PROFILES:TAXPASTA_MERGE -
[-        ] NFC…FILES:TAXPASTA_STANDARDISE -
[-        ] NFC…CKEN_COMBINEBRACKENOUTPUTS -
Plus 7 more processes waiting for tasks…

executor >  slurm (41)
[-        ] NFC…PROFILER:TAXPROFILER:UNTAR -
[5e/5c096c] NFC…TAXPROFILER:FASTQC (KAZ.6) | 8 of 10
[-        ] NFC…ORTREAD_FASTP:FASTP_SINGLE -
[c7/742c74] NFC…FASTP:FASTP_PAIRED (KAZ.6) | 8 of 10
[8d/ec9585] NFC…G:FASTQC_PROCESSED (KAZ.6) | 4 of 8
[54/adb38e] NFC…ERING:BBMAP_BBDUK (KHM.21) | 5 of 8
[45/bdbd21] NFC…VAL:BOWTIE2_ALIGN (KHM.21) | 0 of 5
[-        ] NFC…HOSTREMOVAL:SAMTOOLS_INDEX -
[-        ] NFC…HOSTREMOVAL:SAMTOOLS_STATS -
[-        ] NFC…R:PROFILING:DIAMOND_BLASTX -
[-        ] NFC…:KRAKENTOOLS_KREPORT2KRONA -
[-        ] NFC…ON_KRONA:KAIJU_KAIJU2KRONA -
[-        ] NFC…ZATION_KRONA:KRONA_CLEANUP -
[-        ] NFC…N_KRONA:KRONA_KTIMPORTTEXT -
[-        ] NFC…KRONA:MEGAN_RMA2INFO_KRONA -
[-        ] NFC…VISUALIZATION_KRONA:GUNZIP -
[-        ] NFC…ONA:KRONA_KTIMPORTTAXONOMY -
[-        ] NFC…ON_PROFILES:TAXPASTA_MERGE -
[-        ] NFC…FILES:TAXPASTA_STANDARDISE -
[-        ] NFC…CKEN_COMBINEBRACKENOUTPUTS -
Plus 7 more processes waiting for tasks…

executor >  slurm (41)
[-        ] NFC…PROFILER:TAXPROFILER:UNTAR -
[5e/5c096c] NFC…TAXPROFILER:FASTQC (KAZ.6) | 8 of 10
[-        ] NFC…ORTREAD_FASTP:FASTP_SINGLE -
[c7/742c74] NFC…FASTP:FASTP_PAIRED (KAZ.6) | 8 of 10
[8d/ec9585] NFC…G:FASTQC_PROCESSED (KAZ.6) | 4 of 8
[54/adb38e] NFC…ERING:BBMAP_BBDUK (KHM.21) | 5 of 8
[45/bdbd21] NFC…VAL:BOWTIE2_ALIGN (KHM.21) | 0 of 5
[-        ] NFC…HOSTREMOVAL:SAMTOOLS_INDEX -
[-        ] NFC…HOSTREMOVAL:SAMTOOLS_STATS -
[-        ] NFC…R:PROFILING:DIAMOND_BLASTX -
[-        ] NFC…:KRAKENTOOLS_KREPORT2KRONA -
[-        ] NFC…ON_KRONA:KAIJU_KAIJU2KRONA -
[-        ] NFC…ZATION_KRONA:KRONA_CLEANUP -
[-        ] NFC…N_KRONA:KRONA_KTIMPORTTEXT -
[-        ] NFC…KRONA:MEGAN_RMA2INFO_KRONA -
[-        ] NFC…VISUALIZATION_KRONA:GUNZIP -
[-        ] NFC…ONA:KRONA_KTIMPORTTAXONOMY -
[-        ] NFC…ON_PROFILES:TAXPASTA_MERGE -
[-        ] NFC…FILES:TAXPASTA_STANDARDISE -
[-        ] NFC…CKEN_COMBINEBRACKENOUTPUTS -
Plus 7 more processes waiting for tasks…

executor >  slurm (41)
[-        ] NFC…PROFILER:TAXPROFILER:UNTAR -
[5e/5c096c] NFC…TAXPROFILER:FASTQC (KAZ.6) | 8 of 10
[-        ] NFC…ORTREAD_FASTP:FASTP_SINGLE -
[c7/742c74] NFC…FASTP:FASTP_PAIRED (KAZ.6) | 8 of 10
[ab/dfdbbf] NFC…:FASTQC_PROCESSED (KEN.72) | 5 of 8
[54/adb38e] NFC…ERING:BBMAP_BBDUK (KHM.21) | 5 of 8
[45/bdbd21] NFC…VAL:BOWTIE2_ALIGN (KHM.21) | 0 of 5
[-        ] NFC…HOSTREMOVAL:SAMTOOLS_INDEX -
[-        ] NFC…HOSTREMOVAL:SAMTOOLS_STATS -
[-        ] NFC…R:PROFILING:DIAMOND_BLASTX -
[-        ] NFC…:KRAKENTOOLS_KREPORT2KRONA -
[-        ] NFC…ON_KRONA:KAIJU_KAIJU2KRONA -
[-        ] NFC…ZATION_KRONA:KRONA_CLEANUP -
[-        ] NFC…N_KRONA:KRONA_KTIMPORTTEXT -
[-        ] NFC…KRONA:MEGAN_RMA2INFO_KRONA -
[-        ] NFC…VISUALIZATION_KRONA:GUNZIP -
[-        ] NFC…ONA:KRONA_KTIMPORTTAXONOMY -
[-        ] NFC…ON_PROFILES:TAXPASTA_MERGE -
[-        ] NFC…FILES:TAXPASTA_STANDARDISE -
[-        ] NFC…CKEN_COMBINEBRACKENOUTPUTS -
Plus 7 more processes waiting for tasks…

executor >  slurm (41)
[-        ] NFC…PROFILER:TAXPROFILER:UNTAR -
[5e/5c096c] NFC…TAXPROFILER:FASTQC (KAZ.6) | 8 of 10
[-        ] NFC…ORTREAD_FASTP:FASTP_SINGLE -
[c7/742c74] NFC…FASTP:FASTP_PAIRED (KAZ.6) | 8 of 10
[45/5e3314] NFC…:FASTQC_PROCESSED (KHM.21) | 6 of 8
[54/adb38e] NFC…ERING:BBMAP_BBDUK (KHM.21) | 5 of 8
[45/bdbd21] NFC…VAL:BOWTIE2_ALIGN (KHM.21) | 0 of 5
[-        ] NFC…HOSTREMOVAL:SAMTOOLS_INDEX -
[-        ] NFC…HOSTREMOVAL:SAMTOOLS_STATS -
[-        ] NFC…R:PROFILING:DIAMOND_BLASTX -
[-        ] NFC…:KRAKENTOOLS_KREPORT2KRONA -
[-        ] NFC…ON_KRONA:KAIJU_KAIJU2KRONA -
[-        ] NFC…ZATION_KRONA:KRONA_CLEANUP -
[-        ] NFC…N_KRONA:KRONA_KTIMPORTTEXT -
[-        ] NFC…KRONA:MEGAN_RMA2INFO_KRONA -
[-        ] NFC…VISUALIZATION_KRONA:GUNZIP -
[-        ] NFC…ONA:KRONA_KTIMPORTTAXONOMY -
[-        ] NFC…ON_PROFILES:TAXPASTA_MERGE -
[-        ] NFC…FILES:TAXPASTA_STANDARDISE -
[-        ] NFC…CKEN_COMBINEBRACKENOUTPUTS -
Plus 7 more processes waiting for tasks…

executor >  slurm (42)
[-        ] NFC…PROFILER:TAXPROFILER:UNTAR -
[5e/5c096c] NFC…TAXPROFILER:FASTQC (KAZ.6) | 8 of 10
[-        ] NFC…ORTREAD_FASTP:FASTP_SINGLE -
[c7/742c74] NFC…FASTP:FASTP_PAIRED (KAZ.6) | 8 of 10
[45/5e3314] NFC…:FASTQC_PROCESSED (KHM.21) | 6 of 8
[b2/0ecee9] NFC…ERING:BBMAP_BBDUK (KEN.72) | 6 of 8
[19/c7f236] NFC…VAL:BOWTIE2_ALIGN (KEN.72) | 0 of 6
[-        ] NFC…HOSTREMOVAL:SAMTOOLS_INDEX -
[-        ] NFC…HOSTREMOVAL:SAMTOOLS_STATS -
[-        ] NFC…R:PROFILING:DIAMOND_BLASTX -
[-        ] NFC…:KRAKENTOOLS_KREPORT2KRONA -
[-        ] NFC…ON_KRONA:KAIJU_KAIJU2KRONA -
[-        ] NFC…ZATION_KRONA:KRONA_CLEANUP -
[-        ] NFC…N_KRONA:KRONA_KTIMPORTTEXT -
[-        ] NFC…KRONA:MEGAN_RMA2INFO_KRONA -
[-        ] NFC…VISUALIZATION_KRONA:GUNZIP -
[-        ] NFC…ONA:KRONA_KTIMPORTTAXONOMY -
[-        ] NFC…ON_PROFILES:TAXPASTA_MERGE -
[-        ] NFC…FILES:TAXPASTA_STANDARDISE -
[-        ] NFC…CKEN_COMBINEBRACKENOUTPUTS -
Plus 7 more processes waiting for tasks…

executor >  slurm (42)
[-        ] NFC…PROFILER:TAXPROFILER:UNTAR -
[5e/5c096c] NFC…TAXPROFILER:FASTQC (KAZ.6) | 8 of 10
[-        ] NFC…ORTREAD_FASTP:FASTP_SINGLE -
[c7/742c74] NFC…FASTP:FASTP_PAIRED (KAZ.6) | 8 of 10
[45/5e3314] NFC…:FASTQC_PROCESSED (KHM.21) | 6 of 8
[b2/0ecee9] NFC…ERING:BBMAP_BBDUK (KEN.72) | 6 of 8
[19/c7f236] NFC…VAL:BOWTIE2_ALIGN (KEN.72) | 0 of 6
[-        ] NFC…HOSTREMOVAL:SAMTOOLS_INDEX -
[-        ] NFC…HOSTREMOVAL:SAMTOOLS_STATS -
[-        ] NFC…R:PROFILING:DIAMOND_BLASTX -
[-        ] NFC…:KRAKENTOOLS_KREPORT2KRONA -
[-        ] NFC…ON_KRONA:KAIJU_KAIJU2KRONA -
[-        ] NFC…ZATION_KRONA:KRONA_CLEANUP -
[-        ] NFC…N_KRONA:KRONA_KTIMPORTTEXT -
[-        ] NFC…KRONA:MEGAN_RMA2INFO_KRONA -
[-        ] NFC…VISUALIZATION_KRONA:GUNZIP -
[-        ] NFC…ONA:KRONA_KTIMPORTTAXONOMY -
[-        ] NFC…ON_PROFILES:TAXPASTA_MERGE -
[-        ] NFC…FILES:TAXPASTA_STANDARDISE -
[-        ] NFC…CKEN_COMBINEBRACKENOUTPUTS -
Plus 7 more processes waiting for tasks…

executor >  slurm (42)
[-        ] NFC…PROFILER:TAXPROFILER:UNTAR -
[5e/5c096c] NFC…TAXPROFILER:FASTQC (KAZ.6) | 8 of 10
[-        ] NFC…ORTREAD_FASTP:FASTP_SINGLE -
[c7/742c74] NFC…FASTP:FASTP_PAIRED (KAZ.6) | 8 of 10
[b7/aff6c2] NFC…:FASTQC_PROCESSED (LUX.32) | 7 of 8
[b2/0ecee9] NFC…ERING:BBMAP_BBDUK (KEN.72) | 6 of 8
[19/c7f236] NFC…VAL:BOWTIE2_ALIGN (KEN.72) | 0 of 6
[-        ] NFC…HOSTREMOVAL:SAMTOOLS_INDEX -
[-        ] NFC…HOSTREMOVAL:SAMTOOLS_STATS -
[-        ] NFC…R:PROFILING:DIAMOND_BLASTX -
[-        ] NFC…:KRAKENTOOLS_KREPORT2KRONA -
[-        ] NFC…ON_KRONA:KAIJU_KAIJU2KRONA -
[-        ] NFC…ZATION_KRONA:KRONA_CLEANUP -
[-        ] NFC…N_KRONA:KRONA_KTIMPORTTEXT -
[-        ] NFC…KRONA:MEGAN_RMA2INFO_KRONA -
[-        ] NFC…VISUALIZATION_KRONA:GUNZIP -
[-        ] NFC…ONA:KRONA_KTIMPORTTAXONOMY -
[-        ] NFC…ON_PROFILES:TAXPASTA_MERGE -
[-        ] NFC…FILES:TAXPASTA_STANDARDISE -
[-        ] NFC…CKEN_COMBINEBRACKENOUTPUTS -
Plus 7 more processes waiting for tasks…

executor >  slurm (42)
[-        ] NFC…PROFILER:TAXPROFILER:UNTAR -
[5e/5c096c] NFC…TAXPROFILER:FASTQC (KAZ.6) | 8 of 10
[-        ] NFC…ORTREAD_FASTP:FASTP_SINGLE -
[c7/742c74] NFC…FASTP:FASTP_PAIRED (KAZ.6) | 8 of 10
[b7/aff6c2] NFC…:FASTQC_PROCESSED (LUX.32) | 7 of 8
[e8/8c85cb] NFC…ERING:BBMAP_BBDUK (LUX.32) | 7 of 8
[19/c7f236] NFC…VAL:BOWTIE2_ALIGN (KEN.72) | 0 of 7
[-        ] NFC…HOSTREMOVAL:SAMTOOLS_INDEX -
[-        ] NFC…HOSTREMOVAL:SAMTOOLS_STATS -
[-        ] NFC…R:PROFILING:DIAMOND_BLASTX -
[-        ] NFC…:KRAKENTOOLS_KREPORT2KRONA -
[-        ] NFC…ON_KRONA:KAIJU_KAIJU2KRONA -
[-        ] NFC…ZATION_KRONA:KRONA_CLEANUP -
[-        ] NFC…N_KRONA:KRONA_KTIMPORTTEXT -
[-        ] NFC…KRONA:MEGAN_RMA2INFO_KRONA -
[-        ] NFC…VISUALIZATION_KRONA:GUNZIP -
[-        ] NFC…ONA:KRONA_KTIMPORTTAXONOMY -
[-        ] NFC…ON_PROFILES:TAXPASTA_MERGE -
[-        ] NFC…FILES:TAXPASTA_STANDARDISE -
[-        ] NFC…CKEN_COMBINEBRACKENOUTPUTS -
Plus 7 more processes waiting for tasks…

executor >  slurm (43)
[-        ] NFC…PROFILER:TAXPROFILER:UNTAR -
[5e/5c096c] NFC…TAXPROFILER:FASTQC (KAZ.6) | 8 of 10
[-        ] NFC…ORTREAD_FASTP:FASTP_SINGLE -
[c7/742c74] NFC…FASTP:FASTP_PAIRED (KAZ.6) | 8 of 10
[b7/aff6c2] NFC…:FASTQC_PROCESSED (LUX.32) | 7 of 8
[e8/8c85cb] NFC…ERING:BBMAP_BBDUK (LUX.32) | 7 of 8
[c9/914c62] NFC…VAL:BOWTIE2_ALIGN (LUX.32) | 0 of 7
[-        ] NFC…HOSTREMOVAL:SAMTOOLS_INDEX -
[-        ] NFC…HOSTREMOVAL:SAMTOOLS_STATS -
[-        ] NFC…R:PROFILING:DIAMOND_BLASTX -
[-        ] NFC…:KRAKENTOOLS_KREPORT2KRONA -
[-        ] NFC…ON_KRONA:KAIJU_KAIJU2KRONA -
[-        ] NFC…ZATION_KRONA:KRONA_CLEANUP -
[-        ] NFC…N_KRONA:KRONA_KTIMPORTTEXT -
[-        ] NFC…KRONA:MEGAN_RMA2INFO_KRONA -
[-        ] NFC…VISUALIZATION_KRONA:GUNZIP -
[-        ] NFC…ONA:KRONA_KTIMPORTTAXONOMY -
[-        ] NFC…ON_PROFILES:TAXPASTA_MERGE -
[-        ] NFC…FILES:TAXPASTA_STANDARDISE -
[-        ] NFC…CKEN_COMBINEBRACKENOUTPUTS -
Plus 7 more processes waiting for tasks…

executor >  slurm (43)
[-        ] NFC…PROFILER:TAXPROFILER:UNTAR -
[5e/5c096c] NFC…TAXPROFILER:FASTQC (KAZ.6) | 8 of 10
[-        ] NFC…ORTREAD_FASTP:FASTP_SINGLE -
[c7/742c74] NFC…FASTP:FASTP_PAIRED (KAZ.6) | 8 of 10
[b7/aff6c2] NFC…:FASTQC_PROCESSED (LUX.32) | 7 of 8
[e8/8c85cb] NFC…ERING:BBMAP_BBDUK (LUX.32) | 7 of 8
[c9/914c62] NFC…VAL:BOWTIE2_ALIGN (LUX.32) | 0 of 7
[-        ] NFC…HOSTREMOVAL:SAMTOOLS_INDEX -
[-        ] NFC…HOSTREMOVAL:SAMTOOLS_STATS -
[-        ] NFC…R:PROFILING:DIAMOND_BLASTX -
[-        ] NFC…:KRAKENTOOLS_KREPORT2KRONA -
[-        ] NFC…ON_KRONA:KAIJU_KAIJU2KRONA -
[-        ] NFC…ZATION_KRONA:KRONA_CLEANUP -
[-        ] NFC…N_KRONA:KRONA_KTIMPORTTEXT -
[-        ] NFC…KRONA:MEGAN_RMA2INFO_KRONA -
[-        ] NFC…VISUALIZATION_KRONA:GUNZIP -
[-        ] NFC…ONA:KRONA_KTIMPORTTAXONOMY -
[-        ] NFC…ON_PROFILES:TAXPASTA_MERGE -
[-        ] NFC…FILES:TAXPASTA_STANDARDISE -
[-        ] NFC…CKEN_COMBINEBRACKENOUTPUTS -
Plus 7 more processes waiting for tasks…

executor >  slurm (44)
[-        ] NFC…PROFILER:TAXPROFILER:UNTAR -
[5e/5c096c] NFC…TAXPROFILER:FASTQC (KAZ.6) | 8 of 10
[-        ] NFC…ORTREAD_FASTP:FASTP_SINGLE -
[92/3ee232] NFC…ASTP:FASTP_PAIRED (LKA.40) | 9 of 10
[b7/aff6c2] NFC…:FASTQC_PROCESSED (LUX.32) | 7 of 8
[a3/ef2f83] NFC…ERING:BBMAP_BBDUK (LKA.40) | 7 of 9
[c9/914c62] NFC…VAL:BOWTIE2_ALIGN (LUX.32) | 0 of 7
[-        ] NFC…HOSTREMOVAL:SAMTOOLS_INDEX -
[-        ] NFC…HOSTREMOVAL:SAMTOOLS_STATS -
[-        ] NFC…R:PROFILING:DIAMOND_BLASTX -
[-        ] NFC…:KRAKENTOOLS_KREPORT2KRONA -
[-        ] NFC…ON_KRONA:KAIJU_KAIJU2KRONA -
[-        ] NFC…ZATION_KRONA:KRONA_CLEANUP -
[-        ] NFC…N_KRONA:KRONA_KTIMPORTTEXT -
[-        ] NFC…KRONA:MEGAN_RMA2INFO_KRONA -
[-        ] NFC…VISUALIZATION_KRONA:GUNZIP -
[-        ] NFC…ONA:KRONA_KTIMPORTTAXONOMY -
[-        ] NFC…ON_PROFILES:TAXPASTA_MERGE -
[-        ] NFC…FILES:TAXPASTA_STANDARDISE -
[-        ] NFC…CKEN_COMBINEBRACKENOUTPUTS -
Plus 7 more processes waiting for tasks…

executor >  slurm (45)
[-        ] NFC…PROFILER:TAXPROFILER:UNTAR -
[5e/5c096c] NFC…TAXPROFILER:FASTQC (KAZ.6) | 8 of 10
[-        ] NFC…ORTREAD_FASTP:FASTP_SINGLE -
[92/3ee232] NFC…ASTP:FASTP_PAIRED (LKA.40) | 9 of 10
[83/623379] NFC…:FASTQC_PROCESSED (LKA.40) | 7 of 9
[a3/ef2f83] NFC…ERING:BBMAP_BBDUK (LKA.40) | 7 of 9
[c9/914c62] NFC…VAL:BOWTIE2_ALIGN (LUX.32) | 0 of 7
[-        ] NFC…HOSTREMOVAL:SAMTOOLS_INDEX -
[-        ] NFC…HOSTREMOVAL:SAMTOOLS_STATS -
[-        ] NFC…R:PROFILING:DIAMOND_BLASTX -
[-        ] NFC…:KRAKENTOOLS_KREPORT2KRONA -
[-        ] NFC…ON_KRONA:KAIJU_KAIJU2KRONA -
[-        ] NFC…ZATION_KRONA:KRONA_CLEANUP -
[-        ] NFC…N_KRONA:KRONA_KTIMPORTTEXT -
[-        ] NFC…KRONA:MEGAN_RMA2INFO_KRONA -
[-        ] NFC…VISUALIZATION_KRONA:GUNZIP -
[-        ] NFC…ONA:KRONA_KTIMPORTTAXONOMY -
[-        ] NFC…ON_PROFILES:TAXPASTA_MERGE -
[-        ] NFC…FILES:TAXPASTA_STANDARDISE -
[-        ] NFC…CKEN_COMBINEBRACKENOUTPUTS -
Plus 7 more processes waiting for tasks…

executor >  slurm (45)
[-        ] NFC…PROFILER:TAXPROFILER:UNTAR -
[30/1e4743] NFC…AXPROFILER:FASTQC (LKA.40) | 9 of 10
[-        ] NFC…ORTREAD_FASTP:FASTP_SINGLE -
[92/3ee232] NFC…ASTP:FASTP_PAIRED (LKA.40) | 9 of 10
[83/623379] NFC…:FASTQC_PROCESSED (LKA.40) | 7 of 9
[a3/ef2f83] NFC…ERING:BBMAP_BBDUK (LKA.40) | 7 of 9
[c9/914c62] NFC…VAL:BOWTIE2_ALIGN (LUX.32) | 0 of 7
[-        ] NFC…HOSTREMOVAL:SAMTOOLS_INDEX -
[-        ] NFC…HOSTREMOVAL:SAMTOOLS_STATS -
[-        ] NFC…R:PROFILING:DIAMOND_BLASTX -
[-        ] NFC…:KRAKENTOOLS_KREPORT2KRONA -
[-        ] NFC…ON_KRONA:KAIJU_KAIJU2KRONA -
[-        ] NFC…ZATION_KRONA:KRONA_CLEANUP -
[-        ] NFC…N_KRONA:KRONA_KTIMPORTTEXT -
[-        ] NFC…KRONA:MEGAN_RMA2INFO_KRONA -
[-        ] NFC…VISUALIZATION_KRONA:GUNZIP -
[-        ] NFC…ONA:KRONA_KTIMPORTTAXONOMY -
[-        ] NFC…ON_PROFILES:TAXPASTA_MERGE -
[-        ] NFC…FILES:TAXPASTA_STANDARDISE -
[-        ] NFC…CKEN_COMBINEBRACKENOUTPUTS -
Plus 7 more processes waiting for tasks…

executor >  slurm (45)
[-        ] NFC…PROFILER:TAXPROFILER:UNTAR -
[30/1e4743] NFC…AXPROFILER:FASTQC (LKA.40) | 9 of 10
[-        ] NFC…ORTREAD_FASTP:FASTP_SINGLE -
[92/3ee232] NFC…ASTP:FASTP_PAIRED (LKA.40) | 9 of 10
[83/623379] NFC…:FASTQC_PROCESSED (LKA.40) | 7 of 9
[a3/ef2f83] NFC…ERING:BBMAP_BBDUK (LKA.40) | 7 of 9
[c9/914c62] NFC…VAL:BOWTIE2_ALIGN (LUX.32) | 0 of 7
[-        ] NFC…HOSTREMOVAL:SAMTOOLS_INDEX -
[-        ] NFC…HOSTREMOVAL:SAMTOOLS_STATS -
[-        ] NFC…R:PROFILING:DIAMOND_BLASTX -
[-        ] NFC…:KRAKENTOOLS_KREPORT2KRONA -
[-        ] NFC…ON_KRONA:KAIJU_KAIJU2KRONA -
[-        ] NFC…ZATION_KRONA:KRONA_CLEANUP -
[-        ] NFC…N_KRONA:KRONA_KTIMPORTTEXT -
[-        ] NFC…KRONA:MEGAN_RMA2INFO_KRONA -
[-        ] NFC…VISUALIZATION_KRONA:GUNZIP -
[-        ] NFC…ONA:KRONA_KTIMPORTTAXONOMY -
[-        ] NFC…ON_PROFILES:TAXPASTA_MERGE -
[-        ] NFC…FILES:TAXPASTA_STANDARDISE -
[-        ] NFC…CKEN_COMBINEBRACKENOUTPUTS -
Plus 7 more processes waiting for tasks…

executor >  slurm (45)
[-        ] NFC…PROFILER:TAXPROFILER:UNTAR -
[30/1e4743] NFC…AXPROFILER:FASTQC (LKA.40) | 9 of 10
[-        ] NFC…ORTREAD_FASTP:FASTP_SINGLE -
[0a/860c93] NFC…ASTP:FASTP_PAIRED (ITA.30) | 10 of 10 ✔
[83/623379] NFC…:FASTQC_PROCESSED (LKA.40) | 7 of 10
[a3/ef2f83] NFC…ERING:BBMAP_BBDUK (LKA.40) | 7 of 9
[c9/914c62] NFC…VAL:BOWTIE2_ALIGN (LUX.32) | 0 of 7
[-        ] NFC…HOSTREMOVAL:SAMTOOLS_INDEX -
[-        ] NFC…HOSTREMOVAL:SAMTOOLS_STATS -
[-        ] NFC…R:PROFILING:DIAMOND_BLASTX -
[-        ] NFC…:KRAKENTOOLS_KREPORT2KRONA -
[-        ] NFC…ON_KRONA:KAIJU_KAIJU2KRONA -
[-        ] NFC…ZATION_KRONA:KRONA_CLEANUP -
[-        ] NFC…N_KRONA:KRONA_KTIMPORTTEXT -
[-        ] NFC…KRONA:MEGAN_RMA2INFO_KRONA -
[-        ] NFC…VISUALIZATION_KRONA:GUNZIP -
[-        ] NFC…ONA:KRONA_KTIMPORTTAXONOMY -
[-        ] NFC…ON_PROFILES:TAXPASTA_MERGE -
[-        ] NFC…FILES:TAXPASTA_STANDARDISE -
[-        ] NFC…CKEN_COMBINEBRACKENOUTPUTS -
Plus 7 more processes waiting for tasks…

executor >  slurm (46)
[-        ] NFC…PROFILER:TAXPROFILER:UNTAR -
[30/1e4743] NFC…AXPROFILER:FASTQC (LKA.40) | 9 of 10
[-        ] NFC…ORTREAD_FASTP:FASTP_SINGLE -
[0a/860c93] NFC…ASTP:FASTP_PAIRED (ITA.30) | 10 of 10 ✔
[79/7be767] NFC…:FASTQC_PROCESSED (ITA.30) | 7 of 10
[a3/ef2f83] NFC…ERING:BBMAP_BBDUK (LKA.40) | 7 of 10
[c9/914c62] NFC…VAL:BOWTIE2_ALIGN (LUX.32) | 0 of 7
[-        ] NFC…HOSTREMOVAL:SAMTOOLS_INDEX -
[-        ] NFC…HOSTREMOVAL:SAMTOOLS_STATS -
[-        ] NFC…R:PROFILING:DIAMOND_BLASTX -
[-        ] NFC…:KRAKENTOOLS_KREPORT2KRONA -
[-        ] NFC…ON_KRONA:KAIJU_KAIJU2KRONA -
[-        ] NFC…ZATION_KRONA:KRONA_CLEANUP -
[-        ] NFC…N_KRONA:KRONA_KTIMPORTTEXT -
[-        ] NFC…KRONA:MEGAN_RMA2INFO_KRONA -
[-        ] NFC…VISUALIZATION_KRONA:GUNZIP -
[-        ] NFC…ONA:KRONA_KTIMPORTTAXONOMY -
[-        ] NFC…ON_PROFILES:TAXPASTA_MERGE -
[-        ] NFC…FILES:TAXPASTA_STANDARDISE -
[-        ] NFC…CKEN_COMBINEBRACKENOUTPUTS -
Plus 7 more processes waiting for tasks…

executor >  slurm (47)
[-        ] NFC…PROFILER:TAXPROFILER:UNTAR -
[30/1e4743] NFC…AXPROFILER:FASTQC (LKA.40) | 9 of 10
[-        ] NFC…ORTREAD_FASTP:FASTP_SINGLE -
[0a/860c93] NFC…ASTP:FASTP_PAIRED (ITA.30) | 10 of 10 ✔
[79/7be767] NFC…:FASTQC_PROCESSED (ITA.30) | 7 of 10
[bb/8be517] NFC…ERING:BBMAP_BBDUK (ITA.30) | 7 of 10
[c9/914c62] NFC…VAL:BOWTIE2_ALIGN (LUX.32) | 0 of 7
[-        ] NFC…HOSTREMOVAL:SAMTOOLS_INDEX -
[-        ] NFC…HOSTREMOVAL:SAMTOOLS_STATS -
[-        ] NFC…R:PROFILING:DIAMOND_BLASTX -
[-        ] NFC…:KRAKENTOOLS_KREPORT2KRONA -
[-        ] NFC…ON_KRONA:KAIJU_KAIJU2KRONA -
[-        ] NFC…ZATION_KRONA:KRONA_CLEANUP -
[-        ] NFC…N_KRONA:KRONA_KTIMPORTTEXT -
[-        ] NFC…KRONA:MEGAN_RMA2INFO_KRONA -
[-        ] NFC…VISUALIZATION_KRONA:GUNZIP -
[-        ] NFC…ONA:KRONA_KTIMPORTTAXONOMY -
[-        ] NFC…ON_PROFILES:TAXPASTA_MERGE -
[-        ] NFC…FILES:TAXPASTA_STANDARDISE -
[-        ] NFC…CKEN_COMBINEBRACKENOUTPUTS -
Plus 7 more processes waiting for tasks…

executor >  slurm (47)
[-        ] NFC…PROFILER:TAXPROFILER:UNTAR -
[30/1e4743] NFC…AXPROFILER:FASTQC (LKA.40) | 9 of 10
[-        ] NFC…ORTREAD_FASTP:FASTP_SINGLE -
[0a/860c93] NFC…ASTP:FASTP_PAIRED (ITA.30) | 10 of 10 ✔
[79/7be767] NFC…:FASTQC_PROCESSED (ITA.30) | 7 of 10
[bb/8be517] NFC…ERING:BBMAP_BBDUK (ITA.30) | 7 of 10
[c9/914c62] NFC…VAL:BOWTIE2_ALIGN (LUX.32) | 0 of 7
[-        ] NFC…HOSTREMOVAL:SAMTOOLS_INDEX -
[-        ] NFC…HOSTREMOVAL:SAMTOOLS_STATS -
[-        ] NFC…R:PROFILING:DIAMOND_BLASTX -
[-        ] NFC…:KRAKENTOOLS_KREPORT2KRONA -
[-        ] NFC…ON_KRONA:KAIJU_KAIJU2KRONA -
[-        ] NFC…ZATION_KRONA:KRONA_CLEANUP -
[-        ] NFC…N_KRONA:KRONA_KTIMPORTTEXT -
[-        ] NFC…KRONA:MEGAN_RMA2INFO_KRONA -
[-        ] NFC…VISUALIZATION_KRONA:GUNZIP -
[-        ] NFC…ONA:KRONA_KTIMPORTTAXONOMY -
[-        ] NFC…ON_PROFILES:TAXPASTA_MERGE -
[-        ] NFC…FILES:TAXPASTA_STANDARDISE -
[-        ] NFC…CKEN_COMBINEBRACKENOUTPUTS -
Plus 7 more processes waiting for tasks…

executor >  slurm (47)
[-        ] NFC…PROFILER:TAXPROFILER:UNTAR -
[3d/84409e] NFC…AXPROFILER:FASTQC (ITA.30) | 10 of 10 ✔
[-        ] NFC…ORTREAD_FASTP:FASTP_SINGLE -
[0a/860c93] NFC…ASTP:FASTP_PAIRED (ITA.30) | 10 of 10 ✔
[79/7be767] NFC…:FASTQC_PROCESSED (ITA.30) | 7 of 10
[bb/8be517] NFC…ERING:BBMAP_BBDUK (ITA.30) | 7 of 10
[c9/914c62] NFC…VAL:BOWTIE2_ALIGN (LUX.32) | 0 of 7
[-        ] NFC…HOSTREMOVAL:SAMTOOLS_INDEX -
[-        ] NFC…HOSTREMOVAL:SAMTOOLS_STATS -
[-        ] NFC…R:PROFILING:DIAMOND_BLASTX -
[-        ] NFC…:KRAKENTOOLS_KREPORT2KRONA -
[-        ] NFC…ON_KRONA:KAIJU_KAIJU2KRONA -
[-        ] NFC…ZATION_KRONA:KRONA_CLEANUP -
[-        ] NFC…N_KRONA:KRONA_KTIMPORTTEXT -
[-        ] NFC…KRONA:MEGAN_RMA2INFO_KRONA -
[-        ] NFC…VISUALIZATION_KRONA:GUNZIP -
[-        ] NFC…ONA:KRONA_KTIMPORTTAXONOMY -
[-        ] NFC…ON_PROFILES:TAXPASTA_MERGE -
[-        ] NFC…FILES:TAXPASTA_STANDARDISE -
[-        ] NFC…CKEN_COMBINEBRACKENOUTPUTS -
Plus 7 more processes waiting for tasks…

executor >  slurm (47)
[-        ] NFC…PROFILER:TAXPROFILER:UNTAR -
[3d/84409e] NFC…AXPROFILER:FASTQC (ITA.30) | 10 of 10 ✔
[-        ] NFC…ORTREAD_FASTP:FASTP_SINGLE -
[0a/860c93] NFC…ASTP:FASTP_PAIRED (ITA.30) | 10 of 10 ✔
[8d/ec9585] NFC…G:FASTQC_PROCESSED (KAZ.6) | 8 of 10
[bb/8be517] NFC…ERING:BBMAP_BBDUK (ITA.30) | 7 of 10
[c9/914c62] NFC…VAL:BOWTIE2_ALIGN (LUX.32) | 0 of 7
[-        ] NFC…HOSTREMOVAL:SAMTOOLS_INDEX -
[-        ] NFC…HOSTREMOVAL:SAMTOOLS_STATS -
[-        ] NFC…R:PROFILING:DIAMOND_BLASTX -
[-        ] NFC…:KRAKENTOOLS_KREPORT2KRONA -
[-        ] NFC…ON_KRONA:KAIJU_KAIJU2KRONA -
[-        ] NFC…ZATION_KRONA:KRONA_CLEANUP -
[-        ] NFC…N_KRONA:KRONA_KTIMPORTTEXT -
[-        ] NFC…KRONA:MEGAN_RMA2INFO_KRONA -
[-        ] NFC…VISUALIZATION_KRONA:GUNZIP -
[-        ] NFC…ONA:KRONA_KTIMPORTTAXONOMY -
[-        ] NFC…ON_PROFILES:TAXPASTA_MERGE -
[-        ] NFC…FILES:TAXPASTA_STANDARDISE -
[-        ] NFC…CKEN_COMBINEBRACKENOUTPUTS -
Plus 7 more processes waiting for tasks…

executor >  slurm (48)
[-        ] NFC…PROFILER:TAXPROFILER:UNTAR -
[3d/84409e] NFC…AXPROFILER:FASTQC (ITA.30) | 10 of 10 ✔
[-        ] NFC…ORTREAD_FASTP:FASTP_SINGLE -
[0a/860c93] NFC…ASTP:FASTP_PAIRED (ITA.30) | 10 of 10 ✔
[8d/ec9585] NFC…G:FASTQC_PROCESSED (KAZ.6) | 8 of 10
[40/2a11f4] NFC…TERING:BBMAP_BBDUK (KAZ.6) | 8 of 10
[85/80d6e3] NFC…OVAL:BOWTIE2_ALIGN (KAZ.6) | 0 of 8
[-        ] NFC…HOSTREMOVAL:SAMTOOLS_INDEX -
[-        ] NFC…HOSTREMOVAL:SAMTOOLS_STATS -
[-        ] NFC…R:PROFILING:DIAMOND_BLASTX -
[-        ] NFC…:KRAKENTOOLS_KREPORT2KRONA -
[-        ] NFC…ON_KRONA:KAIJU_KAIJU2KRONA -
[-        ] NFC…ZATION_KRONA:KRONA_CLEANUP -
[-        ] NFC…N_KRONA:KRONA_KTIMPORTTEXT -
[-        ] NFC…KRONA:MEGAN_RMA2INFO_KRONA -
[-        ] NFC…VISUALIZATION_KRONA:GUNZIP -
[-        ] NFC…ONA:KRONA_KTIMPORTTAXONOMY -
[-        ] NFC…ON_PROFILES:TAXPASTA_MERGE -
[-        ] NFC…FILES:TAXPASTA_STANDARDISE -
[-        ] NFC…CKEN_COMBINEBRACKENOUTPUTS -
Plus 7 more processes waiting for tasks…

executor >  slurm (48)
[-        ] NFC…PROFILER:TAXPROFILER:UNTAR -
[3d/84409e] NFC…AXPROFILER:FASTQC (ITA.30) | 10 of 10 ✔
[-        ] NFC…ORTREAD_FASTP:FASTP_SINGLE -
[0a/860c93] NFC…ASTP:FASTP_PAIRED (ITA.30) | 10 of 10 ✔
[8d/ec9585] NFC…G:FASTQC_PROCESSED (KAZ.6) | 8 of 10
[40/2a11f4] NFC…TERING:BBMAP_BBDUK (KAZ.6) | 8 of 10
[85/80d6e3] NFC…OVAL:BOWTIE2_ALIGN (KAZ.6) | 0 of 8
[-        ] NFC…HOSTREMOVAL:SAMTOOLS_INDEX -
[-        ] NFC…HOSTREMOVAL:SAMTOOLS_STATS -
[-        ] NFC…R:PROFILING:DIAMOND_BLASTX -
[-        ] NFC…:KRAKENTOOLS_KREPORT2KRONA -
[-        ] NFC…ON_KRONA:KAIJU_KAIJU2KRONA -
[-        ] NFC…ZATION_KRONA:KRONA_CLEANUP -
[-        ] NFC…N_KRONA:KRONA_KTIMPORTTEXT -
[-        ] NFC…KRONA:MEGAN_RMA2INFO_KRONA -
[-        ] NFC…VISUALIZATION_KRONA:GUNZIP -
[-        ] NFC…ONA:KRONA_KTIMPORTTAXONOMY -
[-        ] NFC…ON_PROFILES:TAXPASTA_MERGE -
[-        ] NFC…FILES:TAXPASTA_STANDARDISE -
[-        ] NFC…CKEN_COMBINEBRACKENOUTPUTS -
Plus 7 more processes waiting for tasks…

executor >  slurm (49)
[-        ] NFC…PROFILER:TAXPROFILER:UNTAR -
[3d/84409e] NFC…AXPROFILER:FASTQC (ITA.30) | 10 of 10 ✔
[-        ] NFC…ORTREAD_FASTP:FASTP_SINGLE -
[0a/860c93] NFC…ASTP:FASTP_PAIRED (ITA.30) | 10 of 10 ✔
[8d/ec9585] NFC…G:FASTQC_PROCESSED (KAZ.6) | 8 of 10
[bb/8be517] NFC…ERING:BBMAP_BBDUK (ITA.30) | 9 of 10
[1d/e6d918] NFC…VAL:BOWTIE2_ALIGN (ITA.30) | 0 of 9
[-        ] NFC…HOSTREMOVAL:SAMTOOLS_INDEX -
[-        ] NFC…HOSTREMOVAL:SAMTOOLS_STATS -
[-        ] NFC…R:PROFILING:DIAMOND_BLASTX -
[-        ] NFC…:KRAKENTOOLS_KREPORT2KRONA -
[-        ] NFC…ON_KRONA:KAIJU_KAIJU2KRONA -
[-        ] NFC…ZATION_KRONA:KRONA_CLEANUP -
[-        ] NFC…N_KRONA:KRONA_KTIMPORTTEXT -
[-        ] NFC…KRONA:MEGAN_RMA2INFO_KRONA -
[-        ] NFC…VISUALIZATION_KRONA:GUNZIP -
[-        ] NFC…ONA:KRONA_KTIMPORTTAXONOMY -
[-        ] NFC…ON_PROFILES:TAXPASTA_MERGE -
[-        ] NFC…FILES:TAXPASTA_STANDARDISE -
[-        ] NFC…CKEN_COMBINEBRACKENOUTPUTS -
Plus 7 more processes waiting for tasks…

executor >  slurm (49)
[-        ] NFC…PROFILER:TAXPROFILER:UNTAR -
[3d/84409e] NFC…AXPROFILER:FASTQC (ITA.30) | 10 of 10 ✔
[-        ] NFC…ORTREAD_FASTP:FASTP_SINGLE -
[0a/860c93] NFC…ASTP:FASTP_PAIRED (ITA.30) | 10 of 10 ✔
[8d/ec9585] NFC…G:FASTQC_PROCESSED (KAZ.6) | 8 of 10
[bb/8be517] NFC…ERING:BBMAP_BBDUK (ITA.30) | 9 of 10
[1d/e6d918] NFC…VAL:BOWTIE2_ALIGN (ITA.30) | 0 of 9
[-        ] NFC…HOSTREMOVAL:SAMTOOLS_INDEX -
[-        ] NFC…HOSTREMOVAL:SAMTOOLS_STATS -
[-        ] NFC…R:PROFILING:DIAMOND_BLASTX -
[-        ] NFC…:KRAKENTOOLS_KREPORT2KRONA -
[-        ] NFC…ON_KRONA:KAIJU_KAIJU2KRONA -
[-        ] NFC…ZATION_KRONA:KRONA_CLEANUP -
[-        ] NFC…N_KRONA:KRONA_KTIMPORTTEXT -
[-        ] NFC…KRONA:MEGAN_RMA2INFO_KRONA -
[-        ] NFC…VISUALIZATION_KRONA:GUNZIP -
[-        ] NFC…ONA:KRONA_KTIMPORTTAXONOMY -
[-        ] NFC…ON_PROFILES:TAXPASTA_MERGE -
[-        ] NFC…FILES:TAXPASTA_STANDARDISE -
[-        ] NFC…CKEN_COMBINEBRACKENOUTPUTS -
Plus 7 more processes waiting for tasks…

executor >  slurm (49)
[-        ] NFC…PROFILER:TAXPROFILER:UNTAR -
[3d/84409e] NFC…AXPROFILER:FASTQC (ITA.30) | 10 of 10 ✔
[-        ] NFC…ORTREAD_FASTP:FASTP_SINGLE -
[0a/860c93] NFC…ASTP:FASTP_PAIRED (ITA.30) | 10 of 10 ✔
[8d/ec9585] NFC…G:FASTQC_PROCESSED (KAZ.6) | 8 of 10
[bb/8be517] NFC…ERING:BBMAP_BBDUK (ITA.30) | 9 of 10
[1d/e6d918] NFC…VAL:BOWTIE2_ALIGN (ITA.30) | 0 of 10
[-        ] NFC…HOSTREMOVAL:SAMTOOLS_INDEX -
[-        ] NFC…HOSTREMOVAL:SAMTOOLS_STATS -
[-        ] NFC…R:PROFILING:DIAMOND_BLASTX -
[-        ] NFC…:KRAKENTOOLS_KREPORT2KRONA -
[-        ] NFC…ON_KRONA:KAIJU_KAIJU2KRONA -
[-        ] NFC…ZATION_KRONA:KRONA_CLEANUP -
[-        ] NFC…N_KRONA:KRONA_KTIMPORTTEXT -
[-        ] NFC…KRONA:MEGAN_RMA2INFO_KRONA -
[-        ] NFC…VISUALIZATION_KRONA:GUNZIP -
[-        ] NFC…ONA:KRONA_KTIMPORTTAXONOMY -
[-        ] NFC…ON_PROFILES:TAXPASTA_MERGE -
[-        ] NFC…FILES:TAXPASTA_STANDARDISE -
[-        ] NFC…CKEN_COMBINEBRACKENOUTPUTS -
Plus 7 more processes waiting for tasks…

executor >  slurm (50)
[-        ] NFC…PROFILER:TAXPROFILER:UNTAR -
[3d/84409e] NFC…AXPROFILER:FASTQC (ITA.30) | 10 of 10 ✔
[-        ] NFC…ORTREAD_FASTP:FASTP_SINGLE -
[0a/860c93] NFC…ASTP:FASTP_PAIRED (ITA.30) | 10 of 10 ✔
[8d/ec9585] NFC…G:FASTQC_PROCESSED (KAZ.6) | 8 of 10
[a3/ef2f83] NFC…ERING:BBMAP_BBDUK (LKA.40) | 10 of 10 ✔
[c5/b6836f] NFC…VAL:BOWTIE2_ALIGN (LKA.40) | 0 of 10
[-        ] NFC…HOSTREMOVAL:SAMTOOLS_INDEX -
[-        ] NFC…HOSTREMOVAL:SAMTOOLS_STATS -
[-        ] NFC…R:PROFILING:DIAMOND_BLASTX -
[-        ] NFC…:KRAKENTOOLS_KREPORT2KRONA -
[-        ] NFC…ON_KRONA:KAIJU_KAIJU2KRONA -
[-        ] NFC…ZATION_KRONA:KRONA_CLEANUP -
[-        ] NFC…N_KRONA:KRONA_KTIMPORTTEXT -
[-        ] NFC…KRONA:MEGAN_RMA2INFO_KRONA -
[-        ] NFC…VISUALIZATION_KRONA:GUNZIP -
[-        ] NFC…ONA:KRONA_KTIMPORTTAXONOMY -
[-        ] NFC…ON_PROFILES:TAXPASTA_MERGE -
[-        ] NFC…FILES:TAXPASTA_STANDARDISE -
[-        ] NFC…CKEN_COMBINEBRACKENOUTPUTS -
Plus 7 more processes waiting for tasks…

executor >  slurm (50)
[-        ] NFC…PROFILER:TAXPROFILER:UNTAR -
[3d/84409e] NFC…AXPROFILER:FASTQC (ITA.30) | 10 of 10 ✔
[-        ] NFC…ORTREAD_FASTP:FASTP_SINGLE -
[0a/860c93] NFC…ASTP:FASTP_PAIRED (ITA.30) | 10 of 10 ✔
[8d/ec9585] NFC…G:FASTQC_PROCESSED (KAZ.6) | 8 of 10
[a3/ef2f83] NFC…ERING:BBMAP_BBDUK (LKA.40) | 10 of 10 ✔
[c5/b6836f] NFC…VAL:BOWTIE2_ALIGN (LKA.40) | 0 of 10
[-        ] NFC…HOSTREMOVAL:SAMTOOLS_INDEX -
[-        ] NFC…HOSTREMOVAL:SAMTOOLS_STATS -
[-        ] NFC…R:PROFILING:DIAMOND_BLASTX -
[-        ] NFC…:KRAKENTOOLS_KREPORT2KRONA -
[-        ] NFC…ON_KRONA:KAIJU_KAIJU2KRONA -
[-        ] NFC…ZATION_KRONA:KRONA_CLEANUP -
[-        ] NFC…N_KRONA:KRONA_KTIMPORTTEXT -
[-        ] NFC…KRONA:MEGAN_RMA2INFO_KRONA -
[-        ] NFC…VISUALIZATION_KRONA:GUNZIP -
[-        ] NFC…ONA:KRONA_KTIMPORTTAXONOMY -
[-        ] NFC…ON_PROFILES:TAXPASTA_MERGE -
[-        ] NFC…FILES:TAXPASTA_STANDARDISE -
[-        ] NFC…CKEN_COMBINEBRACKENOUTPUTS -
Plus 7 more processes waiting for tasks…

executor >  slurm (50)
[-        ] NFC…PROFILER:TAXPROFILER:UNTAR -
[3d/84409e] NFC…AXPROFILER:FASTQC (ITA.30) | 10 of 10 ✔
[-        ] NFC…ORTREAD_FASTP:FASTP_SINGLE -
[0a/860c93] NFC…ASTP:FASTP_PAIRED (ITA.30) | 10 of 10 ✔
[83/623379] NFC…:FASTQC_PROCESSED (LKA.40) | 9 of 10
[a3/ef2f83] NFC…ERING:BBMAP_BBDUK (LKA.40) | 10 of 10 ✔
[c5/b6836f] NFC…VAL:BOWTIE2_ALIGN (LKA.40) | 0 of 10
[-        ] NFC…HOSTREMOVAL:SAMTOOLS_INDEX -
[-        ] NFC…HOSTREMOVAL:SAMTOOLS_STATS -
[-        ] NFC…R:PROFILING:DIAMOND_BLASTX -
[-        ] NFC…:KRAKENTOOLS_KREPORT2KRONA -
[-        ] NFC…ON_KRONA:KAIJU_KAIJU2KRONA -
[-        ] NFC…ZATION_KRONA:KRONA_CLEANUP -
[-        ] NFC…N_KRONA:KRONA_KTIMPORTTEXT -
[-        ] NFC…KRONA:MEGAN_RMA2INFO_KRONA -
[-        ] NFC…VISUALIZATION_KRONA:GUNZIP -
[-        ] NFC…ONA:KRONA_KTIMPORTTAXONOMY -
[-        ] NFC…ON_PROFILES:TAXPASTA_MERGE -
[-        ] NFC…FILES:TAXPASTA_STANDARDISE -
[-        ] NFC…CKEN_COMBINEBRACKENOUTPUTS -
Plus 7 more processes waiting for tasks…

executor >  slurm (50)
[-        ] NFC…PROFILER:TAXPROFILER:UNTAR -
[3d/84409e] NFC…AXPROFILER:FASTQC (ITA.30) | 10 of 10 ✔
[-        ] NFC…ORTREAD_FASTP:FASTP_SINGLE -
[0a/860c93] NFC…ASTP:FASTP_PAIRED (ITA.30) | 10 of 10 ✔
[79/7be767] NFC…:FASTQC_PROCESSED (ITA.30) | 10 of 10 ✔
[a3/ef2f83] NFC…ERING:BBMAP_BBDUK (LKA.40) | 10 of 10 ✔
[c5/b6836f] NFC…VAL:BOWTIE2_ALIGN (LKA.40) | 0 of 10
[-        ] NFC…HOSTREMOVAL:SAMTOOLS_INDEX -
[-        ] NFC…HOSTREMOVAL:SAMTOOLS_STATS -
[-        ] NFC…R:PROFILING:DIAMOND_BLASTX -
[-        ] NFC…:KRAKENTOOLS_KREPORT2KRONA -
[-        ] NFC…ON_KRONA:KAIJU_KAIJU2KRONA -
[-        ] NFC…ZATION_KRONA:KRONA_CLEANUP -
[-        ] NFC…N_KRONA:KRONA_KTIMPORTTEXT -
[-        ] NFC…KRONA:MEGAN_RMA2INFO_KRONA -
[-        ] NFC…VISUALIZATION_KRONA:GUNZIP -
[-        ] NFC…ONA:KRONA_KTIMPORTTAXONOMY -
[-        ] NFC…ON_PROFILES:TAXPASTA_MERGE -
[-        ] NFC…FILES:TAXPASTA_STANDARDISE -
[-        ] NFC…CKEN_COMBINEBRACKENOUTPUTS -
Plus 7 more processes waiting for tasks…

executor >  slurm (52)
[-        ] NFC…PROFILER:TAXPROFILER:UNTAR -
[3d/84409e] NFC…AXPROFILER:FASTQC (ITA.30) | 10 of 10 ✔
[-        ] NFC…ORTREAD_FASTP:FASTP_SINGLE -
[0a/860c93] NFC…ASTP:FASTP_PAIRED (ITA.30) | 10 of 10 ✔
[79/7be767] NFC…:FASTQC_PROCESSED (ITA.30) | 10 of 10 ✔
[a3/ef2f83] NFC…ERING:BBMAP_BBDUK (LKA.40) | 10 of 10 ✔
[1d/883280] NFC…VAL:BOWTIE2_ALIGN (LVA.31) | 1 of 10
[40/6a5025] NFC…AL:SAMTOOLS_INDEX (LVA.31) | 0 of 1
[-        ] NFC…HOSTREMOVAL:SAMTOOLS_STATS -
[4c/8ccc8b] NFC…IAMOND_BLASTX (db6|LVA.31) | 0 of 1
[-        ] NFC…:KRAKENTOOLS_KREPORT2KRONA -
[-        ] NFC…ON_KRONA:KAIJU_KAIJU2KRONA -
[-        ] NFC…ZATION_KRONA:KRONA_CLEANUP -
[-        ] NFC…N_KRONA:KRONA_KTIMPORTTEXT -
[-        ] NFC…KRONA:MEGAN_RMA2INFO_KRONA -
[-        ] NFC…VISUALIZATION_KRONA:GUNZIP -
[-        ] NFC…ONA:KRONA_KTIMPORTTAXONOMY -
[-        ] NFC…ON_PROFILES:TAXPASTA_MERGE -
[-        ] NFC…FILES:TAXPASTA_STANDARDISE -
[-        ] NFC…CKEN_COMBINEBRACKENOUTPUTS -
Plus 7 more processes waiting for tasks…
WARN: [nf-core/taxprofiler] DIAMOND does not accept paired-end files as input. Only read 1 will be used for profiling. Running DIAMOND for sample LVA.31 using only read 1.

executor >  slurm (52)
[-        ] NFC…PROFILER:TAXPROFILER:UNTAR -
[3d/84409e] NFC…AXPROFILER:FASTQC (ITA.30) | 10 of 10 ✔
[-        ] NFC…ORTREAD_FASTP:FASTP_SINGLE -
[0a/860c93] NFC…ASTP:FASTP_PAIRED (ITA.30) | 10 of 10 ✔
[79/7be767] NFC…:FASTQC_PROCESSED (ITA.30) | 10 of 10 ✔
[a3/ef2f83] NFC…ERING:BBMAP_BBDUK (LKA.40) | 10 of 10 ✔
[1d/883280] NFC…VAL:BOWTIE2_ALIGN (LVA.31) | 1 of 10
[40/6a5025] NFC…AL:SAMTOOLS_INDEX (LVA.31) | 0 of 1
[-        ] NFC…HOSTREMOVAL:SAMTOOLS_STATS -
[4c/8ccc8b] NFC…IAMOND_BLASTX (db6|LVA.31) | 0 of 1
[-        ] NFC…:KRAKENTOOLS_KREPORT2KRONA -
[-        ] NFC…ON_KRONA:KAIJU_KAIJU2KRONA -
[-        ] NFC…ZATION_KRONA:KRONA_CLEANUP -
[-        ] NFC…N_KRONA:KRONA_KTIMPORTTEXT -
[-        ] NFC…KRONA:MEGAN_RMA2INFO_KRONA -
[-        ] NFC…VISUALIZATION_KRONA:GUNZIP -
[-        ] NFC…ONA:KRONA_KTIMPORTTAXONOMY -
[-        ] NFC…ON_PROFILES:TAXPASTA_MERGE -
[-        ] NFC…FILES:TAXPASTA_STANDARDISE -
[-        ] NFC…CKEN_COMBINEBRACKENOUTPUTS -
Plus 7 more processes waiting for tasks…
WARN: [nf-core/taxprofiler] DIAMOND does not accept paired-end files as input. Only read 1 will be used for profiling. Running DIAMOND for sample LVA.31 using only read 1.

executor >  slurm (52)
[-        ] NFC…PROFILER:TAXPROFILER:UNTAR -
[3d/84409e] NFC…AXPROFILER:FASTQC (ITA.30) | 10 of 10 ✔
[-        ] NFC…ORTREAD_FASTP:FASTP_SINGLE -
[0a/860c93] NFC…ASTP:FASTP_PAIRED (ITA.30) | 10 of 10 ✔
[79/7be767] NFC…:FASTQC_PROCESSED (ITA.30) | 10 of 10 ✔
[a3/ef2f83] NFC…ERING:BBMAP_BBDUK (LKA.40) | 10 of 10 ✔
[1d/883280] NFC…VAL:BOWTIE2_ALIGN (LVA.31) | 1 of 10
[40/6a5025] NFC…AL:SAMTOOLS_INDEX (LVA.31) | 1 of 1
[-        ] NFC…HOSTREMOVAL:SAMTOOLS_STATS -
[4c/8ccc8b] NFC…IAMOND_BLASTX (db6|LVA.31) | 0 of 1
[-        ] NFC…:KRAKENTOOLS_KREPORT2KRONA -
[-        ] NFC…ON_KRONA:KAIJU_KAIJU2KRONA -
[-        ] NFC…ZATION_KRONA:KRONA_CLEANUP -
[-        ] NFC…N_KRONA:KRONA_KTIMPORTTEXT -
[-        ] NFC…KRONA:MEGAN_RMA2INFO_KRONA -
[-        ] NFC…VISUALIZATION_KRONA:GUNZIP -
[-        ] NFC…ONA:KRONA_KTIMPORTTAXONOMY -
[-        ] NFC…ON_PROFILES:TAXPASTA_MERGE -
[-        ] NFC…FILES:TAXPASTA_STANDARDISE -
[-        ] NFC…CKEN_COMBINEBRACKENOUTPUTS -
Plus 7 more processes waiting for tasks…
WARN: [nf-core/taxprofiler] DIAMOND does not accept paired-end files as input. Only read 1 will be used for profiling. Running DIAMOND for sample LVA.31 using only read 1.

executor >  slurm (53)
[-        ] NFC…PROFILER:TAXPROFILER:UNTAR -
[3d/84409e] NFC…AXPROFILER:FASTQC (ITA.30) | 10 of 10 ✔
[-        ] NFC…ORTREAD_FASTP:FASTP_SINGLE -
[0a/860c93] NFC…ASTP:FASTP_PAIRED (ITA.30) | 10 of 10 ✔
[79/7be767] NFC…:FASTQC_PROCESSED (ITA.30) | 10 of 10 ✔
[a3/ef2f83] NFC…ERING:BBMAP_BBDUK (LKA.40) | 10 of 10 ✔
[1d/883280] NFC…VAL:BOWTIE2_ALIGN (LVA.31) | 1 of 10
[40/6a5025] NFC…AL:SAMTOOLS_INDEX (LVA.31) | 1 of 1
[ea/94de8a] NFC…AL:SAMTOOLS_STATS (LVA.31) | 0 of 1
[4c/8ccc8b] NFC…IAMOND_BLASTX (db6|LVA.31) | 0 of 1
[-        ] NFC…:KRAKENTOOLS_KREPORT2KRONA -
[-        ] NFC…ON_KRONA:KAIJU_KAIJU2KRONA -
[-        ] NFC…ZATION_KRONA:KRONA_CLEANUP -
[-        ] NFC…N_KRONA:KRONA_KTIMPORTTEXT -
[-        ] NFC…KRONA:MEGAN_RMA2INFO_KRONA -
[-        ] NFC…VISUALIZATION_KRONA:GUNZIP -
[-        ] NFC…ONA:KRONA_KTIMPORTTAXONOMY -
[-        ] NFC…ON_PROFILES:TAXPASTA_MERGE -
[-        ] NFC…FILES:TAXPASTA_STANDARDISE -
[-        ] NFC…CKEN_COMBINEBRACKENOUTPUTS -
Plus 7 more processes waiting for tasks…
WARN: [nf-core/taxprofiler] DIAMOND does not accept paired-end files as input. Only read 1 will be used for profiling. Running DIAMOND for sample LVA.31 using only read 1.

executor >  slurm (53)
[-        ] NFC…PROFILER:TAXPROFILER:UNTAR -
[3d/84409e] NFC…AXPROFILER:FASTQC (ITA.30) | 10 of 10 ✔
[-        ] NFC…ORTREAD_FASTP:FASTP_SINGLE -
[0a/860c93] NFC…ASTP:FASTP_PAIRED (ITA.30) | 10 of 10 ✔
[79/7be767] NFC…:FASTQC_PROCESSED (ITA.30) | 10 of 10 ✔
[a3/ef2f83] NFC…ERING:BBMAP_BBDUK (LKA.40) | 10 of 10 ✔
[1d/883280] NFC…VAL:BOWTIE2_ALIGN (LVA.31) | 1 of 10
[40/6a5025] NFC…AL:SAMTOOLS_INDEX (LVA.31) | 1 of 1
[ea/94de8a] NFC…AL:SAMTOOLS_STATS (LVA.31) | 0 of 1
[4c/8ccc8b] NFC…IAMOND_BLASTX (db6|LVA.31) | 0 of 1
[-        ] NFC…:KRAKENTOOLS_KREPORT2KRONA -
[-        ] NFC…ON_KRONA:KAIJU_KAIJU2KRONA -
[-        ] NFC…ZATION_KRONA:KRONA_CLEANUP -
[-        ] NFC…N_KRONA:KRONA_KTIMPORTTEXT -
[-        ] NFC…KRONA:MEGAN_RMA2INFO_KRONA -
[-        ] NFC…VISUALIZATION_KRONA:GUNZIP -
[-        ] NFC…ONA:KRONA_KTIMPORTTAXONOMY -
[-        ] NFC…ON_PROFILES:TAXPASTA_MERGE -
[-        ] NFC…FILES:TAXPASTA_STANDARDISE -
[-        ] NFC…CKEN_COMBINEBRACKENOUTPUTS -
Plus 7 more processes waiting for tasks…
WARN: [nf-core/taxprofiler] DIAMOND does not accept paired-end files as input. Only read 1 will be used for profiling. Running DIAMOND for sample LVA.31 using only read 1.

executor >  slurm (53)
[-        ] NFC…PROFILER:TAXPROFILER:UNTAR -
[3d/84409e] NFC…AXPROFILER:FASTQC (ITA.30) | 10 of 10 ✔
[-        ] NFC…ORTREAD_FASTP:FASTP_SINGLE -
[0a/860c93] NFC…ASTP:FASTP_PAIRED (ITA.30) | 10 of 10 ✔
[79/7be767] NFC…:FASTQC_PROCESSED (ITA.30) | 10 of 10 ✔
[a3/ef2f83] NFC…ERING:BBMAP_BBDUK (LKA.40) | 10 of 10 ✔
[1d/883280] NFC…VAL:BOWTIE2_ALIGN (LVA.31) | 1 of 10
[40/6a5025] NFC…AL:SAMTOOLS_INDEX (LVA.31) | 1 of 1
[ea/94de8a] NFC…AL:SAMTOOLS_STATS (LVA.31) | 1 of 1
[4c/8ccc8b] NFC…IAMOND_BLASTX (db6|LVA.31) | 0 of 1
[-        ] NFC…:KRAKENTOOLS_KREPORT2KRONA -
[-        ] NFC…ON_KRONA:KAIJU_KAIJU2KRONA -
[-        ] NFC…ZATION_KRONA:KRONA_CLEANUP -
[-        ] NFC…N_KRONA:KRONA_KTIMPORTTEXT -
[-        ] NFC…KRONA:MEGAN_RMA2INFO_KRONA -
[-        ] NFC…VISUALIZATION_KRONA:GUNZIP -
[-        ] NFC…ONA:KRONA_KTIMPORTTAXONOMY -
[-        ] NFC…ON_PROFILES:TAXPASTA_MERGE -
[-        ] NFC…FILES:TAXPASTA_STANDARDISE -
[-        ] NFC…CKEN_COMBINEBRACKENOUTPUTS -
Plus 7 more processes waiting for tasks…


executor >  slurm (55)
[-        ] NFC…PROFILER:TAXPROFILER:UNTAR -
[3d/84409e] NFC…AXPROFILER:FASTQC (ITA.30) | 10 of 10 ✔
[-        ] NFC…ORTREAD_FASTP:FASTP_SINGLE -
[0a/860c93] NFC…ASTP:FASTP_PAIRED (ITA.30) | 10 of 10 ✔
[79/7be767] NFC…:FASTQC_PROCESSED (ITA.30) | 10 of 10 ✔
[a3/ef2f83] NFC…ERING:BBMAP_BBDUK (LKA.40) | 10 of 10 ✔
[bb/5dd77e] NFC…VAL:BOWTIE2_ALIGN (MKD.62) | 2 of 10
[cb/63642d] NFC…AL:SAMTOOLS_INDEX (MKD.62) | 1 of 2
[ea/94de8a] NFC…AL:SAMTOOLS_STATS (LVA.31) | 1 of 1
[2b/d95bce] NFC…IAMOND_BLASTX (db6|MKD.62) | 0 of 2
[-        ] NFC…:KRAKENTOOLS_KREPORT2KRONA -
[-        ] NFC…ON_KRONA:KAIJU_KAIJU2KRONA -
[-        ] NFC…ZATION_KRONA:KRONA_CLEANUP -
[-        ] NFC…N_KRONA:KRONA_KTIMPORTTEXT -
[-        ] NFC…KRONA:MEGAN_RMA2INFO_KRONA -
[-        ] NFC…VISUALIZATION_KRONA:GUNZIP -
[-        ] NFC…ONA:KRONA_KTIMPORTTAXONOMY -
[-        ] NFC…ON_PROFILES:TAXPASTA_MERGE -
[-        ] NFC…FILES:TAXPASTA_STANDARDISE -
[-        ] NFC…CKEN_COMBINEBRACKENOUTPUTS -
Plus 7 more processes waiting for tasks…
WARN: [nf-core/taxprofiler] DIAMOND does not accept paired-end files as input. Only read 1 will be used for profiling. Running DIAMOND for sample MKD.62 using only read 1.

executor >  slurm (55)
[-        ] NFC…PROFILER:TAXPROFILER:UNTAR -
[3d/84409e] NFC…AXPROFILER:FASTQC (ITA.30) | 10 of 10 ✔
[-        ] NFC…ORTREAD_FASTP:FASTP_SINGLE -
[0a/860c93] NFC…ASTP:FASTP_PAIRED (ITA.30) | 10 of 10 ✔
[79/7be767] NFC…:FASTQC_PROCESSED (ITA.30) | 10 of 10 ✔
[a3/ef2f83] NFC…ERING:BBMAP_BBDUK (LKA.40) | 10 of 10 ✔
[bb/5dd77e] NFC…VAL:BOWTIE2_ALIGN (MKD.62) | 2 of 10
[cb/63642d] NFC…AL:SAMTOOLS_INDEX (MKD.62) | 1 of 2
[ea/94de8a] NFC…AL:SAMTOOLS_STATS (LVA.31) | 1 of 1
[2b/d95bce] NFC…IAMOND_BLASTX (db6|MKD.62) | 0 of 2
[-        ] NFC…:KRAKENTOOLS_KREPORT2KRONA -
[-        ] NFC…ON_KRONA:KAIJU_KAIJU2KRONA -
[-        ] NFC…ZATION_KRONA:KRONA_CLEANUP -
[-        ] NFC…N_KRONA:KRONA_KTIMPORTTEXT -
[-        ] NFC…KRONA:MEGAN_RMA2INFO_KRONA -
[-        ] NFC…VISUALIZATION_KRONA:GUNZIP -
[-        ] NFC…ONA:KRONA_KTIMPORTTAXONOMY -
[-        ] NFC…ON_PROFILES:TAXPASTA_MERGE -
[-        ] NFC…FILES:TAXPASTA_STANDARDISE -
[-        ] NFC…CKEN_COMBINEBRACKENOUTPUTS -
Plus 7 more processes waiting for tasks…
WARN: [nf-core/taxprofiler] DIAMOND does not accept paired-end files as input. Only read 1 will be used for profiling. Running DIAMOND for sample MKD.62 using only read 1.

executor >  slurm (56)
[-        ] NFC…PROFILER:TAXPROFILER:UNTAR -
[3d/84409e] NFC…AXPROFILER:FASTQC (ITA.30) | 10 of 10 ✔
[-        ] NFC…ORTREAD_FASTP:FASTP_SINGLE -
[0a/860c93] NFC…ASTP:FASTP_PAIRED (ITA.30) | 10 of 10 ✔
[79/7be767] NFC…:FASTQC_PROCESSED (ITA.30) | 10 of 10 ✔
[a3/ef2f83] NFC…ERING:BBMAP_BBDUK (LKA.40) | 10 of 10 ✔
[bb/5dd77e] NFC…VAL:BOWTIE2_ALIGN (MKD.62) | 2 of 10
[cb/63642d] NFC…AL:SAMTOOLS_INDEX (MKD.62) | 2 of 2
[a5/b63e3f] NFC…AL:SAMTOOLS_STATS (MKD.62) | 1 of 2
[2b/d95bce] NFC…IAMOND_BLASTX (db6|MKD.62) | 0 of 2
[-        ] NFC…:KRAKENTOOLS_KREPORT2KRONA -
[-        ] NFC…ON_KRONA:KAIJU_KAIJU2KRONA -
[-        ] NFC…ZATION_KRONA:KRONA_CLEANUP -
[-        ] NFC…N_KRONA:KRONA_KTIMPORTTEXT -
[-        ] NFC…KRONA:MEGAN_RMA2INFO_KRONA -
[-        ] NFC…VISUALIZATION_KRONA:GUNZIP -
[-        ] NFC…ONA:KRONA_KTIMPORTTAXONOMY -
[-        ] NFC…ON_PROFILES:TAXPASTA_MERGE -
[-        ] NFC…FILES:TAXPASTA_STANDARDISE -
[-        ] NFC…CKEN_COMBINEBRACKENOUTPUTS -
Plus 7 more processes waiting for tasks…


executor >  slurm (56)
[-        ] NFC…PROFILER:TAXPROFILER:UNTAR -
[3d/84409e] NFC…AXPROFILER:FASTQC (ITA.30) | 10 of 10 ✔
[-        ] NFC…ORTREAD_FASTP:FASTP_SINGLE -
[0a/860c93] NFC…ASTP:FASTP_PAIRED (ITA.30) | 10 of 10 ✔
[79/7be767] NFC…:FASTQC_PROCESSED (ITA.30) | 10 of 10 ✔
[a3/ef2f83] NFC…ERING:BBMAP_BBDUK (LKA.40) | 10 of 10 ✔
[bb/5dd77e] NFC…VAL:BOWTIE2_ALIGN (MKD.62) | 2 of 10
[cb/63642d] NFC…AL:SAMTOOLS_INDEX (MKD.62) | 2 of 2
[a5/b63e3f] NFC…AL:SAMTOOLS_STATS (MKD.62) | 1 of 2
[2b/d95bce] NFC…IAMOND_BLASTX (db6|MKD.62) | 0 of 2
[-        ] NFC…:KRAKENTOOLS_KREPORT2KRONA -
[-        ] NFC…ON_KRONA:KAIJU_KAIJU2KRONA -
[-        ] NFC…ZATION_KRONA:KRONA_CLEANUP -
[-        ] NFC…N_KRONA:KRONA_KTIMPORTTEXT -
[-        ] NFC…KRONA:MEGAN_RMA2INFO_KRONA -
[-        ] NFC…VISUALIZATION_KRONA:GUNZIP -
[-        ] NFC…ONA:KRONA_KTIMPORTTAXONOMY -
[-        ] NFC…ON_PROFILES:TAXPASTA_MERGE -
[-        ] NFC…FILES:TAXPASTA_STANDARDISE -
[-        ] NFC…CKEN_COMBINEBRACKENOUTPUTS -
Plus 7 more processes waiting for tasks…


executor >  slurm (56)
[-        ] NFC…PROFILER:TAXPROFILER:UNTAR -
[3d/84409e] NFC…AXPROFILER:FASTQC (ITA.30) | 10 of 10 ✔
[-        ] NFC…ORTREAD_FASTP:FASTP_SINGLE -
[0a/860c93] NFC…ASTP:FASTP_PAIRED (ITA.30) | 10 of 10 ✔
[79/7be767] NFC…:FASTQC_PROCESSED (ITA.30) | 10 of 10 ✔
[a3/ef2f83] NFC…ERING:BBMAP_BBDUK (LKA.40) | 10 of 10 ✔
[bb/5dd77e] NFC…VAL:BOWTIE2_ALIGN (MKD.62) | 2 of 10
[cb/63642d] NFC…AL:SAMTOOLS_INDEX (MKD.62) | 2 of 2
[a5/b63e3f] NFC…AL:SAMTOOLS_STATS (MKD.62) | 2 of 2
[2b/d95bce] NFC…IAMOND_BLASTX (db6|MKD.62) | 0 of 2
[-        ] NFC…:KRAKENTOOLS_KREPORT2KRONA -
[-        ] NFC…ON_KRONA:KAIJU_KAIJU2KRONA -
[-        ] NFC…ZATION_KRONA:KRONA_CLEANUP -
[-        ] NFC…N_KRONA:KRONA_KTIMPORTTEXT -
[-        ] NFC…KRONA:MEGAN_RMA2INFO_KRONA -
[-        ] NFC…VISUALIZATION_KRONA:GUNZIP -
[-        ] NFC…ONA:KRONA_KTIMPORTTAXONOMY -
[-        ] NFC…ON_PROFILES:TAXPASTA_MERGE -
[-        ] NFC…FILES:TAXPASTA_STANDARDISE -
[-        ] NFC…CKEN_COMBINEBRACKENOUTPUTS -
Plus 7 more processes waiting for tasks…

executor >  slurm (58)
[-        ] NFC…PROFILER:TAXPROFILER:UNTAR -
[3d/84409e] NFC…AXPROFILER:FASTQC (ITA.30) | 10 of 10 ✔
[-        ] NFC…ORTREAD_FASTP:FASTP_SINGLE -
[0a/860c93] NFC…ASTP:FASTP_PAIRED (ITA.30) | 10 of 10 ✔
[79/7be767] NFC…:FASTQC_PROCESSED (ITA.30) | 10 of 10 ✔
[a3/ef2f83] NFC…ERING:BBMAP_BBDUK (LKA.40) | 10 of 10 ✔
[31/cb0f35] NFC…VAL:BOWTIE2_ALIGN (MDA.65) | 3 of 10
[30/69fe02] NFC…AL:SAMTOOLS_INDEX (MDA.65) | 2 of 3
[a5/b63e3f] NFC…AL:SAMTOOLS_STATS (MKD.62) | 2 of 2
[fc/6034cc] NFC…IAMOND_BLASTX (db6|MDA.65) | 0 of 3
[-        ] NFC…:KRAKENTOOLS_KREPORT2KRONA -
[-        ] NFC…ON_KRONA:KAIJU_KAIJU2KRONA -
[-        ] NFC…ZATION_KRONA:KRONA_CLEANUP -
[-        ] NFC…N_KRONA:KRONA_KTIMPORTTEXT -
[-        ] NFC…KRONA:MEGAN_RMA2INFO_KRONA -
[-        ] NFC…VISUALIZATION_KRONA:GUNZIP -
[-        ] NFC…ONA:KRONA_KTIMPORTTAXONOMY -
[-        ] NFC…ON_PROFILES:TAXPASTA_MERGE -
[-        ] NFC…FILES:TAXPASTA_STANDARDISE -
[-        ] NFC…CKEN_COMBINEBRACKENOUTPUTS -
Plus 7 more processes waiting for tasks…
WARN: [nf-core/taxprofiler] DIAMOND does not accept paired-end files as input. Only read 1 will be used for profiling. Running DIAMOND for sample MDA.65 using only read 1.

executor >  slurm (58)
[-        ] NFC…PROFILER:TAXPROFILER:UNTAR -
[3d/84409e] NFC…AXPROFILER:FASTQC (ITA.30) | 10 of 10 ✔
[-        ] NFC…ORTREAD_FASTP:FASTP_SINGLE -
[0a/860c93] NFC…ASTP:FASTP_PAIRED (ITA.30) | 10 of 10 ✔
[79/7be767] NFC…:FASTQC_PROCESSED (ITA.30) | 10 of 10 ✔
[a3/ef2f83] NFC…ERING:BBMAP_BBDUK (LKA.40) | 10 of 10 ✔
[31/cb0f35] NFC…VAL:BOWTIE2_ALIGN (MDA.65) | 3 of 10
[30/69fe02] NFC…AL:SAMTOOLS_INDEX (MDA.65) | 2 of 3
[a5/b63e3f] NFC…AL:SAMTOOLS_STATS (MKD.62) | 2 of 2
[fc/6034cc] NFC…IAMOND_BLASTX (db6|MDA.65) | 0 of 3
[-        ] NFC…:KRAKENTOOLS_KREPORT2KRONA -
[-        ] NFC…ON_KRONA:KAIJU_KAIJU2KRONA -
[-        ] NFC…ZATION_KRONA:KRONA_CLEANUP -
[-        ] NFC…N_KRONA:KRONA_KTIMPORTTEXT -
[-        ] NFC…KRONA:MEGAN_RMA2INFO_KRONA -
[-        ] NFC…VISUALIZATION_KRONA:GUNZIP -
[-        ] NFC…ONA:KRONA_KTIMPORTTAXONOMY -
[-        ] NFC…ON_PROFILES:TAXPASTA_MERGE -
[-        ] NFC…FILES:TAXPASTA_STANDARDISE -
[-        ] NFC…CKEN_COMBINEBRACKENOUTPUTS -
Plus 7 more processes waiting for tasks…
WARN: [nf-core/taxprofiler] DIAMOND does not accept paired-end files as input. Only read 1 will be used for profiling. Running DIAMOND for sample MDA.65 using only read 1.

executor >  slurm (58)
[-        ] NFC…PROFILER:TAXPROFILER:UNTAR -
[3d/84409e] NFC…AXPROFILER:FASTQC (ITA.30) | 10 of 10 ✔
[-        ] NFC…ORTREAD_FASTP:FASTP_SINGLE -
[0a/860c93] NFC…ASTP:FASTP_PAIRED (ITA.30) | 10 of 10 ✔
[79/7be767] NFC…:FASTQC_PROCESSED (ITA.30) | 10 of 10 ✔
[a3/ef2f83] NFC…ERING:BBMAP_BBDUK (LKA.40) | 10 of 10 ✔
[31/cb0f35] NFC…VAL:BOWTIE2_ALIGN (MDA.65) | 3 of 10
[30/69fe02] NFC…AL:SAMTOOLS_INDEX (MDA.65) | 3 of 3
[a5/b63e3f] NFC…AL:SAMTOOLS_STATS (MKD.62) | 2 of 2
[fc/6034cc] NFC…IAMOND_BLASTX (db6|MDA.65) | 0 of 3
[-        ] NFC…:KRAKENTOOLS_KREPORT2KRONA -
[-        ] NFC…ON_KRONA:KAIJU_KAIJU2KRONA -
[-        ] NFC…ZATION_KRONA:KRONA_CLEANUP -
[-        ] NFC…N_KRONA:KRONA_KTIMPORTTEXT -
[-        ] NFC…KRONA:MEGAN_RMA2INFO_KRONA -
[-        ] NFC…VISUALIZATION_KRONA:GUNZIP -
[-        ] NFC…ONA:KRONA_KTIMPORTTAXONOMY -
[-        ] NFC…ON_PROFILES:TAXPASTA_MERGE -
[-        ] NFC…FILES:TAXPASTA_STANDARDISE -
[-        ] NFC…CKEN_COMBINEBRACKENOUTPUTS -
Plus 7 more processes waiting for tasks…


executor >  slurm (59)
[-        ] NFC…PROFILER:TAXPROFILER:UNTAR -
[3d/84409e] NFC…AXPROFILER:FASTQC (ITA.30) | 10 of 10 ✔
[-        ] NFC…ORTREAD_FASTP:FASTP_SINGLE -
[0a/860c93] NFC…ASTP:FASTP_PAIRED (ITA.30) | 10 of 10 ✔
[79/7be767] NFC…:FASTQC_PROCESSED (ITA.30) | 10 of 10 ✔
[a3/ef2f83] NFC…ERING:BBMAP_BBDUK (LKA.40) | 10 of 10 ✔
[31/cb0f35] NFC…VAL:BOWTIE2_ALIGN (MDA.65) | 3 of 10
[30/69fe02] NFC…AL:SAMTOOLS_INDEX (MDA.65) | 3 of 3
[94/a847c3] NFC…AL:SAMTOOLS_STATS (MDA.65) | 2 of 3
[fc/6034cc] NFC…IAMOND_BLASTX (db6|MDA.65) | 0 of 3
[-        ] NFC…:KRAKENTOOLS_KREPORT2KRONA -
[-        ] NFC…ON_KRONA:KAIJU_KAIJU2KRONA -
[-        ] NFC…ZATION_KRONA:KRONA_CLEANUP -
[-        ] NFC…N_KRONA:KRONA_KTIMPORTTEXT -
[-        ] NFC…KRONA:MEGAN_RMA2INFO_KRONA -
[-        ] NFC…VISUALIZATION_KRONA:GUNZIP -
[-        ] NFC…ONA:KRONA_KTIMPORTTAXONOMY -
[-        ] NFC…ON_PROFILES:TAXPASTA_MERGE -
[-        ] NFC…FILES:TAXPASTA_STANDARDISE -
[-        ] NFC…CKEN_COMBINEBRACKENOUTPUTS -
Plus 7 more processes waiting for tasks…


executor >  slurm (59)
[-        ] NFC…PROFILER:TAXPROFILER:UNTAR -
[3d/84409e] NFC…AXPROFILER:FASTQC (ITA.30) | 10 of 10 ✔
[-        ] NFC…ORTREAD_FASTP:FASTP_SINGLE -
[0a/860c93] NFC…ASTP:FASTP_PAIRED (ITA.30) | 10 of 10 ✔
[79/7be767] NFC…:FASTQC_PROCESSED (ITA.30) | 10 of 10 ✔
[a3/ef2f83] NFC…ERING:BBMAP_BBDUK (LKA.40) | 10 of 10 ✔
[31/cb0f35] NFC…VAL:BOWTIE2_ALIGN (MDA.65) | 3 of 10
[30/69fe02] NFC…AL:SAMTOOLS_INDEX (MDA.65) | 3 of 3
[94/a847c3] NFC…AL:SAMTOOLS_STATS (MDA.65) | 2 of 3
[fc/6034cc] NFC…IAMOND_BLASTX (db6|MDA.65) | 0 of 3
[-        ] NFC…:KRAKENTOOLS_KREPORT2KRONA -
[-        ] NFC…ON_KRONA:KAIJU_KAIJU2KRONA -
[-        ] NFC…ZATION_KRONA:KRONA_CLEANUP -
[-        ] NFC…N_KRONA:KRONA_KTIMPORTTEXT -
[-        ] NFC…KRONA:MEGAN_RMA2INFO_KRONA -
[-        ] NFC…VISUALIZATION_KRONA:GUNZIP -
[-        ] NFC…ONA:KRONA_KTIMPORTTAXONOMY -
[-        ] NFC…ON_PROFILES:TAXPASTA_MERGE -
[-        ] NFC…FILES:TAXPASTA_STANDARDISE -
[-        ] NFC…CKEN_COMBINEBRACKENOUTPUTS -
Plus 7 more processes waiting for tasks…

executor >  slurm (59)
[-        ] NFC…PROFILER:TAXPROFILER:UNTAR -
[3d/84409e] NFC…AXPROFILER:FASTQC (ITA.30) | 10 of 10 ✔
[-        ] NFC…ORTREAD_FASTP:FASTP_SINGLE -
[0a/860c93] NFC…ASTP:FASTP_PAIRED (ITA.30) | 10 of 10 ✔
[79/7be767] NFC…:FASTQC_PROCESSED (ITA.30) | 10 of 10 ✔
[a3/ef2f83] NFC…ERING:BBMAP_BBDUK (LKA.40) | 10 of 10 ✔
[31/cb0f35] NFC…VAL:BOWTIE2_ALIGN (MDA.65) | 3 of 10
[30/69fe02] NFC…AL:SAMTOOLS_INDEX (MDA.65) | 3 of 3
[94/a847c3] NFC…AL:SAMTOOLS_STATS (MDA.65) | 3 of 3
[fc/6034cc] NFC…IAMOND_BLASTX (db6|MDA.65) | 0 of 3
[-        ] NFC…:KRAKENTOOLS_KREPORT2KRONA -
[-        ] NFC…ON_KRONA:KAIJU_KAIJU2KRONA -
[-        ] NFC…ZATION_KRONA:KRONA_CLEANUP -
[-        ] NFC…N_KRONA:KRONA_KTIMPORTTEXT -
[-        ] NFC…KRONA:MEGAN_RMA2INFO_KRONA -
[-        ] NFC…VISUALIZATION_KRONA:GUNZIP -
[-        ] NFC…ONA:KRONA_KTIMPORTTAXONOMY -
[-        ] NFC…ON_PROFILES:TAXPASTA_MERGE -
[-        ] NFC…FILES:TAXPASTA_STANDARDISE -
[-        ] NFC…CKEN_COMBINEBRACKENOUTPUTS -
Plus 7 more processes waiting for tasks…

executor >  slurm (61)
[-        ] NFC…PROFILER:TAXPROFILER:UNTAR -
[3d/84409e] NFC…AXPROFILER:FASTQC (ITA.30) | 10 of 10 ✔
[-        ] NFC…ORTREAD_FASTP:FASTP_SINGLE -
[0a/860c93] NFC…ASTP:FASTP_PAIRED (ITA.30) | 10 of 10 ✔
[79/7be767] NFC…:FASTQC_PROCESSED (ITA.30) | 10 of 10 ✔
[a3/ef2f83] NFC…ERING:BBMAP_BBDUK (LKA.40) | 10 of 10 ✔
[fa/c8815b] NFC…VAL:BOWTIE2_ALIGN (MLT.63) | 4 of 10
[29/9e34a3] NFC…AL:SAMTOOLS_INDEX (MLT.63) | 3 of 4
[94/a847c3] NFC…AL:SAMTOOLS_STATS (MDA.65) | 3 of 3
[32/d46cf1] NFC…IAMOND_BLASTX (db6|MLT.63) | 0 of 4
[-        ] NFC…:KRAKENTOOLS_KREPORT2KRONA -
[-        ] NFC…ON_KRONA:KAIJU_KAIJU2KRONA -
[-        ] NFC…ZATION_KRONA:KRONA_CLEANUP -
[-        ] NFC…N_KRONA:KRONA_KTIMPORTTEXT -
[-        ] NFC…KRONA:MEGAN_RMA2INFO_KRONA -
[-        ] NFC…VISUALIZATION_KRONA:GUNZIP -
[-        ] NFC…ONA:KRONA_KTIMPORTTAXONOMY -
[-        ] NFC…ON_PROFILES:TAXPASTA_MERGE -
[-        ] NFC…FILES:TAXPASTA_STANDARDISE -
[-        ] NFC…CKEN_COMBINEBRACKENOUTPUTS -
Plus 7 more processes waiting for tasks…
WARN: [nf-core/taxprofiler] DIAMOND does not accept paired-end files as input. Only read 1 will be used for profiling. Running DIAMOND for sample MLT.63 using only read 1.

executor >  slurm (61)
[-        ] NFC…PROFILER:TAXPROFILER:UNTAR -
[3d/84409e] NFC…AXPROFILER:FASTQC (ITA.30) | 10 of 10 ✔
[-        ] NFC…ORTREAD_FASTP:FASTP_SINGLE -
[0a/860c93] NFC…ASTP:FASTP_PAIRED (ITA.30) | 10 of 10 ✔
[79/7be767] NFC…:FASTQC_PROCESSED (ITA.30) | 10 of 10 ✔
[a3/ef2f83] NFC…ERING:BBMAP_BBDUK (LKA.40) | 10 of 10 ✔
[fa/c8815b] NFC…VAL:BOWTIE2_ALIGN (MLT.63) | 4 of 10
[29/9e34a3] NFC…AL:SAMTOOLS_INDEX (MLT.63) | 3 of 4
[94/a847c3] NFC…AL:SAMTOOLS_STATS (MDA.65) | 3 of 3
[32/d46cf1] NFC…IAMOND_BLASTX (db6|MLT.63) | 0 of 4
[-        ] NFC…:KRAKENTOOLS_KREPORT2KRONA -
[-        ] NFC…ON_KRONA:KAIJU_KAIJU2KRONA -
[-        ] NFC…ZATION_KRONA:KRONA_CLEANUP -
[-        ] NFC…N_KRONA:KRONA_KTIMPORTTEXT -
[-        ] NFC…KRONA:MEGAN_RMA2INFO_KRONA -
[-        ] NFC…VISUALIZATION_KRONA:GUNZIP -
[-        ] NFC…ONA:KRONA_KTIMPORTTAXONOMY -
[-        ] NFC…ON_PROFILES:TAXPASTA_MERGE -
[-        ] NFC…FILES:TAXPASTA_STANDARDISE -
[-        ] NFC…CKEN_COMBINEBRACKENOUTPUTS -
Plus 7 more processes waiting for tasks…
WARN: [nf-core/taxprofiler] DIAMOND does not accept paired-end files as input. Only read 1 will be used for profiling. Running DIAMOND for sample MLT.63 using only read 1.

executor >  slurm (62)
[-        ] NFC…PROFILER:TAXPROFILER:UNTAR -
[3d/84409e] NFC…AXPROFILER:FASTQC (ITA.30) | 10 of 10 ✔
[-        ] NFC…ORTREAD_FASTP:FASTP_SINGLE -
[0a/860c93] NFC…ASTP:FASTP_PAIRED (ITA.30) | 10 of 10 ✔
[79/7be767] NFC…:FASTQC_PROCESSED (ITA.30) | 10 of 10 ✔
[a3/ef2f83] NFC…ERING:BBMAP_BBDUK (LKA.40) | 10 of 10 ✔
[fa/c8815b] NFC…VAL:BOWTIE2_ALIGN (MLT.63) | 4 of 10
[29/9e34a3] NFC…AL:SAMTOOLS_INDEX (MLT.63) | 4 of 4
[75/fadfad] NFC…AL:SAMTOOLS_STATS (MLT.63) | 3 of 4
[32/d46cf1] NFC…IAMOND_BLASTX (db6|MLT.63) | 0 of 4
[-        ] NFC…:KRAKENTOOLS_KREPORT2KRONA -
[-        ] NFC…ON_KRONA:KAIJU_KAIJU2KRONA -
[-        ] NFC…ZATION_KRONA:KRONA_CLEANUP -
[-        ] NFC…N_KRONA:KRONA_KTIMPORTTEXT -
[-        ] NFC…KRONA:MEGAN_RMA2INFO_KRONA -
[-        ] NFC…VISUALIZATION_KRONA:GUNZIP -
[-        ] NFC…ONA:KRONA_KTIMPORTTAXONOMY -
[-        ] NFC…ON_PROFILES:TAXPASTA_MERGE -
[-        ] NFC…FILES:TAXPASTA_STANDARDISE -
[-        ] NFC…CKEN_COMBINEBRACKENOUTPUTS -
Plus 7 more processes waiting for tasks…


executor >  slurm (62)
[-        ] NFC…PROFILER:TAXPROFILER:UNTAR -
[3d/84409e] NFC…AXPROFILER:FASTQC (ITA.30) | 10 of 10 ✔
[-        ] NFC…ORTREAD_FASTP:FASTP_SINGLE -
[0a/860c93] NFC…ASTP:FASTP_PAIRED (ITA.30) | 10 of 10 ✔
[79/7be767] NFC…:FASTQC_PROCESSED (ITA.30) | 10 of 10 ✔
[a3/ef2f83] NFC…ERING:BBMAP_BBDUK (LKA.40) | 10 of 10 ✔
[fa/c8815b] NFC…VAL:BOWTIE2_ALIGN (MLT.63) | 4 of 10
[29/9e34a3] NFC…AL:SAMTOOLS_INDEX (MLT.63) | 4 of 4
[75/fadfad] NFC…AL:SAMTOOLS_STATS (MLT.63) | 3 of 4
[32/d46cf1] NFC…IAMOND_BLASTX (db6|MLT.63) | 0 of 4
[-        ] NFC…:KRAKENTOOLS_KREPORT2KRONA -
[-        ] NFC…ON_KRONA:KAIJU_KAIJU2KRONA -
[-        ] NFC…ZATION_KRONA:KRONA_CLEANUP -
[-        ] NFC…N_KRONA:KRONA_KTIMPORTTEXT -
[-        ] NFC…KRONA:MEGAN_RMA2INFO_KRONA -
[-        ] NFC…VISUALIZATION_KRONA:GUNZIP -
[-        ] NFC…ONA:KRONA_KTIMPORTTAXONOMY -
[-        ] NFC…ON_PROFILES:TAXPASTA_MERGE -
[-        ] NFC…FILES:TAXPASTA_STANDARDISE -
[-        ] NFC…CKEN_COMBINEBRACKENOUTPUTS -
Plus 7 more processes waiting for tasks…


executor >  slurm (62)
[-        ] NFC…PROFILER:TAXPROFILER:UNTAR -
[3d/84409e] NFC…AXPROFILER:FASTQC (ITA.30) | 10 of 10 ✔
[-        ] NFC…ORTREAD_FASTP:FASTP_SINGLE -
[0a/860c93] NFC…ASTP:FASTP_PAIRED (ITA.30) | 10 of 10 ✔
[79/7be767] NFC…:FASTQC_PROCESSED (ITA.30) | 10 of 10 ✔
[a3/ef2f83] NFC…ERING:BBMAP_BBDUK (LKA.40) | 10 of 10 ✔
[fa/c8815b] NFC…VAL:BOWTIE2_ALIGN (MLT.63) | 4 of 10
[29/9e34a3] NFC…AL:SAMTOOLS_INDEX (MLT.63) | 4 of 4
[75/fadfad] NFC…AL:SAMTOOLS_STATS (MLT.63) | 4 of 4
[32/d46cf1] NFC…IAMOND_BLASTX (db6|MLT.63) | 0 of 4
[-        ] NFC…:KRAKENTOOLS_KREPORT2KRONA -
[-        ] NFC…ON_KRONA:KAIJU_KAIJU2KRONA -
[-        ] NFC…ZATION_KRONA:KRONA_CLEANUP -
[-        ] NFC…N_KRONA:KRONA_KTIMPORTTEXT -
[-        ] NFC…KRONA:MEGAN_RMA2INFO_KRONA -
[-        ] NFC…VISUALIZATION_KRONA:GUNZIP -
[-        ] NFC…ONA:KRONA_KTIMPORTTAXONOMY -
[-        ] NFC…ON_PROFILES:TAXPASTA_MERGE -
[-        ] NFC…FILES:TAXPASTA_STANDARDISE -
[-        ] NFC…CKEN_COMBINEBRACKENOUTPUTS -
Plus 7 more processes waiting for tasks…

executor >  slurm (64)
[-        ] NFC…PROFILER:TAXPROFILER:UNTAR -
[3d/84409e] NFC…AXPROFILER:FASTQC (ITA.30) | 10 of 10 ✔
[-        ] NFC…ORTREAD_FASTP:FASTP_SINGLE -
[0a/860c93] NFC…ASTP:FASTP_PAIRED (ITA.30) | 10 of 10 ✔
[79/7be767] NFC…:FASTQC_PROCESSED (ITA.30) | 10 of 10 ✔
[a3/ef2f83] NFC…ERING:BBMAP_BBDUK (LKA.40) | 10 of 10 ✔
[45/bdbd21] NFC…VAL:BOWTIE2_ALIGN (KHM.21) | 5 of 10
[5b/f50060] NFC…AL:SAMTOOLS_INDEX (KHM.21) | 4 of 5
[75/fadfad] NFC…AL:SAMTOOLS_STATS (MLT.63) | 4 of 4
[cc/85b011] NFC…IAMOND_BLASTX (db6|KHM.21) | 0 of 5
[-        ] NFC…:KRAKENTOOLS_KREPORT2KRONA -
[-        ] NFC…ON_KRONA:KAIJU_KAIJU2KRONA -
[-        ] NFC…ZATION_KRONA:KRONA_CLEANUP -
[-        ] NFC…N_KRONA:KRONA_KTIMPORTTEXT -
[-        ] NFC…KRONA:MEGAN_RMA2INFO_KRONA -
[-        ] NFC…VISUALIZATION_KRONA:GUNZIP -
[-        ] NFC…ONA:KRONA_KTIMPORTTAXONOMY -
[-        ] NFC…ON_PROFILES:TAXPASTA_MERGE -
[-        ] NFC…FILES:TAXPASTA_STANDARDISE -
[-        ] NFC…CKEN_COMBINEBRACKENOUTPUTS -
Plus 7 more processes waiting for tasks…
WARN: [nf-core/taxprofiler] DIAMOND does not accept paired-end files as input. Only read 1 will be used for profiling. Running DIAMOND for sample KHM.21 using only read 1.

executor >  slurm (64)
[-        ] NFC…PROFILER:TAXPROFILER:UNTAR -
[3d/84409e] NFC…AXPROFILER:FASTQC (ITA.30) | 10 of 10 ✔
[-        ] NFC…ORTREAD_FASTP:FASTP_SINGLE -
[0a/860c93] NFC…ASTP:FASTP_PAIRED (ITA.30) | 10 of 10 ✔
[79/7be767] NFC…:FASTQC_PROCESSED (ITA.30) | 10 of 10 ✔
[a3/ef2f83] NFC…ERING:BBMAP_BBDUK (LKA.40) | 10 of 10 ✔
[45/bdbd21] NFC…VAL:BOWTIE2_ALIGN (KHM.21) | 5 of 10
[5b/f50060] NFC…AL:SAMTOOLS_INDEX (KHM.21) | 4 of 5
[75/fadfad] NFC…AL:SAMTOOLS_STATS (MLT.63) | 4 of 4
[cc/85b011] NFC…IAMOND_BLASTX (db6|KHM.21) | 0 of 5
[-        ] NFC…:KRAKENTOOLS_KREPORT2KRONA -
[-        ] NFC…ON_KRONA:KAIJU_KAIJU2KRONA -
[-        ] NFC…ZATION_KRONA:KRONA_CLEANUP -
[-        ] NFC…N_KRONA:KRONA_KTIMPORTTEXT -
[-        ] NFC…KRONA:MEGAN_RMA2INFO_KRONA -
[-        ] NFC…VISUALIZATION_KRONA:GUNZIP -
[-        ] NFC…ONA:KRONA_KTIMPORTTAXONOMY -
[-        ] NFC…ON_PROFILES:TAXPASTA_MERGE -
[-        ] NFC…FILES:TAXPASTA_STANDARDISE -
[-        ] NFC…CKEN_COMBINEBRACKENOUTPUTS -
Plus 7 more processes waiting for tasks…
WARN: [nf-core/taxprofiler] DIAMOND does not accept paired-end files as input. Only read 1 will be used for profiling. Running DIAMOND for sample KHM.21 using only read 1.

executor >  slurm (64)
[-        ] NFC…PROFILER:TAXPROFILER:UNTAR -
[3d/84409e] NFC…AXPROFILER:FASTQC (ITA.30) | 10 of 10 ✔
[-        ] NFC…ORTREAD_FASTP:FASTP_SINGLE -
[0a/860c93] NFC…ASTP:FASTP_PAIRED (ITA.30) | 10 of 10 ✔
[79/7be767] NFC…:FASTQC_PROCESSED (ITA.30) | 10 of 10 ✔
[a3/ef2f83] NFC…ERING:BBMAP_BBDUK (LKA.40) | 10 of 10 ✔
[45/bdbd21] NFC…VAL:BOWTIE2_ALIGN (KHM.21) | 5 of 10
[5b/f50060] NFC…AL:SAMTOOLS_INDEX (KHM.21) | 5 of 5
[75/fadfad] NFC…AL:SAMTOOLS_STATS (MLT.63) | 4 of 5
[cc/85b011] NFC…IAMOND_BLASTX (db6|KHM.21) | 0 of 5
[-        ] NFC…:KRAKENTOOLS_KREPORT2KRONA -
[-        ] NFC…ON_KRONA:KAIJU_KAIJU2KRONA -
[-        ] NFC…ZATION_KRONA:KRONA_CLEANUP -
[-        ] NFC…N_KRONA:KRONA_KTIMPORTTEXT -
[-        ] NFC…KRONA:MEGAN_RMA2INFO_KRONA -
[-        ] NFC…VISUALIZATION_KRONA:GUNZIP -
[-        ] NFC…ONA:KRONA_KTIMPORTTAXONOMY -
[-        ] NFC…ON_PROFILES:TAXPASTA_MERGE -
[-        ] NFC…FILES:TAXPASTA_STANDARDISE -
[-        ] NFC…CKEN_COMBINEBRACKENOUTPUTS -
Plus 7 more processes waiting for tasks…


executor >  slurm (65)
[-        ] NFC…PROFILER:TAXPROFILER:UNTAR -
[3d/84409e] NFC…AXPROFILER:FASTQC (ITA.30) | 10 of 10 ✔
[-        ] NFC…ORTREAD_FASTP:FASTP_SINGLE -
[0a/860c93] NFC…ASTP:FASTP_PAIRED (ITA.30) | 10 of 10 ✔
[79/7be767] NFC…:FASTQC_PROCESSED (ITA.30) | 10 of 10 ✔
[a3/ef2f83] NFC…ERING:BBMAP_BBDUK (LKA.40) | 10 of 10 ✔
[45/bdbd21] NFC…VAL:BOWTIE2_ALIGN (KHM.21) | 5 of 10
[5b/f50060] NFC…AL:SAMTOOLS_INDEX (KHM.21) | 5 of 5
[0f/77b0e1] NFC…AL:SAMTOOLS_STATS (KHM.21) | 4 of 5
[cc/85b011] NFC…IAMOND_BLASTX (db6|KHM.21) | 0 of 5
[-        ] NFC…:KRAKENTOOLS_KREPORT2KRONA -
[-        ] NFC…ON_KRONA:KAIJU_KAIJU2KRONA -
[-        ] NFC…ZATION_KRONA:KRONA_CLEANUP -
[-        ] NFC…N_KRONA:KRONA_KTIMPORTTEXT -
[-        ] NFC…KRONA:MEGAN_RMA2INFO_KRONA -
[-        ] NFC…VISUALIZATION_KRONA:GUNZIP -
[-        ] NFC…ONA:KRONA_KTIMPORTTAXONOMY -
[-        ] NFC…ON_PROFILES:TAXPASTA_MERGE -
[-        ] NFC…FILES:TAXPASTA_STANDARDISE -
[-        ] NFC…CKEN_COMBINEBRACKENOUTPUTS -
Plus 7 more processes waiting for tasks…


executor >  slurm (65)
[-        ] NFC…PROFILER:TAXPROFILER:UNTAR -
[3d/84409e] NFC…AXPROFILER:FASTQC (ITA.30) | 10 of 10 ✔
[-        ] NFC…ORTREAD_FASTP:FASTP_SINGLE -
[0a/860c93] NFC…ASTP:FASTP_PAIRED (ITA.30) | 10 of 10 ✔
[79/7be767] NFC…:FASTQC_PROCESSED (ITA.30) | 10 of 10 ✔
[a3/ef2f83] NFC…ERING:BBMAP_BBDUK (LKA.40) | 10 of 10 ✔
[45/bdbd21] NFC…VAL:BOWTIE2_ALIGN (KHM.21) | 5 of 10
[5b/f50060] NFC…AL:SAMTOOLS_INDEX (KHM.21) | 5 of 5
[0f/77b0e1] NFC…AL:SAMTOOLS_STATS (KHM.21) | 4 of 5
[cc/85b011] NFC…IAMOND_BLASTX (db6|KHM.21) | 0 of 5
[-        ] NFC…:KRAKENTOOLS_KREPORT2KRONA -
[-        ] NFC…ON_KRONA:KAIJU_KAIJU2KRONA -
[-        ] NFC…ZATION_KRONA:KRONA_CLEANUP -
[-        ] NFC…N_KRONA:KRONA_KTIMPORTTEXT -
[-        ] NFC…KRONA:MEGAN_RMA2INFO_KRONA -
[-        ] NFC…VISUALIZATION_KRONA:GUNZIP -
[-        ] NFC…ONA:KRONA_KTIMPORTTAXONOMY -
[-        ] NFC…ON_PROFILES:TAXPASTA_MERGE -
[-        ] NFC…FILES:TAXPASTA_STANDARDISE -
[-        ] NFC…CKEN_COMBINEBRACKENOUTPUTS -
Plus 7 more processes waiting for tasks…

executor >  slurm (65)
[-        ] NFC…PROFILER:TAXPROFILER:UNTAR -
[3d/84409e] NFC…AXPROFILER:FASTQC (ITA.30) | 10 of 10 ✔
[-        ] NFC…ORTREAD_FASTP:FASTP_SINGLE -
[0a/860c93] NFC…ASTP:FASTP_PAIRED (ITA.30) | 10 of 10 ✔
[79/7be767] NFC…:FASTQC_PROCESSED (ITA.30) | 10 of 10 ✔
[a3/ef2f83] NFC…ERING:BBMAP_BBDUK (LKA.40) | 10 of 10 ✔
[45/bdbd21] NFC…VAL:BOWTIE2_ALIGN (KHM.21) | 5 of 10
[5b/f50060] NFC…AL:SAMTOOLS_INDEX (KHM.21) | 5 of 5
[0f/77b0e1] NFC…AL:SAMTOOLS_STATS (KHM.21) | 5 of 5
[cc/85b011] NFC…IAMOND_BLASTX (db6|KHM.21) | 0 of 5
[-        ] NFC…:KRAKENTOOLS_KREPORT2KRONA -
[-        ] NFC…ON_KRONA:KAIJU_KAIJU2KRONA -
[-        ] NFC…ZATION_KRONA:KRONA_CLEANUP -
[-        ] NFC…N_KRONA:KRONA_KTIMPORTTEXT -
[-        ] NFC…KRONA:MEGAN_RMA2INFO_KRONA -
[-        ] NFC…VISUALIZATION_KRONA:GUNZIP -
[-        ] NFC…ONA:KRONA_KTIMPORTTAXONOMY -
[-        ] NFC…ON_PROFILES:TAXPASTA_MERGE -
[-        ] NFC…FILES:TAXPASTA_STANDARDISE -
[-        ] NFC…CKEN_COMBINEBRACKENOUTPUTS -
Plus 7 more processes waiting for tasks…

executor >  slurm (67)
[-        ] NFC…PROFILER:TAXPROFILER:UNTAR -
[3d/84409e] NFC…AXPROFILER:FASTQC (ITA.30) | 10 of 10 ✔
[-        ] NFC…ORTREAD_FASTP:FASTP_SINGLE -
[0a/860c93] NFC…ASTP:FASTP_PAIRED (ITA.30) | 10 of 10 ✔
[79/7be767] NFC…:FASTQC_PROCESSED (ITA.30) | 10 of 10 ✔
[a3/ef2f83] NFC…ERING:BBMAP_BBDUK (LKA.40) | 10 of 10 ✔
[19/c7f236] NFC…VAL:BOWTIE2_ALIGN (KEN.72) | 6 of 10
[63/b1bb6d] NFC…AL:SAMTOOLS_INDEX (KEN.72) | 5 of 6
[0f/77b0e1] NFC…AL:SAMTOOLS_STATS (KHM.21) | 5 of 5
[32/c63407] NFC…IAMOND_BLASTX (db6|KEN.72) | 0 of 6
[-        ] NFC…:KRAKENTOOLS_KREPORT2KRONA -
[-        ] NFC…ON_KRONA:KAIJU_KAIJU2KRONA -
[-        ] NFC…ZATION_KRONA:KRONA_CLEANUP -
[-        ] NFC…N_KRONA:KRONA_KTIMPORTTEXT -
[-        ] NFC…KRONA:MEGAN_RMA2INFO_KRONA -
[-        ] NFC…VISUALIZATION_KRONA:GUNZIP -
[-        ] NFC…ONA:KRONA_KTIMPORTTAXONOMY -
[-        ] NFC…ON_PROFILES:TAXPASTA_MERGE -
[-        ] NFC…FILES:TAXPASTA_STANDARDISE -
[-        ] NFC…CKEN_COMBINEBRACKENOUTPUTS -
Plus 7 more processes waiting for tasks…
WARN: [nf-core/taxprofiler] DIAMOND does not accept paired-end files as input. Only read 1 will be used for profiling. Running DIAMOND for sample KEN.72 using only read 1.

executor >  slurm (67)
[-        ] NFC…PROFILER:TAXPROFILER:UNTAR -
[3d/84409e] NFC…AXPROFILER:FASTQC (ITA.30) | 10 of 10 ✔
[-        ] NFC…ORTREAD_FASTP:FASTP_SINGLE -
[0a/860c93] NFC…ASTP:FASTP_PAIRED (ITA.30) | 10 of 10 ✔
[79/7be767] NFC…:FASTQC_PROCESSED (ITA.30) | 10 of 10 ✔
[a3/ef2f83] NFC…ERING:BBMAP_BBDUK (LKA.40) | 10 of 10 ✔
[19/c7f236] NFC…VAL:BOWTIE2_ALIGN (KEN.72) | 6 of 10
[63/b1bb6d] NFC…AL:SAMTOOLS_INDEX (KEN.72) | 5 of 6
[0f/77b0e1] NFC…AL:SAMTOOLS_STATS (KHM.21) | 5 of 5
[32/c63407] NFC…IAMOND_BLASTX (db6|KEN.72) | 0 of 6
[-        ] NFC…:KRAKENTOOLS_KREPORT2KRONA -
[-        ] NFC…ON_KRONA:KAIJU_KAIJU2KRONA -
[-        ] NFC…ZATION_KRONA:KRONA_CLEANUP -
[-        ] NFC…N_KRONA:KRONA_KTIMPORTTEXT -
[-        ] NFC…KRONA:MEGAN_RMA2INFO_KRONA -
[-        ] NFC…VISUALIZATION_KRONA:GUNZIP -
[-        ] NFC…ONA:KRONA_KTIMPORTTAXONOMY -
[-        ] NFC…ON_PROFILES:TAXPASTA_MERGE -
[-        ] NFC…FILES:TAXPASTA_STANDARDISE -
[-        ] NFC…CKEN_COMBINEBRACKENOUTPUTS -
Plus 7 more processes waiting for tasks…
WARN: [nf-core/taxprofiler] DIAMOND does not accept paired-end files as input. Only read 1 will be used for profiling. Running DIAMOND for sample KEN.72 using only read 1.

executor >  slurm (68)
[-        ] NFC…PROFILER:TAXPROFILER:UNTAR -
[3d/84409e] NFC…AXPROFILER:FASTQC (ITA.30) | 10 of 10 ✔
[-        ] NFC…ORTREAD_FASTP:FASTP_SINGLE -
[0a/860c93] NFC…ASTP:FASTP_PAIRED (ITA.30) | 10 of 10 ✔
[79/7be767] NFC…:FASTQC_PROCESSED (ITA.30) | 10 of 10 ✔
[a3/ef2f83] NFC…ERING:BBMAP_BBDUK (LKA.40) | 10 of 10 ✔
[19/c7f236] NFC…VAL:BOWTIE2_ALIGN (KEN.72) | 6 of 10
[63/b1bb6d] NFC…AL:SAMTOOLS_INDEX (KEN.72) | 6 of 6
[ba/4e6fc2] NFC…AL:SAMTOOLS_STATS (KEN.72) | 5 of 6
[32/c63407] NFC…IAMOND_BLASTX (db6|KEN.72) | 0 of 6
[-        ] NFC…:KRAKENTOOLS_KREPORT2KRONA -
[-        ] NFC…ON_KRONA:KAIJU_KAIJU2KRONA -
[-        ] NFC…ZATION_KRONA:KRONA_CLEANUP -
[-        ] NFC…N_KRONA:KRONA_KTIMPORTTEXT -
[-        ] NFC…KRONA:MEGAN_RMA2INFO_KRONA -
[-        ] NFC…VISUALIZATION_KRONA:GUNZIP -
[-        ] NFC…ONA:KRONA_KTIMPORTTAXONOMY -
[-        ] NFC…ON_PROFILES:TAXPASTA_MERGE -
[-        ] NFC…FILES:TAXPASTA_STANDARDISE -
[-        ] NFC…CKEN_COMBINEBRACKENOUTPUTS -
Plus 7 more processes waiting for tasks…


executor >  slurm (68)
[-        ] NFC…PROFILER:TAXPROFILER:UNTAR -
[3d/84409e] NFC…AXPROFILER:FASTQC (ITA.30) | 10 of 10 ✔
[-        ] NFC…ORTREAD_FASTP:FASTP_SINGLE -
[0a/860c93] NFC…ASTP:FASTP_PAIRED (ITA.30) | 10 of 10 ✔
[79/7be767] NFC…:FASTQC_PROCESSED (ITA.30) | 10 of 10 ✔
[a3/ef2f83] NFC…ERING:BBMAP_BBDUK (LKA.40) | 10 of 10 ✔
[19/c7f236] NFC…VAL:BOWTIE2_ALIGN (KEN.72) | 6 of 10
[63/b1bb6d] NFC…AL:SAMTOOLS_INDEX (KEN.72) | 6 of 6
[ba/4e6fc2] NFC…AL:SAMTOOLS_STATS (KEN.72) | 5 of 6
[32/c63407] NFC…IAMOND_BLASTX (db6|KEN.72) | 0 of 6
[-        ] NFC…:KRAKENTOOLS_KREPORT2KRONA -
[-        ] NFC…ON_KRONA:KAIJU_KAIJU2KRONA -
[-        ] NFC…ZATION_KRONA:KRONA_CLEANUP -
[-        ] NFC…N_KRONA:KRONA_KTIMPORTTEXT -
[-        ] NFC…KRONA:MEGAN_RMA2INFO_KRONA -
[-        ] NFC…VISUALIZATION_KRONA:GUNZIP -
[-        ] NFC…ONA:KRONA_KTIMPORTTAXONOMY -
[-        ] NFC…ON_PROFILES:TAXPASTA_MERGE -
[-        ] NFC…FILES:TAXPASTA_STANDARDISE -
[-        ] NFC…CKEN_COMBINEBRACKENOUTPUTS -
Plus 7 more processes waiting for tasks…


executor >  slurm (70)
[-        ] NFC…PROFILER:TAXPROFILER:UNTAR -
[3d/84409e] NFC…AXPROFILER:FASTQC (ITA.30) | 10 of 10 ✔
[-        ] NFC…ORTREAD_FASTP:FASTP_SINGLE -
[0a/860c93] NFC…ASTP:FASTP_PAIRED (ITA.30) | 10 of 10 ✔
[79/7be767] NFC…:FASTQC_PROCESSED (ITA.30) | 10 of 10 ✔
[a3/ef2f83] NFC…ERING:BBMAP_BBDUK (LKA.40) | 10 of 10 ✔
[c9/914c62] NFC…VAL:BOWTIE2_ALIGN (LUX.32) | 7 of 10
[6b/123882] NFC…AL:SAMTOOLS_INDEX (LUX.32) | 6 of 7
[ba/4e6fc2] NFC…AL:SAMTOOLS_STATS (KEN.72) | 5 of 6
[99/ac5ead] NFC…IAMOND_BLASTX (db6|LUX.32) | 0 of 7
[-        ] NFC…:KRAKENTOOLS_KREPORT2KRONA -
[-        ] NFC…ON_KRONA:KAIJU_KAIJU2KRONA -
[-        ] NFC…ZATION_KRONA:KRONA_CLEANUP -
[-        ] NFC…N_KRONA:KRONA_KTIMPORTTEXT -
[-        ] NFC…KRONA:MEGAN_RMA2INFO_KRONA -
[-        ] NFC…VISUALIZATION_KRONA:GUNZIP -
[-        ] NFC…ONA:KRONA_KTIMPORTTAXONOMY -
[-        ] NFC…ON_PROFILES:TAXPASTA_MERGE -
[-        ] NFC…FILES:TAXPASTA_STANDARDISE -
[-        ] NFC…CKEN_COMBINEBRACKENOUTPUTS -
Plus 7 more processes waiting for tasks…
WARN: [nf-core/taxprofiler] DIAMOND does not accept paired-end files as input. Only read 1 will be used for profiling. Running DIAMOND for sample LUX.32 using only read 1.

executor >  slurm (70)
[-        ] NFC…PROFILER:TAXPROFILER:UNTAR -
[3d/84409e] NFC…AXPROFILER:FASTQC (ITA.30) | 10 of 10 ✔
[-        ] NFC…ORTREAD_FASTP:FASTP_SINGLE -
[0a/860c93] NFC…ASTP:FASTP_PAIRED (ITA.30) | 10 of 10 ✔
[79/7be767] NFC…:FASTQC_PROCESSED (ITA.30) | 10 of 10 ✔
[a3/ef2f83] NFC…ERING:BBMAP_BBDUK (LKA.40) | 10 of 10 ✔
[c9/914c62] NFC…VAL:BOWTIE2_ALIGN (LUX.32) | 7 of 10
[6b/123882] NFC…AL:SAMTOOLS_INDEX (LUX.32) | 6 of 7
[ba/4e6fc2] NFC…AL:SAMTOOLS_STATS (KEN.72) | 5 of 6
[99/ac5ead] NFC…IAMOND_BLASTX (db6|LUX.32) | 0 of 7
[-        ] NFC…:KRAKENTOOLS_KREPORT2KRONA -
[-        ] NFC…ON_KRONA:KAIJU_KAIJU2KRONA -
[-        ] NFC…ZATION_KRONA:KRONA_CLEANUP -
[-        ] NFC…N_KRONA:KRONA_KTIMPORTTEXT -
[-        ] NFC…KRONA:MEGAN_RMA2INFO_KRONA -
[-        ] NFC…VISUALIZATION_KRONA:GUNZIP -
[-        ] NFC…ONA:KRONA_KTIMPORTTAXONOMY -
[-        ] NFC…ON_PROFILES:TAXPASTA_MERGE -
[-        ] NFC…FILES:TAXPASTA_STANDARDISE -
[-        ] NFC…CKEN_COMBINEBRACKENOUTPUTS -
Plus 7 more processes waiting for tasks…
WARN: [nf-core/taxprofiler] DIAMOND does not accept paired-end files as input. Only read 1 will be used for profiling. Running DIAMOND for sample LUX.32 using only read 1.

executor >  slurm (70)
[-        ] NFC…PROFILER:TAXPROFILER:UNTAR -
[3d/84409e] NFC…AXPROFILER:FASTQC (ITA.30) | 10 of 10 ✔
[-        ] NFC…ORTREAD_FASTP:FASTP_SINGLE -
[0a/860c93] NFC…ASTP:FASTP_PAIRED (ITA.30) | 10 of 10 ✔
[79/7be767] NFC…:FASTQC_PROCESSED (ITA.30) | 10 of 10 ✔
[a3/ef2f83] NFC…ERING:BBMAP_BBDUK (LKA.40) | 10 of 10 ✔
[c9/914c62] NFC…VAL:BOWTIE2_ALIGN (LUX.32) | 7 of 10
[6b/123882] NFC…AL:SAMTOOLS_INDEX (LUX.32) | 6 of 7
[ba/4e6fc2] NFC…AL:SAMTOOLS_STATS (KEN.72) | 6 of 6
[99/ac5ead] NFC…IAMOND_BLASTX (db6|LUX.32) | 0 of 7
[-        ] NFC…:KRAKENTOOLS_KREPORT2KRONA -
[-        ] NFC…ON_KRONA:KAIJU_KAIJU2KRONA -
[-        ] NFC…ZATION_KRONA:KRONA_CLEANUP -
[-        ] NFC…N_KRONA:KRONA_KTIMPORTTEXT -
[-        ] NFC…KRONA:MEGAN_RMA2INFO_KRONA -
[-        ] NFC…VISUALIZATION_KRONA:GUNZIP -
[-        ] NFC…ONA:KRONA_KTIMPORTTAXONOMY -
[-        ] NFC…ON_PROFILES:TAXPASTA_MERGE -
[-        ] NFC…FILES:TAXPASTA_STANDARDISE -
[-        ] NFC…CKEN_COMBINEBRACKENOUTPUTS -
Plus 7 more processes waiting for tasks…


executor >  slurm (72)
[-        ] NFC…PROFILER:TAXPROFILER:UNTAR -
[3d/84409e] NFC…AXPROFILER:FASTQC (ITA.30) | 10 of 10 ✔
[-        ] NFC…ORTREAD_FASTP:FASTP_SINGLE -
[0a/860c93] NFC…ASTP:FASTP_PAIRED (ITA.30) | 10 of 10 ✔
[79/7be767] NFC…:FASTQC_PROCESSED (ITA.30) | 10 of 10 ✔
[a3/ef2f83] NFC…ERING:BBMAP_BBDUK (LKA.40) | 10 of 10 ✔
[85/80d6e3] NFC…OVAL:BOWTIE2_ALIGN (KAZ.6) | 8 of 10
[da/a656f5] NFC…VAL:SAMTOOLS_INDEX (KAZ.6) | 6 of 8
[ba/4e6fc2] NFC…AL:SAMTOOLS_STATS (KEN.72) | 6 of 6
[50/2a570a] NFC…DIAMOND_BLASTX (db6|KAZ.6) | 0 of 8
[-        ] NFC…:KRAKENTOOLS_KREPORT2KRONA -
[-        ] NFC…ON_KRONA:KAIJU_KAIJU2KRONA -
[-        ] NFC…ZATION_KRONA:KRONA_CLEANUP -
[-        ] NFC…N_KRONA:KRONA_KTIMPORTTEXT -
[-        ] NFC…KRONA:MEGAN_RMA2INFO_KRONA -
[-        ] NFC…VISUALIZATION_KRONA:GUNZIP -
[-        ] NFC…ONA:KRONA_KTIMPORTTAXONOMY -
[-        ] NFC…ON_PROFILES:TAXPASTA_MERGE -
[-        ] NFC…FILES:TAXPASTA_STANDARDISE -
[-        ] NFC…CKEN_COMBINEBRACKENOUTPUTS -
Plus 7 more processes waiting for tasks…
WARN: [nf-core/taxprofiler] DIAMOND does not accept paired-end files as input. Only read 1 will be used for profiling. Running DIAMOND for sample KAZ.6 using only read 1.

executor >  slurm (72)
[-        ] NFC…PROFILER:TAXPROFILER:UNTAR -
[3d/84409e] NFC…AXPROFILER:FASTQC (ITA.30) | 10 of 10 ✔
[-        ] NFC…ORTREAD_FASTP:FASTP_SINGLE -
[0a/860c93] NFC…ASTP:FASTP_PAIRED (ITA.30) | 10 of 10 ✔
[79/7be767] NFC…:FASTQC_PROCESSED (ITA.30) | 10 of 10 ✔
[a3/ef2f83] NFC…ERING:BBMAP_BBDUK (LKA.40) | 10 of 10 ✔
[85/80d6e3] NFC…OVAL:BOWTIE2_ALIGN (KAZ.6) | 8 of 10
[da/a656f5] NFC…VAL:SAMTOOLS_INDEX (KAZ.6) | 6 of 8
[ba/4e6fc2] NFC…AL:SAMTOOLS_STATS (KEN.72) | 6 of 6
[50/2a570a] NFC…DIAMOND_BLASTX (db6|KAZ.6) | 0 of 8
[-        ] NFC…:KRAKENTOOLS_KREPORT2KRONA -
[-        ] NFC…ON_KRONA:KAIJU_KAIJU2KRONA -
[-        ] NFC…ZATION_KRONA:KRONA_CLEANUP -
[-        ] NFC…N_KRONA:KRONA_KTIMPORTTEXT -
[-        ] NFC…KRONA:MEGAN_RMA2INFO_KRONA -
[-        ] NFC…VISUALIZATION_KRONA:GUNZIP -
[-        ] NFC…ONA:KRONA_KTIMPORTTAXONOMY -
[-        ] NFC…ON_PROFILES:TAXPASTA_MERGE -
[-        ] NFC…FILES:TAXPASTA_STANDARDISE -
[-        ] NFC…CKEN_COMBINEBRACKENOUTPUTS -
Plus 7 more processes waiting for tasks…
WARN: [nf-core/taxprofiler] DIAMOND does not accept paired-end files as input. Only read 1 will be used for profiling. Running DIAMOND for sample KAZ.6 using only read 1.

executor >  slurm (73)
[-        ] NFC…PROFILER:TAXPROFILER:UNTAR -
[3d/84409e] NFC…AXPROFILER:FASTQC (ITA.30) | 10 of 10 ✔
[-        ] NFC…ORTREAD_FASTP:FASTP_SINGLE -
[0a/860c93] NFC…ASTP:FASTP_PAIRED (ITA.30) | 10 of 10 ✔
[79/7be767] NFC…:FASTQC_PROCESSED (ITA.30) | 10 of 10 ✔
[a3/ef2f83] NFC…ERING:BBMAP_BBDUK (LKA.40) | 10 of 10 ✔
[85/80d6e3] NFC…OVAL:BOWTIE2_ALIGN (KAZ.6) | 8 of 10
[da/a656f5] NFC…VAL:SAMTOOLS_INDEX (KAZ.6) | 6 of 8
[d0/561a89] NFC…AL:SAMTOOLS_STATS (LUX.32) | 6 of 7
[50/2a570a] NFC…DIAMOND_BLASTX (db6|KAZ.6) | 0 of 8
[-        ] NFC…:KRAKENTOOLS_KREPORT2KRONA -
[-        ] NFC…ON_KRONA:KAIJU_KAIJU2KRONA -
[-        ] NFC…ZATION_KRONA:KRONA_CLEANUP -
[-        ] NFC…N_KRONA:KRONA_KTIMPORTTEXT -
[-        ] NFC…KRONA:MEGAN_RMA2INFO_KRONA -
[-        ] NFC…VISUALIZATION_KRONA:GUNZIP -
[-        ] NFC…ONA:KRONA_KTIMPORTTAXONOMY -
[-        ] NFC…ON_PROFILES:TAXPASTA_MERGE -
[-        ] NFC…FILES:TAXPASTA_STANDARDISE -
[-        ] NFC…CKEN_COMBINEBRACKENOUTPUTS -
Plus 7 more processes waiting for tasks…


executor >  slurm (73)
[-        ] NFC…PROFILER:TAXPROFILER:UNTAR -
[3d/84409e] NFC…AXPROFILER:FASTQC (ITA.30) | 10 of 10 ✔
[-        ] NFC…ORTREAD_FASTP:FASTP_SINGLE -
[0a/860c93] NFC…ASTP:FASTP_PAIRED (ITA.30) | 10 of 10 ✔
[79/7be767] NFC…:FASTQC_PROCESSED (ITA.30) | 10 of 10 ✔
[a3/ef2f83] NFC…ERING:BBMAP_BBDUK (LKA.40) | 10 of 10 ✔
[85/80d6e3] NFC…OVAL:BOWTIE2_ALIGN (KAZ.6) | 8 of 10
[6b/123882] NFC…AL:SAMTOOLS_INDEX (LUX.32) | 7 of 8
[d0/561a89] NFC…AL:SAMTOOLS_STATS (LUX.32) | 6 of 7
[50/2a570a] NFC…DIAMOND_BLASTX (db6|KAZ.6) | 0 of 8
[-        ] NFC…:KRAKENTOOLS_KREPORT2KRONA -
[-        ] NFC…ON_KRONA:KAIJU_KAIJU2KRONA -
[-        ] NFC…ZATION_KRONA:KRONA_CLEANUP -
[-        ] NFC…N_KRONA:KRONA_KTIMPORTTEXT -
[-        ] NFC…KRONA:MEGAN_RMA2INFO_KRONA -
[-        ] NFC…VISUALIZATION_KRONA:GUNZIP -
[-        ] NFC…ONA:KRONA_KTIMPORTTAXONOMY -
[-        ] NFC…ON_PROFILES:TAXPASTA_MERGE -
[-        ] NFC…FILES:TAXPASTA_STANDARDISE -
[-        ] NFC…CKEN_COMBINEBRACKENOUTPUTS -
Plus 7 more processes waiting for tasks…


executor >  slurm (73)
[-        ] NFC…PROFILER:TAXPROFILER:UNTAR -
[3d/84409e] NFC…AXPROFILER:FASTQC (ITA.30) | 10 of 10 ✔
[-        ] NFC…ORTREAD_FASTP:FASTP_SINGLE -
[0a/860c93] NFC…ASTP:FASTP_PAIRED (ITA.30) | 10 of 10 ✔
[79/7be767] NFC…:FASTQC_PROCESSED (ITA.30) | 10 of 10 ✔
[a3/ef2f83] NFC…ERING:BBMAP_BBDUK (LKA.40) | 10 of 10 ✔
[85/80d6e3] NFC…OVAL:BOWTIE2_ALIGN (KAZ.6) | 8 of 10
[6b/123882] NFC…AL:SAMTOOLS_INDEX (LUX.32) | 7 of 8
[d0/561a89] NFC…AL:SAMTOOLS_STATS (LUX.32) | 6 of 7
[50/2a570a] NFC…DIAMOND_BLASTX (db6|KAZ.6) | 0 of 8
[-        ] NFC…:KRAKENTOOLS_KREPORT2KRONA -
[-        ] NFC…ON_KRONA:KAIJU_KAIJU2KRONA -
[-        ] NFC…ZATION_KRONA:KRONA_CLEANUP -
[-        ] NFC…N_KRONA:KRONA_KTIMPORTTEXT -
[-        ] NFC…KRONA:MEGAN_RMA2INFO_KRONA -
[-        ] NFC…VISUALIZATION_KRONA:GUNZIP -
[-        ] NFC…ONA:KRONA_KTIMPORTTAXONOMY -
[-        ] NFC…ON_PROFILES:TAXPASTA_MERGE -
[-        ] NFC…FILES:TAXPASTA_STANDARDISE -
[-        ] NFC…CKEN_COMBINEBRACKENOUTPUTS -
Plus 7 more processes waiting for tasks…

executor >  slurm (74)
[-        ] NFC…PROFILER:TAXPROFILER:UNTAR -
[3d/84409e] NFC…AXPROFILER:FASTQC (ITA.30) | 10 of 10 ✔
[-        ] NFC…ORTREAD_FASTP:FASTP_SINGLE -
[0a/860c93] NFC…ASTP:FASTP_PAIRED (ITA.30) | 10 of 10 ✔
[79/7be767] NFC…:FASTQC_PROCESSED (ITA.30) | 10 of 10 ✔
[a3/ef2f83] NFC…ERING:BBMAP_BBDUK (LKA.40) | 10 of 10 ✔
[85/80d6e3] NFC…OVAL:BOWTIE2_ALIGN (KAZ.6) | 8 of 10
[da/a656f5] NFC…VAL:SAMTOOLS_INDEX (KAZ.6) | 8 of 8
[6e/98a2ee] NFC…VAL:SAMTOOLS_STATS (KAZ.6) | 6 of 8
[50/2a570a] NFC…DIAMOND_BLASTX (db6|KAZ.6) | 0 of 8
[-        ] NFC…:KRAKENTOOLS_KREPORT2KRONA -
[-        ] NFC…ON_KRONA:KAIJU_KAIJU2KRONA -
[-        ] NFC…ZATION_KRONA:KRONA_CLEANUP -
[-        ] NFC…N_KRONA:KRONA_KTIMPORTTEXT -
[-        ] NFC…KRONA:MEGAN_RMA2INFO_KRONA -
[-        ] NFC…VISUALIZATION_KRONA:GUNZIP -
[-        ] NFC…ONA:KRONA_KTIMPORTTAXONOMY -
[-        ] NFC…ON_PROFILES:TAXPASTA_MERGE -
[-        ] NFC…FILES:TAXPASTA_STANDARDISE -
[-        ] NFC…CKEN_COMBINEBRACKENOUTPUTS -
Plus 7 more processes waiting for tasks…

executor >  slurm (74)
[-        ] NFC…PROFILER:TAXPROFILER:UNTAR -
[3d/84409e] NFC…AXPROFILER:FASTQC (ITA.30) | 10 of 10 ✔
[-        ] NFC…ORTREAD_FASTP:FASTP_SINGLE -
[0a/860c93] NFC…ASTP:FASTP_PAIRED (ITA.30) | 10 of 10 ✔
[79/7be767] NFC…:FASTQC_PROCESSED (ITA.30) | 10 of 10 ✔
[a3/ef2f83] NFC…ERING:BBMAP_BBDUK (LKA.40) | 10 of 10 ✔
[85/80d6e3] NFC…OVAL:BOWTIE2_ALIGN (KAZ.6) | 8 of 10
[da/a656f5] NFC…VAL:SAMTOOLS_INDEX (KAZ.6) | 8 of 8
[6e/98a2ee] NFC…VAL:SAMTOOLS_STATS (KAZ.6) | 6 of 8
[50/2a570a] NFC…DIAMOND_BLASTX (db6|KAZ.6) | 0 of 8
[-        ] NFC…:KRAKENTOOLS_KREPORT2KRONA -
[-        ] NFC…ON_KRONA:KAIJU_KAIJU2KRONA -
[-        ] NFC…ZATION_KRONA:KRONA_CLEANUP -
[-        ] NFC…N_KRONA:KRONA_KTIMPORTTEXT -
[-        ] NFC…KRONA:MEGAN_RMA2INFO_KRONA -
[-        ] NFC…VISUALIZATION_KRONA:GUNZIP -
[-        ] NFC…ONA:KRONA_KTIMPORTTAXONOMY -
[-        ] NFC…ON_PROFILES:TAXPASTA_MERGE -
[-        ] NFC…FILES:TAXPASTA_STANDARDISE -
[-        ] NFC…CKEN_COMBINEBRACKENOUTPUTS -
Plus 7 more processes waiting for tasks…

executor >  slurm (74)
[-        ] NFC…PROFILER:TAXPROFILER:UNTAR -
[3d/84409e] NFC…AXPROFILER:FASTQC (ITA.30) | 10 of 10 ✔
[-        ] NFC…ORTREAD_FASTP:FASTP_SINGLE -
[0a/860c93] NFC…ASTP:FASTP_PAIRED (ITA.30) | 10 of 10 ✔
[79/7be767] NFC…:FASTQC_PROCESSED (ITA.30) | 10 of 10 ✔
[a3/ef2f83] NFC…ERING:BBMAP_BBDUK (LKA.40) | 10 of 10 ✔
[85/80d6e3] NFC…OVAL:BOWTIE2_ALIGN (KAZ.6) | 8 of 10
[da/a656f5] NFC…VAL:SAMTOOLS_INDEX (KAZ.6) | 8 of 8
[d0/561a89] NFC…AL:SAMTOOLS_STATS (LUX.32) | 7 of 8
[50/2a570a] NFC…DIAMOND_BLASTX (db6|KAZ.6) | 0 of 8
[-        ] NFC…:KRAKENTOOLS_KREPORT2KRONA -
[-        ] NFC…ON_KRONA:KAIJU_KAIJU2KRONA -
[-        ] NFC…ZATION_KRONA:KRONA_CLEANUP -
[-        ] NFC…N_KRONA:KRONA_KTIMPORTTEXT -
[-        ] NFC…KRONA:MEGAN_RMA2INFO_KRONA -
[-        ] NFC…VISUALIZATION_KRONA:GUNZIP -
[-        ] NFC…ONA:KRONA_KTIMPORTTAXONOMY -
[-        ] NFC…ON_PROFILES:TAXPASTA_MERGE -
[-        ] NFC…FILES:TAXPASTA_STANDARDISE -
[-        ] NFC…CKEN_COMBINEBRACKENOUTPUTS -
Plus 7 more processes waiting for tasks…

executor >  slurm (74)
[-        ] NFC…PROFILER:TAXPROFILER:UNTAR -
[3d/84409e] NFC…AXPROFILER:FASTQC (ITA.30) | 10 of 10 ✔
[-        ] NFC…ORTREAD_FASTP:FASTP_SINGLE -
[0a/860c93] NFC…ASTP:FASTP_PAIRED (ITA.30) | 10 of 10 ✔
[79/7be767] NFC…:FASTQC_PROCESSED (ITA.30) | 10 of 10 ✔
[a3/ef2f83] NFC…ERING:BBMAP_BBDUK (LKA.40) | 10 of 10 ✔
[85/80d6e3] NFC…OVAL:BOWTIE2_ALIGN (KAZ.6) | 8 of 10
[da/a656f5] NFC…VAL:SAMTOOLS_INDEX (KAZ.6) | 8 of 8
[6e/98a2ee] NFC…VAL:SAMTOOLS_STATS (KAZ.6) | 8 of 8
[50/2a570a] NFC…DIAMOND_BLASTX (db6|KAZ.6) | 0 of 8
[-        ] NFC…:KRAKENTOOLS_KREPORT2KRONA -
[-        ] NFC…ON_KRONA:KAIJU_KAIJU2KRONA -
[-        ] NFC…ZATION_KRONA:KRONA_CLEANUP -
[-        ] NFC…N_KRONA:KRONA_KTIMPORTTEXT -
[-        ] NFC…KRONA:MEGAN_RMA2INFO_KRONA -
[-        ] NFC…VISUALIZATION_KRONA:GUNZIP -
[-        ] NFC…ONA:KRONA_KTIMPORTTAXONOMY -
[-        ] NFC…ON_PROFILES:TAXPASTA_MERGE -
[-        ] NFC…FILES:TAXPASTA_STANDARDISE -
[-        ] NFC…CKEN_COMBINEBRACKENOUTPUTS -
Plus 7 more processes waiting for tasks…

executor >  slurm (76)
[-        ] NFC…PROFILER:TAXPROFILER:UNTAR -
[3d/84409e] NFC…AXPROFILER:FASTQC (ITA.30) | 10 of 10 ✔
[-        ] NFC…ORTREAD_FASTP:FASTP_SINGLE -
[0a/860c93] NFC…ASTP:FASTP_PAIRED (ITA.30) | 10 of 10 ✔
[79/7be767] NFC…:FASTQC_PROCESSED (ITA.30) | 10 of 10 ✔
[a3/ef2f83] NFC…ERING:BBMAP_BBDUK (LKA.40) | 10 of 10 ✔
[c5/b6836f] NFC…VAL:BOWTIE2_ALIGN (LKA.40) | 9 of 10
[0e/3dbdc5] NFC…AL:SAMTOOLS_INDEX (LKA.40) | 8 of 9
[6e/98a2ee] NFC…VAL:SAMTOOLS_STATS (KAZ.6) | 8 of 8
[7b/0e3986] NFC…IAMOND_BLASTX (db6|LKA.40) | 0 of 9
[-        ] NFC…:KRAKENTOOLS_KREPORT2KRONA -
[-        ] NFC…ON_KRONA:KAIJU_KAIJU2KRONA -
[-        ] NFC…ZATION_KRONA:KRONA_CLEANUP -
[-        ] NFC…N_KRONA:KRONA_KTIMPORTTEXT -
[-        ] NFC…KRONA:MEGAN_RMA2INFO_KRONA -
[-        ] NFC…VISUALIZATION_KRONA:GUNZIP -
[-        ] NFC…ONA:KRONA_KTIMPORTTAXONOMY -
[-        ] NFC…ON_PROFILES:TAXPASTA_MERGE -
[-        ] NFC…FILES:TAXPASTA_STANDARDISE -
[-        ] NFC…CKEN_COMBINEBRACKENOUTPUTS -
Plus 7 more processes waiting for tasks…
WARN: [nf-core/taxprofiler] DIAMOND does not accept paired-end files as input. Only read 1 will be used for profiling. Running DIAMOND for sample LKA.40 using only read 1.

executor >  slurm (76)
[-        ] NFC…PROFILER:TAXPROFILER:UNTAR -
[3d/84409e] NFC…AXPROFILER:FASTQC (ITA.30) | 10 of 10 ✔
[-        ] NFC…ORTREAD_FASTP:FASTP_SINGLE -
[0a/860c93] NFC…ASTP:FASTP_PAIRED (ITA.30) | 10 of 10 ✔
[79/7be767] NFC…:FASTQC_PROCESSED (ITA.30) | 10 of 10 ✔
[a3/ef2f83] NFC…ERING:BBMAP_BBDUK (LKA.40) | 10 of 10 ✔
[c5/b6836f] NFC…VAL:BOWTIE2_ALIGN (LKA.40) | 9 of 10
[0e/3dbdc5] NFC…AL:SAMTOOLS_INDEX (LKA.40) | 8 of 9
[6e/98a2ee] NFC…VAL:SAMTOOLS_STATS (KAZ.6) | 8 of 8
[7b/0e3986] NFC…IAMOND_BLASTX (db6|LKA.40) | 0 of 9
[-        ] NFC…:KRAKENTOOLS_KREPORT2KRONA -
[-        ] NFC…ON_KRONA:KAIJU_KAIJU2KRONA -
[-        ] NFC…ZATION_KRONA:KRONA_CLEANUP -
[-        ] NFC…N_KRONA:KRONA_KTIMPORTTEXT -
[-        ] NFC…KRONA:MEGAN_RMA2INFO_KRONA -
[-        ] NFC…VISUALIZATION_KRONA:GUNZIP -
[-        ] NFC…ONA:KRONA_KTIMPORTTAXONOMY -
[-        ] NFC…ON_PROFILES:TAXPASTA_MERGE -
[-        ] NFC…FILES:TAXPASTA_STANDARDISE -
[-        ] NFC…CKEN_COMBINEBRACKENOUTPUTS -
Plus 7 more processes waiting for tasks…
WARN: [nf-core/taxprofiler] DIAMOND does not accept paired-end files as input. Only read 1 will be used for profiling. Running DIAMOND for sample LKA.40 using only read 1.

executor >  slurm (78)
[-        ] NFC…PROFILER:TAXPROFILER:UNTAR -
[3d/84409e] NFC…AXPROFILER:FASTQC (ITA.30) | 10 of 10 ✔
[-        ] NFC…ORTREAD_FASTP:FASTP_SINGLE -
[0a/860c93] NFC…ASTP:FASTP_PAIRED (ITA.30) | 10 of 10 ✔
[79/7be767] NFC…:FASTQC_PROCESSED (ITA.30) | 10 of 10 ✔
[a3/ef2f83] NFC…ERING:BBMAP_BBDUK (LKA.40) | 10 of 10 ✔
[1d/e6d918] NFC…VAL:BOWTIE2_ALIGN (ITA.30) | 10 of 10 ✔
[dd/a574ef] NFC…AL:SAMTOOLS_INDEX (ITA.30) | 8 of 10
[6e/98a2ee] NFC…VAL:SAMTOOLS_STATS (KAZ.6) | 8 of 8
[02/1f25c3] NFC…IAMOND_BLASTX (db6|ITA.30) | 0 of 10
[-        ] NFC…:KRAKENTOOLS_KREPORT2KRONA -
[-        ] NFC…ON_KRONA:KAIJU_KAIJU2KRONA -
[-        ] NFC…ZATION_KRONA:KRONA_CLEANUP -
[-        ] NFC…N_KRONA:KRONA_KTIMPORTTEXT -
[-        ] NFC…KRONA:MEGAN_RMA2INFO_KRONA -
[-        ] NFC…VISUALIZATION_KRONA:GUNZIP -
[-        ] NFC…ONA:KRONA_KTIMPORTTAXONOMY -
[-        ] NFC…ON_PROFILES:TAXPASTA_MERGE -
[-        ] NFC…FILES:TAXPASTA_STANDARDISE -
[-        ] NFC…CKEN_COMBINEBRACKENOUTPUTS -
Plus 7 more processes waiting for tasks…
WARN: [nf-core/taxprofiler] DIAMOND does not accept paired-end files as input. Only read 1 will be used for profiling. Running DIAMOND for sample ITA.30 using only read 1.


executor >  slurm (78)
[-        ] NFC…PROFILER:TAXPROFILER:UNTAR -
[3d/84409e] NFC…AXPROFILER:FASTQC (ITA.30) | 10 of 10 ✔
[-        ] NFC…ORTREAD_FASTP:FASTP_SINGLE -
[0a/860c93] NFC…ASTP:FASTP_PAIRED (ITA.30) | 10 of 10 ✔
[79/7be767] NFC…:FASTQC_PROCESSED (ITA.30) | 10 of 10 ✔
[a3/ef2f83] NFC…ERING:BBMAP_BBDUK (LKA.40) | 10 of 10 ✔
[1d/e6d918] NFC…VAL:BOWTIE2_ALIGN (ITA.30) | 10 of 10 ✔
[dd/a574ef] NFC…AL:SAMTOOLS_INDEX (ITA.30) | 8 of 10
[6e/98a2ee] NFC…VAL:SAMTOOLS_STATS (KAZ.6) | 8 of 8
[02/1f25c3] NFC…IAMOND_BLASTX (db6|ITA.30) | 0 of 10
[-        ] NFC…:KRAKENTOOLS_KREPORT2KRONA -
[-        ] NFC…ON_KRONA:KAIJU_KAIJU2KRONA -
[-        ] NFC…ZATION_KRONA:KRONA_CLEANUP -
[-        ] NFC…N_KRONA:KRONA_KTIMPORTTEXT -
[-        ] NFC…KRONA:MEGAN_RMA2INFO_KRONA -
[-        ] NFC…VISUALIZATION_KRONA:GUNZIP -
[-        ] NFC…ONA:KRONA_KTIMPORTTAXONOMY -
[-        ] NFC…ON_PROFILES:TAXPASTA_MERGE -
[-        ] NFC…FILES:TAXPASTA_STANDARDISE -
[-        ] NFC…CKEN_COMBINEBRACKENOUTPUTS -
Plus 7 more processes waiting for tasks…
WARN: [nf-core/taxprofiler] DIAMOND does not accept paired-end files as input. Only read 1 will be used for profiling. Running DIAMOND for sample ITA.30 using only read 1.


executor >  slurm (78)
[-        ] NFC…PROFILER:TAXPROFILER:UNTAR -
[3d/84409e] NFC…AXPROFILER:FASTQC (ITA.30) | 10 of 10 ✔
[-        ] NFC…ORTREAD_FASTP:FASTP_SINGLE -
[0a/860c93] NFC…ASTP:FASTP_PAIRED (ITA.30) | 10 of 10 ✔
[79/7be767] NFC…:FASTQC_PROCESSED (ITA.30) | 10 of 10 ✔
[a3/ef2f83] NFC…ERING:BBMAP_BBDUK (LKA.40) | 10 of 10 ✔
[1d/e6d918] NFC…VAL:BOWTIE2_ALIGN (ITA.30) | 10 of 10 ✔
[0e/3dbdc5] NFC…AL:SAMTOOLS_INDEX (LKA.40) | 9 of 10
[6e/98a2ee] NFC…VAL:SAMTOOLS_STATS (KAZ.6) | 8 of 9
[02/1f25c3] NFC…IAMOND_BLASTX (db6|ITA.30) | 0 of 10
[-        ] NFC…:KRAKENTOOLS_KREPORT2KRONA -
[-        ] NFC…ON_KRONA:KAIJU_KAIJU2KRONA -
[-        ] NFC…ZATION_KRONA:KRONA_CLEANUP -
[-        ] NFC…N_KRONA:KRONA_KTIMPORTTEXT -
[-        ] NFC…KRONA:MEGAN_RMA2INFO_KRONA -
[-        ] NFC…VISUALIZATION_KRONA:GUNZIP -
[-        ] NFC…ONA:KRONA_KTIMPORTTAXONOMY -
[-        ] NFC…ON_PROFILES:TAXPASTA_MERGE -
[-        ] NFC…FILES:TAXPASTA_STANDARDISE -
[-        ] NFC…CKEN_COMBINEBRACKENOUTPUTS -
Plus 7 more processes waiting for tasks…


executor >  slurm (79)
[-        ] NFC…PROFILER:TAXPROFILER:UNTAR -
[3d/84409e] NFC…AXPROFILER:FASTQC (ITA.30) | 10 of 10 ✔
[-        ] NFC…ORTREAD_FASTP:FASTP_SINGLE -
[0a/860c93] NFC…ASTP:FASTP_PAIRED (ITA.30) | 10 of 10 ✔
[79/7be767] NFC…:FASTQC_PROCESSED (ITA.30) | 10 of 10 ✔
[a3/ef2f83] NFC…ERING:BBMAP_BBDUK (LKA.40) | 10 of 10 ✔
[1d/e6d918] NFC…VAL:BOWTIE2_ALIGN (ITA.30) | 10 of 10 ✔
[0e/3dbdc5] NFC…AL:SAMTOOLS_INDEX (LKA.40) | 9 of 10
[6a/ae42d3] NFC…AL:SAMTOOLS_STATS (LKA.40) | 8 of 9
[02/1f25c3] NFC…IAMOND_BLASTX (db6|ITA.30) | 0 of 10
[-        ] NFC…:KRAKENTOOLS_KREPORT2KRONA -
[-        ] NFC…ON_KRONA:KAIJU_KAIJU2KRONA -
[-        ] NFC…ZATION_KRONA:KRONA_CLEANUP -
[-        ] NFC…N_KRONA:KRONA_KTIMPORTTEXT -
[-        ] NFC…KRONA:MEGAN_RMA2INFO_KRONA -
[-        ] NFC…VISUALIZATION_KRONA:GUNZIP -
[-        ] NFC…ONA:KRONA_KTIMPORTTAXONOMY -
[-        ] NFC…ON_PROFILES:TAXPASTA_MERGE -
[-        ] NFC…FILES:TAXPASTA_STANDARDISE -
[-        ] NFC…CKEN_COMBINEBRACKENOUTPUTS -
Plus 7 more processes waiting for tasks…


executor >  slurm (79)
[-        ] NFC…PROFILER:TAXPROFILER:UNTAR -
[3d/84409e] NFC…AXPROFILER:FASTQC (ITA.30) | 10 of 10 ✔
[-        ] NFC…ORTREAD_FASTP:FASTP_SINGLE -
[0a/860c93] NFC…ASTP:FASTP_PAIRED (ITA.30) | 10 of 10 ✔
[79/7be767] NFC…:FASTQC_PROCESSED (ITA.30) | 10 of 10 ✔
[a3/ef2f83] NFC…ERING:BBMAP_BBDUK (LKA.40) | 10 of 10 ✔
[1d/e6d918] NFC…VAL:BOWTIE2_ALIGN (ITA.30) | 10 of 10 ✔
[0e/3dbdc5] NFC…AL:SAMTOOLS_INDEX (LKA.40) | 9 of 10
[6a/ae42d3] NFC…AL:SAMTOOLS_STATS (LKA.40) | 8 of 9
[02/1f25c3] NFC…IAMOND_BLASTX (db6|ITA.30) | 0 of 10
[-        ] NFC…:KRAKENTOOLS_KREPORT2KRONA -
[-        ] NFC…ON_KRONA:KAIJU_KAIJU2KRONA -
[-        ] NFC…ZATION_KRONA:KRONA_CLEANUP -
[-        ] NFC…N_KRONA:KRONA_KTIMPORTTEXT -
[-        ] NFC…KRONA:MEGAN_RMA2INFO_KRONA -
[-        ] NFC…VISUALIZATION_KRONA:GUNZIP -
[-        ] NFC…ONA:KRONA_KTIMPORTTAXONOMY -
[-        ] NFC…ON_PROFILES:TAXPASTA_MERGE -
[-        ] NFC…FILES:TAXPASTA_STANDARDISE -
[-        ] NFC…CKEN_COMBINEBRACKENOUTPUTS -
Plus 7 more processes waiting for tasks…

executor >  slurm (80)
[-        ] NFC…PROFILER:TAXPROFILER:UNTAR -
[3d/84409e] NFC…AXPROFILER:FASTQC (ITA.30) | 10 of 10 ✔
[-        ] NFC…ORTREAD_FASTP:FASTP_SINGLE -
[0a/860c93] NFC…ASTP:FASTP_PAIRED (ITA.30) | 10 of 10 ✔
[79/7be767] NFC…:FASTQC_PROCESSED (ITA.30) | 10 of 10 ✔
[a3/ef2f83] NFC…ERING:BBMAP_BBDUK (LKA.40) | 10 of 10 ✔
[1d/e6d918] NFC…VAL:BOWTIE2_ALIGN (ITA.30) | 10 of 10 ✔
[dd/a574ef] NFC…AL:SAMTOOLS_INDEX (ITA.30) | 10 of 10 ✔
[aa/d33023] NFC…AL:SAMTOOLS_STATS (ITA.30) | 8 of 10
[02/1f25c3] NFC…IAMOND_BLASTX (db6|ITA.30) | 0 of 10
[-        ] NFC…:KRAKENTOOLS_KREPORT2KRONA -
[-        ] NFC…ON_KRONA:KAIJU_KAIJU2KRONA -
[-        ] NFC…ZATION_KRONA:KRONA_CLEANUP -
[-        ] NFC…N_KRONA:KRONA_KTIMPORTTEXT -
[-        ] NFC…KRONA:MEGAN_RMA2INFO_KRONA -
[-        ] NFC…VISUALIZATION_KRONA:GUNZIP -
[-        ] NFC…ONA:KRONA_KTIMPORTTAXONOMY -
[-        ] NFC…ON_PROFILES:TAXPASTA_MERGE -
[-        ] NFC…FILES:TAXPASTA_STANDARDISE -
[-        ] NFC…CKEN_COMBINEBRACKENOUTPUTS -
Plus 7 more processes waiting for tasks…

executor >  slurm (80)
[-        ] NFC…PROFILER:TAXPROFILER:UNTAR -
[3d/84409e] NFC…AXPROFILER:FASTQC (ITA.30) | 10 of 10 ✔
[-        ] NFC…ORTREAD_FASTP:FASTP_SINGLE -
[0a/860c93] NFC…ASTP:FASTP_PAIRED (ITA.30) | 10 of 10 ✔
[79/7be767] NFC…:FASTQC_PROCESSED (ITA.30) | 10 of 10 ✔
[a3/ef2f83] NFC…ERING:BBMAP_BBDUK (LKA.40) | 10 of 10 ✔
[1d/e6d918] NFC…VAL:BOWTIE2_ALIGN (ITA.30) | 10 of 10 ✔
[dd/a574ef] NFC…AL:SAMTOOLS_INDEX (ITA.30) | 10 of 10 ✔
[aa/d33023] NFC…AL:SAMTOOLS_STATS (ITA.30) | 8 of 10
[02/1f25c3] NFC…IAMOND_BLASTX (db6|ITA.30) | 0 of 10
[-        ] NFC…:KRAKENTOOLS_KREPORT2KRONA -
[-        ] NFC…ON_KRONA:KAIJU_KAIJU2KRONA -
[-        ] NFC…ZATION_KRONA:KRONA_CLEANUP -
[-        ] NFC…N_KRONA:KRONA_KTIMPORTTEXT -
[-        ] NFC…KRONA:MEGAN_RMA2INFO_KRONA -
[-        ] NFC…VISUALIZATION_KRONA:GUNZIP -
[-        ] NFC…ONA:KRONA_KTIMPORTTAXONOMY -
[-        ] NFC…ON_PROFILES:TAXPASTA_MERGE -
[-        ] NFC…FILES:TAXPASTA_STANDARDISE -
[-        ] NFC…CKEN_COMBINEBRACKENOUTPUTS -
Plus 7 more processes waiting for tasks…

executor >  slurm (80)
[-        ] NFC…PROFILER:TAXPROFILER:UNTAR -
[3d/84409e] NFC…AXPROFILER:FASTQC (ITA.30) | 10 of 10 ✔
[-        ] NFC…ORTREAD_FASTP:FASTP_SINGLE -
[0a/860c93] NFC…ASTP:FASTP_PAIRED (ITA.30) | 10 of 10 ✔
[79/7be767] NFC…:FASTQC_PROCESSED (ITA.30) | 10 of 10 ✔
[a3/ef2f83] NFC…ERING:BBMAP_BBDUK (LKA.40) | 10 of 10 ✔
[1d/e6d918] NFC…VAL:BOWTIE2_ALIGN (ITA.30) | 10 of 10 ✔
[dd/a574ef] NFC…AL:SAMTOOLS_INDEX (ITA.30) | 10 of 10 ✔
[6a/ae42d3] NFC…AL:SAMTOOLS_STATS (LKA.40) | 9 of 10
[02/1f25c3] NFC…IAMOND_BLASTX (db6|ITA.30) | 0 of 10
[-        ] NFC…:KRAKENTOOLS_KREPORT2KRONA -
[-        ] NFC…ON_KRONA:KAIJU_KAIJU2KRONA -
[-        ] NFC…ZATION_KRONA:KRONA_CLEANUP -
[-        ] NFC…N_KRONA:KRONA_KTIMPORTTEXT -
[-        ] NFC…KRONA:MEGAN_RMA2INFO_KRONA -
[-        ] NFC…VISUALIZATION_KRONA:GUNZIP -
[-        ] NFC…ONA:KRONA_KTIMPORTTAXONOMY -
[-        ] NFC…ON_PROFILES:TAXPASTA_MERGE -
[-        ] NFC…FILES:TAXPASTA_STANDARDISE -
[-        ] NFC…CKEN_COMBINEBRACKENOUTPUTS -
Plus 7 more processes waiting for tasks…

executor >  slurm (80)
[-        ] NFC…PROFILER:TAXPROFILER:UNTAR -
[3d/84409e] NFC…AXPROFILER:FASTQC (ITA.30) | 10 of 10 ✔
[-        ] NFC…ORTREAD_FASTP:FASTP_SINGLE -
[0a/860c93] NFC…ASTP:FASTP_PAIRED (ITA.30) | 10 of 10 ✔
[79/7be767] NFC…:FASTQC_PROCESSED (ITA.30) | 10 of 10 ✔
[a3/ef2f83] NFC…ERING:BBMAP_BBDUK (LKA.40) | 10 of 10 ✔
[1d/e6d918] NFC…VAL:BOWTIE2_ALIGN (ITA.30) | 10 of 10 ✔
[dd/a574ef] NFC…AL:SAMTOOLS_INDEX (ITA.30) | 10 of 10 ✔
[aa/d33023] NFC…AL:SAMTOOLS_STATS (ITA.30) | 10 of 10 ✔
[02/1f25c3] NFC…IAMOND_BLASTX (db6|ITA.30) | 0 of 10
[-        ] NFC…:KRAKENTOOLS_KREPORT2KRONA -
[-        ] NFC…ON_KRONA:KAIJU_KAIJU2KRONA -
[-        ] NFC…ZATION_KRONA:KRONA_CLEANUP -
[-        ] NFC…N_KRONA:KRONA_KTIMPORTTEXT -
[-        ] NFC…KRONA:MEGAN_RMA2INFO_KRONA -
[-        ] NFC…VISUALIZATION_KRONA:GUNZIP -
[-        ] NFC…ONA:KRONA_KTIMPORTTAXONOMY -
[-        ] NFC…ON_PROFILES:TAXPASTA_MERGE -
[-        ] NFC…FILES:TAXPASTA_STANDARDISE -
[-        ] NFC…CKEN_COMBINEBRACKENOUTPUTS -
Plus 7 more processes waiting for tasks…

executor >  slurm (80)
[-        ] NFC…PROFILER:TAXPROFILER:UNTAR -
[3d/84409e] NFC…AXPROFILER:FASTQC (ITA.30) | 10 of 10 ✔
[-        ] NFC…ORTREAD_FASTP:FASTP_SINGLE -
[0a/860c93] NFC…ASTP:FASTP_PAIRED (ITA.30) | 10 of 10 ✔
[79/7be767] NFC…:FASTQC_PROCESSED (ITA.30) | 10 of 10 ✔
[a3/ef2f83] NFC…ERING:BBMAP_BBDUK (LKA.40) | 10 of 10 ✔
[1d/e6d918] NFC…VAL:BOWTIE2_ALIGN (ITA.30) | 10 of 10 ✔
[dd/a574ef] NFC…AL:SAMTOOLS_INDEX (ITA.30) | 10 of 10 ✔
[aa/d33023] NFC…AL:SAMTOOLS_STATS (ITA.30) | 10 of 10 ✔
[4c/8ccc8b] NFC…IAMOND_BLASTX (db6|LVA.31) | 1 of 10
[-        ] NFC…:KRAKENTOOLS_KREPORT2KRONA -
[-        ] NFC…ON_KRONA:KAIJU_KAIJU2KRONA -
[-        ] NFC…ZATION_KRONA:KRONA_CLEANUP -
[-        ] NFC…N_KRONA:KRONA_KTIMPORTTEXT -
[-        ] NFC…KRONA:MEGAN_RMA2INFO_KRONA -
[-        ] NFC…VISUALIZATION_KRONA:GUNZIP -
[-        ] NFC…ONA:KRONA_KTIMPORTTAXONOMY -
[-        ] NFC…ON_PROFILES:TAXPASTA_MERGE -
[-        ] NFC…FILES:TAXPASTA_STANDARDISE -
[-        ] NFC…CKEN_COMBINEBRACKENOUTPUTS -
Plus 7 more processes waiting for tasks…

executor >  slurm (81)
[-        ] NFC…PROFILER:TAXPROFILER:UNTAR -
[3d/84409e] NFC…AXPROFILER:FASTQC (ITA.30) | 10 of 10 ✔
[-        ] NFC…ORTREAD_FASTP:FASTP_SINGLE -
[0a/860c93] NFC…ASTP:FASTP_PAIRED (ITA.30) | 10 of 10 ✔
[79/7be767] NFC…:FASTQC_PROCESSED (ITA.30) | 10 of 10 ✔
[a3/ef2f83] NFC…ERING:BBMAP_BBDUK (LKA.40) | 10 of 10 ✔
[1d/e6d918] NFC…VAL:BOWTIE2_ALIGN (ITA.30) | 10 of 10 ✔
[dd/a574ef] NFC…AL:SAMTOOLS_INDEX (ITA.30) | 10 of 10 ✔
[aa/d33023] NFC…AL:SAMTOOLS_STATS (ITA.30) | 10 of 10 ✔
[3e/2fffa5] NFC…IAMOND_BLASTX (db6|MKD.62) | 1 of 10, retries: 1
[-        ] NFC…:KRAKENTOOLS_KREPORT2KRONA -
[-        ] NFC…ON_KRONA:KAIJU_KAIJU2KRONA -
[-        ] NFC…ZATION_KRONA:KRONA_CLEANUP -
[-        ] NFC…N_KRONA:KRONA_KTIMPORTTEXT -
[-        ] NFC…KRONA:MEGAN_RMA2INFO_KRONA -
[-        ] NFC…VISUALIZATION_KRONA:GUNZIP -
[-        ] NFC…ONA:KRONA_KTIMPORTTAXONOMY -
[-        ] NFC…ON_PROFILES:TAXPASTA_MERGE -
[-        ] NFC…FILES:TAXPASTA_STANDARDISE -
[-        ] NFC…CKEN_COMBINEBRACKENOUTPUTS -
Plus 7 more processes waiting for tasks…
[2b/d95bce] NOTE: Process `NFCORE_TAXPROFILER:TAXPROFILER:PROFILING:DIAMOND_BLASTX (db6|MKD.62)` terminated with an error exit status (134) -- Execution is retried (1)

executor >  slurm (81)
[-        ] NFC…PROFILER:TAXPROFILER:UNTAR -
[3d/84409e] NFC…AXPROFILER:FASTQC (ITA.30) | 10 of 10 ✔
[-        ] NFC…ORTREAD_FASTP:FASTP_SINGLE -
[0a/860c93] NFC…ASTP:FASTP_PAIRED (ITA.30) | 10 of 10 ✔
[79/7be767] NFC…:FASTQC_PROCESSED (ITA.30) | 10 of 10 ✔
[a3/ef2f83] NFC…ERING:BBMAP_BBDUK (LKA.40) | 10 of 10 ✔
[1d/e6d918] NFC…VAL:BOWTIE2_ALIGN (ITA.30) | 10 of 10 ✔
[dd/a574ef] NFC…AL:SAMTOOLS_INDEX (ITA.30) | 10 of 10 ✔
[aa/d33023] NFC…AL:SAMTOOLS_STATS (ITA.30) | 10 of 10 ✔
[3e/2fffa5] NFC…IAMOND_BLASTX (db6|MKD.62) | 1 of 10, retries: 1
[-        ] NFC…:KRAKENTOOLS_KREPORT2KRONA -
[-        ] NFC…ON_KRONA:KAIJU_KAIJU2KRONA -
[-        ] NFC…ZATION_KRONA:KRONA_CLEANUP -
[-        ] NFC…N_KRONA:KRONA_KTIMPORTTEXT -
[-        ] NFC…KRONA:MEGAN_RMA2INFO_KRONA -
[-        ] NFC…VISUALIZATION_KRONA:GUNZIP -
[-        ] NFC…ONA:KRONA_KTIMPORTTAXONOMY -
[-        ] NFC…ON_PROFILES:TAXPASTA_MERGE -
[-        ] NFC…FILES:TAXPASTA_STANDARDISE -
[-        ] NFC…CKEN_COMBINEBRACKENOUTPUTS -
Plus 7 more processes waiting for tasks…


executor >  slurm (82)
[-        ] NFC…PROFILER:TAXPROFILER:UNTAR -
[3d/84409e] NFC…AXPROFILER:FASTQC (ITA.30) | 10 of 10 ✔
[-        ] NFC…ORTREAD_FASTP:FASTP_SINGLE -
[0a/860c93] NFC…ASTP:FASTP_PAIRED (ITA.30) | 10 of 10 ✔
[79/7be767] NFC…:FASTQC_PROCESSED (ITA.30) | 10 of 10 ✔
[a3/ef2f83] NFC…ERING:BBMAP_BBDUK (LKA.40) | 10 of 10 ✔
[1d/e6d918] NFC…VAL:BOWTIE2_ALIGN (ITA.30) | 10 of 10 ✔
[dd/a574ef] NFC…AL:SAMTOOLS_INDEX (ITA.30) | 10 of 10 ✔
[aa/d33023] NFC…AL:SAMTOOLS_STATS (ITA.30) | 10 of 10 ✔
[05/6336f2] NFC…IAMOND_BLASTX (db6|KHM.21) | 1 of 10, retries: 2
[-        ] NFC…:KRAKENTOOLS_KREPORT2KRONA -
[-        ] NFC…ON_KRONA:KAIJU_KAIJU2KRONA -
[-        ] NFC…ZATION_KRONA:KRONA_CLEANUP -
[-        ] NFC…N_KRONA:KRONA_KTIMPORTTEXT -
[-        ] NFC…KRONA:MEGAN_RMA2INFO_KRONA -
[-        ] NFC…VISUALIZATION_KRONA:GUNZIP -
[-        ] NFC…ONA:KRONA_KTIMPORTTAXONOMY -
[-        ] NFC…ON_PROFILES:TAXPASTA_MERGE -
[-        ] NFC…FILES:TAXPASTA_STANDARDISE -
[-        ] NFC…CKEN_COMBINEBRACKENOUTPUTS -
Plus 7 more processes waiting for tasks…
[cc/85b011] NOTE: Process `NFCORE_TAXPROFILER:TAXPROFILER:PROFILING:DIAMOND_BLASTX (db6|KHM.21)` terminated with an error exit status (134) -- Execution is retried (1)

executor >  slurm (82)
[-        ] NFC…PROFILER:TAXPROFILER:UNTAR -
[3d/84409e] NFC…AXPROFILER:FASTQC (ITA.30) | 10 of 10 ✔
[-        ] NFC…ORTREAD_FASTP:FASTP_SINGLE -
[0a/860c93] NFC…ASTP:FASTP_PAIRED (ITA.30) | 10 of 10 ✔
[79/7be767] NFC…:FASTQC_PROCESSED (ITA.30) | 10 of 10 ✔
[a3/ef2f83] NFC…ERING:BBMAP_BBDUK (LKA.40) | 10 of 10 ✔
[1d/e6d918] NFC…VAL:BOWTIE2_ALIGN (ITA.30) | 10 of 10 ✔
[dd/a574ef] NFC…AL:SAMTOOLS_INDEX (ITA.30) | 10 of 10 ✔
[aa/d33023] NFC…AL:SAMTOOLS_STATS (ITA.30) | 10 of 10 ✔
[05/6336f2] NFC…IAMOND_BLASTX (db6|KHM.21) | 1 of 10, retries: 2
[-        ] NFC…:KRAKENTOOLS_KREPORT2KRONA -
[-        ] NFC…ON_KRONA:KAIJU_KAIJU2KRONA -
[-        ] NFC…ZATION_KRONA:KRONA_CLEANUP -
[-        ] NFC…N_KRONA:KRONA_KTIMPORTTEXT -
[-        ] NFC…KRONA:MEGAN_RMA2INFO_KRONA -
[-        ] NFC…VISUALIZATION_KRONA:GUNZIP -
[-        ] NFC…ONA:KRONA_KTIMPORTTAXONOMY -
[-        ] NFC…ON_PROFILES:TAXPASTA_MERGE -
[-        ] NFC…FILES:TAXPASTA_STANDARDISE -
[-        ] NFC…CKEN_COMBINEBRACKENOUTPUTS -
Plus 7 more processes waiting for tasks…
[cc/85b011] NOTE: Process `NFCORE_TAXPROFILER:TAXPROFILER:PROFILING:DIAMOND_BLASTX (db6|KHM.21)` terminated with an error exit status (134) -- Execution is retried (1)

executor >  slurm (83)
[-        ] NFC…PROFILER:TAXPROFILER:UNTAR -
[3d/84409e] NFC…AXPROFILER:FASTQC (ITA.30) | 10 of 10 ✔
[-        ] NFC…ORTREAD_FASTP:FASTP_SINGLE -
[0a/860c93] NFC…ASTP:FASTP_PAIRED (ITA.30) | 10 of 10 ✔
[79/7be767] NFC…:FASTQC_PROCESSED (ITA.30) | 10 of 10 ✔
[a3/ef2f83] NFC…ERING:BBMAP_BBDUK (LKA.40) | 10 of 10 ✔
[1d/e6d918] NFC…VAL:BOWTIE2_ALIGN (ITA.30) | 10 of 10 ✔
[dd/a574ef] NFC…AL:SAMTOOLS_INDEX (ITA.30) | 10 of 10 ✔
[aa/d33023] NFC…AL:SAMTOOLS_STATS (ITA.30) | 10 of 10 ✔
[52/37e2ff] NFC…IAMOND_BLASTX (db6|ITA.30) | 1 of 10, retries: 3
[-        ] NFC…:KRAKENTOOLS_KREPORT2KRONA -
[-        ] NFC…ON_KRONA:KAIJU_KAIJU2KRONA -
[-        ] NFC…ZATION_KRONA:KRONA_CLEANUP -
[-        ] NFC…N_KRONA:KRONA_KTIMPORTTEXT -
[-        ] NFC…KRONA:MEGAN_RMA2INFO_KRONA -
[-        ] NFC…VISUALIZATION_KRONA:GUNZIP -
[-        ] NFC…ONA:KRONA_KTIMPORTTAXONOMY -
[-        ] NFC…ON_PROFILES:TAXPASTA_MERGE -
[-        ] NFC…FILES:TAXPASTA_STANDARDISE -
[-        ] NFC…CKEN_COMBINEBRACKENOUTPUTS -
Plus 7 more processes waiting for tasks…
[02/1f25c3] NOTE: Process `NFCORE_TAXPROFILER:TAXPROFILER:PROFILING:DIAMOND_BLASTX (db6|ITA.30)` terminated with an error exit status (134) -- Execution is retried (1)


executor >  slurm (83)
[-        ] NFC…PROFILER:TAXPROFILER:UNTAR -
[3d/84409e] NFC…AXPROFILER:FASTQC (ITA.30) | 10 of 10 ✔
[-        ] NFC…ORTREAD_FASTP:FASTP_SINGLE -
[0a/860c93] NFC…ASTP:FASTP_PAIRED (ITA.30) | 10 of 10 ✔
[79/7be767] NFC…:FASTQC_PROCESSED (ITA.30) | 10 of 10 ✔
[a3/ef2f83] NFC…ERING:BBMAP_BBDUK (LKA.40) | 10 of 10 ✔
[1d/e6d918] NFC…VAL:BOWTIE2_ALIGN (ITA.30) | 10 of 10 ✔
[dd/a574ef] NFC…AL:SAMTOOLS_INDEX (ITA.30) | 10 of 10 ✔
[aa/d33023] NFC…AL:SAMTOOLS_STATS (ITA.30) | 10 of 10 ✔
[52/37e2ff] NFC…IAMOND_BLASTX (db6|ITA.30) | 1 of 10, retries: 3
[-        ] NFC…:KRAKENTOOLS_KREPORT2KRONA -
[-        ] NFC…ON_KRONA:KAIJU_KAIJU2KRONA -
[-        ] NFC…ZATION_KRONA:KRONA_CLEANUP -
[-        ] NFC…N_KRONA:KRONA_KTIMPORTTEXT -
[-        ] NFC…KRONA:MEGAN_RMA2INFO_KRONA -
[-        ] NFC…VISUALIZATION_KRONA:GUNZIP -
[-        ] NFC…ONA:KRONA_KTIMPORTTAXONOMY -
[-        ] NFC…ON_PROFILES:TAXPASTA_MERGE -
[-        ] NFC…FILES:TAXPASTA_STANDARDISE -
[-        ] NFC…CKEN_COMBINEBRACKENOUTPUTS -
Plus 7 more processes waiting for tasks…



executor >  slurm (83)
[-        ] NFC…PROFILER:TAXPROFILER:UNTAR -
[3d/84409e] NFC…AXPROFILER:FASTQC (ITA.30) | 10 of 10 ✔
[-        ] NFC…ORTREAD_FASTP:FASTP_SINGLE -
[0a/860c93] NFC…ASTP:FASTP_PAIRED (ITA.30) | 10 of 10 ✔
[79/7be767] NFC…:FASTQC_PROCESSED (ITA.30) | 10 of 10 ✔
[a3/ef2f83] NFC…ERING:BBMAP_BBDUK (LKA.40) | 10 of 10 ✔
[1d/e6d918] NFC…VAL:BOWTIE2_ALIGN (ITA.30) | 10 of 10 ✔
[dd/a574ef] NFC…AL:SAMTOOLS_INDEX (ITA.30) | 10 of 10 ✔
[aa/d33023] NFC…AL:SAMTOOLS_STATS (ITA.30) | 10 of 10 ✔
[fc/6034cc] NFC…IAMOND_BLASTX (db6|MDA.65) | 2 of 10, retries: 3
[-        ] NFC…:KRAKENTOOLS_KREPORT2KRONA -
[-        ] NFC…ON_KRONA:KAIJU_KAIJU2KRONA -
[-        ] NFC…ZATION_KRONA:KRONA_CLEANUP -
[-        ] NFC…N_KRONA:KRONA_KTIMPORTTEXT -
[-        ] NFC…KRONA:MEGAN_RMA2INFO_KRONA -
[-        ] NFC…VISUALIZATION_KRONA:GUNZIP -
[-        ] NFC…ONA:KRONA_KTIMPORTTAXONOMY -
[-        ] NFC…ON_PROFILES:TAXPASTA_MERGE -
[-        ] NFC…FILES:TAXPASTA_STANDARDISE -
[-        ] NFC…CKEN_COMBINEBRACKENOUTPUTS -
Plus 7 more processes waiting for tasks…


executor >  slurm (83)
[-        ] NFC…PROFILER:TAXPROFILER:UNTAR -
[3d/84409e] NFC…AXPROFILER:FASTQC (ITA.30) | 10 of 10 ✔
[-        ] NFC…ORTREAD_FASTP:FASTP_SINGLE -
[0a/860c93] NFC…ASTP:FASTP_PAIRED (ITA.30) | 10 of 10 ✔
[79/7be767] NFC…:FASTQC_PROCESSED (ITA.30) | 10 of 10 ✔
[a3/ef2f83] NFC…ERING:BBMAP_BBDUK (LKA.40) | 10 of 10 ✔
[1d/e6d918] NFC…VAL:BOWTIE2_ALIGN (ITA.30) | 10 of 10 ✔
[dd/a574ef] NFC…AL:SAMTOOLS_INDEX (ITA.30) | 10 of 10 ✔
[aa/d33023] NFC…AL:SAMTOOLS_STATS (ITA.30) | 10 of 10 ✔
[32/d46cf1] NFC…IAMOND_BLASTX (db6|MLT.63) | 3 of 10, retries: 3
[-        ] NFC…:KRAKENTOOLS_KREPORT2KRONA -
[-        ] NFC…ON_KRONA:KAIJU_KAIJU2KRONA -
[-        ] NFC…ZATION_KRONA:KRONA_CLEANUP -
[-        ] NFC…N_KRONA:KRONA_KTIMPORTTEXT -
[-        ] NFC…KRONA:MEGAN_RMA2INFO_KRONA -
[-        ] NFC…VISUALIZATION_KRONA:GUNZIP -
[-        ] NFC…ONA:KRONA_KTIMPORTTAXONOMY -
[-        ] NFC…ON_PROFILES:TAXPASTA_MERGE -
[-        ] NFC…FILES:TAXPASTA_STANDARDISE -
[-        ] NFC…CKEN_COMBINEBRACKENOUTPUTS -
Plus 7 more processes waiting for tasks…

executor >  slurm (83)
[-        ] NFC…PROFILER:TAXPROFILER:UNTAR -
[3d/84409e] NFC…AXPROFILER:FASTQC (ITA.30) | 10 of 10 ✔
[-        ] NFC…ORTREAD_FASTP:FASTP_SINGLE -
[0a/860c93] NFC…ASTP:FASTP_PAIRED (ITA.30) | 10 of 10 ✔
[79/7be767] NFC…:FASTQC_PROCESSED (ITA.30) | 10 of 10 ✔
[a3/ef2f83] NFC…ERING:BBMAP_BBDUK (LKA.40) | 10 of 10 ✔
[1d/e6d918] NFC…VAL:BOWTIE2_ALIGN (ITA.30) | 10 of 10 ✔
[dd/a574ef] NFC…AL:SAMTOOLS_INDEX (ITA.30) | 10 of 10 ✔
[aa/d33023] NFC…AL:SAMTOOLS_STATS (ITA.30) | 10 of 10 ✔
[3e/2fffa5] NFC…IAMOND_BLASTX (db6|MKD.62) | 4 of 10, retries: 3
[-        ] NFC…:KRAKENTOOLS_KREPORT2KRONA -
[-        ] NFC…ON_KRONA:KAIJU_KAIJU2KRONA -
[-        ] NFC…ZATION_KRONA:KRONA_CLEANUP -
[-        ] NFC…N_KRONA:KRONA_KTIMPORTTEXT -
[-        ] NFC…KRONA:MEGAN_RMA2INFO_KRONA -
[-        ] NFC…VISUALIZATION_KRONA:GUNZIP -
[-        ] NFC…ONA:KRONA_KTIMPORTTAXONOMY -
[-        ] NFC…ON_PROFILES:TAXPASTA_MERGE -
[-        ] NFC…FILES:TAXPASTA_STANDARDISE -
[-        ] NFC…CKEN_COMBINEBRACKENOUTPUTS -
Plus 7 more processes waiting for tasks…

executor >  slurm (83)
[-        ] NFC…PROFILER:TAXPROFILER:UNTAR -
[3d/84409e] NFC…AXPROFILER:FASTQC (ITA.30) | 10 of 10 ✔
[-        ] NFC…ORTREAD_FASTP:FASTP_SINGLE -
[0a/860c93] NFC…ASTP:FASTP_PAIRED (ITA.30) | 10 of 10 ✔
[79/7be767] NFC…:FASTQC_PROCESSED (ITA.30) | 10 of 10 ✔
[a3/ef2f83] NFC…ERING:BBMAP_BBDUK (LKA.40) | 10 of 10 ✔
[1d/e6d918] NFC…VAL:BOWTIE2_ALIGN (ITA.30) | 10 of 10 ✔
[dd/a574ef] NFC…AL:SAMTOOLS_INDEX (ITA.30) | 10 of 10 ✔
[aa/d33023] NFC…AL:SAMTOOLS_STATS (ITA.30) | 10 of 10 ✔
[50/2a570a] NFC…DIAMOND_BLASTX (db6|KAZ.6) | 5 of 10, retries: 3
[-        ] NFC…:KRAKENTOOLS_KREPORT2KRONA -
[-        ] NFC…ON_KRONA:KAIJU_KAIJU2KRONA -
[-        ] NFC…ZATION_KRONA:KRONA_CLEANUP -
[-        ] NFC…N_KRONA:KRONA_KTIMPORTTEXT -
[-        ] NFC…KRONA:MEGAN_RMA2INFO_KRONA -
[-        ] NFC…VISUALIZATION_KRONA:GUNZIP -
[-        ] NFC…ONA:KRONA_KTIMPORTTAXONOMY -
[-        ] NFC…ON_PROFILES:TAXPASTA_MERGE -
[-        ] NFC…FILES:TAXPASTA_STANDARDISE -
[-        ] NFC…CKEN_COMBINEBRACKENOUTPUTS -
Plus 7 more processes waiting for tasks…

executor >  slurm (83)
[-        ] NFC…PROFILER:TAXPROFILER:UNTAR -
[3d/84409e] NFC…AXPROFILER:FASTQC (ITA.30) | 10 of 10 ✔
[-        ] NFC…ORTREAD_FASTP:FASTP_SINGLE -
[0a/860c93] NFC…ASTP:FASTP_PAIRED (ITA.30) | 10 of 10 ✔
[79/7be767] NFC…:FASTQC_PROCESSED (ITA.30) | 10 of 10 ✔
[a3/ef2f83] NFC…ERING:BBMAP_BBDUK (LKA.40) | 10 of 10 ✔
[1d/e6d918] NFC…VAL:BOWTIE2_ALIGN (ITA.30) | 10 of 10 ✔
[dd/a574ef] NFC…AL:SAMTOOLS_INDEX (ITA.30) | 10 of 10 ✔
[aa/d33023] NFC…AL:SAMTOOLS_STATS (ITA.30) | 10 of 10 ✔
[32/c63407] NFC…IAMOND_BLASTX (db6|KEN.72) | 6 of 10, retries: 3
[-        ] NFC…:KRAKENTOOLS_KREPORT2KRONA -
[-        ] NFC…ON_KRONA:KAIJU_KAIJU2KRONA -
[-        ] NFC…ZATION_KRONA:KRONA_CLEANUP -
[-        ] NFC…N_KRONA:KRONA_KTIMPORTTEXT -
[-        ] NFC…KRONA:MEGAN_RMA2INFO_KRONA -
[-        ] NFC…VISUALIZATION_KRONA:GUNZIP -
[-        ] NFC…ONA:KRONA_KTIMPORTTAXONOMY -
[-        ] NFC…ON_PROFILES:TAXPASTA_MERGE -
[-        ] NFC…FILES:TAXPASTA_STANDARDISE -
[-        ] NFC…CKEN_COMBINEBRACKENOUTPUTS -
Plus 7 more processes waiting for tasks…

executor >  slurm (83)
[-        ] NFC…PROFILER:TAXPROFILER:UNTAR -
[3d/84409e] NFC…AXPROFILER:FASTQC (ITA.30) | 10 of 10 ✔
[-        ] NFC…ORTREAD_FASTP:FASTP_SINGLE -
[0a/860c93] NFC…ASTP:FASTP_PAIRED (ITA.30) | 10 of 10 ✔
[79/7be767] NFC…:FASTQC_PROCESSED (ITA.30) | 10 of 10 ✔
[a3/ef2f83] NFC…ERING:BBMAP_BBDUK (LKA.40) | 10 of 10 ✔
[1d/e6d918] NFC…VAL:BOWTIE2_ALIGN (ITA.30) | 10 of 10 ✔
[dd/a574ef] NFC…AL:SAMTOOLS_INDEX (ITA.30) | 10 of 10 ✔
[aa/d33023] NFC…AL:SAMTOOLS_STATS (ITA.30) | 10 of 10 ✔
[05/6336f2] NFC…IAMOND_BLASTX (db6|KHM.21) | 7 of 10, retries: 3
[-        ] NFC…:KRAKENTOOLS_KREPORT2KRONA -
[-        ] NFC…ON_KRONA:KAIJU_KAIJU2KRONA -
[-        ] NFC…ZATION_KRONA:KRONA_CLEANUP -
[-        ] NFC…N_KRONA:KRONA_KTIMPORTTEXT -
[-        ] NFC…KRONA:MEGAN_RMA2INFO_KRONA -
[-        ] NFC…VISUALIZATION_KRONA:GUNZIP -
[-        ] NFC…ONA:KRONA_KTIMPORTTAXONOMY -
[-        ] NFC…ON_PROFILES:TAXPASTA_MERGE -
[-        ] NFC…FILES:TAXPASTA_STANDARDISE -
[-        ] NFC…CKEN_COMBINEBRACKENOUTPUTS -
Plus 7 more processes waiting for tasks…

executor >  slurm (83)
[-        ] NFC…PROFILER:TAXPROFILER:UNTAR -
[3d/84409e] NFC…AXPROFILER:FASTQC (ITA.30) | 10 of 10 ✔
[-        ] NFC…ORTREAD_FASTP:FASTP_SINGLE -
[0a/860c93] NFC…ASTP:FASTP_PAIRED (ITA.30) | 10 of 10 ✔
[79/7be767] NFC…:FASTQC_PROCESSED (ITA.30) | 10 of 10 ✔
[a3/ef2f83] NFC…ERING:BBMAP_BBDUK (LKA.40) | 10 of 10 ✔
[1d/e6d918] NFC…VAL:BOWTIE2_ALIGN (ITA.30) | 10 of 10 ✔
[dd/a574ef] NFC…AL:SAMTOOLS_INDEX (ITA.30) | 10 of 10 ✔
[aa/d33023] NFC…AL:SAMTOOLS_STATS (ITA.30) | 10 of 10 ✔
[99/ac5ead] NFC…IAMOND_BLASTX (db6|LUX.32) | 8 of 10, retries: 3
[-        ] NFC…:KRAKENTOOLS_KREPORT2KRONA -
[-        ] NFC…ON_KRONA:KAIJU_KAIJU2KRONA -
[-        ] NFC…ZATION_KRONA:KRONA_CLEANUP -
[-        ] NFC…N_KRONA:KRONA_KTIMPORTTEXT -
[-        ] NFC…KRONA:MEGAN_RMA2INFO_KRONA -
[-        ] NFC…VISUALIZATION_KRONA:GUNZIP -
[-        ] NFC…ONA:KRONA_KTIMPORTTAXONOMY -
[-        ] NFC…ON_PROFILES:TAXPASTA_MERGE -
[-        ] NFC…FILES:TAXPASTA_STANDARDISE -
[-        ] NFC…CKEN_COMBINEBRACKENOUTPUTS -
Plus 7 more processes waiting for tasks…

executor >  slurm (83)
[-        ] NFC…PROFILER:TAXPROFILER:UNTAR -
[3d/84409e] NFC…AXPROFILER:FASTQC (ITA.30) | 10 of 10 ✔
[-        ] NFC…ORTREAD_FASTP:FASTP_SINGLE -
[0a/860c93] NFC…ASTP:FASTP_PAIRED (ITA.30) | 10 of 10 ✔
[79/7be767] NFC…:FASTQC_PROCESSED (ITA.30) | 10 of 10 ✔
[a3/ef2f83] NFC…ERING:BBMAP_BBDUK (LKA.40) | 10 of 10 ✔
[1d/e6d918] NFC…VAL:BOWTIE2_ALIGN (ITA.30) | 10 of 10 ✔
[dd/a574ef] NFC…AL:SAMTOOLS_INDEX (ITA.30) | 10 of 10 ✔
[aa/d33023] NFC…AL:SAMTOOLS_STATS (ITA.30) | 10 of 10 ✔
[7b/0e3986] NFC…IAMOND_BLASTX (db6|LKA.40) | 9 of 10, retries: 3
[-        ] NFC…:KRAKENTOOLS_KREPORT2KRONA -
[-        ] NFC…ON_KRONA:KAIJU_KAIJU2KRONA -
[-        ] NFC…ZATION_KRONA:KRONA_CLEANUP -
[-        ] NFC…N_KRONA:KRONA_KTIMPORTTEXT -
[-        ] NFC…KRONA:MEGAN_RMA2INFO_KRONA -
[-        ] NFC…VISUALIZATION_KRONA:GUNZIP -
[-        ] NFC…ONA:KRONA_KTIMPORTTAXONOMY -
[-        ] NFC…ON_PROFILES:TAXPASTA_MERGE -
[-        ] NFC…FILES:TAXPASTA_STANDARDISE -
[-        ] NFC…CKEN_COMBINEBRACKENOUTPUTS -
Plus 7 more processes waiting for tasks…

executor >  slurm (83)
[-        ] NFC…PROFILER:TAXPROFILER:UNTAR -
[3d/84409e] NFC…AXPROFILER:FASTQC (ITA.30) | 10 of 10 ✔
[-        ] NFC…ORTREAD_FASTP:FASTP_SINGLE -
[0a/860c93] NFC…ASTP:FASTP_PAIRED (ITA.30) | 10 of 10 ✔
[79/7be767] NFC…:FASTQC_PROCESSED (ITA.30) | 10 of 10 ✔
[a3/ef2f83] NFC…ERING:BBMAP_BBDUK (LKA.40) | 10 of 10 ✔
[1d/e6d918] NFC…VAL:BOWTIE2_ALIGN (ITA.30) | 10 of 10 ✔
[dd/a574ef] NFC…AL:SAMTOOLS_INDEX (ITA.30) | 10 of 10 ✔
[aa/d33023] NFC…AL:SAMTOOLS_STATS (ITA.30) | 10 of 10 ✔
[52/37e2ff] NFC…IAMOND_BLASTX (db6|ITA.30) | 10 of 10, retries: 3 ✔
[-        ] NFC…:KRAKENTOOLS_KREPORT2KRONA -
[-        ] NFC…ON_KRONA:KAIJU_KAIJU2KRONA -
[-        ] NFC…ZATION_KRONA:KRONA_CLEANUP -
[-        ] NFC…N_KRONA:KRONA_KTIMPORTTEXT -
[-        ] NFC…KRONA:MEGAN_RMA2INFO_KRONA -
[-        ] NFC…VISUALIZATION_KRONA:GUNZIP -
[-        ] NFC…ONA:KRONA_KTIMPORTTAXONOMY -
[-        ] NFC…ON_PROFILES:TAXPASTA_MERGE -
[-        ] NFC…FILES:TAXPASTA_STANDARDISE -
[-        ] NFC…CKEN_COMBINEBRACKENOUTPUTS -
Plus 7 more processes waiting for tasks…

executor >  slurm (83)
[-        ] NFC…PROFILER:TAXPROFILER:UNTAR -
[3d/84409e] NFC…AXPROFILER:FASTQC (ITA.30) | 10 of 10 ✔
[-        ] NFC…ORTREAD_FASTP:FASTP_SINGLE -
[0a/860c93] NFC…ASTP:FASTP_PAIRED (ITA.30) | 10 of 10 ✔
[79/7be767] NFC…:FASTQC_PROCESSED (ITA.30) | 10 of 10 ✔
[a3/ef2f83] NFC…ERING:BBMAP_BBDUK (LKA.40) | 10 of 10 ✔
[1d/e6d918] NFC…VAL:BOWTIE2_ALIGN (ITA.30) | 10 of 10 ✔
[dd/a574ef] NFC…AL:SAMTOOLS_INDEX (ITA.30) | 10 of 10 ✔
[aa/d33023] NFC…AL:SAMTOOLS_STATS (ITA.30) | 10 of 10 ✔
[52/37e2ff] NFC…IAMOND_BLASTX (db6|ITA.30) | 10 of 10, retries: 3 ✔
[-        ] NFC…:KRAKENTOOLS_KREPORT2KRONA -
[-        ] NFC…ON_KRONA:KAIJU_KAIJU2KRONA -
[-        ] NFC…ZATION_KRONA:KRONA_CLEANUP -
[-        ] NFC…N_KRONA:KRONA_KTIMPORTTEXT -
[-        ] NFC…KRONA:MEGAN_RMA2INFO_KRONA -
[-        ] NFC…VISUALIZATION_KRONA:GUNZIP -
[-        ] NFC…ONA:KRONA_KTIMPORTTAXONOMY -
[-        ] NFC…ON_PROFILES:TAXPASTA_MERGE | 0 of 1
[-        ] NFC…FILES:TAXPASTA_STANDARDISE -
[-        ] NFC…CKEN_COMBINEBRACKENOUTPUTS -
Plus 7 more processes waiting for tasks…

executor >  slurm (84)
[-        ] NFC…PROFILER:TAXPROFILER:UNTAR -
[3d/84409e] NFC…AXPROFILER:FASTQC (ITA.30) | 10 of 10 ✔
[-        ] NFC…ORTREAD_FASTP:FASTP_SINGLE -
[0a/860c93] NFC…ASTP:FASTP_PAIRED (ITA.30) | 10 of 10 ✔
[79/7be767] NFC…:FASTQC_PROCESSED (ITA.30) | 10 of 10 ✔
[a3/ef2f83] NFC…ERING:BBMAP_BBDUK (LKA.40) | 10 of 10 ✔
[1d/e6d918] NFC…VAL:BOWTIE2_ALIGN (ITA.30) | 10 of 10 ✔
[dd/a574ef] NFC…AL:SAMTOOLS_INDEX (ITA.30) | 10 of 10 ✔
[aa/d33023] NFC…AL:SAMTOOLS_STATS (ITA.30) | 10 of 10 ✔
[52/37e2ff] NFC…IAMOND_BLASTX (db6|ITA.30) | 10 of 10, retries: 3 ✔
[-        ] NFC…:KRAKENTOOLS_KREPORT2KRONA -
[-        ] NFC…ON_KRONA:KAIJU_KAIJU2KRONA -
[-        ] NFC…ZATION_KRONA:KRONA_CLEANUP -
[-        ] NFC…N_KRONA:KRONA_KTIMPORTTEXT -
[-        ] NFC…KRONA:MEGAN_RMA2INFO_KRONA -
[-        ] NFC…VISUALIZATION_KRONA:GUNZIP -
[-        ] NFC…ONA:KRONA_KTIMPORTTAXONOMY -
[57/55b052] NFC…XPASTA_MERGE (diamond|db6) | 0 of 1
[-        ] NFC…FILES:TAXPASTA_STANDARDISE -
[-        ] NFC…CKEN_COMBINEBRACKENOUTPUTS -
Plus 7 more processes waiting for tasks…

executor >  slurm (84)
[-        ] NFC…PROFILER:TAXPROFILER:UNTAR -
[3d/84409e] NFC…AXPROFILER:FASTQC (ITA.30) | 10 of 10 ✔
[-        ] NFC…ORTREAD_FASTP:FASTP_SINGLE -
[0a/860c93] NFC…ASTP:FASTP_PAIRED (ITA.30) | 10 of 10 ✔
[79/7be767] NFC…:FASTQC_PROCESSED (ITA.30) | 10 of 10 ✔
[a3/ef2f83] NFC…ERING:BBMAP_BBDUK (LKA.40) | 10 of 10 ✔
[1d/e6d918] NFC…VAL:BOWTIE2_ALIGN (ITA.30) | 10 of 10 ✔
[dd/a574ef] NFC…AL:SAMTOOLS_INDEX (ITA.30) | 10 of 10 ✔
[aa/d33023] NFC…AL:SAMTOOLS_STATS (ITA.30) | 10 of 10 ✔
[52/37e2ff] NFC…IAMOND_BLASTX (db6|ITA.30) | 10 of 10, retries: 3 ✔
[-        ] NFC…:KRAKENTOOLS_KREPORT2KRONA -
[-        ] NFC…ON_KRONA:KAIJU_KAIJU2KRONA -
[-        ] NFC…ZATION_KRONA:KRONA_CLEANUP -
[-        ] NFC…N_KRONA:KRONA_KTIMPORTTEXT -
[-        ] NFC…KRONA:MEGAN_RMA2INFO_KRONA -
[-        ] NFC…VISUALIZATION_KRONA:GUNZIP -
[-        ] NFC…ONA:KRONA_KTIMPORTTAXONOMY -
[57/55b052] NFC…XPASTA_MERGE (diamond|db6) | 0 of 1
[-        ] NFC…FILES:TAXPASTA_STANDARDISE -
[-        ] NFC…CKEN_COMBINEBRACKENOUTPUTS -
Plus 7 more processes waiting for tasks…

executor >  slurm (84)
[-        ] NFC…PROFILER:TAXPROFILER:UNTAR -
[3d/84409e] NFC…AXPROFILER:FASTQC (ITA.30) | 10 of 10 ✔
[-        ] NFC…ORTREAD_FASTP:FASTP_SINGLE -
[0a/860c93] NFC…ASTP:FASTP_PAIRED (ITA.30) | 10 of 10 ✔
[79/7be767] NFC…:FASTQC_PROCESSED (ITA.30) | 10 of 10 ✔
[a3/ef2f83] NFC…ERING:BBMAP_BBDUK (LKA.40) | 10 of 10 ✔
[1d/e6d918] NFC…VAL:BOWTIE2_ALIGN (ITA.30) | 10 of 10 ✔
[dd/a574ef] NFC…AL:SAMTOOLS_INDEX (ITA.30) | 10 of 10 ✔
[aa/d33023] NFC…AL:SAMTOOLS_STATS (ITA.30) | 10 of 10 ✔
[52/37e2ff] NFC…IAMOND_BLASTX (db6|ITA.30) | 10 of 10, retries: 3 ✔
[-        ] NFC…:KRAKENTOOLS_KREPORT2KRONA -
[-        ] NFC…ON_KRONA:KAIJU_KAIJU2KRONA -
[-        ] NFC…ZATION_KRONA:KRONA_CLEANUP -
[-        ] NFC…N_KRONA:KRONA_KTIMPORTTEXT -
[-        ] NFC…KRONA:MEGAN_RMA2INFO_KRONA -
[-        ] NFC…VISUALIZATION_KRONA:GUNZIP -
[-        ] NFC…ONA:KRONA_KTIMPORTTAXONOMY -
[57/55b052] NFC…XPASTA_MERGE (diamond|db6) | 1 of 1 ✔
[-        ] NFC…FILES:TAXPASTA_STANDARDISE -
[-        ] NFC…CKEN_COMBINEBRACKENOUTPUTS -
Plus 7 more processes waiting for tasks…

executor >  slurm (85)
[-        ] NFC…PROFILER:TAXPROFILER:UNTAR -
[3d/84409e] NFC…AXPROFILER:FASTQC (ITA.30) | 10 of 10 ✔
[-        ] NFC…ORTREAD_FASTP:FASTP_SINGLE -
[0a/860c93] NFC…ASTP:FASTP_PAIRED (ITA.30) | 10 of 10 ✔
[79/7be767] NFC…:FASTQC_PROCESSED (ITA.30) | 10 of 10 ✔
[a3/ef2f83] NFC…ERING:BBMAP_BBDUK (LKA.40) | 10 of 10 ✔
[1d/e6d918] NFC…VAL:BOWTIE2_ALIGN (ITA.30) | 10 of 10 ✔
[dd/a574ef] NFC…AL:SAMTOOLS_INDEX (ITA.30) | 10 of 10 ✔
[aa/d33023] NFC…AL:SAMTOOLS_STATS (ITA.30) | 10 of 10 ✔
[52/37e2ff] NFC…IAMOND_BLASTX (db6|ITA.30) | 10 of 10, retries: 3 ✔
[-        ] NFC…:KRAKENTOOLS_KREPORT2KRONA -
[-        ] NFC…ON_KRONA:KAIJU_KAIJU2KRONA -
[-        ] NFC…ZATION_KRONA:KRONA_CLEANUP -
[-        ] NFC…N_KRONA:KRONA_KTIMPORTTEXT -
[-        ] NFC…KRONA:MEGAN_RMA2INFO_KRONA -
[-        ] NFC…VISUALIZATION_KRONA:GUNZIP -
[-        ] NFC…ONA:KRONA_KTIMPORTTAXONOMY -
[57/55b052] NFC…XPASTA_MERGE (diamond|db6) | 1 of 1 ✔
[-        ] NFC…FILES:TAXPASTA_STANDARDISE -
[-        ] NFC…CKEN_COMBINEBRACKENOUTPUTS -
[86/16201e] NFC…OFILER:TAXPROFILER:MULTIQC | 0 of 1
Plus 6 more processes waiting for tasks…

executor >  slurm (85)
[-        ] NFC…PROFILER:TAXPROFILER:UNTAR -
[3d/84409e] NFC…AXPROFILER:FASTQC (ITA.30) | 10 of 10 ✔
[-        ] NFC…ORTREAD_FASTP:FASTP_SINGLE -
[0a/860c93] NFC…ASTP:FASTP_PAIRED (ITA.30) | 10 of 10 ✔
[79/7be767] NFC…:FASTQC_PROCESSED (ITA.30) | 10 of 10 ✔
[a3/ef2f83] NFC…ERING:BBMAP_BBDUK (LKA.40) | 10 of 10 ✔
[1d/e6d918] NFC…VAL:BOWTIE2_ALIGN (ITA.30) | 10 of 10 ✔
[dd/a574ef] NFC…AL:SAMTOOLS_INDEX (ITA.30) | 10 of 10 ✔
[aa/d33023] NFC…AL:SAMTOOLS_STATS (ITA.30) | 10 of 10 ✔
[52/37e2ff] NFC…IAMOND_BLASTX (db6|ITA.30) | 10 of 10, retries: 3 ✔
[-        ] NFC…:KRAKENTOOLS_KREPORT2KRONA -
[-        ] NFC…ON_KRONA:KAIJU_KAIJU2KRONA -
[-        ] NFC…ZATION_KRONA:KRONA_CLEANUP -
[-        ] NFC…N_KRONA:KRONA_KTIMPORTTEXT -
[-        ] NFC…KRONA:MEGAN_RMA2INFO_KRONA -
[-        ] NFC…VISUALIZATION_KRONA:GUNZIP -
[-        ] NFC…ONA:KRONA_KTIMPORTTAXONOMY -
[57/55b052] NFC…XPASTA_MERGE (diamond|db6) | 1 of 1 ✔
[-        ] NFC…FILES:TAXPASTA_STANDARDISE -
[-        ] NFC…CKEN_COMBINEBRACKENOUTPUTS -
[86/16201e] NFC…OFILER:TAXPROFILER:MULTIQC | 0 of 1
Plus 6 more processes waiting for tasks…

executor >  slurm (85)
[-        ] NFC…PROFILER:TAXPROFILER:UNTAR -
[3d/84409e] NFC…AXPROFILER:FASTQC (ITA.30) | 10 of 10 ✔
[-        ] NFC…ORTREAD_FASTP:FASTP_SINGLE -
[0a/860c93] NFC…ASTP:FASTP_PAIRED (ITA.30) | 10 of 10 ✔
[79/7be767] NFC…:FASTQC_PROCESSED (ITA.30) | 10 of 10 ✔
[a3/ef2f83] NFC…ERING:BBMAP_BBDUK (LKA.40) | 10 of 10 ✔
[1d/e6d918] NFC…VAL:BOWTIE2_ALIGN (ITA.30) | 10 of 10 ✔
[dd/a574ef] NFC…AL:SAMTOOLS_INDEX (ITA.30) | 10 of 10 ✔
[aa/d33023] NFC…AL:SAMTOOLS_STATS (ITA.30) | 10 of 10 ✔
[52/37e2ff] NFC…IAMOND_BLASTX (db6|ITA.30) | 10 of 10, retries: 3 ✔
[-        ] NFC…:KRAKENTOOLS_KREPORT2KRONA -
[-        ] NFC…ON_KRONA:KAIJU_KAIJU2KRONA -
[-        ] NFC…ZATION_KRONA:KRONA_CLEANUP -
[-        ] NFC…N_KRONA:KRONA_KTIMPORTTEXT -
[-        ] NFC…KRONA:MEGAN_RMA2INFO_KRONA -
[-        ] NFC…VISUALIZATION_KRONA:GUNZIP -
[-        ] NFC…ONA:KRONA_KTIMPORTTAXONOMY -
[57/55b052] NFC…XPASTA_MERGE (diamond|db6) | 1 of 1 ✔
[-        ] NFC…FILES:TAXPASTA_STANDARDISE -
[-        ] NFC…CKEN_COMBINEBRACKENOUTPUTS -
[86/16201e] NFC…OFILER:TAXPROFILER:MULTIQC | 1 of 1 ✔
Plus 6 more processes waiting for tasks…

executor >  slurm (85)
[-        ] NFC…PROFILER:TAXPROFILER:UNTAR -
[3d/84409e] NFC…AXPROFILER:FASTQC (ITA.30) | 10 of 10 ✔
[-        ] NFC…ORTREAD_FASTP:FASTP_SINGLE -
[0a/860c93] NFC…ASTP:FASTP_PAIRED (ITA.30) | 10 of 10 ✔
[79/7be767] NFC…:FASTQC_PROCESSED (ITA.30) | 10 of 10 ✔
[a3/ef2f83] NFC…ERING:BBMAP_BBDUK (LKA.40) | 10 of 10 ✔
[1d/e6d918] NFC…VAL:BOWTIE2_ALIGN (ITA.30) | 10 of 10 ✔
[dd/a574ef] NFC…AL:SAMTOOLS_INDEX (ITA.30) | 10 of 10 ✔
[aa/d33023] NFC…AL:SAMTOOLS_STATS (ITA.30) | 10 of 10 ✔
[52/37e2ff] NFC…IAMOND_BLASTX (db6|ITA.30) | 10 of 10, retries: 3 ✔
[-        ] NFC…:KRAKENTOOLS_KREPORT2KRONA -
[-        ] NFC…ON_KRONA:KAIJU_KAIJU2KRONA -
[-        ] NFC…ZATION_KRONA:KRONA_CLEANUP -
[-        ] NFC…N_KRONA:KRONA_KTIMPORTTEXT -
[-        ] NFC…KRONA:MEGAN_RMA2INFO_KRONA -
[-        ] NFC…VISUALIZATION_KRONA:GUNZIP -
[-        ] NFC…ONA:KRONA_KTIMPORTTAXONOMY -
[57/55b052] NFC…XPASTA_MERGE (diamond|db6) | 1 of 1 ✔
[-        ] NFC…FILES:TAXPASTA_STANDARDISE -
[-        ] NFC…CKEN_COMBINEBRACKENOUTPUTS -
[86/16201e] NFC…OFILER:TAXPROFILER:MULTIQC | 1 of 1 ✔
Plus 6 more processes waiting for tasks…
-[nf-core/taxprofiler] Pipeline completed successfully-

executor >  slurm (85)
[-        ] NFC…PROFILER:TAXPROFILER:UNTAR -
[3d/84409e] NFC…AXPROFILER:FASTQC (ITA.30) | 10 of 10 ✔
[-        ] NFC…ORTREAD_FASTP:FASTP_SINGLE -
[0a/860c93] NFC…ASTP:FASTP_PAIRED (ITA.30) | 10 of 10 ✔
[79/7be767] NFC…:FASTQC_PROCESSED (ITA.30) | 10 of 10 ✔
[a3/ef2f83] NFC…ERING:BBMAP_BBDUK (LKA.40) | 10 of 10 ✔
[1d/e6d918] NFC…VAL:BOWTIE2_ALIGN (ITA.30) | 10 of 10 ✔
[dd/a574ef] NFC…AL:SAMTOOLS_INDEX (ITA.30) | 10 of 10 ✔
[aa/d33023] NFC…AL:SAMTOOLS_STATS (ITA.30) | 10 of 10 ✔
[52/37e2ff] NFC…IAMOND_BLASTX (db6|ITA.30) | 10 of 10, retries: 3 ✔
[-        ] NFC…:KRAKENTOOLS_KREPORT2KRONA -
[-        ] NFC…ON_KRONA:KAIJU_KAIJU2KRONA -
[-        ] NFC…ZATION_KRONA:KRONA_CLEANUP -
[-        ] NFC…N_KRONA:KRONA_KTIMPORTTEXT -
[-        ] NFC…KRONA:MEGAN_RMA2INFO_KRONA -
[-        ] NFC…VISUALIZATION_KRONA:GUNZIP -
[-        ] NFC…ONA:KRONA_KTIMPORTTAXONOMY -
[57/55b052] NFC…XPASTA_MERGE (diamond|db6) | 1 of 1 ✔
[-        ] NFC…FILES:TAXPASTA_STANDARDISE -
[-        ] NFC…CKEN_COMBINEBRACKENOUTPUTS -
[86/16201e] NFC…OFILER:TAXPROFILER:MULTIQC | 1 of 1 ✔
Plus 6 more processes waiting for tasks…
-[nf-core/taxprofiler] Pipeline completed successfully-
Completed at: 13-Dec-2025 10:09:12
Duration    : 3d 23h 23m 3s
CPU hours   : 6'612.3 (12.6% failed)
Succeeded   : 82
Failed      : 3


