taxonomy_id	name	rank	CAN.22a_ERR1713340_db3.centrifuge	CAN.22_ERR1713339_db3.centrifuge	ISR.29_ERR1713366_db3.centrifuge	HUN.61_ERR1713361_db3.centrifuge	AUS.18a_ERR1713333_db3.centrifuge	TCD.1_ERR1713393_db3.centrifuge	NLD.43_ERR1713379_db3.centrifuge	LVA.31_ERR1713373_db3.centrifuge	CHE.67_ERR1713343_db3.centrifuge	DEU.27_ERR1713348_db3.centrifuge	USA.74g_ERR1713404_db3.centrifuge	USA.74f_ERR1713403_db3.centrifuge	AUS.18_ERR1713332_db3.centrifuge	MYS.54_ERR1713377_db3.centrifuge	HRV.68_ERR1713360_db3.centrifuge	ECU.14a_ERR1713353_db3.centrifuge	ESP.75_ERR1713354_db3.centrifuge	CAN.22b_ERR1713341_db3.centrifuge	BRA.53_ERR1713336_db3.centrifuge	AUT.70_ERR1713334_db3.centrifuge	BWA.19_ERR1713338_db3.centrifuge	ISL.28_ERR1713365_db3.centrifuge	FIN.25_ERR1713356_db3.centrifuge	IRN.12_ERR1713364_db3.centrifuge	MKD.62_ERR1713375_db3.centrifuge	USA.74b_ERR1713399_db3.centrifuge	BGR.66_ERR1713335_db3.centrifuge	NGA.50_ERR1713378_db3.centrifuge	DNK.71_RL_ERR1713351_db3.centrifuge	MLT.63_ERR1713376_db3.centrifuge	GEO.59_ERR1713357_db3.centrifuge	MDA.65_ERR1713374_db3.centrifuge	COL.2_ERR1713346_db3.centrifuge	SGP.52_ERR1713387_db3.centrifuge	ZAF.39_ERR1713409_db3.centrifuge	CIV.13_ERR1713345_db3.centrifuge	POL.36_ERR1713383_db3.centrifuge	ZMB.49b_ERR1713411_db3.centrifuge	USA.74a_ERR1713398_db3.centrifuge	USA.74e_ERR1713402_db3.centrifuge	SRB.37_ERR1713388_db3.centrifuge	USA.74d_ERR1713401_db3.centrifuge	NOR.34_ERR1713380_db3.centrifuge	IRL.69_ERR1713363_db3.centrifuge	PER.35_ERR1713385_db3.centrifuge	ZMB.49_ERR1713410_db3.centrifuge	ALB.17_ERR1713331_db3.centrifuge	USA.74c_ERR1713400_db3.centrifuge	SVK.9_ERR1713389_db3.centrifuge	BRA.53a_ERR1713337_db3.centrifuge	SWE.41a_ERR1713392_db3.centrifuge	CZE.23_ERR1713347_db3.centrifuge	KEN.72_ERR1713369_db3.centrifuge	IND.11_ERR1713362_db3.centrifuge	CAN.22c_ERR1713342_db3.centrifuge	KHM.21_ERR1713370_db3.centrifuge	SVN.38_ERR1713390_db3.centrifuge	LUX.32_ERR1713372_db3.centrifuge	GHA.4_ERR1713358_db3.centrifuge	TUR.46_ERR1713395_db3.centrifuge	NPL.33_ERR1713381_db3.centrifuge	XK.60_ERR1713408_db3.centrifuge	KAZ.6_ERR1713368_db3.centrifuge	USA.74_ERR1713397_db3.centrifuge	ETH.24_ERR1713355_db3.centrifuge	SWE.41_ERR1713391_db3.centrifuge	USA.74i_ERR1713406_db3.centrifuge	CHN.64_ERR1713344_db3.centrifuge	DNK.71_RA_ERR1713349_db3.centrifuge	PAK.7_ERR1713384_db3.centrifuge	DNK.71_RD_ERR1713350_db3.centrifuge	LKA.40_ERR1713371_db3.centrifuge	ITA.30_ERR1713367_db3.centrifuge	TZA.15_ERR1713396_db3.centrifuge	SEN.8_ERR1713386_db3.centrifuge	USA.74h_ERR1713405_db3.centrifuge	ECU.14_ERR1713352_db3.centrifuge	VNM.48_ERR1713407_db3.centrifuge	NZL.56_ERR1713382_db3.centrifuge	TGO.44_ERR1713394_db3.centrifuge
469	Acinetobacter	genus	6035	6663	6177	3844	10348	90404	4168	25309	21031	20322	9495	7774	116584	19201	60212	12163	37674	32091	66284	123180	18369	129229	34246	85200	108333	10224	188531	15274	56755	183469	341018	464199	4304	28619	31589	62223	24238	17333	104786	84006	201027	32198	224823	493639	67106	27420	579656	25042	64740	8294	283065	172377	77061	8683	44442	239035	70824	202021	12265	372607	14078	588472	236539	39034	81564	168262	46452	26011	89039	44432	167519	63730	239868	282617	1120329	72437	598412	385569	415941	217307
497	Psychrobacter	genus	3307	9469	1863	1752	3502	2512	2594	7819	28326	3896	3275	2890	71435	2775	19102	1928	4992	8068	13261	10551	5880	4802	26548	7937	4077	18819	17375	6292	29465	41745	6597	9892	2906	3823	8194	23595	18176	3223	6560	7155	6869	4840	24209	128376	25082	5097	44238	10578	18333	4622	31406	19202	12038	3270	33798	69047	117101	26599	4459	374743	25299	32282	56497	17549	19269	112373	153088	4632	48131	6158	94666	8536	9386	14041	46087	25111	46079	87136	3211174	8222
475	Moraxella	genus	4	14	10	8	291	5	4	40	19	31	49	57	773	56	53	9	58	96	3113	40	197	257	77	346	104	18	400	61	72	56	134	103	7	87	150	1098	75	56	91	357	186	158	153	199	277	107	113	332	55	19	558	202	1221	34	97	84	129	76	71	94	33	72	723	676	551	141	104	110	120	78	221	194	665	2282	272	107	420	375	385	33
46225	Moraxella	genus	0	0	0	0	0	0	0	0	0	0	0	0	0	0	0	0	0	0	0	0	0	0	0	0	0	0	0	0	0	0	0	0	0	0	0	0	0	0	0	0	0	0	0	0	0	0	0	0	0	0	0	0	0	0	0	0	0	0	0	0	0	0	0	0	0	0	0	0	0	0	0	0	0	0	0	0	0	0	0	0
46226	Moraxella	genus	2	6	7	3	24	11	3	17	7	17	75	22	59	16	28	12	18	43	218	26	222	58	47	638	16	18	81	25	42	202	38	46	24	69	105	2412	38	36	26	480	38	58	79	38	1140	162	98	1184	24	42	107	30	189	97	39	89	128	59	103	39	28	51	286	997	136	81	102	67	40	201	83	39	72	1038	212	73	127	81	142	44
286	Pseudomonas	genus	13148	10826	9569	6740	10286	17097	12668	24866	32853	25550	10402	24144	50054	25909	40292	25920	32563	68176	40543	160355	53983	75432	56691	38794	42004	42031	62944	51438	72147	156831	933980	95597	40547	43141	45189	74682	45713	47046	150271	54865	52119	95238	88225	120198	65989	54842	287444	62793	72180	61059	72516	139768	65685	67430	392642	62751	52124	132759	98159	1189235	62559	61163	138777	78178	152321	143895	123467	110239	181406	80344	177051	6735358	151330	102107	2168529	140945	1080025	982236	1491167	118278
352	Azotobacter	genus	19	37	16	38	32	13	94	112	158	107	39	62	109	186	168	157	130	126	122	204	299	401	208	168	207	190	213	332	335	557	455	162	200	270	136	452	171	280	174	153	158	198	328	331	226	342	320	188	312	394	265	233	284	825	554	512	250	592	861	1293	203	222	340	458	418	401	881	998	863	522	765	2197	729	661	794	649	1125	877	743	768
1849530	Thiopseudomonas	genus	0	0	0	0	0	0	0	0	0	0	0	0	0	0	0	0	0	0	0	0	0	0	0	0	0	0	0	0	0	0	0	0	0	0	0	0	0	0	0	0	0	0	0	0	0	0	0	0	0	0	0	0	0	0	0	0	0	0	0	0	0	0	0	0	0	0	0	0	0	0	0	0	0	0	0	0	0	0	0	0
570	Klebsiella	genus	1960	4387	4038	1887	20994	16818	2246	11087	5813	14989	19851	11547	18385	103624	8302	32351	39527	52542	37243	23886	83606	15612	79450	16638	8850	19579	19370	48064	20992	100508	5510	10764	46468	145866	38809	62608	12469	66410	21799	71412	16293	345268	42192	27523	46272	50923	18754	67322	26582	24482	44795	18094	46992	210559	29658	46392	23938	47903	13815	8065	8295	22747	53852	26057	62290	78505	29058	57191	88712	59418	44141	102177	21041	155783	176986	80195	14630	115728	31335	10980
561	Escherichia	genus	65	101	211	82	367	819	61	518	195	523	165	217	354	750	286	819	896	1285	902	972	728	309	857	807	590	290	818	798	677	2487	234	650	2761	743	643	858	578	1622	274	626	912	1020	541	1347	1055	777	939	1080	924	822	705	721	987	4077	773	1129	1327	1253	284	334	381	735	1042	526	1317	1535	1073	769	1193	3894	1719	3411	749	2705	2862	2368	835	4674	914	463
547	Enterobacter	genus	418	826	1044	455	18860	18459	660	3140	1262	2295	2773	6022	4079	20030	2008	6740	16365	13361	25543	4055	31437	4188	6141	11185	2855	12211	5726	5799	3640	21276	3128	3574	7443	30014	14431	11426	3505	13807	7808	27793	5297	15573	4098	11916	17842	10144	5086	28313	5643	5927	7815	6533	24380	35728	11708	8183	4762	8107	3577	4237	2240	3601	8864	18373	36073	8833	7943	26599	9797	9659	7653	40033	6287	82544	65516	26644	6101	183154	12699	6868
544	Citrobacter	genus	74	341	230	85	1500	25754	101	537	215	658	838	814	843	580	421	521	4512	2838	1252	799	2425	520	1424	1218	535	800	3333	783	1255	10751	532	1063	1553	1040	1348	1300	1005	1712	960	2876	643	2660	799	2093	1994	1125	1093	3540	2730	900	1077	1083	2060	1774	1773	601	843	1562	539	755	400	926	2618	1965	2184	2987	3333	1763	3719	1905	2491	4218	1436	3568	8049	10074	1510	8311	1011	1605
160674	Raoultella	genus	0	0	0	0	0	0	0	0	0	0	0	0	0	0	0	0	0	0	0	0	0	0	0	0	0	0	0	0	0	0	0	0	0	0	0	0	0	0	0	0	0	0	0	0	0	0	0	0	0	0	0	0	0	0	0	0	0	0	0	0	0	0	0	0	0	0	0	0	0	0	0	0	0	0	0	0	0	0	0	0
590	Salmonella	genus	14	18	26	22	86	215	25	50	74	47	32	51	62	106	78	64	275	150	102	93	156	94	127	106	95	106	191	130	135	378	106	96	105	134	85	178	107	130	107	215	102	262	215	213	191	143	256	214	162	173	135	157	192	298	146	193	154	233	200	201	108	148	171	246	245	264	499	340	439	290	304	1088	234	506	656	637	263	579	225	360
413496	Cronobacter	genus	99	174	130	169	486	728	313	525	572	612	276	537	671	904	816	662	1563	1091	1459	1039	1485	1401	1512	933	998	891	1381	1248	1564	2461	1025	954	1298	1403	1267	2091	1050	1285	1101	1606	1085	1430	1667	2131	1908	1511	2832	1858	1646	1639	1626	1771	2224	2882	2612	2235	1466	2577	2115	2106	1500	1621	2044	2222	3247	2607	3370	3673	3996	2985	3696	15768	3113	3721	5955	4964	3113	5185	2448	2079
158483	Cedecea	genus	0	0	0	0	0	0	0	0	0	0	0	0	0	0	0	0	0	0	0	0	0	0	0	0	0	0	0	0	0	0	0	0	0	0	0	0	0	0	0	0	0	0	0	0	0	0	0	0	0	0	0	0	0	0	0	0	0	0	0	0	0	0	0	0	0	0	0	0	0	0	0	0	0	0	0	0	0	0	0	0
83654	Leclercia	genus	0	0	0	0	0	0	0	0	0	0	0	0	0	0	0	0	0	0	0	0	0	0	0	0	0	0	0	0	0	0	0	0	0	0	0	0	0	0	0	0	0	0	0	0	0	0	0	0	0	0	0	0	0	0	0	0	0	0	0	0	0	0	0	0	0	0	0	0	0	0	0	0	0	0	0	0	0	0	0	0
1330547	Kosakonia	genus	2	1	3	5	26	32	5	6	3	5	6	4	6	14	8	5	36	26	25	18	14	16	21	12	11	12	13	16	21	49	8	7	26	18	29	28	13	30	26	26	18	41	13	38	33	25	56	34	22	24	30	16	44	58	18	40	15	23	49	18	33	23	34	41	45	40	48	79	63	72	41	404	31	134	126	70	47	117	25	26
1330546	Pluralibacter	genus	0	0	0	0	0	0	0	0	0	0	0	0	0	0	0	0	0	0	0	0	0	0	0	0	0	0	0	0	0	0	0	0	0	0	0	0	0	0	0	0	0	0	0	0	0	0	0	0	0	0	0	0	0	0	0	0	0	0	0	0	0	0	0	0	0	0	0	0	0	0	0	0	0	0	0	0	0	0	0	0
579	Kluyvera	genus	0	0	0	0	0	0	0	0	0	0	0	0	0	0	0	0	0	0	0	0	0	0	0	0	0	0	0	0	0	0	0	0	0	0	0	0	0	0	0	0	0	0	0	0	0	0	0	0	0	0	0	0	0	0	0	0	0	0	0	0	0	0	0	0	0	0	0	0	0	0	0	0	0	0	0	0	0	0	0	0
1335483	Shimwellia	genus	0	0	0	0	0	0	0	0	0	0	0	0	0	0	0	0	0	0	0	0	0	0	0	0	0	0	0	0	0	0	0	0	0	0	0	0	0	0	0	0	0	0	0	0	0	0	0	0	0	0	0	0	0	0	0	0	0	0	0	0	0	0	0	0	0	0	0	0	0	0	0	0	0	0	0	0	0	0	0	0
1330545	Lelliottia	genus	0	0	0	0	0	0	0	0	0	0	0	0	0	0	0	0	0	0	0	0	0	0	0	0	0	0	0	0	0	0	0	0	0	0	0	0	0	0	0	0	0	0	0	0	0	0	0	0	0	0	0	0	0	0	0	0	0	0	0	0	0	0	0	0	0	0	0	0	0	0	0	0	0	0	0	0	0	0	0	0
620	Shigella	genus	3	17	18	10	92	55	3	47	17	42	23	16	26	103	27	104	286	182	51	78	110	24	112	88	69	48	61	120	70	242	29	101	336	98	82	112	68	294	17	88	90	142	27	327	201	124	107	134	74	67	81	149	147	513	87	105	113	129	53	33	26	81	112	69	157	131	77	93	198	694	213	159	55	360	383	308	76	385	71	19
613	Serratia	genus	456	761	627	723	1397	1255	1183	2269	2485	2485	969	2268	2975	3249	3209	2783	4638	3824	6132	4936	6122	6457	5375	4158	3902	5101	5115	6293	6040	8261	4560	4290	5937	5405	5278	8947	4273	5122	6610	6290	4565	5609	6420	7604	7158	6367	9174	7594	6092	6718	6321	6669	9327	10343	11177	7684	5876	10694	10122	8977	5174	6177	7967	9548	14572	10302	14450	13704	13866	10759	12899	106379	12467	13572	19049	18135	15530	17812	9460	8963
629	Yersinia	genus	173	257	116	106	255	359	176	363	313	388	207	352	555	462	541	364	2622	2835	1245	856	1099	1300	2546	792	695	572	1051	438	954	2172	928	873	477	603	718	1357	1013	634	694	1275	756	1287	1768	16148	1446	792	1844	1439	1241	964	1264	2418	1444	1942	1486	1776	1025	1765	982	3898	942	1253	1899	1096	1761	1777	1825	1044	2972	1713	2264	16750	1558	2748	2481	4573	3363	2313	3431	2566
34037	Rahnella	genus	493	611	1003	135	926	1590	278	2903	641	1802	520	699	3551	692	789	1555	6154	7082	2203	4442	2749	2257	3112	1550	1198	1240	2633	773	1646	6384	4591	6253	2328	1502	3275	2518	3807	991	8134	3013	2977	6301	2995	7041	3607	1222	64246	4811	2717	1489	2151	3976	1796	3778	3134	2976	2906	4143	2529	39958	5880	2218	3674	1718	5691	2478	3599	2403	7690	4372	3754	1703994	4822	4036	35558	7344	183114	53167	8678	2588
1745211	Chania	genus	0	0	0	0	0	0	0	0	0	0	0	0	0	0	0	0	0	0	0	0	0	0	0	0	0	0	0	0	0	0	0	0	0	0	0	0	0	0	0	0	0	0	0	0	0	0	0	0	0	0	0	0	0	0	0	0	0	0	0	0	0	0	0	0	0	0	0	0	0	0	0	0	0	0	0	0	0	0	0	0
53335	Pantoea	genus	56	99	73	84	249	230	121	259	265	244	165	316	362	430	434	416	944	794	783	770	699	678	745	518	498	411	777	591	696	1203	659	508	645	683	578	1058	549	782	855	995	558	1192	943	1407	1355	889	4505	1137	812	908	848	945	1497	1705	1154	997	707	1347	1025	1131	3187	856	1122	1027	4381	1146	1474	1562	1796	1447	1656	12804	1423	2203	2357	2640	2063	1882	1597	1589
551	Erwinia	genus	42	54	60	58	128	184	88	203	180	178	89	164	294	299	287	224	427	349	602	388	466	470	529	345	312	275	463	445	514	943	437	390	389	458	419	752	344	445	402	595	334	495	577	688	734	557	959	723	517	665	499	672	783	1099	687	566	564	905	781	876	518	623	749	738	1294	776	1269	886	1243	990	1211	7060	1034	1298	1426	1547	1199	1135	820	842
32199	Buchnera	genus	0	0	0	0	0	0	0	0	0	0	0	0	0	0	0	0	0	0	0	0	0	0	0	0	0	0	0	0	0	0	0	0	0	0	0	0	0	0	0	0	0	0	0	0	0	0	0	0	0	0	0	0	0	0	0	0	0	0	0	0	0	0	0	0	0	0	0	0	0	0	0	0	0	0	0	0	0	0	0	0
51228	Wigglesworthia	genus	0	0	0	0	0	0	0	0	0	0	0	0	0	0	0	0	0	0	0	0	0	0	0	0	0	0	0	0	0	0	0	0	0	0	0	0	0	0	0	0	0	0	0	0	0	0	0	0	0	0	0	0	0	0	0	0	0	0	0	0	0	0	0	0	0	0	0	0	0	0	0	0	0	0	0	0	0	0	0	0
122277	Pectobacterium	genus	92	112	105	105	265	402	180	354	316	348	194	336	632	531	551	388	788	709	1204	650	932	808	1118	830	608	536	924	616	909	1570	816	765	836	736	877	1365	670	756	719	1015	745	884	1309	1489	1376	1009	1701	1350	993	1142	1182	1673	1608	2207	1601	1483	1086	1413	1350	1991	1103	1250	1979	1251	2254	1954	2075	1569	2207	2097	2313	15795	1955	2905	2757	2929	3439	2465	3012	2224
204037	Dickeya	genus	31	43	41	45	115	60	66	122	182	168	84	168	250	303	227	241	339	299	587	284	447	408	426	417	262	256	392	546	435	610	296	264	444	429	416	712	292	479	310	601	360	353	519	519	601	506	502	750	435	678	520	341	918	922	788	739	491	758	744	542	430	455	603	696	1310	747	1389	950	968	878	871	5091	894	1198	960	1363	849	905	570	673
84565	Sodalis	genus	23	41	38	37	99	55	72	136	148	114	65	129	193	253	188	169	222	246	477	230	444	362	346	327	213	220	285	381	430	570	187	259	329	343	372	705	273	356	207	347	252	308	390	360	530	449	414	430	344	490	394	544	587	752	685	601	415	628	720	325	439	377	645	604	981	624	1212	756	949	800	830	1923	705	960	572	1064	495	565	378	644
626	Xenorhabdus	genus	7	19	12	7	35	43	36	44	47	49	30	68	93	59	76	43	108	81	168	81	131	114	125	89	87	55	115	63	114	191	120	132	112	103	118	192	91	90	87	163	95	109	152	227	231	135	212	206	110	140	147	292	173	257	176	137	150	188	178	250	159	155	324	165	216	228	190	184	221	276	259	390	317	487	529	456	436	411	358	407
586	Providencia	genus	0	1	0	1	13	0	4	10	9	4	6	0	27	10	20	8	25	21	16	14	18	17	18	30	8	12	34	16	30	63	25	19	7	19	13	35	23	36	15	17	28	14	56	75	71	30	60	12	12	24	62	44	67	33	21	190	26	57	39	75	37	43	72	16	48	56	38	27	48	98	68	57	34	68	39	70	119	41	197	154
29487	Photorhabdus	genus	4	9	6	8	23	86	15	27	27	15	22	26	56	48	55	32	53	43	85	51	63	104	108	81	59	28	66	35	76	168	189	110	33	67	53	122	63	72	47	76	53	44	109	123	195	67	116	100	71	352	105	377	87	187	71	116	82	74	111	167	132	119	346	117	142	133	105	103	153	192	174	331	176	321	287	219	239	232	401	658
583	Proteus	genus	64	79	96	91	238	262	165	327	232	210	221	215	515	708	515	325	510	620	1214	641	1589	509	563	801	679	382	881	373	754	1224	1006	912	376	662	585	1306	546	576	611	843	926	629	1454	1550	1697	1012	1521	1134	654	753	1319	1676	1225	1111	713	1390	1183	1034	579	2091	1070	1721	1946	1115	1326	1519	897	926	1326	2166	1702	1055	1502	2647	2213	1848	2910	2368	4003	3844
581	Morganella	genus	0	0	0	0	0	0	0	0	0	0	0	0	0	0	0	0	0	0	0	0	0	0	0	0	0	0	0	0	0	0	0	0	0	0	0	0	0	0	0	0	0	0	0	0	0	0	0	0	0	0	0	0	0	0	0	0	0	0	0	0	0	0	0	0	0	0	0	0	0	0	0	0	0	0	0	0	0	0	0	0
637	Arsenophonus	genus	0	0	0	0	0	0	0	0	0	0	0	0	0	0	0	0	0	0	0	0	0	0	0	0	0	0	0	0	0	0	0	0	0	0	0	0	0	0	0	0	0	0	0	0	0	0	0	0	0	0	0	0	0	0	0	0	0	0	0	0	0	0	0	0	0	0	0	0	0	0	0	0	0	0	0	0	0	0	0	0
635	Edwardsiella	genus	119	181	141	230	387	440	409	678	752	736	312	743	836	1033	864	942	1236	902	1569	1166	1955	1973	1572	1220	1058	1024	1436	2200	1800	2614	940	1163	2274	1757	1409	2822	1390	1604	951	1774	1230	1333	1763	1669	2226	2148	1906	2188	1771	2359	1683	1828	2647	4345	3349	2882	1863	2842	3847	1612	1691	1760	2394	3113	4153	3048	4962	4607	3849	3836	3669	7888	3716	5287	3545	5347	2343	3266	1837	3143
568	Hafnia	genus	0	0	0	0	0	0	0	0	0	0	0	0	0	0	0	0	0	0	0	0	0	0	0	0	0	0	0	0	0	0	0	0	0	0	0	0	0	0	0	0	0	0	0	0	0	0	0	0	0	0	0	0	0	0	0	0	0	0	0	0	0	0	0	0	0	0	0	0	0	0	0	0	0	0	0	0	0	0	0	0
82982	Obesumbacterium	genus	0	0	0	0	0	0	0	0	0	0	0	0	0	0	0	0	0	0	0	0	0	0	0	0	0	0	0	0	0	0	0	0	0	0	0	0	0	0	0	0	0	0	0	0	0	0	0	0	0	0	0	0	0	0	0	0	0	0	0	0	0	0	0	0	0	0	0	0	0	0	0	0	0	0	0	0	0	0	0	0
702	Plesiomonas	genus	0	0	0	0	0	0	0	0	0	0	0	0	0	0	0	0	0	0	0	0	0	0	0	0	0	0	0	0	0	0	0	0	0	0	0	0	0	0	0	0	0	0	0	0	0	0	0	0	0	0	0	0	0	0	0	0	0	0	0	0	0	0	0	0	0	0	0	0	0	0	0	0	0	0	0	0	0	0	0	0
82984	Pragia	genus	0	0	0	0	0	0	0	0	0	0	0	0	0	0	0	0	0	0	0	0	0	0	0	0	0	0	0	0	0	0	0	0	0	0	0	0	0	0	0	0	0	0	0	0	0	0	0	0	0	0	0	0	0	0	0	0	0	0	0	0	0	0	0	0	0	0	0	0	0	0	0	0	0	0	0	0	0	0	0	0
40323	Stenotrophomonas	genus	1215	4253	1049	3046	1998	643	1393	9617	9700	16492	1705	6748	10239	9515	11034	5521	8811	7968	7506	13106	11042	8194	14581	12253	12164	9458	12374	16803	15267	31241	12981	12637	3174	13707	12192	17607	12106	11660	5358	11338	14174	8222	15698	50812	13045	13067	12740	8869	20519	8873	15491	13431	13298	9304	25892	9464	18434	36867	18286	55935	13574	19263	13464	32702	24441	21576	23139	18849	46062	32596	32793	5715	22779	12056	13837	35544	54497	473295	25743	20768
338	Xanthomonas	genus	1524	4189	1632	4370	2407	463	2773	12077	16559	21471	2002	6460	11477	14369	15356	8881	10395	10244	11975	17144	18111	14595	20808	13214	16033	18340	17996	25899	23907	14597	5967	16028	7656	21748	16814	26488	16899	17352	6720	10216	20074	8973	18595	25402	17701	19876	16837	11713	27361	17037	20890	21443	20725	17352	40661	18849	26199	43221	32550	11062	18348	18027	22315	46064	36533	31167	37423	38676	88322	47175	52227	12944	41022	20414	20308	47914	23617	65484	22291	22072
83618	Pseudoxanthomonas	genus	33	154	56	147	41	7	40	485	535	959	55	201	319	479	493	345	220	301	258	546	660	258	617	365	500	538	531	1237	689	408	58	523	53	727	549	850	601	555	137	203	637	163	357	495	540	647	423	271	948	450	549	665	500	473	1036	605	891	1169	1571	97	591	478	668	1312	917	838	997	877	2145	1853	1446	132	1013	410	770	1196	451	1254	471	352
68	Lysobacter	genus	366	950	438	1279	466	38	580	2821	5134	5099	426	1406	2342	3614	3162	2092	1901	2152	2189	3649	3956	1949	4560	2062	2948	6038	3792	5896	5389	2278	688	3252	1373	5934	3371	5948	3593	4164	1252	1821	4088	1452	3627	4611	3911	4478	3027	3385	5510	4370	4693	5200	3870	3471	9225	5160	5440	8461	5754	933	3372	2805	3984	17135	5814	6374	8681	10854	27242	11635	11734	1464	8364	3671	3623	9881	3654	7185	4298	3790
2370	Xylella	genus	0	0	0	0	0	0	0	0	0	0	0	0	0	0	0	0	0	0	0	0	0	0	0	0	0	0	0	0	0	0	0	0	0	0	0	0	0	0	0	0	0	0	0	0	0	0	0	0	0	0	0	0	0	0	0	0	0	0	0	0	0	0	0	0	0	0	0	0	0	0	0	0	0	0	0	0	0	0	0	0
231454	Dyella	genus	30	95	38	86	59	8	106	253	409	367	50	136	316	314	268	214	283	235	276	340	461	261	539	224	270	427	391	707	487	285	92	336	352	866	345	692	389	433	136	273	420	244	533	454	499	481	319	306	540	604	573	535	490	546	5154	613	518	850	915	101	302	324	412	1324	758	777	1009	1750	2580	1106	1101	169	1311	630	375	1078	341	707	421	665
323413	Dokdonella	genus	0	0	0	0	0	0	0	0	0	0	0	0	0	0	0	0	0	0	0	0	0	0	0	0	0	0	0	0	0	0	0	0	0	0	0	0	0	0	0	0	0	0	0	0	0	0	0	0	0	0	0	0	0	0	0	0	0	0	0	0	0	0	0	0	0	0	0	0	0	0	0	0	0	0	0	0	0	0	0	0
75309	Rhodanobacter	genus	0	0	0	0	0	0	0	0	0	0	0	0	0	0	0	0	0	0	0	0	0	0	0	0	0	0	0	0	0	0	0	0	0	0	0	0	0	0	0	0	0	0	0	0	0	0	0	0	0	0	0	0	0	0	0	0	0	0	0	0	0	0	0	0	0	0	0	0	0	0	0	0	0	0	0	0	0	0	0	0
70411	Frateuria	genus	0	0	0	0	0	0	0	0	0	0	0	0	0	0	0	0	0	0	0	0	0	0	0	0	0	0	0	0	0	0	0	0	0	0	0	0	0	0	0	0	0	0	0	0	0	0	0	0	0	0	0	0	0	0	0	0	0	0	0	0	0	0	0	0	0	0	0	0	0	0	0	0	0	0	0	0	0	0	0	0
642	Aeromonas	genus	342	479	556	923	1248	13085	2152	2919	1792	1729	1693	1405	4809	3013	4811	6943	23537	2285	3330	5068	12000	17813	6829	15813	6500	5322	22227	4305	7686	54718	25620	7574	3571	3341	4009	6664	4044	28355	1892	4872	2828	7824	12683	10028	24080	25742	12082	7431	14231	6793	6689	6413	7277	30826	6350	4035	4104	13920	6056	28881	6215	9901	21507	7411	7801	6473	10392	19461	17276	16842	15260	6813	24039	192856	6660	69646	22829	494056	7121	49240
43947	Tolumonas	genus	0	0	0	0	0	0	0	0	0	0	0	0	0	0	0	0	0	0	0	0	0	0	0	0	0	0	0	0	0	0	0	0	0	0	0	0	0	0	0	0	0	0	0	0	0	0	0	0	0	0	0	0	0	0	0	0	0	0	0	0	0	0	0	0	0	0	0	0	0	0	0	0	0	0	0	0	0	0	0	0
129577	Oceanimonas	genus	0	0	0	0	0	0	0	0	0	0	0	0	0	0	0	0	0	0	0	0	0	0	0	0	0	0	0	0	0	0	0	0	0	0	0	0	0	0	0	0	0	0	0	0	0	0	0	0	0	0	0	0	0	0	0	0	0	0	0	0	0	0	0	0	0	0	0	0	0	0	0	0	0	0	0	0	0	0	0	0
22	Shewanella	genus	111	167	195	289	382	5958	902	604	760	496	831	657	1033	1292	1546	589	1740	1084	2519	1858	1155	1302	1333	1338	1377	1340	2136	1334	2257	5862	2483	2160	814	1617	1171	2152	1130	3369	1390	2081	1280	1823	2781	3196	5806	2349	3374	2318	1724	2609	2907	3623	2982	3625	2041	2869	1820	3899	1139	28320	1641	2988	4183	2688	3367	4230	3181	2343	3959	3660	4302	2393	3031	5415	4412	8991	46917	803919	7878	78750
2742	Marinobacter	genus	107	159	103	175	289	253	359	526	623	536	241	455	876	872	1025	654	939	800	1674	939	1292	1499	1320	1248	1001	923	1468	1319	1571	2227	1209	1202	1113	1323	1289	2439	968	1342	753	1419	1349	1060	1977	1749	1927	1679	1711	1753	1615	2333	1688	2325	2654	2299	3112	2509	1502	3097	2831	2355	1165	1804	2717	2257	3847	2780	5145	2935	4093	3317	3780	4277	3752	3806	3117	4305	2920	2039	2914	3269
226	Alteromonas	genus	66	127	70	135	203	287	191	379	279	318	191	314	768	497	586	391	682	572	1232	618	835	903	778	1154	697	454	985	526	762	1681	1199	1239	436	674	790	1596	739	749	617	1208	950	682	1692	1653	1463	1035	1685	1423	823	1238	1378	2101	1721	1747	1034	1590	1042	1280	866	2321	989	1689	2391	1195	1850	1914	1479	1120	1849	2181	2045	905	2105	3609	2834	2789	3289	4698	3919	3948
89404	Glaciecola	genus	0	0	1	0	0	0	1	0	0	0	1	0	0	0	0	0	0	0	0	0	0	0	0	0	0	0	0	0	0	1	3	0	0	1	2	0	0	1	5	0	0	3	2	0	1	0	2	1	0	2	1	0	1	0	0	0	1	5	0	1	1	2	0	1	0	0	1	0	0	1	2	1	0	1	1	1	0	0	0	6
261825	Agarivorans	genus	0	0	0	0	0	0	0	0	0	0	0	0	0	0	0	0	0	0	0	0	0	0	0	0	0	0	0	0	0	0	0	0	0	0	0	0	0	0	0	0	0	0	0	0	0	0	0	0	0	0	0	0	0	0	0	0	0	0	0	0	0	0	0	0	0	0	0	0	0	0	0	0	0	0	0	0	0	0	0	0
1751872	Lacimicrobium	genus	0	0	0	0	0	0	0	0	0	0	0	0	0	0	0	0	0	0	0	0	0	0	0	0	0	0	0	0	0	0	0	0	0	0	0	0	0	0	0	0	0	0	0	0	0	0	0	0	0	0	0	0	0	0	0	0	0	0	0	0	0	0	0	0	0	0	0	0	0	0	0	0	0	0	0	0	0	0	0	0
1621534	Paraglaciecola	genus	0	0	0	0	0	0	0	0	0	0	0	0	0	0	0	0	0	0	0	0	0	0	0	0	0	0	0	0	0	0	0	0	0	0	0	0	0	0	0	0	0	0	0	0	0	0	0	0	0	0	0	0	0	0	0	0	0	0	0	0	0	0	0	0	0	0	0	0	0	0	0	0	0	0	0	0	0	0	0	0
53246	Pseudoalteromonas	genus	83	118	105	114	194	351	257	398	342	295	251	186	659	519	668	468	605	596	1229	814	654	884	921	990	912	449	1219	558	947	1571	1704	1292	437	685	655	1632	741	726	782	1077	1099	894	2272	2138	1759	1019	2511	1026	786	1305	2027	2866	1437	1387	1046	2024	1357	1630	845	3108	1233	2494	3077	1406	1502	2134	1361	1155	2023	2618	2650	845	2296	4070	3046	2422	4275	3649	6333	3532
28228	Colwellia	genus	0	4	1	0	6	4	12	10	9	10	7	5	41	14	13	14	14	10	47	22	13	40	30	39	9	20	35	13	34	35	24	23	12	20	13	69	22	23	25	16	29	31	94	60	45	19	42	34	32	47	72	57	92	59	21	43	38	31	31	68	34	54	84	47	52	80	35	50	54	120	66	21	52	104	48	55	98	113	124	88
1518149	Thalassotalea	genus	0	0	0	0	0	0	0	0	0	0	0	0	0	0	0	0	0	0	0	0	0	0	0	0	0	0	0	0	0	0	0	0	0	0	0	0	0	0	0	0	0	0	0	0	0	0	0	0	0	0	0	0	0	0	0	0	0	0	0	0	0	0	0	0	0	0	0	0	0	0	0	0	0	0	0	0	0	0	0	0
44011	Ferrimonas	genus	0	0	0	0	0	0	0	0	0	0	0	0	0	0	0	0	0	0	0	0	0	0	0	0	0	0	0	0	0	0	0	0	0	0	0	0	0	0	0	0	0	0	0	0	0	0	0	0	0	0	0	0	0	0	0	0	0	0	0	0	0	0	0	0	0	0	0	0	0	0	0	0	0	0	0	0	0	0	0	0
67572	Psychromonas	genus	0	5	1	0	3	0	2	2	4	3	2	2	2	5	5	1	4	5	5	4	4	7	15	7	12	9	12	5	6	27	4	7	4	7	0	12	9	8	1	4	5	3	9	8	12	10	8	12	9	15	10	9	10	27	10	4	6	7	31	8	19	9	23	13	18	21	7	25	17	30	19	10	11	32	11	15	5	10	9	99
58050	Moritella	genus	0	0	0	0	0	0	0	0	0	0	0	0	0	0	0	0	0	0	0	0	0	0	0	0	0	0	0	0	0	0	0	0	0	0	0	0	0	0	0	0	0	0	0	0	0	0	0	0	0	0	0	0	0	0	0	0	0	0	0	0	0	0	0	0	0	0	0	0	0	0	0	0	0	0	0	0	0	0	0	0
135575	Idiomarina	genus	0	0	0	0	0	0	0	0	0	0	0	0	0	0	0	0	0	0	0	0	0	0	0	0	0	0	0	0	0	0	0	0	0	0	0	0	0	0	0	0	0	0	0	0	0	0	0	0	0	0	0	0	0	0	0	0	0	0	0	0	0	0	0	0	0	0	0	0	0	0	0	0	0	0	0	0	0	0	0	0
106633	Thioalkalivibrio	genus	15	56	33	59	78	4	171	175	270	242	53	228	222	272	269	264	218	173	251	210	574	499	341	275	320	425	350	815	548	574	184	225	734	748	270	870	398	352	234	278	281	261	397	383	437	537	361	322	503	797	440	486	515	557	1019	1315	627	900	3515	240	325	350	329	941	669	683	2381	1901	1197	1054	1051	304	1209	756	506	1121	322	429	320	1207
133193	Alkalilimnicola	genus	0	0	0	0	0	0	0	0	0	0	0	0	0	0	0	0	0	0	0	0	0	0	0	0	0	0	0	0	0	0	0	0	0	0	0	0	0	0	0	0	0	0	0	0	0	0	0	0	0	0	0	0	0	0	0	0	0	0	0	0	0	0	0	0	0	0	0	0	0	0	0	0	0	0	0	0	0	0	0	0
1051	Ectothiorhodospira	genus	0	0	0	0	0	0	0	0	0	0	0	0	0	0	0	0	0	0	0	0	0	0	0	0	0	0	0	0	0	0	0	0	0	0	0	0	0	0	0	0	0	0	0	0	0	0	0	0	0	0	0	0	0	0	0	0	0	0	0	0	0	0	0	0	0	0	0	0	0	0	0	0	0	0	0	0	0	0	0	0
1765964	Acidihalobacter	genus	0	0	0	0	0	0	0	0	0	0	0	0	0	0	0	0	0	0	0	0	0	0	0	0	0	0	0	0	0	0	0	0	0	0	0	0	0	0	0	0	0	0	0	0	0	0	0	0	0	0	0	0	0	0	0	0	0	0	0	0	0	0	0	0	0	0	0	0	0	0	0	0	0	0	0	0	0	0	0	0
85108	Halorhodospira	genus	0	0	0	0	0	0	0	0	0	0	0	0	0	0	0	0	0	0	0	0	0	0	0	0	0	0	0	0	0	0	0	0	0	0	0	0	0	0	0	0	0	0	0	0	0	0	0	0	0	0	0	0	0	0	0	0	0	0	0	0	0	0	0	0	0	0	0	0	0	0	0	0	0	0	0	0	0	0	0	0
1335745	Spiribacter	genus	0	0	2	0	8	0	7	11	8	1	6	5	11	41	44	3	8	10	79	3	33	23	47	22	6	13	20	19	20	11	38	26	10	70	60	45	11	56	24	10	10	15	8	6	7	50	6	8	10	30	21	263	77	50	33	32	14	9	25	2	16	4	273	41	140	113	274	48	43	33	35	13	64	24	17	15	13	15	32	19
1227	Nitrosococcus	genus	7	13	17	10	28	10	29	26	44	34	22	42	34	64	58	68	51	44	108	43	90	41	65	53	45	69	48	101	81	90	24	57	119	119	71	144	77	73	51	97	55	62	118	65	104	80	117	98	54	193	69	95	140	142	128	308	86	115	289	84	84	88	95	133	153	117	937	226	178	360	145	100	180	220	138	237	125	90	262	209
85076	Marichromatium	genus	0	0	0	0	0	0	0	0	0	0	0	0	0	0	0	0	0	0	0	0	0	0	0	0	0	0	0	0	0	0	0	0	0	0	0	0	0	0	0	0	0	0	0	0	0	0	0	0	0	0	0	0	0	0	0	0	0	0	0	0	0	0	0	0	0	0	0	0	0	0	0	0	0	0	0	0	0	0	0	0
13724	Thiocystis	genus	0	0	0	0	0	0	0	0	0	0	0	0	0	0	0	0	0	0	0	0	0	0	0	0	0	0	0	0	0	0	0	0	0	0	0	0	0	0	0	0	0	0	0	0	0	0	0	0	0	0	0	0	0	0	0	0	0	0	0	0	0	0	0	0	0	0	0	0	0	0	0	0	0	0	0	0	0	0	0	0
85072	Allochromatium	genus	0	0	0	0	0	0	0	0	0	0	0	0	0	0	0	0	0	0	0	0	0	0	0	0	0	0	0	0	0	0	0	0	0	0	0	0	0	0	0	0	0	0	0	0	0	0	0	0	0	0	0	0	0	0	0	0	0	0	0	0	0	0	0	0	0	0	0	0	0	0	0	0	0	0	0	0	0	0	0	0
156885	Thioflavicoccus	genus	0	0	0	0	0	0	0	0	0	0	0	0	0	0	0	0	0	0	0	0	0	0	0	0	0	0	0	0	0	0	0	0	0	0	0	0	0	0	0	0	0	0	0	0	0	0	0	0	0	0	0	0	0	0	0	0	0	0	0	0	0	0	0	0	0	0	0	0	0	0	0	0	0	0	0	0	0	0	0	0
109262	Halothiobacillus	genus	1	9	1	3	4	1	9	6	15	16	15	33	41	64	33	18	16	26	36	7	87	25	22	34	13	51	22	61	22	34	22	18	95	62	28	78	17	72	16	108	10	19	31	36	37	51	66	82	36	86	29	27	79	53	30	123	35	30	104	11	15	24	32	54	78	37	158	109	79	294	55	23	86	73	43	136	14	30	28	87
1676142	Wenzhouxiangella	genus	0	0	0	0	0	0	0	0	0	0	0	0	0	0	0	0	0	0	0	0	0	0	0	0	0	0	0	0	0	0	0	0	0	0	0	0	0	0	0	0	0	0	0	0	0	0	0	0	0	0	0	0	0	0	0	0	0	0	0	0	0	0	0	0	0	0	0	0	0	0	0	0	0	0	0	0	0	0	0	0
1738655	Woeseia	genus	0	0	0	0	0	0	0	0	0	0	0	0	0	0	0	0	0	0	0	0	0	0	0	0	0	0	0	0	0	0	0	0	0	0	0	0	0	0	0	0	0	0	0	0	0	0	0	0	0	0	0	0	0	0	0	0	0	0	0	0	0	0	0	0	0	0	0	0	0	0	0	0	0	0	0	0	0	0	0	0
724	Haemophilus	genus	6	17	6	14	21	23	12	84	41	38	19	28	83	138	78	34	66	184	223	98	285	77	131	153	96	53	151	129	95	174	146	125	34	253	60	415	91	108	105	159	114	135	221	190	273	119	134	181	89	76	218	194	358	279	110	74	107	180	27	217	85	190	301	151	105	291	68	105	141	396	188	147	150	664	163	221	400	247	417	167
75984	Mannheimia	genus	9	29	14	21	48	33	37	63	81	80	72	64	140	150	177	75	135	164	504	123	759	163	217	430	200	78	192	184	180	473	175	224	57	607	212	1147	156	125	116	327	293	141	306	319	662	199	292	511	173	254	317	842	385	224	300	168	282	248	73	410	307	374	851	288	422	498	303	198	432	572	522	88	410	674	406	648	624	378	970	626
713	Actinobacillus	genus	25	52	30	31	91	137	69	117	76	117	141	103	220	260	177	96	223	213	881	238	1406	276	260	655	240	93	289	350	268	13359	296	342	123	2068	391	8738	243	222	217	677	272	214	432	559	3148	398	577	1276	257	321	429	712	602	445	333	464	424	399	168	668	337	718	850	359	603	572	371	295	530	1351	638	235	529	1296	1305	965	927	749	1037	1174
416916	Aggregatibacter	genus	5	15	6	1	24	9	4	33	14	32	17	45	52	35	34	13	50	42	184	27	938	28	44	111	60	23	66	152	60	205	62	57	13	107	109	665	34	42	37	178	47	38	64	71	409	114	131	195	52	31	78	78	133	73	56	99	53	73	114	69	40	73	87	55	172	100	102	50	79	191	104	71	82	479	197	281	155	76	172	109
745	Pasteurella	genus	0	0	0	0	0	0	0	0	0	0	0	0	0	0	0	0	0	0	0	0	0	0	0	0	0	0	0	0	0	0	0	0	0	0	0	0	0	0	0	0	0	0	0	0	0	0	0	0	0	0	0	0	0	0	0	0	0	0	0	0	0	0	0	0	0	0	0	0	0	0	0	0	0	0	0	0	0	0	0	0
476528	Bibersteinia	genus	0	0	0	0	0	0	0	0	0	0	0	0	0	0	0	0	0	0	0	0	0	0	0	0	0	0	0	0	0	0	0	0	0	0	0	0	0	0	0	0	0	0	0	0	0	0	0	0	0	0	0	0	0	0	0	0	0	0	0	0	0	0	0	0	0	0	0	0	0	0	0	0	0	0	0	0	0	0	0	0
155493	Gallibacterium	genus	0	0	0	0	0	0	0	0	0	0	0	0	0	0	0	0	0	0	0	0	0	0	0	0	0	0	0	0	0	0	0	0	0	0	0	0	0	0	0	0	0	0	0	0	0	0	0	0	0	0	0	0	0	0	0	0	0	0	0	0	0	0	0	0	0	0	0	0	0	0	0	0	0	0	0	0	0	0	0	0
697331	Basfia	genus	0	0	0	0	0	0	0	0	0	0	0	0	0	0	0	0	0	0	0	0	0	0	0	0	0	0	0	0	0	0	0	0	0	0	0	0	0	0	0	0	0	0	0	0	0	0	0	0	0	0	0	0	0	0	0	0	0	0	0	0	0	0	0	0	0	0	0	0	0	0	0	0	0	0	0	0	0	0	0	0
214906	Histophilus	genus	0	0	0	0	0	0	0	0	0	0	0	0	0	0	0	0	0	0	0	0	0	0	0	0	0	0	0	0	0	0	0	0	0	0	0	0	0	0	0	0	0	0	0	0	0	0	0	0	0	0	0	0	0	0	0	0	0	0	0	0	0	0	0	0	0	0	0	0	0	0	0	0	0	0	0	0	0	0	0	0
2745	Halomonas	genus	5	7	7	6	7	5	22	30	30	26	6	18	32	44	62	41	44	36	38	45	63	80	83	48	55	56	69	72	75	94	25	59	56	92	43	115	55	70	24	39	42	36	88	60	168	87	74	59	58	88	53	334	107	149	136	107	92	111	121	47	63	72	340	140	182	150	330	203	206	349	188	87	203	223	105	165	64	88	88	137
42054	Chromohalobacter	genus	0	0	0	0	0	0	0	0	0	0	0	0	0	0	0	0	0	0	0	0	0	0	0	0	0	0	0	0	0	0	0	0	0	0	0	0	0	0	0	0	0	0	0	0	0	0	0	0	0	0	0	0	0	0	0	0	0	0	0	0	0	0	0	0	0	0	0	0	0	0	0	0	0	0	0	0	0	0	0	0
376488	Halotalea	genus	0	0	0	0	0	0	0	0	0	0	0	0	0	0	0	0	0	0	0	0	0	0	0	0	0	0	0	0	0	0	0	0	0	0	0	0	0	0	0	0	0	0	0	0	0	0	0	0	0	0	0	0	0	0	0	0	0	0	0	0	0	0	0	0	0	0	0	0	0	0	0	0	0	0	0	0	0	0	0	0
59753	Alcanivorax	genus	36	108	53	96	192	183	188	288	315	277	127	300	465	440	471	249	508	434	1058	452	609	850	636	695	543	428	725	583	829	1066	638	549	488	661	658	1286	427	591	414	846	670	545	1270	901	1054	733	1030	1034	770	1112	940	1128	1471	938	1153	1117	741	1481	1328	1417	629	851	1420	1023	1831	1374	2533	1322	2072	1279	1848	1751	1741	1695	1398	2160	1695	1112	1729	2060
261963	Kangiella	genus	4	3	17	3	7	2	3	22	21	26	7	16	40	37	27	13	28	39	66	26	33	36	42	54	34	22	41	39	40	71	23	51	15	31	37	57	46	29	28	57	50	31	39	38	86	48	55	45	44	38	50	86	55	37	69	51	67	75	17	25	30	68	135	56	112	107	89	60	86	137	84	32	101	118	45	180	55	62	58	130
28253	Marinomonas	genus	3	1	1	4	29	2	4	13	9	12	8	3	78	25	32	9	11	14	87	20	22	57	25	52	35	25	70	15	34	38	36	32	7	25	24	59	17	33	19	29	72	15	62	34	53	28	35	25	22	69	108	66	195	55	29	27	32	58	10	37	45	55	102	81	85	39	70	59	77	73	75	21	154	283	55	45	106	46	85	59
48075	Marinobacterium	genus	0	0	0	0	0	0	0	0	0	0	0	0	0	0	0	0	0	0	0	0	0	0	0	0	0	0	0	0	0	0	0	0	0	0	0	0	0	0	0	0	0	0	0	0	0	0	0	0	0	0	0	0	0	0	0	0	0	0	0	0	0	0	0	0	0	0	0	0	0	0	0	0	0	0	0	0	0	0	0	0
187492	Thalassolituus	genus	0	0	0	0	0	0	0	0	0	0	0	0	0	0	0	0	0	0	0	0	0	0	0	0	0	0	0	0	0	0	0	0	0	0	0	0	0	0	0	0	0	0	0	0	0	0	0	0	0	0	0	0	0	0	0	0	0	0	0	0	0	0	0	0	0	0	0	0	0	0	0	0	0	0	0	0	0	0	0	0
188907	Oleispira	genus	0	0	0	0	0	0	0	0	0	0	0	0	0	0	0	0	0	0	0	0	0	0	0	0	0	0	0	0	0	0	0	0	0	0	0	0	0	0	0	0	0	0	0	0	0	0	0	0	0	0	0	0	0	0	0	0	0	0	0	0	0	0	0	0	0	0	0	0	0	0	0	0	0	0	0	0	0	0	0	0
158481	Hahella	genus	0	0	0	0	0	0	0	0	0	0	0	0	0	0	0	0	0	0	0	0	0	0	0	0	0	0	0	0	0	0	0	0	0	0	0	0	0	0	0	0	0	0	0	0	0	0	0	0	0	0	0	0	0	0	0	0	0	0	0	0	0	0	0	0	0	0	0	0	0	0	0	0	0	0	0	0	0	0	0	0
1445504	Gynuella	genus	0	0	0	0	0	0	0	0	0	0	0	0	0	0	0	0	0	0	0	0	0	0	0	0	0	0	0	0	0	0	0	0	0	0	0	0	0	0	0	0	0	0	0	0	0	0	0	0	0	0	0	0	0	0	0	0	0	0	0	0	0	0	0	0	0	0	0	0	0	0	0	0	0	0	0	0	0	0	0	0
662	Vibrio	genus	107	140	168	165	372	661	293	548	442	427	285	341	982	921	895	713	999	866	1879	994	1560	1323	1316	1951	1103	632	1514	952	1349	2592	1980	1764	822	1096	1310	2588	1095	1302	1032	1707	1370	1195	2420	2780	2868	1679	3029	1943	1317	2259	2373	2766	2802	4845	1683	2546	1972	2367	1467	3319	1834	2966	3871	1997	3063	2964	2588	1940	2867	4636	3324	2852	2883	6721	5258	4317	4919	7081	6751	6936
657	Photobacterium	genus	0	1	0	0	0	0	2	1	1	2	1	0	7	4	1	3	3	0	0	4	7	2	3	4	1	0	2	3	6	16	3	1	1	0	1	3	8	4	3	2	0	4	4	4	14	4	3	8	1	4	7	4	6	21	3	34	4	6	1	19	4	3	8	3	15	10	2	16	12	9	5	11	1	24	6	17	11	5	26	11
511678	Aliivibrio	genus	1	7	6	6	27	19	15	29	11	20	8	15	48	28	46	18	39	47	85	57	33	60	73	52	64	28	98	26	47	95	209	92	40	46	61	142	40	39	71	104	71	61	219	198	146	62	198	111	63	99	163	209	91	156	56	257	80	97	44	386	110	143	256	68	121	181	105	66	151	240	217	66	165	318	239	122	543	281	522	309
246861	Grimontia	genus	0	0	0	0	0	0	0	0	0	0	0	0	0	0	0	0	0	0	0	0	0	0	0	0	0	0	0	0	0	0	0	0	0	0	0	0	0	0	0	0	0	0	0	0	0	0	0	0	0	0	0	0	0	0	0	0	0	0	0	0	0	0	0	0	0	0	0	0	0	0	0	0	0	0	0	0	0	0	0	0
349742	Sedimenticola	genus	0	0	0	0	0	0	0	0	0	0	0	0	0	0	0	0	0	0	0	0	0	0	0	0	0	0	0	0	0	0	0	0	0	0	0	0	0	0	0	0	0	0	0	0	0	0	0	0	0	0	0	0	0	0	0	0	0	0	0	0	0	0	0	0	0	0	0	0	0	0	0	0	0	0	0	0	0	0	0	0
1608298	Thiolapillus	genus	0	0	0	0	0	0	0	0	0	0	0	0	0	0	0	0	0	0	0	0	0	0	0	0	0	0	0	0	0	0	0	0	0	0	0	0	0	0	0	0	0	0	0	0	0	0	0	0	0	0	0	0	0	0	0	0	0	0	0	0	0	0	0	0	0	0	0	0	0	0	0	0	0	0	0	0	0	0	0	0
1524249	Pseudohongiella	genus	0	0	0	0	0	0	0	0	0	0	0	0	0	0	0	0	0	0	0	0	0	0	0	0	0	0	0	0	0	0	0	0	0	0	0	0	0	0	0	0	0	0	0	0	0	0	0	0	0	0	0	0	0	0	0	0	0	0	0	0	0	0	0	0	0	0	0	0	0	0	0	0	0	0	0	0	0	0	0	0
262	Francisella	genus	70	112	125	163	218	131	274	379	337	267	257	162	579	441	720	471	771	679	596	710	463	700	850	1195	1032	448	983	459	933	1201	999	997	710	518	775	960	1004	609	667	580	867	843	1301	1337	1270	785	1313	900	871	1922	1323	3176	1178	1639	1211	1373	1420	918	608	1827	1993	1560	3158	1376	1813	1759	1194	1238	2068	2630	2586	344	2537	2362	1508	2614	4595	1854	3537	3657
1869285	Allofrancisella	genus	0	0	0	0	0	0	0	0	0	0	0	0	0	0	0	0	0	0	0	0	0	0	0	0	0	0	0	0	0	0	0	0	0	0	0	0	0	0	0	0	0	0	0	0	0	0	0	0	0	0	0	0	0	0	0	0	0	0	0	0	0	0	0	0	0	0	0	0	0	0	0	0	0	0	0	0	0	0	0	0
40222	Methylophaga	genus	2	1	4	0	6	2	5	29	5	13	8	8	20	29	18	18	13	23	33	30	50	34	23	71	14	5	33	76	31	79	24	33	10	24	68	120	22	78	15	34	21	19	36	15	149	95	70	33	28	38	31	34	127	119	17	45	29	39	46	16	34	114	85	40	116	33	74	38	65	559	62	34	61	342	58	74	89	26	35	26
92244	Thiomicrospira	genus	2	2	3	3	6	1	6	12	16	7	8	4	39	23	14	9	19	13	23	18	15	22	24	156	13	8	29	36	25	75	17	34	16	54	18	60	12	21	7	29	50	16	22	50	37	31	71	24	27	37	30	79	43	118	24	67	20	32	70	23	15	14	148	21	36	52	171	70	45	72	46	17	91	147	45	63	48	62	43	58
1237	Piscirickettsia	genus	0	0	0	0	0	0	0	0	0	0	0	0	0	0	0	0	0	0	0	0	0	0	0	0	0	0	0	0	0	0	0	0	0	0	0	0	0	0	0	0	0	0	0	0	0	0	0	0	0	0	0	0	0	0	0	0	0	0	0	0	0	0	0	0	0	0	0	0	0	0	0	0	0	0	0	0	0	0	0	0
34067	Cycloclasticus	genus	11	15	18	21	38	42	38	82	51	41	36	38	112	168	126	54	109	118	198	130	155	200	167	272	152	98	239	93	156	221	234	210	78	146	138	239	159	130	102	134	172	124	564	451	170	147	399	169	159	283	327	609	284	263	267	208	205	252	169	609	190	317	722	247	355	441	277	221	370	388	447	101	461	488	336	374	708	348	1027	878
933	Thiomicrospira	genus	0	0	0	0	0	0	0	0	0	0	0	0	0	0	0	0	0	0	0	0	0	0	0	0	0	0	0	0	0	0	0	0	0	0	0	0	0	0	0	0	0	0	0	0	0	0	0	0	0	0	0	0	0	0	0	0	0	0	0	0	0	0	0	0	0	0	0	0	0	0	0	0	0	0	0	0	0	0	0	0
1021	Beggiatoa	genus	0	0	0	0	0	0	0	0	0	0	0	0	0	0	0	0	0	0	0	0	0	0	0	0	0	0	0	0	0	0	0	0	0	0	0	0	0	0	0	0	0	0	0	0	0	0	0	0	0	0	0	0	0	0	0	0	0	0	0	0	0	0	0	0	0	0	0	0	0	0	0	0	0	0	0	0	0	0	0	0
40751	Thioploca	genus	0	0	0	0	0	0	0	0	0	0	0	0	0	0	0	0	0	0	0	0	0	0	0	0	0	0	0	0	0	0	0	0	0	0	0	0	0	0	0	0	0	0	0	0	0	0	0	0	0	0	0	0	0	0	0	0	0	0	0	0	0	0	0	0	0	0	0	0	0	0	0	0	0	0	0	0	0	0	0	0
447467	Simiduia	genus	0	0	0	0	0	0	0	0	0	0	0	0	0	0	0	0	0	0	0	0	0	0	0	0	0	0	0	0	0	0	0	0	0	0	0	0	0	0	0	0	0	0	0	0	0	0	0	0	0	0	0	0	0	0	0	0	0	0	0	0	0	0	0	0	0	0	0	0	0	0	0	0	0	0	0	0	0	0	0	0
10	Cellvibrio	genus	0	0	0	0	0	0	0	0	0	0	0	0	0	0	0	0	0	0	0	0	0	0	0	0	0	0	0	0	0	0	0	0	0	0	0	0	0	0	0	0	0	0	0	0	0	0	0	0	0	0	0	0	0	0	0	0	0	0	0	0	0	0	0	0	0	0	0	0	0	0	0	0	0	0	0	0	0	0	0	0
316625	Saccharophagus	genus	0	0	0	0	0	0	0	0	0	0	0	0	0	0	0	0	0	0	0	0	0	0	0	0	0	0	0	0	0	0	0	0	0	0	0	0	0	0	0	0	0	0	0	0	0	0	0	0	0	0	0	0	0	0	0	0	0	0	0	0	0	0	0	0	0	0	0	0	0	0	0	0	0	0	0	0	0	0	0	0
2425	Teredinibacter	genus	0	0	0	0	0	0	0	0	0	0	0	0	0	0	0	0	0	0	0	0	0	0	0	0	0	0	0	0	0	0	0	0	0	0	0	0	0	0	0	0	0	0	0	0	0	0	0	0	0	0	0	0	0	0	0	0	0	0	0	0	0	0	0	0	0	0	0	0	0	0	0	0	0	0	0	0	0	0	0	0
48073	Microbulbifer	genus	3	0	3	2	3	0	2	5	6	3	0	2	3	6	8	2	7	7	3	10	12	5	9	7	11	17	9	4	17	18	7	8	4	6	5	21	9	10	5	15	11	10	19	13	15	12	5	9	12	16	4	16	7	9	16	13	5	27	11	4	5	8	9	17	10	22	99	42	31	18	24	187	23	12	76	35	11	9	8	38
1434050	Zhongshania	genus	0	0	0	0	0	0	0	0	0	0	0	0	0	0	0	0	0	0	0	0	0	0	0	0	0	0	0	0	0	0	0	0	0	0	0	0	0	0	0	0	0	0	0	0	0	0	0	0	0	0	0	0	0	0	0	0	0	0	0	0	0	0	0	0	0	0	0	0	0	0	0	0	0	0	0	0	0	0	0	0
630749	Spongiibacter	genus	0	0	0	0	0	0	0	0	0	0	0	0	0	0	0	0	0	0	0	0	0	0	0	0	0	0	0	0	0	0	0	0	0	0	0	0	0	0	0	0	0	0	0	0	0	0	0	0	0	0	0	0	0	0	0	0	0	0	0	0	0	0	0	0	0	0	0	0	0	0	0	0	0	0	0	0	0	0	0	0
445	Legionella	genus	8	6	17	8	12	1	29	17	44	26	21	25	33	34	42	44	26	52	39	40	37	44	67	44	46	59	60	60	64	53	52	43	74	89	41	86	49	44	67	76	46	56	104	87	70	90	71	67	53	102	76	124	96	115	188	136	118	103	151	118	111	76	122	122	118	116	194	187	157	160	140	54	169	134	73	134	145	79	111	129
465	Tatlockia	genus	0	0	0	0	0	0	0	0	0	0	0	0	0	0	0	0	0	0	0	0	0	0	0	0	0	0	0	0	0	0	0	0	0	0	0	0	0	0	0	0	0	0	0	0	0	0	0	0	0	0	0	0	0	0	0	0	0	0	0	0	0	0	0	0	0	0	0	0	0	0	0	0	0	0	0	0	0	0	0	0
776	Coxiella	genus	0	0	0	2	0	0	0	1	1	1	0	0	1	3	1	6	0	0	2	1	2	2	0	4	0	0	0	9	1	2	1	2	20	4	6	6	1	6	0	1	0	2	0	0	8	8	6	2	1	22	4	2	9	31	0	1	5	2	2	0	6	5	1	5	30	0	35	9	1	16	0	1	4	9	4	1	3	4	1	3
416	Methylomonas	genus	2	10	5	10	16	4	21	39	40	58	16	28	44	74	49	27	54	36	63	79	70	59	79	68	52	66	74	104	85	63	135	62	60	103	64	105	74	85	69	84	73	61	231	70	85	86	93	109	99	142	121	110	134	158	149	124	97	182	105	62	47	100	386	139	298	169	342	237	229	174	229	51	381	139	78	325	131	88	108	140
413	Methylococcus	genus	0	0	0	0	0	0	0	0	0	0	0	0	0	0	0	0	0	0	0	0	0	0	0	0	0	0	0	0	0	0	0	0	0	0	0	0	0	0	0	0	0	0	0	0	0	0	0	0	0	0	0	0	0	0	0	0	0	0	0	0	0	0	0	0	0	0	0	0	0	0	0	0	0	0	0	0	0	0	0	0
39773	Methylomicrobium	genus	0	0	0	0	0	0	0	0	0	0	0	0	0	0	0	0	0	0	0	0	0	0	0	0	0	0	0	0	0	0	0	0	0	0	0	0	0	0	0	0	0	0	0	0	0	0	0	0	0	0	0	0	0	0	0	0	0	0	0	0	0	0	0	0	0	0	0	0	0	0	0	0	0	0	0	0	0	0	0	0
469322	Steroidobacter	genus	0	0	0	0	0	0	0	0	0	0	0	0	0	0	0	0	0	0	0	0	0	0	0	0	0	0	0	0	0	0	0	0	0	0	0	0	0	0	0	0	0	0	0	0	0	0	0	0	0	0	0	0	0	0	0	0	0	0	0	0	0	0	0	0	0	0	0	0	0	0	0	0	0	0	0	0	0	0	0	0
1193503	Gilliamella	genus	0	0	0	0	0	0	0	0	0	0	0	0	0	0	0	0	0	0	0	0	0	0	0	0	0	0	0	0	0	0	0	0	0	0	0	0	0	0	0	0	0	0	0	0	0	0	0	0	0	0	0	0	0	0	0	0	0	0	0	0	0	0	0	0	0	0	0	0	0	0	0	0	0	0	0	0	0	0	0	0
1335631	Frischella	genus	0	0	0	0	0	0	0	0	0	0	0	0	0	0	0	0	0	0	0	0	0	0	0	0	0	0	0	0	0	0	0	0	0	0	0	0	0	0	0	0	0	0	0	0	0	0	0	0	0	0	0	0	0	0	0	0	0	0	0	0	0	0	0	0	0	0	0	0	0	0	0	0	0	0	0	0	0	0	0	0
869	Dichelobacter	genus	0	0	0	0	0	0	0	0	0	0	0	0	0	0	0	0	0	0	0	0	0	0	0	0	0	0	0	0	0	0	0	0	0	0	0	0	0	0	0	0	0	0	0	0	0	0	0	0	0	0	0	0	0	0	0	0	0	0	0	0	0	0	0	0	0	0	0	0	0	0	0	0	0	0	0	0	0	0	0	0
12916	Acidovorax	genus	6867	9218	4308	12267	16369	1165	7440	41485	78500	42398	13927	14063	93629	54752	161254	11474	125449	98782	152739	92043	47969	216912	154159	171746	162864	32110	234664	73200	177859	60550	68228	116710	7255	88442	58383	148015	42318	92690	69911	63669	223053	106416	215728	171748	72615	119246	146721	57721	238775	40177	183710	178205	197763	29289	186952	11763	84478	506010	107720	112326	17514	177535	340511	112940	505378	244446	162283	96572	338591	73903	508002	14488	522779	185421	47028	340286	194318	63880	139889	29539
80865	Delftia	genus	2661	3429	2017	4686	6901	810	3514	14512	28788	15155	5175	5705	37251	18631	52485	5677	43132	31490	53201	33846	16923	84157	54769	56902	54294	13046	82867	32924	66072	47494	29282	39235	4620	30806	23786	47795	16573	31619	32771	27043	73052	44555	85674	69270	34802	34274	58704	21356	79631	15805	76099	60768	70484	15444	76894	6965	32015	183309	41468	105074	9183	71525	108515	48792	163016	90134	72896	42212	126754	32396	179667	8086	175941	69693	19786	120257	86985	30413	64056	18606
34072	Variovorax	genus	180	217	127	287	348	27	330	895	1856	1259	273	377	1567	1044	2409	388	1993	1476	2211	2475	1270	5624	3226	2293	2602	1048	4312	2786	3453	1922	2171	1792	515	1957	1411	2612	1284	1324	2120	1171	3420	2244	7561	4471	1671	1567	3068	1161	4170	903	4855	3174	2896	762	4699	624	2800	11283	2253	2172	663	4062	4361	2514	6858	4979	3920	3136	8614	1584	9393	373	7923	2444	1330	5989	4016	1048	3104	1102
201096	Alicycliphilus	genus	0	0	0	0	0	0	0	0	0	0	0	0	0	0	0	0	0	0	0	0	0	0	0	0	0	0	0	0	0	0	0	0	0	0	0	0	0	0	0	0	0	0	0	0	0	0	0	0	0	0	0	0	0	0	0	0	0	0	0	0	0	0	0	0	0	0	0	0	0	0	0	0	0	0	0	0	0	0	0	0
47420	Hydrogenophaga	genus	132	179	88	230	226	20	285	739	1451	819	200	307	1374	774	2267	305	1584	1097	1778	1488	1045	6734	2518	2038	2061	790	3852	2522	2821	2033	3753	1555	219	1549	1205	2494	874	1117	1585	1041	2677	1479	6717	2921	1541	1350	2806	975	3543	816	3908	3140	2750	722	3342	406	1733	8279	2028	1684	402	2614	4048	1759	5099	4268	3661	2933	7713	1390	7568	250	8532	2318	1224	4919	2451	826	2096	1230
283	Comamonas	genus	0	0	0	0	0	0	0	0	0	0	0	0	0	0	0	0	0	0	0	0	0	0	0	0	0	0	0	0	0	0	0	0	0	0	0	0	0	0	0	0	0	0	0	0	0	0	0	0	0	0	0	0	0	0	0	0	0	0	0	0	0	0	0	0	0	0	0	0	0	0	0	0	0	0	0	0	0	0	0	0
52972	Polaromonas	genus	97	89	49	119	100	19	188	346	766	376	100	134	586	363	1293	146	846	607	1031	831	524	2260	1554	923	1311	950	2865	952	2058	836	1260	793	142	616	526	1113	552	620	1323	525	1408	1027	3919	2017	728	699	1548	471	1992	311	6798	1546	1266	315	2110	211	2490	6078	770	1152	177	1529	2525	877	2795	2614	1808	1065	7666	690	6312	157	4060	1069	586	2770	1414	366	1365	447
174951	Ramlibacter	genus	0	0	0	0	0	0	0	0	0	0	0	0	0	0	0	0	0	0	0	0	0	0	0	0	0	0	0	0	0	0	0	0	0	0	0	0	0	0	0	0	0	0	0	0	0	0	0	0	0	0	0	0	0	0	0	0	0	0	0	0	0	0	0	0	0	0	0	0	0	0	0	0	0	0	0	0	0	0	0	0
364316	Verminephrobacter	genus	0	0	0	0	0	0	0	0	0	0	0	0	0	0	0	0	0	0	0	0	0	0	0	0	0	0	0	0	0	0	0	0	0	0	0	0	0	0	0	0	0	0	0	0	0	0	0	0	0	0	0	0	0	0	0	0	0	0	0	0	0	0	0	0	0	0	0	0	0	0	0	0	0	0	0	0	0	0	0	0
665874	Limnohabitans	genus	11	19	7	25	29	1	40	78	97	79	23	30	130	54	211	21	160	121	145	111	97	309	211	202	211	89	358	214	318	344	152	154	13	98	124	284	106	94	116	100	230	160	626	290	175	122	243	120	319	46	408	277	317	61	256	46	180	956	92	213	43	272	342	137	532	406	406	178	897	176	872	33	821	207	134	522	244	71	212	113
28065	Rhodoferax	genus	0	0	0	0	0	0	0	0	0	0	0	0	0	0	0	0	0	0	0	0	0	0	0	0	0	0	0	0	0	0	0	0	0	0	0	0	0	0	0	0	0	0	0	0	0	0	0	0	0	0	0	0	0	0	0	0	0	0	0	0	0	0	0	0	0	0	0	0	0	0	0	0	0	0	0	0	0	0	0	0
219181	Ottowia	genus	0	0	0	0	0	0	0	0	0	0	0	0	0	0	0	0	0	0	0	0	0	0	0	0	0	0	0	0	0	0	0	0	0	0	0	0	0	0	0	0	0	0	0	0	0	0	0	0	0	0	0	0	0	0	0	0	0	0	0	0	0	0	0	0	0	0	0	0	0	0	0	0	0	0	0	0	0	0	0	0
32008	Burkholderia	genus	1508	2248	1455	3624	3476	357	7169	7689	12854	9927	2828	6858	12563	15192	15165	10879	13065	10558	18894	14547	24488	48644	22562	15557	15874	17174	21439	31116	26665	15293	13258	13581	22370	33966	16091	33652	16578	19848	15011	14634	18801	17335	31246	22014	18700	25294	22956	16670	26161	32959	27282	28650	31914	28811	62529	34032	22017	49924	52527	20103	15936	22371	33651	57378	51692	43499	52812	105046	57388	39896	54942	19165	68089	43161	21538	52621	25545	19727	21892	41790
48736	Ralstonia	genus	209	379	197	480	623	48	796	1337	2328	1801	485	763	2543	2382	3195	1209	2706	2431	3466	2647	3042	9503	4327	3413	3330	1834	5086	5452	4621	2691	2545	2656	1196	4026	2596	5534	2075	3061	2531	2449	4221	3064	6349	4124	3000	3871	4234	2612	5215	3542	5547	5051	5429	3177	8209	2406	3574	11310	5293	3663	1408	4462	7308	5772	10918	7573	7068	9453	10199	4668	11431	1936	11643	6678	3200	9675	4982	2747	3845	5495
106589	Cupriavidus	genus	574	948	731	1461	1512	153	2312	3789	6270	4682	1227	2486	6600	6557	7707	4020	6436	5344	8618	7409	10102	26067	10967	8270	7808	6213	11938	16614	12096	7409	7481	6754	6401	12465	7153	15762	6227	7996	7308	6837	10265	7678	16101	11360	8200	9905	10444	6793	13157	10962	14175	11729	13979	9804	25183	8975	10084	27100	21031	11229	4990	11300	15965	18158	25413	19723	24260	33043	25457	13549	27619	7242	31354	18326	9682	23511	13985	9286	10696	19409
1822464	Paraburkholderia	genus	71	100	69	149	195	37	331	337	638	467	154	351	654	849	764	537	788	627	1235	755	1154	1948	1238	974	767	766	1179	1275	1266	743	812	721	1203	1461	1031	1692	776	1259	776	805	1081	868	1833	1219	947	1610	1491	1027	1288	1594	1486	1540	2037	1408	3312	1407	934	2663	2371	1238	699	1219	2038	2280	3198	2198	2544	3937	3135	2020	2900	1282	3412	2251	1075	2999	1453	1040	1342	2391
93217	Pandoraea	genus	90	174	80	188	263	30	342	486	759	509	220	353	914	989	1115	539	971	798	1744	850	1189	2763	1581	1467	1041	872	1595	1915	1450	1466	869	1001	546	1581	1108	2403	924	1515	879	1059	1488	1111	2107	1363	1398	1837	1663	1231	1549	1938	1795	2504	2645	1738	3709	1210	1129	3312	2107	1297	716	1533	3391	2534	4803	2698	3421	3885	3656	2198	3503	1227	4283	2930	1471	4010	1844	1225	1467	2868
44013	Polynucleobacter	genus	5	7	4	7	21	3	11	13	19	16	2	24	19	41	38	5	25	25	91	24	34	38	64	54	36	33	51	16	68	60	47	48	118	58	58	105	19	61	34	88	15	59	134	54	54	54	93	60	74	33	80	274	160	66	229	37	46	97	21	47	268	58	246	92	184	133	82	121	184	114	150	73	193	121	71	105	56	52	73	134
517	Bordetella	genus	796	1281	903	1881	1984	205	2719	5026	8196	6339	1614	3336	7981	7404	10767	4848	8627	6799	11542	9810	12177	24805	14869	11190	11133	7537	15894	18726	16600	12434	8176	8948	8903	15265	9561	19329	8386	10176	9125	8763	13903	9769	20287	14906	11777	13186	13855	9324	18154	13058	18002	16836	18157	11677	69108	12489	13313	37647	25625	18777	7138	15361	21345	21005	33306	26908	39291	36002	34366	18228	38836	8651	40683	21348	12898	32672	17487	13123	13434	43568
222	Achromobacter	genus	266	468	311	509	620	97	703	1476	2527	1923	515	1143	2414	2212	3166	1482	2818	2226	3627	2961	3639	7801	4160	3508	3408	2047	4867	5066	4763	3526	2585	2617	2902	4202	2877	5612	2425	3172	2749	2981	4441	3149	5984	4745	3706	4088	4164	2808	5413	3532	5375	4647	5675	3202	18751	3374	3879	11099	6891	14724	2047	4704	6616	6444	11689	7769	10316	9983	9976	5305	11451	2760	12074	6330	4162	10208	6184	7829	4371	10884
359336	Castellaniella	genus	0	0	0	0	0	0	0	0	0	0	0	0	0	0	0	0	0	0	0	0	0	0	0	0	0	0	0	0	0	0	0	0	0	0	0	0	0	0	0	0	0	0	0	0	0	0	0	0	0	0	0	0	0	0	0	0	0	0	0	0	0	0	0	0	0	0	0	0	0	0	0	0	0	0	0	0	0	0	0	0
507	Alcaligenes	genus	0	0	0	0	0	0	0	0	0	0	0	0	0	0	0	0	0	0	0	0	0	0	0	0	0	0	0	0	0	0	0	0	0	0	0	0	0	0	0	0	0	0	0	0	0	0	0	0	0	0	0	0	0	0	0	0	0	0	0	0	0	0	0	0	0	0	0	0	0	0	0	0	0	0	0	0	0	0	0	0
290425	Advenella	genus	13	23	16	19	42	10	35	53	63	97	20	30	112	105	171	36	120	92	257	99	185	437	267	171	105	73	163	301	180	709	83	147	95	178	293	447	120	179	81	152	166	195	226	132	392	388	214	133	184	142	215	661	583	170	720	125	239	370	122	204	492	193	619	178	950	623	364	181	339	346	388	68	521	312	853	420	207	139	150	1417
305976	Pusillimonas	genus	0	0	0	0	0	0	0	0	0	0	0	0	0	0	0	0	0	0	0	0	0	0	0	0	0	0	0	0	0	0	0	0	0	0	0	0	0	0	0	0	0	0	0	0	0	0	0	0	0	0	0	0	0	0	0	0	0	0	0	0	0	0	0	0	0	0	0	0	0	0	0	0	0	0	0	0	0	0	0	0
29574	Taylorella	genus	4	4	6	5	16	0	4	23	14	19	17	12	30	65	47	20	27	21	83	24	70	22	68	53	34	21	34	117	26	178	17	50	48	84	163	145	22	92	15	38	36	35	45	34	107	160	53	42	25	37	39	284	232	77	728	57	67	61	46	33	196	38	431	97	361	92	181	53	90	130	114	17	122	93	344	93	47	44	40	268
1472344	Basilea	genus	0	0	0	0	0	0	0	0	0	0	0	0	0	0	0	0	0	0	0	0	0	0	0	0	0	0	0	0	0	0	0	0	0	0	0	0	0	0	0	0	0	0	0	0	0	0	0	0	0	0	0	0	0	0	0	0	0	0	0	0	0	0	0	0	0	0	0	0	0	0	0	0	0	0	0	0	0	0	0	0
88	Leptothrix	genus	0	0	0	0	0	0	0	0	0	0	0	0	0	0	0	0	0	0	0	0	0	0	0	0	0	0	0	0	0	0	0	0	0	0	0	0	0	0	0	0	0	0	0	0	0	0	0	0	0	0	0	0	0	0	0	0	0	0	0	0	0	0	0	0	0	0	0	0	0	0	0	0	0	0	0	0	0	0	0	0
318147	Roseateles	genus	0	0	0	0	0	0	0	0	0	0	0	0	0	0	0	0	0	0	0	0	0	0	0	0	0	0	0	0	0	0	0	0	0	0	0	0	0	0	0	0	0	0	0	0	0	0	0	0	0	0	0	0	0	0	0	0	0	0	0	0	0	0	0	0	0	0	0	0	0	0	0	0	0	0	0	0	0	0	0	0
28067	Rubrivivax	genus	0	0	0	0	0	0	0	0	0	0	0	0	0	0	0	0	0	0	0	0	0	0	0	0	0	0	0	0	0	0	0	0	0	0	0	0	0	0	0	0	0	0	0	0	0	0	0	0	0	0	0	0	0	0	0	0	0	0	0	0	0	0	0	0	0	0	0	0	0	0	0	0	0	0	0	0	0	0	0	0
316612	Methylibium	genus	0	0	0	0	0	0	0	0	0	0	0	0	0	0	0	0	0	0	0	0	0	0	0	0	0	0	0	0	0	0	0	0	0	0	0	0	0	0	0	0	0	0	0	0	0	0	0	0	0	0	0	0	0	0	0	0	0	0	0	0	0	0	0	0	0	0	0	0	0	0	0	0	0	0	0	0	0	0	0	0
93681	Roseateles	genus	0	0	0	0	0	0	0	0	0	0	0	0	0	0	0	0	0	0	0	0	0	0	0	0	0	0	0	0	0	0	0	0	0	0	0	0	0	0	0	0	0	0	0	0	0	0	0	0	0	0	0	0	0	0	0	0	0	0	0	0	0	0	0	0	0	0	0	0	0	0	0	0	0	0	0	0	0	0	0	0
32012	Thiomonas	genus	0	0	0	0	0	0	0	0	0	0	0	0	0	0	0	0	0	0	0	0	0	0	0	0	0	0	0	0	0	0	0	0	0	0	0	0	0	0	0	0	0	0	0	0	0	0	0	0	0	0	0	0	0	0	0	0	0	0	0	0	0	0	0	0	0	0	0	0	0	0	0	0	0	0	0	0	0	0	0	0
65047	Roseateles	genus	0	0	0	0	0	0	0	0	0	0	0	0	0	0	0	0	0	0	0	0	0	0	0	0	0	0	0	0	0	0	0	0	0	0	0	0	0	0	0	0	0	0	0	0	0	0	0	0	0	0	0	0	0	0	0	0	0	0	0	0	0	0	0	0	0	0	0	0	0	0	0	0	0	0	0	0	0	0	0	0
29580	Janthinobacterium	genus	34	34	16	45	64	16	96	111	172	138	64	275	212	212	289	95	359	1508	436	190	249	795	417	368	310	190	503	233	420	305	7232	468	103	259	317	437	191	330	610	330	391	1876	589	458	335	378	476	354	484	276	490	908	670	338	1095	180	269	914	381	8539	140	418	4537	597	1195	4932	625	786	1018	446	916	250	1001	533	203	950	7726	606	5447	437
202907	Collimonas	genus	89	119	68	142	218	47	282	390	688	509	157	331	703	786	994	376	851	702	1450	815	953	1895	1402	1056	1035	660	1466	1444	1343	1135	1480	825	573	1173	1100	2170	691	1124	947	1001	1188	1168	2393	1506	1191	1500	2014	1070	1568	1527	1910	2306	2424	1313	2768	918	1206	3510	1770	1759	568	1476	2783	2113	3788	2677	2535	2862	3934	1731	3556	1569	3516	2220	1167	3484	2344	998	1972	2296
963	Herbaspirillum	genus	56	106	82	127	208	9	289	395	637	487	196	272	740	793	994	435	980	736	1419	726	934	2638	1310	1309	1034	587	1528	1842	1367	1128	1341	892	566	1283	988	2130	665	1337	879	894	1353	1059	2098	1294	1048	1519	1358	908	1530	1638	1656	1899	2261	1406	2776	815	958	3186	1901	1505	469	1309	2630	1824	4021	2397	2695	3036	3376	1788	3578	566	3739	2384	1218	3100	2018	1159	1418	2128
149698	Massilia	genus	3	5	2	5	14	3	13	22	33	30	8	13	29	49	46	21	39	36	41	38	40	193	78	37	40	36	54	58	66	21	166	39	18	46	28	55	30	34	71	33	35	65	77	42	34	61	62	29	116	90	83	172	82	93	109	51	51	92	74	149	35	52	184	102	106	171	101	243	168	83	141	19	160	132	46	97	406	247	130	76
303379	Herminiimonas	genus	0	0	0	0	0	0	0	0	0	0	0	0	0	0	0	0	0	0	0	0	0	0	0	0	0	0	0	0	0	0	0	0	0	0	0	0	0	0	0	0	0	0	0	0	0	0	0	0	0	0	0	0	0	0	0	0	0	0	0	0	0	0	0	0	0	0	0	0	0	0	0	0	0	0	0	0	0	0	0	0
482	Neisseria	genus	1516	5104	2576	1880	8605	316	744	8068	3499	15735	7949	23905	11758	5063	9318	1411	18155	16329	69277	8034	23457	3716	12351	19141	10194	2050	8075	13642	18231	51148	1986	14642	2309	11902	50123	61212	12858	8781	3193	86326	14169	12703	5012	23115	76189	22213	23326	100525	18201	3043	10278	23274	60193	4314	19768	3307	15382	23398	3449	4272	4878	32990	21141	10596	77040	30713	40377	4609	20895	26763	36356	3236	16370	24959	17455	155739	12462	2914	6334	3920
32257	Kingella	genus	0	0	0	0	0	0	0	0	0	0	0	0	0	0	0	0	0	0	0	0	0	0	0	0	0	0	0	0	0	0	0	0	0	0	0	0	0	0	0	0	0	0	0	0	0	0	0	0	0	0	0	0	0	0	0	0	0	0	0	0	0	0	0	0	0	0	0	0	0	0	0	0	0	0	0	0	0	0	0	0
1193515	Snodgrassella	genus	0	0	0	0	0	0	0	0	0	0	0	0	0	0	0	0	0	0	0	0	0	0	0	0	0	0	0	0	0	0	0	0	0	0	0	0	0	0	0	0	0	0	0	0	0	0	0	0	0	0	0	0	0	0	0	0	0	0	0	0	0	0	0	0	0	0	0	0	0	0	0	0	0	0	0	0	0	0	0	0
535	Chromobacterium	genus	83	182	88	185	322	25	258	428	527	621	297	623	684	753	745	805	771	649	1671	675	1492	1921	1086	909	772	599	885	1807	1283	1711	578	726	568	1369	1506	2515	820	1201	573	2083	835	1165	1181	1187	1984	1704	1126	2065	1339	2065	1210	1247	2243	2559	2166	1091	1152	2301	2467	715	656	1263	1360	2001	3062	2053	3286	4334	2730	2186	2861	819	2672	3210	1339	4646	1094	1121	811	1609
568394	Pseudogulbenkiania	genus	0	0	0	0	0	0	0	0	0	0	0	0	0	0	0	0	0	0	0	0	0	0	0	0	0	0	0	0	0	0	0	0	0	0	0	0	0	0	0	0	0	0	0	0	0	0	0	0	0	0	0	0	0	0	0	0	0	0	0	0	0	0	0	0	0	0	0	0	0	0	0	0	0	0	0	0	0	0	0	0
168470	Laribacter	genus	0	0	0	0	0	0	0	0	0	0	0	0	0	0	0	0	0	0	0	0	0	0	0	0	0	0	0	0	0	0	0	0	0	0	0	0	0	0	0	0	0	0	0	0	0	0	0	0	0	0	0	0	0	0	0	0	0	0	0	0	0	0	0	0	0	0	0	0	0	0	0	0	0	0	0	0	0	0	0	0
885864	Jeongeupia	genus	0	0	0	0	0	0	0	0	0	0	0	0	0	0	0	0	0	0	0	0	0	0	0	0	0	0	0	0	0	0	0	0	0	0	0	0	0	0	0	0	0	0	0	0	0	0	0	0	0	0	0	0	0	0	0	0	0	0	0	0	0	0	0	0	0	0	0	0	0	0	0	0	0	0	0	0	0	0	0	0
33057	Thauera	genus	75	159	34	178	123	11	254	574	580	514	136	323	507	461	910	618	780	421	524	569	1085	1720	962	1170	1284	625	1291	1338	2827	2183	231	740	239	814	560	3470	839	1098	291	552	975	435	927	1008	1005	1716	1078	1229	2210	1559	1070	1088	1080	1049	1737	495	1226	3426	6507	338	359	962	1659	924	1864	1930	1422	4444	6269	2490	6661	179	4313	3675	935	3581	661	432	576	13638
12960	Azoarcus	genus	417	922	393	1146	1038	180	2593	2768	4424	3287	1009	1850	3955	5158	5762	4089	5111	3358	5352	4343	8241	16824	7418	6070	6457	4864	7819	10122	11987	7381	3912	4407	3851	8588	4859	15608	5542	9235	3713	4564	6165	4643	9784	6892	6474	12637	7220	6752	10234	15659	8948	7628	10769	11378	14770	6489	6980	18441	23763	4431	3506	6620	11042	12500	17938	12818	14795	36066	26658	14282	27395	3177	25516	25114	6717	21729	5985	5435	5360	30348
73029	Dechloromonas	genus	0	0	0	0	0	0	0	0	0	0	0	0	0	0	0	0	0	0	0	0	0	0	0	0	0	0	0	0	0	0	0	0	0	0	0	0	0	0	0	0	0	0	0	0	0	0	0	0	0	0	0	0	0	0	0	0	0	0	0	0	0	0	0	0	0	0	0	0	0	0	0	0	0	0	0	0	0	0	0	0
146937	Azospira	genus	0	0	0	0	0	0	0	0	0	0	0	0	0	0	0	0	0	0	0	0	0	0	0	0	0	0	0	0	0	0	0	0	0	0	0	0	0	0	0	0	0	0	0	0	0	0	0	0	0	0	0	0	0	0	0	0	0	0	0	0	0	0	0	0	0	0	0	0	0	0	0	0	0	0	0	0	0	0	0	0
1054211	Sulfuritalea	genus	0	0	0	0	0	0	0	0	0	0	0	0	0	0	0	0	0	0	0	0	0	0	0	0	0	0	0	0	0	0	0	0	0	0	0	0	0	0	0	0	0	0	0	0	0	0	0	0	0	0	0	0	0	0	0	0	0	0	0	0	0	0	0	0	0	0	0	0	0	0	0	0	0	0	0	0	0	0	0	0
551759	Aromatoleum	genus	0	0	0	0	0	0	0	0	0	0	0	0	0	0	0	0	0	0	0	0	0	0	0	0	0	0	0	0	0	0	0	0	0	0	0	0	0	0	0	0	0	0	0	0	0	0	0	0	0	0	0	0	0	0	0	0	0	0	0	0	0	0	0	0	0	0	0	0	0	0	0	0	0	0	0	0	0	0	0	0
378210	Methyloversatilis	genus	0	0	0	0	0	0	0	0	0	0	0	0	0	0	0	0	0	0	0	0	0	0	0	0	0	0	0	0	0	0	0	0	0	0	0	0	0	0	0	0	0	0	0	0	0	0	0	0	0	0	0	0	0	0	0	0	0	0	0	0	0	0	0	0	0	0	0	0	0	0	0	0	0	0	0	0	0	0	0	0
359407	Methylotenera	genus	9	0	6	7	9	1	5	5	10	6	10	7	20	17	20	11	29	20	86	9	23	30	26	31	15	119	39	8	14	6	42	20	9	22	55	46	22	37	16	57	16	34	4980	25	75	21	62	93	24	39	32	72	81	29	31	25	27	33	9	595	28	13	58	877	79	118	34	67	63	27	62	13	102	39	26	67	190	290	42	55
81682	Methylovorus	genus	76	119	86	126	251	107	232	439	517	430	215	317	676	735	978	383	868	745	1841	596	1063	1377	1277	1473	969	833	1375	854	1262	1404	754	985	556	1000	1109	2049	648	1203	609	1259	1172	878	3449	1104	1425	1418	1494	1446	1307	1760	1516	2543	2617	1465	2070	941	1050	2565	1551	1607	585	1201	3176	5622	3917	2739	3048	2302	3458	2178	3173	1491	3561	2532	1237	3642	1655	1836	1404	3110
404	Methylobacillus	genus	0	0	0	0	0	0	0	0	0	0	0	0	0	0	0	0	0	0	0	0	0	0	0	0	0	0	0	0	0	0	0	0	0	0	0	0	0	0	0	0	0	0	0	0	0	0	0	0	0	0	0	0	0	0	0	0	0	0	0	0	0	0	0	0	0	0	0	0	0	0	0	0	0	0	0	0	0	0	0	0
16	Methylophilus	genus	0	0	0	0	0	0	0	0	0	0	0	0	0	0	0	0	0	0	0	0	0	0	0	0	0	0	0	0	0	0	0	0	0	0	0	0	0	0	0	0	0	0	0	0	0	0	0	0	0	0	0	0	0	0	0	0	0	0	0	0	0	0	0	0	0	0	0	0	0	0	0	0	0	0	0	0	0	0	0	0
914	Nitrosomonas	genus	14	28	10	38	22	52	221	85	137	80	50	57	97	150	186	67	136	135	218	103	176	166	238	174	176	276	191	160	264	223	164	169	149	183	123	301	214	162	107	177	137	156	430	232	217	212	442	223	200	272	275	657	420	272	386	209	263	342	282	280	243	260	750	749	505	379	565	1168	528	412	479	190	730	401	243	580	549	199	358	489
35798	Nitrosospira	genus	1	2	4	2	2	0	6	9	10	10	5	4	5	13	23	7	18	6	10	5	30	28	42	15	22	26	30	4	15	14	15	13	5	47	9	17	19	39	10	11	4	12	61	22	10	44	22	17	27	69	22	51	33	45	35	9	13	30	14	8	9	10	60	54	92	51	17	112	84	33	40	10	71	47	2	83	11	10	17	136
314343	Sideroxydans	genus	0	0	0	0	0	0	0	0	0	0	0	0	0	0	0	0	0	0	0	0	0	0	0	0	0	0	0	0	0	0	0	0	0	0	0	0	0	0	0	0	0	0	0	0	0	0	0	0	0	0	0	0	0	0	0	0	0	0	0	0	0	0	0	0	0	0	0	0	0	0	0	0	0	0	0	0	0	0	0	0
96	Gallionella	genus	0	0	0	0	0	0	0	0	0	0	0	0	0	0	0	0	0	0	0	0	0	0	0	0	0	0	0	0	0	0	0	0	0	0	0	0	0	0	0	0	0	0	0	0	0	0	0	0	0	0	0	0	0	0	0	0	0	0	0	0	0	0	0	0	0	0	0	0	0	0	0	0	0	0	0	0	0	0	0	0
919	Thiobacillus	genus	0	0	0	0	0	0	0	0	0	0	0	0	0	0	0	0	0	0	0	0	0	0	0	0	0	0	0	0	0	0	0	0	0	0	0	0	0	0	0	0	0	0	0	0	0	0	0	0	0	0	0	0	0	0	0	0	0	0	0	0	0	0	0	0	0	0	0	0	0	0	0	0	0	0	0	0	0	0	0	0
935200	Sulfuricella	genus	0	0	0	0	0	0	0	0	0	0	0	0	0	0	0	0	0	0	0	0	0	0	0	0	0	0	0	0	0	0	0	0	0	0	0	0	0	0	0	0	0	0	0	0	0	0	0	0	0	0	0	0	0	0	0	0	0	0	0	0	0	0	0	0	0	0	0	0	0	0	0	0	0	0	0	0	0	0	0	0
379	Rhizobium	genus	451	689	875	1003	1046	86	1357	2055	3299	2403	846	2777	2413	4595	3270	4703	2910	3439	4456	4708	7515	4514	6929	3511	3205	4422	3621	6591	5640	2938	1802	3390	6458	6115	5886	6840	4561	4099	5059	9576	4572	5455	5107	7468	5427	5855	5521	6911	5451	7710	5542	5868	7200	7096	18732	10001	7778	12467	10378	4134	8620	5981	5303	18663	9453	11457	16908	18729	10688	9549	10735	3219	12742	7188	6117	12543	5703	5496	5364	12401
357	Agrobacterium	genus	112	159	223	300	263	75	206	364	635	438	190	625	598	787	862	993	973	813	700	1143	1173	755	1496	793	811	721	666	1098	1111	621	354	633	1133	1013	1063	1122	872	748	1779	2686	963	1990	1081	2671	1233	1141	1430	1265	1181	1279	1235	1133	1206	1301	4615	1708	1701	5697	1581	2655	1748	1993	1044	4637	1899	2416	2782	2480	2130	1778	2170	965	2366	1174	1336	4093	1427	1818	1343	2337
1525371	Neorhizobium	genus	0	0	0	0	0	0	0	0	0	0	0	0	0	0	0	0	0	0	0	0	0	0	0	0	0	0	0	0	0	0	0	0	0	0	0	0	0	0	0	0	0	0	0	0	0	0	0	0	0	0	0	0	0	0	0	0	0	0	0	0	0	0	0	0	0	0	0	0	0	0	0	0	0	0	0	0	0	0	0	0
28105	Sinorhizobium	genus	32	37	45	60	74	9	76	139	208	162	51	176	177	402	241	375	207	220	262	302	472	252	473	222	213	282	247	436	365	183	103	267	410	381	405	429	309	281	325	609	321	433	361	573	309	405	413	384	388	459	391	419	456	390	1130	659	494	946	746	237	556	449	431	1308	755	738	1012	1207	625	636	675	183	827	467	421	875	380	348	347	605
106591	Ensifer	genus	0	0	0	0	0	0	0	0	0	0	0	0	0	0	0	0	0	0	0	0	0	0	0	0	0	0	0	0	0	0	0	0	0	0	0	0	0	0	0	0	0	0	0	0	0	0	0	0	0	0	0	0	0	0	0	0	0	0	0	0	0	0	0	0	0	0	0	0	0	0	0	0	0	0	0	0	0	0	0	0
323620	Shinella	genus	0	0	0	0	0	0	0	0	0	0	0	0	0	0	0	0	0	0	0	0	0	0	0	0	0	0	0	0	0	0	0	0	0	0	0	0	0	0	0	0	0	0	0	0	0	0	0	0	0	0	0	0	0	0	0	0	0	0	0	0	0	0	0	0	0	0	0	0	0	0	0	0	0	0	0	0	0	0	0	0
34019	Liberibacter	genus	1	1	4	5	11	0	9	14	17	8	11	19	15	26	18	23	26	11	35	29	31	15	40	20	20	22	29	28	30	31	18	35	28	33	42	47	46	27	18	38	30	32	33	47	73	42	44	36	35	111	20	44	73	150	65	83	49	32	67	32	297	73	46	123	65	56	81	101	46	140	69	18	70	77	58	163	51	28	49	219
374	Bradyrhizobium	genus	262	305	433	656	487	32	1207	1065	2365	1443	447	1420	1542	2165	1444	2721	1428	1366	1728	2333	6071	3729	3221	1478	1577	3469	2054	4168	3655	1598	1006	1684	4085	4594	2207	4212	3160	2112	3117	2482	2181	2568	3856	2795	2032	2905	2335	2458	3095	6632	3209	3919	3157	3854	10875	7310	3684	6095	6487	1822	3585	2456	2473	26185	4197	7199	12643	23262	5506	5114	5619	1459	9343	3995	2828	6041	2532	2802	2575	10401
85413	Bosea	genus	110	137	111	181	233	10	166	436	804	569	129	512	491	1059	666	901	579	585	837	1403	1083	626	1161	560	677	432	538	1006	1106	200	122	744	595	1018	1171	837	880	421	1158	1148	1188	1181	840	1676	699	871	912	1112	1040	832	982	1025	1046	793	4211	1091	1650	3884	924	770	2212	1392	706	2927	1649	1916	4790	2315	1661	1148	2140	213	1845	777	1138	2433	822	639	876	1997
1073	Rhodopseudomonas	genus	0	0	0	0	0	0	0	0	0	0	0	0	0	0	0	0	0	0	0	0	0	0	0	0	0	0	0	0	0	0	0	0	0	0	0	0	0	0	0	0	0	0	0	0	0	0	0	0	0	0	0	0	0	0	0	0	0	0	0	0	0	0	0	0	0	0	0	0	0	0	0	0	0	0	0	0	0	0	0	0
40136	Afipia	genus	0	0	0	0	0	0	0	0	0	0	0	0	0	0	0	0	0	0	0	0	0	0	0	0	0	0	0	0	0	0	0	0	0	0	0	0	0	0	0	0	0	0	0	0	0	0	0	0	0	0	0	0	0	0	0	0	0	0	0	0	0	0	0	0	0	0	0	0	0	0	0	0	0	0	0	0	0	0	0	0
911	Nitrobacter	genus	6	7	8	14	14	0	19	22	49	35	6	32	37	46	33	81	27	30	38	50	126	80	78	25	22	71	44	116	74	26	11	34	64	90	53	79	70	41	83	51	37	71	70	56	34	69	51	57	61	124	64	99	43	95	163	186	102	126	104	22	98	50	55	411	73	185	200	344	102	107	114	124	157	79	70	144	44	50	57	122
68287	Mesorhizobium	genus	175	242	249	384	340	25	612	790	1632	1002	296	1045	990	1548	1217	2230	1028	1119	1189	1732	3134	2027	2599	1191	1232	2077	1665	2603	2525	1339	605	1269	2502	2662	1764	2179	2016	1328	1903	1932	1631	1930	2138	2502	1820	2040	1860	1785	2076	2890	2297	2831	2285	2778	6873	4023	3284	4647	3670	1194	3412	1927	1895	8079	3289	5212	5982	8346	4539	3626	4376	1233	6244	2691	2267	4673	1605	1938	1830	5144
31988	Aminobacter	genus	0	0	0	0	0	0	0	0	0	0	0	0	0	0	0	0	0	0	0	0	0	0	0	0	0	0	0	0	0	0	0	0	0	0	0	0	0	0	0	0	0	0	0	0	0	0	0	0	0	0	0	0	0	0	0	0	0	0	0	0	0	0	0	0	0	0	0	0	0	0	0	0	0	0	0	0	0	0	0	0
449972	Chelativorans	genus	0	0	0	0	0	0	0	0	0	0	0	0	0	0	0	0	0	0	0	0	0	0	0	0	0	0	0	0	0	0	0	0	0	0	0	0	0	0	0	0	0	0	0	0	0	0	0	0	0	0	0	0	0	0	0	0	0	0	0	0	0	0	0	0	0	0	0	0	0	0	0	0	0	0	0	0	0	0	0	0
274591	Hoeflea	genus	0	0	0	0	0	0	0	0	0	0	0	0	0	0	0	0	0	0	0	0	0	0	0	0	0	0	0	0	0	0	0	0	0	0	0	0	0	0	0	0	0	0	0	0	0	0	0	0	0	0	0	0	0	0	0	0	0	0	0	0	0	0	0	0	0	0	0	0	0	0	0	0	0	0	0	0	0	0	0	0
46913	Devosia	genus	3	5	8	6	4	0	17	17	30	26	5	28	18	23	20	30	14	20	22	42	53	25	65	23	26	82	15	48	64	45	13	24	29	37	33	31	52	29	71	37	24	31	49	43	29	33	24	34	50	66	60	76	35	48	310	78	85	100	90	39	67	42	39	176	47	138	178	328	99	58	89	14	165	47	35	77	18	31	26	131
81	Hyphomicrobium	genus	10	8	6	8	10	0	34	12	37	27	6	30	22	29	23	45	27	16	26	43	77	18	43	15	21	89	27	81	61	22	9	21	56	85	23	53	63	33	35	39	23	37	253	85	34	27	38	63	46	106	33	93	45	80	105	170	93	54	121	18	58	43	34	645	40	150	142	420	70	75	56	12	235	45	41	105	18	40	31	204
59282	Blastochloris	genus	0	0	0	0	0	0	0	0	0	0	0	0	0	0	0	0	0	0	0	0	0	0	0	0	0	0	0	0	0	0	0	0	0	0	0	0	0	0	0	0	0	0	0	0	0	0	0	0	0	0	0	0	0	0	0	0	0	0	0	0	0	0	0	0	0	0	0	0	0	0	0	0	0	0	0	0	0	0	0	0
29407	Rhodoplanes	genus	0	0	0	0	0	0	0	0	0	0	0	0	0	0	0	0	0	0	0	0	0	0	0	0	0	0	0	0	0	0	0	0	0	0	0	0	0	0	0	0	0	0	0	0	0	0	0	0	0	0	0	0	0	0	0	0	0	0	0	0	0	0	0	0	0	0	0	0	0	0	0	0	0	0	0	0	0	0	0	0
1082930	Pelagibacterium	genus	0	0	0	0	0	0	0	0	0	0	0	0	0	0	0	0	0	0	0	0	0	0	0	0	0	0	0	0	0	0	0	0	0	0	0	0	0	0	0	0	0	0	0	0	0	0	0	0	0	0	0	0	0	0	0	0	0	0	0	0	0	0	0	0	0	0	0	0	0	0	0	0	0	0	0	0	0	0	0	0
1068	Rhodomicrobium	genus	0	0	0	0	0	0	0	0	0	0	0	0	0	0	0	0	0	0	0	0	0	0	0	0	0	0	0	0	0	0	0	0	0	0	0	0	0	0	0	0	0	0	0	0	0	0	0	0	0	0	0	0	0	0	0	0	0	0	0	0	0	0	0	0	0	0	0	0	0	0	0	0	0	0	0	0	0	0	0	0
119044	Filomicrobium	genus	0	0	0	0	0	0	0	0	0	0	0	0	0	0	0	0	0	0	0	0	0	0	0	0	0	0	0	0	0	0	0	0	0	0	0	0	0	0	0	0	0	0	0	0	0	0	0	0	0	0	0	0	0	0	0	0	0	0	0	0	0	0	0	0	0	0	0	0	0	0	0	0	0	0	0	0	0	0	0	0
407	Methylobacterium	genus	372	465	474	805	724	55	1568	1731	2897	2046	708	2174	1963	3332	2284	4640	2020	2076	2517	3451	7690	5489	4553	2332	2311	4607	3017	6892	4961	2488	1553	2606	6829	7096	3506	6206	4303	3467	3557	3635	3493	3801	4368	4144	3352	4924	3638	3752	6134	8197	4446	5067	5158	6425	14884	12628	5691	8807	14579	2582	5984	3890	3906	19904	6829	9017	15337	26068	8634	9037	8483	2578	12632	7128	4761	8633	3283	4813	3595	17606
279	Xanthobacter	genus	0	0	0	0	0	0	0	0	0	0	0	0	0	0	0	0	0	0	0	0	0	0	0	0	0	0	0	0	0	0	0	0	0	0	0	0	0	0	0	0	0	0	0	0	0	0	0	0	0	0	0	0	0	0	0	0	0	0	0	0	0	0	0	0	0	0	0	0	0	0	0	0	0	0	0	0	0	0	0	0
152053	Starkeya	genus	0	0	0	0	0	0	0	0	0	0	0	0	0	0	0	0	0	0	0	0	0	0	0	0	0	0	0	0	0	0	0	0	0	0	0	0	0	0	0	0	0	0	0	0	0	0	0	0	0	0	0	0	0	0	0	0	0	0	0	0	0	0	0	0	0	0	0	0	0	0	0	0	0	0	0	0	0	0	0	0
6	Azorhizobium	genus	0	0	0	0	0	0	0	0	0	0	0	0	0	0	0	0	0	0	0	0	0	0	0	0	0	0	0	0	0	0	0	0	0	0	0	0	0	0	0	0	0	0	0	0	0	0	0	0	0	0	0	0	0	0	0	0	0	0	0	0	0	0	0	0	0	0	0	0	0	0	0	0	0	0	0	0	0	0	0	0
528	Ochrobactrum	genus	5	4	5	3	10	1	5	2	22	11	1	8	15	12	22	23	18	38	10	31	21	23	25	38	19	13	14	26	14	17	24	20	19	15	69	19	23	14	36	42	17	56	29	146	20	26	49	30	35	30	28	34	30	46	124	55	48	161	29	69	57	33	21	67	38	40	31	53	45	30	40	16	68	18	37	58	25	34	21	26
234	Brucella	genus	169	235	197	251	427	73	419	654	1138	775	231	740	793	1149	1100	1300	1088	1134	1308	1581	1943	1613	2047	1551	1265	1552	1354	2024	1882	1324	756	1316	1649	1712	1856	2303	1529	1412	1530	2018	1589	1759	2592	3006	1733	1865	2035	1743	1829	2568	2095	2901	2589	2521	5180	2871	2376	4407	2977	1909	2656	2149	2628	4804	3807	4225	4680	5074	3828	3191	3992	1793	4881	2720	2393	4492	2012	2024	2286	4295
293088	Martelella	genus	1	10	4	5	10	2	9	16	33	13	5	32	23	28	26	37	20	40	27	34	71	30	72	37	33	35	33	54	75	22	16	29	19	65	55	35	51	47	42	77	26	42	56	52	45	48	41	65	37	64	42	44	40	59	139	60	71	96	87	27	74	45	33	132	66	117	107	152	90	73	104	12	114	52	48	121	30	55	28	159
414371	Aureimonas	genus	0	0	0	0	0	0	0	0	0	0	0	0	0	0	0	0	0	0	0	0	0	0	0	0	0	0	0	0	0	0	0	0	0	0	0	0	0	0	0	0	0	0	0	0	0	0	0	0	0	0	0	0	0	0	0	0	0	0	0	0	0	0	0	0	0	0	0	0	0	0	0	0	0	0	0	0	0	0	0	0
28209	Chelatococcus	genus	0	0	0	0	0	0	0	0	0	0	0	0	0	0	0	0	0	0	0	0	0	0	0	0	0	0	0	0	0	0	0	0	0	0	0	0	0	0	0	0	0	0	0	0	0	0	0	0	0	0	0	0	0	0	0	0	0	0	0	0	0	0	0	0	0	0	0	0	0	0	0	0	0	0	0	0	0	0	0	0
120652	Methylocella	genus	0	0	0	0	0	0	0	0	0	0	0	0	0	0	0	0	0	0	0	0	0	0	0	0	0	0	0	0	0	0	0	0	0	0	0	0	0	0	0	0	0	0	0	0	0	0	0	0	0	0	0	0	0	0	0	0	0	0	0	0	0	0	0	0	0	0	0	0	0	0	0	0	0	0	0	0	0	0	0	0
532	Beijerinckia	genus	0	0	0	0	0	0	0	0	0	0	0	0	0	0	0	0	0	0	0	0	0	0	0	0	0	0	0	0	0	0	0	0	0	0	0	0	0	0	0	0	0	0	0	0	0	0	0	0	0	0	0	0	0	0	0	0	0	0	0	0	0	0	0	0	0	0	0	0	0	0	0	0	0	0	0	0	0	0	0	0
256616	Parvibaculum	genus	0	0	0	0	0	0	0	0	0	0	0	0	0	0	0	0	0	0	0	0	0	0	0	0	0	0	0	0	0	0	0	0	0	0	0	0	0	0	0	0	0	0	0	0	0	0	0	0	0	0	0	0	0	0	0	0	0	0	0	0	0	0	0	0	0	0	0	0	0	0	0	0	0	0	0	0	0	0	0	0
773	Bartonella	genus	16	26	21	32	45	23	51	80	68	50	36	45	132	118	122	72	137	113	164	124	144	169	173	239	154	135	235	115	182	157	137	173	104	176	135	266	210	125	127	183	191	162	378	238	265	192	256	189	180	561	272	363	273	369	240	259	318	242	185	388	333	347	495	348	550	461	198	338	435	487	457	57	583	485	303	475	857	341	546	2216
133	Methylocystis	genus	0	0	0	0	0	0	0	0	0	0	0	0	0	0	0	0	0	0	0	0	0	0	0	0	0	0	0	0	0	0	0	0	0	0	0	0	0	0	0	0	0	0	0	0	0	0	0	0	0	0	0	0	0	0	0	0	0	0	0	0	0	0	0	0	0	0	0	0	0	0	0	0	0	0	0	0	0	0	0	0
1484898	Methyloceanibacter	genus	0	0	0	0	0	0	0	0	0	0	0	0	0	0	0	0	0	0	0	0	0	0	0	0	0	0	0	0	0	0	0	0	0	0	0	0	0	0	0	0	0	0	0	0	0	0	0	0	0	0	0	0	0	0	0	0	0	0	0	0	0	0	0	0	0	0	0	0	0	0	0	0	0	0	0	0	0	0	0	0
165697	Sphingopyxis	genus	516	1217	330	805	616	32	618	1916	2994	4162	608	2868	2215	2981	1817	2819	2882	3504	3089	3533	2241	2380	3970	1651	2195	4892	4835	3139	4824	2311	439	3378	1356	5459	2364	2513	3137	2018	3129	3981	5145	4354	5939	7638	1709	2025	3634	3888	4942	4340	3979	5273	1942	4490	7657	3763	4889	14555	1959	1108	2231	4365	2309	12033	3080	7507	8878	11297	38612	3881	5841	924	9230	1318	2679	9965	3817	3053	6075	5504
13687	Sphingomonas	genus	148	241	213	321	331	36	510	942	1365	1061	553	872	971	1476	839	1521	951	1122	1298	1372	2029	2336	2122	1030	1020	2404	2382	2410	2032	1389	410	1195	1762	2634	1249	2488	1652	1360	1516	1811	1915	1637	3187	1914	1261	1796	1530	1508	5443	3869	2194	1999	2174	3783	5512	4361	2049	4371	3486	852	2275	1739	1632	7477	2549	3450	5544	9453	4196	3525	3002	958	5025	2121	1908	3809	1733	2440	2026	7494
165695	Sphingobium	genus	198	368	220	419	365	43	569	1068	2259	1455	374	1174	1192	1760	878	1840	1171	1338	1524	1787	1761	2256	2211	1451	1178	3917	2040	2476	2504	1453	578	1500	1429	3196	1443	2514	2157	1465	1962	2194	2153	1709	6580	2636	1584	1850	1841	1936	3011	3687	2416	2602	2262	3236	5436	4010	2289	4961	3078	1619	1867	2218	1633	8917	2896	3879	8042	7906	4307	3464	3320	1028	5557	2028	2113	4692	3636	6746	2534	8643
165696	Novosphingobium	genus	59	136	84	170	110	14	318	319	1490	441	156	428	436	604	387	648	399	488	544	625	868	1391	737	589	428	1569	681	1155	1046	677	270	543	1055	1446	533	1063	749	593	741	931	781	588	2767	709	605	740	766	668	1100	1846	820	1004	883	1317	2263	2019	904	1641	1518	645	878	774	603	4264	1230	1523	5606	6022	1813	1540	1273	329	2823	1035	828	1610	694	3117	770	8970
150203	Blastomonas	genus	0	0	0	0	0	0	0	0	0	0	0	0	0	0	0	0	0	0	0	0	0	0	0	0	0	0	0	0	0	0	0	0	0	0	0	0	0	0	0	0	0	0	0	0	0	0	0	0	0	0	0	0	0	0	0	0	0	0	0	0	0	0	0	0	0	0	0	0	0	0	0	0	0	0	0	0	0	0	0	0
72173	Citromicrobium	genus	0	0	0	0	0	0	0	0	0	0	0	0	0	0	0	0	0	0	0	0	0	0	0	0	0	0	0	0	0	0	0	0	0	0	0	0	0	0	0	0	0	0	0	0	0	0	0	0	0	0	0	0	0	0	0	0	0	0	0	0	0	0	0	0	0	0	0	0	0	0	0	0	0	0	0	0	0	0	0	0
541	Zymomonas	genus	0	0	0	0	0	0	0	0	0	0	0	0	0	0	0	0	0	0	0	0	0	0	0	0	0	0	0	0	0	0	0	0	0	0	0	0	0	0	0	0	0	0	0	0	0	0	0	0	0	0	0	0	0	0	0	0	0	0	0	0	0	0	0	0	0	0	0	0	0	0	0	0	0	0	0	0	0	0	0	0
1434046	Sphingorhabdus	genus	0	0	0	0	0	0	0	0	0	0	0	0	0	0	0	0	0	0	0	0	0	0	0	0	0	0	0	0	0	0	0	0	0	0	0	0	0	0	0	0	0	0	0	0	0	0	0	0	0	0	0	0	0	0	0	0	0	0	0	0	0	0	0	0	0	0	0	0	0	0	0	0	0	0	0	0	0	0	0	0
361177	Altererythrobacter	genus	7	9	13	27	16	0	20	60	185	80	33	62	72	90	52	95	53	87	61	98	86	129	119	75	81	206	115	146	149	112	18	99	123	168	77	163	115	113	83	110	126	69	337	117	88	83	118	89	234	309	99	151	127	153	256	331	115	285	182	70	162	112	100	546	155	177	530	751	192	337	138	67	355	96	153	225	107	149	98	1173
1111	Porphyrobacter	genus	11	25	12	34	11	3	34	68	184	104	40	173	64	85	86	87	89	138	134	78	88	178	105	111	137	211	112	112	164	212	37	247	56	184	113	280	153	143	75	134	335	73	331	242	149	150	205	166	233	347	138	151	182	172	259	311	148	359	302	81	228	429	191	517	147	234	740	816	275	340	251	33	515	107	147	327	146	163	136	3140
1041	Erythrobacter	genus	1	1	1	0	2	0	2	5	16	6	5	6	4	8	14	15	14	7	5	10	9	17	11	12	12	25	15	29	17	7	5	16	6	12	4	17	7	10	7	15	16	5	31	13	10	5	29	7	26	24	16	32	7	15	38	21	12	31	33	6	5	24	11	28	11	20	51	76	19	17	35	1	47	12	12	31	12	8	15	78
1295327	Croceicoccus	genus	0	0	0	0	0	0	0	0	0	0	0	0	0	0	0	0	0	0	0	0	0	0	0	0	0	0	0	0	0	0	0	0	0	0	0	0	0	0	0	0	0	0	0	0	0	0	0	0	0	0	0	0	0	0	0	0	0	0	0	0	0	0	0	0	0	0	0	0	0	0	0	0	0	0	0	0	0	0	0	0
1060	Rhodobacter	genus	32	31	33	52	39	4	47	125	371	190	31	312	128	246	310	220	235	225	175	366	356	361	599	296	188	267	154	255	304	172	56	308	328	242	402	952	245	153	361	738	315	291	364	635	311	391	555	201	316	268	399	418	260	399	1360	387	500	928	711	155	320	492	332	628	367	953	955	800	491	496	745	53	853	250	369	755	244	573	345	782
265	Paracoccus	genus	22	15	26	19	21	0	14	65	103	47	25	116	88	82	83	74	75	148	47	136	64	78	142	95	92	48	54	58	144	42	16	207	23	67	181	127	100	42	114	247	159	179	83	303	203	129	181	114	145	63	139	171	73	104	660	87	246	366	83	42	162	213	130	332	183	441	214	181	183	126	354	22	304	73	161	581	104	92	249	117
1097466	Albidovulum	genus	0	0	0	0	0	0	0	0	0	0	0	0	0	0	0	0	0	0	0	0	0	0	0	0	0	0	0	0	0	0	0	0	0	0	0	0	0	0	0	0	0	0	0	0	0	0	0	0	0	0	0	0	0	0	0	0	0	0	0	0	0	0	0	0	0	0	0	0	0	0	0	0	0	0	0	0	0	0	0	0
97050	Ruegeria	genus	8	8	7	7	11	2	12	27	57	21	14	44	31	38	68	25	30	41	37	62	44	75	66	68	41	56	54	30	79	123	42	47	36	56	64	84	63	37	65	78	71	55	115	153	92	76	115	63	66	65	96	63	64	58	355	83	96	222	73	45	89	81	73	192	117	176	276	161	167	125	170	49	200	111	71	193	65	101	75	186
34008	Rhodovulum	genus	0	0	0	0	0	0	0	0	0	0	0	0	0	0	0	0	0	0	0	0	0	0	0	0	0	0	0	0	0	0	0	0	0	0	0	0	0	0	0	0	0	0	0	0	0	0	0	0	0	0	0	0	0	0	0	0	0	0	0	0	0	0	0	0	0	0	0	0	0	0	0	0	0	0	0	0	0	0	0	0
302485	Phaeobacter	genus	18	8	13	24	21	5	23	67	114	51	14	66	53	85	96	84	77	92	97	103	120	143	146	91	105	129	117	118	151	123	44	103	136	87	109	179	105	78	143	116	132	126	218	289	133	126	220	84	164	121	175	150	146	119	444	205	163	396	261	97	164	170	147	299	276	308	351	252	369	205	354	214	404	171	155	297	129	135	184	277
875170	Celeribacter	genus	0	1	0	0	0	0	0	4	4	0	0	1	3	2	0	4	3	0	2	1	2	7	6	0	1	5	0	1	2	4	1	3	0	1	2	5	3	2	1	4	5	2	6	6	2	2	6	4	6	2	6	8	1	0	14	0	4	7	7	3	2	6	4	3	0	10	8	5	6	4	9	0	8	1	4	11	2	8	3	12
1609958	Actibacterium	genus	0	0	0	0	0	0	0	0	0	0	0	0	0	0	0	0	0	0	0	0	0	0	0	0	0	0	0	0	0	0	0	0	0	0	0	0	0	0	0	0	0	0	0	0	0	0	0	0	0	0	0	0	0	0	0	0	0	0	0	0	0	0	0	0	0	0	0	0	0	0	0	0	0	0	0	0	0	0	0	0
367771	Marinovum	genus	0	0	0	0	0	0	0	0	0	0	0	0	0	0	0	0	0	0	0	0	0	0	0	0	0	0	0	0	0	0	0	0	0	0	0	0	0	0	0	0	0	0	0	0	0	0	0	0	0	0	0	0	0	0	0	0	0	0	0	0	0	0	0	0	0	0	0	0	0	0	0	0	0	0	0	0	0	0	0	0
354203	Salipiger	genus	0	0	0	0	0	0	0	0	0	0	0	0	0	0	0	0	0	0	0	0	0	0	0	0	0	0	0	0	0	0	0	0	0	0	0	0	0	0	0	0	0	0	0	0	0	0	0	0	0	0	0	0	0	0	0	0	0	0	0	0	0	0	0	0	0	0	0	0	0	0	0	0	0	0	0	0	0	0	0	0
227873	Pannonibacter	genus	0	0	0	0	0	0	0	0	0	0	0	0	0	0	0	0	0	0	0	0	0	0	0	0	0	0	0	0	0	0	0	0	0	0	0	0	0	0	0	0	0	0	0	0	0	0	0	0	0	0	0	0	0	0	0	0	0	0	0	0	0	0	0	0	0	0	0	0	0	0	0	0	0	0	0	0	0	0	0	0
309512	Dinoroseobacter	genus	0	0	0	0	0	0	0	0	0	0	0	0	0	0	0	0	0	0	0	0	0	0	0	0	0	0	0	0	0	0	0	0	0	0	0	0	0	0	0	0	0	0	0	0	0	0	0	0	0	0	0	0	0	0	0	0	0	0	0	0	0	0	0	0	0	0	0	0	0	0	0	0	0	0	0	0	0	0	0	0
159345	Roseicyclus	genus	0	0	0	0	0	0	0	0	0	0	0	0	0	0	0	0	0	0	0	0	0	0	0	0	0	0	0	0	0	0	0	0	0	0	0	0	0	0	0	0	0	0	0	0	0	0	0	0	0	0	0	0	0	0	0	0	0	0	0	0	0	0	0	0	0	0	0	0	0	0	0	0	0	0	0	0	0	0	0	0
191028	Leisingera	genus	0	0	0	0	0	0	0	0	0	0	0	0	0	0	0	0	0	0	0	0	0	0	0	0	0	0	0	0	0	0	0	0	0	0	0	0	0	0	0	0	0	0	0	0	0	0	0	0	0	0	0	0	0	0	0	0	0	0	0	0	0	0	0	0	0	0	0	0	0	0	0	0	0	0	0	0	0	0	0	0
53945	Octadecabacter	genus	3	6	4	5	7	0	5	23	47	28	11	11	7	21	18	19	30	25	22	30	36	52	33	28	21	47	35	28	48	41	24	30	19	42	49	54	34	19	41	41	39	35	123	88	27	35	91	28	52	183	73	56	65	28	223	52	52	133	49	25	85	65	38	95	56	121	112	70	125	63	91	22	136	42	36	109	37	46	44	99
2433	Roseobacter	genus	10	7	7	17	20	1	30	36	99	46	16	55	38	63	73	36	63	72	75	74	61	122	106	61	48	93	73	92	95	85	60	77	95	82	97	112	71	59	105	81	87	83	171	220	93	106	180	84	97	111	164	133	122	129	458	120	111	257	137	89	102	111	132	238	227	245	254	211	228	175	214	72	249	133	92	236	95	118	104	256
92944	Ketogulonicigenium	genus	0	0	0	0	0	0	0	0	0	0	0	0	0	0	0	0	0	0	0	0	0	0	0	0	0	0	0	0	0	0	0	0	0	0	0	0	0	0	0	0	0	0	0	0	0	0	0	0	0	0	0	0	0	0	0	0	0	0	0	0	0	0	0	0	0	0	0	0	0	0	0	0	0	0	0	0	0	0	0	0
478070	Labrenzia	genus	0	0	0	0	0	0	0	0	0	0	0	0	0	0	0	0	0	0	0	0	0	0	0	0	0	0	0	0	0	0	0	0	0	0	0	0	0	0	0	0	0	0	0	0	0	0	0	0	0	0	0	0	0	0	0	0	0	0	0	0	0	0	0	0	0	0	0	0	0	0	0	0	0	0	0	0	0	0	0	0
188905	Jannaschia	genus	0	0	0	0	0	0	0	0	0	0	0	0	0	0	0	0	0	0	0	0	0	0	0	0	0	0	0	0	0	0	0	0	0	0	0	0	0	0	0	0	0	0	0	0	0	0	0	0	0	0	0	0	0	0	0	0	0	0	0	0	0	0	0	0	0	0	0	0	0	0	0	0	0	0	0	0	0	0	0	0
1579315	Halocynthiibacter	genus	0	0	0	0	0	0	0	0	0	0	0	0	0	0	0	0	0	0	0	0	0	0	0	0	0	0	0	0	0	0	0	0	0	0	0	0	0	0	0	0	0	0	0	0	0	0	0	0	0	0	0	0	0	0	0	0	0	0	0	0	0	0	0	0	0	0	0	0	0	0	0	0	0	0	0	0	0	0	0	0
1284657	Planktomarina	genus	0	0	0	0	0	0	0	0	0	0	0	0	0	0	0	0	0	0	0	0	0	0	0	0	0	0	0	0	0	0	0	0	0	0	0	0	0	0	0	0	0	0	0	0	0	0	0	0	0	0	0	0	0	0	0	0	0	0	0	0	0	0	0	0	0	0	0	0	0	0	0	0	0	0	0	0	0	0	0	0
85	Hyphomonas	genus	0	0	0	1	1	0	0	0	0	3	0	0	2	0	0	0	1	2	1	0	1	1	3	0	1	9	2	5	4	2	0	2	5	2	0	8	2	1	5	2	0	1	1	2	1	4	3	1	1	7	1	6	3	4	5	4	2	5	4	5	4	1	1	10	2	20	7	9	8	4	4	0	28	3	3	4	0	1	5	13
74317	Maricaulis	genus	0	0	0	0	0	0	0	0	0	0	0	0	0	0	0	0	0	0	0	0	0	0	0	0	0	0	0	0	0	0	0	0	0	0	0	0	0	0	0	0	0	0	0	0	0	0	0	0	0	0	0	0	0	0	0	0	0	0	0	0	0	0	0	0	0	0	0	0	0	0	0	0	0	0	0	0	0	0	0	0
2723	Hirschia	genus	0	0	0	0	0	0	0	0	0	0	0	0	0	0	0	0	0	0	0	0	0	0	0	0	0	0	0	0	0	0	0	0	0	0	0	0	0	0	0	0	0	0	0	0	0	0	0	0	0	0	0	0	0	0	0	0	0	0	0	0	0	0	0	0	0	0	0	0	0	0	0	0	0	0	0	0	0	0	0	0
41275	Brevundimonas	genus	218	828	207	223	377	30	197	1209	947	1882	271	2137	1666	861	1204	1009	1522	1570	978	1884	910	911	2105	1942	2031	820	3194	1449	2116	2759	386	1929	2911	1633	895	1522	1648	999	998	2565	2351	1676	1361	5843	823	1013	3795	1953	4668	1267	1905	1969	1804	2749	4065	2824	3122	6275	1211	3643	2303	3808	1353	4849	1765	3320	3938	2887	4912	2219	3641	988	5283	692	1188	5129	6473	21149	4974	7827
75	Caulobacter	genus	149	236	92	164	167	13	260	659	553	955	166	1024	750	1049	514	1250	789	675	629	1159	1537	874	1052	685	639	1126	1030	1528	890	745	225	911	878	1701	990	860	1171	907	1043	997	1165	790	939	2015	696	933	1356	895	1789	1145	966	1156	886	1179	3545	1727	1445	3203	1344	869	1020	1167	882	3290	1542	1737	2438	4390	1634	1483	1412	375	2187	775	1049	2006	2191	3498	2407	22535
20	Phenylobacterium	genus	0	0	0	0	0	0	0	0	0	0	0	0	0	0	0	0	0	0	0	0	0	0	0	0	0	0	0	0	0	0	0	0	0	0	0	0	0	0	0	0	0	0	0	0	0	0	0	0	0	0	0	0	0	0	0	0	0	0	0	0	0	0	0	0	0	0	0	0	0	0	0	0	0	0	0	0	0	0	0	0
76890	Asticcacaulis	genus	0	0	0	0	0	0	0	0	0	0	0	0	0	0	0	0	0	0	0	0	0	0	0	0	0	0	0	0	0	0	0	0	0	0	0	0	0	0	0	0	0	0	0	0	0	0	0	0	0	0	0	0	0	0	0	0	0	0	0	0	0	0	0	0	0	0	0	0	0	0	0	0	0	0	0	0	0	0	0	0
191	Azospirillum	genus	149	185	253	309	270	25	563	751	1215	846	253	846	932	1370	1010	1703	941	863	1106	1431	3329	3178	1901	1087	1203	1959	1552	2837	2204	1425	906	1097	2707	2799	1322	2956	1729	1605	1259	1350	1553	1363	2079	1791	1483	2107	1589	1577	2153	3462	2023	2043	2401	3074	5767	4827	2312	3752	5758	1187	1999	1681	1971	8582	3023	3562	7269	8866	4077	3874	4010	1151	5333	3211	2129	3751	1622	3166	1598	8822
13134	Magnetospirillum	genus	33	58	46	70	59	4	160	179	257	201	82	203	220	273	236	362	278	175	312	307	794	889	459	284	322	463	354	621	560	342	186	283	713	594	307	715	471	370	284	321	342	310	512	410	545	509	391	400	516	1046	486	483	608	839	1131	1035	511	943	1331	284	445	440	445	2175	820	830	1849	2149	975	898	998	167	1351	887	444	1073	365	466	335	2015
1081	Rhodospirillum	genus	0	2	0	0	0	0	1	5	2	0	2	2	2	0	1	10	0	0	1	2	16	1	1	1	1	3	1	12	1	3	0	1	15	3	2	10	4	6	1	3	0	1	2	2	1	3	2	4	3	10	1	4	7	7	9	13	1	3	46	4	7	4	2	13	2	0	7	17	9	12	3	0	7	8	7	4	5	11	3	20
171436	Tistrella	genus	0	0	0	0	0	0	0	0	0	0	0	0	0	0	0	0	0	0	0	0	0	0	0	0	0	0	0	0	0	0	0	0	0	0	0	0	0	0	0	0	0	0	0	0	0	0	0	0	0	0	0	0	0	0	0	0	0	0	0	0	0	0	0	0	0	0	0	0	0	0	0	0	0	0	0	0	0	0	0	0
168934	Thalassospira	genus	0	0	0	0	0	0	0	0	0	0	0	0	0	0	0	0	0	0	0	0	0	0	0	0	0	0	0	0	0	0	0	0	0	0	0	0	0	0	0	0	0	0	0	0	0	0	0	0	0	0	0	0	0	0	0	0	0	0	0	0	0	0	0	0	0	0	0	0	0	0	0	0	0	0	0	0	0	0	0	0
1612157	Pararhodospirillum	genus	0	0	0	0	0	0	0	0	0	0	0	0	0	0	0	0	0	0	0	0	0	0	0	0	0	0	0	0	0	0	0	0	0	0	0	0	0	0	0	0	0	0	0	0	0	0	0	0	0	0	0	0	0	0	0	0	0	0	0	0	0	0	0	0	0	0	0	0	0	0	0	0	0	0	0	0	0	0	0	0
1182780	Magnetospira	genus	0	0	0	0	0	0	0	0	0	0	0	0	0	0	0	0	0	0	0	0	0	0	0	0	0	0	0	0	0	0	0	0	0	0	0	0	0	0	0	0	0	0	0	0	0	0	0	0	0	0	0	0	0	0	0	0	0	0	0	0	0	0	0	0	0	0	0	0	0	0	0	0	0	0	0	0	0	0	0	0
1804663	Haematospirillum	genus	0	0	0	0	0	0	0	0	0	0	0	0	0	0	0	0	0	0	0	0	0	0	0	0	0	0	0	0	0	0	0	0	0	0	0	0	0	0	0	0	0	0	0	0	0	0	0	0	0	0	0	0	0	0	0	0	0	0	0	0	0	0	0	0	0	0	0	0	0	0	0	0	0	0	0	0	0	0	0	0
522	Acidiphilium	genus	112	158	126	246	192	26	487	543	932	722	195	676	665	1032	779	1484	714	654	791	1037	2249	2031	1478	807	834	1458	1093	2235	1673	1025	391	869	2367	2152	1057	2136	1346	1106	957	978	1084	932	1562	1352	1120	1504	1178	1103	1651	2444	1479	1646	1640	2103	4666	3798	1743	2806	4821	877	1659	1359	1414	5518	2078	2894	5436	7270	3047	3241	2884	903	3772	2301	1525	2990	1093	1514	1246	10755
434	Acetobacter	genus	20	23	19	28	48	19	33	82	102	90	45	66	87	120	116	96	138	129	227	131	157	167	196	133	130	142	179	234	205	253	66	132	193	174	156	493	154	159	125	232	161	153	250	219	261	238	216	262	233	529	244	306	371	452	369	375	231	401	437	162	231	232	316	362	682	425	545	337	432	440	451	263	445	533	229	580	213	246	280	541
89583	Gluconacetobacter	genus	0	0	0	0	0	0	0	0	0	0	0	0	0	0	0	0	0	0	0	0	0	0	0	0	0	0	0	0	0	0	0	0	0	0	0	0	0	0	0	0	0	0	0	0	0	0	0	0	0	0	0	0	0	0	0	0	0	0	0	0	0	0	0	0	0	0	0	0	0	0	0	0	0	0	0	0	0	0	0	0
1434011	Komagataeibacter	genus	3	9	4	17	18	0	13	23	29	37	5	28	37	43	32	64	36	25	61	46	85	76	70	45	30	61	50	80	83	39	31	58	123	51	43	77	54	36	39	42	45	42	81	64	60	69	53	50	88	92	64	101	77	129	175	141	78	122	94	44	65	55	165	222	114	132	215	225	174	135	134	37	154	138	133	126	54	61	52	381
441	Gluconobacter	genus	0	0	0	0	0	0	0	0	0	0	0	0	0	0	0	0	0	0	0	0	0	0	0	0	0	0	0	0	0	0	0	0	0	0	0	0	0	0	0	0	0	0	0	0	0	0	0	0	0	0	0	0	0	0	0	0	0	0	0	0	0	0	0	0	0	0	0	0	0	0	0	0	0	0	0	0	0	0	0	0
364409	Granulibacter	genus	0	0	0	0	0	0	0	0	0	0	0	0	0	0	0	0	0	0	0	0	0	0	0	0	0	0	0	0	0	0	0	0	0	0	0	0	0	0	0	0	0	0	0	0	0	0	0	0	0	0	0	0	0	0	0	0	0	0	0	0	0	0	0	0	0	0	0	0	0	0	0	0	0	0	0	0	0	0	0	0
153497	Kozakia	genus	0	0	0	0	0	0	0	0	0	0	0	0	0	0	0	0	0	0	0	0	0	0	0	0	0	0	0	0	0	0	0	0	0	0	0	0	0	0	0	0	0	0	0	0	0	0	0	0	0	0	0	0	0	0	0	0	0	0	0	0	0	0	0	0	0	0	0	0	0	0	0	0	0	0	0	0	0	0	0	0
91914	Asaia	genus	0	0	0	0	0	0	0	0	0	0	0	0	0	0	0	0	0	0	0	0	0	0	0	0	0	0	0	0	0	0	0	0	0	0	0	0	0	0	0	0	0	0	0	0	0	0	0	0	0	0	0	0	0	0	0	0	0	0	0	0	0	0	0	0	0	0	0	0	0	0	0	0	0	0	0	0	0	0	0	0
780	Rickettsia	genus	29	36	49	108	84	21	164	181	161	114	99	94	186	191	284	256	284	284	280	331	496	275	377	496	396	305	427	226	442	456	241	398	308	313	274	421	443	260	274	211	389	328	573	426	520	287	548	317	378	771	477	1302	481	675	504	570	701	413	566	778	909	526	1135	716	743	731	805	720	965	1107	1118	117	1078	793	432	1007	1066	408	810	1426
69474	Orientia	genus	0	0	0	0	0	0	0	0	0	0	0	0	0	0	0	0	0	0	0	0	0	0	0	0	0	0	0	0	0	0	0	0	0	0	0	0	0	0	0	0	0	0	0	0	0	0	0	0	0	0	0	0	0	0	0	0	0	0	0	0	0	0	0	0	0	0	0	0	0	0	0	0	0	0	0	0	0	0	0	0
943	Ehrlichia	genus	3	4	5	9	15	2	21	21	15	12	12	4	28	20	37	25	19	17	23	38	26	36	44	63	43	34	48	17	41	53	19	45	25	39	47	44	43	33	28	33	41	32	68	33	40	21	70	32	55	106	54	63	65	87	40	54	83	53	25	59	121	77	134	107	143	93	58	94	106	104	119	8	127	93	39	136	80	70	64	134
953	Wolbachia	genus	30	36	37	59	76	33	104	135	108	72	85	88	164	133	177	203	270	258	262	229	210	196	301	366	267	203	310	174	289	366	172	286	415	210	200	350	384	225	292	183	277	353	389	278	422	265	364	268	315	838	397	666	463	550	404	557	619	343	334	420	678	398	906	421	583	637	338	485	601	904	766	126	841	758	282	846	735	361	646	1232
768	Anaplasma	genus	0	2	0	7	1	0	2	11	1	3	3	13	4	3	5	14	6	6	2	13	20	9	6	6	4	11	7	14	10	6	4	10	20	24	7	7	18	4	6	7	7	7	5	21	5	13	9	10	8	34	11	10	9	80	25	49	29	13	22	27	17	15	8	32	15	24	30	57	13	67	17	10	43	52	13	16	10	15	14	83
33993	Neorickettsia	genus	1	0	1	11	5	0	18	4	4	1	2	8	2	8	7	18	7	8	11	23	16	10	11	12	17	25	13	16	11	20	8	10	27	20	10	24	34	19	26	11	15	21	25	20	46	30	53	9	32	144	22	12	31	47	25	52	37	28	73	42	47	34	27	59	32	28	32	70	48	70	35	13	56	51	15	46	65	15	43	129
991903	Polymorphum	genus	0	0	0	0	0	0	0	0	0	0	0	0	0	0	0	0	0	0	0	0	0	0	0	0	0	0	0	0	0	0	0	0	0	0	0	0	0	0	0	0	0	0	0	0	0	0	0	0	0	0	0	0	0	0	0	0	0	0	0	0	0	0	0	0	0	0	0	0	0	0	0	0	0	0	0	0	0	0	0	0
213485	Micavibrio	genus	0	0	0	0	0	0	0	0	0	0	0	0	0	0	0	0	0	0	0	0	0	0	0	0	0	0	0	0	0	0	0	0	0	0	0	0	0	0	0	0	0	0	0	0	0	0	0	0	0	0	0	0	0	0	0	0	0	0	0	0	0	0	0	0	0	0	0	0	0	0	0	0	0	0	0	0	0	0	0	0
162171	Magnetococcus	genus	0	0	0	0	0	0	0	0	0	0	0	0	0	0	0	0	0	0	0	0	0	0	0	0	0	0	0	0	0	0	0	0	0	0	0	0	0	0	0	0	0	0	0	0	0	0	0	0	0	0	0	0	0	0	0	0	0	0	0	0	0	0	0	0	0	0	0	0	0	0	0	0	0	0	0	0	0	0	0	0
208215	Parvularcula	genus	0	0	0	0	0	0	0	0	0	0	0	0	0	0	0	0	0	0	0	0	0	0	0	0	0	0	0	0	0	0	0	0	0	0	0	0	0	0	0	0	0	0	0	0	0	0	0	0	0	0	0	0	0	0	0	0	0	0	0	0	0	0	0	0	0	0	0	0	0	0	0	0	0	0	0	0	0	0	0	0
32	Myxococcus	genus	107	125	112	226	149	17	545	511	625	454	155	563	440	626	635	948	564	527	595	875	1818	1447	1018	680	788	1320	854	2067	1471	856	517	696	3302	1709	769	2062	1301	936	750	727	926	825	1313	1001	1024	1306	1030	915	1380	2678	1248	1261	1611	1970	2208	4464	1478	2194	5931	721	1540	1139	1334	3421	2237	2249	3475	9004	2753	3153	2728	636	4634	2477	1328	2478	855	930	825	2564
83461	Corallococcus	genus	0	0	0	0	0	0	0	0	0	0	0	0	0	0	0	0	0	0	0	0	0	0	0	0	0	0	0	0	0	0	0	0	0	0	0	0	0	0	0	0	0	0	0	0	0	0	0	0	0	0	0	0	0	0	0	0	0	0	0	0	0	0	0	0	0	0	0	0	0	0	0	0	0	0	0	0	0	0	0	0
161492	Anaeromyxobacter	genus	161	190	167	427	228	22	934	731	1078	875	253	1090	682	1051	1001	1929	789	848	942	1447	3523	2150	1563	886	1147	2265	1260	3925	2297	1268	615	1005	4724	3448	1059	3671	2104	1602	1144	1075	1330	1193	1772	1354	1341	2195	1364	1329	2143	4819	1675	2019	2364	3572	3828	9330	2678	2820	13043	897	3040	1621	1833	6836	3099	3899	5625	17176	3882	5470	3881	857	7316	3645	2237	3299	1055	1401	1195	4583
47	Archangium	genus	0	0	0	0	0	0	0	0	0	0	0	0	0	0	0	0	0	0	0	0	0	0	0	0	0	0	0	0	0	0	0	0	0	0	0	0	0	0	0	0	0	0	0	0	0	0	0	0	0	0	0	0	0	0	0	0	0	0	0	0	0	0	0	0	0	0	0	0	0	0	0	0	0	0	0	0	0	0	0	0
40	Stigmatella	genus	0	0	0	0	0	0	0	0	0	0	0	0	0	0	0	0	0	0	0	0	0	0	0	0	0	0	0	0	0	0	0	0	0	0	0	0	0	0	0	0	0	0	0	0	0	0	0	0	0	0	0	0	0	0	0	0	0	0	0	0	0	0	0	0	0	0	0	0	0	0	0	0	0	0	0	0	0	0	0	0
1524214	Vulgatibacter	genus	0	0	0	0	0	0	0	0	0	0	0	0	0	0	0	0	0	0	0	0	0	0	0	0	0	0	0	0	0	0	0	0	0	0	0	0	0	0	0	0	0	0	0	0	0	0	0	0	0	0	0	0	0	0	0	0	0	0	0	0	0	0	0	0	0	0	0	0	0	0	0	0	0	0	0	0	0	0	0	0
39643	Sorangium	genus	0	0	0	0	0	0	0	0	0	0	0	0	0	0	0	0	0	0	0	0	0	0	0	0	0	0	0	0	0	0	0	0	0	0	0	0	0	0	0	0	0	0	0	0	0	0	0	0	0	0	0	0	0	0	0	0	0	0	0	0	0	0	0	0	0	0	0	0	0	0	0	0	0	0	0	0	0	0	0	0
50	Chondromyces	genus	0	0	0	0	0	0	0	0	0	0	0	0	0	0	0	0	0	0	0	0	0	0	0	0	0	0	0	0	0	0	0	0	0	0	0	0	0	0	0	0	0	0	0	0	0	0	0	0	0	0	0	0	0	0	0	0	0	0	0	0	0	0	0	0	0	0	0	0	0	0	0	0	0	0	0	0	0	0	0	0
1055688	Sandaracinus	genus	0	0	0	0	0	0	0	0	0	0	0	0	0	0	0	0	0	0	0	0	0	0	0	0	0	0	0	0	0	0	0	0	0	0	0	0	0	0	0	0	0	0	0	0	0	0	0	0	0	0	0	0	0	0	0	0	0	0	0	0	0	0	0	0	0	0	0	0	0	0	0	0	0	0	0	0	0	0	0	0
162027	Haliangium	genus	0	0	0	0	0	0	0	0	0	0	0	0	0	0	0	0	0	0	0	0	0	0	0	0	0	0	0	0	0	0	0	0	0	0	0	0	0	0	0	0	0	0	0	0	0	0	0	0	0	0	0	0	0	0	0	0	0	0	0	0	0	0	0	0	0	0	0	0	0	0	0	0	0	0	0	0	0	0	0	0
872	Desulfovibrio	genus	132	259	147	146	611	24	240	621	284	774	515	2717	380	983	547	2672	1524	1188	836	799	5668	419	1316	779	722	950	593	2929	1022	2453	128	676	15925	2306	1499	4178	1734	2884	432	3030	663	1402	500	610	1734	4032	639	5651	2354	6144	749	789	2978	9623	1509	18437	1509	1224	7645	164	1518	984	1433	2385	5132	1938	4943	2712	1546	8910	1924	1570	1442	4954	8266	8735	297	1726	407	3879
41707	Lawsonia	genus	0	0	0	0	0	0	0	0	0	0	0	0	0	0	0	0	0	0	0	0	0	0	0	0	0	0	0	0	0	0	0	0	0	0	0	0	0	0	0	0	0	0	0	0	0	0	0	0	0	0	0	0	0	0	0	0	0	0	0	0	0	0	0	0	0	0	0	0	0	0	0	0	0	0	0	0	0	0	0	0
898	Desulfomicrobium	genus	0	33	2	1	8	1	16	33	20	35	19	30	8	14	33	83	37	16	15	36	142	29	54	17	29	31	24	96	36	75	10	44	111	66	31	122	70	94	26	46	21	25	26	21	61	71	23	144	99	790	33	37	73	121	68	288	55	66	751	7	89	41	55	92	97	86	106	213	149	254	130	66	86	111	168	412	4	27	20	712
45662	Desulfohalobium	genus	0	0	0	0	0	0	0	0	0	0	0	0	0	0	0	0	0	0	0	0	0	0	0	0	0	0	0	0	0	0	0	0	0	0	0	0	0	0	0	0	0	0	0	0	0	0	0	0	0	0	0	0	0	0	0	0	0	0	0	0	0	0	0	0	0	0	0	0	0	0	0	0	0	0	0	0	0	0	0	0
28231	Geobacter	genus	81	124	99	214	167	11	441	453	377	460	176	648	246	497	456	1362	461	417	511	823	2069	481	749	545	622	1121	490	2457	896	941	219	559	2955	1910	608	2168	1079	1181	530	669	686	744	678	684	910	1376	731	1062	1047	20882	688	853	1572	2846	1386	7029	1432	1364	6912	294	1647	953	1054	1913	1952	1731	2229	4433	1512	4032	1653	420	2047	2249	1489	2209	446	629	491	3210
392332	Geoalkalibacter	genus	0	0	0	0	0	0	0	0	0	0	0	0	0	0	0	0	0	0	0	0	0	0	0	0	0	0	0	0	0	0	0	0	0	0	0	0	0	0	0	0	0	0	0	0	0	0	0	0	0	0	0	0	0	0	0	0	0	0	0	0	0	0	0	0	0	0	0	0	0	0	0	0	0	0	0	0	0	0	0	0
890	Desulfuromonas	genus	2	2	2	9	1	0	19	4	10	11	1	19	8	17	14	35	12	12	7	7	63	13	20	10	12	41	10	45	21	19	4	16	102	63	12	52	28	31	11	18	17	19	8	11	16	34	16	18	29	124	13	28	48	65	42	216	42	24	188	1	59	17	17	58	35	53	77	113	39	115	43	6	47	35	41	46	9	17	17	51
18	Pelobacter	genus	0	0	4	0	1	0	0	0	1	0	0	2	0	0	0	0	0	1	0	1	0	3	1	1	1	3	0	2	1	3	0	1	5	3	0	1	3	2	2	1	4	0	0	0	0	1	5	1	0	19	2	0	1	4	6	8	4	0	4	0	2	2	0	1	0	5	2	4	0	3	2	0	4	6	1	1	1	0	1	3
893	Desulfobulbus	genus	0	0	0	0	0	0	0	0	0	0	0	0	0	0	0	0	0	0	0	0	0	0	0	0	0	0	0	0	0	0	0	0	0	0	0	0	0	0	0	0	0	0	0	0	0	0	0	0	0	0	0	0	0	0	0	0	0	0	0	0	0	0	0	0	0	0	0	0	0	0	0	0	0	0	0	0	0	0	0	0
427922	Desulfurivibrio	genus	0	0	0	0	0	0	0	0	0	0	0	0	0	0	0	0	0	0	0	0	0	0	0	0	0	0	0	0	0	0	0	0	0	0	0	0	0	0	0	0	0	0	0	0	0	0	0	0	0	0	0	0	0	0	0	0	0	0	0	0	0	0	0	0	0	0	0	0	0	0	0	0	0	0	0	0	0	0	0	0
109168	Desulfotalea	genus	0	0	0	0	0	0	0	0	0	0	0	0	0	0	0	0	0	0	0	0	0	0	0	0	0	0	0	0	0	0	0	0	0	0	0	0	0	0	0	0	0	0	0	0	0	0	0	0	0	0	0	0	0	0	0	0	0	0	0	0	0	0	0	0	0	0	0	0	0	0	0	0	0	0	0	0	0	0	0	0
53318	Desulfocapsa	genus	0	0	0	0	0	0	0	0	0	0	0	0	0	0	0	0	0	0	0	0	0	0	0	0	0	0	0	0	0	0	0	0	0	0	0	0	0	0	0	0	0	0	0	0	0	0	0	0	0	0	0	0	0	0	0	0	0	0	0	0	0	0	0	0	0	0	0	0	0	0	0	0	0	0	0	0	0	0	0	0
896	Desulfococcus	genus	0	1	0	0	0	0	5	1	0	0	2	1	0	2	2	6	1	2	1	1	3	1	1	1	0	11	2	18	3	5	0	1	2	13	2	20	2	7	1	5	2	2	1	1	3	2	3	4	5	30	2	3	2	10	14	52	2	1	41	0	5	4	4	7	6	8	4	25	7	27	4	2	3	8	8	5	1	2	1	12
218207	Desulfatibacillum	genus	0	0	0	0	0	0	0	0	0	0	0	0	0	0	0	0	0	0	0	0	0	0	0	0	0	0	0	0	0	0	0	0	0	0	0	0	0	0	0	0	0	0	0	0	0	0	0	0	0	0	0	0	0	0	0	0	0	0	0	0	0	0	0	0	0	0	0	0	0	0	0	0	0	0	0	0	0	0	0	0
2295	Desulfobacterium	genus	0	0	0	0	0	0	0	0	0	0	0	0	0	0	0	0	0	0	0	0	0	0	0	0	0	0	0	0	0	0	0	0	0	0	0	0	0	0	0	0	0	0	0	0	0	0	0	0	0	0	0	0	0	0	0	0	0	0	0	0	0	0	0	0	0	0	0	0	0	0	0	0	0	0	0	0	0	0	0	0
28222	Desulfobacula	genus	0	0	0	0	0	0	0	0	0	0	0	0	0	0	0	0	0	0	0	0	0	0	0	0	0	0	0	0	0	0	0	0	0	0	0	0	0	0	0	0	0	0	0	0	0	0	0	0	0	0	0	0	0	0	0	0	0	0	0	0	0	0	0	0	0	0	0	0	0	0	0	0	0	0	0	0	0	0	0	0
43773	Syntrophus	genus	0	0	0	0	0	0	0	0	0	0	0	0	0	0	0	0	0	0	0	0	0	0	0	0	0	0	0	0	0	0	0	0	0	0	0	0	0	0	0	0	0	0	0	0	0	0	0	0	0	0	0	0	0	0	0	0	0	0	0	0	0	0	0	0	0	0	0	0	0	0	0	0	0	0	0	0	0	0	0	0
2357	Desulfomonile	genus	0	0	0	0	0	0	0	0	0	0	0	0	0	0	0	0	0	0	0	0	0	0	0	0	0	0	0	0	0	0	0	0	0	0	0	0	0	0	0	0	0	0	0	0	0	0	0	0	0	0	0	0	0	0	0	0	0	0	0	0	0	0	0	0	0	0	0	0	0	0	0	0	0	0	0	0	0	0	0	0
60892	Desulfobacca	genus	0	0	0	0	0	0	0	0	0	0	0	0	0	0	0	0	0	0	0	0	0	0	0	0	0	0	0	0	0	0	0	0	0	0	0	0	0	0	0	0	0	0	0	0	0	0	0	0	0	0	0	0	0	0	0	0	0	0	0	0	0	0	0	0	0	0	0	0	0	0	0	0	0	0	0	0	0	0	0	0
29526	Syntrophobacter	genus	0	0	0	0	0	0	0	0	0	0	0	0	0	0	0	0	0	0	0	0	0	0	0	0	0	0	0	0	0	0	0	0	0	0	0	0	0	0	0	0	0	0	0	0	0	0	0	0	0	0	0	0	0	0	0	0	0	0	0	0	0	0	0	0	0	0	0	0	0	0	0	0	0	0	0	0	0	0	0	0
958	Bdellovibrio	genus	1	0	6	6	4	0	9	17	14	7	2	6	13	20	9	18	14	15	13	16	29	28	17	30	13	28	17	45	17	13	10	22	28	60	9	26	22	23	22	18	36	18	17	14	27	31	18	17	11	48	24	21	24	28	35	44	25	29	35	17	22	24	34	44	24	53	67	138	28	61	29	1	88	40	11	50	13	10	40	26
1652133	Halobacteriovorax	genus	0	0	0	0	0	0	0	0	0	0	0	0	0	0	0	0	0	0	0	0	0	0	0	0	0	0	0	0	0	0	0	0	0	0	0	0	0	0	0	0	0	0	0	0	0	0	0	0	0	0	0	0	0	0	0	0	0	0	0	0	0	0	0	0	0	0	0	0	0	0	0	0	0	0	0	0	0	0	0	0
453229	Desulfarculus	genus	0	0	0	0	0	0	0	0	0	0	0	0	0	0	0	0	0	0	0	0	0	0	0	0	0	0	0	0	0	0	0	0	0	0	0	0	0	0	0	0	0	0	0	0	0	0	0	0	0	0	0	0	0	0	0	0	0	0	0	0	0	0	0	0	0	0	0	0	0	0	0	0	0	0	0	0	0	0	0	0
33001	Desulfurella	genus	0	0	0	0	0	0	0	0	0	0	0	0	0	0	0	0	0	0	0	0	0	0	0	0	0	0	0	0	0	0	0	0	0	0	0	0	0	0	0	0	0	0	0	0	0	0	0	0	0	0	0	0	0	0	0	0	0	0	0	0	0	0	0	0	0	0	0	0	0	0	0	0	0	0	0	0	0	0	0	0
84404	Hippea	genus	0	0	0	0	0	0	0	0	0	0	0	0	0	0	0	0	0	0	0	0	0	0	0	0	0	0	0	0	0	0	0	0	0	0	0	0	0	0	0	0	0	0	0	0	0	0	0	0	0	0	0	0	0	0	0	0	0	0	0	0	0	0	0	0	0	0	0	0	0	0	0	0	0	0	0	0	0	0	0	0
28196	Arcobacter	genus	246	451	368	2333	198	106	3898	6317	4828	977	6941	832	2036	1243	10015	3833	8349	1876	1207	3143	709	2009	8109	9481	21620	4406	26978	1257	18207	28959	528	14979	3633	543	1360	2143	7864	15164	807	3249	4638	5771	24919	3696	10205	6322	9989	12151	16614	36676	16919	20514	5670	11730	6846	685	7475	10865	1184	22780	12525	7287	52893	7491	3929	12485	5514	14734	51543	10092	71247	532	55234	21411	2811	52813	2728	1136	2568	18803
194	Campylobacter	genus	162	222	238	538	425	82	758	1022	972	536	1484	616	743	1016	1844	1914	2255	1522	1206	1580	643	879	2009	2831	3707	906	3185	2017	3338	5596	704	2893	1789	783	1449	1315	2333	2831	1207	2686	2218	3219	2980	2220	3394	3016	2664	4653	2712	9621	2767	5745	3111	3482	2631	1352	3621	2652	1028	2894	5943	3197	7839	3282	2971	4010	2154	3085	6860	6533	9870	420	7977	5186	1719	11493	3761	1510	2793	7588
57665	Sulfurospirillum	genus	40	101	43	180	104	24	573	693	530	144	572	156	146	401	2093	701	1412	836	244	222	242	346	743	486	1182	513	814	279	882	1185	255	1133	529	416	227	305	619	1414	232	728	373	675	768	518	705	1154	884	1829	1182	7877	780	11902	1389	5937	915	637	635	795	362	833	978	590	3936	1429	751	1306	793	2343	3219	8135	2668	174	2094	995	544	15881	660	652	769	85107
209	Helicobacter	genus	16	32	22	62	40	8	76	131	86	87	83	67	128	102	204	118	211	224	241	206	170	150	217	241	297	157	276	138	291	367	162	268	196	208	170	273	250	201	147	213	177	257	318	224	343	247	297	307	277	810	300	616	347	541	352	404	404	308	272	396	435	266	763	387	496	507	324	408	629	594	719	103	771	577	229	994	816	265	552	1315
202746	Sulfurimonas	genus	0	0	2	9	3	0	5	14	15	3	26	1	7	6	14	22	16	6	7	20	5	8	15	24	33	16	35	9	42	86	5	24	22	6	10	9	13	39	14	25	12	21	34	26	61	28	31	69	24	312	23	37	21	49	23	33	23	26	8	17	55	18	97	22	24	38	24	57	72	61	109	5	102	56	14	203	7	8	9	66
286130	Sulfuricurvum	genus	0	0	0	0	0	0	0	0	0	0	0	0	0	0	0	0	0	0	0	0	0	0	0	0	0	0	0	0	0	0	0	0	0	0	0	0	0	0	0	0	0	0	0	0	0	0	0	0	0	0	0	0	0	0	0	0	0	0	0	0	0	0	0	0	0	0	0	0	0	0	0	0	0	0	0	0	0	0	0	0
843	Wolinella	genus	0	0	0	0	0	0	0	0	0	0	0	0	0	0	0	0	0	0	0	0	0	0	0	0	0	0	0	0	0	0	0	0	0	0	0	0	0	0	0	0	0	0	0	0	0	0	0	0	0	0	0	0	0	0	0	0	0	0	0	0	0	0	0	0	0	0	0	0	0	0	0	0	0	0	0	0	0	0	0	0
269260	Nitratifractor	genus	0	0	0	0	0	0	0	0	0	0	0	0	0	0	0	0	0	0	0	0	0	0	0	0	0	0	0	0	0	0	0	0	0	0	0	0	0	0	0	0	0	0	0	0	0	0	0	0	0	0	0	0	0	0	0	0	0	0	0	0	0	0	0	0	0	0	0	0	0	0	0	0	0	0	0	0	0	0	0	0
265570	Sulfurovum	genus	2	10	6	23	10	1	32	59	44	31	71	21	16	34	63	60	86	34	38	37	56	22	62	62	145	78	151	38	133	412	40	81	59	40	43	56	95	127	34	52	55	74	261	63	96	119	78	146	133	915	198	173	82	208	89	105	70	111	70	116	155	88	262	81	93	155	117	160	346	244	446	33	286	218	88	517	111	143	98	420
269258	Nitratiruptor	genus	0	0	0	0	0	0	0	0	0	0	0	0	0	0	0	0	0	0	0	0	0	0	0	0	0	0	0	0	0	0	0	0	0	0	0	0	0	0	0	0	0	0	0	0	0	0	0	0	0	0	0	0	0	0	0	0	0	0	0	0	0	0	0	0	0	0	0	0	0	0	0	0	0	0	0	0	0	0	0	0
191291	Nautilia	genus	0	0	0	0	0	0	0	0	0	0	0	0	0	0	0	0	0	0	0	0	0	0	0	0	0	0	0	0	0	0	0	0	0	0	0	0	0	0	0	0	0	0	0	0	0	0	0	0	0	0	0	0	0	0	0	0	0	0	0	0	0	0	0	0	0	0	0	0	0	0	0	0	0	0	0	0	0	0	0	0
119977	Acidithiobacillus	genus	3	12	3	8	18	5	28	51	28	38	28	45	34	43	48	52	56	42	89	42	103	68	68	50	63	82	60	104	103	148	36	65	83	88	97	140	86	84	51	90	55	53	66	55	135	119	68	162	103	214	78	89	144	176	257	187	103	110	365	49	87	66	119	178	211	121	534	366	170	490	203	135	222	259	149	333	65	70	64	175
1301	Streptococcus	genus	1420	1887	2599	1780	41499	1187	1025	9752	5844	5672	11690	14497	12106	21561	7486	13211	25776	83475	64061	12419	12332	7318	44181	33480	8243	6418	10853	15336	22329	5291	2175	17742	9807	21293	51699	66540	13989	5606	21583	151911	28283	95156	10045	10713	50308	78571	10738	97336	9802	10202	24204	28221	69800	29795	31832	9000	68523	13664	3773	3365	69058	22838	91567	18871	93326	57064	19573	4895	32767	52791	59743	7851	12284	97269	11419	45066	8264	3637	10138	26829
1357	Lactococcus	genus	66	43	68	28	690	126	28	316	205	78	66	55	69	89	192	78	4048	4128	118	633	49	509	3428	161	298	434	857	77	1365	38	52	749	104	95	131	177	341	78	2554	216	1599	8126	1067	470	301	520	414	215	574	56	2239	1893	685	1220	1879	50	2618	597	47	42	1350	587	2109	953	798	1672	274	183	2824	153	5031	324	291	741	98	3411	57	48	301	195
1350	Enterococcus	genus	669	1534	566	513	1827	225	167	2644	1950	2648	438	354	383	467	3870	669	6144	12034	1036	4835	1343	1903	11115	551	3827	1529	1447	680	9931	511	578	6078	861	492	931	1084	6461	438	9321	2904	9259	14093	2691	4327	1333	2292	5361	2055	4775	673	4751	7320	2318	1675	19159	684	31591	10803	467	875	26164	19433	6667	3080	4398	11066	4224	645	13865	2156	19818	1435	2035	2557	1260	11790	1348	463	6764	2332
2737	Vagococcus	genus	0	0	0	0	0	0	0	0	0	0	0	0	0	0	0	0	0	0	0	0	0	0	0	0	0	0	0	0	0	0	0	0	0	0	0	0	0	0	0	0	0	0	0	0	0	0	0	0	0	0	0	0	0	0	0	0	0	0	0	0	0	0	0	0	0	0	0	0	0	0	0	0	0	0	0	0	0	0	0	0
33969	Melissococcus	genus	0	0	0	0	0	0	0	0	0	0	0	0	0	0	0	0	0	0	0	0	0	0	0	0	0	0	0	0	0	0	0	0	0	0	0	0	0	0	0	0	0	0	0	0	0	0	0	0	0	0	0	0	0	0	0	0	0	0	0	0	0	0	0	0	0	0	0	0	0	0	0	0	0	0	0	0	0	0	0	0
51668	Tetragenococcus	genus	0	0	0	0	0	0	0	0	0	0	0	0	0	0	0	0	0	0	0	0	0	0	0	0	0	0	0	0	0	0	0	0	0	0	0	0	0	0	0	0	0	0	0	0	0	0	0	0	0	0	0	0	0	0	0	0	0	0	0	0	0	0	0	0	0	0	0	0	0	0	0	0	0	0	0	0	0	0	0	0
1578	Lactobacillus	genus	354	487	1332	442	6578	266	311	2301	1274	1613	667	849	943	2066	1552	5935	3358	5340	5439	2939	5454	1637	4621	2167	2236	1764	1748	2644	2970	1529	630	7678	3615	14522	4367	6713	5274	1559	4812	3225	4356	13083	2530	2605	4795	40615	4611	3564	2747	2444	3739	4488	4688	14749	5394	23646	15218	3574	2517	1531	142839	5895	5824	10656	10376	5601	3855	1894	7282	8268	8194	333509	3372	9042	3582	7645	3181	1793	3931	11591
1253	Pediococcus	genus	4	6	5	15	12	3	0	19	15	19	4	3	8	12	24	25	35	44	11	73	17	10	48	24	39	11	19	22	47	12	14	28	18	15	25	39	48	15	33	20	48	77	23	44	41	72	61	21	23	38	26	44	57	55	40	23	124	69	37	7	212	85	48	45	84	116	61	26	64	59	95	44	29	43	39	57	43	12	21	189
2747	Carnobacterium	genus	248	776	152	161	119	34	55	1364	763	907	103	56	123	81	1670	105	966	2941	117	1528	93	929	2583	199	1564	629	393	115	3131	172	263	2502	186	70	177	204	2321	92	1091	238	3363	1278	547	1756	228	244	2260	326	1622	159	1146	2399	442	335	7222	161	8612	2440	81	599	11378	6323	2802	390	1463	3865	1134	215	4950	889	6815	381	643	319	249	3433	344	126	3158	928
1375	Aerococcus	genus	311	1060	229	223	187	43	74	1773	986	1158	142	114	160	142	2211	170	1400	4121	204	1999	154	1307	3806	222	2001	944	602	224	4278	254	329	2566	284	182	327	431	3205	143	1450	386	4328	2184	871	2437	632	428	2814	517	2386	405	1678	2575	824	475	9979	309	10370	3226	346	361	15842	7723	3689	638	2014	5172	1567	360	6990	1537	9619	437	978	605	421	4561	367	207	4055	1851
1243	Leuconostoc	genus	21	25	82	43	139	44	30	142	93	90	57	65	114	104	162	114	449	570	196	245	130	165	475	225	205	189	222	180	281	172	108	269	224	128	237	313	302	143	529	246	461	2342	325	301	339	504	348	242	233	472	688	611	635	552	477	221	808	293	165	337	2158	522	674	659	702	724	216	259	678	559	840	197	327	939	256	923	445	171	490	696
46255	Weissella	genus	3	2	10	7	7	0	3	24	23	9	6	10	12	15	26	23	43	50	18	27	19	26	53	18	44	22	23	43	45	20	7	43	35	11	48	80	63	26	95	38	54	63	31	39	65	116	51	48	31	19	48	106	55	166	95	23	104	38	27	22	128	88	40	30	95	92	31	16	89	58	162	59	31	74	30	86	19	3	30	92
46254	Oenococcus	genus	0	0	0	0	0	0	0	0	0	0	0	0	0	0	0	0	0	0	0	0	0	0	0	0	0	0	0	0	0	0	0	0	0	0	0	0	0	0	0	0	0	0	0	0	0	0	0	0	0	0	0	0	0	0	0	0	0	0	0	0	0	0	0	0	0	0	0	0	0	0	0	0	0	0	0	0	0	0	0	0
1386	Bacillus	genus	592	1122	810	901	1829	533	1314	3104	2167	2481	1416	1427	2215	3243	4076	3682	5557	7321	3949	5177	3070	3335	7117	5562	5991	3216	4335	5399	7425	4797	3122	5915	5683	3356	5002	6781	7446	3799	4689	5174	7899	9023	6100	7258	8738	6368	8805	6250	5661	8729	7168	12954	8473	10431	12748	8486	16503	7615	6437	6826	22441	14498	13024	9300	13110	12750	6917	6171	13256	14812	28185	2552	9905	11164	6762	16973	14214	5726	13195	31863
129337	Geobacillus	genus	145	245	200	247	364	54	397	749	629	623	270	516	591	743	1047	866	867	1387	1215	1108	1304	1264	1609	1192	1116	1098	870	1616	2004	1046	551	1249	2254	1440	1145	1941	1700	1211	978	2767	1629	1462	1193	1517	1433	1686	1735	1576	1441	2898	1438	1944	2470	2704	3922	3847	4713	2394	3323	1059	4917	3088	2862	5532	3483	3196	3065	2858	3449	4130	4166	1026	2764	3363	1364	3944	2013	1004	2291	3750
150247	Anoxybacillus	genus	24	54	26	48	153	19	69	131	89	112	68	47	98	121	140	144	177	244	174	181	125	197	273	210	237	173	163	189	314	210	141	216	352	178	173	381	302	184	195	191	283	325	238	244	267	239	300	256	254	490	271	417	327	440	526	504	1685	363	297	192	986	502	504	3023	444	496	396	327	502	730	604	109	503	460	304	655	549	204	515	1014
400634	Lysinibacillus	genus	33	66	31	43	100	22	60	206	127	142	73	46	110	126	227	187	237	316	197	251	151	219	352	250	261	167	256	166	441	276	205	360	200	116	178	324	415	145	279	245	425	409	434	394	329	283	415	316	274	449	411	524	411	504	564	415	921	361	208	399	1281	729	696	459	429	639	285	241	704	844	997	122	552	500	443	904	1177	333	1034	1366
84406	Virgibacillus	genus	21	41	29	33	33	36	35	112	65	77	42	21	66	71	137	92	143	174	90	177	45	107	198	156	172	88	136	107	285	153	96	167	108	75	116	131	219	90	134	111	227	241	151	182	191	145	187	140	169	177	210	340	168	225	438	288	518	227	121	139	766	407	321	204	275	441	168	178	433	317	575	48	322	279	147	469	567	133	383	823
1329200	Fictibacillus	genus	6	15	4	11	15	1	3	38	20	26	11	5	9	29	38	21	47	73	13	39	17	26	72	11	54	32	13	24	68	21	10	45	35	19	29	47	70	17	46	18	88	51	16	61	47	46	66	27	75	34	51	55	59	80	176	44	248	69	31	27	357	199	89	38	70	129	112	36	157	134	199	15	37	40	55	186	48	8	73	138
29331	Amphibacillus	genus	0	0	0	0	0	0	0	0	0	0	0	0	0	0	0	0	0	0	0	0	0	0	0	0	0	0	0	0	0	0	0	0	0	0	0	0	0	0	0	0	0	0	0	0	0	0	0	0	0	0	0	0	0	0	0	0	0	0	0	0	0	0	0	0	0	0	0	0	0	0	0	0	0	0	0	0	0	0	0	0
182709	Oceanobacillus	genus	0	0	0	0	0	0	0	0	0	0	0	0	0	0	0	0	0	0	0	0	0	0	0	0	0	0	0	0	0	0	0	0	0	0	0	0	0	0	0	0	0	0	0	0	0	0	0	0	0	0	0	0	0	0	0	0	0	0	0	0	0	0	0	0	0	0	0	0	0	0	0	0	0	0	0	0	0	0	0	0
459532	Terribacillus	genus	0	0	0	0	0	0	0	0	0	0	0	0	0	0	0	0	0	0	0	0	0	0	0	0	0	0	0	0	0	0	0	0	0	0	0	0	0	0	0	0	0	0	0	0	0	0	0	0	0	0	0	0	0	0	0	0	0	0	0	0	0	0	0	0	0	0	0	0	0	0	0	0	0	0	0	0	0	0	0	0
1906945	Parageobacillus	genus	0	0	0	0	0	0	0	0	0	0	0	0	0	0	0	0	0	0	0	0	0	0	0	0	0	0	0	0	0	0	0	0	0	0	0	0	0	0	0	0	0	0	0	0	0	0	0	0	0	0	0	0	0	0	0	0	0	0	0	0	0	0	0	0	0	0	0	0	0	0	0	0	0	0	0	0	0	0	0	0
45667	Halobacillus	genus	0	0	0	0	0	0	0	0	0	0	0	0	0	0	0	0	0	0	0	0	0	0	0	0	0	0	0	0	0	0	0	0	0	0	0	0	0	0	0	0	0	0	0	0	0	0	0	0	0	0	0	0	0	0	0	0	0	0	0	0	0	0	0	0	0	0	0	0	0	0	0	0	0	0	0	0	0	0	0	0
175304	Lentibacillus	genus	0	0	0	0	0	0	0	0	0	0	0	0	0	0	0	0	0	0	0	0	0	0	0	0	0	0	0	0	0	0	0	0	0	0	0	0	0	0	0	0	0	0	0	0	0	0	0	0	0	0	0	0	0	0	0	0	0	0	0	0	0	0	0	0	0	0	0	0	0	0	0	0	0	0	0	0	0	0	0	0
44249	Paenibacillus	genus	259	504	417	521	806	117	589	1741	1103	1338	634	1071	907	1667	1648	1968	2133	2896	2161	2993	2507	1720	3426	2046	2796	1834	1685	3299	4142	2448	1102	2532	4710	2081	2616	3934	3745	2435	2327	2960	3586	3619	2441	3269	4028	3893	3564	3891	3224	6072	3064	3770	4953	7561	6233	6604	8511	4224	6183	1881	10782	6470	4345	5082	6745	6998	4794	4168	6051	8694	8786	2084	4355	6902	3499	8561	3514	1789	4264	11171
55080	Brevibacillus	genus	7	35	12	6	6	2	7	54	33	34	5	12	8	13	69	12	39	124	6	64	16	35	98	10	57	43	18	24	116	17	3	90	40	14	19	17	147	10	46	17	123	50	14	57	21	16	80	32	81	195	42	102	34	53	296	60	331	79	45	13	456	230	114	65	78	182	65	39	186	92	263	19	24	38	15	121	9	9	119	98
76632	Thermobacillus	genus	0	0	0	0	0	0	0	0	0	0	0	0	0	0	0	0	0	0	0	0	0	0	0	0	0	0	0	0	0	0	0	0	0	0	0	0	0	0	0	0	0	0	0	0	0	0	0	0	0	0	0	0	0	0	0	0	0	0	0	0	0	0	0	0	0	0	0	0	0	0	0	0	0	0	0	0	0	0	0	0
55079	Aneurinibacillus	genus	0	0	0	0	0	0	0	0	0	0	0	0	0	0	0	0	0	0	0	0	0	0	0	0	0	0	0	0	0	0	0	0	0	0	0	0	0	0	0	0	0	0	0	0	0	0	0	0	0	0	0	0	0	0	0	0	0	0	0	0	0	0	0	0	0	0	0	0	0	0	0	0	0	0	0	0	0	0	0	0
1279	Staphylococcus	genus	190	284	262	240	566	149	336	944	590	712	415	308	651	761	1080	871	1616	2396	913	1447	644	1020	2048	1604	1609	720	1142	1020	2089	1417	710	1816	1517	848	1388	1722	2197	914	1309	1589	2122	2678	1570	1722	2705	1548	2560	1616	1427	1858	1965	4018	2110	2330	3335	1911	4725	1867	1008	1729	8109	4189	3888	3173	3360	3299	1610	1348	3536	3937	4968	540	2551	2920	1909	4495	3330	1473	2961	9717
69965	Macrococcus	genus	0	0	0	0	0	0	0	0	0	0	0	0	0	0	0	0	0	0	0	0	0	0	0	0	0	0	0	0	0	0	0	0	0	0	0	0	0	0	0	0	0	0	0	0	0	0	0	0	0	0	0	0	0	0	0	0	0	0	0	0	0	0	0	0	0	0	0	0	0	0	0	0	0	0	0	0	0	0	0	0
45669	Salinicoccus	genus	0	0	0	0	0	0	0	0	0	0	0	0	0	0	0	0	0	0	0	0	0	0	0	0	0	0	0	0	0	0	0	0	0	0	0	0	0	0	0	0	0	0	0	0	0	0	0	0	0	0	0	0	0	0	0	0	0	0	0	0	0	0	0	0	0	0	0	0	0	0	0	0	0	0	0	0	0	0	0	0
1372	Planococcus	genus	28	58	41	59	124	22	98	202	132	128	68	90	114	153	224	193	355	475	233	275	236	189	457	266	298	208	221	250	527	309	150	403	552	149	250	398	456	225	355	269	462	570	347	427	430	344	460	388	355	990	414	670	487	745	825	654	1141	520	532	350	1399	738	739	582	610	780	461	457	926	875	1242	182	650	631	386	1134	775	422	779	3096
1569	Sporosarcina	genus	0	0	0	0	0	0	0	0	0	0	0	0	0	0	0	0	0	0	0	0	0	0	0	0	0	0	0	0	0	0	0	0	0	0	0	0	0	0	0	0	0	0	0	0	0	0	0	0	0	0	0	0	0	0	0	0	0	0	0	0	0	0	0	0	0	0	0	0	0	0	0	0	0	0	0	0	0	0	0	0
648800	Solibacillus	genus	0	0	0	0	0	0	0	0	0	0	0	0	0	0	0	0	0	0	0	0	0	0	0	0	0	0	0	0	0	0	0	0	0	0	0	0	0	0	0	0	0	0	0	0	0	0	0	0	0	0	0	0	0	0	0	0	0	0	0	0	0	0	0	0	0	0	0	0	0	0	0	0	0	0	0	0	0	0	0	0
1649	Kurthia	genus	0	0	0	0	0	0	0	0	0	0	0	0	0	0	0	0	0	0	0	0	0	0	0	0	0	0	0	0	0	0	0	0	0	0	0	0	0	0	0	0	0	0	0	0	0	0	0	0	0	0	0	0	0	0	0	0	0	0	0	0	0	0	0	0	0	0	0	0	0	0	0	0	0	0	0	0	0	0	0	0
157226	Jeotgalibacillus	genus	0	0	0	0	0	0	0	0	0	0	0	0	0	0	0	0	0	0	0	0	0	0	0	0	0	0	0	0	0	0	0	0	0	0	0	0	0	0	0	0	0	0	0	0	0	0	0	0	0	0	0	0	0	0	0	0	0	0	0	0	0	0	0	0	0	0	0	0	0	0	0	0	0	0	0	0	0	0	0	0
648802	Rummeliibacillus	genus	0	0	0	0	0	0	0	0	0	0	0	0	0	0	0	0	0	0	0	0	0	0	0	0	0	0	0	0	0	0	0	0	0	0	0	0	0	0	0	0	0	0	0	0	0	0	0	0	0	0	0	0	0	0	0	0	0	0	0	0	0	0	0	0	0	0	0	0	0	0	0	0	0	0	0	0	0	0	0	0
1637	Listeria	genus	101	153	103	91	369	47	114	457	290	310	150	133	236	297	530	292	1053	1698	432	759	276	350	1305	571	709	384	531	334	1088	506	321	946	425	302	513	732	1022	315	751	615	1391	2287	676	818	742	760	985	658	733	667	811	1649	919	960	2198	674	2870	974	427	650	3402	2031	1824	1042	1492	1798	762	464	1899	1693	2640	290	986	1193	578	2297	1226	445	1337	2978
33986	Exiguobacterium	genus	36	64	36	63	75	78	56	196	136	131	53	65	124	152	221	185	302	493	173	252	156	416	457	203	238	157	180	232	594	175	207	1077	320	185	210	324	443	182	423	258	542	572	166	337	312	282	457	259	327	400	382	508	389	540	1300	493	1256	430	216	208	1557	961	607	466	493	873	367	317	912	790	1265	133	398	653	330	890	222	314	530	1839
1378	Gemella	genus	0	0	0	0	0	0	0	0	0	0	0	0	0	0	0	0	0	0	0	0	0	0	0	0	0	0	0	0	0	0	0	0	0	0	0	0	0	0	0	0	0	0	0	0	0	0	0	0	0	0	0	0	0	0	0	0	0	0	0	0	0	0	0	0	0	0	0	0	0	0	0	0	0	0	0	0	0	0	0	0
29330	Alicyclobacillus	genus	0	0	0	0	0	0	0	0	0	0	0	0	0	0	0	0	0	0	0	0	0	0	0	0	0	0	0	0	0	0	0	0	0	0	0	0	0	0	0	0	0	0	0	0	0	0	0	0	0	0	0	0	0	0	0	0	0	0	0	0	0	0	0	0	0	0	0	0	0	0	0	0	0	0	0	0	0	0	0	0
1129704	Kyrpidia	genus	0	0	0	0	0	0	0	0	0	0	0	0	0	0	0	0	0	0	0	0	0	0	0	0	0	0	0	0	0	0	0	0	0	0	0	0	0	0	0	0	0	0	0	0	0	0	0	0	0	0	0	0	0	0	0	0	0	0	0	0	0	0	0	0	0	0	0	0	0	0	0	0	0	0	0	0	0	0	0	0
841	Roseburia	genus	0	0	0	0	0	0	0	0	0	0	0	0	0	0	0	0	0	0	0	0	0	0	0	0	0	0	0	0	0	0	0	0	0	0	0	0	0	0	0	0	0	0	0	0	0	0	0	0	0	0	0	0	0	0	0	0	0	0	0	0	0	0	0	0	0	0	0	0	0	0	0	0	0	0	0	0	0	0	0	0
1506553	Lachnoclostridium	genus	10	19	36	32	54	2	16	93	38	53	73	91	31	193	53	153	111	74	147	181	165	69	133	60	181	45	67	260	219	132	10	74	234	45	302	111	195	234	260	293	225	421	113	201	272	327	175	391	162	91	132	112	376	373	194	104	404	276	28	14	1311	481	74	292	383	353	212	93	182	438	429	22	108	416	314	443	17	12	47	74
572511	Blautia	genus	0	0	0	0	0	0	0	0	0	0	0	0	0	0	0	0	0	0	0	0	0	0	0	0	0	0	0	0	0	0	0	0	0	0	0	0	0	0	0	0	0	0	0	0	0	0	0	0	0	0	0	0	0	0	0	0	0	0	0	0	0	0	0	0	0	0	0	0	0	0	0	0	0	0	0	0	0	0	0	0
830	Butyrivibrio	genus	15	25	85	60	121	3	22	191	69	160	103	213	50	263	135	262	181	169	289	264	306	89	296	123	351	120	120	592	373	287	20	215	970	141	392	576	498	360	383	437	507	556	207	290	516	619	346	567	857	252	269	232	1191	2010	352	439	924	355	207	26	2074	754	206	1745	863	628	1402	241	298	1220	669	253	183	1066	650	795	41	39	187	345
698776	Cellulosilyticum	genus	0	0	0	0	0	0	0	0	0	0	0	0	0	0	0	0	0	0	0	0	0	0	0	0	0	0	0	0	0	0	0	0	0	0	0	0	0	0	0	0	0	0	0	0	0	0	0	0	0	0	0	0	0	0	0	0	0	0	0	0	0	0	0	0	0	0	0	0	0	0	0	0	0	0	0	0	0	0	0	0
1506577	Tyzzerella	genus	0	0	0	0	0	0	0	0	0	0	0	0	0	0	0	0	0	0	0	0	0	0	0	0	0	0	0	0	0	0	0	0	0	0	0	0	0	0	0	0	0	0	0	0	0	0	0	0	0	0	0	0	0	0	0	0	0	0	0	0	0	0	0	0	0	0	0	0	0	0	0	0	0	0	0	0	0	0	0	0
1485	Clostridium	genus	618	990	1030	1091	1852	642	1182	4096	2209	2970	1864	1343	1772	3950	4878	3930	8037	7728	3377	5390	2924	2697	7653	6136	8240	3503	4251	6465	7116	6387	1593	7081	6584	2612	7954	6792	9320	4827	4770	4520	8189	12208	4638	5480	10484	8454	9457	7306	7694	8404	6445	25095	11773	24306	11611	7166	14660	6256	3833	4947	41588	16080	13457	14353	23678	12934	5456	6347	14628	18656	20965	1579	9205	11855	8426	22664	9532	3344	6868	32423
390805	Geosporobacter	genus	0	0	0	0	0	0	0	0	0	0	0	0	0	0	0	0	0	0	0	0	0	0	0	0	0	0	0	0	0	0	0	0	0	0	0	0	0	0	0	0	0	0	0	0	0	0	0	0	0	0	0	0	0	0	0	0	0	0	0	0	0	0	0	0	0	0	0	0	0	0	0	0	0	0	0	0	0	0	0	0
114627	Alkaliphilus	genus	0	4	3	2	5	0	1	10	1	12	6	2	0	3	7	4	6	3	2	3	13	1	12	15	14	2	6	8	10	6	0	14	19	6	9	10	33	5	3	2	13	5	4	10	14	4	1	18	19	17	16	15	29	15	7	16	33	6	10	5	19	23	12	3	14	24	12	31	23	18	32	2	8	13	9	75	4	1	1	53
186831	Acetoanaerobium	genus	0	0	0	0	0	0	0	0	0	0	0	0	0	0	0	0	0	0	0	0	0	0	0	0	0	0	0	0	0	0	0	0	0	0	0	0	0	0	0	0	0	0	0	0	0	0	0	0	0	0	0	0	0	0	0	0	0	0	0	0	0	0	0	0	0	0	0	0	0	0	0	0	0	0	0	0	0	0	0	0
1870884	Clostridioides	genus	0	0	0	0	0	0	0	0	0	0	0	0	0	0	0	0	0	0	0	0	0	0	0	0	0	0	0	0	0	0	0	0	0	0	0	0	0	0	0	0	0	0	0	0	0	0	0	0	0	0	0	0	0	0	0	0	0	0	0	0	0	0	0	0	0	0	0	0	0	0	0	0	0	0	0	0	0	0	0	0
1481960	Peptoclostridium	genus	0	0	0	0	0	0	0	0	0	0	0	0	0	0	0	0	0	0	0	0	0	0	0	0	0	0	0	0	0	0	0	0	0	0	0	0	0	0	0	0	0	0	0	0	0	0	0	0	0	0	0	0	0	0	0	0	0	0	0	0	0	0	0	0	0	0	0	0	0	0	0	0	0	0	0	0	0	0	0	0
44259	Filifactor	genus	0	0	0	0	0	0	0	0	0	0	0	0	0	0	0	0	0	0	0	0	0	0	0	0	0	0	0	0	0	0	0	0	0	0	0	0	0	0	0	0	0	0	0	0	0	0	0	0	0	0	0	0	0	0	0	0	0	0	0	0	0	0	0	0	0	0	0	0	0	0	0	0	0	0	0	0	0	0	0	0
1730	Eubacterium	genus	0	0	0	0	1	0	0	1	0	1	0	0	0	2	2	0	1	2	1	2	1	0	0	3	2	0	0	0	3	0	0	2	0	1	2	0	2	3	2	1	4	2	0	1	1	5	0	3	2	1	3	0	0	1	1	0	1	2	0	0	8	1	3	0	4	6	0	1	2	1	3	0	1	2	1	6	0	1	1	0
33951	Acetobacterium	genus	0	0	0	0	0	0	0	0	0	0	0	0	0	0	0	0	0	0	0	0	0	0	0	0	0	0	0	0	0	0	0	0	0	0	0	0	0	0	0	0	0	0	0	0	0	0	0	0	0	0	0	0	0	0	0	0	0	0	0	0	0	0	0	0	0	0	0	0	0	0	0	0	0	0	0	0	0	0	0	0
1508657	Ruminiclostridium	genus	8	13	26	156	57	1	46	64	34	39	28	33	17	61	32	53	49	251	52	165	84	25	99	57	96	104	28	103	94	156	20	57	116	72	99	163	281	65	151	90	115	138	69	95	112	100	86	140	77	198	90	369	191	323	118	278	8635	124	124	40	276	150	82	220	151	272	120	95	114	267	237	43	100	262	111	218	101	41	64	389
1263	Ruminococcus	genus	30	48	232	80	128	4	38	375	306	205	157	165	81	388	154	289	299	417	310	2136	201	246	706	419	730	119	246	496	789	281	29	435	391	172	681	273	800	307	881	548	910	1016	508	859	714	601	423	816	415	244	842	473	624	820	575	193	1787	1151	161	23	1522	1312	418	622	1045	1843	504	245	623	805	1672	116	342	1320	334	1023	67	18	152	184
253238	Ethanoligenens	genus	0	0	0	0	0	0	0	0	0	0	0	0	0	0	0	0	0	0	0	0	0	0	0	0	0	0	0	0	0	0	0	0	0	0	0	0	0	0	0	0	0	0	0	0	0	0	0	0	0	0	0	0	0	0	0	0	0	0	0	0	0	0	0	0	0	0	0	0	0	0	0	0	0	0	0	0	0	0	0	0
1637257	Mageeibacillus	genus	0	0	0	0	0	0	0	0	0	0	0	0	0	0	0	0	0	0	0	0	0	0	0	0	0	0	0	0	0	0	0	0	0	0	0	0	0	0	0	0	0	0	0	0	0	0	0	0	0	0	0	0	0	0	0	0	0	0	0	0	0	0	0	0	0	0	0	0	0	0	0	0	0	0	0	0	0	0	0	0
1392389	Intestinimonas	genus	0	0	0	0	0	0	0	0	0	0	0	0	0	0	0	0	0	0	0	0	0	0	0	0	0	0	0	0	0	0	0	0	0	0	0	0	0	0	0	0	0	0	0	0	0	0	0	0	0	0	0	0	0	0	0	0	0	0	0	0	0	0	0	0	0	0	0	0	0	0	0	0	0	0	0	0	0	0	0	0
946234	Flavonifractor	genus	0	0	0	0	0	0	0	0	0	0	0	0	0	0	0	0	0	0	0	0	0	0	0	0	0	0	0	0	0	0	0	0	0	0	0	0	0	0	0	0	0	0	0	0	0	0	0	0	0	0	0	0	0	0	0	0	0	0	0	0	0	0	0	0	0	0	0	0	0	0	0	0	0	0	0	0	0	0	0	0
1505664	Gottschalkia	genus	0	0	0	0	0	0	0	0	0	0	0	0	0	0	0	0	0	0	0	0	0	0	0	0	0	0	0	0	0	0	0	0	0	0	0	0	0	0	0	0	0	0	0	0	0	0	0	0	0	0	0	0	0	0	0	0	0	0	0	0	0	0	0	0	0	0	0	0	0	0	0	0	0	0	0	0	0	0	0	0
1562	Desulfotomaculum	genus	5	5	15	17	17	3	30	33	20	19	10	45	15	90	37	48	57	52	45	46	88	11	56	46	82	81	42	67	68	85	4	53	195	75	74	139	132	90	48	86	53	67	42	42	120	139	64	115	120	758	61	111	124	438	84	611	277	81	227	8	225	114	77	180	149	157	122	145	88	336	149	59	103	148	66	218	23	29	25	219
36853	Desulfitobacterium	genus	16	16	26	32	63	1	29	85	34	62	34	88	45	129	77	139	116	106	63	114	145	37	150	79	144	105	66	221	157	213	18	104	573	133	118	388	265	182	113	171	177	175	83	118	179	255	150	238	203	511	150	178	282	617	189	1017	429	177	388	52	431	199	196	304	386	341	188	193	202	827	301	110	161	442	275	482	59	117	140	2186
56112	Dehalobacter	genus	55	90	94	152	173	53	148	385	209	309	159	274	181	418	349	464	471	513	384	593	569	299	670	400	606	489	360	807	671	907	224	500	1336	524	581	1230	1035	605	478	670	723	830	516	615	873	993	724	874	809	1960	676	783	1238	2082	938	2352	1896	789	1390	314	2096	1164	974	1219	1445	1523	1313	801	1103	3123	1528	326	1031	1476	929	2126	834	378	961	3411
79206	Desulfosporosinus	genus	5	14	5	14	11	0	16	29	23	24	15	13	30	27	30	31	62	51	40	39	51	17	71	36	55	52	30	43	73	101	6	42	119	37	29	103	86	45	37	69	61	61	43	57	71	75	83	67	77	203	50	59	109	163	94	165	198	70	78	18	188	105	80	92	138	156	79	67	96	237	148	29	73	122	69	281	40	65	69	452
191373	Pelotomaculum	genus	0	0	0	0	0	0	0	0	0	0	0	0	0	0	0	0	0	0	0	0	0	0	0	0	0	0	0	0	0	0	0	0	0	0	0	0	0	0	0	0	0	0	0	0	0	0	0	0	0	0	0	0	0	0	0	0	0	0	0	0	0	0	0	0	0	0	0	0	0	0	0	0	0	0	0	0	0	0	0	0
51196	Syntrophobotulus	genus	0	0	0	0	0	0	0	0	0	0	0	0	0	0	0	0	0	0	0	0	0	0	0	0	0	0	0	0	0	0	0	0	0	0	0	0	0	0	0	0	0	0	0	0	0	0	0	0	0	0	0	0	0	0	0	0	0	0	0	0	0	0	0	0	0	0	0	0	0	0	0	0	0	0	0	0	0	0	0	0
278993	Thermincola	genus	0	0	0	0	0	0	0	0	0	0	0	0	0	0	0	0	0	0	0	0	0	0	0	0	0	0	0	0	0	0	0	0	0	0	0	0	0	0	0	0	0	0	0	0	0	0	0	0	0	0	0	0	0	0	0	0	0	0	0	0	0	0	0	0	0	0	0	0	0	0	0	0	0	0	0	0	0	0	0	0
459786	Oscillibacter	genus	0	0	0	0	0	0	0	0	0	0	0	0	0	0	0	0	0	0	0	0	0	0	0	0	0	0	0	0	0	0	0	0	0	0	0	0	0	0	0	0	0	0	0	0	0	0	0	0	0	0	0	0	0	0	0	0	0	0	0	0	0	0	0	0	0	0	0	0	0	0	0	0	0	0	0	0	0	0	0	0
73918	Thermaerobacter	genus	0	0	0	0	0	0	0	0	0	0	0	0	0	0	0	0	0	0	0	0	0	0	0	0	0	0	0	0	0	0	0	0	0	0	0	0	0	0	0	0	0	0	0	0	0	0	0	0	0	0	0	0	0	0	0	0	0	0	0	0	0	0	0	0	0	0	0	0	0	0	0	0	0	0	0	0	0	0	0	0
2733	Symbiobacterium	genus	0	0	0	0	0	0	0	0	0	0	0	0	0	0	0	0	0	0	0	0	0	0	0	0	0	0	0	0	0	0	0	0	0	0	0	0	0	0	0	0	0	0	0	0	0	0	0	0	0	0	0	0	0	0	0	0	0	0	0	0	0	0	0	0	0	0	0	0	0	0	0	0	0	0	0	0	0	0	0	0
2697	Heliobacterium	genus	0	0	0	0	0	0	0	0	0	0	0	0	0	0	0	0	0	0	0	0	0	0	0	0	0	0	0	0	0	0	0	0	0	0	0	0	0	0	0	0	0	0	0	0	0	0	0	0	0	0	0	0	0	0	0	0	0	0	0	0	0	0	0	0	0	0	0	0	0	0	0	0	0	0	0	0	0	0	0	0
862	Syntrophomonas	genus	0	0	0	0	0	0	0	0	0	0	0	0	0	0	0	0	0	0	0	0	0	0	0	0	0	0	0	0	0	0	0	0	0	0	0	0	0	0	0	0	0	0	0	0	0	0	0	0	0	0	0	0	0	0	0	0	0	0	0	0	0	0	0	0	0	0	0	0	0	0	0	0	0	0	0	0	0	0	0	0
129001	Syntrophothermus	genus	0	0	0	0	0	0	0	0	0	0	0	0	0	0	0	0	0	0	0	0	0	0	0	0	0	0	0	0	0	0	0	0	0	0	0	0	0	0	0	0	0	0	0	0	0	0	0	0	0	0	0	0	0	0	0	0	0	0	0	0	0	0	0	0	0	0	0	0	0	0	0	0	0	0	0	0	0	0	0	0
1754	Thermoanaerobacter	genus	121	192	172	299	460	107	382	755	514	556	392	319	618	741	997	935	1431	1539	865	1192	767	813	1548	1842	1571	753	1191	1088	1482	1547	734	1607	1430	972	1365	1555	2228	965	1045	952	1491	2535	1540	1552	2193	1340	1638	1580	1310	2365	1546	4229	2060	3215	2416	2255	4328	1377	1492	1542	3972	2520	3507	2317	3582	2831	1285	1540	3030	4302	4226	452	2576	2891	1530	4118	4497	1281	3211	7570
44260	Neomoorella	genus	0	0	0	0	0	0	0	0	0	0	0	0	0	0	0	0	0	0	0	0	0	0	0	0	0	0	0	0	0	0	0	0	0	0	0	0	0	0	0	0	0	0	0	0	0	0	0	0	0	0	0	0	0	0	0	0	0	0	0	0	0	0	0	0	0	0	0	0	0	0	0	0	0	0	0	0	0	0	0	0
42837	Ammonifex	genus	0	0	0	0	0	0	0	0	0	0	0	0	0	0	0	0	0	0	0	0	0	0	0	0	0	0	0	0	0	0	0	0	0	0	0	0	0	0	0	0	0	0	0	0	0	0	0	0	0	0	0	0	0	0	0	0	0	0	0	0	0	0	0	0	0	0	0	0	0	0	0	0	0	0	0	0	0	0	0	0
499228	Tepidanaerobacter	genus	0	0	0	0	0	0	0	0	0	0	0	0	0	0	0	0	0	0	0	0	0	0	0	0	0	0	0	0	0	0	0	0	0	0	0	0	0	0	0	0	0	0	0	0	0	0	0	0	0	0	0	0	0	0	0	0	0	0	0	0	0	0	0	0	0	0	0	0	0	0	0	0	0	0	0	0	0	0	0	0
140458	Thermacetogenium	genus	0	0	0	0	0	0	0	0	0	0	0	0	0	0	0	0	0	0	0	0	0	0	0	0	0	0	0	0	0	0	0	0	0	0	0	0	0	0	0	0	0	0	0	0	0	0	0	0	0	0	0	0	0	0	0	0	0	0	0	0	0	0	0	0	0	0	0	0	0	0	0	0	0	0	0	0	0	0	0	0
249529	Caldanaerobacter	genus	0	0	0	0	0	0	0	0	0	0	0	0	0	0	0	0	0	0	0	0	0	0	0	0	0	0	0	0	0	0	0	0	0	0	0	0	0	0	0	0	0	0	0	0	0	0	0	0	0	0	0	0	0	0	0	0	0	0	0	0	0	0	0	0	0	0	0	0	0	0	0	0	0	0	0	0	0	0	0	0
129957	Carboxydothermus	genus	0	0	0	0	0	0	0	0	0	0	0	0	0	0	0	0	0	0	0	0	0	0	0	0	0	0	0	0	0	0	0	0	0	0	0	0	0	0	0	0	0	0	0	0	0	0	0	0	0	0	0	0	0	0	0	0	0	0	0	0	0	0	0	0	0	0	0	0	0	0	0	0	0	0	0	0	0	0	0	0
44000	Caldicellulosiruptor	genus	103	108	126	183	242	38	222	427	340	318	263	267	406	467	570	461	795	987	547	830	507	458	848	1046	967	498	720	677	851	1045	382	898	975	678	912	848	1242	680	714	669	1037	1092	867	884	1191	888	1069	1080	927	1648	948	2533	1291	1781	1469	1324	2049	1029	1242	925	2584	1429	2024	1442	2096	1828	1084	959	1742	2195	2361	256	1757	1879	833	2729	1933	701	1546	4852
28895	Thermoanaerobacterium	genus	10	13	16	19	31	1	25	39	35	30	23	37	21	97	46	46	63	44	53	121	68	22	97	66	71	56	45	91	93	48	13	50	139	73	73	110	126	65	53	65	71	108	45	101	163	134	78	93	71	157	81	147	185	275	128	226	302	84	178	15	289	142	87	178	196	201	147	104	104	288	200	21	80	177	79	247	81	44	34	465
291988	Thermosediminibacter	genus	0	0	0	0	0	0	0	0	0	0	0	0	0	0	0	0	0	0	0	0	0	0	0	0	0	0	0	0	0	0	0	0	0	0	0	0	0	0	0	0	0	0	0	0	0	0	0	0	0	0	0	0	0	0	0	0	0	0	0	0	0	0	0	0	0	0	0	0	0	0	0	0	0	0	0	0	0	0	0	0
68335	Coprothermobacter	genus	0	0	0	0	0	0	0	0	0	0	0	0	0	0	0	0	0	0	0	0	0	0	0	0	0	0	0	0	0	0	0	0	0	0	0	0	0	0	0	0	0	0	0	0	0	0	0	0	0	0	0	0	0	0	0	0	0	0	0	0	0	0	0	0	0	0	0	0	0	0	0	0	0	0	0	0	0	0	0	0
227388	Thermodesulfobium	genus	0	0	0	0	0	0	0	0	0	0	0	0	0	0	0	0	0	0	0	0	0	0	0	0	0	0	0	0	0	0	0	0	0	0	0	0	0	0	0	0	0	0	0	0	0	0	0	0	0	0	0	0	0	0	0	0	0	0	0	0	0	0	0	0	0	0	0	0	0	0	0	0	0	0	0	0	0	0	0	0
252965	Mahella	genus	0	0	0	0	0	0	0	0	0	0	0	0	0	0	0	0	0	0	0	0	0	0	0	0	0	0	0	0	0	0	0	0	0	0	0	0	0	0	0	0	0	0	0	0	0	0	0	0	0	0	0	0	0	0	0	0	0	0	0	0	0	0	0	0	0	0	0	0	0	0	0	0	0	0	0	0	0	0	0	0
2330	Halanaerobium	genus	3	2	0	7	7	0	11	21	20	8	2	10	5	18	19	21	12	12	12	28	23	8	33	10	29	22	5	29	32	28	6	21	46	27	18	54	58	26	16	15	25	16	14	19	38	18	24	14	21	72	28	35	61	84	44	46	87	27	33	9	151	13	30	100	49	76	73	29	56	123	75	18	55	56	18	72	19	12	15	327
32636	Halothermothrix	genus	0	0	0	0	0	0	0	0	0	0	0	0	0	0	0	0	0	0	0	0	0	0	0	0	0	0	0	0	0	0	0	0	0	0	0	0	0	0	0	0	0	0	0	0	0	0	0	0	0	0	0	0	0	0	0	0	0	0	0	0	0	0	0	0	0	0	0	0	0	0	0	0	0	0	0	0	0	0	0	0
42417	Halobacteroides	genus	0	0	0	0	0	0	0	0	0	0	0	0	0	0	0	0	0	0	0	0	0	0	0	0	0	0	0	0	0	0	0	0	0	0	0	0	0	0	0	0	0	0	0	0	0	0	0	0	0	0	0	0	0	0	0	0	0	0	0	0	0	0	0	0	0	0	0	0	0	0	0	0	0	0	0	0	0	0	0	0
28186	Acetohalobium	genus	0	0	0	0	0	0	0	0	0	0	0	0	0	0	0	0	0	0	0	0	0	0	0	0	0	0	0	0	0	0	0	0	0	0	0	0	0	0	0	0	0	0	0	0	0	0	0	0	0	0	0	0	0	0	0	0	0	0	0	0	0	0	0	0	0	0	0	0	0	0	0	0	0	0	0	0	0	0	0	0
375928	Natranaerobius	genus	0	0	0	0	0	0	0	0	0	0	0	0	0	0	0	0	0	0	0	0	0	0	0	0	0	0	0	0	0	0	0	0	0	0	0	0	0	0	0	0	0	0	0	0	0	0	0	0	0	0	0	0	0	0	0	0	0	0	0	0	0	0	0	0	0	0	0	0	0	0	0	0	0	0	0	0	0	0	0	0
29465	Veillonella	genus	0	0	0	0	0	0	0	0	0	0	0	0	0	0	0	0	0	0	0	0	0	0	0	0	0	0	0	0	0	0	0	0	0	0	0	0	0	0	0	0	0	0	0	0	0	0	0	0	0	0	0	0	0	0	0	0	0	0	0	0	0	0	0	0	0	0	0	0	0	0	0	0	0	0	0	0	0	0	0	0
906	Megasphaera	genus	0	0	0	0	0	0	0	0	0	0	0	0	0	0	0	0	0	0	0	0	0	0	0	0	0	0	0	0	0	0	0	0	0	0	0	0	0	0	0	0	0	0	0	0	0	0	0	0	0	0	0	0	0	0	0	0	0	0	0	0	0	0	0	0	0	0	0	0	0	0	0	0	0	0	0	0	0	0	0	0
39948	Dialister	genus	0	0	0	0	0	0	0	0	0	0	0	0	0	0	0	0	0	0	0	0	0	0	0	0	0	0	0	0	0	0	0	0	0	0	0	0	0	0	0	0	0	0	0	0	0	0	0	0	0	0	0	0	0	0	0	0	0	0	0	0	0	0	0	0	0	0	0	0	0	0	0	0	0	0	0	0	0	0	0	0
970	Selenomonas	genus	42	78	162	89	249	15	91	629	197	346	263	272	147	1491	287	737	542	506	764	1208	1752	195	1021	657	646	636	386	1516	943	865	67	1372	1914	738	876	3001	1149	1091	516	718	683	874	440	768	1525	2680	823	950	1028	2854	960	676	2042	10843	741	4883	1581	1225	1028	106	1704	1735	1154	1555	4008	1900	1562	1261	1079	18119	1755	1085	620	16228	2322	1880	189	708	227	742
365348	Pelosinus	genus	39	77	77	55	340	16	65	573	132	392	192	347	129	951	442	834	881	469	447	270	1133	133	649	381	631	1048	532	1097	340	1892	40	456	3803	573	361	3163	1379	1557	227	667	410	620	280	335	585	1799	691	885	1182	6919	636	530	1285	6306	324	7703	821	444	746	72	904	956	941	1107	1129	1022	1127	876	574	9475	842	676	672	1207	1547	2557	105	842	160	592
904	Acidaminococcus	genus	28	42	94	40	130	9	26	389	120	221	86	148	100	516	274	425	387	351	418	452	868	86	366	373	450	668	286	814	334	990	39	463	1446	332	419	1725	898	1012	285	433	431	502	203	456	634	1320	579	464	1087	1614	502	351	1224	2007	180	3364	779	545	274	35	559	580	485	1666	1271	735	1640	508	399	2707	712	236	512	1047	958	1161	120	234	124	268
1647	Erysipelothrix	genus	2	7	11	14	2	0	8	26	12	24	24	26	12	39	28	33	27	16	60	47	24	20	78	30	36	23	20	58	68	25	4	40	48	5	109	55	59	33	30	57	60	66	27	46	103	75	44	64	30	107	28	37	118	295	45	37	87	36	32	6	604	79	67	74	208	93	93	38	73	193	137	24	80	133	77	130	5	4	10	900
191303	Turicibacter	genus	0	0	0	0	0	0	0	0	0	0	0	0	0	0	0	0	0	0	0	0	0	0	0	0	0	0	0	0	0	0	0	0	0	0	0	0	0	0	0	0	0	0	0	0	0	0	0	0	0	0	0	0	0	0	0	0	0	0	0	0	0	0	0	0	0	0	0	0	0	0	0	0	0	0	0	0	0	0	0	0
1729679	Faecalibaculum	genus	0	0	0	0	0	0	0	0	0	0	0	0	0	0	0	0	0	0	0	0	0	0	0	0	0	0	0	0	0	0	0	0	0	0	0	0	0	0	0	0	0	0	0	0	0	0	0	0	0	0	0	0	0	0	0	0	0	0	0	0	0	0	0	0	0	0	0	0	0	0	0	0	0	0	0	0	0	0	0	0
150022	Finegoldia	genus	0	0	0	0	0	0	0	0	0	0	0	0	0	0	0	0	0	0	0	0	0	0	0	0	0	0	0	0	0	0	0	0	0	0	0	0	0	0	0	0	0	0	0	0	0	0	0	0	0	0	0	0	0	0	0	0	0	0	0	0	0	0	0	0	0	0	0	0	0	0	0	0	0	0	0	0	0	0	0	0
543311	Parvimonas	genus	0	0	0	0	0	0	0	0	0	0	0	0	0	0	0	0	0	0	0	0	0	0	0	0	0	0	0	0	0	0	0	0	0	0	0	0	0	0	0	0	0	0	0	0	0	0	0	0	0	0	0	0	0	0	0	0	0	0	0	0	0	0	0	0	0	0	0	0	0	0	0	0	0	0	0	0	0	0	0	0
1161127	Murdochiella	genus	0	0	0	0	0	0	0	0	0	0	0	0	0	0	0	0	0	0	0	0	0	0	0	0	0	0	0	0	0	0	0	0	0	0	0	0	0	0	0	0	0	0	0	0	0	0	0	0	0	0	0	0	0	0	0	0	0	0	0	0	0	0	0	0	0	0	0	0	0	0	0	0	0	0	0	0	0	0	0	0
162289	Peptoniphilus	genus	0	0	0	0	0	0	0	0	0	0	0	0	0	0	0	0	0	0	0	0	0	0	0	0	0	0	0	0	0	0	0	0	0	0	0	0	0	0	0	0	0	0	0	0	0	0	0	0	0	0	0	0	0	0	0	0	0	0	0	0	0	0	0	0	0	0	0	0	0	0	0	0	0	0	0	0	0	0	0	0
165779	Anaerococcus	genus	0	0	0	0	0	0	0	0	0	0	0	0	0	0	0	0	0	0	0	0	0	0	0	0	0	0	0	0	0	0	0	0	0	0	0	0	0	0	0	0	0	0	0	0	0	0	0	0	0	0	0	0	0	0	0	0	0	0	0	0	0	0	0	0	0	0	0	0	0	0	0	0	0	0	0	0	0	0	0	0
1676651	Limnochorda	genus	0	0	0	0	0	0	0	0	0	0	0	0	0	0	0	0	0	0	0	0	0	0	0	0	0	0	0	0	0	0	0	0	0	0	0	0	0	0	0	0	0	0	0	0	0	0	0	0	0	0	0	0	0	0	0	0	0	0	0	0	0	0	0	0	0	0	0	0	0	0	0	0	0	0	0	0	0	0	0	0
1763	Mycobacterium	genus	1074	1228	1702	2051	2223	439	2997	3285	5254	3806	2025	5150	4513	7405	4584	16025	4546	6373	10666	6763	18389	9716	9435	5728	5283	10719	5986	22498	11919	6357	3207	5237	20186	16516	10483	19364	11972	9032	11567	10849	15091	12428	8101	8251	11270	11368	11346	13797	9704	16931	8782	18073	15163	20083	325919	28002	11395	17680	28672	7132	25478	8433	11060	58512	20254	21454	80831	44850	18389	25765	19696	7924	27183	15403	24809	20507	7617	9446	8148	16077
670516	Mycobacteroides	genus	6	15	14	24	26	4	34	41	57	32	22	45	56	90	83	134	53	89	117	85	158	243	116	66	66	102	104	190	123	67	34	84	313	149	119	160	146	99	142	102	120	139	141	107	126	101	120	122	119	155	116	256	172	181	2319	251	139	266	327	97	254	110	170	433	303	227	854	445	308	247	296	218	395	215	189	268	104	77	115	147
1866885	Mycolicibacterium	genus	0	0	0	0	0	0	0	0	0	0	0	0	0	0	0	0	0	0	0	0	0	0	0	0	0	0	0	0	0	0	0	0	0	0	0	0	0	0	0	0	0	0	0	0	0	0	0	0	0	0	0	0	0	0	0	0	0	0	0	0	0	0	0	0	0	0	0	0	0	0	0	0	0	0	0	0	0	0	0	0
697025	Hoyosella	genus	0	0	0	0	0	0	0	0	0	0	0	0	0	0	0	0	0	0	0	0	0	0	0	0	0	0	0	0	0	0	0	0	0	0	0	0	0	0	0	0	0	0	0	0	0	0	0	0	0	0	0	0	0	0	0	0	0	0	0	0	0	0	0	0	0	0	0	0	0	0	0	0	0	0	0	0	0	0	0	0
1827	Rhodococcus	genus	439	329	402	609	493	61	1042	1061	1711	1250	426	1359	1272	1743	1650	2831	1401	1434	1760	2360	4371	2867	3591	1408	1494	3768	2528	5314	4336	1665	899	1789	4980	3530	1946	5558	4974	2146	99604	1904	2416	2739	2589	2910	2478	3047	3228	2220	3467	4788	3035	6048	4191	4412	26344	7566	4192	5733	11417	2258	8437	2730	2681	10375	5119	6647	16378	13082	7882	7233	9387	2046	7786	5125	4022	6030	2087	2173	2679	5789
1817	Nocardia	genus	25	60	40	65	41	4	90	103	130	105	27	100	177	157	126	252	105	93	180	194	348	210	267	167	131	261	143	449	338	160	70	143	327	291	152	426	294	179	342	206	214	237	184	192	228	304	235	180	278	407	243	477	319	393	3039	573	313	455	831	162	803	231	279	848	492	551	1510	999	584	647	592	112	746	439	374	489	166	170	173	606
1716	Corynebacterium	genus	141	190	246	316	376	89	371	733	618	620	249	534	554	933	791	1468	883	966	1141	1627	1667	1059	1559	946	1018	1358	822	2470	1940	1147	419	1120	2830	1184	1307	3505	2172	1052	1580	1144	1566	1987	1262	1599	2033	1859	2017	1487	1476	2473	1488	2255	3123	2757	4817	3500	2604	2567	7576	1029	8768	2224	2012	3190	3796	3397	5755	3649	3014	4914	3765	778	2885	3642	2704	3694	966	829	1186	3657
2053	Gordonia	genus	15	32	82	57	78	5	108	100	157	128	32	138	117	173	130	386	109	119	153	250	417	241	292	121	140	312	168	792	414	134	68	133	301	299	181	690	421	179	869	222	226	308	209	248	234	304	233	265	271	526	257	1152	478	507	2721	804	607	483	1140	179	1057	229	208	964	433	693	1620	1182	493	729	585	307	712	477	458	554	194	196	235	421
2060	Tsukamurella	genus	0	0	0	0	0	0	0	0	0	0	0	0	0	0	0	0	0	0	0	0	0	0	0	0	0	0	0	0	0	0	0	0	0	0	0	0	0	0	0	0	0	0	0	0	0	0	0	0	0	0	0	0	0	0	0	0	0	0	0	0	0	0	0	0	0	0	0	0	0	0	0	0	0	0	0	0	0	0	0	0
286801	Segniliparus	genus	0	0	0	0	0	0	0	0	0	0	0	0	0	0	0	0	0	0	0	0	0	0	0	0	0	0	0	0	0	0	0	0	0	0	0	0	0	0	0	0	0	0	0	0	0	0	0	0	0	0	0	0	0	0	0	0	0	0	0	0	0	0	0	0	0	0	0	0	0	0	0	0	0	0	0	0	0	0	0	0
1847725	Lawsonella	genus	0	0	0	0	0	0	0	0	0	0	0	0	0	0	0	0	0	0	0	0	0	0	0	0	0	0	0	0	0	0	0	0	0	0	0	0	0	0	0	0	0	0	0	0	0	0	0	0	0	0	0	0	0	0	0	0	0	0	0	0	0	0	0	0	0	0	0	0	0	0	0	0	0	0	0	0	0	0	0	0
33882	Microbacterium	genus	101	168	180	224	226	12	135	525	670	678	83	392	391	875	1466	828	514	714	466	1839	666	702	1540	619	841	627	733	1472	1343	338	235	748	852	834	777	1122	1515	463	2208	727	1417	1934	990	3561	764	849	4066	644	1427	1162	1489	1755	1258	1609	7138	1736	1875	3996	1453	2653	4387	2247	1368	2586	1454	2236	2486	2016	2016	1986	3306	283	1582	964	793	2119	1587	588	1417	1246
1573	Clavibacter	genus	0	0	0	0	0	0	0	0	0	0	0	0	0	0	0	0	0	0	0	0	0	0	0	0	0	0	0	0	0	0	0	0	0	0	0	0	0	0	0	0	0	0	0	0	0	0	0	0	0	0	0	0	0	0	0	0	0	0	0	0	0	0	0	0	0	0	0	0	0	0	0	0	0	0	0	0	0	0	0	0
110932	Leifsonia	genus	0	0	0	0	0	0	0	0	0	0	0	0	0	0	0	0	0	0	0	0	0	0	0	0	0	0	0	0	0	0	0	0	0	0	0	0	0	0	0	0	0	0	0	0	0	0	0	0	0	0	0	0	0	0	0	0	0	0	0	0	0	0	0	0	0	0	0	0	0	0	0	0	0	0	0	0	0	0	0	0
2034	Curtobacterium	genus	5	10	9	13	17	1	19	37	47	37	7	29	30	39	68	58	45	32	43	91	76	30	88	31	48	114	34	77	94	33	15	42	46	66	70	116	121	39	224	36	67	94	64	165	46	61	178	54	66	106	101	135	91	96	447	145	102	190	214	105	275	137	63	188	99	156	316	230	151	208	206	27	165	143	73	115	66	23	72	279
33877	Agromyces	genus	0	0	0	0	0	0	0	0	0	0	0	0	0	0	0	0	0	0	0	0	0	0	0	0	0	0	0	0	0	0	0	0	0	0	0	0	0	0	0	0	0	0	0	0	0	0	0	0	0	0	0	0	0	0	0	0	0	0	0	0	0	0	0	0	0	0	0	0	0	0	0	0	0	0	0	0	0	0	0	0
33886	Rathayibacter	genus	2	3	5	4	3	0	7	2	5	6	3	5	6	5	16	13	3	4	4	17	12	6	17	8	8	17	5	14	15	7	3	9	51	7	4	11	19	8	32	6	15	19	14	29	12	4	23	9	11	12	10	19	15	14	74	17	10	47	20	26	70	19	11	39	21	34	154	20	35	27	38	0	25	6	21	21	6	3	15	71
69578	Cryobacterium	genus	0	0	0	0	0	0	0	0	0	0	0	0	0	0	0	0	0	0	0	0	0	0	0	0	0	0	0	0	0	0	0	0	0	0	0	0	0	0	0	0	0	0	0	0	0	0	0	0	0	0	0	0	0	0	0	0	0	0	0	0	0	0	0	0	0	0	0	0	0	0	0	0	0	0	0	0	0	0	0	0
447237	Frondihabitans	genus	0	0	0	0	0	0	0	0	0	0	0	0	0	0	0	0	0	0	0	0	0	0	0	0	0	0	0	0	0	0	0	0	0	0	0	0	0	0	0	0	0	0	0	0	0	0	0	0	0	0	0	0	0	0	0	0	0	0	0	0	0	0	0	0	0	0	0	0	0	0	0	0	0	0	0	0	0	0	0	0
518733	Microterricola	genus	0	0	0	0	0	0	0	0	0	0	0	0	0	0	0	0	0	0	0	0	0	0	0	0	0	0	0	0	0	0	0	0	0	0	0	0	0	0	0	0	0	0	0	0	0	0	0	0	0	0	0	0	0	0	0	0	0	0	0	0	0	0	0	0	0	0	0	0	0	0	0	0	0	0	0	0	0	0	0	0
529883	Rhodoluna	genus	1	1	0	2	0	0	0	2	6	4	3	4	0	6	6	2	1	2	5	11	4	4	9	5	3	5	4	14	14	2	2	9	18	5	9	7	13	4	8	7	10	7	7	20	4	5	20	7	7	6	12	24	18	19	32	7	10	17	42	9	53	24	10	10	13	11	36	21	17	12	23	6	15	14	8	14	5	9	9	327
1663	Arthrobacter	genus	44	77	100	106	118	418	181	268	320	251	91	255	223	340	400	488	453	419	466	699	625	571	667	446	475	680	903	888	846	443	251	465	988	604	455	1112	845	378	803	414	600	746	1378	1089	697	746	2051	567	735	1008	1799	1135	981	914	2050	1335	1122	2190	1992	636	2213	872	1365	1213	1423	1380	3238	1610	1382	1590	1731	631	1443	1319	857	1605	856	475	2953	1365
57493	Kocuria	genus	3	1	11	8	13	2	9	21	17	16	8	13	19	21	29	58	13	21	17	55	55	7	32	21	11	43	25	84	67	19	7	35	97	23	24	102	54	26	49	26	60	54	26	36	48	77	81	38	29	75	42	77	72	63	100	111	68	69	145	22	292	51	31	74	83	89	160	86	76	128	114	12	49	80	75	68	22	19	24	43
1742993	Pseudarthrobacter	genus	3	0	5	10	9	1	13	18	11	12	1	19	16	29	23	30	18	38	27	40	37	41	50	26	17	35	41	71	65	17	19	28	61	35	31	79	46	20	41	18	46	36	49	55	51	58	91	29	56	51	54	77	84	67	127	77	48	106	140	49	134	53	124	98	105	83	196	113	90	113	111	48	111	72	66	93	52	34	77	95
32207	Rothia	genus	0	1	2	1	1	0	0	6	1	11	0	2	1	1	3	8	4	12	2	14	6	2	8	5	9	5	0	14	11	4	0	35	10	3	6	8	19	7	7	3	36	10	9	11	9	3	68	0	21	2	6	12	14	5	50	12	11	28	2	9	60	40	17	5	6	10	13	7	9	20	22	0	5	10	19	16	0	0	0	10
596707	Sinomonas	genus	0	0	0	0	0	0	0	0	0	0	0	0	0	0	0	0	0	0	0	0	0	0	0	0	0	0	0	0	0	0	0	0	0	0	0	0	0	0	0	0	0	0	0	0	0	0	0	0	0	0	0	0	0	0	0	0	0	0	0	0	0	0	0	0	0	0	0	0	0	0	0	0	0	0	0	0	0	0	0	0
1742989	Glutamicibacter	genus	0	0	0	0	0	0	0	0	0	0	0	0	0	0	0	0	0	0	0	0	0	0	0	0	0	0	0	0	0	0	0	0	0	0	0	0	0	0	0	0	0	0	0	0	0	0	0	0	0	0	0	0	0	0	0	0	0	0	0	0	0	0	0	0	0	0	0	0	0	0	0	0	0	0	0	0	0	0	0	0
1269	Micrococcus	genus	0	0	0	0	0	0	0	0	0	0	0	0	0	0	0	0	0	0	0	0	0	0	0	0	0	0	0	0	0	0	0	0	0	0	0	0	0	0	0	0	0	0	0	0	0	0	0	0	0	0	0	0	0	0	0	0	0	0	0	0	0	0	0	0	0	0	0	0	0	0	0	0	0	0	0	0	0	0	0	0
1742992	Paenarthrobacter	genus	0	0	0	0	0	0	0	0	0	0	0	0	0	0	0	0	0	0	0	0	0	0	0	0	0	0	0	0	0	0	0	0	0	0	0	0	0	0	0	0	0	0	0	0	0	0	0	0	0	0	0	0	0	0	0	0	0	0	0	0	0	0	0	0	0	0	0	0	0	0	0	0	0	0	0	0	0	0	0	0
1645	Renibacterium	genus	0	0	0	0	0	0	0	0	0	0	0	0	0	0	0	0	0	0	0	0	0	0	0	0	0	0	0	0	0	0	0	0	0	0	0	0	0	0	0	0	0	0	0	0	0	0	0	0	0	0	0	0	0	0	0	0	0	0	0	0	0	0	0	0	0	0	0	0	0	0	0	0	0	0	0	0	0	0	0	0
267408	Arsenicicoccus	genus	0	0	0	0	0	0	0	0	0	0	0	0	0	0	0	0	0	0	0	0	0	0	0	0	0	0	0	0	0	0	0	0	0	0	0	0	0	0	0	0	0	0	0	0	0	0	0	0	0	0	0	0	0	0	0	0	0	0	0	0	0	0	0	0	0	0	0	0	0	0	0	0	0	0	0	0	0	0	0	0
53357	Intrasporangium	genus	0	0	0	0	0	0	0	0	0	0	0	0	0	0	0	0	0	0	0	0	0	0	0	0	0	0	0	0	0	0	0	0	0	0	0	0	0	0	0	0	0	0	0	0	0	0	0	0	0	0	0	0	0	0	0	0	0	0	0	0	0	0	0	0	0	0	0	0	0	0	0	0	0	0	0	0	0	0	0	0
265976	Serinicoccus	genus	0	0	0	0	0	0	0	0	0	0	0	0	0	0	0	0	0	0	0	0	0	0	0	0	0	0	0	0	0	0	0	0	0	0	0	0	0	0	0	0	0	0	0	0	0	0	0	0	0	0	0	0	0	0	0	0	0	0	0	0	0	0	0	0	0	0	0	0	0	0	0	0	0	0	0	0	0	0	0	0
1707	Cellulomonas	genus	11	19	19	35	34	2	37	54	65	50	13	32	47	74	99	108	45	48	61	160	135	69	192	37	94	189	48	191	250	31	46	90	93	113	58	247	220	47	159	50	143	169	81	142	87	148	251	68	146	168	154	370	211	177	429	216	212	304	462	76	477	155	138	305	204	347	918	429	402	327	422	31	226	269	109	288	95	48	85	140
254250	Isoptericola	genus	2	5	7	3	1	0	1	5	11	8	3	4	5	12	6	9	17	11	12	22	16	9	22	4	9	31	5	27	36	7	3	8	10	11	6	29	23	10	25	2	17	31	7	26	13	35	46	15	14	31	22	51	31	27	55	25	35	29	64	8	95	22	26	43	37	51	84	43	42	40	55	3	25	37	21	40	10	4	5	20
186188	Xylanimonas	genus	0	0	0	0	0	0	0	0	0	0	0	0	0	0	0	0	0	0	0	0	0	0	0	0	0	0	0	0	0	0	0	0	0	0	0	0	0	0	0	0	0	0	0	0	0	0	0	0	0	0	0	0	0	0	0	0	0	0	0	0	0	0	0	0	0	0	0	0	0	0	0	0	0	0	0	0	0	0	0	0
57495	Dermacoccus	genus	0	0	0	0	0	0	0	0	0	0	0	0	0	0	0	0	0	0	0	0	0	0	0	0	0	0	0	0	0	0	0	0	0	0	0	0	0	0	0	0	0	0	0	0	0	0	0	0	0	0	0	0	0	0	0	0	0	0	0	0	0	0	0	0	0	0	0	0	0	0	0	0	0	0	0	0	0	0	0	0
745364	Luteipulveratus	genus	0	0	0	0	0	0	0	0	0	0	0	0	0	0	0	0	0	0	0	0	0	0	0	0	0	0	0	0	0	0	0	0	0	0	0	0	0	0	0	0	0	0	0	0	0	0	0	0	0	0	0	0	0	0	0	0	0	0	0	0	0	0	0	0	0	0	0	0	0	0	0	0	0	0	0	0	0	0	0	0
57499	Kytococcus	genus	0	0	0	0	0	0	0	0	0	0	0	0	0	0	0	0	0	0	0	0	0	0	0	0	0	0	0	0	0	0	0	0	0	0	0	0	0	0	0	0	0	0	0	0	0	0	0	0	0	0	0	0	0	0	0	0	0	0	0	0	0	0	0	0	0	0	0	0	0	0	0	0	0	0	0	0	0	0	0	0
43668	Brachybacterium	genus	0	0	0	0	0	0	0	0	0	0	0	0	0	0	0	0	0	0	0	0	0	0	0	0	0	0	0	0	0	0	0	0	0	0	0	0	0	0	0	0	0	0	0	0	0	0	0	0	0	0	0	0	0	0	0	0	0	0	0	0	0	0	0	0	0	0	0	0	0	0	0	0	0	0	0	0	0	0	0	0
36739	Dermabacter	genus	0	0	0	0	0	0	0	0	0	0	0	0	0	0	0	0	0	0	0	0	0	0	0	0	0	0	0	0	0	0	0	0	0	0	0	0	0	0	0	0	0	0	0	0	0	0	0	0	0	0	0	0	0	0	0	0	0	0	0	0	0	0	0	0	0	0	0	0	0	0	0	0	0	0	0	0	0	0	0	0
472568	Devriesea	genus	0	0	0	0	0	0	0	0	0	0	0	0	0	0	0	0	0	0	0	0	0	0	0	0	0	0	0	0	0	0	0	0	0	0	0	0	0	0	0	0	0	0	0	0	0	0	0	0	0	0	0	0	0	0	0	0	0	0	0	0	0	0	0	0	0	0	0	0	0	0	0	0	0	0	0	0	0	0	0	0
60919	Sanguibacter	genus	0	0	0	0	0	0	0	0	0	0	0	0	0	0	0	0	0	0	0	0	0	0	0	0	0	0	0	0	0	0	0	0	0	0	0	0	0	0	0	0	0	0	0	0	0	0	0	0	0	0	0	0	0	0	0	0	0	0	0	0	0	0	0	0	0	0	0	0	0	0	0	0	0	0	0	0	0	0	0	0
84756	Beutenbergia	genus	0	0	0	0	0	0	0	0	0	0	0	0	0	0	0	0	0	0	0	0	0	0	0	0	0	0	0	0	0	0	0	0	0	0	0	0	0	0	0	0	0	0	0	0	0	0	0	0	0	0	0	0	0	0	0	0	0	0	0	0	0	0	0	0	0	0	0	0	0	0	0	0	0	0	0	0	0	0	0	0
1696	Brevibacterium	genus	0	0	0	0	0	0	0	0	0	0	0	0	0	0	0	0	0	0	0	0	0	0	0	0	0	0	0	0	0	0	0	0	0	0	0	0	0	0	0	0	0	0	0	0	0	0	0	0	0	0	0	0	0	0	0	0	0	0	0	0	0	0	0	0	0	0	0	0	0	0	0	0	0	0	0	0	0	0	0	0
43673	Jonesia	genus	0	0	0	0	0	0	0	0	0	0	0	0	0	0	0	0	0	0	0	0	0	0	0	0	0	0	0	0	0	0	0	0	0	0	0	0	0	0	0	0	0	0	0	0	0	0	0	0	0	0	0	0	0	0	0	0	0	0	0	0	0	0	0	0	0	0	0	0	0	0	0	0	0	0	0	0	0	0	0	0
2038	Tropheryma	genus	0	0	0	0	0	0	0	0	0	0	0	0	0	0	0	0	0	0	0	0	0	0	0	0	0	0	0	0	0	0	0	0	0	0	0	0	0	0	0	0	0	0	0	0	0	0	0	0	0	0	0	0	0	0	0	0	0	0	0	0	0	0	0	0	0	0	0	0	0	0	0	0	0	0	0	0	0	0	0	0
1883	Streptomyces	genus	1042	1257	1450	2865	1872	179	4777	4882	6787	5211	1564	5736	4848	7286	6501	11112	6053	5937	7067	10570	21383	14414	12274	6331	7436	17714	7866	21581	90745	7438	4356	7517	22930	16356	7661	22880	16798	8838	12417	7613	10106	11092	10915	10772	10517	14356	11781	9044	13768	21695	12372	22118	17810	19041	41844	35930	16852	22131	52397	7895	30691	11581	12642	41965	22462	27419	74617	64030	27255	31712	29151	7205	37880	24699	14063	24340	8237	9719	9762	26286
2063	Kitasatospora	genus	0	0	0	0	0	0	0	0	0	0	0	0	0	0	0	0	0	0	0	0	0	0	0	0	0	0	0	0	0	0	0	0	0	0	0	0	0	0	0	0	0	0	0	0	0	0	0	0	0	0	0	0	0	0	0	0	0	0	0	0	0	0	0	0	0	0	0	0	0	0	0	0	0	0	0	0	0	0	0	0
1678	Bifidobacterium	genus	478	709	2404	1186	2159	118	504	3046	2496	3449	2029	4374	1550	10548	3539	7535	3535	4944	3544	8708	8711	2633	8420	4242	6672	2189	1987	14432	9645	3995	656	4193	13884	3086	11884	6328	8226	5961	4782	9646	8956	13760	3629	12419	7750	10148	10130	12352	7137	5290	6331	6948	22061	64930	12164	13858	16989	8823	4827	1322	134754	12521	6099	8647	19233	19150	9885	5353	11468	42887	27562	6656	5270	17240	19195	22061	1570	1046	2313	3363
2701	Gardnerella	genus	0	0	0	0	0	0	0	0	0	0	0	0	0	0	0	0	0	0	0	0	0	0	0	0	0	0	0	0	0	0	0	0	0	0	0	0	0	0	0	0	0	0	0	0	0	0	0	0	0	0	0	0	0	0	0	0	0	0	0	0	0	0	0	0	0	0	0	0	0	0	0	0	0	0	0	0	0	0	0	0
196082	Parascardovia	genus	0	0	0	0	0	0	0	0	0	0	0	0	0	0	0	0	0	0	0	0	0	0	0	0	0	0	0	0	0	0	0	0	0	0	0	0	0	0	0	0	0	0	0	0	0	0	0	0	0	0	0	0	0	0	0	0	0	0	0	0	0	0	0	0	0	0	0	0	0	0	0	0	0	0	0	0	0	0	0	0
196081	Scardovia	genus	0	0	0	0	0	0	0	0	0	0	0	0	0	0	0	0	0	0	0	0	0	0	0	0	0	0	0	0	0	0	0	0	0	0	0	0	0	0	0	0	0	0	0	0	0	0	0	0	0	0	0	0	0	0	0	0	0	0	0	0	0	0	0	0	0	0	0	0	0	0	0	0	0	0	0	0	0	0	0	0
1813	Amycolatopsis	genus	50	60	56	114	95	10	219	192	323	232	54	235	196	359	284	453	226	291	325	449	820	626	567	239	336	709	342	993	928	270	208	303	923	743	329	871	764	385	601	303	436	481	537	533	447	602	512	433	628	924	529	967	744	837	2560	1599	664	966	2362	345	1314	499	542	2047	906	1204	3193	3059	1287	1326	1288	365	1606	1135	547	1055	384	435	455	1129
1847	Pseudonocardia	genus	176	263	278	511	343	45	1062	962	1395	1015	301	1074	975	1562	1254	2264	1088	1079	1480	2035	4266	3300	2297	1190	1434	3469	1615	4584	3691	1235	799	1377	3780	3534	1475	4598	3146	1757	2313	1477	2124	2066	2147	2090	1924	2632	2127	1611	2706	4516	2466	4132	3299	3600	10983	6926	3121	4511	10092	1564	5884	2170	2448	9737	4205	5241	13196	14885	5594	6024	5707	1454	7681	4546	2934	4327	1672	1967	1835	5069
43356	Kutzneria	genus	0	0	0	0	0	0	0	0	0	0	0	0	0	0	0	0	0	0	0	0	0	0	0	0	0	0	0	0	0	0	0	0	0	0	0	0	0	0	0	0	0	0	0	0	0	0	0	0	0	0	0	0	0	0	0	0	0	0	0	0	0	0	0	0	0	0	0	0	0	0	0	0	0	0	0	0	0	0	0	0
165301	Lentzea	genus	0	0	0	0	0	0	0	0	0	0	0	0	0	0	0	0	0	0	0	0	0	0	0	0	0	0	0	0	0	0	0	0	0	0	0	0	0	0	0	0	0	0	0	0	0	0	0	0	0	0	0	0	0	0	0	0	0	0	0	0	0	0	0	0	0	0	0	0	0	0	0	0	0	0	0	0	0	0	0	0
40566	Actinosynnema	genus	0	0	0	0	0	0	0	0	0	0	0	0	0	0	0	0	0	0	0	0	0	0	0	0	0	0	0	0	0	0	0	0	0	0	0	0	0	0	0	0	0	0	0	0	0	0	0	0	0	0	0	0	0	0	0	0	0	0	0	0	0	0	0	0	0	0	0	0	0	0	0	0	0	0	0	0	0	0	0	0
2071	Saccharothrix	genus	0	0	0	0	0	0	0	0	0	0	0	0	0	0	0	0	0	0	0	0	0	0	0	0	0	0	0	0	0	0	0	0	0	0	0	0	0	0	0	0	0	0	0	0	0	0	0	0	0	0	0	0	0	0	0	0	0	0	0	0	0	0	0	0	0	0	0	0	0	0	0	0	0	0	0	0	0	0	0	0
1835	Saccharopolyspora	genus	0	0	0	0	0	0	0	0	0	0	0	0	0	0	0	0	0	0	0	0	0	0	0	0	0	0	0	0	0	0	0	0	0	0	0	0	0	0	0	0	0	0	0	0	0	0	0	0	0	0	0	0	0	0	0	0	0	0	0	0	0	0	0	0	0	0	0	0	0	0	0	0	0	0	0	0	0	0	0	0
2029	Kibdelosporangium	genus	0	0	0	0	0	0	0	0	0	0	0	0	0	0	0	0	0	0	0	0	0	0	0	0	0	0	0	0	0	0	0	0	0	0	0	0	0	0	0	0	0	0	0	0	0	0	0	0	0	0	0	0	0	0	0	0	0	0	0	0	0	0	0	0	0	0	0	0	0	0	0	0	0	0	0	0	0	0	0	0
674734	Alloactinosynnema	genus	0	0	0	0	0	0	0	0	0	0	0	0	0	0	0	0	0	0	0	0	0	0	0	0	0	0	0	0	0	0	0	0	0	0	0	0	0	0	0	0	0	0	0	0	0	0	0	0	0	0	0	0	0	0	0	0	0	0	0	0	0	0	0	0	0	0	0	0	0	0	0	0	0	0	0	0	0	0	0	0
65496	Actinoalloteichus	genus	0	0	0	0	0	0	0	0	0	0	0	0	0	0	0	0	0	0	0	0	0	0	0	0	0	0	0	0	0	0	0	0	0	0	0	0	0	0	0	0	0	0	0	0	0	0	0	0	0	0	0	0	0	0	0	0	0	0	0	0	0	0	0	0	0	0	0	0	0	0	0	0	0	0	0	0	0	0	0	0
1851	Saccharomonospora	genus	0	0	0	0	0	0	0	0	0	0	0	0	0	0	0	0	0	0	0	0	0	0	0	0	0	0	0	0	0	0	0	0	0	0	0	0	0	0	0	0	0	0	0	0	0	0	0	0	0	0	0	0	0	0	0	0	0	0	0	0	0	0	0	0	0	0	0	0	0	0	0	0	0	0	0	0	0	0	0	0
1743	Propionibacterium	genus	6	5	8	12	19	0	11	34	23	28	4	26	17	54	17	51	61	63	35	66	36	17	66	23	29	94	20	90	86	33	5	34	67	37	44	133	58	28	71	39	63	104	29	65	79	170	40	40	47	77	53	60	123	106	216	88	89	88	123	21	317	54	63	155	117	161	183	99	104	142	192	32	81	150	58	187	25	23	44	59
1912215	Acidipropionibacterium	genus	0	0	0	0	0	0	0	0	0	0	0	0	0	0	0	0	0	0	0	0	0	0	0	0	0	0	0	0	0	0	0	0	0	0	0	0	0	0	0	0	0	0	0	0	0	0	0	0	0	0	0	0	0	0	0	0	0	0	0	0	0	0	0	0	0	0	0	0	0	0	0	0	0	0	0	0	0	0	0	0
29404	Microlunatus	genus	0	0	0	0	0	0	0	0	0	0	0	0	0	0	0	0	0	0	0	0	0	0	0	0	0	0	0	0	0	0	0	0	0	0	0	0	0	0	0	0	0	0	0	0	0	0	0	0	0	0	0	0	0	0	0	0	0	0	0	0	0	0	0	0	0	0	0	0	0	0	0	0	0	0	0	0	0	0	0	0
1912217	Arachnia	genus	0	0	0	0	0	0	0	0	0	0	0	0	0	0	0	0	0	0	0	0	0	0	0	0	0	0	0	0	0	0	0	0	0	0	0	0	0	0	0	0	0	0	0	0	0	0	0	0	0	0	0	0	0	0	0	0	0	0	0	0	0	0	0	0	0	0	0	0	0	0	0	0	0	0	0	0	0	0	0	0
1912216	Cutibacterium	genus	0	0	0	0	0	0	0	0	0	0	0	0	0	0	0	0	0	0	0	0	0	0	0	0	0	0	0	0	0	0	0	0	0	0	0	0	0	0	0	0	0	0	0	0	0	0	0	0	0	0	0	0	0	0	0	0	0	0	0	0	0	0	0	0	0	0	0	0	0	0	0	0	0	0	0	0	0	0	0	0
1839	Nocardioides	genus	4	5	17	19	7	0	22	29	46	23	10	24	13	32	28	69	23	33	27	38	58	19	82	32	20	124	53	73	130	14	8	30	36	46	31	125	158	33	84	49	49	80	30	35	70	74	41	38	101	97	60	191	74	53	146	78	75	124	247	38	242	63	60	115	91	164	352	158	176	133	166	14	153	87	41	98	27	19	37	62
2044	Pimelobacter	genus	0	0	0	0	0	0	0	0	0	0	0	0	0	0	0	0	0	0	0	0	0	0	0	0	0	0	0	0	0	0	0	0	0	0	0	0	0	0	0	0	0	0	0	0	0	0	0	0	0	0	0	0	0	0	0	0	0	0	0	0	0	0	0	0	0	0	0	0	0	0	0	0	0	0	0	0	0	0	0	0
182639	Kribbella	genus	0	0	0	0	0	0	0	0	0	0	0	0	0	0	0	0	0	0	0	0	0	0	0	0	0	0	0	0	0	0	0	0	0	0	0	0	0	0	0	0	0	0	0	0	0	0	0	0	0	0	0	0	0	0	0	0	0	0	0	0	0	0	0	0	0	0	0	0	0	0	0	0	0	0	0	0	0	0	0	0
2040	Aeromicrobium	genus	0	0	0	0	0	0	0	0	0	0	0	0	0	0	0	0	0	0	0	0	0	0	0	0	0	0	0	0	0	0	0	0	0	0	0	0	0	0	0	0	0	0	0	0	0	0	0	0	0	0	0	0	0	0	0	0	0	0	0	0	0	0	0	0	0	0	0	0	0	0	0	0	0	0	0	0	0	0	0	0
1865	Actinoplanes	genus	30	26	37	68	42	2	105	97	109	110	37	105	88	141	148	242	132	119	129	225	406	322	273	101	142	404	136	445	412	155	78	154	368	344	137	481	397	156	268	142	194	258	211	194	219	292	258	172	302	484	265	510	354	399	948	737	344	430	971	159	753	268	225	923	417	611	2428	1292	604	661	580	136	741	540	317	470	128	174	191	475
1873	Micromonospora	genus	73	101	104	214	150	19	407	444	953	424	111	443	393	639	514	865	455	517	724	787	1739	1686	996	501	589	1216	665	1824	1485	514	395	594	2178	1285	635	1799	1300	743	993	665	806	830	889	850	784	1100	919	700	1151	1677	1039	1541	1384	1377	3992	2628	1306	1746	4104	587	2066	895	1034	3293	1671	2206	5815	5229	2134	2367	2210	552	3008	1837	1143	1982	718	803	799	1919
168694	Salinispora	genus	6	8	13	29	22	2	48	35	54	44	22	45	39	67	41	83	52	52	37	89	164	114	100	42	55	144	58	199	187	78	43	50	100	134	59	205	154	62	110	58	79	89	90	102	108	109	95	76	115	190	99	173	138	165	411	304	159	174	361	55	290	80	101	326	184	243	850	525	227	306	211	35	320	193	115	193	51	72	85	263
84593	Micromonospora	genus	0	0	0	0	0	0	0	0	0	0	0	0	0	0	0	0	0	0	0	0	0	0	0	0	0	0	0	0	0	0	0	0	0	0	0	0	0	0	0	0	0	0	0	0	0	0	0	0	0	0	0	0	0	0	0	0	0	0	0	0	0	0	0	0	0	0	0	0	0	0	0	0	0	0	0	0	0	0	0	0
1854	Frankia	genus	11	14	23	52	32	1	84	49	67	56	16	59	38	91	63	124	51	47	81	126	301	100	125	57	88	209	50	266	262	75	30	84	189	232	77	269	260	85	154	80	72	122	88	106	110	167	125	101	140	264	139	310	177	244	583	403	205	192	693	70	440	152	121	594	228	360	1556	764	261	361	309	50	439	262	164	217	72	74	73	327
2013	Nocardiopsis	genus	10	6	2	19	17	2	39	26	33	31	15	14	20	38	36	56	28	47	29	79	107	60	73	40	34	78	40	102	123	85	30	34	62	72	97	146	99	33	63	47	81	79	59	75	98	76	72	42	76	110	90	131	96	103	152	178	98	145	249	31	212	64	89	225	112	164	526	255	133	197	213	22	164	112	82	159	33	31	56	130
83677	Thermobifida	genus	0	0	0	0	0	0	0	0	0	0	0	0	0	0	0	0	0	0	0	0	0	0	0	0	0	0	0	0	0	0	0	0	0	0	0	0	0	0	0	0	0	0	0	0	0	0	0	0	0	0	0	0	0	0	0	0	0	0	0	0	0	0	0	0	0	0	0	0	0	0	0	0	0	0	0	0	0	0	0	0
2000	Streptosporangium	genus	0	0	0	0	0	0	0	0	0	0	0	0	0	0	0	0	0	0	0	0	0	0	0	0	0	0	0	0	0	0	0	0	0	0	0	0	0	0	0	0	0	0	0	0	0	0	0	0	0	0	0	0	0	0	0	0	0	0	0	0	0	0	0	0	0	0	0	0	0	0	0	0	0	0	0	0	0	0	0	0
2019	Thermomonospora	genus	0	0	0	0	0	0	0	0	0	0	0	0	0	0	0	0	0	0	0	0	0	0	0	0	0	0	0	0	0	0	0	0	0	0	0	0	0	0	0	0	0	0	0	0	0	0	0	0	0	0	0	0	0	0	0	0	0	0	0	0	0	0	0	0	0	0	0	0	0	0	0	0	0	0	0	0	0	0	0	0
1654	Actinomyces	genus	10	20	14	25	40	1	26	63	60	51	20	68	49	83	93	201	63	81	127	125	160	137	151	57	79	170	58	265	205	84	20	74	209	114	86	432	203	80	113	125	125	151	53	104	202	376	148	126	153	167	133	237	546	231	278	294	237	211	572	39	903	167	130	306	406	326	505	306	294	717	370	75	226	1301	279	330	51	40	71	131
1069494	Trueperella	genus	0	0	0	0	0	0	0	0	0	0	0	0	0	0	0	0	0	0	0	0	0	0	0	0	0	0	0	0	0	0	0	0	0	0	0	0	0	0	0	0	0	0	0	0	0	0	0	0	0	0	0	0	0	0	0	0	0	0	0	0	0	0	0	0	0	0	0	0	0	0	0	0	0	0	0	0	0	0	0	0
2050	Mobiluncus	genus	0	0	0	0	0	0	0	0	0	0	0	0	0	0	0	0	0	0	0	0	0	0	0	0	0	0	0	0	0	0	0	0	0	0	0	0	0	0	0	0	0	0	0	0	0	0	0	0	0	0	0	0	0	0	0	0	0	0	0	0	0	0	0	0	0	0	0	0	0	0	0	0	0	0	0	0	0	0	0	0
1653174	Actinotignum	genus	0	0	0	0	0	0	0	0	0	0	0	0	0	0	0	0	0	0	0	0	0	0	0	0	0	0	0	0	0	0	0	0	0	0	0	0	0	0	0	0	0	0	0	0	0	0	0	0	0	0	0	0	0	0	0	0	0	0	0	0	0	0	0	0	0	0	0	0	0	0	0	0	0	0	0	0	0	0	0	0
28263	Arcanobacterium	genus	0	0	0	0	0	0	0	0	0	0	0	0	0	0	0	0	0	0	0	0	0	0	0	0	0	0	0	0	0	0	0	0	0	0	0	0	0	0	0	0	0	0	0	0	0	0	0	0	0	0	0	0	0	0	0	0	0	0	0	0	0	0	0	0	0	0	0	0	0	0	0	0	0	0	0	0	0	0	0	0
38501	Blastococcus	genus	0	0	0	0	0	0	0	0	0	0	0	0	0	0	0	0	0	0	0	0	0	0	0	0	0	0	0	0	0	0	0	0	0	0	0	0	0	0	0	0	0	0	0	0	0	0	0	0	0	0	0	0	0	0	0	0	0	0	0	0	0	0	0	0	0	0	0	0	0	0	0	0	0	0	0	0	0	0	0	0
1860	Geodermatophilus	genus	0	0	0	0	0	0	0	0	0	0	0	0	0	0	0	0	0	0	0	0	0	0	0	0	0	0	0	0	0	0	0	0	0	0	0	0	0	0	0	0	0	0	0	0	0	0	0	0	0	0	0	0	0	0	0	0	0	0	0	0	0	0	0	0	0	0	0	0	0	0	0	0	0	0	0	0	0	0	0	0
88138	Modestobacter	genus	0	0	0	0	0	0	0	0	0	0	0	0	0	0	0	0	0	0	0	0	0	0	0	0	0	0	0	0	0	0	0	0	0	0	0	0	0	0	0	0	0	0	0	0	0	0	0	0	0	0	0	0	0	0	0	0	0	0	0	0	0	0	0	0	0	0	0	0	0	0	0	0	0	0	0	0	0	0	0	0
414878	Catenulispora	genus	0	0	0	0	0	0	0	0	0	0	0	0	0	0	0	0	0	0	0	0	0	0	0	0	0	0	0	0	0	0	0	0	0	0	0	0	0	0	0	0	0	0	0	0	0	0	0	0	0	0	0	0	0	0	0	0	0	0	0	0	0	0	0	0	0	0	0	0	0	0	0	0	0	0	0	0	0	0	0	0
53460	Nakamurella	genus	0	0	0	0	0	0	0	0	0	0	0	0	0	0	0	0	0	0	0	0	0	0	0	0	0	0	0	0	0	0	0	0	0	0	0	0	0	0	0	0	0	0	0	0	0	0	0	0	0	0	0	0	0	0	0	0	0	0	0	0	0	0	0	0	0	0	0	0	0	0	0	0	0	0	0	0	0	0	0	0
33981	Kineococcus	genus	0	0	0	0	0	0	0	0	0	0	0	0	0	0	0	0	0	0	0	0	0	0	0	0	0	0	0	0	0	0	0	0	0	0	0	0	0	0	0	0	0	0	0	0	0	0	0	0	0	0	0	0	0	0	0	0	0	0	0	0	0	0	0	0	0	0	0	0	0	0	0	0	0	0	0	0	0	0	0	0
283810	Stackebrandtia	genus	0	0	0	0	0	0	0	0	0	0	0	0	0	0	0	0	0	0	0	0	0	0	0	0	0	0	0	0	0	0	0	0	0	0	0	0	0	0	0	0	0	0	0	0	0	0	0	0	0	0	0	0	0	0	0	0	0	0	0	0	0	0	0	0	0	0	0	0	0	0	0	0	0	0	0	0	0	0	0	0
147067	Thermobispora	genus	0	0	0	0	0	0	0	0	0	0	0	0	0	0	0	0	0	0	0	0	0	0	0	0	0	0	0	0	0	0	0	0	0	0	0	0	0	0	0	0	0	0	0	0	0	0	0	0	0	0	0	0	0	0	0	0	0	0	0	0	0	0	0	0	0	0	0	0	0	0	0	0	0	0	0	0	0	0	0	0
28048	Acidothermus	genus	0	0	0	0	0	0	0	0	0	0	0	0	0	0	0	0	0	0	0	0	0	0	0	0	0	0	0	0	0	0	0	0	0	0	0	0	0	0	0	0	0	0	0	0	0	0	0	0	0	0	0	0	0	0	0	0	0	0	0	0	0	0	0	0	0	0	0	0	0	0	0	0	0	0	0	0	0	0	0	0
84111	Eggerthella	genus	6	7	16	18	29	2	2	19	38	33	17	34	18	39	50	72	45	34	35	72	56	25	114	21	61	26	15	90	103	40	3	35	144	35	112	138	114	75	63	99	107	157	32	104	64	118	75	115	59	67	63	49	173	169	88	271	143	67	79	9	664	54	36	139	323	189	101	59	139	185	293	24	51	209	215	167	10	4	31	47
447020	Adlercreutzia	genus	0	0	0	0	0	0	0	0	0	0	0	0	0	0	0	0	0	0	0	0	0	0	0	0	0	0	0	0	0	0	0	0	0	0	0	0	0	0	0	0	0	0	0	0	0	0	0	0	0	0	0	0	0	0	0	0	0	0	0	0	0	0	0	0	0	0	0	0	0	0	0	0	0	0	0	0	0	0	0	0
84108	Slackia	genus	0	0	0	0	0	0	0	0	0	0	0	0	0	0	0	0	0	0	0	0	0	0	0	0	0	0	0	0	0	0	0	0	0	0	0	0	0	0	0	0	0	0	0	0	0	0	0	0	0	0	0	0	0	0	0	0	0	0	0	0	0	0	0	0	0	0	0	0	0	0	0	0	0	0	0	0	0	0	0	0
79603	Denitrobacterium	genus	0	0	0	0	0	0	0	0	0	0	0	0	0	0	0	0	0	0	0	0	0	0	0	0	0	0	0	0	0	0	0	0	0	0	0	0	0	0	0	0	0	0	0	0	0	0	0	0	0	0	0	0	0	0	0	0	0	0	0	0	0	0	0	0	0	0	0	0	0	0	0	0	0	0	0	0	0	0	0	0
84162	Cryptobacterium	genus	0	0	0	0	0	0	0	0	0	0	0	0	0	0	0	0	0	0	0	0	0	0	0	0	0	0	0	0	0	0	0	0	0	0	0	0	0	0	0	0	0	0	0	0	0	0	0	0	0	0	0	0	0	0	0	0	0	0	0	0	0	0	0	0	0	0	0	0	0	0	0	0	0	0	0	0	0	0	0	0
133925	Olsenella	genus	5	6	17	15	16	6	2	36	20	30	17	37	11	144	21	70	33	44	42	111	76	20	70	51	45	18	30	147	98	28	4	42	99	22	130	166	85	41	76	87	77	149	32	102	89	95	98	120	54	100	63	63	149	377	85	315	124	66	44	10	748	142	73	75	469	213	86	47	107	417	211	54	38	700	186	147	13	28	27	30
1380	Atopobium	genus	0	0	0	0	0	0	0	0	0	0	0	0	0	0	0	0	0	0	0	0	0	0	0	0	0	0	0	0	0	0	0	0	0	0	0	0	0	0	0	0	0	0	0	0	0	0	0	0	0	0	0	0	0	0	0	0	0	0	0	0	0	0	0	0	0	0	0	0	0	0	0	0	0	0	0	0	0	0	0	0
33870	Coriobacterium	genus	0	0	0	0	0	0	0	0	0	0	0	0	0	0	0	0	0	0	0	0	0	0	0	0	0	0	0	0	0	0	0	0	0	0	0	0	0	0	0	0	0	0	0	0	0	0	0	0	0	0	0	0	0	0	0	0	0	0	0	0	0	0	0	0	0	0	0	0	0	0	0	0	0	0	0	0	0	0	0	0
682522	Ilumatobacter	genus	0	0	0	0	0	0	0	0	0	0	0	0	0	0	0	0	0	0	0	0	0	0	0	0	0	0	0	0	0	0	0	0	0	0	0	0	0	0	0	0	0	0	0	0	0	0	0	0	0	0	0	0	0	0	0	0	0	0	0	0	0	0	0	0	0	0	0	0	0	0	0	0	0	0	0	0	0	0	0	0
53634	Acidimicrobium	genus	0	0	0	0	0	0	0	0	0	0	0	0	0	0	0	0	0	0	0	0	0	0	0	0	0	0	0	0	0	0	0	0	0	0	0	0	0	0	0	0	0	0	0	0	0	0	0	0	0	0	0	0	0	0	0	0	0	0	0	0	0	0	0	0	0	0	0	0	0	0	0	0	0	0	0	0	0	0	0	0
191494	Conexibacter	genus	0	0	0	0	0	0	0	0	0	0	0	0	0	0	0	0	0	0	0	0	0	0	0	0	0	0	0	0	0	0	0	0	0	0	0	0	0	0	0	0	0	0	0	0	0	0	0	0	0	0	0	0	0	0	0	0	0	0	0	0	0	0	0	0	0	0	0	0	0	0	0	0	0	0	0	0	0	0	0	0
42255	Rubrobacter	genus	1	0	0	6	0	0	2	3	4	4	0	9	1	4	2	9	3	4	2	11	18	3	3	1	4	16	8	12	12	2	3	4	20	18	4	11	23	6	2	3	7	5	3	1	3	19	1	7	17	31	11	8	10	24	14	56	18	6	61	1	22	8	4	62	18	17	35	53	12	55	13	2	27	32	3	38	1	4	2	18
1129	Synechococcus	genus	96	117	120	220	250	59	330	492	523	489	213	510	538	604	710	991	721	670	995	916	1362	1172	1100	854	922	928	888	1586	1364	1241	636	804	2194	1254	880	1883	1294	961	766	1042	948	1035	1377	1294	1456	1311	2143	1287	1349	2567	1300	1881	1866	2121	1965	3340	1940	2194	4034	1035	1915	1556	2006	2205	2624	2685	3841	3249	2613	3092	2777	1135	3015	2765	1445	3268	1541	1037	1645	3814
167375	Cyanobium	genus	0	0	0	0	0	0	0	0	0	0	0	0	0	0	0	0	0	0	0	0	0	0	0	0	0	0	0	0	0	0	0	0	0	0	0	0	0	0	0	0	0	0	0	0	0	0	0	0	0	0	0	0	0	0	0	0	0	0	0	0	0	0	0	0	0	0	0	0	0	0	0	0	0	0	0	0	0	0	0	0
146785	Thermosynechococcus	genus	0	0	0	0	0	0	0	0	0	0	0	0	0	0	0	0	0	0	0	0	0	0	0	0	0	0	0	0	0	0	0	0	0	0	0	0	0	0	0	0	0	0	0	0	0	0	0	0	0	0	0	0	0	0	0	0	0	0	0	0	0	0	0	0	0	0	0	0	0	0	0	0	0	0	0	0	0	0	0	0
13034	Dactylococcopsis	genus	0	0	0	0	0	0	0	0	0	0	0	0	0	0	0	0	0	0	0	0	0	0	0	0	0	0	0	0	0	0	0	0	0	0	0	0	0	0	0	0	0	0	0	0	0	0	0	0	0	0	0	0	0	0	0	0	0	0	0	0	0	0	0	0	0	0	0	0	0	0	0	0	0	0	0	0	0	0	0	0
1218	Prochlorococcus	genus	27	21	43	66	70	22	104	120	112	77	94	65	145	97	207	215	319	339	170	190	151	162	269	342	331	142	283	153	297	317	178	324	184	163	242	299	360	192	182	177	234	299	410	286	333	258	366	267	283	672	369	806	362	513	510	320	522	270	304	505	609	375	745	480	624	541	246	366	650	604	816	73	699	611	285	900	1126	311	670	1076
47251	Leptolyngbya	genus	0	0	0	0	0	0	1	0	0	0	0	0	0	0	1	0	0	0	0	1	0	0	1	1	1	1	3	0	0	0	0	1	0	0	1	0	0	1	0	0	1	1	3	2	1	1	2	0	3	4	1	4	0	4	0	1	0	5	2	3	0	3	2	3	0	3	4	3	1	0	2	0	5	1	0	2	2	0	1	0
1142	Synechocystis	genus	0	3	4	5	4	0	3	5	5	6	5	8	9	15	8	19	7	10	15	5	22	13	15	7	11	17	17	12	21	17	3	12	19	27	17	33	24	18	12	12	8	13	27	15	19	16	12	12	14	36	16	15	32	45	23	57	64	19	72	26	44	23	19	50	31	42	32	46	25	34	20	12	52	39	20	34	14	26	15	60
1152	Pseudanabaena	genus	0	0	0	0	0	0	0	0	0	0	0	0	0	0	0	0	0	0	0	0	0	0	0	0	0	0	0	0	0	0	0	0	0	0	0	0	0	0	0	0	0	0	0	0	0	0	0	0	0	0	0	0	0	0	0	0	0	0	0	0	0	0	0	0	0	0	0	0	0	0	0	0	0	0	0	0	0	0	0	0
155977	Acaryochloris	genus	0	0	0	0	0	0	0	0	0	0	0	0	0	0	0	0	0	0	0	0	0	0	0	0	0	0	0	0	0	0	0	0	0	0	0	0	0	0	0	0	0	0	0	0	0	0	0	0	0	0	0	0	0	0	0	0	0	0	0	0	0	0	0	0	0	0	0	0	0	0	0	0	0	0	0	0	0	0	0	0
43988	Cyanothece	genus	33	17	29	56	81	52	123	124	102	61	64	70	237	153	192	250	184	215	334	203	270	230	231	374	283	253	295	183	266	280	213	240	233	236	274	379	264	207	235	266	227	265	445	373	408	313	371	359	280	602	407	653	439	526	492	548	567	286	654	619	575	364	938	513	435	565	281	521	604	736	645	145	731	846	305	759	1429	588	1070	980
1158	Oscillatoria	genus	0	0	5	0	0	0	0	1	1	2	0	0	0	8	2	7	1	1	1	0	1	0	1	3	1	1	0	13	2	0	0	4	11	3	4	9	0	9	1	0	1	1	0	0	9	9	13	1	3	8	0	2	4	1	46	5	2	1	10	0	6	12	2	6	37	1	18	7	4	19	3	1	1	8	3	2	0	0	1	2
1155738	Moorena	genus	0	0	0	0	0	0	0	0	0	0	0	0	0	0	0	0	0	0	0	0	0	0	0	0	0	0	0	0	0	0	0	0	0	0	0	0	0	0	0	0	0	0	0	0	0	0	0	0	0	0	0	0	0	0	0	0	0	0	0	0	0	0	0	0	0	0	0	0	0	0	0	0	0	0	0	0	0	0	0	0
1205	Trichodesmium	genus	0	0	0	0	0	0	0	0	0	0	0	0	0	0	0	0	0	0	0	0	0	0	0	0	0	0	0	0	0	0	0	0	0	0	0	0	0	0	0	0	0	0	0	0	0	0	0	0	0	0	0	0	0	0	0	0	0	0	0	0	0	0	0	0	0	0	0	0	0	0	0	0	0	0	0	0	0	0	0	0
44471	Microcoleus	genus	0	0	0	0	0	0	0	0	0	0	0	0	0	0	0	0	0	0	0	0	0	0	0	0	0	0	0	0	0	0	0	0	0	0	0	0	0	0	0	0	0	0	0	0	0	0	0	0	0	0	0	0	0	0	0	0	0	0	0	0	0	0	0	0	0	0	0	0	0	0	0	0	0	0	0	0	0	0	0	0
63132	Geitlerinema	genus	0	0	0	0	0	0	0	0	0	0	0	0	0	0	0	0	0	0	0	0	0	0	0	0	0	0	0	0	0	0	0	0	0	0	0	0	0	0	0	0	0	0	0	0	0	0	0	0	0	0	0	0	0	0	0	0	0	0	0	0	0	0	0	0	0	0	0	0	0	0	0	0	0	0	0	0	0	0	0	0
241421	Crinalium	genus	0	0	0	0	0	0	0	0	0	0	0	0	0	0	0	0	0	0	0	0	0	0	0	0	0	0	0	0	0	0	0	0	0	0	0	0	0	0	0	0	0	0	0	0	0	0	0	0	0	0	0	0	0	0	0	0	0	0	0	0	0	0	0	0	0	0	0	0	0	0	0	0	0	0	0	0	0	0	0	0
669357	Geminocystis	genus	0	2	3	2	6	0	8	6	1	3	5	1	7	11	16	24	11	17	18	8	6	17	15	9	9	11	16	26	16	9	2	12	18	17	16	10	11	5	6	17	11	25	20	10	23	12	10	12	8	33	26	11	37	25	19	21	23	15	11	3	54	36	50	36	32	32	14	30	26	38	19	4	30	49	32	42	44	14	23	66
102231	Gloeocapsa	genus	0	0	0	0	0	0	0	0	0	0	0	0	0	0	0	0	0	0	0	0	0	0	0	0	0	0	0	0	0	0	0	0	0	0	0	0	0	0	0	0	0	0	0	0	0	0	0	0	0	0	0	0	0	0	0	0	0	0	0	0	0	0	0	0	0	0	0	0	0	0	0	0	0	0	0	0	0	0	0	0
1125	Microcystis	genus	12	34	18	33	51	11	89	94	85	50	46	61	128	137	132	176	111	146	223	113	178	114	167	212	146	278	140	166	177	155	149	171	369	226	108	237	238	144	143	178	197	147	235	201	227	157	213	213	169	343	272	326	302	373	653	580	350	177	657	350	396	245	321	283	261	332	295	407	368	500	397	129	439	428	227	456	801	372	577	1049
102234	Cyanobacterium	genus	0	0	0	0	0	0	0	0	0	0	0	0	0	0	0	0	0	0	0	0	0	0	0	0	0	0	0	0	0	0	0	0	0	0	0	0	0	0	0	0	0	0	0	0	0	0	0	0	0	0	0	0	0	0	0	0	0	0	0	0	0	0	0	0	0	0	0	0	0	0	0	0	0	0	0	0	0	0	0	0
76023	Halothece	genus	0	0	0	0	0	0	0	0	0	0	0	0	0	0	0	0	0	0	0	0	0	0	0	0	0	0	0	0	0	0	0	0	0	0	0	0	0	0	0	0	0	0	0	0	0	0	0	0	0	0	0	0	0	0	0	0	0	0	0	0	0	0	0	0	0	0	0	0	0	0	0	0	0	0	0	0	0	0	0	0
1177	Nostoc	genus	12	9	8	10	13	5	32	25	28	16	11	19	27	34	52	24	32	35	67	40	94	56	54	32	47	60	76	39	60	55	83	59	58	35	38	73	67	35	176	23	48	43	227	82	63	61	89	55	97	164	68	199	60	126	62	86	108	79	99	104	119	83	222	114	137	194	70	138	153	164	127	14	253	161	75	124	318	85	265	409
1163	Anabaena	genus	7	15	13	28	18	18	36	33	36	28	26	19	58	56	54	61	53	72	49	73	95	52	77	193	74	67	104	91	75	92	61	76	80	118	65	126	130	61	80	61	81	66	192	137	152	91	156	71	88	125	114	156	180	151	121	156	185	94	92	172	244	158	258	160	109	167	160	238	192	255	162	42	251	244	167	199	320	203	215	656
264688	Trichormus	genus	0	0	0	0	0	0	0	0	0	0	0	0	0	0	0	0	0	0	0	0	0	0	0	0	0	0	0	0	0	0	0	0	0	0	0	0	0	0	0	0	0	0	0	0	0	0	0	0	0	0	0	0	0	0	0	0	0	0	0	0	0	0	0	0	0	0	0	0	0	0	0	0	0	0	0	0	0	0	0	0
1186	Calothrix	genus	0	1	0	0	1	0	4	4	3	4	2	0	5	3	4	5	3	5	7	0	9	7	6	2	6	4	5	1	3	10	3	3	9	7	7	8	2	9	4	5	3	8	18	5	1	5	11	7	6	6	11	6	13	19	3	26	4	5	12	229	9	3	10	15	9	8	3	21	15	20	6	6	17	19	2	11	24	10	26	8
373984	Rivularia	genus	0	0	0	0	0	0	0	0	0	0	0	0	0	0	0	0	0	0	0	0	0	0	0	0	0	0	0	0	0	0	0	0	0	0	0	0	0	0	0	0	0	0	0	0	0	0	0	0	0	0	0	0	0	0	0	0	0	0	0	0	0	0	0	0	0	0	0	0	0	0	0	0	0	0	0	0	0	0	0	0
1190	Fischerella	genus	0	0	0	0	0	0	0	0	0	0	0	0	0	0	0	0	0	0	0	0	0	0	0	0	0	0	0	0	0	0	0	0	0	0	0	0	0	0	0	0	0	0	0	0	0	0	0	0	0	0	0	0	0	0	0	0	0	0	0	0	0	0	0	0	0	0	0	0	0	0	0	0	0	0	0	0	0	0	0	0
33071	Gloeobacter	genus	4	6	4	10	6	0	13	12	10	13	2	12	6	19	9	27	15	15	15	37	29	13	28	16	21	27	13	70	28	10	6	14	185	38	14	49	35	29	14	11	19	11	20	37	22	42	33	21	35	83	32	42	32	60	60	143	57	57	86	8	41	43	25	67	59	62	101	138	42	92	63	11	77	59	32	44	12	4	9	122
102115	Stanieria	genus	0	0	0	0	0	0	0	0	0	0	0	0	0	0	0	0	0	0	0	0	0	0	0	0	0	0	0	0	0	0	0	0	0	0	0	0	0	0	0	0	0	0	0	0	0	0	0	0	0	0	0	0	0	0	0	0	0	0	0	0	0	0	0	0	0	0	0	0	0	0	0	0	0	0	0	0	0	0	0	0
44474	Pleurocapsa	genus	0	0	0	0	0	0	0	0	0	0	0	0	0	0	0	0	0	0	0	0	0	0	0	0	0	0	0	0	0	0	0	0	0	0	0	0	0	0	0	0	0	0	0	0	0	0	0	0	0	0	0	0	0	0	0	0	0	0	0	0	0	0	0	0	0	0	0	0	0	0	0	0	0	0	0	0	0	0	0	0
54298	Chroococcidiopsis	genus	0	0	0	0	0	0	0	0	0	0	0	0	0	0	0	0	0	0	0	0	0	0	0	0	0	0	0	0	0	0	0	0	0	0	0	0	0	0	0	0	0	0	0	0	0	0	0	0	0	0	0	0	0	0	0	0	0	0	0	0	0	0	0	0	0	0	0	0	0	0	0	0	0	0	0	0	0	0	0	0
2093	Mycoplasma	genus	42	41	58	83	92	10	134	174	143	149	100	132	84	121	237	220	257	329	197	289	170	165	371	302	307	233	205	243	346	399	81	316	321	240	343	387	663	242	189	327	340	358	209	298	689	324	409	437	298	649	271	1001	449	724	552	443	718	320	331	260	1317	505	682	1083	794	687	432	502	721	924	1021	125	532	592	325	926	411	239	425	1980
2129	Ureaplasma	genus	7	9	11	14	18	7	29	40	27	23	33	17	37	29	38	53	57	71	47	72	48	43	66	120	64	29	69	52	70	89	27	65	60	37	54	90	92	57	64	66	63	105	69	72	124	72	84	75	59	117	91	142	95	193	88	65	119	62	33	90	248	101	187	277	152	153	68	98	148	189	197	28	153	151	89	157	145	89	94	375
2132	Spiroplasma	genus	65	66	76	105	150	30	198	304	204	211	182	166	186	223	431	394	633	639	275	469	326	301	671	589	717	294	490	299	635	610	232	596	496	279	640	552	859	419	387	430	590	713	580	591	891	545	845	654	526	1075	690	2277	728	874	1128	518	1030	501	537	665	2087	769	1350	1223	1814	1159	491	607	1414	1399	2087	137	1119	951	588	1810	1270	442	785	3119
46239	Mesoplasma	genus	0	0	0	0	0	0	0	0	0	0	0	0	0	0	0	0	0	0	0	0	0	0	0	0	0	0	0	0	0	0	0	0	0	0	0	0	0	0	0	0	0	0	0	0	0	0	0	0	0	0	0	0	0	0	0	0	0	0	0	0	0	0	0	0	0	0	0	0	0	0	0	0	0	0	0	0	0	0	0	0
2147	Acholeplasma	genus	4	17	15	36	13	2	45	53	34	37	26	16	15	45	58	47	197	81	38	81	37	30	102	30	110	82	55	68	95	54	31	71	74	57	59	71	138	50	81	105	86	113	30	86	83	79	59	98	61	97	73	554	112	121	126	87	176	64	77	48	348	110	84	165	166	210	80	135	113	227	214	35	102	146	60	299	41	36	56	22281
1298	Deinococcus	genus	76	81	108	157	148	7	299	358	421	344	109	418	238	503	403	600	399	418	453	797	1189	855	800	516	581	767	638	1332	1082	788	375	522	2159	1052	607	1275	980	649	648	580	732	807	885	766	915	899	809	666	1142	1832	1026	860	1169	1362	1825	2453	1361	1613	3644	376	1318	942	852	1941	1469	2038	2591	3591	1919	2204	2102	504	2296	1575	938	1758	523	488	551	1661
332248	Truepera	genus	0	0	0	0	0	0	0	0	0	0	0	0	0	0	0	0	0	0	0	0	0	0	0	0	0	0	0	0	0	0	0	0	0	0	0	0	0	0	0	0	0	0	0	0	0	0	0	0	0	0	0	0	0	0	0	0	0	0	0	0	0	0	0	0	0	0	0	0	0	0	0	0	0	0	0	0	0	0	0	0
270	Thermus	genus	68	60	69	127	86	7	259	244	212	205	94	363	161	298	244	524	284	300	311	507	1087	444	431	319	325	686	316	1130	698	519	156	309	1311	1007	434	1109	812	504	425	390	499	459	481	388	532	723	414	528	509	1340	501	578	836	1286	876	3630	1023	776	3824	173	1012	560	742	1205	1216	1096	1972	2514	995	2023	1100	213	1527	2524	712	1147	229	466	262	1932
65551	Meiothermus	genus	1	1	0	0	1	0	7	3	4	5	5	1	7	14	10	5	3	2	11	14	17	51	8	10	9	13	13	33	10	5	4	6	31	20	13	21	24	8	14	5	5	10	5	5	11	18	8	9	7	22	14	8	19	32	31	43	31	7	50	3	66	8	18	37	43	17	74	44	17	65	26	4	38	51	15	21	5	5	5	13
208447	Oceanithermus	genus	0	0	0	0	0	0	0	0	0	0	0	0	0	0	0	0	0	0	0	0	0	0	0	0	0	0	0	0	0	0	0	0	0	0	0	0	0	0	0	0	0	0	0	0	0	0	0	0	0	0	0	0	0	0	0	0	0	0	0	0	0	0	0	0	0	0	0	0	0	0	0	0	0	0	0	0	0	0	0	0
186191	Marinithermus	genus	0	0	0	0	0	0	0	0	0	0	0	0	0	0	0	0	0	0	0	0	0	0	0	0	0	0	0	0	0	0	0	0	0	0	0	0	0	0	0	0	0	0	0	0	0	0	0	0	0	0	0	0	0	0	0	0	0	0	0	0	0	0	0	0	0	0	0	0	0	0	0	0	0	0	0	0	0	0	0	0
233189	Anaerolinea	genus	0	0	0	0	0	0	0	0	0	0	0	0	0	0	0	0	0	0	0	0	0	0	0	0	0	0	0	0	0	0	0	0	0	0	0	0	0	0	0	0	0	0	0	0	0	0	0	0	0	0	0	0	0	0	0	0	0	0	0	0	0	0	0	0	0	0	0	0	0	0	0	0	0	0	0	0	0	0	0	0
120961	Roseiflexus	genus	7	1	1	17	7	1	20	8	16	18	3	18	7	15	16	31	4	22	3	16	59	17	23	18	24	49	11	51	56	27	4	10	154	60	17	48	65	15	12	19	10	18	24	8	17	34	22	19	20	76	27	37	36	58	43	158	51	41	201	7	69	16	20	114	70	92	108	156	64	86	67	14	78	74	15	25	14	13	15	55
1107	Chloroflexus	genus	59	74	72	101	84	25	236	200	249	192	118	345	246	287	302	363	294	300	404	398	629	530	496	365	364	500	394	685	753	490	260	379	706	700	340	836	637	446	364	431	455	417	537	539	628	589	535	516	555	1332	517	654	824	939	1246	1527	1054	921	3089	430	948	651	974	1028	1117	1117	1607	1928	1371	1275	1423	571	1585	1043	534	1355	639	471	876	1713
61434	Dehalococcoides	genus	19	13	16	56	18	9	49	66	58	61	32	139	44	73	92	142	81	90	185	123	234	44	154	106	121	154	80	230	160	169	40	126	413	266	144	308	250	114	101	145	124	123	161	142	223	157	165	194	173	630	127	273	245	453	235	621	381	176	1173	81	393	214	231	242	312	329	367	456	280	517	326	259	344	336	351	469	172	134	179	683
670486	Dehalogenimonas	genus	0	0	0	0	0	0	0	0	0	0	0	0	0	0	0	0	0	0	0	0	0	0	0	0	0	0	0	0	0	0	0	0	0	0	0	0	0	0	0	0	0	0	0	0	0	0	0	0	0	0	0	0	0	0	0	0	0	0	0	0	0	0	0	0	0	0	0	0	0	0	0	0	0	0	0	0	0	0	0	0
2056	Sphaerobacter	genus	0	0	0	0	0	0	0	0	0	0	0	0	0	0	0	0	0	0	0	0	0	0	0	0	0	0	0	0	0	0	0	0	0	0	0	0	0	0	0	0	0	0	0	0	0	0	0	0	0	0	0	0	0	0	0	0	0	0	0	0	0	0	0	0	0	0	0	0	0	0	0	0	0	0	0	0	0	0	0	0
499	Thermomicrobium	genus	0	0	0	0	0	0	0	0	0	0	0	0	0	0	0	0	0	0	0	0	0	0	0	0	0	0	0	0	0	0	0	0	0	0	0	0	0	0	0	0	0	0	0	0	0	0	0	0	0	0	0	0	0	0	0	0	0	0	0	0	0	0	0	0	0	0	0	0	0	0	0	0	0	0	0	0	0	0	0	0
233191	Caldilinea	genus	0	0	0	0	0	0	0	0	0	0	0	0	0	0	0	0	0	0	0	0	0	0	0	0	0	0	0	0	0	0	0	0	0	0	0	0	0	0	0	0	0	0	0	0	0	0	0	0	0	0	0	0	0	0	0	0	0	0	0	0	0	0	0	0	0	0	0	0	0	0	0	0	0	0	0	0	0	0	0	0
1005038	Fimbriimonas	genus	0	0	0	0	0	0	0	0	0	0	0	0	0	0	0	0	0	0	0	0	0	0	0	0	0	0	0	0	0	0	0	0	0	0	0	0	0	0	0	0	0	0	0	0	0	0	0	0	0	0	0	0	0	0	0	0	0	0	0	0	0	0	0	0	0	0	0	0	0	0	0	0	0	0	0	0	0	0	0	0
262406	Thermobaculum	genus	0	0	0	0	0	0	0	0	0	0	0	0	0	0	0	0	0	0	0	0	0	0	0	0	0	0	0	0	0	0	0	0	0	0	0	0	0	0	0	0	0	0	0	0	0	0	0	0	0	0	0	0	0	0	0	0	0	0	0	0	0	0	0	0	0	0	0	0	0	0	0	0	0	0	0	0	0	0	0	0
237	Flavobacterium	genus	791	1122	327	527	542	218	1022	3236	4810	1452	757	622	8265	1517	8240	1723	5974	4404	1945	12749	1484	31186	7310	9423	16601	3901	27060	809	8963	2384	50272	5791	767	1654	2935	2229	2917	1906	4191	2687	11023	5528	60374	28888	3042	2597	10603	2119	6467	1784	27283	13888	3058	2165	8593	728	5252	15840	1377	122541	2576	12488	32441	6271	3474	21527	2195	7184	22719	2562	20405	586	69571	5010	1124	15314	424804	72894	175328	5002
59732	Chryseobacterium	genus	256	356	132	218	1100	395	227	2359	1349	827	779	418	9235	4683	4110	1698	2786	5384	6951	3653	1041	11005	7119	25249	3937	809	9717	1093	3372	5128	10060	5263	405	5196	1964	8378	1396	2875	1962	3203	5370	2912	9537	11944	2649	2973	7684	3212	2594	3091	9268	14461	11660	7114	3867	457	2285	3771	832	11709	641	2269	41866	5637	3409	7398	1873	5290	4907	6369	8359	1254	13489	24245	628	5324	38789	13042	45249	2192
308865	Elizabethkingia	genus	79	152	49	87	488	122	105	1021	450	289	320	165	3851	2032	1768	642	1186	2487	2937	1278	427	5121	2455	11381	1391	338	3722	333	1201	2558	2647	2078	198	2354	875	3732	505	1197	596	1497	2063	1126	2599	3282	1061	1260	1684	1321	1003	1904	2827	6853	4844	3626	1372	188	729	1109	459	3113	285	849	19451	2430	1384	2889	714	2396	1671	2655	2581	549	5347	10565	373	2238	11932	5597	11783	1123
34084	Riemerella	genus	0	0	0	0	0	0	0	0	0	0	0	0	0	0	0	0	0	0	0	0	0	0	0	0	0	0	0	0	0	0	0	0	0	0	0	0	0	0	0	0	0	0	0	0	0	0	0	0	0	0	0	0	0	0	0	0	0	0	0	0	0	0	0	0	0	0	0	0	0	0	0	0	0	0	0	0	0	0	0	0
104264	Cellulophaga	genus	18	47	26	33	51	23	68	143	182	60	38	26	387	134	359	135	219	217	220	431	94	837	355	770	662	196	881	88	448	306	1315	325	72	188	140	272	188	141	166	144	473	205	1645	859	174	140	387	154	291	348	927	836	356	332	405	124	238	510	153	3212	231	458	1715	283	174	958	158	502	1218	397	879	46	2497	604	73	674	9144	2698	4271	749
52959	Polaribacter	genus	7	14	7	16	16	1	28	61	59	22	18	12	170	59	111	87	75	101	116	159	19	348	137	392	248	64	282	19	172	140	326	135	24	83	44	145	45	53	43	96	196	62	477	256	79	55	104	99	95	113	295	426	203	172	143	11	85	178	73	1019	52	138	845	125	65	337	56	187	460	133	271	15	802	411	16	248	2389	896	1222	296
76831	Myroides	genus	229	271	146	199	379	139	434	1101	1129	553	366	259	2663	902	2393	901	1729	1781	1541	3103	661	6088	2445	6250	4919	1127	5865	539	2326	2135	7741	2413	526	1141	1324	1599	1410	1031	953	1394	3817	1440	9110	5533	1979	1299	2695	1231	1886	1759	5190	6874	2287	2278	2855	712	2059	3336	1969	21700	1618	3015	11879	2258	2553	6949	1112	3109	6121	2660	5455	319	19223	4520	830	4978	56812	23667	22776	5253
358023	Lutibacter	genus	4	6	0	6	1	6	4	15	16	10	5	3	46	16	20	17	22	18	22	35	10	78	31	129	53	11	71	8	48	55	117	25	4	19	8	40	21	9	26	17	32	20	118	91	18	19	59	11	28	28	72	102	38	29	37	0	34	37	17	220	9	23	176	14	9	64	16	59	173	38	85	8	208	81	7	44	615	153	496	29
1013	Weeksella	genus	0	0	0	0	0	0	0	0	0	0	0	0	0	0	0	0	0	0	0	0	0	0	0	0	0	0	0	0	0	0	0	0	0	0	0	0	0	0	0	0	0	0	0	0	0	0	0	0	0	0	0	0	0	0	0	0	0	0	0	0	0	0	0	0	0	0	0	0	0	0	0	0	0	0	0	0	0	0	0	0
104267	Tenacibaculum	genus	0	0	0	0	0	0	0	0	0	0	0	0	0	0	0	0	0	0	0	0	0	0	0	0	0	0	0	0	0	0	0	0	0	0	0	0	0	0	0	0	0	0	0	0	0	0	0	0	0	0	0	0	0	0	0	0	0	0	0	0	0	0	0	0	0	0	0	0	0	0	0	0	0	0	0	0	0	0	0	0
1518147	Wenyingzhuangia	genus	0	0	0	0	0	0	0	0	0	0	0	0	0	0	0	0	0	0	0	0	0	0	0	0	0	0	0	0	0	0	0	0	0	0	0	0	0	0	0	0	0	0	0	0	0	0	0	0	0	0	0	0	0	0	0	0	0	0	0	0	0	0	0	0	0	0	0	0	0	0	0	0	0	0	0	0	0	0	0	0
252356	Maribacter	genus	0	2	0	0	0	0	2	1	3	0	1	0	2	0	3	2	3	3	1	1	1	9	3	15	4	3	8	1	10	0	6	1	1	0	0	2	10	0	0	1	9	2	16	7	6	3	6	1	3	3	7	2	3	4	3	1	5	1	12	14	2	1	7	6	3	7	4	16	21	12	4	1	14	14	4	7	73	17	58	27
1016	Capnocytophaga	genus	33	54	37	68	98	29	178	260	210	98	91	81	720	339	454	333	458	511	491	450	146	1036	582	1617	620	300	1020	214	450	543	1196	536	296	454	308	598	381	309	315	351	611	345	1385	913	605	337	562	361	481	714	994	1264	1043	1139	509	241	549	599	1147	2832	425	530	3073	822	659	1069	380	1203	1078	1020	917	174	2558	2185	253	1725	8623	2150	3939	2401
291183	Lacinutrix	genus	0	0	0	0	0	0	0	0	0	0	0	0	0	0	0	0	0	0	0	0	0	0	0	0	0	0	0	0	0	0	0	0	0	0	0	0	0	0	0	0	0	0	0	0	0	0	0	0	0	0	0	0	0	0	0	0	0	0	0	0	0	0	0	0	0	0	0	0	0	0	0	0	0	0	0	0	0	0	0	0
363408	Nonlabens	genus	0	0	1	2	3	0	4	9	5	4	0	4	29	15	17	7	12	11	23	12	1	42	14	56	14	4	64	13	14	17	59	12	2	31	2	27	7	9	5	18	17	10	43	23	13	13	17	15	10	10	36	51	48	59	21	7	11	19	4	82	8	12	127	29	16	32	7	34	37	42	25	6	109	83	2	19	254	85	130	23
1204360	Siansivirga	genus	0	0	0	0	0	0	0	0	0	0	0	0	0	0	0	0	0	0	0	0	0	0	0	0	0	0	0	0	0	0	0	0	0	0	0	0	0	0	0	0	0	0	0	0	0	0	0	0	0	0	0	0	0	0	0	0	0	0	0	0	0	0	0	0	0	0	0	0	0	0	0	0	0	0	0	0	0	0	0	0
225842	Formosa	genus	2	0	2	3	0	1	2	6	12	3	1	3	29	7	15	6	7	8	11	30	8	28	17	48	29	10	47	3	19	16	61	15	0	7	6	4	7	8	10	2	45	7	80	40	5	0	27	9	11	11	61	69	17	8	25	5	11	29	15	141	16	27	57	11	13	64	10	19	64	13	51	2	101	29	6	47	426	77	164	49
261827	Algibacter	genus	0	0	0	0	0	0	0	0	0	0	0	0	0	0	0	0	0	0	0	0	0	0	0	0	0	0	0	0	0	0	0	0	0	0	0	0	0	0	0	0	0	0	0	0	0	0	0	0	0	0	0	0	0	0	0	0	0	0	0	0	0	0	0	0	0	0	0	0	0	0	0	0	0	0	0	0	0	0	0	0
153265	Aequorivita	genus	0	0	0	0	0	0	0	0	0	0	0	0	0	0	0	0	0	0	0	0	0	0	0	0	0	0	0	0	0	0	0	0	0	0	0	0	0	0	0	0	0	0	0	0	0	0	0	0	0	0	0	0	0	0	0	0	0	0	0	0	0	0	0	0	0	0	0	0	0	0	0	0	0	0	0	0	0	0	0	0
326319	Dokdonia	genus	47	58	28	54	94	29	149	235	268	133	86	66	593	258	558	212	418	425	402	595	134	1132	560	1044	808	317	1288	158	510	495	1546	477	204	349	274	421	359	303	340	250	713	379	1849	1201	431	309	599	266	451	593	1085	1432	748	870	640	128	431	733	652	4235	431	581	2654	650	624	1278	295	1003	1588	695	1145	110	3478	1538	238	1429	12272	3441	5516	2367
286104	Winogradskyella	genus	0	0	0	0	0	0	0	0	0	0	0	0	0	0	0	0	0	0	0	0	0	0	0	0	0	0	0	0	0	0	0	0	0	0	0	0	0	0	0	0	0	0	0	0	0	0	0	0	0	0	0	0	0	0	0	0	0	0	0	0	0	0	0	0	0	0	0	0	0	0	0	0	0	0	0	0	0	0	0	0
28250	Ornithobacterium	genus	0	0	0	0	0	0	0	0	0	0	0	0	0	0	0	0	0	0	0	0	0	0	0	0	0	0	0	0	0	0	0	0	0	0	0	0	0	0	0	0	0	0	0	0	0	0	0	0	0	0	0	0	0	0	0	0	0	0	0	0	0	0	0	0	0	0	0	0	0	0	0	0	0	0	0	0	0	0	0	0
111500	Allomuricauda	genus	4	0	0	1	0	0	4	2	6	3	1	5	6	7	11	10	5	5	2	9	3	17	11	18	15	9	16	4	7	11	13	7	18	11	6	3	7	6	4	0	9	2	31	19	15	2	11	1	6	12	21	25	9	8	11	4	8	6	11	27	5	16	51	8	19	26	6	14	20	17	12	2	60	14	5	31	119	128	48	69
417127	Zunongwangia	genus	0	0	0	0	0	0	0	0	0	0	0	0	0	0	0	0	0	0	0	0	0	0	0	0	0	0	0	0	0	0	0	0	0	0	0	0	0	0	0	0	0	0	0	0	0	0	0	0	0	0	0	0	0	0	0	0	0	0	0	0	0	0	0	0	0	0	0	0	0	0	0	0	0	0	0	0	0	0	0	0
216431	Croceibacter	genus	0	0	0	0	0	0	0	0	0	0	0	0	0	0	0	0	0	0	0	0	0	0	0	0	0	0	0	0	0	0	0	0	0	0	0	0	0	0	0	0	0	0	0	0	0	0	0	0	0	0	0	0	0	0	0	0	0	0	0	0	0	0	0	0	0	0	0	0	0	0	0	0	0	0	0	0	0	0	0	0
292691	Christiangramia	genus	0	0	0	0	0	0	0	0	0	0	0	0	0	0	0	0	0	0	0	0	0	0	0	0	0	0	0	0	0	0	0	0	0	0	0	0	0	0	0	0	0	0	0	0	0	0	0	0	0	0	0	0	0	0	0	0	0	0	0	0	0	0	0	0	0	0	0	0	0	0	0	0	0	0	0	0	0	0	0	0
83612	Psychroflexus	genus	0	0	0	0	0	0	0	0	0	0	0	0	0	0	0	0	0	0	0	0	0	0	0	0	0	0	0	0	0	0	0	0	0	0	0	0	0	0	0	0	0	0	0	0	0	0	0	0	0	0	0	0	0	0	0	0	0	0	0	0	0	0	0	0	0	0	0	0	0	0	0	0	0	0	0	0	0	0	0	0
389486	Sediminicola	genus	0	0	0	0	0	0	0	0	0	0	0	0	0	0	0	0	0	0	0	0	0	0	0	0	0	0	0	0	0	0	0	0	0	0	0	0	0	0	0	0	0	0	0	0	0	0	0	0	0	0	0	0	0	0	0	0	0	0	0	0	0	0	0	0	0	0	0	0	0	0	0	0	0	0	0	0	0	0	0	0
112040	Zobellia	genus	0	0	0	0	0	0	0	0	0	0	0	0	0	0	0	0	0	0	0	0	0	0	0	0	0	0	0	0	0	0	0	0	0	0	0	0	0	0	0	0	0	0	0	0	0	0	0	0	0	0	0	0	0	0	0	0	0	0	0	0	0	0	0	0	0	0	0	0	0	0	0	0	0	0	0	0	0	0	0	0
252306	Robiginitalea	genus	0	0	0	0	0	0	0	0	0	0	0	0	0	0	0	0	0	0	0	0	0	0	0	0	0	0	0	0	0	0	0	0	0	0	0	0	0	0	0	0	0	0	0	0	0	0	0	0	0	0	0	0	0	0	0	0	0	0	0	0	0	0	0	0	0	0	0	0	0	0	0	0	0	0	0	0	0	0	0	0
332102	Fluviicola	genus	0	0	0	0	0	0	0	0	0	0	0	0	0	0	0	0	0	0	0	0	0	0	0	0	0	0	0	0	0	0	0	0	0	0	0	0	0	0	0	0	0	0	0	0	0	0	0	0	0	0	0	0	0	0	0	0	0	0	0	0	0	0	0	0	0	0	0	0	0	0	0	0	0	0	0	0	0	0	0	0
34098	Blattabacterium	genus	38	39	37	54	103	13	100	171	153	95	55	67	455	214	339	159	317	464	311	442	98	445	415	900	510	178	534	117	373	316	451	387	180	247	369	312	335	179	206	233	466	333	814	536	322	219	374	283	284	322	574	1475	618	647	586	126	648	392	390	1020	330	445	1833	580	757	788	222	580	803	530	874	69	1380	971	170	903	3326	974	1983	1701
267986	Owenweeksia	genus	0	0	0	0	0	0	0	0	0	0	0	0	0	0	0	0	0	0	0	0	0	0	0	0	0	0	0	0	0	0	0	0	0	0	0	0	0	0	0	0	0	0	0	0	0	0	0	0	0	0	0	0	0	0	0	0	0	0	0	0	0	0	0	0	0	0	0	0	0	0	0	0	0	0	0	0	0	0	0	0
816	Bacteroides	genus	310	566	821	1152	769	183	1678	8679	1794	1905	3912	1109	1993	3495	3007	5878	8123	8843	2382	15409	1917	9231	6507	6264	11665	4640	18967	4620	25708	27171	1941	6445	7180	2360	2809	5324	8928	9170	12198	13310	7771	18541	27275	8597	13543	12346	8856	12931	41427	12403	15608	6560	8754	71738	7563	2408	5885	40012	16088	2428	13146	11960	19304	11410	6284	10974	7051	38507	29022	24821	51097	5661	22072	92170	7018	55187	4163	3073	14803	28089
375288	Parabacteroides	genus	0	1	0	0	0	0	0	6	3	1	1	0	1	0	0	3	3	1	0	2	1	1	1	5	6	4	4	2	7	16	0	6	5	0	2	1	8	4	2	1	3	4	12	0	9	4	6	1	21	4	3	2	5	22	2	0	5	7	6	0	4	5	13	5	1	2	1	15	9	10	11	0	9	46	2	32	1	0	4	34
195950	Tannerella	genus	2	3	2	4	2	0	12	34	11	7	5	5	6	15	20	28	22	8	5	16	13	17	19	29	27	7	30	15	29	96	6	32	21	19	11	50	59	35	13	20	23	25	28	15	45	37	20	34	77	75	30	29	36	166	6	10	17	68	222	16	44	31	76	34	29	54	25	100	56	144	65	6	92	293	16	195	11	11	11	381
346096	Paludibacter	genus	0	0	0	0	0	0	0	0	0	0	0	0	0	0	0	0	0	0	0	0	0	0	0	0	0	0	0	0	0	0	0	0	0	0	0	0	0	0	0	0	0	0	0	0	0	0	0	0	0	0	0	0	0	0	0	0	0	0	0	0	0	0	0	0	0	0	0	0	0	0	0	0	0	0	0	0	0	0	0	0
307628	Petrimonas	genus	0	0	0	0	0	0	0	0	0	0	0	0	0	0	0	0	0	0	0	0	0	0	0	0	0	0	0	0	0	0	0	0	0	0	0	0	0	0	0	0	0	0	0	0	0	0	0	0	0	0	0	0	0	0	0	0	0	0	0	0	0	0	0	0	0	0	0	0	0	0	0	0	0	0	0	0	0	0	0	0
1784836	Fermentimonas	genus	0	0	0	0	0	0	0	0	0	0	0	0	0	0	0	0	0	0	0	0	0	0	0	0	0	0	0	0	0	0	0	0	0	0	0	0	0	0	0	0	0	0	0	0	0	0	0	0	0	0	0	0	0	0	0	0	0	0	0	0	0	0	0	0	0	0	0	0	0	0	0	0	0	0	0	0	0	0	0	0
836	Porphyromonas	genus	0	3	0	2	1	0	5	4	2	4	1	4	1	2	5	8	9	4	0	4	3	1	8	8	8	2	5	9	7	22	1	9	5	6	0	11	13	8	2	4	4	2	5	3	14	13	5	8	10	23	4	21	16	33	7	2	26	6	21	10	6	8	30	8	4	9	8	53	15	56	6	2	42	70	3	79	11	3	7	253
397864	Barnesiella	genus	0	0	0	0	0	0	0	0	0	0	0	0	0	0	0	0	0	0	0	0	0	0	0	0	0	0	0	0	0	0	0	0	0	0	0	0	0	0	0	0	0	0	0	0	0	0	0	0	0	0	0	0	0	0	0	0	0	0	0	0	0	0	0	0	0	0	0	0	0	0	0	0	0	0	0	0	0	0	0	0
838	Prevotella	genus	76	75	342	208	133	50	242	1405	189	344	352	105	204	825	247	2734	776	593	671	1573	746	635	637	1090	947	779	1471	2649	3338	690	221	1948	3646	424	1141	2616	1964	2582	2340	571	1098	2168	2134	996	13935	4961	3457	840	8442	3145	1766	772	4923	24093	719	948	1527	4923	1513	159	10788	6950	2966	3067	3367	1308	1519	5384	4445	13588	6006	833	2057	52865	3407	5684	625	360	559	2239
239759	Alistipes	genus	0	0	0	0	0	0	0	0	0	0	0	0	0	0	0	0	0	0	0	0	0	0	0	0	0	0	0	0	0	0	0	0	0	0	0	0	0	0	0	0	0	0	0	0	0	0	0	0	0	0	0	0	0	0	0	0	0	0	0	0	0	0	0	0	0	0	0	0	0	0	0	0	0	0	0	0	0	0	0	0
1611681	Mucinivorans	genus	0	0	0	0	0	0	0	0	0	0	0	0	0	0	0	0	0	0	0	0	0	0	0	0	0	0	0	0	0	0	0	0	0	0	0	0	0	0	0	0	0	0	0	0	0	0	0	0	0	0	0	0	0	0	0	0	0	0	0	0	0	0	0	0	0	0	0	0	0	0	0	0	0	0	0	0	0	0	0	0
283168	Odoribacter	genus	0	0	0	0	0	0	0	0	0	0	0	0	0	0	0	0	0	0	0	0	0	0	0	0	0	0	0	0	0	0	0	0	0	0	0	0	0	0	0	0	0	0	0	0	0	0	0	0	0	0	0	0	0	0	0	0	0	0	0	0	0	0	0	0	0	0	0	0	0	0	0	0	0	0	0	0	0	0	0	0
1471399	Draconibacterium	genus	0	0	0	0	0	0	0	0	0	0	0	0	0	0	0	0	0	0	0	0	0	0	0	0	0	0	0	0	0	0	0	0	0	0	0	0	0	0	0	0	0	0	0	0	0	0	0	0	0	0	0	0	0	0	0	0	0	0	0	0	0	0	0	0	0	0	0	0	0	0	0	0	0	0	0	0	0	0	0	0
89966	Hymenobacter	genus	57	52	71	123	119	7	269	303	311	228	112	305	271	311	328	568	329	277	466	463	1007	647	541	676	438	632	498	924	877	633	360	446	1319	730	627	1020	676	507	478	512	576	485	763	546	775	693	578	626	1994	1162	743	734	1023	1107	862	1575	936	1263	3365	374	764	565	952	1254	1642	1304	1509	3736	1623	1742	1406	307	2348	2139	600	1648	841	504	868	2383
1379908	Rufibacter	genus	3	5	6	23	11	2	40	29	35	15	12	14	41	27	38	42	42	33	37	62	26	48	52	70	52	106	37	37	71	48	53	42	59	74	24	88	83	38	73	33	37	44	89	51	76	52	64	52	66	190	71	95	72	183	89	84	165	84	402	68	118	57	119	197	85	109	97	397	134	155	109	24	270	167	42	169	269	104	174	733
323449	Pontibacter	genus	1	0	0	6	0	0	22	10	17	10	5	4	6	5	12	26	20	8	6	16	14	17	27	10	18	56	10	13	22	12	4	19	21	37	12	28	46	15	14	15	22	12	25	20	22	14	16	26	29	87	18	32	18	66	72	45	36	33	275	17	26	16	35	59	28	60	44	236	54	62	38	2	125	51	16	70	28	10	18	214
992	Flexibacter	genus	0	0	0	0	0	0	0	0	0	0	0	0	0	0	0	0	0	0	0	0	0	0	0	0	0	0	0	0	0	0	0	0	0	0	0	0	0	0	0	0	0	0	0	0	0	0	0	0	0	0	0	0	0	0	0	0	0	0	0	0	0	0	0	0	0	0	0	0	0	0	0	0	0	0	0	0	0	0	0	0
319458	Leadbetterella	genus	0	0	0	0	0	0	0	0	0	0	0	0	0	0	0	0	0	0	0	0	0	0	0	0	0	0	0	0	0	0	0	0	0	0	0	0	0	0	0	0	0	0	0	0	0	0	0	0	0	0	0	0	0	0	0	0	0	0	0	0	0	0	0	0	0	0	0	0	0	0	0	0	0	0	0	0	0	0	0	0
312278	Emticicia	genus	0	0	0	0	0	0	0	0	0	0	0	0	0	0	0	0	0	0	0	0	0	0	0	0	0	0	0	0	0	0	0	0	0	0	0	0	0	0	0	0	0	0	0	0	0	0	0	0	0	0	0	0	0	0	0	0	0	0	0	0	0	0	0	0	0	0	0	0	0	0	0	0	0	0	0	0	0	0	0	0
105	Runella	genus	0	0	0	0	0	0	0	0	0	0	0	0	0	0	0	0	0	0	0	0	0	0	0	0	0	0	0	0	0	0	0	0	0	0	0	0	0	0	0	0	0	0	0	0	0	0	0	0	0	0	0	0	0	0	0	0	0	0	0	0	0	0	0	0	0	0	0	0	0	0	0	0	0	0	0	0	0	0	0	0
978	Cytophaga	genus	0	0	0	0	0	0	0	0	0	0	0	0	0	0	0	0	0	0	0	0	0	0	0	0	0	0	0	0	0	0	0	0	0	0	0	0	0	0	0	0	0	0	0	0	0	0	0	0	0	0	0	0	0	0	0	0	0	0	0	0	0	0	0	0	0	0	0	0	0	0	0	0	0	0	0	0	0	0	0	0
120831	Dyadobacter	genus	0	0	0	0	0	0	0	0	0	0	0	0	0	0	0	0	0	0	0	0	0	0	0	0	0	0	0	0	0	0	0	0	0	0	0	0	0	0	0	0	0	0	0	0	0	0	0	0	0	0	0	0	0	0	0	0	0	0	0	0	0	0	0	0	0	0	0	0	0	0	0	0	0	0	0	0	0	0	0	0
107	Spirosoma	genus	0	0	0	0	0	0	0	0	0	0	0	0	0	0	0	0	0	0	0	0	0	0	0	0	0	0	0	0	0	0	0	0	0	0	0	0	0	0	0	0	0	0	0	0	0	0	0	0	0	0	0	0	0	0	0	0	0	0	0	0	0	0	0	0	0	0	0	0	0	0	0	0	0	0	0	0	0	0	0	0
232244	Belliella	genus	0	0	0	0	0	0	0	0	0	0	0	0	0	0	0	0	0	0	0	0	0	0	0	0	0	0	0	0	0	0	0	0	0	0	0	0	0	0	0	0	0	0	0	0	0	0	0	0	0	0	0	0	0	0	0	0	0	0	0	0	0	0	0	0	0	0	0	0	0	0	0	0	0	0	0	0	0	0	0	0
68288	Cyclobacterium	genus	6	12	16	28	24	5	36	34	58	20	13	16	89	50	59	65	61	57	75	49	32	170	75	225	82	75	128	26	78	108	170	57	39	74	38	85	65	60	42	56	87	63	179	105	82	71	77	45	79	99	101	188	127	189	117	47	106	92	222	233	113	69	439	135	74	147	71	255	174	177	122	43	378	250	56	354	1177	188	387	708
390846	Echinicola	genus	0	0	0	0	0	0	0	0	0	0	0	0	0	0	0	0	0	0	0	0	0	0	0	0	0	0	0	0	0	0	0	0	0	0	0	0	0	0	0	0	0	0	0	0	0	0	0	0	0	0	0	0	0	0	0	0	0	0	0	0	0	0	0	0	0	0	0	0	0	0	0	0	0	0	0	0	0	0	0	0
246875	Algoriphagus	genus	0	0	0	0	0	0	0	0	0	0	0	0	0	0	0	0	0	0	0	0	0	0	0	0	0	0	0	0	0	0	0	0	0	0	0	0	0	0	0	0	0	0	0	0	0	0	0	0	0	0	0	0	0	0	0	0	0	0	0	0	0	0	0	0	0	0	0	0	0	0	0	0	0	0	0	0	0	0	0	0
59739	Flammeovirga	genus	0	0	0	0	0	0	0	0	0	0	0	0	0	0	0	0	0	0	0	0	0	0	0	0	0	0	0	0	0	0	0	0	0	0	0	0	0	0	0	0	0	0	0	0	0	0	0	0	0	0	0	0	0	0	0	0	0	0	0	0	0	0	0	0	0	0	0	0	0	0	0	0	0	0	0	0	0	0	0	0
869806	Marivirga	genus	0	0	0	0	0	0	0	0	0	0	0	0	0	0	0	0	0	0	0	0	0	0	0	0	0	0	0	0	0	0	0	0	0	0	0	0	0	0	0	0	0	0	0	0	0	0	0	0	0	0	0	0	0	0	0	0	0	0	0	0	0	0	0	0	0	0	0	0	0	0	0	0	0	0	0	0	0	0	0	0
59740	Persicobacter	genus	0	0	0	0	0	0	0	0	0	0	0	0	0	0	0	0	0	0	0	0	0	0	0	0	0	0	0	0	0	0	0	0	0	0	0	0	0	0	0	0	0	0	0	0	0	0	0	0	0	0	0	0	0	0	0	0	0	0	0	0	0	0	0	0	0	0	0	0	0	0	0	0	0	0	0	0	0	0	0	0
84567	Pedobacter	genus	20	33	9	34	15	3	102	111	89	52	33	13	127	62	118	68	106	103	52	160	29	212	162	178	165	180	240	51	198	102	229	129	105	143	41	114	143	58	136	52	182	141	647	439	121	85	186	65	186	204	307	226	127	272	237	123	293	350	552	825	149	189	419	215	93	329	141	536	1587	208	377	49	791	351	59	623	2067	259	1111	799
28453	Sphingobacterium	genus	3	3	1	2	2	1	5	1	6	2	1	0	12	5	3	6	7	4	6	10	2	10	4	11	7	7	17	2	7	2	10	2	0	16	3	9	7	2	6	4	7	5	21	17	3	5	20	0	6	11	19	12	3	11	3	3	25	12	30	64	6	12	20	10	3	11	7	25	34	11	11	0	45	11	3	36	140	14	40	49
1649482	Pseudopedobacter	genus	0	0	0	0	0	0	0	0	0	0	0	0	0	0	0	0	0	0	0	0	0	0	0	0	0	0	0	0	0	0	0	0	0	0	0	0	0	0	0	0	0	0	0	0	0	0	0	0	0	0	0	0	0	0	0	0	0	0	0	0	0	0	0	0	0	0	0	0	0	0	0	0	0	0	0	0	0	0	0	0
929509	Solitalea	genus	0	0	0	0	0	0	0	0	0	0	0	0	0	0	0	0	0	0	0	0	0	0	0	0	0	0	0	0	0	0	0	0	0	0	0	0	0	0	0	0	0	0	0	0	0	0	0	0	0	0	0	0	0	0	0	0	0	0	0	0	0	0	0	0	0	0	0	0	0	0	0	0	0	0	0	0	0	0	0	0
423349	Mucilaginibacter	genus	0	0	0	0	0	0	0	0	0	0	0	0	0	0	0	0	0	0	0	0	0	0	0	0	0	0	0	0	0	0	0	0	0	0	0	0	0	0	0	0	0	0	0	0	0	0	0	0	0	0	0	0	0	0	0	0	0	0	0	0	0	0	0	0	0	0	0	0	0	0	0	0	0	0	0	0	0	0	0	0
379899	Niabella	genus	4	1	0	10	5	0	29	24	212	4	2	1	21	21	12	20	11	13	12	33	8	15	50	24	16	120	23	20	81	7	11	19	19	48	8	21	52	13	31	6	41	20	139	29	27	12	14	15	27	69	50	97	22	68	37	26	66	50	58	34	22	20	35	81	12	83	49	607	78	101	52	11	335	39	15	52	75	26	80	102
354354	Niastella	genus	0	0	0	0	0	0	0	0	0	0	0	0	0	0	0	0	0	0	0	0	0	0	0	0	0	0	0	0	0	0	0	0	0	0	0	0	0	0	0	0	0	0	0	0	0	0	0	0	0	0	0	0	0	0	0	0	0	0	0	0	0	0	0	0	0	0	0	0	0	0	0	0	0	0	0	0	0	0	0	0
1769012	Arachidicoccus	genus	0	0	0	0	0	0	0	0	0	0	0	0	0	0	0	0	0	0	0	0	0	0	0	0	0	0	0	0	0	0	0	0	0	0	0	0	0	0	0	0	0	0	0	0	0	0	0	0	0	0	0	0	0	0	0	0	0	0	0	0	0	0	0	0	0	0	0	0	0	0	0	0	0	0	0	0	0	0	0	0
79328	Chitinophaga	genus	0	0	0	0	0	0	0	0	0	0	0	0	0	0	0	0	0	0	0	0	0	0	0	0	0	0	0	0	0	0	0	0	0	0	0	0	0	0	0	0	0	0	0	0	0	0	0	0	0	0	0	0	0	0	0	0	0	0	0	0	0	0	0	0	0	0	0	0	0	0	0	0	0	0	0	0	0	0	0	0
398041	Flavisolibacter	genus	0	0	0	0	0	0	0	0	0	0	0	0	0	0	0	0	0	0	0	0	0	0	0	0	0	0	0	0	0	0	0	0	0	0	0	0	0	0	0	0	0	0	0	0	0	0	0	0	0	0	0	0	0	0	0	0	0	0	0	0	0	0	0	0	0	0	0	0	0	0	0	0	0	0	0	0	0	0	0	0
2349	Haliscomenobacter	genus	0	0	0	0	0	0	0	0	0	0	0	0	0	0	0	0	0	0	0	0	0	0	0	0	0	0	0	0	0	0	0	0	0	0	0	0	0	0	0	0	0	0	0	0	0	0	0	0	0	0	0	0	0	0	0	0	0	0	0	0	0	0	0	0	0	0	0	0	0	0	0	0	0	0	0	0	0	0	0	0
1007	Saprospira	genus	0	0	0	0	0	0	0	0	0	0	0	0	0	0	0	0	0	0	0	0	0	0	0	0	0	0	0	0	0	0	0	0	0	0	0	0	0	0	0	0	0	0	0	0	0	0	0	0	0	0	0	0	0	0	0	0	0	0	0	0	0	0	0	0	0	0	0	0	0	0	0	0	0	0	0	0	0	0	0	0
29548	Rhodothermus	genus	0	0	0	0	0	0	0	0	0	0	0	0	0	0	0	0	0	0	0	0	0	0	0	0	0	0	0	0	0	0	0	0	0	0	0	0	0	0	0	0	0	0	0	0	0	0	0	0	0	0	0	0	0	0	0	0	0	0	0	0	0	0	0	0	0	0	0	0	0	0	0	0	0	0	0	0	0	0	0	0
146918	Salinibacter	genus	0	0	0	0	0	0	0	0	0	0	0	0	0	0	0	0	0	0	0	0	0	0	0	0	0	0	0	0	0	0	0	0	0	0	0	0	0	0	0	0	0	0	0	0	0	0	0	0	0	0	0	0	0	0	0	0	0	0	0	0	0	0	0	0	0	0	0	0	0	0	0	0	0	0	0	0	0	0	0	0
1091	Chlorobium	genus	2	1	0	2	3	3	12	2	3	6	7	1	41	6	10	16	3	7	6	11	19	2	3	8	6	31	8	15	20	19	2	3	8	26	8	28	21	8	12	1	6	7	10	8	5	36	10	5	9	44	17	16	25	44	15	73	21	13	72	2	13	5	16	18	15	22	23	72	38	58	28	6	47	29	23	33	11	17	11	190
1099	Pelodictyon	genus	0	0	0	0	0	0	0	2	0	0	1	0	1	0	0	1	0	1	0	0	2	0	1	0	1	0	1	0	0	0	0	0	2	0	0	0	2	1	0	0	0	0	1	0	1	1	1	1	0	2	1	0	2	1	0	7	0	0	12	0	2	0	0	2	0	0	1	5	1	4	3	1	2	2	0	1	0	0	0	1
256319	Chlorobaculum	genus	6	9	12	35	18	1	52	50	38	25	17	83	55	49	54	86	49	45	59	126	133	48	77	43	60	113	79	148	137	130	21	73	306	149	64	197	116	101	86	78	104	85	80	74	94	133	94	109	114	302	87	121	147	267	146	469	195	148	673	35	169	106	101	309	202	221	280	477	192	348	272	38	275	294	100	280	55	55	62	312
1101	Prosthecochloris	genus	0	0	0	0	0	0	2	1	3	0	1	0	6	3	1	6	2	7	6	4	3	8	8	3	6	3	3	4	3	7	7	13	7	10	2	8	6	0	3	1	3	4	11	14	5	7	19	1	1	2	7	8	3	13	2	12	6	10	11	6	5	35	6	7	4	3	6	26	11	12	8	2	23	8	44	6	5	3	2	9
100715	Chloroherpeton	genus	0	0	0	0	0	0	0	0	0	0	0	0	0	0	0	0	0	0	0	0	0	0	0	0	0	0	0	0	0	0	0	0	0	0	0	0	0	0	0	0	0	0	0	0	0	0	0	0	0	0	0	0	0	0	0	0	0	0	0	0	0	0	0	0	0	0	0	0	0	0	0	0	0	0	0	0	0	0	0	0
795750	Ignavibacterium	genus	0	0	0	0	0	0	0	0	0	0	0	0	0	0	0	0	0	0	0	0	0	0	0	0	0	0	0	0	0	0	0	0	0	0	0	0	0	0	0	0	0	0	0	0	0	0	0	0	0	0	0	0	0	0	0	0	0	0	0	0	0	0	0	0	0	0	0	0	0	0	0	0	0	0	0	0	0	0	0	0
1134403	Melioribacter	genus	0	0	0	0	0	0	0	0	0	0	0	0	0	0	0	0	0	0	0	0	0	0	0	0	0	0	0	0	0	0	0	0	0	0	0	0	0	0	0	0	0	0	0	0	0	0	0	0	0	0	0	0	0	0	0	0	0	0	0	0	0	0	0	0	0	0	0	0	0	0	0	0	0	0	0	0	0	0	0	0
173479	Gemmatimonas	genus	0	0	0	0	0	0	0	0	0	0	0	0	0	0	0	0	0	0	0	0	0	0	0	0	0	0	0	0	0	0	0	0	0	0	0	0	0	0	0	0	0	0	0	0	0	0	0	0	0	0	0	0	0	0	0	0	0	0	0	0	0	0	0	0	0	0	0	0	0	0	0	0	0	0	0	0	0	0	0	0
832	Fibrobacter	genus	0	0	0	0	0	0	0	0	0	0	0	0	0	0	0	0	0	0	0	0	0	0	0	0	0	0	0	0	0	0	0	0	0	0	0	0	0	0	0	0	0	0	0	0	0	0	0	0	0	0	0	0	0	0	0	0	0	0	0	0	0	0	0	0	0	0	0	0	0	0	0	0	0	0	0	0	0	0	0	0
32068	Sebaldella	genus	0	0	0	0	0	0	0	0	0	0	0	0	0	0	0	0	0	0	0	0	0	0	0	0	0	0	0	0	0	0	0	0	0	0	0	0	0	0	0	0	0	0	0	0	0	0	0	0	0	0	0	0	0	0	0	0	0	0	0	0	0	0	0	0	0	0	0	0	0	0	0	0	0	0	0	0	0	0	0	0
32067	Leptotrichia	genus	183	259	75	54	355	6	45	432	254	531	139	119	302	333	1281	59	2802	2805	1686	388	356	204	1429	991	1377	336	253	157	724	906	53	1458	113	242	1442	838	693	505	393	612	566	1634	298	308	1913	440	1552	909	419	151	269	9894	587	229	3685	70	688	318	113	150	219	914	1996	1460	5287	1100	608	201	2442	1296	4479	56	792	334	323	5184	650	66	688	259
34104	Streptobacillus	genus	0	0	0	0	0	0	0	0	0	0	0	0	0	0	0	0	0	0	0	0	0	0	0	0	0	0	0	0	0	0	0	0	0	0	0	0	0	0	0	0	0	0	0	0	0	0	0	0	0	0	0	0	0	0	0	0	0	0	0	0	0	0	0	0	0	0	0	0	0	0	0	0	0	0	0	0	0	0	0	0
168808	Sneathia	genus	0	0	0	0	0	0	0	0	0	0	0	0	0	0	0	0	0	0	0	0	0	0	0	0	0	0	0	0	0	0	0	0	0	0	0	0	0	0	0	0	0	0	0	0	0	0	0	0	0	0	0	0	0	0	0	0	0	0	0	0	0	0	0	0	0	0	0	0	0	0	0	0	0	0	0	0	0	0	0	0
848	Fusobacterium	genus	366	488	249	326	879	56	492	1150	771	1050	562	372	807	833	2413	852	5143	4985	1315	1439	833	747	2951	2582	3187	950	1460	991	2181	4192	470	3151	1019	798	3200	1370	2502	1521	1095	1404	1958	3521	1437	1409	3170	1799	3318	2507	1758	2126	1657	14803	2232	3812	6703	1266	3438	1408	805	1618	3727	3294	5877	3966	10867	3487	1722	1774	5860	3745	9088	337	3375	2322	1914	12668	3374	1166	2267	4979
167639	Ilyobacter	genus	0	0	0	0	0	0	0	0	0	0	0	0	0	0	0	0	0	0	0	0	0	0	0	0	0	0	0	0	0	0	0	0	0	0	0	0	0	0	0	0	0	0	0	0	0	0	0	0	0	0	0	0	0	0	0	0	0	0	0	0	0	0	0	0	0	0	0	0	0	0	0	0	0	0	0	0	0	0	0	0
239934	Akkermansia	genus	21	32	48	26	23	0	25	54	73	63	14	151	22	30	36	310	74	116	51	108	111	15	126	57	92	271	45	351	104	102	5	56	790	149	100	151	146	49	102	136	152	156	56	104	70	126	63	150	116	153	97	122	139	117	216	427	295	112	386	23	111	29	72	217	87	374	546	244	236	281	280	47	405	131	64	356	20	31	34	147
511745	Methylacidiphilum (ex Ratnadevi et al. 2023)	genus	4	0	3	2	2	0	6	4	1	1	1	34	1	3	3	14	5	3	4	2	9	3	4	4	7	34	4	59	9	15	1	3	61	33	5	31	19	18	8	6	3	5	4	3	10	14	5	8	18	54	8	13	15	40	13	101	24	8	97	0	21	9	10	75	23	31	239	84	16	86	12	5	55	34	5	30	4	3	4	43
178440	Opitutus	genus	0	0	0	0	0	0	0	0	0	0	0	0	0	0	0	0	0	0	0	0	0	0	0	0	0	0	0	0	0	0	0	0	0	0	0	0	0	0	0	0	0	0	0	0	0	0	0	0	0	0	0	0	0	0	0	0	0	0	0	0	0	0	0	0	0	0	0	0	0	0	0	0	0	0	0	0	0	0	0	0
442430	Coraliomargarita	genus	0	0	0	0	0	0	0	0	0	0	0	0	0	0	0	0	0	0	0	0	0	0	0	0	0	0	0	0	0	0	0	0	0	0	0	0	0	0	0	0	0	0	0	0	0	0	0	0	0	0	0	0	0	0	0	0	0	0	0	0	0	0	0	0	0	0	0	0	0	0	0	0	0	0	0	0	0	0	0	0
118	Planctomyces	genus	0	0	0	0	0	0	0	0	0	0	0	0	0	0	0	0	0	0	0	0	0	0	0	0	0	0	0	0	0	0	0	0	0	0	0	0	0	0	0	0	0	0	0	0	0	0	0	0	0	0	0	0	0	0	0	0	0	0	0	0	0	0	0	0	0	0	0	0	0	0	0	0	0	0	0	0	0	0	0	0
123	Pirellula	genus	0	0	0	0	0	0	0	0	0	0	0	0	0	0	0	0	0	0	0	0	0	0	0	0	0	0	0	0	0	0	0	0	0	0	0	0	0	0	0	0	0	0	0	0	0	0	0	0	0	0	0	0	0	0	0	0	0	0	0	0	0	0	0	0	0	0	0	0	0	0	0	0	0	0	0	0	0	0	0	0
1649490	Rubinisphaera	genus	0	0	0	0	0	0	0	0	0	0	0	0	0	0	0	0	0	0	0	0	0	0	0	0	0	0	0	0	0	0	0	0	0	0	0	0	0	0	0	0	0	0	0	0	0	0	0	0	0	0	0	0	0	0	0	0	0	0	0	0	0	0	0	0	0	0	0	0	0	0	0	0	0	0	0	0	0	0	0	0
265488	Rhodopirellula	genus	0	0	0	0	0	0	0	0	0	0	0	0	0	0	0	0	0	0	0	0	0	0	0	0	0	0	0	0	0	0	0	0	0	0	0	0	0	0	0	0	0	0	0	0	0	0	0	0	0	0	0	0	0	0	0	0	0	0	0	0	0	0	0	0	0	0	0	0	0	0	0	0	0	0	0	0	0	0	0	0
1649480	Planctopirus	genus	0	0	0	0	0	0	0	0	0	0	0	0	0	0	0	0	0	0	0	0	0	0	0	0	0	0	0	0	0	0	0	0	0	0	0	0	0	0	0	0	0	0	0	0	0	0	0	0	0	0	0	0	0	0	0	0	0	0	0	0	0	0	0	0	0	0	0	0	0	0	0	0	0	0	0	0	0	0	0	0
466152	Singulisphaera	genus	0	0	0	0	0	0	0	0	0	0	0	0	0	0	0	0	0	0	0	0	0	0	0	0	0	0	0	0	0	0	0	0	0	0	0	0	0	0	0	0	0	0	0	0	0	0	0	0	0	0	0	0	0	0	0	0	0	0	0	0	0	0	0	0	0	0	0	0	0	0	0	0	0	0	0	0	0	0	0	0
127	Isosphaera	genus	0	0	0	0	0	0	0	0	0	0	0	0	0	0	0	0	0	0	0	0	0	0	0	0	0	0	0	0	0	0	0	0	0	0	0	0	0	0	0	0	0	0	0	0	0	0	0	0	0	0	0	0	0	0	0	0	0	0	0	0	0	0	0	0	0	0	0	0	0	0	0	0	0	0	0	0	0	0	0	0
666508	Phycisphaera	genus	0	0	0	0	0	0	0	0	0	0	0	0	0	0	0	0	0	0	0	0	0	0	0	0	0	0	0	0	0	0	0	0	0	0	0	0	0	0	0	0	0	0	0	0	0	0	0	0	0	0	0	0	0	0	0	0	0	0	0	0	0	0	0	0	0	0	0	0	0	0	0	0	0	0	0	0	0	0	0	0
810	Chlamydia	genus	6	8	8	22	17	3	39	35	30	25	18	33	42	44	71	97	50	57	55	75	48	68	67	113	73	56	90	69	81	130	62	86	103	89	55	100	123	66	67	69	88	71	104	106	138	90	105	116	86	167	87	103	116	196	87	180	251	105	189	104	238	90	266	149	127	168	104	200	155	277	191	44	231	227	63	255	224	101	239	438
83551	Parachlamydia	genus	0	0	0	0	0	0	0	0	0	0	0	0	0	0	0	0	0	0	0	0	0	0	0	0	0	0	0	0	0	0	0	0	0	0	0	0	0	0	0	0	0	0	0	0	0	0	0	0	0	0	0	0	0	0	0	0	0	0	0	0	0	0	0	0	0	0	0	0	0	0	0	0	0	0	0	0	0	0	0	0
71666	Waddlia	genus	0	0	0	0	0	0	0	0	0	0	0	0	0	0	0	0	0	0	0	0	0	0	0	0	0	0	0	0	0	0	0	0	0	0	0	0	0	0	0	0	0	0	0	0	0	0	0	0	0	0	0	0	0	0	0	0	0	0	0	0	0	0	0	0	0	0	0	0	0	0	0	0	0	0	0	0	0	0	0	0
34093	Simkania	genus	0	0	0	0	0	0	0	0	0	0	0	0	0	0	0	0	0	0	0	0	0	0	0	0	0	0	0	0	0	0	0	0	0	0	0	0	0	0	0	0	0	0	0	0	0	0	0	0	0	0	0	0	0	0	0	0	0	0	0	0	0	0	0	0	0	0	0	0	0	0	0	0	0	0	0	0	0	0	0	0
157	Treponema	genus	18	27	21	78	52	6	105	94	61	70	39	54	72	118	87	245	117	122	103	174	159	95	184	159	188	177	115	197	183	156	60	152	327	210	152	219	297	159	176	157	166	229	163	158	345	255	228	197	194	579	188	201	339	1116	224	424	425	346	626	100	613	269	244	460	390	447	353	558	390	635	412	109	393	934	241	516	313	206	205	834
399320	Sphaerochaeta	genus	3	2	3	84	4	2	55	16	5	4	5	11	4	9	8	21	17	7	4	5	22	5	27	28	12	28	9	35	13	22	11	13	73	33	2	57	31	19	51	17	12	22	2	7	31	17	17	15	38	67	15	10	29	96	22	76	37	13	159	1	40	15	22	63	43	44	112	59	30	104	25	13	48	92	22	131	7	7	8	1833
146	Spirochaeta	genus	0	0	0	3	0	0	2	0	0	0	0	0	0	0	0	2	0	0	0	0	0	0	0	1	0	5	0	0	0	0	0	0	1	2	0	1	2	0	4	0	0	0	0	0	0	0	0	0	0	3	0	0	0	2	3	0	1	0	0	0	1	0	0	1	0	2	0	2	0	0	0	0	2	1	1	0	0	0	0	1
1911556	Sediminispirochaeta	genus	0	0	0	0	0	0	0	0	0	0	0	0	0	0	0	0	0	0	0	0	0	0	0	0	0	0	0	0	0	0	0	0	0	0	0	0	0	0	0	0	0	0	0	0	0	0	0	0	0	0	0	0	0	0	0	0	0	0	0	0	0	0	0	0	0	0	0	0	0	0	0	0	0	0	0	0	0	0	0	0
1616789	Salinispira	genus	0	0	0	0	0	0	0	0	0	0	0	0	0	0	0	0	0	0	0	0	0	0	0	0	0	0	0	0	0	0	0	0	0	0	0	0	0	0	0	0	0	0	0	0	0	0	0	0	0	0	0	0	0	0	0	0	0	0	0	0	0	0	0	0	0	0	0	0	0	0	0	0	0	0	0	0	0	0	0	0
64895	Borreliella	genus	62	72	59	73	105	33	116	213	166	198	95	64	201	188	379	199	732	752	226	260	138	227	510	572	527	218	404	178	417	438	200	500	269	245	467	324	598	238	364	282	422	616	446	360	601	293	655	393	390	651	482	2116	509	576	1050	457	809	347	386	536	953	540	1316	898	1309	728	358	435	1146	866	1416	87	869	767	332	1538	1208	497	851	1506
138	Borrelia	genus	27	43	37	80	146	15	146	200	150	124	117	72	247	179	371	270	443	458	300	265	190	234	455	494	470	231	452	178	393	400	287	445	285	224	439	349	428	255	327	286	381	453	541	415	616	350	547	358	350	722	509	1602	554	705	822	430	843	368	258	596	1018	591	1133	819	877	666	329	527	890	1043	1271	131	1083	951	454	1285	1551	526	1091	1648
29521	Brachyspira	genus	35	49	73	84	79	23	125	211	153	157	153	110	132	205	250	245	396	423	245	618	169	213	392	379	490	199	322	239	423	460	207	374	294	236	388	278	549	288	311	283	452	471	423	420	565	318	446	414	397	888	474	1010	478	830	662	360	926	484	545	347	1103	680	757	523	1038	792	376	469	770	1117	1182	87	744	871	564	1279	1286	276	780	1060
171	Leptospira	genus	8	17	11	20	15	8	54	50	37	32	23	41	57	60	56	92	57	69	43	61	52	83	63	88	93	132	80	91	75	105	129	83	267	102	82	124	146	90	78	72	90	89	159	159	103	126	156	89	107	382	171	127	145	350	122	349	187	149	177	204	158	121	182	201	121	193	155	436	193	318	202	54	306	248	226	227	473	172	454	532
338321	Turneriella	genus	0	0	0	0	0	0	0	0	0	0	0	0	0	0	0	0	0	0	0	0	0	0	0	0	0	0	0	0	0	0	0	0	0	0	0	0	0	0	0	0	0	0	0	0	0	0	0	0	0	0	0	0	0	0	0	0	0	0	0	0	0	0	0	0	0	0	0	0	0	0	0	0	0	0	0	0	0	0	0	0
1511648	Defluviitoga	genus	0	0	0	0	0	0	0	0	0	0	0	0	0	0	0	0	0	0	0	0	0	0	0	0	0	0	0	0	0	0	0	0	0	0	0	0	0	0	0	0	0	0	0	0	0	0	0	0	0	0	0	0	0	0	0	0	0	0	0	0	0	0	0	0	0	0	0	0	0	0	0	0	0	0	0	0	0	0	0	0
160798	Marinitoga	genus	0	0	0	0	0	0	0	0	0	0	0	0	0	0	0	0	0	0	0	0	0	0	0	0	0	0	0	0	0	0	0	0	0	0	0	0	0	0	0	0	0	0	0	0	0	0	0	0	0	0	0	0	0	0	0	0	0	0	0	0	0	0	0	0	0	0	0	0	0	0	0	0	0	0	0	0	0	0	0	0
28236	Petrotoga	genus	0	0	0	0	0	0	0	0	0	0	0	0	0	0	0	0	0	0	0	0	0	0	0	0	0	0	0	0	0	0	0	0	0	0	0	0	0	0	0	0	0	0	0	0	0	0	0	0	0	0	0	0	0	0	0	0	0	0	0	0	0	0	0	0	0	0	0	0	0	0	0	0	0	0	0	0	0	0	0	0
2420	Thermosipho	genus	0	1	2	3	1	0	7	0	1	2	3	4	1	3	2	2	18	19	14	3	9	1	6	5	5	11	3	7	5	13	1	9	12	6	8	6	12	4	3	3	7	8	3	6	17	5	9	12	3	16	10	25	18	22	26	13	13	6	7	3	19	9	13	12	33	7	4	12	13	16	7	2	8	1	0	19	5	3	0	6
2422	Fervidobacterium	genus	2	6	4	18	23	3	54	11	9	9	11	11	5	8	7	20	9	24	31	13	28	12	24	24	17	28	7	23	23	12	6	19	29	30	15	48	91	7	16	47	23	37	12	11	22	36	15	52	11	59	12	21	57	52	16	44	156	23	41	14	51	29	41	42	56	57	35	34	23	64	40	9	36	85	20	75	29	17	6	215
2335	Thermotoga	genus	35	39	42	94	48	11	139	145	122	97	70	164	77	167	162	253	181	181	170	242	312	144	229	185	252	301	191	456	300	336	173	230	520	407	257	421	450	244	295	224	291	345	316	397	450	380	348	327	315	987	342	347	488	841	529	958	771	361	1220	189	934	505	356	544	588	572	517	673	516	964	641	190	523	799	410	842	809	240	988	2312
1643951	Pseudothermotoga	genus	19	23	30	43	49	15	79	109	65	82	66	65	106	112	107	110	163	183	186	160	144	143	195	350	193	119	138	144	193	239	92	183	157	170	142	252	264	160	160	167	197	264	205	236	271	215	247	232	166	414	237	459	301	386	266	376	531	211	339	184	509	343	598	416	410	404	235	336	361	534	492	39	372	463	226	533	681	217	571	1559
1184396	Mesotoga	genus	0	0	0	0	0	0	0	0	0	0	0	0	0	0	0	0	0	0	0	0	0	0	0	0	0	0	0	0	0	0	0	0	0	0	0	0	0	0	0	0	0	0	0	0	0	0	0	0	0	0	0	0	0	0	0	0	0	0	0	0	0	0	0	0	0	0	0	0	0	0	0	0	0	0	0	0	0	0	0	0
651456	Kosmotoga	genus	1	2	4	4	2	0	8	5	2	8	1	4	2	3	6	37	7	5	3	4	56	3	13	4	4	8	1	37	4	15	0	9	40	12	8	43	17	22	3	9	3	2	7	6	24	18	8	13	12	15	7	6	16	29	9	51	36	5	170	6	48	7	11	12	47	19	21	24	20	78	7	2	20	29	33	47	8	3	8	77
81461	Thermanaerovibrio	genus	0	0	0	0	0	0	0	0	0	0	0	0	0	0	0	0	0	0	0	0	0	0	0	0	0	0	0	0	0	0	0	0	0	0	0	0	0	0	0	0	0	0	0	0	0	0	0	0	0	0	0	0	0	0	0	0	0	0	0	0	0	0	0	0	0	0	0	0	0	0	0	0	0	0	0	0	0	0	0	0
508459	Cloacibacillus	genus	0	0	0	0	0	0	0	0	0	0	0	0	0	0	0	0	0	0	0	0	0	0	0	0	0	0	0	0	0	0	0	0	0	0	0	0	0	0	0	0	0	0	0	0	0	0	0	0	0	0	0	0	0	0	0	0	0	0	0	0	0	0	0	0	0	0	0	0	0	0	0	0	0	0	0	0	0	0	0	0
336260	Thermovirga	genus	0	0	0	0	0	0	0	0	0	0	0	0	0	0	0	0	0	0	0	0	0	0	0	0	0	0	0	0	0	0	0	0	0	0	0	0	0	0	0	0	0	0	0	0	0	0	0	0	0	0	0	0	0	0	0	0	0	0	0	0	0	0	0	0	0	0	0	0	0	0	0	0	0	0	0	0	0	0	0	0
81466	Aminobacterium	genus	0	0	0	0	0	0	0	0	0	0	0	0	0	0	0	0	0	0	0	0	0	0	0	0	0	0	0	0	0	0	0	0	0	0	0	0	0	0	0	0	0	0	0	0	0	0	0	0	0	0	0	0	0	0	0	0	0	0	0	0	0	0	0	0	0	0	0	0	0	0	0	0	0	0	0	0	0	0	0	0
46613	Acetomicrobium	genus	0	0	0	0	0	0	0	0	0	0	0	0	0	0	0	0	0	0	0	0	0	0	0	0	0	0	0	0	0	0	0	0	0	0	0	0	0	0	0	0	0	0	0	0	0	0	0	0	0	0	0	0	0	0	0	0	0	0	0	0	0	0	0	0	0	0	0	0	0	0	0	0	0	0	0	0	0	0	0	0
940557	Granulicella	genus	1	1	1	0	0	0	3	2	1	4	4	6	4	1	3	11	8	2	5	3	20	1	10	4	6	9	4	33	8	7	1	9	20	18	13	20	8	10	4	1	5	7	1	12	7	10	5	13	6	32	4	3	12	35	11	48	10	10	76	5	30	8	4	35	9	19	30	45	15	34	17	5	23	17	9	16	6	7	2	115
392733	Terriglobus	genus	0	1	0	1	2	0	0	5	0	0	1	5	4	1	2	5	2	2	5	0	3	8	2	2	5	12	4	11	4	0	1	2	9	9	6	11	2	4	4	7	6	4	8	1	3	2	7	4	6	15	5	5	7	21	17	26	5	14	40	2	13	2	4	17	11	12	27	28	12	19	4	4	22	20	4	9	7	3	7	19
33973	Acidobacterium	genus	0	0	0	0	0	0	0	0	0	0	0	0	0	0	0	0	0	0	0	0	0	0	0	0	0	0	0	0	0	0	0	0	0	0	0	0	0	0	0	0	0	0	0	0	0	0	0	0	0	0	0	0	0	0	0	0	0	0	0	0	0	0	0	0	0	0	0	0	0	0	0	0	0	0	0	0	0	0	0	0
458032	Chloracidobacterium	genus	0	0	0	0	0	0	0	0	0	0	0	0	0	0	0	0	0	0	0	0	0	0	0	0	0	0	0	0	0	0	0	0	0	0	0	0	0	0	0	0	0	0	0	0	0	0	0	0	0	0	0	0	0	0	0	0	0	0	0	0	0	0	0	0	0	0	0	0	0	0	0	0	0	0	0	0	0	0	0	0
1234	Nitrospira	genus	1	1	1	10	2	0	46	10	35	12	4	22	13	13	3	20	7	10	10	24	50	17	12	14	15	114	17	63	25	28	4	16	55	53	14	32	32	30	15	14	9	16	180	8	17	24	19	17	31	71	20	78	28	69	16	159	61	48	104	8	12	19	20	584	53	50	62	1098	58	107	30	16	281	23	22	56	15	16	20	22
179	Leptospirillum	genus	19	25	14	27	22	30	60	58	51	53	25	70	46	90	74	156	88	111	83	113	190	85	135	99	98	124	80	229	134	90	26	93	277	219	110	253	173	153	82	95	124	109	115	119	129	212	142	140	129	682	127	162	217	382	246	789	324	175	602	94	359	215	162	253	319	275	280	468	249	522	275	83	253	276	152	351	177	65	184	652
28261	Thermodesulfovibrio	genus	0	0	0	0	0	0	0	0	0	0	0	0	0	0	0	0	0	0	0	0	0	0	0	0	0	0	0	0	0	0	0	0	0	0	0	0	0	0	0	0	0	0	0	0	0	0	0	0	0	0	0	0	0	0	0	0	0	0	0	0	0	0	0	0	0	0	0	0	0	0	0	0	0	0	0	0	0	0	0	0
212790	Sulfurihydrogenibium	genus	2	2	0	0	1	0	1	0	3	4	2	3	4	2	1	4	13	8	3	7	3	1	6	6	5	9	1	9	9	4	2	4	7	10	2	12	15	4	5	4	4	8	2	4	4	9	11	8	8	24	8	32	5	26	22	14	10	12	28	20	14	8	7	24	5	14	10	30	18	35	19	2	10	12	1	18	2	3	8	19
182899	Persephonella	genus	0	0	0	0	0	0	0	0	0	0	0	0	0	0	0	0	0	0	0	0	0	0	0	0	0	0	0	0	0	0	0	0	0	0	0	0	0	0	0	0	0	0	0	0	0	0	0	0	0	0	0	0	0	0	0	0	0	0	0	0	0	0	0	0	0	0	0	0	0	0	0	0	0	0	0	0	0	0	0	0
168657	Hydrogenobaculum	genus	29	24	45	52	95	8	87	161	127	106	82	46	119	140	212	143	280	308	188	511	142	121	374	340	390	175	232	129	322	348	118	314	144	137	252	227	356	205	295	234	378	315	316	310	420	227	317	384	261	570	354	1051	422	472	432	249	696	374	261	388	690	502	858	491	695	638	295	396	613	588	845	79	606	579	209	844	564	246	348	1199
75905	Thermocrinis	genus	0	0	0	1	1	0	3	0	0	0	0	1	1	1	1	4	1	1	1	0	1	0	3	1	1	4	0	0	1	0	0	6	4	4	0	1	12	3	1	0	0	0	0	0	0	2	0	1	4	6	1	1	0	54	6	16	5	2	3	0	4	5	0	1	4	1	0	11	1	5	0	4	7	4	0	0	0	2	0	14
939	Hydrogenobacter	genus	0	0	0	0	0	0	0	0	0	0	0	0	0	0	0	0	0	0	0	0	0	0	0	0	0	0	0	0	0	0	0	0	0	0	0	0	0	0	0	0	0	0	0	0	0	0	0	0	0	0	0	0	0	0	0	0	0	0	0	0	0	0	0	0	0	0	0	0	0	0	0	0	0	0	0	0	0	0	0	0
2713	Aquifex	genus	0	0	0	0	0	0	0	0	0	0	0	0	0	0	0	0	0	0	0	0	0	0	0	0	0	0	0	0	0	0	0	0	0	0	0	0	0	0	0	0	0	0	0	0	0	0	0	0	0	0	0	0	0	0	0	0	0	0	0	0	0	0	0	0	0	0	0	0	0	0	0	0	0	0	0	0	0	0	0	0
412592	Thermosulfidibacter	genus	0	0	0	0	0	0	0	0	0	0	0	0	0	0	0	0	0	0	0	0	0	0	0	0	0	0	0	0	0	0	0	0	0	0	0	0	0	0	0	0	0	0	0	0	0	0	0	0	0	0	0	0	0	0	0	0	0	0	0	0	0	0	0	0	0	0	0	0	0	0	0	0	0	0	0	0	0	0	0	0
64159	Desulfurobacterium	genus	0	0	0	0	0	0	0	0	0	0	0	0	0	0	0	0	0	0	0	0	0	0	0	0	0	0	0	0	0	0	0	0	0	0	0	0	0	0	0	0	0	0	0	0	0	0	0	0	0	0	0	0	0	0	0	0	0	0	0	0	0	0	0	0	0	0	0	0	0	0	0	0	0	0	0	0	0	0	0	0
171868	Thermovibrio	genus	0	0	0	0	0	0	0	0	0	0	0	0	0	0	0	0	0	0	0	0	0	0	0	0	0	0	0	0	0	0	0	0	0	0	0	0	0	0	0	0	0	0	0	0	0	0	0	0	0	0	0	0	0	0	0	0	0	0	0	0	0	0	0	0	0	0	0	0	0	0	0	0	0	0	0	0	0	0	0	0
53572	Deferribacter	genus	0	0	0	0	0	0	0	0	0	0	0	0	0	0	0	0	0	0	0	0	0	0	0	0	0	0	0	0	0	0	0	0	0	0	0	0	0	0	0	0	0	0	0	0	0	0	0	0	0	0	0	0	0	0	0	0	0	0	0	0	0	0	0	0	0	0	0	0	0	0	0	0	0	0	0	0	0	0	0	0
2351	Flexistipes	genus	0	0	0	0	0	0	0	0	0	0	0	0	0	0	0	0	0	0	0	0	0	0	0	0	0	0	0	0	0	0	0	0	0	0	0	0	0	0	0	0	0	0	0	0	0	0	0	0	0	0	0	0	0	0	0	0	0	0	0	0	0	0	0	0	0	0	0	0	0	0	0	0	0	0	0	0	0	0	0	0
545865	Calditerrivibrio	genus	0	0	0	0	0	0	0	0	0	0	0	0	0	0	0	0	0	0	0	0	0	0	0	0	0	0	0	0	0	0	0	0	0	0	0	0	0	0	0	0	0	0	0	0	0	0	0	0	0	0	0	0	0	0	0	0	0	0	0	0	0	0	0	0	0	0	0	0	0	0	0	0	0	0	0	0	0	0	0	0
117999	Denitrovibrio	genus	0	0	0	0	0	0	0	0	0	0	0	0	0	0	0	0	0	0	0	0	0	0	0	0	0	0	0	0	0	0	0	0	0	0	0	0	0	0	0	0	0	0	0	0	0	0	0	0	0	0	0	0	0	0	0	0	0	0	0	0	0	0	0	0	0	0	0	0	0	0	0	0	0	0	0	0	0	0	0	0
1740	Thermodesulfobacterium	genus	0	0	0	0	4	0	2	3	0	6	2	34	1	1	4	1	0	2	1	1	12	0	2	0	1	10	0	6	0	1	0	2	1	4	1	15	4	0	4	1	3	2	2	1	1	2	5	4	1	12	3	4	11	19	1	37	10	1	170	2	8	2	1	10	3	6	13	29	5	27	5	1	12	14	10	7	4	4	0	31
241192	Thermodesulfatator	genus	0	0	0	0	0	0	0	0	0	0	0	0	0	0	0	0	0	0	0	0	0	0	0	0	0	0	0	0	0	0	0	0	0	0	0	0	0	0	0	0	0	0	0	0	0	0	0	0	0	0	0	0	0	0	0	0	0	0	0	0	0	0	0	0	0	0	0	0	0	0	0	0	0	0	0	0	0	0	0	0
444090	Caldimicrobium	genus	0	0	0	0	0	0	0	0	0	0	0	0	0	0	0	0	0	0	0	0	0	0	0	0	0	0	0	0	0	0	0	0	0	0	0	0	0	0	0	0	0	0	0	0	0	0	0	0	0	0	0	0	0	0	0	0	0	0	0	0	0	0	0	0	0	0	0	0	0	0	0	0	0	0	0	0	0	0	0	0
1408194	Endomicrobium	genus	0	0	0	0	0	0	0	0	0	0	0	0	0	0	0	0	0	0	0	0	0	0	0	0	0	0	0	0	0	0	0	0	0	0	0	0	0	0	0	0	0	0	0	0	0	0	0	0	0	0	0	0	0	0	0	0	0	0	0	0	0	0	0	0	0	0	0	0	0	0	0	0	0	0	0	0	0	0	0	0
423604	Elusimicrobium	genus	0	0	0	0	0	0	0	0	0	0	0	0	0	0	0	0	0	0	0	0	0	0	0	0	0	0	0	0	0	0	0	0	0	0	0	0	0	0	0	0	0	0	0	0	0	0	0	0	0	0	0	0	0	0	0	0	0	0	0	0	0	0	0	0	0	0	0	0	0	0	0	0	0	0	0	0	0	0	0	0
13	Dictyoglomus	genus	4	2	3	7	12	3	24	24	15	13	7	20	15	21	30	45	31	21	5	26	45	15	27	14	35	77	22	70	38	44	4	16	142	68	14	75	45	51	22	23	19	50	18	17	29	64	45	28	68	112	24	63	66	253	45	313	135	32	135	13	98	45	33	93	79	82	60	92	48	226	65	22	62	84	35	83	9	12	19	122
393029	Desulfurispirillum	genus	0	0	0	0	0	0	0	0	0	0	0	0	0	0	0	0	0	0	0	0	0	0	0	0	0	0	0	0	0	0	0	0	0	0	0	0	0	0	0	0	0	0	0	0	0	0	0	0	0	0	0	0	0	0	0	0	0	0	0	0	0	0	0	0	0	0	0	0	0	0	0	0	0	0	0	0	0	0	0	0
693074	Caldisericum	genus	0	0	0	0	0	0	0	0	0	0	0	0	0	0	0	0	0	0	0	0	0	0	0	0	0	0	0	0	0	0	0	0	0	0	0	0	0	0	0	0	0	0	0	0	0	0	0	0	0	0	0	0	0	0	0	0	0	0	0	0	0	0	0	0	0	0	0	0	0	0	0	0	0	0	0	0	0	0	0	0
