[33mNextflow 25.10.2 is available - Please consider updating your version to it(B[m

 N E X T F L O W   ~  version 25.04.6

WARN: It appears you have never run this project before -- Option `-resume` is ignored
Launching `/data/ucct/bi/pipelines/nf-core-taxprofiler/nf-core-taxprofiler-1.2.4/main.nf` [stupefied_lovelace] DSL2 - revision: bba6c867d1


------------------------------------------------------
                                        ,--./,-.
        ___     __   __   __   ___     /,-._.--~'
  |\ | |__  __ /  ` /  \ |__) |__         }  {
  | \| |       \__, \__/ |  \ |___     \`-._,-`-,
                                        `._,._,'
  nf-core/taxprofiler 1.2.4
------------------------------------------------------
Input/output options
  input                             : samplesheet.csv
  databases                         : ../../DOC/databasesheet.csv
  outdir                            : ./results
  multiqc_title                     : ERP015409

Preprocessing short-read QC options
  perform_shortread_qc              : true
  shortread_qc_minlength            : 50
  perform_shortread_complexityfilter: true
  shortread_complexityfilter_entropy: 0.5
  save_complexityfiltered_reads     : true

Preprocessing host removal options
  perform_shortread_hostremoval     : true
  hostremoval_reference             : /data/ucct/bi/references/eukaria/homo_sapiens/hg38/NCBI/genome/GCF_000001405.40_GRCh38.p14/GCF_000001405.40_GRCh38.p14_genomic.fna.gz
  shortread_hostremoval_index       : ../../REFERENCES/bowtie2/

Profiling options
  run_diamond                       : true
  kaiju_taxon_rank                  : genus
  ganon_report_rank                 : genus

Postprocessing and visualisation options
  run_profile_standardisation       : true
  run_krona                         : true
  krona_taxonomy_directory          : /data/ucct/bi/research/20250625_TFM_CIBORRA_IC-SM_T/REFERENCES/krona/taxonomy_db
  taxpasta_taxonomy_dir             : ../../REFERENCES/taxdump/2025-09-01_taxdump/
  taxpasta_add_name                 : true
  taxpasta_add_rank                 : true

Generic options
  trace_report_suffix               : 2025-12-13_21-04-49

Core Nextflow options
  runName                           : stupefied_lovelace
  containerEngine                   : singularity
  launchDir                         : /data/ucct/bi/research/20250625_TFM_CIBORRA_IC-SM_T/ANALYSIS/20251213_ANALYSIS21_diamond4
  workDir                           : /data/ucct/bi/research/20250625_TFM_CIBORRA_IC-SM_T/ANALYSIS/20251213_ANALYSIS21_diamond4/work
  projectDir                        : /data/ucct/bi/pipelines/nf-core-taxprofiler/nf-core-taxprofiler-1.2.4
  userName                          : carmen.iborra
  profile                           : singularity
  configFiles                       : /data/ucct/bi/pipelines/nf-core-taxprofiler/nf-core-taxprofiler-1.2.4/nextflow.config, /data/ucct/bi/research/20250625_TFM_CIBORRA_IC-SM_T/ANALYSIS/20251213_ANALYSIS21_diamond4/../../DOC/taxprofiler.config

!! Only displaying parameters that differ from the pipeline defaults !!
------------------------------------------------------
* The pipeline
    https://doi.org/10.1101/2023.10.20.563221

* The nf-core framework
    https://doi.org/10.1038/s41587-020-0439-x

* Software dependencies
    https://github.com/nf-core/taxprofiler/blob/master/CITATIONS.md

WARN: The following invalid input values have been detected:

* --max_cpus: 32
* --max_time: 24.h
* --run_krona_combined: true
* --max_memory: 376 GB


[-        ] NFC…PROFILER:TAXPROFILER:UNTAR -
[-        ] NFC…ROFILER:TAXPROFILER:FASTQC -
[-        ] NFC…ORTREAD_FASTP:FASTP_SINGLE -
[-        ] NFC…ORTREAD_FASTP:FASTP_PAIRED -
[-        ] NFC…ROCESSING:FASTQC_PROCESSED -
[-        ] NFC…EXITYFILTERING:BBMAP_BBDUK -

[-        ] NFC…PROFILER:TAXPROFILER:UNTAR -
[-        ] NFC…ROFILER:TAXPROFILER:FASTQC -
[-        ] NFC…ORTREAD_FASTP:FASTP_SINGLE -
[-        ] NFC…ORTREAD_FASTP:FASTP_PAIRED -
[-        ] NFC…ROCESSING:FASTQC_PROCESSED -
[-        ] NFC…EXITYFILTERING:BBMAP_BBDUK -
[-        ] NFC…_HOSTREMOVAL:BOWTIE2_ALIGN -
[-        ] NFC…HOSTREMOVAL:SAMTOOLS_INDEX -
[-        ] NFC…HOSTREMOVAL:SAMTOOLS_STATS -
[-        ] NFC…R:PROFILING:DIAMOND_BLASTX -
[-        ] NFC…:KRAKENTOOLS_KREPORT2KRONA -
[-        ] NFC…ON_KRONA:KAIJU_KAIJU2KRONA -
[-        ] NFC…ZATION_KRONA:KRONA_CLEANUP -
[-        ] NFC…N_KRONA:KRONA_KTIMPORTTEXT -
[-        ] NFC…KRONA:MEGAN_RMA2INFO_KRONA -
[-        ] NFC…VISUALIZATION_KRONA:GUNZIP -
[-        ] NFC…ONA:KRONA_KTIMPORTTAXONOMY -

[-        ] NFC…PROFILER:TAXPROFILER:UNTAR -
[-        ] NFC…ROFILER:TAXPROFILER:FASTQC -
[-        ] NFC…ORTREAD_FASTP:FASTP_SINGLE -
[-        ] NFC…ORTREAD_FASTP:FASTP_PAIRED -
[-        ] NFC…ROCESSING:FASTQC_PROCESSED -
[-        ] NFC…EXITYFILTERING:BBMAP_BBDUK -
[-        ] NFC…_HOSTREMOVAL:BOWTIE2_ALIGN -
[-        ] NFC…HOSTREMOVAL:SAMTOOLS_INDEX -
[-        ] NFC…HOSTREMOVAL:SAMTOOLS_STATS -
[-        ] NFC…R:PROFILING:DIAMOND_BLASTX -
[-        ] NFC…:KRAKENTOOLS_KREPORT2KRONA -
[-        ] NFC…ON_KRONA:KAIJU_KAIJU2KRONA -
[-        ] NFC…ZATION_KRONA:KRONA_CLEANUP -
[-        ] NFC…N_KRONA:KRONA_KTIMPORTTEXT -
[-        ] NFC…KRONA:MEGAN_RMA2INFO_KRONA -
[-        ] NFC…VISUALIZATION_KRONA:GUNZIP -
[-        ] NFC…ONA:KRONA_KTIMPORTTAXONOMY -
[-        ] NFC…ON_PROFILES:TAXPASTA_MERGE -
[-        ] NFC…FILES:TAXPASTA_STANDARDISE -
[-        ] NFC…CKEN_COMBINEBRACKENOUTPUTS -
Plus 6 more processes waiting for tasks…

[-        ] NFC…PROFILER:TAXPROFILER:UNTAR -
[-        ] NFC…ROFILER:TAXPROFILER:FASTQC -
[-        ] NFC…ORTREAD_FASTP:FASTP_SINGLE -
[-        ] NFC…ORTREAD_FASTP:FASTP_PAIRED -
[-        ] NFC…ROCESSING:FASTQC_PROCESSED -
[-        ] NFC…EXITYFILTERING:BBMAP_BBDUK -
[-        ] NFC…_HOSTREMOVAL:BOWTIE2_ALIGN -
[-        ] NFC…HOSTREMOVAL:SAMTOOLS_INDEX -
[-        ] NFC…HOSTREMOVAL:SAMTOOLS_STATS -
[-        ] NFC…R:PROFILING:DIAMOND_BLASTX -
[-        ] NFC…:KRAKENTOOLS_KREPORT2KRONA -
[-        ] NFC…ON_KRONA:KAIJU_KAIJU2KRONA -
[-        ] NFC…ZATION_KRONA:KRONA_CLEANUP -
[-        ] NFC…N_KRONA:KRONA_KTIMPORTTEXT -
[-        ] NFC…KRONA:MEGAN_RMA2INFO_KRONA -
[-        ] NFC…VISUALIZATION_KRONA:GUNZIP -
[-        ] NFC…ONA:KRONA_KTIMPORTTAXONOMY -
[-        ] NFC…ON_PROFILES:TAXPASTA_MERGE -
[-        ] NFC…FILES:TAXPASTA_STANDARDISE -
[-        ] NFC…CKEN_COMBINEBRACKENOUTPUTS -
Plus 7 more processes waiting for tasks…

executor >  slurm (2)
[-        ] NFC…PROFILER:TAXPROFILER:UNTAR -
[0b/059be7] NFC…AXPROFILER:FASTQC (NLD.43) | 0 of 10
[-        ] NFC…ORTREAD_FASTP:FASTP_SINGLE -
[-        ] NFC…ORTREAD_FASTP:FASTP_PAIRED | 0 of 10
[-        ] NFC…ROCESSING:FASTQC_PROCESSED -
[-        ] NFC…EXITYFILTERING:BBMAP_BBDUK -
[-        ] NFC…_HOSTREMOVAL:BOWTIE2_ALIGN -
[-        ] NFC…HOSTREMOVAL:SAMTOOLS_INDEX -
[-        ] NFC…HOSTREMOVAL:SAMTOOLS_STATS -
[-        ] NFC…R:PROFILING:DIAMOND_BLASTX -
[-        ] NFC…:KRAKENTOOLS_KREPORT2KRONA -
[-        ] NFC…ON_KRONA:KAIJU_KAIJU2KRONA -
[-        ] NFC…ZATION_KRONA:KRONA_CLEANUP -
[-        ] NFC…N_KRONA:KRONA_KTIMPORTTEXT -
[-        ] NFC…KRONA:MEGAN_RMA2INFO_KRONA -
[-        ] NFC…VISUALIZATION_KRONA:GUNZIP -
[-        ] NFC…ONA:KRONA_KTIMPORTTAXONOMY -
[-        ] NFC…ON_PROFILES:TAXPASTA_MERGE -
[-        ] NFC…FILES:TAXPASTA_STANDARDISE -
[-        ] NFC…CKEN_COMBINEBRACKENOUTPUTS -
Plus 7 more processes waiting for tasks…

executor >  slurm (10)
[-        ] NFC…PROFILER:TAXPROFILER:UNTAR -
[ef/2ea16c] NFC…AXPROFILER:FASTQC (POL.36) | 0 of 10
[-        ] NFC…ORTREAD_FASTP:FASTP_SINGLE -
[f1/982368] NFC…ASTP:FASTP_PAIRED (NZL.56) | 0 of 10
[-        ] NFC…ROCESSING:FASTQC_PROCESSED -
[-        ] NFC…EXITYFILTERING:BBMAP_BBDUK -
[-        ] NFC…_HOSTREMOVAL:BOWTIE2_ALIGN -
[-        ] NFC…HOSTREMOVAL:SAMTOOLS_INDEX -
[-        ] NFC…HOSTREMOVAL:SAMTOOLS_STATS -
[-        ] NFC…R:PROFILING:DIAMOND_BLASTX -
[-        ] NFC…:KRAKENTOOLS_KREPORT2KRONA -
[-        ] NFC…ON_KRONA:KAIJU_KAIJU2KRONA -
[-        ] NFC…ZATION_KRONA:KRONA_CLEANUP -
[-        ] NFC…N_KRONA:KRONA_KTIMPORTTEXT -
[-        ] NFC…KRONA:MEGAN_RMA2INFO_KRONA -
[-        ] NFC…VISUALIZATION_KRONA:GUNZIP -
[-        ] NFC…ONA:KRONA_KTIMPORTTAXONOMY -
[-        ] NFC…ON_PROFILES:TAXPASTA_MERGE -
[-        ] NFC…FILES:TAXPASTA_STANDARDISE -
[-        ] NFC…CKEN_COMBINEBRACKENOUTPUTS -
Plus 7 more processes waiting for tasks…

executor >  slurm (19)
[-        ] NFC…PROFILER:TAXPROFILER:UNTAR -
[46/1e5bdc] NFC…AXPROFILER:FASTQC (PER.35) | 0 of 10
[-        ] NFC…ORTREAD_FASTP:FASTP_SINGLE -
[ef/dd1e3f] NFC…ASTP:FASTP_PAIRED (PER.35) | 0 of 10
[-        ] NFC…ROCESSING:FASTQC_PROCESSED -
[-        ] NFC…EXITYFILTERING:BBMAP_BBDUK -
[-        ] NFC…_HOSTREMOVAL:BOWTIE2_ALIGN -
[-        ] NFC…HOSTREMOVAL:SAMTOOLS_INDEX -
[-        ] NFC…HOSTREMOVAL:SAMTOOLS_STATS -
[-        ] NFC…R:PROFILING:DIAMOND_BLASTX -
[-        ] NFC…:KRAKENTOOLS_KREPORT2KRONA -
[-        ] NFC…ON_KRONA:KAIJU_KAIJU2KRONA -
[-        ] NFC…ZATION_KRONA:KRONA_CLEANUP -
[-        ] NFC…N_KRONA:KRONA_KTIMPORTTEXT -
[-        ] NFC…KRONA:MEGAN_RMA2INFO_KRONA -
[-        ] NFC…VISUALIZATION_KRONA:GUNZIP -
[-        ] NFC…ONA:KRONA_KTIMPORTTAXONOMY -
[-        ] NFC…ON_PROFILES:TAXPASTA_MERGE -
[-        ] NFC…FILES:TAXPASTA_STANDARDISE -
[-        ] NFC…CKEN_COMBINEBRACKENOUTPUTS -
Plus 7 more processes waiting for tasks…

executor >  slurm (20)
[-        ] NFC…PROFILER:TAXPROFILER:UNTAR -
[46/1e5bdc] NFC…AXPROFILER:FASTQC (PER.35) | 0 of 10
[-        ] NFC…ORTREAD_FASTP:FASTP_SINGLE -
[9a/865a76] NFC…FASTP:FASTP_PAIRED (SEN.8) | 0 of 10
[-        ] NFC…ROCESSING:FASTQC_PROCESSED -
[-        ] NFC…EXITYFILTERING:BBMAP_BBDUK -
[-        ] NFC…_HOSTREMOVAL:BOWTIE2_ALIGN -
[-        ] NFC…HOSTREMOVAL:SAMTOOLS_INDEX -
[-        ] NFC…HOSTREMOVAL:SAMTOOLS_STATS -
[-        ] NFC…R:PROFILING:DIAMOND_BLASTX -
[-        ] NFC…:KRAKENTOOLS_KREPORT2KRONA -
[-        ] NFC…ON_KRONA:KAIJU_KAIJU2KRONA -
[-        ] NFC…ZATION_KRONA:KRONA_CLEANUP -
[-        ] NFC…N_KRONA:KRONA_KTIMPORTTEXT -
[-        ] NFC…KRONA:MEGAN_RMA2INFO_KRONA -
[-        ] NFC…VISUALIZATION_KRONA:GUNZIP -
[-        ] NFC…ONA:KRONA_KTIMPORTTAXONOMY -
[-        ] NFC…ON_PROFILES:TAXPASTA_MERGE -
[-        ] NFC…FILES:TAXPASTA_STANDARDISE -
[-        ] NFC…CKEN_COMBINEBRACKENOUTPUTS -
Plus 7 more processes waiting for tasks…

executor >  slurm (20)
[-        ] NFC…PROFILER:TAXPROFILER:UNTAR -
[46/1e5bdc] NFC…AXPROFILER:FASTQC (PER.35) | 0 of 10
[-        ] NFC…ORTREAD_FASTP:FASTP_SINGLE -
[9a/865a76] NFC…FASTP:FASTP_PAIRED (SEN.8) | 0 of 10
[-        ] NFC…ROCESSING:FASTQC_PROCESSED -
[-        ] NFC…EXITYFILTERING:BBMAP_BBDUK -
[-        ] NFC…_HOSTREMOVAL:BOWTIE2_ALIGN -
[-        ] NFC…HOSTREMOVAL:SAMTOOLS_INDEX -
[-        ] NFC…HOSTREMOVAL:SAMTOOLS_STATS -
[-        ] NFC…R:PROFILING:DIAMOND_BLASTX -
[-        ] NFC…:KRAKENTOOLS_KREPORT2KRONA -
[-        ] NFC…ON_KRONA:KAIJU_KAIJU2KRONA -
[-        ] NFC…ZATION_KRONA:KRONA_CLEANUP -
[-        ] NFC…N_KRONA:KRONA_KTIMPORTTEXT -
[-        ] NFC…KRONA:MEGAN_RMA2INFO_KRONA -
[-        ] NFC…VISUALIZATION_KRONA:GUNZIP -
[-        ] NFC…ONA:KRONA_KTIMPORTTAXONOMY -
[-        ] NFC…ON_PROFILES:TAXPASTA_MERGE -
[-        ] NFC…FILES:TAXPASTA_STANDARDISE -
[-        ] NFC…CKEN_COMBINEBRACKENOUTPUTS -
Plus 7 more processes waiting for tasks…

executor >  slurm (20)
[-        ] NFC…PROFILER:TAXPROFILER:UNTAR -
[0b/059be7] NFC…AXPROFILER:FASTQC (NLD.43) | 1 of 10
[-        ] NFC…ORTREAD_FASTP:FASTP_SINGLE -
[9a/865a76] NFC…FASTP:FASTP_PAIRED (SEN.8) | 0 of 10
[-        ] NFC…ROCESSING:FASTQC_PROCESSED -
[-        ] NFC…EXITYFILTERING:BBMAP_BBDUK -
[-        ] NFC…_HOSTREMOVAL:BOWTIE2_ALIGN -
[-        ] NFC…HOSTREMOVAL:SAMTOOLS_INDEX -
[-        ] NFC…HOSTREMOVAL:SAMTOOLS_STATS -
[-        ] NFC…R:PROFILING:DIAMOND_BLASTX -
[-        ] NFC…:KRAKENTOOLS_KREPORT2KRONA -
[-        ] NFC…ON_KRONA:KAIJU_KAIJU2KRONA -
[-        ] NFC…ZATION_KRONA:KRONA_CLEANUP -
[-        ] NFC…N_KRONA:KRONA_KTIMPORTTEXT -
[-        ] NFC…KRONA:MEGAN_RMA2INFO_KRONA -
[-        ] NFC…VISUALIZATION_KRONA:GUNZIP -
[-        ] NFC…ONA:KRONA_KTIMPORTTAXONOMY -
[-        ] NFC…ON_PROFILES:TAXPASTA_MERGE -
[-        ] NFC…FILES:TAXPASTA_STANDARDISE -
[-        ] NFC…CKEN_COMBINEBRACKENOUTPUTS -
Plus 7 more processes waiting for tasks…

executor >  slurm (20)
[-        ] NFC…PROFILER:TAXPROFILER:UNTAR -
[0b/059be7] NFC…AXPROFILER:FASTQC (NLD.43) | 1 of 10
[-        ] NFC…ORTREAD_FASTP:FASTP_SINGLE -
[81/fac28e] NFC…ASTP:FASTP_PAIRED (NLD.43) | 1 of 10
[-        ] NFC…ROCESSING:FASTQC_PROCESSED -
[-        ] NFC…EXITYFILTERING:BBMAP_BBDUK -
[-        ] NFC…_HOSTREMOVAL:BOWTIE2_ALIGN -
[-        ] NFC…HOSTREMOVAL:SAMTOOLS_INDEX -
[-        ] NFC…HOSTREMOVAL:SAMTOOLS_STATS -
[-        ] NFC…R:PROFILING:DIAMOND_BLASTX -
[-        ] NFC…:KRAKENTOOLS_KREPORT2KRONA -
[-        ] NFC…ON_KRONA:KAIJU_KAIJU2KRONA -
[-        ] NFC…ZATION_KRONA:KRONA_CLEANUP -
[-        ] NFC…N_KRONA:KRONA_KTIMPORTTEXT -
[-        ] NFC…KRONA:MEGAN_RMA2INFO_KRONA -
[-        ] NFC…VISUALIZATION_KRONA:GUNZIP -
[-        ] NFC…ONA:KRONA_KTIMPORTTAXONOMY -
[-        ] NFC…ON_PROFILES:TAXPASTA_MERGE -
[-        ] NFC…FILES:TAXPASTA_STANDARDISE -
[-        ] NFC…CKEN_COMBINEBRACKENOUTPUTS -
Plus 7 more processes waiting for tasks…

executor >  slurm (22)
[-        ] NFC…PROFILER:TAXPROFILER:UNTAR -
[0b/059be7] NFC…AXPROFILER:FASTQC (NLD.43) | 1 of 10
[-        ] NFC…ORTREAD_FASTP:FASTP_SINGLE -
[81/fac28e] NFC…ASTP:FASTP_PAIRED (NLD.43) | 1 of 10
[aa/67e873] NFC…:FASTQC_PROCESSED (NLD.43) | 0 of 1
[5f/57cd92] NFC…ERING:BBMAP_BBDUK (NLD.43) | 0 of 1
[-        ] NFC…_HOSTREMOVAL:BOWTIE2_ALIGN -
[-        ] NFC…HOSTREMOVAL:SAMTOOLS_INDEX -
[-        ] NFC…HOSTREMOVAL:SAMTOOLS_STATS -
[-        ] NFC…R:PROFILING:DIAMOND_BLASTX -
[-        ] NFC…:KRAKENTOOLS_KREPORT2KRONA -
[-        ] NFC…ON_KRONA:KAIJU_KAIJU2KRONA -
[-        ] NFC…ZATION_KRONA:KRONA_CLEANUP -
[-        ] NFC…N_KRONA:KRONA_KTIMPORTTEXT -
[-        ] NFC…KRONA:MEGAN_RMA2INFO_KRONA -
[-        ] NFC…VISUALIZATION_KRONA:GUNZIP -
[-        ] NFC…ONA:KRONA_KTIMPORTTAXONOMY -
[-        ] NFC…ON_PROFILES:TAXPASTA_MERGE -
[-        ] NFC…FILES:TAXPASTA_STANDARDISE -
[-        ] NFC…CKEN_COMBINEBRACKENOUTPUTS -
Plus 7 more processes waiting for tasks…

executor >  slurm (22)
[-        ] NFC…PROFILER:TAXPROFILER:UNTAR -
[0b/059be7] NFC…AXPROFILER:FASTQC (NLD.43) | 1 of 10
[-        ] NFC…ORTREAD_FASTP:FASTP_SINGLE -
[81/fac28e] NFC…ASTP:FASTP_PAIRED (NLD.43) | 1 of 10
[aa/67e873] NFC…:FASTQC_PROCESSED (NLD.43) | 0 of 1
[5f/57cd92] NFC…ERING:BBMAP_BBDUK (NLD.43) | 0 of 1
[-        ] NFC…_HOSTREMOVAL:BOWTIE2_ALIGN -
[-        ] NFC…HOSTREMOVAL:SAMTOOLS_INDEX -
[-        ] NFC…HOSTREMOVAL:SAMTOOLS_STATS -
[-        ] NFC…R:PROFILING:DIAMOND_BLASTX -
[-        ] NFC…:KRAKENTOOLS_KREPORT2KRONA -
[-        ] NFC…ON_KRONA:KAIJU_KAIJU2KRONA -
[-        ] NFC…ZATION_KRONA:KRONA_CLEANUP -
[-        ] NFC…N_KRONA:KRONA_KTIMPORTTEXT -
[-        ] NFC…KRONA:MEGAN_RMA2INFO_KRONA -
[-        ] NFC…VISUALIZATION_KRONA:GUNZIP -
[-        ] NFC…ONA:KRONA_KTIMPORTTAXONOMY -
[-        ] NFC…ON_PROFILES:TAXPASTA_MERGE -
[-        ] NFC…FILES:TAXPASTA_STANDARDISE -
[-        ] NFC…CKEN_COMBINEBRACKENOUTPUTS -
Plus 7 more processes waiting for tasks…

executor >  slurm (22)
[-        ] NFC…PROFILER:TAXPROFILER:UNTAR -
[0b/059be7] NFC…AXPROFILER:FASTQC (NLD.43) | 1 of 10
[-        ] NFC…ORTREAD_FASTP:FASTP_SINGLE -
[81/fac28e] NFC…ASTP:FASTP_PAIRED (NLD.43) | 1 of 10
[aa/67e873] NFC…:FASTQC_PROCESSED (NLD.43) | 1 of 1
[5f/57cd92] NFC…ERING:BBMAP_BBDUK (NLD.43) | 0 of 1
[-        ] NFC…_HOSTREMOVAL:BOWTIE2_ALIGN -
[-        ] NFC…HOSTREMOVAL:SAMTOOLS_INDEX -
[-        ] NFC…HOSTREMOVAL:SAMTOOLS_STATS -
[-        ] NFC…R:PROFILING:DIAMOND_BLASTX -
[-        ] NFC…:KRAKENTOOLS_KREPORT2KRONA -
[-        ] NFC…ON_KRONA:KAIJU_KAIJU2KRONA -
[-        ] NFC…ZATION_KRONA:KRONA_CLEANUP -
[-        ] NFC…N_KRONA:KRONA_KTIMPORTTEXT -
[-        ] NFC…KRONA:MEGAN_RMA2INFO_KRONA -
[-        ] NFC…VISUALIZATION_KRONA:GUNZIP -
[-        ] NFC…ONA:KRONA_KTIMPORTTAXONOMY -
[-        ] NFC…ON_PROFILES:TAXPASTA_MERGE -
[-        ] NFC…FILES:TAXPASTA_STANDARDISE -
[-        ] NFC…CKEN_COMBINEBRACKENOUTPUTS -
Plus 7 more processes waiting for tasks…

executor >  slurm (23)
[-        ] NFC…PROFILER:TAXPROFILER:UNTAR -
[0b/059be7] NFC…AXPROFILER:FASTQC (NLD.43) | 1 of 10
[-        ] NFC…ORTREAD_FASTP:FASTP_SINGLE -
[2a/73f9f6] NFC…ASTP:FASTP_PAIRED (MYS.54) | 2 of 10
[aa/67e873] NFC…:FASTQC_PROCESSED (NLD.43) | 1 of 2
[5f/57cd92] NFC…ERING:BBMAP_BBDUK (NLD.43) | 1 of 2
[9c/d15030] NFC…VAL:BOWTIE2_ALIGN (NLD.43) | 0 of 1
[-        ] NFC…HOSTREMOVAL:SAMTOOLS_INDEX -
[-        ] NFC…HOSTREMOVAL:SAMTOOLS_STATS -
[-        ] NFC…R:PROFILING:DIAMOND_BLASTX -
[-        ] NFC…:KRAKENTOOLS_KREPORT2KRONA -
[-        ] NFC…ON_KRONA:KAIJU_KAIJU2KRONA -
[-        ] NFC…ZATION_KRONA:KRONA_CLEANUP -
[-        ] NFC…N_KRONA:KRONA_KTIMPORTTEXT -
[-        ] NFC…KRONA:MEGAN_RMA2INFO_KRONA -
[-        ] NFC…VISUALIZATION_KRONA:GUNZIP -
[-        ] NFC…ONA:KRONA_KTIMPORTTAXONOMY -
[-        ] NFC…ON_PROFILES:TAXPASTA_MERGE -
[-        ] NFC…FILES:TAXPASTA_STANDARDISE -
[-        ] NFC…CKEN_COMBINEBRACKENOUTPUTS -
Plus 7 more processes waiting for tasks…

executor >  slurm (25)
[-        ] NFC…PROFILER:TAXPROFILER:UNTAR -
[0b/059be7] NFC…AXPROFILER:FASTQC (NLD.43) | 1 of 10
[-        ] NFC…ORTREAD_FASTP:FASTP_SINGLE -
[2a/73f9f6] NFC…ASTP:FASTP_PAIRED (MYS.54) | 2 of 10
[32/8d495a] NFC…:FASTQC_PROCESSED (MYS.54) | 1 of 2
[aa/f2e6d9] NFC…ERING:BBMAP_BBDUK (MYS.54) | 1 of 2
[9c/d15030] NFC…VAL:BOWTIE2_ALIGN (NLD.43) | 0 of 1
[-        ] NFC…HOSTREMOVAL:SAMTOOLS_INDEX -
[-        ] NFC…HOSTREMOVAL:SAMTOOLS_STATS -
[-        ] NFC…R:PROFILING:DIAMOND_BLASTX -
[-        ] NFC…:KRAKENTOOLS_KREPORT2KRONA -
[-        ] NFC…ON_KRONA:KAIJU_KAIJU2KRONA -
[-        ] NFC…ZATION_KRONA:KRONA_CLEANUP -
[-        ] NFC…N_KRONA:KRONA_KTIMPORTTEXT -
[-        ] NFC…KRONA:MEGAN_RMA2INFO_KRONA -
[-        ] NFC…VISUALIZATION_KRONA:GUNZIP -
[-        ] NFC…ONA:KRONA_KTIMPORTTAXONOMY -
[-        ] NFC…ON_PROFILES:TAXPASTA_MERGE -
[-        ] NFC…FILES:TAXPASTA_STANDARDISE -
[-        ] NFC…CKEN_COMBINEBRACKENOUTPUTS -
Plus 7 more processes waiting for tasks…

executor >  slurm (25)
[-        ] NFC…PROFILER:TAXPROFILER:UNTAR -
[0b/059be7] NFC…AXPROFILER:FASTQC (NLD.43) | 1 of 10
[-        ] NFC…ORTREAD_FASTP:FASTP_SINGLE -
[2a/73f9f6] NFC…ASTP:FASTP_PAIRED (MYS.54) | 2 of 10
[32/8d495a] NFC…:FASTQC_PROCESSED (MYS.54) | 1 of 2
[aa/f2e6d9] NFC…ERING:BBMAP_BBDUK (MYS.54) | 1 of 2
[9c/d15030] NFC…VAL:BOWTIE2_ALIGN (NLD.43) | 0 of 1
[-        ] NFC…HOSTREMOVAL:SAMTOOLS_INDEX -
[-        ] NFC…HOSTREMOVAL:SAMTOOLS_STATS -
[-        ] NFC…R:PROFILING:DIAMOND_BLASTX -
[-        ] NFC…:KRAKENTOOLS_KREPORT2KRONA -
[-        ] NFC…ON_KRONA:KAIJU_KAIJU2KRONA -
[-        ] NFC…ZATION_KRONA:KRONA_CLEANUP -
[-        ] NFC…N_KRONA:KRONA_KTIMPORTTEXT -
[-        ] NFC…KRONA:MEGAN_RMA2INFO_KRONA -
[-        ] NFC…VISUALIZATION_KRONA:GUNZIP -
[-        ] NFC…ONA:KRONA_KTIMPORTTAXONOMY -
[-        ] NFC…ON_PROFILES:TAXPASTA_MERGE -
[-        ] NFC…FILES:TAXPASTA_STANDARDISE -
[-        ] NFC…CKEN_COMBINEBRACKENOUTPUTS -
Plus 7 more processes waiting for tasks…

executor >  slurm (25)
[-        ] NFC…PROFILER:TAXPROFILER:UNTAR -
[ef/2ea16c] NFC…AXPROFILER:FASTQC (POL.36) | 2 of 10
[-        ] NFC…ORTREAD_FASTP:FASTP_SINGLE -
[2a/73f9f6] NFC…ASTP:FASTP_PAIRED (MYS.54) | 2 of 10
[32/8d495a] NFC…:FASTQC_PROCESSED (MYS.54) | 1 of 2
[aa/f2e6d9] NFC…ERING:BBMAP_BBDUK (MYS.54) | 1 of 2
[9c/d15030] NFC…VAL:BOWTIE2_ALIGN (NLD.43) | 0 of 1
[-        ] NFC…HOSTREMOVAL:SAMTOOLS_INDEX -
[-        ] NFC…HOSTREMOVAL:SAMTOOLS_STATS -
[-        ] NFC…R:PROFILING:DIAMOND_BLASTX -
[-        ] NFC…:KRAKENTOOLS_KREPORT2KRONA -
[-        ] NFC…ON_KRONA:KAIJU_KAIJU2KRONA -
[-        ] NFC…ZATION_KRONA:KRONA_CLEANUP -
[-        ] NFC…N_KRONA:KRONA_KTIMPORTTEXT -
[-        ] NFC…KRONA:MEGAN_RMA2INFO_KRONA -
[-        ] NFC…VISUALIZATION_KRONA:GUNZIP -
[-        ] NFC…ONA:KRONA_KTIMPORTTAXONOMY -
[-        ] NFC…ON_PROFILES:TAXPASTA_MERGE -
[-        ] NFC…FILES:TAXPASTA_STANDARDISE -
[-        ] NFC…CKEN_COMBINEBRACKENOUTPUTS -
Plus 7 more processes waiting for tasks…

executor >  slurm (25)
[-        ] NFC…PROFILER:TAXPROFILER:UNTAR -
[71/53b911] NFC…AXPROFILER:FASTQC (NGA.50) | 3 of 10
[-        ] NFC…ORTREAD_FASTP:FASTP_SINGLE -
[2a/73f9f6] NFC…ASTP:FASTP_PAIRED (MYS.54) | 2 of 10
[32/8d495a] NFC…:FASTQC_PROCESSED (MYS.54) | 1 of 2
[aa/f2e6d9] NFC…ERING:BBMAP_BBDUK (MYS.54) | 1 of 2
[9c/d15030] NFC…VAL:BOWTIE2_ALIGN (NLD.43) | 0 of 1
[-        ] NFC…HOSTREMOVAL:SAMTOOLS_INDEX -
[-        ] NFC…HOSTREMOVAL:SAMTOOLS_STATS -
[-        ] NFC…R:PROFILING:DIAMOND_BLASTX -
[-        ] NFC…:KRAKENTOOLS_KREPORT2KRONA -
[-        ] NFC…ON_KRONA:KAIJU_KAIJU2KRONA -
[-        ] NFC…ZATION_KRONA:KRONA_CLEANUP -
[-        ] NFC…N_KRONA:KRONA_KTIMPORTTEXT -
[-        ] NFC…KRONA:MEGAN_RMA2INFO_KRONA -
[-        ] NFC…VISUALIZATION_KRONA:GUNZIP -
[-        ] NFC…ONA:KRONA_KTIMPORTTAXONOMY -
[-        ] NFC…ON_PROFILES:TAXPASTA_MERGE -
[-        ] NFC…FILES:TAXPASTA_STANDARDISE -
[-        ] NFC…CKEN_COMBINEBRACKENOUTPUTS -
Plus 7 more processes waiting for tasks…

executor >  slurm (25)
[-        ] NFC…PROFILER:TAXPROFILER:UNTAR -
[3f/ad734b] NFC…AXPROFILER:FASTQC (MYS.54) | 4 of 10
[-        ] NFC…ORTREAD_FASTP:FASTP_SINGLE -
[2a/73f9f6] NFC…ASTP:FASTP_PAIRED (MYS.54) | 2 of 10
[32/8d495a] NFC…:FASTQC_PROCESSED (MYS.54) | 1 of 2
[aa/f2e6d9] NFC…ERING:BBMAP_BBDUK (MYS.54) | 1 of 2
[9c/d15030] NFC…VAL:BOWTIE2_ALIGN (NLD.43) | 0 of 1
[-        ] NFC…HOSTREMOVAL:SAMTOOLS_INDEX -
[-        ] NFC…HOSTREMOVAL:SAMTOOLS_STATS -
[-        ] NFC…R:PROFILING:DIAMOND_BLASTX -
[-        ] NFC…:KRAKENTOOLS_KREPORT2KRONA -
[-        ] NFC…ON_KRONA:KAIJU_KAIJU2KRONA -
[-        ] NFC…ZATION_KRONA:KRONA_CLEANUP -
[-        ] NFC…N_KRONA:KRONA_KTIMPORTTEXT -
[-        ] NFC…KRONA:MEGAN_RMA2INFO_KRONA -
[-        ] NFC…VISUALIZATION_KRONA:GUNZIP -
[-        ] NFC…ONA:KRONA_KTIMPORTTAXONOMY -
[-        ] NFC…ON_PROFILES:TAXPASTA_MERGE -
[-        ] NFC…FILES:TAXPASTA_STANDARDISE -
[-        ] NFC…CKEN_COMBINEBRACKENOUTPUTS -
Plus 7 more processes waiting for tasks…

executor >  slurm (27)
[-        ] NFC…PROFILER:TAXPROFILER:UNTAR -
[3f/ad734b] NFC…AXPROFILER:FASTQC (MYS.54) | 4 of 10
[-        ] NFC…ORTREAD_FASTP:FASTP_SINGLE -
[75/222045] NFC…ASTP:FASTP_PAIRED (NGA.50) | 3 of 10
[b2/e2726d] NFC…:FASTQC_PROCESSED (NGA.50) | 1 of 3
[17/c9d705] NFC…ERING:BBMAP_BBDUK (NGA.50) | 1 of 3
[9c/d15030] NFC…VAL:BOWTIE2_ALIGN (NLD.43) | 0 of 1
[-        ] NFC…HOSTREMOVAL:SAMTOOLS_INDEX -
[-        ] NFC…HOSTREMOVAL:SAMTOOLS_STATS -
[-        ] NFC…R:PROFILING:DIAMOND_BLASTX -
[-        ] NFC…:KRAKENTOOLS_KREPORT2KRONA -
[-        ] NFC…ON_KRONA:KAIJU_KAIJU2KRONA -
[-        ] NFC…ZATION_KRONA:KRONA_CLEANUP -
[-        ] NFC…N_KRONA:KRONA_KTIMPORTTEXT -
[-        ] NFC…KRONA:MEGAN_RMA2INFO_KRONA -
[-        ] NFC…VISUALIZATION_KRONA:GUNZIP -
[-        ] NFC…ONA:KRONA_KTIMPORTTAXONOMY -
[-        ] NFC…ON_PROFILES:TAXPASTA_MERGE -
[-        ] NFC…FILES:TAXPASTA_STANDARDISE -
[-        ] NFC…CKEN_COMBINEBRACKENOUTPUTS -
Plus 7 more processes waiting for tasks…

executor >  slurm (29)
[-        ] NFC…PROFILER:TAXPROFILER:UNTAR -
[3f/ad734b] NFC…AXPROFILER:FASTQC (MYS.54) | 4 of 10
[-        ] NFC…ORTREAD_FASTP:FASTP_SINGLE -
[2e/826e34] NFC…ASTP:FASTP_PAIRED (POL.36) | 4 of 10
[f8/bb0b92] NFC…:FASTQC_PROCESSED (POL.36) | 1 of 4
[10/0ee145] NFC…ERING:BBMAP_BBDUK (POL.36) | 1 of 4
[9c/d15030] NFC…VAL:BOWTIE2_ALIGN (NLD.43) | 0 of 1
[-        ] NFC…HOSTREMOVAL:SAMTOOLS_INDEX -
[-        ] NFC…HOSTREMOVAL:SAMTOOLS_STATS -
[-        ] NFC…R:PROFILING:DIAMOND_BLASTX -
[-        ] NFC…:KRAKENTOOLS_KREPORT2KRONA -
[-        ] NFC…ON_KRONA:KAIJU_KAIJU2KRONA -
[-        ] NFC…ZATION_KRONA:KRONA_CLEANUP -
[-        ] NFC…N_KRONA:KRONA_KTIMPORTTEXT -
[-        ] NFC…KRONA:MEGAN_RMA2INFO_KRONA -
[-        ] NFC…VISUALIZATION_KRONA:GUNZIP -
[-        ] NFC…ONA:KRONA_KTIMPORTTAXONOMY -
[-        ] NFC…ON_PROFILES:TAXPASTA_MERGE -
[-        ] NFC…FILES:TAXPASTA_STANDARDISE -
[-        ] NFC…CKEN_COMBINEBRACKENOUTPUTS -
Plus 7 more processes waiting for tasks…

executor >  slurm (29)
[-        ] NFC…PROFILER:TAXPROFILER:UNTAR -
[3f/ad734b] NFC…AXPROFILER:FASTQC (MYS.54) | 4 of 10
[-        ] NFC…ORTREAD_FASTP:FASTP_SINGLE -
[2e/826e34] NFC…ASTP:FASTP_PAIRED (POL.36) | 4 of 10
[f8/bb0b92] NFC…:FASTQC_PROCESSED (POL.36) | 1 of 4
[10/0ee145] NFC…ERING:BBMAP_BBDUK (POL.36) | 1 of 4
[9c/d15030] NFC…VAL:BOWTIE2_ALIGN (NLD.43) | 0 of 1
[-        ] NFC…HOSTREMOVAL:SAMTOOLS_INDEX -
[-        ] NFC…HOSTREMOVAL:SAMTOOLS_STATS -
[-        ] NFC…R:PROFILING:DIAMOND_BLASTX -
[-        ] NFC…:KRAKENTOOLS_KREPORT2KRONA -
[-        ] NFC…ON_KRONA:KAIJU_KAIJU2KRONA -
[-        ] NFC…ZATION_KRONA:KRONA_CLEANUP -
[-        ] NFC…N_KRONA:KRONA_KTIMPORTTEXT -
[-        ] NFC…KRONA:MEGAN_RMA2INFO_KRONA -
[-        ] NFC…VISUALIZATION_KRONA:GUNZIP -
[-        ] NFC…ONA:KRONA_KTIMPORTTAXONOMY -
[-        ] NFC…ON_PROFILES:TAXPASTA_MERGE -
[-        ] NFC…FILES:TAXPASTA_STANDARDISE -
[-        ] NFC…CKEN_COMBINEBRACKENOUTPUTS -
Plus 7 more processes waiting for tasks…

executor >  slurm (29)
[-        ] NFC…PROFILER:TAXPROFILER:UNTAR -
[76/8833ce] NFC…AXPROFILER:FASTQC (NOR.34) | 5 of 10
[-        ] NFC…ORTREAD_FASTP:FASTP_SINGLE -
[2e/826e34] NFC…ASTP:FASTP_PAIRED (POL.36) | 4 of 10
[f8/bb0b92] NFC…:FASTQC_PROCESSED (POL.36) | 1 of 4
[10/0ee145] NFC…ERING:BBMAP_BBDUK (POL.36) | 1 of 4
[9c/d15030] NFC…VAL:BOWTIE2_ALIGN (NLD.43) | 0 of 1
[-        ] NFC…HOSTREMOVAL:SAMTOOLS_INDEX -
[-        ] NFC…HOSTREMOVAL:SAMTOOLS_STATS -
[-        ] NFC…R:PROFILING:DIAMOND_BLASTX -
[-        ] NFC…:KRAKENTOOLS_KREPORT2KRONA -
[-        ] NFC…ON_KRONA:KAIJU_KAIJU2KRONA -
[-        ] NFC…ZATION_KRONA:KRONA_CLEANUP -
[-        ] NFC…N_KRONA:KRONA_KTIMPORTTEXT -
[-        ] NFC…KRONA:MEGAN_RMA2INFO_KRONA -
[-        ] NFC…VISUALIZATION_KRONA:GUNZIP -
[-        ] NFC…ONA:KRONA_KTIMPORTTAXONOMY -
[-        ] NFC…ON_PROFILES:TAXPASTA_MERGE -
[-        ] NFC…FILES:TAXPASTA_STANDARDISE -
[-        ] NFC…CKEN_COMBINEBRACKENOUTPUTS -
Plus 7 more processes waiting for tasks…

executor >  slurm (29)
[-        ] NFC…PROFILER:TAXPROFILER:UNTAR -
[76/8833ce] NFC…AXPROFILER:FASTQC (NOR.34) | 5 of 10
[-        ] NFC…ORTREAD_FASTP:FASTP_SINGLE -
[ac/403eb5] NFC…ASTP:FASTP_PAIRED (NOR.34) | 5 of 10
[f8/bb0b92] NFC…:FASTQC_PROCESSED (POL.36) | 1 of 4
[10/0ee145] NFC…ERING:BBMAP_BBDUK (POL.36) | 1 of 5
[9c/d15030] NFC…VAL:BOWTIE2_ALIGN (NLD.43) | 0 of 1
[-        ] NFC…HOSTREMOVAL:SAMTOOLS_INDEX -
[-        ] NFC…HOSTREMOVAL:SAMTOOLS_STATS -
[-        ] NFC…R:PROFILING:DIAMOND_BLASTX -
[-        ] NFC…:KRAKENTOOLS_KREPORT2KRONA -
[-        ] NFC…ON_KRONA:KAIJU_KAIJU2KRONA -
[-        ] NFC…ZATION_KRONA:KRONA_CLEANUP -
[-        ] NFC…N_KRONA:KRONA_KTIMPORTTEXT -
[-        ] NFC…KRONA:MEGAN_RMA2INFO_KRONA -
[-        ] NFC…VISUALIZATION_KRONA:GUNZIP -
[-        ] NFC…ONA:KRONA_KTIMPORTTAXONOMY -
[-        ] NFC…ON_PROFILES:TAXPASTA_MERGE -
[-        ] NFC…FILES:TAXPASTA_STANDARDISE -
[-        ] NFC…CKEN_COMBINEBRACKENOUTPUTS -
Plus 7 more processes waiting for tasks…

executor >  slurm (31)
[-        ] NFC…PROFILER:TAXPROFILER:UNTAR -
[76/8833ce] NFC…AXPROFILER:FASTQC (NOR.34) | 5 of 10
[-        ] NFC…ORTREAD_FASTP:FASTP_SINGLE -
[ac/403eb5] NFC…ASTP:FASTP_PAIRED (NOR.34) | 5 of 10
[14/daad96] NFC…:FASTQC_PROCESSED (NOR.34) | 1 of 5
[42/8668b4] NFC…ERING:BBMAP_BBDUK (NOR.34) | 1 of 5
[9c/d15030] NFC…VAL:BOWTIE2_ALIGN (NLD.43) | 0 of 1
[-        ] NFC…HOSTREMOVAL:SAMTOOLS_INDEX -
[-        ] NFC…HOSTREMOVAL:SAMTOOLS_STATS -
[-        ] NFC…R:PROFILING:DIAMOND_BLASTX -
[-        ] NFC…:KRAKENTOOLS_KREPORT2KRONA -
[-        ] NFC…ON_KRONA:KAIJU_KAIJU2KRONA -
[-        ] NFC…ZATION_KRONA:KRONA_CLEANUP -
[-        ] NFC…N_KRONA:KRONA_KTIMPORTTEXT -
[-        ] NFC…KRONA:MEGAN_RMA2INFO_KRONA -
[-        ] NFC…VISUALIZATION_KRONA:GUNZIP -
[-        ] NFC…ONA:KRONA_KTIMPORTTAXONOMY -
[-        ] NFC…ON_PROFILES:TAXPASTA_MERGE -
[-        ] NFC…FILES:TAXPASTA_STANDARDISE -
[-        ] NFC…CKEN_COMBINEBRACKENOUTPUTS -
Plus 7 more processes waiting for tasks…

executor >  slurm (31)
[-        ] NFC…PROFILER:TAXPROFILER:UNTAR -
[76/8833ce] NFC…AXPROFILER:FASTQC (NOR.34) | 5 of 10
[-        ] NFC…ORTREAD_FASTP:FASTP_SINGLE -
[ac/403eb5] NFC…ASTP:FASTP_PAIRED (NOR.34) | 5 of 10
[14/daad96] NFC…:FASTQC_PROCESSED (NOR.34) | 1 of 5
[42/8668b4] NFC…ERING:BBMAP_BBDUK (NOR.34) | 1 of 5
[9c/d15030] NFC…VAL:BOWTIE2_ALIGN (NLD.43) | 0 of 1
[-        ] NFC…HOSTREMOVAL:SAMTOOLS_INDEX -
[-        ] NFC…HOSTREMOVAL:SAMTOOLS_STATS -
[-        ] NFC…R:PROFILING:DIAMOND_BLASTX -
[-        ] NFC…:KRAKENTOOLS_KREPORT2KRONA -
[-        ] NFC…ON_KRONA:KAIJU_KAIJU2KRONA -
[-        ] NFC…ZATION_KRONA:KRONA_CLEANUP -
[-        ] NFC…N_KRONA:KRONA_KTIMPORTTEXT -
[-        ] NFC…KRONA:MEGAN_RMA2INFO_KRONA -
[-        ] NFC…VISUALIZATION_KRONA:GUNZIP -
[-        ] NFC…ONA:KRONA_KTIMPORTTAXONOMY -
[-        ] NFC…ON_PROFILES:TAXPASTA_MERGE -
[-        ] NFC…FILES:TAXPASTA_STANDARDISE -
[-        ] NFC…CKEN_COMBINEBRACKENOUTPUTS -
Plus 7 more processes waiting for tasks…

executor >  slurm (31)
[-        ] NFC…PROFILER:TAXPROFILER:UNTAR -
[76/8833ce] NFC…AXPROFILER:FASTQC (NOR.34) | 5 of 10
[-        ] NFC…ORTREAD_FASTP:FASTP_SINGLE -
[ac/403eb5] NFC…ASTP:FASTP_PAIRED (NOR.34) | 5 of 10
[32/8d495a] NFC…:FASTQC_PROCESSED (MYS.54) | 2 of 5
[aa/f2e6d9] NFC…ERING:BBMAP_BBDUK (MYS.54) | 2 of 5
[9c/d15030] NFC…VAL:BOWTIE2_ALIGN (NLD.43) | 0 of 1
[-        ] NFC…HOSTREMOVAL:SAMTOOLS_INDEX -
[-        ] NFC…HOSTREMOVAL:SAMTOOLS_STATS -
[-        ] NFC…R:PROFILING:DIAMOND_BLASTX -
[-        ] NFC…:KRAKENTOOLS_KREPORT2KRONA -
[-        ] NFC…ON_KRONA:KAIJU_KAIJU2KRONA -
[-        ] NFC…ZATION_KRONA:KRONA_CLEANUP -
[-        ] NFC…N_KRONA:KRONA_KTIMPORTTEXT -
[-        ] NFC…KRONA:MEGAN_RMA2INFO_KRONA -
[-        ] NFC…VISUALIZATION_KRONA:GUNZIP -
[-        ] NFC…ONA:KRONA_KTIMPORTTAXONOMY -
[-        ] NFC…ON_PROFILES:TAXPASTA_MERGE -
[-        ] NFC…FILES:TAXPASTA_STANDARDISE -
[-        ] NFC…CKEN_COMBINEBRACKENOUTPUTS -
Plus 7 more processes waiting for tasks…

executor >  slurm (32)
[-        ] NFC…PROFILER:TAXPROFILER:UNTAR -
[76/8833ce] NFC…AXPROFILER:FASTQC (NOR.34) | 5 of 10
[-        ] NFC…ORTREAD_FASTP:FASTP_SINGLE -
[ac/403eb5] NFC…ASTP:FASTP_PAIRED (NOR.34) | 5 of 10
[32/8d495a] NFC…:FASTQC_PROCESSED (MYS.54) | 2 of 5
[aa/f2e6d9] NFC…ERING:BBMAP_BBDUK (MYS.54) | 2 of 5
[c4/661162] NFC…VAL:BOWTIE2_ALIGN (MYS.54) | 0 of 2
[-        ] NFC…HOSTREMOVAL:SAMTOOLS_INDEX -
[-        ] NFC…HOSTREMOVAL:SAMTOOLS_STATS -
[-        ] NFC…R:PROFILING:DIAMOND_BLASTX -
[-        ] NFC…:KRAKENTOOLS_KREPORT2KRONA -
[-        ] NFC…ON_KRONA:KAIJU_KAIJU2KRONA -
[-        ] NFC…ZATION_KRONA:KRONA_CLEANUP -
[-        ] NFC…N_KRONA:KRONA_KTIMPORTTEXT -
[-        ] NFC…KRONA:MEGAN_RMA2INFO_KRONA -
[-        ] NFC…VISUALIZATION_KRONA:GUNZIP -
[-        ] NFC…ONA:KRONA_KTIMPORTTAXONOMY -
[-        ] NFC…ON_PROFILES:TAXPASTA_MERGE -
[-        ] NFC…FILES:TAXPASTA_STANDARDISE -
[-        ] NFC…CKEN_COMBINEBRACKENOUTPUTS -
Plus 7 more processes waiting for tasks…

executor >  slurm (32)
[-        ] NFC…PROFILER:TAXPROFILER:UNTAR -
[76/8833ce] NFC…AXPROFILER:FASTQC (NOR.34) | 5 of 10
[-        ] NFC…ORTREAD_FASTP:FASTP_SINGLE -
[ac/403eb5] NFC…ASTP:FASTP_PAIRED (NOR.34) | 5 of 10
[32/8d495a] NFC…:FASTQC_PROCESSED (MYS.54) | 2 of 5
[aa/f2e6d9] NFC…ERING:BBMAP_BBDUK (MYS.54) | 2 of 5
[c4/661162] NFC…VAL:BOWTIE2_ALIGN (MYS.54) | 0 of 2
[-        ] NFC…HOSTREMOVAL:SAMTOOLS_INDEX -
[-        ] NFC…HOSTREMOVAL:SAMTOOLS_STATS -
[-        ] NFC…R:PROFILING:DIAMOND_BLASTX -
[-        ] NFC…:KRAKENTOOLS_KREPORT2KRONA -
[-        ] NFC…ON_KRONA:KAIJU_KAIJU2KRONA -
[-        ] NFC…ZATION_KRONA:KRONA_CLEANUP -
[-        ] NFC…N_KRONA:KRONA_KTIMPORTTEXT -
[-        ] NFC…KRONA:MEGAN_RMA2INFO_KRONA -
[-        ] NFC…VISUALIZATION_KRONA:GUNZIP -
[-        ] NFC…ONA:KRONA_KTIMPORTTAXONOMY -
[-        ] NFC…ON_PROFILES:TAXPASTA_MERGE -
[-        ] NFC…FILES:TAXPASTA_STANDARDISE -
[-        ] NFC…CKEN_COMBINEBRACKENOUTPUTS -
Plus 7 more processes waiting for tasks…

executor >  slurm (32)
[-        ] NFC…PROFILER:TAXPROFILER:UNTAR -
[76/8833ce] NFC…AXPROFILER:FASTQC (NOR.34) | 5 of 10
[-        ] NFC…ORTREAD_FASTP:FASTP_SINGLE -
[ef/dd1e3f] NFC…ASTP:FASTP_PAIRED (PER.35) | 6 of 10
[32/8d495a] NFC…:FASTQC_PROCESSED (MYS.54) | 2 of 5
[aa/f2e6d9] NFC…ERING:BBMAP_BBDUK (MYS.54) | 2 of 5
[c4/661162] NFC…VAL:BOWTIE2_ALIGN (MYS.54) | 0 of 2
[-        ] NFC…HOSTREMOVAL:SAMTOOLS_INDEX -
[-        ] NFC…HOSTREMOVAL:SAMTOOLS_STATS -
[-        ] NFC…R:PROFILING:DIAMOND_BLASTX -
[-        ] NFC…:KRAKENTOOLS_KREPORT2KRONA -
[-        ] NFC…ON_KRONA:KAIJU_KAIJU2KRONA -
[-        ] NFC…ZATION_KRONA:KRONA_CLEANUP -
[-        ] NFC…N_KRONA:KRONA_KTIMPORTTEXT -
[-        ] NFC…KRONA:MEGAN_RMA2INFO_KRONA -
[-        ] NFC…VISUALIZATION_KRONA:GUNZIP -
[-        ] NFC…ONA:KRONA_KTIMPORTTAXONOMY -
[-        ] NFC…ON_PROFILES:TAXPASTA_MERGE -
[-        ] NFC…FILES:TAXPASTA_STANDARDISE -
[-        ] NFC…CKEN_COMBINEBRACKENOUTPUTS -
Plus 7 more processes waiting for tasks…

executor >  slurm (34)
[-        ] NFC…PROFILER:TAXPROFILER:UNTAR -
[76/8833ce] NFC…AXPROFILER:FASTQC (NOR.34) | 5 of 10
[-        ] NFC…ORTREAD_FASTP:FASTP_SINGLE -
[ef/dd1e3f] NFC…ASTP:FASTP_PAIRED (PER.35) | 6 of 10
[6d/d927dc] NFC…:FASTQC_PROCESSED (PER.35) | 2 of 6
[5b/395582] NFC…ERING:BBMAP_BBDUK (PER.35) | 2 of 6
[c4/661162] NFC…VAL:BOWTIE2_ALIGN (MYS.54) | 0 of 2
[-        ] NFC…HOSTREMOVAL:SAMTOOLS_INDEX -
[-        ] NFC…HOSTREMOVAL:SAMTOOLS_STATS -
[-        ] NFC…R:PROFILING:DIAMOND_BLASTX -
[-        ] NFC…:KRAKENTOOLS_KREPORT2KRONA -
[-        ] NFC…ON_KRONA:KAIJU_KAIJU2KRONA -
[-        ] NFC…ZATION_KRONA:KRONA_CLEANUP -
[-        ] NFC…N_KRONA:KRONA_KTIMPORTTEXT -
[-        ] NFC…KRONA:MEGAN_RMA2INFO_KRONA -
[-        ] NFC…VISUALIZATION_KRONA:GUNZIP -
[-        ] NFC…ONA:KRONA_KTIMPORTTAXONOMY -
[-        ] NFC…ON_PROFILES:TAXPASTA_MERGE -
[-        ] NFC…FILES:TAXPASTA_STANDARDISE -
[-        ] NFC…CKEN_COMBINEBRACKENOUTPUTS -
Plus 7 more processes waiting for tasks…

executor >  slurm (34)
[-        ] NFC…PROFILER:TAXPROFILER:UNTAR -
[76/8833ce] NFC…AXPROFILER:FASTQC (NOR.34) | 5 of 10
[-        ] NFC…ORTREAD_FASTP:FASTP_SINGLE -
[ef/dd1e3f] NFC…ASTP:FASTP_PAIRED (PER.35) | 6 of 10
[6d/d927dc] NFC…:FASTQC_PROCESSED (PER.35) | 2 of 6
[5b/395582] NFC…ERING:BBMAP_BBDUK (PER.35) | 2 of 6
[c4/661162] NFC…VAL:BOWTIE2_ALIGN (MYS.54) | 0 of 2
[-        ] NFC…HOSTREMOVAL:SAMTOOLS_INDEX -
[-        ] NFC…HOSTREMOVAL:SAMTOOLS_STATS -
[-        ] NFC…R:PROFILING:DIAMOND_BLASTX -
[-        ] NFC…:KRAKENTOOLS_KREPORT2KRONA -
[-        ] NFC…ON_KRONA:KAIJU_KAIJU2KRONA -
[-        ] NFC…ZATION_KRONA:KRONA_CLEANUP -
[-        ] NFC…N_KRONA:KRONA_KTIMPORTTEXT -
[-        ] NFC…KRONA:MEGAN_RMA2INFO_KRONA -
[-        ] NFC…VISUALIZATION_KRONA:GUNZIP -
[-        ] NFC…ONA:KRONA_KTIMPORTTAXONOMY -
[-        ] NFC…ON_PROFILES:TAXPASTA_MERGE -
[-        ] NFC…FILES:TAXPASTA_STANDARDISE -
[-        ] NFC…CKEN_COMBINEBRACKENOUTPUTS -
Plus 7 more processes waiting for tasks…

executor >  slurm (34)
[-        ] NFC…PROFILER:TAXPROFILER:UNTAR -
[46/1e5bdc] NFC…AXPROFILER:FASTQC (PER.35) | 6 of 10
[-        ] NFC…ORTREAD_FASTP:FASTP_SINGLE -
[ef/dd1e3f] NFC…ASTP:FASTP_PAIRED (PER.35) | 6 of 10
[6d/d927dc] NFC…:FASTQC_PROCESSED (PER.35) | 2 of 6
[5b/395582] NFC…ERING:BBMAP_BBDUK (PER.35) | 2 of 6
[c4/661162] NFC…VAL:BOWTIE2_ALIGN (MYS.54) | 0 of 2
[-        ] NFC…HOSTREMOVAL:SAMTOOLS_INDEX -
[-        ] NFC…HOSTREMOVAL:SAMTOOLS_STATS -
[-        ] NFC…R:PROFILING:DIAMOND_BLASTX -
[-        ] NFC…:KRAKENTOOLS_KREPORT2KRONA -
[-        ] NFC…ON_KRONA:KAIJU_KAIJU2KRONA -
[-        ] NFC…ZATION_KRONA:KRONA_CLEANUP -
[-        ] NFC…N_KRONA:KRONA_KTIMPORTTEXT -
[-        ] NFC…KRONA:MEGAN_RMA2INFO_KRONA -
[-        ] NFC…VISUALIZATION_KRONA:GUNZIP -
[-        ] NFC…ONA:KRONA_KTIMPORTTAXONOMY -
[-        ] NFC…ON_PROFILES:TAXPASTA_MERGE -
[-        ] NFC…FILES:TAXPASTA_STANDARDISE -
[-        ] NFC…CKEN_COMBINEBRACKENOUTPUTS -
Plus 7 more processes waiting for tasks…

executor >  slurm (34)
[-        ] NFC…PROFILER:TAXPROFILER:UNTAR -
[46/1e5bdc] NFC…AXPROFILER:FASTQC (PER.35) | 6 of 10
[-        ] NFC…ORTREAD_FASTP:FASTP_SINGLE -
[ef/dd1e3f] NFC…ASTP:FASTP_PAIRED (PER.35) | 6 of 10
[b2/e2726d] NFC…:FASTQC_PROCESSED (NGA.50) | 3 of 6
[5b/395582] NFC…ERING:BBMAP_BBDUK (PER.35) | 2 of 6
[c4/661162] NFC…VAL:BOWTIE2_ALIGN (MYS.54) | 0 of 2
[-        ] NFC…HOSTREMOVAL:SAMTOOLS_INDEX -
[-        ] NFC…HOSTREMOVAL:SAMTOOLS_STATS -
[-        ] NFC…R:PROFILING:DIAMOND_BLASTX -
[-        ] NFC…:KRAKENTOOLS_KREPORT2KRONA -
[-        ] NFC…ON_KRONA:KAIJU_KAIJU2KRONA -
[-        ] NFC…ZATION_KRONA:KRONA_CLEANUP -
[-        ] NFC…N_KRONA:KRONA_KTIMPORTTEXT -
[-        ] NFC…KRONA:MEGAN_RMA2INFO_KRONA -
[-        ] NFC…VISUALIZATION_KRONA:GUNZIP -
[-        ] NFC…ONA:KRONA_KTIMPORTTAXONOMY -
[-        ] NFC…ON_PROFILES:TAXPASTA_MERGE -
[-        ] NFC…FILES:TAXPASTA_STANDARDISE -
[-        ] NFC…CKEN_COMBINEBRACKENOUTPUTS -
Plus 7 more processes waiting for tasks…

executor >  slurm (35)
[-        ] NFC…PROFILER:TAXPROFILER:UNTAR -
[46/1e5bdc] NFC…AXPROFILER:FASTQC (PER.35) | 6 of 10
[-        ] NFC…ORTREAD_FASTP:FASTP_SINGLE -
[ef/dd1e3f] NFC…ASTP:FASTP_PAIRED (PER.35) | 6 of 10
[b2/e2726d] NFC…:FASTQC_PROCESSED (NGA.50) | 3 of 6
[17/c9d705] NFC…ERING:BBMAP_BBDUK (NGA.50) | 3 of 6
[68/784d48] NFC…VAL:BOWTIE2_ALIGN (NGA.50) | 0 of 3
[-        ] NFC…HOSTREMOVAL:SAMTOOLS_INDEX -
[-        ] NFC…HOSTREMOVAL:SAMTOOLS_STATS -
[-        ] NFC…R:PROFILING:DIAMOND_BLASTX -
[-        ] NFC…:KRAKENTOOLS_KREPORT2KRONA -
[-        ] NFC…ON_KRONA:KAIJU_KAIJU2KRONA -
[-        ] NFC…ZATION_KRONA:KRONA_CLEANUP -
[-        ] NFC…N_KRONA:KRONA_KTIMPORTTEXT -
[-        ] NFC…KRONA:MEGAN_RMA2INFO_KRONA -
[-        ] NFC…VISUALIZATION_KRONA:GUNZIP -
[-        ] NFC…ONA:KRONA_KTIMPORTTAXONOMY -
[-        ] NFC…ON_PROFILES:TAXPASTA_MERGE -
[-        ] NFC…FILES:TAXPASTA_STANDARDISE -
[-        ] NFC…CKEN_COMBINEBRACKENOUTPUTS -
Plus 7 more processes waiting for tasks…

executor >  slurm (35)
[-        ] NFC…PROFILER:TAXPROFILER:UNTAR -
[46/1e5bdc] NFC…AXPROFILER:FASTQC (PER.35) | 6 of 10
[-        ] NFC…ORTREAD_FASTP:FASTP_SINGLE -
[ef/dd1e3f] NFC…ASTP:FASTP_PAIRED (PER.35) | 6 of 10
[f8/bb0b92] NFC…:FASTQC_PROCESSED (POL.36) | 4 of 6
[17/c9d705] NFC…ERING:BBMAP_BBDUK (NGA.50) | 3 of 6
[68/784d48] NFC…VAL:BOWTIE2_ALIGN (NGA.50) | 0 of 3
[-        ] NFC…HOSTREMOVAL:SAMTOOLS_INDEX -
[-        ] NFC…HOSTREMOVAL:SAMTOOLS_STATS -
[-        ] NFC…R:PROFILING:DIAMOND_BLASTX -
[-        ] NFC…:KRAKENTOOLS_KREPORT2KRONA -
[-        ] NFC…ON_KRONA:KAIJU_KAIJU2KRONA -
[-        ] NFC…ZATION_KRONA:KRONA_CLEANUP -
[-        ] NFC…N_KRONA:KRONA_KTIMPORTTEXT -
[-        ] NFC…KRONA:MEGAN_RMA2INFO_KRONA -
[-        ] NFC…VISUALIZATION_KRONA:GUNZIP -
[-        ] NFC…ONA:KRONA_KTIMPORTTAXONOMY -
[-        ] NFC…ON_PROFILES:TAXPASTA_MERGE -
[-        ] NFC…FILES:TAXPASTA_STANDARDISE -
[-        ] NFC…CKEN_COMBINEBRACKENOUTPUTS -
Plus 7 more processes waiting for tasks…

executor >  slurm (35)
[-        ] NFC…PROFILER:TAXPROFILER:UNTAR -
[46/1e5bdc] NFC…AXPROFILER:FASTQC (PER.35) | 6 of 10
[-        ] NFC…ORTREAD_FASTP:FASTP_SINGLE -
[ef/dd1e3f] NFC…ASTP:FASTP_PAIRED (PER.35) | 6 of 10
[f8/bb0b92] NFC…:FASTQC_PROCESSED (POL.36) | 4 of 6
[17/c9d705] NFC…ERING:BBMAP_BBDUK (NGA.50) | 3 of 6
[68/784d48] NFC…VAL:BOWTIE2_ALIGN (NGA.50) | 0 of 3
[-        ] NFC…HOSTREMOVAL:SAMTOOLS_INDEX -
[-        ] NFC…HOSTREMOVAL:SAMTOOLS_STATS -
[-        ] NFC…R:PROFILING:DIAMOND_BLASTX -
[-        ] NFC…:KRAKENTOOLS_KREPORT2KRONA -
[-        ] NFC…ON_KRONA:KAIJU_KAIJU2KRONA -
[-        ] NFC…ZATION_KRONA:KRONA_CLEANUP -
[-        ] NFC…N_KRONA:KRONA_KTIMPORTTEXT -
[-        ] NFC…KRONA:MEGAN_RMA2INFO_KRONA -
[-        ] NFC…VISUALIZATION_KRONA:GUNZIP -
[-        ] NFC…ONA:KRONA_KTIMPORTTAXONOMY -
[-        ] NFC…ON_PROFILES:TAXPASTA_MERGE -
[-        ] NFC…FILES:TAXPASTA_STANDARDISE -
[-        ] NFC…CKEN_COMBINEBRACKENOUTPUTS -
Plus 7 more processes waiting for tasks…

executor >  slurm (36)
[-        ] NFC…PROFILER:TAXPROFILER:UNTAR -
[46/1e5bdc] NFC…AXPROFILER:FASTQC (PER.35) | 6 of 10
[-        ] NFC…ORTREAD_FASTP:FASTP_SINGLE -
[ef/dd1e3f] NFC…ASTP:FASTP_PAIRED (PER.35) | 6 of 10
[f8/bb0b92] NFC…:FASTQC_PROCESSED (POL.36) | 4 of 6
[10/0ee145] NFC…ERING:BBMAP_BBDUK (POL.36) | 4 of 6
[1a/41b1f6] NFC…VAL:BOWTIE2_ALIGN (POL.36) | 0 of 4
[-        ] NFC…HOSTREMOVAL:SAMTOOLS_INDEX -
[-        ] NFC…HOSTREMOVAL:SAMTOOLS_STATS -
[-        ] NFC…R:PROFILING:DIAMOND_BLASTX -
[-        ] NFC…:KRAKENTOOLS_KREPORT2KRONA -
[-        ] NFC…ON_KRONA:KAIJU_KAIJU2KRONA -
[-        ] NFC…ZATION_KRONA:KRONA_CLEANUP -
[-        ] NFC…N_KRONA:KRONA_KTIMPORTTEXT -
[-        ] NFC…KRONA:MEGAN_RMA2INFO_KRONA -
[-        ] NFC…VISUALIZATION_KRONA:GUNZIP -
[-        ] NFC…ONA:KRONA_KTIMPORTTAXONOMY -
[-        ] NFC…ON_PROFILES:TAXPASTA_MERGE -
[-        ] NFC…FILES:TAXPASTA_STANDARDISE -
[-        ] NFC…CKEN_COMBINEBRACKENOUTPUTS -
Plus 7 more processes waiting for tasks…

executor >  slurm (36)
[-        ] NFC…PROFILER:TAXPROFILER:UNTAR -
[46/1e5bdc] NFC…AXPROFILER:FASTQC (PER.35) | 6 of 10
[-        ] NFC…ORTREAD_FASTP:FASTP_SINGLE -
[ef/dd1e3f] NFC…ASTP:FASTP_PAIRED (PER.35) | 6 of 10
[f8/bb0b92] NFC…:FASTQC_PROCESSED (POL.36) | 4 of 6
[10/0ee145] NFC…ERING:BBMAP_BBDUK (POL.36) | 4 of 6
[1a/41b1f6] NFC…VAL:BOWTIE2_ALIGN (POL.36) | 0 of 4
[-        ] NFC…HOSTREMOVAL:SAMTOOLS_INDEX -
[-        ] NFC…HOSTREMOVAL:SAMTOOLS_STATS -
[-        ] NFC…R:PROFILING:DIAMOND_BLASTX -
[-        ] NFC…:KRAKENTOOLS_KREPORT2KRONA -
[-        ] NFC…ON_KRONA:KAIJU_KAIJU2KRONA -
[-        ] NFC…ZATION_KRONA:KRONA_CLEANUP -
[-        ] NFC…N_KRONA:KRONA_KTIMPORTTEXT -
[-        ] NFC…KRONA:MEGAN_RMA2INFO_KRONA -
[-        ] NFC…VISUALIZATION_KRONA:GUNZIP -
[-        ] NFC…ONA:KRONA_KTIMPORTTAXONOMY -
[-        ] NFC…ON_PROFILES:TAXPASTA_MERGE -
[-        ] NFC…FILES:TAXPASTA_STANDARDISE -
[-        ] NFC…CKEN_COMBINEBRACKENOUTPUTS -
Plus 7 more processes waiting for tasks…

executor >  slurm (36)
[-        ] NFC…PROFILER:TAXPROFILER:UNTAR -
[46/1e5bdc] NFC…AXPROFILER:FASTQC (PER.35) | 6 of 10
[-        ] NFC…ORTREAD_FASTP:FASTP_SINGLE -
[ef/dd1e3f] NFC…ASTP:FASTP_PAIRED (PER.35) | 6 of 10
[14/daad96] NFC…:FASTQC_PROCESSED (NOR.34) | 5 of 6
[10/0ee145] NFC…ERING:BBMAP_BBDUK (POL.36) | 4 of 6
[1a/41b1f6] NFC…VAL:BOWTIE2_ALIGN (POL.36) | 0 of 4
[-        ] NFC…HOSTREMOVAL:SAMTOOLS_INDEX -
[-        ] NFC…HOSTREMOVAL:SAMTOOLS_STATS -
[-        ] NFC…R:PROFILING:DIAMOND_BLASTX -
[-        ] NFC…:KRAKENTOOLS_KREPORT2KRONA -
[-        ] NFC…ON_KRONA:KAIJU_KAIJU2KRONA -
[-        ] NFC…ZATION_KRONA:KRONA_CLEANUP -
[-        ] NFC…N_KRONA:KRONA_KTIMPORTTEXT -
[-        ] NFC…KRONA:MEGAN_RMA2INFO_KRONA -
[-        ] NFC…VISUALIZATION_KRONA:GUNZIP -
[-        ] NFC…ONA:KRONA_KTIMPORTTAXONOMY -
[-        ] NFC…ON_PROFILES:TAXPASTA_MERGE -
[-        ] NFC…FILES:TAXPASTA_STANDARDISE -
[-        ] NFC…CKEN_COMBINEBRACKENOUTPUTS -
Plus 7 more processes waiting for tasks…

executor >  slurm (36)
[-        ] NFC…PROFILER:TAXPROFILER:UNTAR -
[46/1e5bdc] NFC…AXPROFILER:FASTQC (PER.35) | 6 of 10
[-        ] NFC…ORTREAD_FASTP:FASTP_SINGLE -
[ef/dd1e3f] NFC…ASTP:FASTP_PAIRED (PER.35) | 6 of 10
[14/daad96] NFC…:FASTQC_PROCESSED (NOR.34) | 5 of 6
[42/8668b4] NFC…ERING:BBMAP_BBDUK (NOR.34) | 5 of 6
[1a/41b1f6] NFC…VAL:BOWTIE2_ALIGN (POL.36) | 0 of 4
[-        ] NFC…HOSTREMOVAL:SAMTOOLS_INDEX -
[-        ] NFC…HOSTREMOVAL:SAMTOOLS_STATS -
[-        ] NFC…R:PROFILING:DIAMOND_BLASTX -
[-        ] NFC…:KRAKENTOOLS_KREPORT2KRONA -
[-        ] NFC…ON_KRONA:KAIJU_KAIJU2KRONA -
[-        ] NFC…ZATION_KRONA:KRONA_CLEANUP -
[-        ] NFC…N_KRONA:KRONA_KTIMPORTTEXT -
[-        ] NFC…KRONA:MEGAN_RMA2INFO_KRONA -
[-        ] NFC…VISUALIZATION_KRONA:GUNZIP -
[-        ] NFC…ONA:KRONA_KTIMPORTTAXONOMY -
[-        ] NFC…ON_PROFILES:TAXPASTA_MERGE -
[-        ] NFC…FILES:TAXPASTA_STANDARDISE -
[-        ] NFC…CKEN_COMBINEBRACKENOUTPUTS -
Plus 7 more processes waiting for tasks…

executor >  slurm (37)
[-        ] NFC…PROFILER:TAXPROFILER:UNTAR -
[46/1e5bdc] NFC…AXPROFILER:FASTQC (PER.35) | 6 of 10
[-        ] NFC…ORTREAD_FASTP:FASTP_SINGLE -
[ef/dd1e3f] NFC…ASTP:FASTP_PAIRED (PER.35) | 6 of 10
[14/daad96] NFC…:FASTQC_PROCESSED (NOR.34) | 5 of 6
[42/8668b4] NFC…ERING:BBMAP_BBDUK (NOR.34) | 5 of 6
[69/877042] NFC…VAL:BOWTIE2_ALIGN (NOR.34) | 0 of 5
[-        ] NFC…HOSTREMOVAL:SAMTOOLS_INDEX -
[-        ] NFC…HOSTREMOVAL:SAMTOOLS_STATS -
[-        ] NFC…R:PROFILING:DIAMOND_BLASTX -
[-        ] NFC…:KRAKENTOOLS_KREPORT2KRONA -
[-        ] NFC…ON_KRONA:KAIJU_KAIJU2KRONA -
[-        ] NFC…ZATION_KRONA:KRONA_CLEANUP -
[-        ] NFC…N_KRONA:KRONA_KTIMPORTTEXT -
[-        ] NFC…KRONA:MEGAN_RMA2INFO_KRONA -
[-        ] NFC…VISUALIZATION_KRONA:GUNZIP -
[-        ] NFC…ONA:KRONA_KTIMPORTTAXONOMY -
[-        ] NFC…ON_PROFILES:TAXPASTA_MERGE -
[-        ] NFC…FILES:TAXPASTA_STANDARDISE -
[-        ] NFC…CKEN_COMBINEBRACKENOUTPUTS -
Plus 7 more processes waiting for tasks…

executor >  slurm (37)
[-        ] NFC…PROFILER:TAXPROFILER:UNTAR -
[46/1e5bdc] NFC…AXPROFILER:FASTQC (PER.35) | 6 of 10
[-        ] NFC…ORTREAD_FASTP:FASTP_SINGLE -
[ef/dd1e3f] NFC…ASTP:FASTP_PAIRED (PER.35) | 6 of 10
[14/daad96] NFC…:FASTQC_PROCESSED (NOR.34) | 5 of 6
[42/8668b4] NFC…ERING:BBMAP_BBDUK (NOR.34) | 5 of 6
[69/877042] NFC…VAL:BOWTIE2_ALIGN (NOR.34) | 0 of 5
[-        ] NFC…HOSTREMOVAL:SAMTOOLS_INDEX -
[-        ] NFC…HOSTREMOVAL:SAMTOOLS_STATS -
[-        ] NFC…R:PROFILING:DIAMOND_BLASTX -
[-        ] NFC…:KRAKENTOOLS_KREPORT2KRONA -
[-        ] NFC…ON_KRONA:KAIJU_KAIJU2KRONA -
[-        ] NFC…ZATION_KRONA:KRONA_CLEANUP -
[-        ] NFC…N_KRONA:KRONA_KTIMPORTTEXT -
[-        ] NFC…KRONA:MEGAN_RMA2INFO_KRONA -
[-        ] NFC…VISUALIZATION_KRONA:GUNZIP -
[-        ] NFC…ONA:KRONA_KTIMPORTTAXONOMY -
[-        ] NFC…ON_PROFILES:TAXPASTA_MERGE -
[-        ] NFC…FILES:TAXPASTA_STANDARDISE -
[-        ] NFC…CKEN_COMBINEBRACKENOUTPUTS -
Plus 7 more processes waiting for tasks…

executor >  slurm (37)
[-        ] NFC…PROFILER:TAXPROFILER:UNTAR -
[49/401046] NFC…TAXPROFILER:FASTQC (SEN.8) | 7 of 10
[-        ] NFC…ORTREAD_FASTP:FASTP_SINGLE -
[ef/dd1e3f] NFC…ASTP:FASTP_PAIRED (PER.35) | 6 of 10
[14/daad96] NFC…:FASTQC_PROCESSED (NOR.34) | 5 of 6
[42/8668b4] NFC…ERING:BBMAP_BBDUK (NOR.34) | 5 of 6
[69/877042] NFC…VAL:BOWTIE2_ALIGN (NOR.34) | 0 of 5
[-        ] NFC…HOSTREMOVAL:SAMTOOLS_INDEX -
[-        ] NFC…HOSTREMOVAL:SAMTOOLS_STATS -
[-        ] NFC…R:PROFILING:DIAMOND_BLASTX -
[-        ] NFC…:KRAKENTOOLS_KREPORT2KRONA -
[-        ] NFC…ON_KRONA:KAIJU_KAIJU2KRONA -
[-        ] NFC…ZATION_KRONA:KRONA_CLEANUP -
[-        ] NFC…N_KRONA:KRONA_KTIMPORTTEXT -
[-        ] NFC…KRONA:MEGAN_RMA2INFO_KRONA -
[-        ] NFC…VISUALIZATION_KRONA:GUNZIP -
[-        ] NFC…ONA:KRONA_KTIMPORTTAXONOMY -
[-        ] NFC…ON_PROFILES:TAXPASTA_MERGE -
[-        ] NFC…FILES:TAXPASTA_STANDARDISE -
[-        ] NFC…CKEN_COMBINEBRACKENOUTPUTS -
Plus 7 more processes waiting for tasks…

executor >  slurm (37)
[-        ] NFC…PROFILER:TAXPROFILER:UNTAR -
[49/401046] NFC…TAXPROFILER:FASTQC (SEN.8) | 7 of 10
[-        ] NFC…ORTREAD_FASTP:FASTP_SINGLE -
[ef/dd1e3f] NFC…ASTP:FASTP_PAIRED (PER.35) | 6 of 10
[6d/d927dc] NFC…:FASTQC_PROCESSED (PER.35) | 6 of 6
[42/8668b4] NFC…ERING:BBMAP_BBDUK (NOR.34) | 5 of 6
[69/877042] NFC…VAL:BOWTIE2_ALIGN (NOR.34) | 0 of 5
[-        ] NFC…HOSTREMOVAL:SAMTOOLS_INDEX -
[-        ] NFC…HOSTREMOVAL:SAMTOOLS_STATS -
[-        ] NFC…R:PROFILING:DIAMOND_BLASTX -
[-        ] NFC…:KRAKENTOOLS_KREPORT2KRONA -
[-        ] NFC…ON_KRONA:KAIJU_KAIJU2KRONA -
[-        ] NFC…ZATION_KRONA:KRONA_CLEANUP -
[-        ] NFC…N_KRONA:KRONA_KTIMPORTTEXT -
[-        ] NFC…KRONA:MEGAN_RMA2INFO_KRONA -
[-        ] NFC…VISUALIZATION_KRONA:GUNZIP -
[-        ] NFC…ONA:KRONA_KTIMPORTTAXONOMY -
[-        ] NFC…ON_PROFILES:TAXPASTA_MERGE -
[-        ] NFC…FILES:TAXPASTA_STANDARDISE -
[-        ] NFC…CKEN_COMBINEBRACKENOUTPUTS -
Plus 7 more processes waiting for tasks…

executor >  slurm (39)
[-        ] NFC…PROFILER:TAXPROFILER:UNTAR -
[49/401046] NFC…TAXPROFILER:FASTQC (SEN.8) | 7 of 10
[-        ] NFC…ORTREAD_FASTP:FASTP_SINGLE -
[22/0d2b97] NFC…ASTP:FASTP_PAIRED (NPL.33) | 7 of 10
[f7/2338bf] NFC…:FASTQC_PROCESSED (NPL.33) | 6 of 7
[d8/2c6e54] NFC…ERING:BBMAP_BBDUK (NPL.33) | 5 of 7
[69/877042] NFC…VAL:BOWTIE2_ALIGN (NOR.34) | 0 of 5
[-        ] NFC…HOSTREMOVAL:SAMTOOLS_INDEX -
[-        ] NFC…HOSTREMOVAL:SAMTOOLS_STATS -
[-        ] NFC…R:PROFILING:DIAMOND_BLASTX -
[-        ] NFC…:KRAKENTOOLS_KREPORT2KRONA -
[-        ] NFC…ON_KRONA:KAIJU_KAIJU2KRONA -
[-        ] NFC…ZATION_KRONA:KRONA_CLEANUP -
[-        ] NFC…N_KRONA:KRONA_KTIMPORTTEXT -
[-        ] NFC…KRONA:MEGAN_RMA2INFO_KRONA -
[-        ] NFC…VISUALIZATION_KRONA:GUNZIP -
[-        ] NFC…ONA:KRONA_KTIMPORTTAXONOMY -
[-        ] NFC…ON_PROFILES:TAXPASTA_MERGE -
[-        ] NFC…FILES:TAXPASTA_STANDARDISE -
[-        ] NFC…CKEN_COMBINEBRACKENOUTPUTS -
Plus 7 more processes waiting for tasks…

executor >  slurm (39)
[-        ] NFC…PROFILER:TAXPROFILER:UNTAR -
[26/306397] NFC…AXPROFILER:FASTQC (NPL.33) | 8 of 10
[-        ] NFC…ORTREAD_FASTP:FASTP_SINGLE -
[22/0d2b97] NFC…ASTP:FASTP_PAIRED (NPL.33) | 7 of 10
[f7/2338bf] NFC…:FASTQC_PROCESSED (NPL.33) | 6 of 7
[d8/2c6e54] NFC…ERING:BBMAP_BBDUK (NPL.33) | 5 of 7
[69/877042] NFC…VAL:BOWTIE2_ALIGN (NOR.34) | 0 of 5
[-        ] NFC…HOSTREMOVAL:SAMTOOLS_INDEX -
[-        ] NFC…HOSTREMOVAL:SAMTOOLS_STATS -
[-        ] NFC…R:PROFILING:DIAMOND_BLASTX -
[-        ] NFC…:KRAKENTOOLS_KREPORT2KRONA -
[-        ] NFC…ON_KRONA:KAIJU_KAIJU2KRONA -
[-        ] NFC…ZATION_KRONA:KRONA_CLEANUP -
[-        ] NFC…N_KRONA:KRONA_KTIMPORTTEXT -
[-        ] NFC…KRONA:MEGAN_RMA2INFO_KRONA -
[-        ] NFC…VISUALIZATION_KRONA:GUNZIP -
[-        ] NFC…ONA:KRONA_KTIMPORTTAXONOMY -
[-        ] NFC…ON_PROFILES:TAXPASTA_MERGE -
[-        ] NFC…FILES:TAXPASTA_STANDARDISE -
[-        ] NFC…CKEN_COMBINEBRACKENOUTPUTS -
Plus 7 more processes waiting for tasks…

executor >  slurm (42)
[-        ] NFC…PROFILER:TAXPROFILER:UNTAR -
[e2/927cd4] NFC…TAXPROFILER:FASTQC (PAK.7) | 9 of 10
[-        ] NFC…ORTREAD_FASTP:FASTP_SINGLE -
[f5/4973ab] NFC…FASTP:FASTP_PAIRED (PAK.7) | 8 of 10
[99/a315be] NFC…G:FASTQC_PROCESSED (PAK.7) | 6 of 9
[a0/4c3ee6] NFC…TERING:BBMAP_BBDUK (SEN.8) | 6 of 9
[69/877042] NFC…VAL:BOWTIE2_ALIGN (NOR.34) | 0 of 6
[-        ] NFC…HOSTREMOVAL:SAMTOOLS_INDEX -
[-        ] NFC…HOSTREMOVAL:SAMTOOLS_STATS -
[-        ] NFC…R:PROFILING:DIAMOND_BLASTX -
[-        ] NFC…:KRAKENTOOLS_KREPORT2KRONA -
[-        ] NFC…ON_KRONA:KAIJU_KAIJU2KRONA -
[-        ] NFC…ZATION_KRONA:KRONA_CLEANUP -
[-        ] NFC…N_KRONA:KRONA_KTIMPORTTEXT -
[-        ] NFC…KRONA:MEGAN_RMA2INFO_KRONA -
[-        ] NFC…VISUALIZATION_KRONA:GUNZIP -
[-        ] NFC…ONA:KRONA_KTIMPORTTAXONOMY -
[-        ] NFC…ON_PROFILES:TAXPASTA_MERGE -
[-        ] NFC…FILES:TAXPASTA_STANDARDISE -
[-        ] NFC…CKEN_COMBINEBRACKENOUTPUTS -
Plus 7 more processes waiting for tasks…

executor >  slurm (44)
[-        ] NFC…PROFILER:TAXPROFILER:UNTAR -
[e2/927cd4] NFC…TAXPROFILER:FASTQC (PAK.7) | 9 of 10
[-        ] NFC…ORTREAD_FASTP:FASTP_SINGLE -
[9a/865a76] NFC…FASTP:FASTP_PAIRED (SEN.8) | 9 of 10
[b9/b2e42f] NFC…G:FASTQC_PROCESSED (SEN.8) | 6 of 9
[a0/4c3ee6] NFC…TERING:BBMAP_BBDUK (SEN.8) | 6 of 9
[a7/de4489] NFC…VAL:BOWTIE2_ALIGN (PER.35) | 0 of 6
[-        ] NFC…HOSTREMOVAL:SAMTOOLS_INDEX -
[-        ] NFC…HOSTREMOVAL:SAMTOOLS_STATS -
[-        ] NFC…R:PROFILING:DIAMOND_BLASTX -
[-        ] NFC…:KRAKENTOOLS_KREPORT2KRONA -
[-        ] NFC…ON_KRONA:KAIJU_KAIJU2KRONA -
[-        ] NFC…ZATION_KRONA:KRONA_CLEANUP -
[-        ] NFC…N_KRONA:KRONA_KTIMPORTTEXT -
[-        ] NFC…KRONA:MEGAN_RMA2INFO_KRONA -
[-        ] NFC…VISUALIZATION_KRONA:GUNZIP -
[-        ] NFC…ONA:KRONA_KTIMPORTTAXONOMY -
[-        ] NFC…ON_PROFILES:TAXPASTA_MERGE -
[-        ] NFC…FILES:TAXPASTA_STANDARDISE -
[-        ] NFC…CKEN_COMBINEBRACKENOUTPUTS -
Plus 7 more processes waiting for tasks…

executor >  slurm (44)
[-        ] NFC…PROFILER:TAXPROFILER:UNTAR -
[e2/927cd4] NFC…TAXPROFILER:FASTQC (PAK.7) | 9 of 10
[-        ] NFC…ORTREAD_FASTP:FASTP_SINGLE -
[9a/865a76] NFC…FASTP:FASTP_PAIRED (SEN.8) | 9 of 10
[b9/b2e42f] NFC…G:FASTQC_PROCESSED (SEN.8) | 6 of 9
[a0/4c3ee6] NFC…TERING:BBMAP_BBDUK (SEN.8) | 6 of 9
[a7/de4489] NFC…VAL:BOWTIE2_ALIGN (PER.35) | 0 of 6
[-        ] NFC…HOSTREMOVAL:SAMTOOLS_INDEX -
[-        ] NFC…HOSTREMOVAL:SAMTOOLS_STATS -
[-        ] NFC…R:PROFILING:DIAMOND_BLASTX -
[-        ] NFC…:KRAKENTOOLS_KREPORT2KRONA -
[-        ] NFC…ON_KRONA:KAIJU_KAIJU2KRONA -
[-        ] NFC…ZATION_KRONA:KRONA_CLEANUP -
[-        ] NFC…N_KRONA:KRONA_KTIMPORTTEXT -
[-        ] NFC…KRONA:MEGAN_RMA2INFO_KRONA -
[-        ] NFC…VISUALIZATION_KRONA:GUNZIP -
[-        ] NFC…ONA:KRONA_KTIMPORTTAXONOMY -
[-        ] NFC…ON_PROFILES:TAXPASTA_MERGE -
[-        ] NFC…FILES:TAXPASTA_STANDARDISE -
[-        ] NFC…CKEN_COMBINEBRACKENOUTPUTS -
Plus 7 more processes waiting for tasks…

executor >  slurm (45)
[-        ] NFC…PROFILER:TAXPROFILER:UNTAR -
[e2/927cd4] NFC…TAXPROFILER:FASTQC (PAK.7) | 9 of 10
[-        ] NFC…ORTREAD_FASTP:FASTP_SINGLE -
[9a/865a76] NFC…FASTP:FASTP_PAIRED (SEN.8) | 9 of 10
[b9/b2e42f] NFC…G:FASTQC_PROCESSED (SEN.8) | 6 of 9
[d8/2c6e54] NFC…ERING:BBMAP_BBDUK (NPL.33) | 7 of 9
[12/f4ce1f] NFC…VAL:BOWTIE2_ALIGN (NPL.33) | 0 of 7
[-        ] NFC…HOSTREMOVAL:SAMTOOLS_INDEX -
[-        ] NFC…HOSTREMOVAL:SAMTOOLS_STATS -
[-        ] NFC…R:PROFILING:DIAMOND_BLASTX -
[-        ] NFC…:KRAKENTOOLS_KREPORT2KRONA -
[-        ] NFC…ON_KRONA:KAIJU_KAIJU2KRONA -
[-        ] NFC…ZATION_KRONA:KRONA_CLEANUP -
[-        ] NFC…N_KRONA:KRONA_KTIMPORTTEXT -
[-        ] NFC…KRONA:MEGAN_RMA2INFO_KRONA -
[-        ] NFC…VISUALIZATION_KRONA:GUNZIP -
[-        ] NFC…ONA:KRONA_KTIMPORTTAXONOMY -
[-        ] NFC…ON_PROFILES:TAXPASTA_MERGE -
[-        ] NFC…FILES:TAXPASTA_STANDARDISE -
[-        ] NFC…CKEN_COMBINEBRACKENOUTPUTS -
Plus 7 more processes waiting for tasks…

executor >  slurm (45)
[-        ] NFC…PROFILER:TAXPROFILER:UNTAR -
[e2/927cd4] NFC…TAXPROFILER:FASTQC (PAK.7) | 9 of 10
[-        ] NFC…ORTREAD_FASTP:FASTP_SINGLE -
[9a/865a76] NFC…FASTP:FASTP_PAIRED (SEN.8) | 9 of 10
[b9/b2e42f] NFC…G:FASTQC_PROCESSED (SEN.8) | 6 of 9
[d8/2c6e54] NFC…ERING:BBMAP_BBDUK (NPL.33) | 7 of 9
[12/f4ce1f] NFC…VAL:BOWTIE2_ALIGN (NPL.33) | 0 of 7
[-        ] NFC…HOSTREMOVAL:SAMTOOLS_INDEX -
[-        ] NFC…HOSTREMOVAL:SAMTOOLS_STATS -
[-        ] NFC…R:PROFILING:DIAMOND_BLASTX -
[-        ] NFC…:KRAKENTOOLS_KREPORT2KRONA -
[-        ] NFC…ON_KRONA:KAIJU_KAIJU2KRONA -
[-        ] NFC…ZATION_KRONA:KRONA_CLEANUP -
[-        ] NFC…N_KRONA:KRONA_KTIMPORTTEXT -
[-        ] NFC…KRONA:MEGAN_RMA2INFO_KRONA -
[-        ] NFC…VISUALIZATION_KRONA:GUNZIP -
[-        ] NFC…ONA:KRONA_KTIMPORTTAXONOMY -
[-        ] NFC…ON_PROFILES:TAXPASTA_MERGE -
[-        ] NFC…FILES:TAXPASTA_STANDARDISE -
[-        ] NFC…CKEN_COMBINEBRACKENOUTPUTS -
Plus 7 more processes waiting for tasks…

executor >  slurm (45)
[-        ] NFC…PROFILER:TAXPROFILER:UNTAR -
[e2/927cd4] NFC…TAXPROFILER:FASTQC (PAK.7) | 9 of 10
[-        ] NFC…ORTREAD_FASTP:FASTP_SINGLE -
[9a/865a76] NFC…FASTP:FASTP_PAIRED (SEN.8) | 9 of 10
[f7/2338bf] NFC…:FASTQC_PROCESSED (NPL.33) | 7 of 9
[d8/2c6e54] NFC…ERING:BBMAP_BBDUK (NPL.33) | 7 of 9
[12/f4ce1f] NFC…VAL:BOWTIE2_ALIGN (NPL.33) | 0 of 7
[-        ] NFC…HOSTREMOVAL:SAMTOOLS_INDEX -
[-        ] NFC…HOSTREMOVAL:SAMTOOLS_STATS -
[-        ] NFC…R:PROFILING:DIAMOND_BLASTX -
[-        ] NFC…:KRAKENTOOLS_KREPORT2KRONA -
[-        ] NFC…ON_KRONA:KAIJU_KAIJU2KRONA -
[-        ] NFC…ZATION_KRONA:KRONA_CLEANUP -
[-        ] NFC…N_KRONA:KRONA_KTIMPORTTEXT -
[-        ] NFC…KRONA:MEGAN_RMA2INFO_KRONA -
[-        ] NFC…VISUALIZATION_KRONA:GUNZIP -
[-        ] NFC…ONA:KRONA_KTIMPORTTAXONOMY -
[-        ] NFC…ON_PROFILES:TAXPASTA_MERGE -
[-        ] NFC…FILES:TAXPASTA_STANDARDISE -
[-        ] NFC…CKEN_COMBINEBRACKENOUTPUTS -
Plus 7 more processes waiting for tasks…

executor >  slurm (45)
[-        ] NFC…PROFILER:TAXPROFILER:UNTAR -
[e2/927cd4] NFC…TAXPROFILER:FASTQC (PAK.7) | 9 of 10
[-        ] NFC…ORTREAD_FASTP:FASTP_SINGLE -
[9a/865a76] NFC…FASTP:FASTP_PAIRED (SEN.8) | 9 of 10 ✔
[f7/2338bf] NFC…:FASTQC_PROCESSED (NPL.33) | 7 of 9
[d8/2c6e54] NFC…ERING:BBMAP_BBDUK (NPL.33) | 7 of 9
[12/f4ce1f] NFC…VAL:BOWTIE2_ALIGN (NPL.33) | 0 of 7
[-        ] NFC…HOSTREMOVAL:SAMTOOLS_INDEX -
[-        ] NFC…HOSTREMOVAL:SAMTOOLS_STATS -
[-        ] NFC…R:PROFILING:DIAMOND_BLASTX -
[-        ] NFC…:KRAKENTOOLS_KREPORT2KRONA -
[-        ] NFC…ON_KRONA:KAIJU_KAIJU2KRONA -
[-        ] NFC…ZATION_KRONA:KRONA_CLEANUP -
[-        ] NFC…N_KRONA:KRONA_KTIMPORTTEXT -
[-        ] NFC…KRONA:MEGAN_RMA2INFO_KRONA -
[-        ] NFC…VISUALIZATION_KRONA:GUNZIP -
[-        ] NFC…ONA:KRONA_KTIMPORTTAXONOMY -
[-        ] NFC…ON_PROFILES:TAXPASTA_MERGE -
[-        ] NFC…FILES:TAXPASTA_STANDARDISE -
[-        ] NFC…CKEN_COMBINEBRACKENOUTPUTS -
Plus 7 more processes waiting for tasks…

executor >  slurm (47)
[-        ] NFC…PROFILER:TAXPROFILER:UNTAR -
[e2/927cd4] NFC…TAXPROFILER:FASTQC (PAK.7) | 9 of 10 ✔
[-        ] NFC…ORTREAD_FASTP:FASTP_SINGLE -
[f1/982368] NFC…ASTP:FASTP_PAIRED (NZL.56) | 10 of 10 ✔
[92/dee0dc] NFC…:FASTQC_PROCESSED (NZL.56) | 7 of 10
[51/aab3f4] NFC…ERING:BBMAP_BBDUK (NZL.56) | 7 of 10
[12/f4ce1f] NFC…VAL:BOWTIE2_ALIGN (NPL.33) | 0 of 7
[-        ] NFC…HOSTREMOVAL:SAMTOOLS_INDEX -
[-        ] NFC…HOSTREMOVAL:SAMTOOLS_STATS -
[-        ] NFC…R:PROFILING:DIAMOND_BLASTX -
[-        ] NFC…:KRAKENTOOLS_KREPORT2KRONA -
[-        ] NFC…ON_KRONA:KAIJU_KAIJU2KRONA -
[-        ] NFC…ZATION_KRONA:KRONA_CLEANUP -
[-        ] NFC…N_KRONA:KRONA_KTIMPORTTEXT -
[-        ] NFC…KRONA:MEGAN_RMA2INFO_KRONA -
[-        ] NFC…VISUALIZATION_KRONA:GUNZIP -
[-        ] NFC…ONA:KRONA_KTIMPORTTAXONOMY -
[-        ] NFC…ON_PROFILES:TAXPASTA_MERGE -
[-        ] NFC…FILES:TAXPASTA_STANDARDISE -
[-        ] NFC…CKEN_COMBINEBRACKENOUTPUTS -
Plus 7 more processes waiting for tasks…

executor >  slurm (47)
[-        ] NFC…PROFILER:TAXPROFILER:UNTAR -
[c0/4b443c] NFC…AXPROFILER:FASTQC (NZL.56) | 10 of 10 ✔
[-        ] NFC…ORTREAD_FASTP:FASTP_SINGLE -
[f1/982368] NFC…ASTP:FASTP_PAIRED (NZL.56) | 10 of 10 ✔
[92/dee0dc] NFC…:FASTQC_PROCESSED (NZL.56) | 7 of 10
[51/aab3f4] NFC…ERING:BBMAP_BBDUK (NZL.56) | 7 of 10
[12/f4ce1f] NFC…VAL:BOWTIE2_ALIGN (NPL.33) | 0 of 7
[-        ] NFC…HOSTREMOVAL:SAMTOOLS_INDEX -
[-        ] NFC…HOSTREMOVAL:SAMTOOLS_STATS -
[-        ] NFC…R:PROFILING:DIAMOND_BLASTX -
[-        ] NFC…:KRAKENTOOLS_KREPORT2KRONA -
[-        ] NFC…ON_KRONA:KAIJU_KAIJU2KRONA -
[-        ] NFC…ZATION_KRONA:KRONA_CLEANUP -
[-        ] NFC…N_KRONA:KRONA_KTIMPORTTEXT -
[-        ] NFC…KRONA:MEGAN_RMA2INFO_KRONA -
[-        ] NFC…VISUALIZATION_KRONA:GUNZIP -
[-        ] NFC…ONA:KRONA_KTIMPORTTAXONOMY -
[-        ] NFC…ON_PROFILES:TAXPASTA_MERGE -
[-        ] NFC…FILES:TAXPASTA_STANDARDISE -
[-        ] NFC…CKEN_COMBINEBRACKENOUTPUTS -
Plus 7 more processes waiting for tasks…

executor >  slurm (47)
[-        ] NFC…PROFILER:TAXPROFILER:UNTAR -
[c0/4b443c] NFC…AXPROFILER:FASTQC (NZL.56) | 10 of 10 ✔
[-        ] NFC…ORTREAD_FASTP:FASTP_SINGLE -
[f1/982368] NFC…ASTP:FASTP_PAIRED (NZL.56) | 10 of 10 ✔
[92/dee0dc] NFC…:FASTQC_PROCESSED (NZL.56) | 7 of 10
[16/5c0ca7] NFC…TERING:BBMAP_BBDUK (PAK.7) | 8 of 10
[12/f4ce1f] NFC…VAL:BOWTIE2_ALIGN (NPL.33) | 0 of 8
[-        ] NFC…HOSTREMOVAL:SAMTOOLS_INDEX -
[-        ] NFC…HOSTREMOVAL:SAMTOOLS_STATS -
[-        ] NFC…R:PROFILING:DIAMOND_BLASTX -
[-        ] NFC…:KRAKENTOOLS_KREPORT2KRONA -
[-        ] NFC…ON_KRONA:KAIJU_KAIJU2KRONA -
[-        ] NFC…ZATION_KRONA:KRONA_CLEANUP -
[-        ] NFC…N_KRONA:KRONA_KTIMPORTTEXT -
[-        ] NFC…KRONA:MEGAN_RMA2INFO_KRONA -
[-        ] NFC…VISUALIZATION_KRONA:GUNZIP -
[-        ] NFC…ONA:KRONA_KTIMPORTTAXONOMY -
[-        ] NFC…ON_PROFILES:TAXPASTA_MERGE -
[-        ] NFC…FILES:TAXPASTA_STANDARDISE -
[-        ] NFC…CKEN_COMBINEBRACKENOUTPUTS -
Plus 7 more processes waiting for tasks…

executor >  slurm (48)
[-        ] NFC…PROFILER:TAXPROFILER:UNTAR -
[c0/4b443c] NFC…AXPROFILER:FASTQC (NZL.56) | 10 of 10 ✔
[-        ] NFC…ORTREAD_FASTP:FASTP_SINGLE -
[f1/982368] NFC…ASTP:FASTP_PAIRED (NZL.56) | 10 of 10 ✔
[92/dee0dc] NFC…:FASTQC_PROCESSED (NZL.56) | 7 of 10
[16/5c0ca7] NFC…TERING:BBMAP_BBDUK (PAK.7) | 8 of 10
[44/de7e8f] NFC…OVAL:BOWTIE2_ALIGN (PAK.7) | 0 of 8
[-        ] NFC…HOSTREMOVAL:SAMTOOLS_INDEX -
[-        ] NFC…HOSTREMOVAL:SAMTOOLS_STATS -
[-        ] NFC…R:PROFILING:DIAMOND_BLASTX -
[-        ] NFC…:KRAKENTOOLS_KREPORT2KRONA -
[-        ] NFC…ON_KRONA:KAIJU_KAIJU2KRONA -
[-        ] NFC…ZATION_KRONA:KRONA_CLEANUP -
[-        ] NFC…N_KRONA:KRONA_KTIMPORTTEXT -
[-        ] NFC…KRONA:MEGAN_RMA2INFO_KRONA -
[-        ] NFC…VISUALIZATION_KRONA:GUNZIP -
[-        ] NFC…ONA:KRONA_KTIMPORTTAXONOMY -
[-        ] NFC…ON_PROFILES:TAXPASTA_MERGE -
[-        ] NFC…FILES:TAXPASTA_STANDARDISE -
[-        ] NFC…CKEN_COMBINEBRACKENOUTPUTS -
Plus 7 more processes waiting for tasks…

executor >  slurm (48)
[-        ] NFC…PROFILER:TAXPROFILER:UNTAR -
[c0/4b443c] NFC…AXPROFILER:FASTQC (NZL.56) | 10 of 10 ✔
[-        ] NFC…ORTREAD_FASTP:FASTP_SINGLE -
[f1/982368] NFC…ASTP:FASTP_PAIRED (NZL.56) | 10 of 10 ✔
[92/dee0dc] NFC…:FASTQC_PROCESSED (NZL.56) | 7 of 10
[16/5c0ca7] NFC…TERING:BBMAP_BBDUK (PAK.7) | 8 of 10
[44/de7e8f] NFC…OVAL:BOWTIE2_ALIGN (PAK.7) | 0 of 8
[-        ] NFC…HOSTREMOVAL:SAMTOOLS_INDEX -
[-        ] NFC…HOSTREMOVAL:SAMTOOLS_STATS -
[-        ] NFC…R:PROFILING:DIAMOND_BLASTX -
[-        ] NFC…:KRAKENTOOLS_KREPORT2KRONA -
[-        ] NFC…ON_KRONA:KAIJU_KAIJU2KRONA -
[-        ] NFC…ZATION_KRONA:KRONA_CLEANUP -
[-        ] NFC…N_KRONA:KRONA_KTIMPORTTEXT -
[-        ] NFC…KRONA:MEGAN_RMA2INFO_KRONA -
[-        ] NFC…VISUALIZATION_KRONA:GUNZIP -
[-        ] NFC…ONA:KRONA_KTIMPORTTAXONOMY -
[-        ] NFC…ON_PROFILES:TAXPASTA_MERGE -
[-        ] NFC…FILES:TAXPASTA_STANDARDISE -
[-        ] NFC…CKEN_COMBINEBRACKENOUTPUTS -
Plus 7 more processes waiting for tasks…

executor >  slurm (48)
[-        ] NFC…PROFILER:TAXPROFILER:UNTAR -
[c0/4b443c] NFC…AXPROFILER:FASTQC (NZL.56) | 10 of 10 ✔
[-        ] NFC…ORTREAD_FASTP:FASTP_SINGLE -
[f1/982368] NFC…ASTP:FASTP_PAIRED (NZL.56) | 10 of 10 ✔
[99/a315be] NFC…G:FASTQC_PROCESSED (PAK.7) | 8 of 10
[a0/4c3ee6] NFC…TERING:BBMAP_BBDUK (SEN.8) | 9 of 10
[44/de7e8f] NFC…OVAL:BOWTIE2_ALIGN (PAK.7) | 0 of 9
[-        ] NFC…HOSTREMOVAL:SAMTOOLS_INDEX -
[-        ] NFC…HOSTREMOVAL:SAMTOOLS_STATS -
[-        ] NFC…R:PROFILING:DIAMOND_BLASTX -
[-        ] NFC…:KRAKENTOOLS_KREPORT2KRONA -
[-        ] NFC…ON_KRONA:KAIJU_KAIJU2KRONA -
[-        ] NFC…ZATION_KRONA:KRONA_CLEANUP -
[-        ] NFC…N_KRONA:KRONA_KTIMPORTTEXT -
[-        ] NFC…KRONA:MEGAN_RMA2INFO_KRONA -
[-        ] NFC…VISUALIZATION_KRONA:GUNZIP -
[-        ] NFC…ONA:KRONA_KTIMPORTTAXONOMY -
[-        ] NFC…ON_PROFILES:TAXPASTA_MERGE -
[-        ] NFC…FILES:TAXPASTA_STANDARDISE -
[-        ] NFC…CKEN_COMBINEBRACKENOUTPUTS -
Plus 7 more processes waiting for tasks…

executor >  slurm (49)
[-        ] NFC…PROFILER:TAXPROFILER:UNTAR -
[c0/4b443c] NFC…AXPROFILER:FASTQC (NZL.56) | 10 of 10 ✔
[-        ] NFC…ORTREAD_FASTP:FASTP_SINGLE -
[f1/982368] NFC…ASTP:FASTP_PAIRED (NZL.56) | 10 of 10 ✔
[99/a315be] NFC…G:FASTQC_PROCESSED (PAK.7) | 8 of 10
[a0/4c3ee6] NFC…TERING:BBMAP_BBDUK (SEN.8) | 9 of 10
[9f/4cfe7a] NFC…OVAL:BOWTIE2_ALIGN (SEN.8) | 0 of 9
[-        ] NFC…HOSTREMOVAL:SAMTOOLS_INDEX -
[-        ] NFC…HOSTREMOVAL:SAMTOOLS_STATS -
[-        ] NFC…R:PROFILING:DIAMOND_BLASTX -
[-        ] NFC…:KRAKENTOOLS_KREPORT2KRONA -
[-        ] NFC…ON_KRONA:KAIJU_KAIJU2KRONA -
[-        ] NFC…ZATION_KRONA:KRONA_CLEANUP -
[-        ] NFC…N_KRONA:KRONA_KTIMPORTTEXT -
[-        ] NFC…KRONA:MEGAN_RMA2INFO_KRONA -
[-        ] NFC…VISUALIZATION_KRONA:GUNZIP -
[-        ] NFC…ONA:KRONA_KTIMPORTTAXONOMY -
[-        ] NFC…ON_PROFILES:TAXPASTA_MERGE -
[-        ] NFC…FILES:TAXPASTA_STANDARDISE -
[-        ] NFC…CKEN_COMBINEBRACKENOUTPUTS -
Plus 7 more processes waiting for tasks…

executor >  slurm (49)
[-        ] NFC…PROFILER:TAXPROFILER:UNTAR -
[c0/4b443c] NFC…AXPROFILER:FASTQC (NZL.56) | 10 of 10 ✔
[-        ] NFC…ORTREAD_FASTP:FASTP_SINGLE -
[f1/982368] NFC…ASTP:FASTP_PAIRED (NZL.56) | 10 of 10 ✔
[99/a315be] NFC…G:FASTQC_PROCESSED (PAK.7) | 8 of 10
[a0/4c3ee6] NFC…TERING:BBMAP_BBDUK (SEN.8) | 9 of 10
[9f/4cfe7a] NFC…OVAL:BOWTIE2_ALIGN (SEN.8) | 0 of 9
[-        ] NFC…HOSTREMOVAL:SAMTOOLS_INDEX -
[-        ] NFC…HOSTREMOVAL:SAMTOOLS_STATS -
[-        ] NFC…R:PROFILING:DIAMOND_BLASTX -
[-        ] NFC…:KRAKENTOOLS_KREPORT2KRONA -
[-        ] NFC…ON_KRONA:KAIJU_KAIJU2KRONA -
[-        ] NFC…ZATION_KRONA:KRONA_CLEANUP -
[-        ] NFC…N_KRONA:KRONA_KTIMPORTTEXT -
[-        ] NFC…KRONA:MEGAN_RMA2INFO_KRONA -
[-        ] NFC…VISUALIZATION_KRONA:GUNZIP -
[-        ] NFC…ONA:KRONA_KTIMPORTTAXONOMY -
[-        ] NFC…ON_PROFILES:TAXPASTA_MERGE -
[-        ] NFC…FILES:TAXPASTA_STANDARDISE -
[-        ] NFC…CKEN_COMBINEBRACKENOUTPUTS -
Plus 7 more processes waiting for tasks…

executor >  slurm (49)
[-        ] NFC…PROFILER:TAXPROFILER:UNTAR -
[c0/4b443c] NFC…AXPROFILER:FASTQC (NZL.56) | 10 of 10 ✔
[-        ] NFC…ORTREAD_FASTP:FASTP_SINGLE -
[f1/982368] NFC…ASTP:FASTP_PAIRED (NZL.56) | 10 of 10 ✔
[b9/b2e42f] NFC…G:FASTQC_PROCESSED (SEN.8) | 9 of 10
[a0/4c3ee6] NFC…TERING:BBMAP_BBDUK (SEN.8) | 9 of 10
[9f/4cfe7a] NFC…OVAL:BOWTIE2_ALIGN (SEN.8) | 0 of 9
[-        ] NFC…HOSTREMOVAL:SAMTOOLS_INDEX -
[-        ] NFC…HOSTREMOVAL:SAMTOOLS_STATS -
[-        ] NFC…R:PROFILING:DIAMOND_BLASTX -
[-        ] NFC…:KRAKENTOOLS_KREPORT2KRONA -
[-        ] NFC…ON_KRONA:KAIJU_KAIJU2KRONA -
[-        ] NFC…ZATION_KRONA:KRONA_CLEANUP -
[-        ] NFC…N_KRONA:KRONA_KTIMPORTTEXT -
[-        ] NFC…KRONA:MEGAN_RMA2INFO_KRONA -
[-        ] NFC…VISUALIZATION_KRONA:GUNZIP -
[-        ] NFC…ONA:KRONA_KTIMPORTTAXONOMY -
[-        ] NFC…ON_PROFILES:TAXPASTA_MERGE -
[-        ] NFC…FILES:TAXPASTA_STANDARDISE -
[-        ] NFC…CKEN_COMBINEBRACKENOUTPUTS -
Plus 7 more processes waiting for tasks…

executor >  slurm (49)
[-        ] NFC…PROFILER:TAXPROFILER:UNTAR -
[c0/4b443c] NFC…AXPROFILER:FASTQC (NZL.56) | 10 of 10 ✔
[-        ] NFC…ORTREAD_FASTP:FASTP_SINGLE -
[f1/982368] NFC…ASTP:FASTP_PAIRED (NZL.56) | 10 of 10 ✔
[b9/b2e42f] NFC…G:FASTQC_PROCESSED (SEN.8) | 9 of 10
[a0/4c3ee6] NFC…TERING:BBMAP_BBDUK (SEN.8) | 9 of 10
[9f/4cfe7a] NFC…OVAL:BOWTIE2_ALIGN (SEN.8) | 0 of 9
[-        ] NFC…HOSTREMOVAL:SAMTOOLS_INDEX | 0 of 1
[-        ] NFC…HOSTREMOVAL:SAMTOOLS_STATS -
[-        ] NFC…R:PROFILING:DIAMOND_BLASTX -
[-        ] NFC…:KRAKENTOOLS_KREPORT2KRONA -
[-        ] NFC…ON_KRONA:KAIJU_KAIJU2KRONA -
[-        ] NFC…ZATION_KRONA:KRONA_CLEANUP -
[-        ] NFC…N_KRONA:KRONA_KTIMPORTTEXT -
[-        ] NFC…KRONA:MEGAN_RMA2INFO_KRONA -
[-        ] NFC…VISUALIZATION_KRONA:GUNZIP -
[-        ] NFC…ONA:KRONA_KTIMPORTTAXONOMY -
[-        ] NFC…ON_PROFILES:TAXPASTA_MERGE -
[-        ] NFC…FILES:TAXPASTA_STANDARDISE -
[-        ] NFC…CKEN_COMBINEBRACKENOUTPUTS -
Plus 7 more processes waiting for tasks…
WARN: [nf-core/taxprofiler] DIAMOND does not accept paired-end files as input. Only read 1 will be used for profiling. Running DIAMOND for sample NLD.43 using only read 1.

executor >  slurm (51)
[-        ] NFC…PROFILER:TAXPROFILER:UNTAR -
[c0/4b443c] NFC…AXPROFILER:FASTQC (NZL.56) | 10 of 10 ✔
[-        ] NFC…ORTREAD_FASTP:FASTP_SINGLE -
[f1/982368] NFC…ASTP:FASTP_PAIRED (NZL.56) | 10 of 10 ✔
[b9/b2e42f] NFC…G:FASTQC_PROCESSED (SEN.8) | 9 of 10
[a0/4c3ee6] NFC…TERING:BBMAP_BBDUK (SEN.8) | 9 of 10
[9c/d15030] NFC…VAL:BOWTIE2_ALIGN (NLD.43) | 1 of 9
[82/ed2f5c] NFC…AL:SAMTOOLS_INDEX (NLD.43) | 0 of 1
[-        ] NFC…HOSTREMOVAL:SAMTOOLS_STATS -
[3b/0fd8f9] NFC…IAMOND_BLASTX (db6|NLD.43) | 0 of 1
[-        ] NFC…:KRAKENTOOLS_KREPORT2KRONA -
[-        ] NFC…ON_KRONA:KAIJU_KAIJU2KRONA -
[-        ] NFC…ZATION_KRONA:KRONA_CLEANUP -
[-        ] NFC…N_KRONA:KRONA_KTIMPORTTEXT -
[-        ] NFC…KRONA:MEGAN_RMA2INFO_KRONA -
[-        ] NFC…VISUALIZATION_KRONA:GUNZIP -
[-        ] NFC…ONA:KRONA_KTIMPORTTAXONOMY -
[-        ] NFC…ON_PROFILES:TAXPASTA_MERGE -
[-        ] NFC…FILES:TAXPASTA_STANDARDISE -
[-        ] NFC…CKEN_COMBINEBRACKENOUTPUTS -
Plus 7 more processes waiting for tasks…
WARN: [nf-core/taxprofiler] DIAMOND does not accept paired-end files as input. Only read 1 will be used for profiling. Running DIAMOND for sample NLD.43 using only read 1.

executor >  slurm (51)
[-        ] NFC…PROFILER:TAXPROFILER:UNTAR -
[c0/4b443c] NFC…AXPROFILER:FASTQC (NZL.56) | 10 of 10 ✔
[-        ] NFC…ORTREAD_FASTP:FASTP_SINGLE -
[f1/982368] NFC…ASTP:FASTP_PAIRED (NZL.56) | 10 of 10 ✔
[b9/b2e42f] NFC…G:FASTQC_PROCESSED (SEN.8) | 9 of 10
[a0/4c3ee6] NFC…TERING:BBMAP_BBDUK (SEN.8) | 9 of 10
[9c/d15030] NFC…VAL:BOWTIE2_ALIGN (NLD.43) | 1 of 9
[82/ed2f5c] NFC…AL:SAMTOOLS_INDEX (NLD.43) | 0 of 1
[-        ] NFC…HOSTREMOVAL:SAMTOOLS_STATS -
[3b/0fd8f9] NFC…IAMOND_BLASTX (db6|NLD.43) | 0 of 1
[-        ] NFC…:KRAKENTOOLS_KREPORT2KRONA -
[-        ] NFC…ON_KRONA:KAIJU_KAIJU2KRONA -
[-        ] NFC…ZATION_KRONA:KRONA_CLEANUP -
[-        ] NFC…N_KRONA:KRONA_KTIMPORTTEXT -
[-        ] NFC…KRONA:MEGAN_RMA2INFO_KRONA -
[-        ] NFC…VISUALIZATION_KRONA:GUNZIP -
[-        ] NFC…ONA:KRONA_KTIMPORTTAXONOMY -
[-        ] NFC…ON_PROFILES:TAXPASTA_MERGE -
[-        ] NFC…FILES:TAXPASTA_STANDARDISE -
[-        ] NFC…CKEN_COMBINEBRACKENOUTPUTS -
Plus 7 more processes waiting for tasks…
WARN: [nf-core/taxprofiler] DIAMOND does not accept paired-end files as input. Only read 1 will be used for profiling. Running DIAMOND for sample NLD.43 using only read 1.

executor >  slurm (51)
[-        ] NFC…PROFILER:TAXPROFILER:UNTAR -
[c0/4b443c] NFC…AXPROFILER:FASTQC (NZL.56) | 10 of 10 ✔
[-        ] NFC…ORTREAD_FASTP:FASTP_SINGLE -
[f1/982368] NFC…ASTP:FASTP_PAIRED (NZL.56) | 10 of 10 ✔
[b9/b2e42f] NFC…G:FASTQC_PROCESSED (SEN.8) | 9 of 10
[a0/4c3ee6] NFC…TERING:BBMAP_BBDUK (SEN.8) | 9 of 10
[9c/d15030] NFC…VAL:BOWTIE2_ALIGN (NLD.43) | 1 of 9
[82/ed2f5c] NFC…AL:SAMTOOLS_INDEX (NLD.43) | 1 of 1
[-        ] NFC…HOSTREMOVAL:SAMTOOLS_STATS | 0 of 1
[3b/0fd8f9] NFC…IAMOND_BLASTX (db6|NLD.43) | 0 of 1
[-        ] NFC…:KRAKENTOOLS_KREPORT2KRONA -
[-        ] NFC…ON_KRONA:KAIJU_KAIJU2KRONA -
[-        ] NFC…ZATION_KRONA:KRONA_CLEANUP -
[-        ] NFC…N_KRONA:KRONA_KTIMPORTTEXT -
[-        ] NFC…KRONA:MEGAN_RMA2INFO_KRONA -
[-        ] NFC…VISUALIZATION_KRONA:GUNZIP -
[-        ] NFC…ONA:KRONA_KTIMPORTTAXONOMY -
[-        ] NFC…ON_PROFILES:TAXPASTA_MERGE -
[-        ] NFC…FILES:TAXPASTA_STANDARDISE -
[-        ] NFC…CKEN_COMBINEBRACKENOUTPUTS -
Plus 7 more processes waiting for tasks…


executor >  slurm (52)
[-        ] NFC…PROFILER:TAXPROFILER:UNTAR -
[c0/4b443c] NFC…AXPROFILER:FASTQC (NZL.56) | 10 of 10 ✔
[-        ] NFC…ORTREAD_FASTP:FASTP_SINGLE -
[f1/982368] NFC…ASTP:FASTP_PAIRED (NZL.56) | 10 of 10 ✔
[b9/b2e42f] NFC…G:FASTQC_PROCESSED (SEN.8) | 9 of 10
[a0/4c3ee6] NFC…TERING:BBMAP_BBDUK (SEN.8) | 9 of 10
[9c/d15030] NFC…VAL:BOWTIE2_ALIGN (NLD.43) | 1 of 9
[82/ed2f5c] NFC…AL:SAMTOOLS_INDEX (NLD.43) | 1 of 1
[a2/0bd34d] NFC…AL:SAMTOOLS_STATS (NLD.43) | 0 of 1
[3b/0fd8f9] NFC…IAMOND_BLASTX (db6|NLD.43) | 0 of 1
[-        ] NFC…:KRAKENTOOLS_KREPORT2KRONA -
[-        ] NFC…ON_KRONA:KAIJU_KAIJU2KRONA -
[-        ] NFC…ZATION_KRONA:KRONA_CLEANUP -
[-        ] NFC…N_KRONA:KRONA_KTIMPORTTEXT -
[-        ] NFC…KRONA:MEGAN_RMA2INFO_KRONA -
[-        ] NFC…VISUALIZATION_KRONA:GUNZIP -
[-        ] NFC…ONA:KRONA_KTIMPORTTAXONOMY -
[-        ] NFC…ON_PROFILES:TAXPASTA_MERGE -
[-        ] NFC…FILES:TAXPASTA_STANDARDISE -
[-        ] NFC…CKEN_COMBINEBRACKENOUTPUTS -
Plus 7 more processes waiting for tasks…


executor >  slurm (52)
[-        ] NFC…PROFILER:TAXPROFILER:UNTAR -
[c0/4b443c] NFC…AXPROFILER:FASTQC (NZL.56) | 10 of 10 ✔
[-        ] NFC…ORTREAD_FASTP:FASTP_SINGLE -
[f1/982368] NFC…ASTP:FASTP_PAIRED (NZL.56) | 10 of 10 ✔
[b9/b2e42f] NFC…G:FASTQC_PROCESSED (SEN.8) | 9 of 10
[a0/4c3ee6] NFC…TERING:BBMAP_BBDUK (SEN.8) | 9 of 10
[9c/d15030] NFC…VAL:BOWTIE2_ALIGN (NLD.43) | 1 of 9
[82/ed2f5c] NFC…AL:SAMTOOLS_INDEX (NLD.43) | 1 of 1
[a2/0bd34d] NFC…AL:SAMTOOLS_STATS (NLD.43) | 0 of 1
[3b/0fd8f9] NFC…IAMOND_BLASTX (db6|NLD.43) | 0 of 1
[-        ] NFC…:KRAKENTOOLS_KREPORT2KRONA -
[-        ] NFC…ON_KRONA:KAIJU_KAIJU2KRONA -
[-        ] NFC…ZATION_KRONA:KRONA_CLEANUP -
[-        ] NFC…N_KRONA:KRONA_KTIMPORTTEXT -
[-        ] NFC…KRONA:MEGAN_RMA2INFO_KRONA -
[-        ] NFC…VISUALIZATION_KRONA:GUNZIP -
[-        ] NFC…ONA:KRONA_KTIMPORTTAXONOMY -
[-        ] NFC…ON_PROFILES:TAXPASTA_MERGE -
[-        ] NFC…FILES:TAXPASTA_STANDARDISE -
[-        ] NFC…CKEN_COMBINEBRACKENOUTPUTS -
Plus 7 more processes waiting for tasks…

executor >  slurm (52)
[-        ] NFC…PROFILER:TAXPROFILER:UNTAR -
[c0/4b443c] NFC…AXPROFILER:FASTQC (NZL.56) | 10 of 10 ✔
[-        ] NFC…ORTREAD_FASTP:FASTP_SINGLE -
[f1/982368] NFC…ASTP:FASTP_PAIRED (NZL.56) | 10 of 10 ✔
[b9/b2e42f] NFC…G:FASTQC_PROCESSED (SEN.8) | 9 of 10
[a0/4c3ee6] NFC…TERING:BBMAP_BBDUK (SEN.8) | 9 of 10
[9c/d15030] NFC…VAL:BOWTIE2_ALIGN (NLD.43) | 1 of 9
[82/ed2f5c] NFC…AL:SAMTOOLS_INDEX (NLD.43) | 1 of 1
[a2/0bd34d] NFC…AL:SAMTOOLS_STATS (NLD.43) | 1 of 1
[3b/0fd8f9] NFC…IAMOND_BLASTX (db6|NLD.43) | 0 of 1
[-        ] NFC…:KRAKENTOOLS_KREPORT2KRONA -
[-        ] NFC…ON_KRONA:KAIJU_KAIJU2KRONA -
[-        ] NFC…ZATION_KRONA:KRONA_CLEANUP -
[-        ] NFC…N_KRONA:KRONA_KTIMPORTTEXT -
[-        ] NFC…KRONA:MEGAN_RMA2INFO_KRONA -
[-        ] NFC…VISUALIZATION_KRONA:GUNZIP -
[-        ] NFC…ONA:KRONA_KTIMPORTTAXONOMY -
[-        ] NFC…ON_PROFILES:TAXPASTA_MERGE -
[-        ] NFC…FILES:TAXPASTA_STANDARDISE -
[-        ] NFC…CKEN_COMBINEBRACKENOUTPUTS -
Plus 7 more processes waiting for tasks…

executor >  slurm (53)
[-        ] NFC…PROFILER:TAXPROFILER:UNTAR -
[c0/4b443c] NFC…AXPROFILER:FASTQC (NZL.56) | 10 of 10 ✔
[-        ] NFC…ORTREAD_FASTP:FASTP_SINGLE -
[f1/982368] NFC…ASTP:FASTP_PAIRED (NZL.56) | 10 of 10 ✔
[b9/b2e42f] NFC…G:FASTQC_PROCESSED (SEN.8) | 9 of 10
[51/aab3f4] NFC…ERING:BBMAP_BBDUK (NZL.56) | 10 of 10 ✔
[a7/1fb206] NFC…VAL:BOWTIE2_ALIGN (NZL.56) | 1 of 10
[82/ed2f5c] NFC…AL:SAMTOOLS_INDEX (NLD.43) | 1 of 1
[a2/0bd34d] NFC…AL:SAMTOOLS_STATS (NLD.43) | 1 of 1
[3b/0fd8f9] NFC…IAMOND_BLASTX (db6|NLD.43) | 0 of 1
[-        ] NFC…:KRAKENTOOLS_KREPORT2KRONA -
[-        ] NFC…ON_KRONA:KAIJU_KAIJU2KRONA -
[-        ] NFC…ZATION_KRONA:KRONA_CLEANUP -
[-        ] NFC…N_KRONA:KRONA_KTIMPORTTEXT -
[-        ] NFC…KRONA:MEGAN_RMA2INFO_KRONA -
[-        ] NFC…VISUALIZATION_KRONA:GUNZIP -
[-        ] NFC…ONA:KRONA_KTIMPORTTAXONOMY -
[-        ] NFC…ON_PROFILES:TAXPASTA_MERGE -
[-        ] NFC…FILES:TAXPASTA_STANDARDISE -
[-        ] NFC…CKEN_COMBINEBRACKENOUTPUTS -
Plus 7 more processes waiting for tasks…

executor >  slurm (53)
[-        ] NFC…PROFILER:TAXPROFILER:UNTAR -
[c0/4b443c] NFC…AXPROFILER:FASTQC (NZL.56) | 10 of 10 ✔
[-        ] NFC…ORTREAD_FASTP:FASTP_SINGLE -
[f1/982368] NFC…ASTP:FASTP_PAIRED (NZL.56) | 10 of 10 ✔
[b9/b2e42f] NFC…G:FASTQC_PROCESSED (SEN.8) | 9 of 10
[51/aab3f4] NFC…ERING:BBMAP_BBDUK (NZL.56) | 10 of 10 ✔
[a7/1fb206] NFC…VAL:BOWTIE2_ALIGN (NZL.56) | 1 of 10
[82/ed2f5c] NFC…AL:SAMTOOLS_INDEX (NLD.43) | 1 of 1
[a2/0bd34d] NFC…AL:SAMTOOLS_STATS (NLD.43) | 1 of 1
[3b/0fd8f9] NFC…IAMOND_BLASTX (db6|NLD.43) | 0 of 1
[-        ] NFC…:KRAKENTOOLS_KREPORT2KRONA -
[-        ] NFC…ON_KRONA:KAIJU_KAIJU2KRONA -
[-        ] NFC…ZATION_KRONA:KRONA_CLEANUP -
[-        ] NFC…N_KRONA:KRONA_KTIMPORTTEXT -
[-        ] NFC…KRONA:MEGAN_RMA2INFO_KRONA -
[-        ] NFC…VISUALIZATION_KRONA:GUNZIP -
[-        ] NFC…ONA:KRONA_KTIMPORTTAXONOMY -
[-        ] NFC…ON_PROFILES:TAXPASTA_MERGE -
[-        ] NFC…FILES:TAXPASTA_STANDARDISE -
[-        ] NFC…CKEN_COMBINEBRACKENOUTPUTS -
Plus 7 more processes waiting for tasks…

executor >  slurm (53)
[-        ] NFC…PROFILER:TAXPROFILER:UNTAR -
[c0/4b443c] NFC…AXPROFILER:FASTQC (NZL.56) | 10 of 10 ✔
[-        ] NFC…ORTREAD_FASTP:FASTP_SINGLE -
[f1/982368] NFC…ASTP:FASTP_PAIRED (NZL.56) | 10 of 10 ✔
[92/dee0dc] NFC…:FASTQC_PROCESSED (NZL.56) | 10 of 10 ✔
[51/aab3f4] NFC…ERING:BBMAP_BBDUK (NZL.56) | 10 of 10 ✔
[a7/1fb206] NFC…VAL:BOWTIE2_ALIGN (NZL.56) | 1 of 10
[82/ed2f5c] NFC…AL:SAMTOOLS_INDEX (NLD.43) | 1 of 1
[a2/0bd34d] NFC…AL:SAMTOOLS_STATS (NLD.43) | 1 of 1
[3b/0fd8f9] NFC…IAMOND_BLASTX (db6|NLD.43) | 0 of 1
[-        ] NFC…:KRAKENTOOLS_KREPORT2KRONA -
[-        ] NFC…ON_KRONA:KAIJU_KAIJU2KRONA -
[-        ] NFC…ZATION_KRONA:KRONA_CLEANUP -
[-        ] NFC…N_KRONA:KRONA_KTIMPORTTEXT -
[-        ] NFC…KRONA:MEGAN_RMA2INFO_KRONA -
[-        ] NFC…VISUALIZATION_KRONA:GUNZIP -
[-        ] NFC…ONA:KRONA_KTIMPORTTAXONOMY -
[-        ] NFC…ON_PROFILES:TAXPASTA_MERGE -
[-        ] NFC…FILES:TAXPASTA_STANDARDISE -
[-        ] NFC…CKEN_COMBINEBRACKENOUTPUTS -
Plus 7 more processes waiting for tasks…

executor >  slurm (53)
[-        ] NFC…PROFILER:TAXPROFILER:UNTAR -
[c0/4b443c] NFC…AXPROFILER:FASTQC (NZL.56) | 10 of 10 ✔
[-        ] NFC…ORTREAD_FASTP:FASTP_SINGLE -
[f1/982368] NFC…ASTP:FASTP_PAIRED (NZL.56) | 10 of 10 ✔
[92/dee0dc] NFC…:FASTQC_PROCESSED (NZL.56) | 10 of 10 ✔
[51/aab3f4] NFC…ERING:BBMAP_BBDUK (NZL.56) | 10 of 10 ✔
[c4/661162] NFC…VAL:BOWTIE2_ALIGN (MYS.54) | 2 of 10
[82/ed2f5c] NFC…AL:SAMTOOLS_INDEX (NLD.43) | 1 of 2
[a2/0bd34d] NFC…AL:SAMTOOLS_STATS (NLD.43) | 1 of 1
[3b/0fd8f9] NFC…IAMOND_BLASTX (db6|NLD.43) | 0 of 2
[-        ] NFC…:KRAKENTOOLS_KREPORT2KRONA -
[-        ] NFC…ON_KRONA:KAIJU_KAIJU2KRONA -
[-        ] NFC…ZATION_KRONA:KRONA_CLEANUP -
[-        ] NFC…N_KRONA:KRONA_KTIMPORTTEXT -
[-        ] NFC…KRONA:MEGAN_RMA2INFO_KRONA -
[-        ] NFC…VISUALIZATION_KRONA:GUNZIP -
[-        ] NFC…ONA:KRONA_KTIMPORTTAXONOMY -
[-        ] NFC…ON_PROFILES:TAXPASTA_MERGE -
[-        ] NFC…FILES:TAXPASTA_STANDARDISE -
[-        ] NFC…CKEN_COMBINEBRACKENOUTPUTS -
Plus 7 more processes waiting for tasks…
WARN: [nf-core/taxprofiler] DIAMOND does not accept paired-end files as input. Only read 1 will be used for profiling. Running DIAMOND for sample MYS.54 using only read 1.

executor >  slurm (55)
[-        ] NFC…PROFILER:TAXPROFILER:UNTAR -
[c0/4b443c] NFC…AXPROFILER:FASTQC (NZL.56) | 10 of 10 ✔
[-        ] NFC…ORTREAD_FASTP:FASTP_SINGLE -
[f1/982368] NFC…ASTP:FASTP_PAIRED (NZL.56) | 10 of 10 ✔
[92/dee0dc] NFC…:FASTQC_PROCESSED (NZL.56) | 10 of 10 ✔
[51/aab3f4] NFC…ERING:BBMAP_BBDUK (NZL.56) | 10 of 10 ✔
[c4/661162] NFC…VAL:BOWTIE2_ALIGN (MYS.54) | 2 of 10
[5f/d13335] NFC…AL:SAMTOOLS_INDEX (MYS.54) | 1 of 2
[a2/0bd34d] NFC…AL:SAMTOOLS_STATS (NLD.43) | 1 of 1
[44/7e02b8] NFC…IAMOND_BLASTX (db6|MYS.54) | 0 of 2
[-        ] NFC…:KRAKENTOOLS_KREPORT2KRONA -
[-        ] NFC…ON_KRONA:KAIJU_KAIJU2KRONA -
[-        ] NFC…ZATION_KRONA:KRONA_CLEANUP -
[-        ] NFC…N_KRONA:KRONA_KTIMPORTTEXT -
[-        ] NFC…KRONA:MEGAN_RMA2INFO_KRONA -
[-        ] NFC…VISUALIZATION_KRONA:GUNZIP -
[-        ] NFC…ONA:KRONA_KTIMPORTTAXONOMY -
[-        ] NFC…ON_PROFILES:TAXPASTA_MERGE -
[-        ] NFC…FILES:TAXPASTA_STANDARDISE -
[-        ] NFC…CKEN_COMBINEBRACKENOUTPUTS -
Plus 7 more processes waiting for tasks…
WARN: [nf-core/taxprofiler] DIAMOND does not accept paired-end files as input. Only read 1 will be used for profiling. Running DIAMOND for sample MYS.54 using only read 1.

executor >  slurm (55)
[-        ] NFC…PROFILER:TAXPROFILER:UNTAR -
[c0/4b443c] NFC…AXPROFILER:FASTQC (NZL.56) | 10 of 10 ✔
[-        ] NFC…ORTREAD_FASTP:FASTP_SINGLE -
[f1/982368] NFC…ASTP:FASTP_PAIRED (NZL.56) | 10 of 10 ✔
[92/dee0dc] NFC…:FASTQC_PROCESSED (NZL.56) | 10 of 10 ✔
[51/aab3f4] NFC…ERING:BBMAP_BBDUK (NZL.56) | 10 of 10 ✔
[c4/661162] NFC…VAL:BOWTIE2_ALIGN (MYS.54) | 2 of 10
[5f/d13335] NFC…AL:SAMTOOLS_INDEX (MYS.54) | 1 of 2
[a2/0bd34d] NFC…AL:SAMTOOLS_STATS (NLD.43) | 1 of 1
[44/7e02b8] NFC…IAMOND_BLASTX (db6|MYS.54) | 0 of 2
[-        ] NFC…:KRAKENTOOLS_KREPORT2KRONA -
[-        ] NFC…ON_KRONA:KAIJU_KAIJU2KRONA -
[-        ] NFC…ZATION_KRONA:KRONA_CLEANUP -
[-        ] NFC…N_KRONA:KRONA_KTIMPORTTEXT -
[-        ] NFC…KRONA:MEGAN_RMA2INFO_KRONA -
[-        ] NFC…VISUALIZATION_KRONA:GUNZIP -
[-        ] NFC…ONA:KRONA_KTIMPORTTAXONOMY -
[-        ] NFC…ON_PROFILES:TAXPASTA_MERGE -
[-        ] NFC…FILES:TAXPASTA_STANDARDISE -
[-        ] NFC…CKEN_COMBINEBRACKENOUTPUTS -
Plus 7 more processes waiting for tasks…
WARN: [nf-core/taxprofiler] DIAMOND does not accept paired-end files as input. Only read 1 will be used for profiling. Running DIAMOND for sample MYS.54 using only read 1.

executor >  slurm (56)
[-        ] NFC…PROFILER:TAXPROFILER:UNTAR -
[c0/4b443c] NFC…AXPROFILER:FASTQC (NZL.56) | 10 of 10 ✔
[-        ] NFC…ORTREAD_FASTP:FASTP_SINGLE -
[f1/982368] NFC…ASTP:FASTP_PAIRED (NZL.56) | 10 of 10 ✔
[92/dee0dc] NFC…:FASTQC_PROCESSED (NZL.56) | 10 of 10 ✔
[51/aab3f4] NFC…ERING:BBMAP_BBDUK (NZL.56) | 10 of 10 ✔
[c4/661162] NFC…VAL:BOWTIE2_ALIGN (MYS.54) | 2 of 10
[5f/d13335] NFC…AL:SAMTOOLS_INDEX (MYS.54) | 2 of 2
[cd/850461] NFC…AL:SAMTOOLS_STATS (MYS.54) | 1 of 2
[44/7e02b8] NFC…IAMOND_BLASTX (db6|MYS.54) | 0 of 2
[-        ] NFC…:KRAKENTOOLS_KREPORT2KRONA -
[-        ] NFC…ON_KRONA:KAIJU_KAIJU2KRONA -
[-        ] NFC…ZATION_KRONA:KRONA_CLEANUP -
[-        ] NFC…N_KRONA:KRONA_KTIMPORTTEXT -
[-        ] NFC…KRONA:MEGAN_RMA2INFO_KRONA -
[-        ] NFC…VISUALIZATION_KRONA:GUNZIP -
[-        ] NFC…ONA:KRONA_KTIMPORTTAXONOMY -
[-        ] NFC…ON_PROFILES:TAXPASTA_MERGE -
[-        ] NFC…FILES:TAXPASTA_STANDARDISE -
[-        ] NFC…CKEN_COMBINEBRACKENOUTPUTS -
Plus 7 more processes waiting for tasks…


executor >  slurm (56)
[-        ] NFC…PROFILER:TAXPROFILER:UNTAR -
[c0/4b443c] NFC…AXPROFILER:FASTQC (NZL.56) | 10 of 10 ✔
[-        ] NFC…ORTREAD_FASTP:FASTP_SINGLE -
[f1/982368] NFC…ASTP:FASTP_PAIRED (NZL.56) | 10 of 10 ✔
[92/dee0dc] NFC…:FASTQC_PROCESSED (NZL.56) | 10 of 10 ✔
[51/aab3f4] NFC…ERING:BBMAP_BBDUK (NZL.56) | 10 of 10 ✔
[c4/661162] NFC…VAL:BOWTIE2_ALIGN (MYS.54) | 2 of 10
[5f/d13335] NFC…AL:SAMTOOLS_INDEX (MYS.54) | 2 of 2
[cd/850461] NFC…AL:SAMTOOLS_STATS (MYS.54) | 1 of 2
[44/7e02b8] NFC…IAMOND_BLASTX (db6|MYS.54) | 0 of 2
[-        ] NFC…:KRAKENTOOLS_KREPORT2KRONA -
[-        ] NFC…ON_KRONA:KAIJU_KAIJU2KRONA -
[-        ] NFC…ZATION_KRONA:KRONA_CLEANUP -
[-        ] NFC…N_KRONA:KRONA_KTIMPORTTEXT -
[-        ] NFC…KRONA:MEGAN_RMA2INFO_KRONA -
[-        ] NFC…VISUALIZATION_KRONA:GUNZIP -
[-        ] NFC…ONA:KRONA_KTIMPORTTAXONOMY -
[-        ] NFC…ON_PROFILES:TAXPASTA_MERGE -
[-        ] NFC…FILES:TAXPASTA_STANDARDISE -
[-        ] NFC…CKEN_COMBINEBRACKENOUTPUTS -
Plus 7 more processes waiting for tasks…


executor >  slurm (56)
[-        ] NFC…PROFILER:TAXPROFILER:UNTAR -
[c0/4b443c] NFC…AXPROFILER:FASTQC (NZL.56) | 10 of 10 ✔
[-        ] NFC…ORTREAD_FASTP:FASTP_SINGLE -
[f1/982368] NFC…ASTP:FASTP_PAIRED (NZL.56) | 10 of 10 ✔
[92/dee0dc] NFC…:FASTQC_PROCESSED (NZL.56) | 10 of 10 ✔
[51/aab3f4] NFC…ERING:BBMAP_BBDUK (NZL.56) | 10 of 10 ✔
[c4/661162] NFC…VAL:BOWTIE2_ALIGN (MYS.54) | 2 of 10
[5f/d13335] NFC…AL:SAMTOOLS_INDEX (MYS.54) | 2 of 2
[cd/850461] NFC…AL:SAMTOOLS_STATS (MYS.54) | 2 of 2
[44/7e02b8] NFC…IAMOND_BLASTX (db6|MYS.54) | 0 of 2
[-        ] NFC…:KRAKENTOOLS_KREPORT2KRONA -
[-        ] NFC…ON_KRONA:KAIJU_KAIJU2KRONA -
[-        ] NFC…ZATION_KRONA:KRONA_CLEANUP -
[-        ] NFC…N_KRONA:KRONA_KTIMPORTTEXT -
[-        ] NFC…KRONA:MEGAN_RMA2INFO_KRONA -
[-        ] NFC…VISUALIZATION_KRONA:GUNZIP -
[-        ] NFC…ONA:KRONA_KTIMPORTTAXONOMY -
[-        ] NFC…ON_PROFILES:TAXPASTA_MERGE -
[-        ] NFC…FILES:TAXPASTA_STANDARDISE -
[-        ] NFC…CKEN_COMBINEBRACKENOUTPUTS -
Plus 7 more processes waiting for tasks…

executor >  slurm (56)
[-        ] NFC…PROFILER:TAXPROFILER:UNTAR -
[c0/4b443c] NFC…AXPROFILER:FASTQC (NZL.56) | 10 of 10 ✔
[-        ] NFC…ORTREAD_FASTP:FASTP_SINGLE -
[f1/982368] NFC…ASTP:FASTP_PAIRED (NZL.56) | 10 of 10 ✔
[92/dee0dc] NFC…:FASTQC_PROCESSED (NZL.56) | 10 of 10 ✔
[51/aab3f4] NFC…ERING:BBMAP_BBDUK (NZL.56) | 10 of 10 ✔
[68/784d48] NFC…VAL:BOWTIE2_ALIGN (NGA.50) | 3 of 10
[5f/d13335] NFC…AL:SAMTOOLS_INDEX (MYS.54) | 2 of 3
[cd/850461] NFC…AL:SAMTOOLS_STATS (MYS.54) | 2 of 2
[44/7e02b8] NFC…IAMOND_BLASTX (db6|MYS.54) | 0 of 3
[-        ] NFC…:KRAKENTOOLS_KREPORT2KRONA -
[-        ] NFC…ON_KRONA:KAIJU_KAIJU2KRONA -
[-        ] NFC…ZATION_KRONA:KRONA_CLEANUP -
[-        ] NFC…N_KRONA:KRONA_KTIMPORTTEXT -
[-        ] NFC…KRONA:MEGAN_RMA2INFO_KRONA -
[-        ] NFC…VISUALIZATION_KRONA:GUNZIP -
[-        ] NFC…ONA:KRONA_KTIMPORTTAXONOMY -
[-        ] NFC…ON_PROFILES:TAXPASTA_MERGE -
[-        ] NFC…FILES:TAXPASTA_STANDARDISE -
[-        ] NFC…CKEN_COMBINEBRACKENOUTPUTS -
Plus 7 more processes waiting for tasks…
WARN: [nf-core/taxprofiler] DIAMOND does not accept paired-end files as input. Only read 1 will be used for profiling. Running DIAMOND for sample NGA.50 using only read 1.

executor >  slurm (58)
[-        ] NFC…PROFILER:TAXPROFILER:UNTAR -
[c0/4b443c] NFC…AXPROFILER:FASTQC (NZL.56) | 10 of 10 ✔
[-        ] NFC…ORTREAD_FASTP:FASTP_SINGLE -
[f1/982368] NFC…ASTP:FASTP_PAIRED (NZL.56) | 10 of 10 ✔
[92/dee0dc] NFC…:FASTQC_PROCESSED (NZL.56) | 10 of 10 ✔
[51/aab3f4] NFC…ERING:BBMAP_BBDUK (NZL.56) | 10 of 10 ✔
[68/784d48] NFC…VAL:BOWTIE2_ALIGN (NGA.50) | 3 of 10
[8d/670eec] NFC…AL:SAMTOOLS_INDEX (NGA.50) | 2 of 3
[cd/850461] NFC…AL:SAMTOOLS_STATS (MYS.54) | 2 of 2
[86/cb760b] NFC…IAMOND_BLASTX (db6|NGA.50) | 0 of 3
[-        ] NFC…:KRAKENTOOLS_KREPORT2KRONA -
[-        ] NFC…ON_KRONA:KAIJU_KAIJU2KRONA -
[-        ] NFC…ZATION_KRONA:KRONA_CLEANUP -
[-        ] NFC…N_KRONA:KRONA_KTIMPORTTEXT -
[-        ] NFC…KRONA:MEGAN_RMA2INFO_KRONA -
[-        ] NFC…VISUALIZATION_KRONA:GUNZIP -
[-        ] NFC…ONA:KRONA_KTIMPORTTAXONOMY -
[-        ] NFC…ON_PROFILES:TAXPASTA_MERGE -
[-        ] NFC…FILES:TAXPASTA_STANDARDISE -
[-        ] NFC…CKEN_COMBINEBRACKENOUTPUTS -
Plus 7 more processes waiting for tasks…
WARN: [nf-core/taxprofiler] DIAMOND does not accept paired-end files as input. Only read 1 will be used for profiling. Running DIAMOND for sample NGA.50 using only read 1.

executor >  slurm (58)
[-        ] NFC…PROFILER:TAXPROFILER:UNTAR -
[c0/4b443c] NFC…AXPROFILER:FASTQC (NZL.56) | 10 of 10 ✔
[-        ] NFC…ORTREAD_FASTP:FASTP_SINGLE -
[f1/982368] NFC…ASTP:FASTP_PAIRED (NZL.56) | 10 of 10 ✔
[92/dee0dc] NFC…:FASTQC_PROCESSED (NZL.56) | 10 of 10 ✔
[51/aab3f4] NFC…ERING:BBMAP_BBDUK (NZL.56) | 10 of 10 ✔
[68/784d48] NFC…VAL:BOWTIE2_ALIGN (NGA.50) | 3 of 10
[8d/670eec] NFC…AL:SAMTOOLS_INDEX (NGA.50) | 2 of 3
[cd/850461] NFC…AL:SAMTOOLS_STATS (MYS.54) | 2 of 2
[86/cb760b] NFC…IAMOND_BLASTX (db6|NGA.50) | 0 of 3
[-        ] NFC…:KRAKENTOOLS_KREPORT2KRONA -
[-        ] NFC…ON_KRONA:KAIJU_KAIJU2KRONA -
[-        ] NFC…ZATION_KRONA:KRONA_CLEANUP -
[-        ] NFC…N_KRONA:KRONA_KTIMPORTTEXT -
[-        ] NFC…KRONA:MEGAN_RMA2INFO_KRONA -
[-        ] NFC…VISUALIZATION_KRONA:GUNZIP -
[-        ] NFC…ONA:KRONA_KTIMPORTTAXONOMY -
[-        ] NFC…ON_PROFILES:TAXPASTA_MERGE -
[-        ] NFC…FILES:TAXPASTA_STANDARDISE -
[-        ] NFC…CKEN_COMBINEBRACKENOUTPUTS -
Plus 7 more processes waiting for tasks…
WARN: [nf-core/taxprofiler] DIAMOND does not accept paired-end files as input. Only read 1 will be used for profiling. Running DIAMOND for sample NGA.50 using only read 1.

executor >  slurm (59)
[-        ] NFC…PROFILER:TAXPROFILER:UNTAR -
[c0/4b443c] NFC…AXPROFILER:FASTQC (NZL.56) | 10 of 10 ✔
[-        ] NFC…ORTREAD_FASTP:FASTP_SINGLE -
[f1/982368] NFC…ASTP:FASTP_PAIRED (NZL.56) | 10 of 10 ✔
[92/dee0dc] NFC…:FASTQC_PROCESSED (NZL.56) | 10 of 10 ✔
[51/aab3f4] NFC…ERING:BBMAP_BBDUK (NZL.56) | 10 of 10 ✔
[68/784d48] NFC…VAL:BOWTIE2_ALIGN (NGA.50) | 3 of 10
[8d/670eec] NFC…AL:SAMTOOLS_INDEX (NGA.50) | 3 of 3
[3b/18845d] NFC…AL:SAMTOOLS_STATS (NGA.50) | 2 of 3
[86/cb760b] NFC…IAMOND_BLASTX (db6|NGA.50) | 0 of 3
[-        ] NFC…:KRAKENTOOLS_KREPORT2KRONA -
[-        ] NFC…ON_KRONA:KAIJU_KAIJU2KRONA -
[-        ] NFC…ZATION_KRONA:KRONA_CLEANUP -
[-        ] NFC…N_KRONA:KRONA_KTIMPORTTEXT -
[-        ] NFC…KRONA:MEGAN_RMA2INFO_KRONA -
[-        ] NFC…VISUALIZATION_KRONA:GUNZIP -
[-        ] NFC…ONA:KRONA_KTIMPORTTAXONOMY -
[-        ] NFC…ON_PROFILES:TAXPASTA_MERGE -
[-        ] NFC…FILES:TAXPASTA_STANDARDISE -
[-        ] NFC…CKEN_COMBINEBRACKENOUTPUTS -
Plus 7 more processes waiting for tasks…


executor >  slurm (59)
[-        ] NFC…PROFILER:TAXPROFILER:UNTAR -
[c0/4b443c] NFC…AXPROFILER:FASTQC (NZL.56) | 10 of 10 ✔
[-        ] NFC…ORTREAD_FASTP:FASTP_SINGLE -
[f1/982368] NFC…ASTP:FASTP_PAIRED (NZL.56) | 10 of 10 ✔
[92/dee0dc] NFC…:FASTQC_PROCESSED (NZL.56) | 10 of 10 ✔
[51/aab3f4] NFC…ERING:BBMAP_BBDUK (NZL.56) | 10 of 10 ✔
[68/784d48] NFC…VAL:BOWTIE2_ALIGN (NGA.50) | 3 of 10
[8d/670eec] NFC…AL:SAMTOOLS_INDEX (NGA.50) | 3 of 3
[3b/18845d] NFC…AL:SAMTOOLS_STATS (NGA.50) | 2 of 3
[86/cb760b] NFC…IAMOND_BLASTX (db6|NGA.50) | 0 of 3
[-        ] NFC…:KRAKENTOOLS_KREPORT2KRONA -
[-        ] NFC…ON_KRONA:KAIJU_KAIJU2KRONA -
[-        ] NFC…ZATION_KRONA:KRONA_CLEANUP -
[-        ] NFC…N_KRONA:KRONA_KTIMPORTTEXT -
[-        ] NFC…KRONA:MEGAN_RMA2INFO_KRONA -
[-        ] NFC…VISUALIZATION_KRONA:GUNZIP -
[-        ] NFC…ONA:KRONA_KTIMPORTTAXONOMY -
[-        ] NFC…ON_PROFILES:TAXPASTA_MERGE -
[-        ] NFC…FILES:TAXPASTA_STANDARDISE -
[-        ] NFC…CKEN_COMBINEBRACKENOUTPUTS -
Plus 7 more processes waiting for tasks…


executor >  slurm (61)
[-        ] NFC…PROFILER:TAXPROFILER:UNTAR -
[c0/4b443c] NFC…AXPROFILER:FASTQC (NZL.56) | 10 of 10 ✔
[-        ] NFC…ORTREAD_FASTP:FASTP_SINGLE -
[f1/982368] NFC…ASTP:FASTP_PAIRED (NZL.56) | 10 of 10 ✔
[92/dee0dc] NFC…:FASTQC_PROCESSED (NZL.56) | 10 of 10 ✔
[51/aab3f4] NFC…ERING:BBMAP_BBDUK (NZL.56) | 10 of 10 ✔
[1a/41b1f6] NFC…VAL:BOWTIE2_ALIGN (POL.36) | 4 of 10
[34/f949e9] NFC…AL:SAMTOOLS_INDEX (POL.36) | 3 of 4
[3b/18845d] NFC…AL:SAMTOOLS_STATS (NGA.50) | 2 of 3
[d9/fc2946] NFC…IAMOND_BLASTX (db6|POL.36) | 0 of 4
[-        ] NFC…:KRAKENTOOLS_KREPORT2KRONA -
[-        ] NFC…ON_KRONA:KAIJU_KAIJU2KRONA -
[-        ] NFC…ZATION_KRONA:KRONA_CLEANUP -
[-        ] NFC…N_KRONA:KRONA_KTIMPORTTEXT -
[-        ] NFC…KRONA:MEGAN_RMA2INFO_KRONA -
[-        ] NFC…VISUALIZATION_KRONA:GUNZIP -
[-        ] NFC…ONA:KRONA_KTIMPORTTAXONOMY -
[-        ] NFC…ON_PROFILES:TAXPASTA_MERGE -
[-        ] NFC…FILES:TAXPASTA_STANDARDISE -
[-        ] NFC…CKEN_COMBINEBRACKENOUTPUTS -
Plus 7 more processes waiting for tasks…
WARN: [nf-core/taxprofiler] DIAMOND does not accept paired-end files as input. Only read 1 will be used for profiling. Running DIAMOND for sample POL.36 using only read 1.

executor >  slurm (61)
[-        ] NFC…PROFILER:TAXPROFILER:UNTAR -
[c0/4b443c] NFC…AXPROFILER:FASTQC (NZL.56) | 10 of 10 ✔
[-        ] NFC…ORTREAD_FASTP:FASTP_SINGLE -
[f1/982368] NFC…ASTP:FASTP_PAIRED (NZL.56) | 10 of 10 ✔
[92/dee0dc] NFC…:FASTQC_PROCESSED (NZL.56) | 10 of 10 ✔
[51/aab3f4] NFC…ERING:BBMAP_BBDUK (NZL.56) | 10 of 10 ✔
[1a/41b1f6] NFC…VAL:BOWTIE2_ALIGN (POL.36) | 4 of 10
[34/f949e9] NFC…AL:SAMTOOLS_INDEX (POL.36) | 3 of 4
[3b/18845d] NFC…AL:SAMTOOLS_STATS (NGA.50) | 2 of 3
[d9/fc2946] NFC…IAMOND_BLASTX (db6|POL.36) | 0 of 4
[-        ] NFC…:KRAKENTOOLS_KREPORT2KRONA -
[-        ] NFC…ON_KRONA:KAIJU_KAIJU2KRONA -
[-        ] NFC…ZATION_KRONA:KRONA_CLEANUP -
[-        ] NFC…N_KRONA:KRONA_KTIMPORTTEXT -
[-        ] NFC…KRONA:MEGAN_RMA2INFO_KRONA -
[-        ] NFC…VISUALIZATION_KRONA:GUNZIP -
[-        ] NFC…ONA:KRONA_KTIMPORTTAXONOMY -
[-        ] NFC…ON_PROFILES:TAXPASTA_MERGE -
[-        ] NFC…FILES:TAXPASTA_STANDARDISE -
[-        ] NFC…CKEN_COMBINEBRACKENOUTPUTS -
Plus 7 more processes waiting for tasks…
WARN: [nf-core/taxprofiler] DIAMOND does not accept paired-end files as input. Only read 1 will be used for profiling. Running DIAMOND for sample POL.36 using only read 1.

executor >  slurm (61)
[-        ] NFC…PROFILER:TAXPROFILER:UNTAR -
[c0/4b443c] NFC…AXPROFILER:FASTQC (NZL.56) | 10 of 10 ✔
[-        ] NFC…ORTREAD_FASTP:FASTP_SINGLE -
[f1/982368] NFC…ASTP:FASTP_PAIRED (NZL.56) | 10 of 10 ✔
[92/dee0dc] NFC…:FASTQC_PROCESSED (NZL.56) | 10 of 10 ✔
[51/aab3f4] NFC…ERING:BBMAP_BBDUK (NZL.56) | 10 of 10 ✔
[1a/41b1f6] NFC…VAL:BOWTIE2_ALIGN (POL.36) | 4 of 10
[34/f949e9] NFC…AL:SAMTOOLS_INDEX (POL.36) | 3 of 4
[3b/18845d] NFC…AL:SAMTOOLS_STATS (NGA.50) | 3 of 3
[d9/fc2946] NFC…IAMOND_BLASTX (db6|POL.36) | 0 of 4
[-        ] NFC…:KRAKENTOOLS_KREPORT2KRONA -
[-        ] NFC…ON_KRONA:KAIJU_KAIJU2KRONA -
[-        ] NFC…ZATION_KRONA:KRONA_CLEANUP -
[-        ] NFC…N_KRONA:KRONA_KTIMPORTTEXT -
[-        ] NFC…KRONA:MEGAN_RMA2INFO_KRONA -
[-        ] NFC…VISUALIZATION_KRONA:GUNZIP -
[-        ] NFC…ONA:KRONA_KTIMPORTTAXONOMY -
[-        ] NFC…ON_PROFILES:TAXPASTA_MERGE -
[-        ] NFC…FILES:TAXPASTA_STANDARDISE -
[-        ] NFC…CKEN_COMBINEBRACKENOUTPUTS -
Plus 7 more processes waiting for tasks…


executor >  slurm (61)
[-        ] NFC…PROFILER:TAXPROFILER:UNTAR -
[c0/4b443c] NFC…AXPROFILER:FASTQC (NZL.56) | 10 of 10 ✔
[-        ] NFC…ORTREAD_FASTP:FASTP_SINGLE -
[f1/982368] NFC…ASTP:FASTP_PAIRED (NZL.56) | 10 of 10 ✔
[92/dee0dc] NFC…:FASTQC_PROCESSED (NZL.56) | 10 of 10 ✔
[51/aab3f4] NFC…ERING:BBMAP_BBDUK (NZL.56) | 10 of 10 ✔
[1a/41b1f6] NFC…VAL:BOWTIE2_ALIGN (POL.36) | 4 of 10
[34/f949e9] NFC…AL:SAMTOOLS_INDEX (POL.36) | 4 of 4
[3b/18845d] NFC…AL:SAMTOOLS_STATS (NGA.50) | 3 of 4
[d9/fc2946] NFC…IAMOND_BLASTX (db6|POL.36) | 0 of 4
[-        ] NFC…:KRAKENTOOLS_KREPORT2KRONA -
[-        ] NFC…ON_KRONA:KAIJU_KAIJU2KRONA -
[-        ] NFC…ZATION_KRONA:KRONA_CLEANUP -
[-        ] NFC…N_KRONA:KRONA_KTIMPORTTEXT -
[-        ] NFC…KRONA:MEGAN_RMA2INFO_KRONA -
[-        ] NFC…VISUALIZATION_KRONA:GUNZIP -
[-        ] NFC…ONA:KRONA_KTIMPORTTAXONOMY -
[-        ] NFC…ON_PROFILES:TAXPASTA_MERGE -
[-        ] NFC…FILES:TAXPASTA_STANDARDISE -
[-        ] NFC…CKEN_COMBINEBRACKENOUTPUTS -
Plus 7 more processes waiting for tasks…


executor >  slurm (62)
[-        ] NFC…PROFILER:TAXPROFILER:UNTAR -
[c0/4b443c] NFC…AXPROFILER:FASTQC (NZL.56) | 10 of 10 ✔
[-        ] NFC…ORTREAD_FASTP:FASTP_SINGLE -
[f1/982368] NFC…ASTP:FASTP_PAIRED (NZL.56) | 10 of 10 ✔
[92/dee0dc] NFC…:FASTQC_PROCESSED (NZL.56) | 10 of 10 ✔
[51/aab3f4] NFC…ERING:BBMAP_BBDUK (NZL.56) | 10 of 10 ✔
[1a/41b1f6] NFC…VAL:BOWTIE2_ALIGN (POL.36) | 4 of 10
[34/f949e9] NFC…AL:SAMTOOLS_INDEX (POL.36) | 4 of 4
[0d/e6c3a3] NFC…AL:SAMTOOLS_STATS (POL.36) | 3 of 4
[d9/fc2946] NFC…IAMOND_BLASTX (db6|POL.36) | 0 of 4
[-        ] NFC…:KRAKENTOOLS_KREPORT2KRONA -
[-        ] NFC…ON_KRONA:KAIJU_KAIJU2KRONA -
[-        ] NFC…ZATION_KRONA:KRONA_CLEANUP -
[-        ] NFC…N_KRONA:KRONA_KTIMPORTTEXT -
[-        ] NFC…KRONA:MEGAN_RMA2INFO_KRONA -
[-        ] NFC…VISUALIZATION_KRONA:GUNZIP -
[-        ] NFC…ONA:KRONA_KTIMPORTTAXONOMY -
[-        ] NFC…ON_PROFILES:TAXPASTA_MERGE -
[-        ] NFC…FILES:TAXPASTA_STANDARDISE -
[-        ] NFC…CKEN_COMBINEBRACKENOUTPUTS -
Plus 7 more processes waiting for tasks…

executor >  slurm (62)
[-        ] NFC…PROFILER:TAXPROFILER:UNTAR -
[c0/4b443c] NFC…AXPROFILER:FASTQC (NZL.56) | 10 of 10 ✔
[-        ] NFC…ORTREAD_FASTP:FASTP_SINGLE -
[f1/982368] NFC…ASTP:FASTP_PAIRED (NZL.56) | 10 of 10 ✔
[92/dee0dc] NFC…:FASTQC_PROCESSED (NZL.56) | 10 of 10 ✔
[51/aab3f4] NFC…ERING:BBMAP_BBDUK (NZL.56) | 10 of 10 ✔
[1a/41b1f6] NFC…VAL:BOWTIE2_ALIGN (POL.36) | 4 of 10
[34/f949e9] NFC…AL:SAMTOOLS_INDEX (POL.36) | 4 of 4
[0d/e6c3a3] NFC…AL:SAMTOOLS_STATS (POL.36) | 3 of 4
[d9/fc2946] NFC…IAMOND_BLASTX (db6|POL.36) | 0 of 4
[-        ] NFC…:KRAKENTOOLS_KREPORT2KRONA -
[-        ] NFC…ON_KRONA:KAIJU_KAIJU2KRONA -
[-        ] NFC…ZATION_KRONA:KRONA_CLEANUP -
[-        ] NFC…N_KRONA:KRONA_KTIMPORTTEXT -
[-        ] NFC…KRONA:MEGAN_RMA2INFO_KRONA -
[-        ] NFC…VISUALIZATION_KRONA:GUNZIP -
[-        ] NFC…ONA:KRONA_KTIMPORTTAXONOMY -
[-        ] NFC…ON_PROFILES:TAXPASTA_MERGE -
[-        ] NFC…FILES:TAXPASTA_STANDARDISE -
[-        ] NFC…CKEN_COMBINEBRACKENOUTPUTS -
Plus 7 more processes waiting for tasks…

executor >  slurm (64)
[-        ] NFC…PROFILER:TAXPROFILER:UNTAR -
[c0/4b443c] NFC…AXPROFILER:FASTQC (NZL.56) | 10 of 10 ✔
[-        ] NFC…ORTREAD_FASTP:FASTP_SINGLE -
[f1/982368] NFC…ASTP:FASTP_PAIRED (NZL.56) | 10 of 10 ✔
[92/dee0dc] NFC…:FASTQC_PROCESSED (NZL.56) | 10 of 10 ✔
[51/aab3f4] NFC…ERING:BBMAP_BBDUK (NZL.56) | 10 of 10 ✔
[a7/de4489] NFC…VAL:BOWTIE2_ALIGN (PER.35) | 5 of 10
[a7/1c54e7] NFC…AL:SAMTOOLS_INDEX (PER.35) | 4 of 5
[0d/e6c3a3] NFC…AL:SAMTOOLS_STATS (POL.36) | 3 of 4
[98/9509b3] NFC…IAMOND_BLASTX (db6|PER.35) | 0 of 5
[-        ] NFC…:KRAKENTOOLS_KREPORT2KRONA -
[-        ] NFC…ON_KRONA:KAIJU_KAIJU2KRONA -
[-        ] NFC…ZATION_KRONA:KRONA_CLEANUP -
[-        ] NFC…N_KRONA:KRONA_KTIMPORTTEXT -
[-        ] NFC…KRONA:MEGAN_RMA2INFO_KRONA -
[-        ] NFC…VISUALIZATION_KRONA:GUNZIP -
[-        ] NFC…ONA:KRONA_KTIMPORTTAXONOMY -
[-        ] NFC…ON_PROFILES:TAXPASTA_MERGE -
[-        ] NFC…FILES:TAXPASTA_STANDARDISE -
[-        ] NFC…CKEN_COMBINEBRACKENOUTPUTS -
Plus 7 more processes waiting for tasks…
WARN: [nf-core/taxprofiler] DIAMOND does not accept paired-end files as input. Only read 1 will be used for profiling. Running DIAMOND for sample PER.35 using only read 1.

executor >  slurm (64)
[-        ] NFC…PROFILER:TAXPROFILER:UNTAR -
[c0/4b443c] NFC…AXPROFILER:FASTQC (NZL.56) | 10 of 10 ✔
[-        ] NFC…ORTREAD_FASTP:FASTP_SINGLE -
[f1/982368] NFC…ASTP:FASTP_PAIRED (NZL.56) | 10 of 10 ✔
[92/dee0dc] NFC…:FASTQC_PROCESSED (NZL.56) | 10 of 10 ✔
[51/aab3f4] NFC…ERING:BBMAP_BBDUK (NZL.56) | 10 of 10 ✔
[a7/de4489] NFC…VAL:BOWTIE2_ALIGN (PER.35) | 5 of 10
[a7/1c54e7] NFC…AL:SAMTOOLS_INDEX (PER.35) | 4 of 5
[0d/e6c3a3] NFC…AL:SAMTOOLS_STATS (POL.36) | 3 of 4
[98/9509b3] NFC…IAMOND_BLASTX (db6|PER.35) | 0 of 5
[-        ] NFC…:KRAKENTOOLS_KREPORT2KRONA -
[-        ] NFC…ON_KRONA:KAIJU_KAIJU2KRONA -
[-        ] NFC…ZATION_KRONA:KRONA_CLEANUP -
[-        ] NFC…N_KRONA:KRONA_KTIMPORTTEXT -
[-        ] NFC…KRONA:MEGAN_RMA2INFO_KRONA -
[-        ] NFC…VISUALIZATION_KRONA:GUNZIP -
[-        ] NFC…ONA:KRONA_KTIMPORTTAXONOMY -
[-        ] NFC…ON_PROFILES:TAXPASTA_MERGE -
[-        ] NFC…FILES:TAXPASTA_STANDARDISE -
[-        ] NFC…CKEN_COMBINEBRACKENOUTPUTS -
Plus 7 more processes waiting for tasks…
WARN: [nf-core/taxprofiler] DIAMOND does not accept paired-end files as input. Only read 1 will be used for profiling. Running DIAMOND for sample PER.35 using only read 1.

executor >  slurm (64)
[-        ] NFC…PROFILER:TAXPROFILER:UNTAR -
[c0/4b443c] NFC…AXPROFILER:FASTQC (NZL.56) | 10 of 10 ✔
[-        ] NFC…ORTREAD_FASTP:FASTP_SINGLE -
[f1/982368] NFC…ASTP:FASTP_PAIRED (NZL.56) | 10 of 10 ✔
[92/dee0dc] NFC…:FASTQC_PROCESSED (NZL.56) | 10 of 10 ✔
[51/aab3f4] NFC…ERING:BBMAP_BBDUK (NZL.56) | 10 of 10 ✔
[a7/de4489] NFC…VAL:BOWTIE2_ALIGN (PER.35) | 5 of 10
[a7/1c54e7] NFC…AL:SAMTOOLS_INDEX (PER.35) | 4 of 5
[0d/e6c3a3] NFC…AL:SAMTOOLS_STATS (POL.36) | 4 of 4
[98/9509b3] NFC…IAMOND_BLASTX (db6|PER.35) | 0 of 5
[-        ] NFC…:KRAKENTOOLS_KREPORT2KRONA -
[-        ] NFC…ON_KRONA:KAIJU_KAIJU2KRONA -
[-        ] NFC…ZATION_KRONA:KRONA_CLEANUP -
[-        ] NFC…N_KRONA:KRONA_KTIMPORTTEXT -
[-        ] NFC…KRONA:MEGAN_RMA2INFO_KRONA -
[-        ] NFC…VISUALIZATION_KRONA:GUNZIP -
[-        ] NFC…ONA:KRONA_KTIMPORTTAXONOMY -
[-        ] NFC…ON_PROFILES:TAXPASTA_MERGE -
[-        ] NFC…FILES:TAXPASTA_STANDARDISE -
[-        ] NFC…CKEN_COMBINEBRACKENOUTPUTS -
Plus 7 more processes waiting for tasks…
WARN: [nf-core/taxprofiler] DIAMOND does not accept paired-end files as input. Only read 1 will be used for profiling. Running DIAMOND for sample PER.35 using only read 1.

executor >  slurm (65)
[-        ] NFC…PROFILER:TAXPROFILER:UNTAR -
[c0/4b443c] NFC…AXPROFILER:FASTQC (NZL.56) | 10 of 10 ✔
[-        ] NFC…ORTREAD_FASTP:FASTP_SINGLE -
[f1/982368] NFC…ASTP:FASTP_PAIRED (NZL.56) | 10 of 10 ✔
[92/dee0dc] NFC…:FASTQC_PROCESSED (NZL.56) | 10 of 10 ✔
[51/aab3f4] NFC…ERING:BBMAP_BBDUK (NZL.56) | 10 of 10 ✔
[a7/de4489] NFC…VAL:BOWTIE2_ALIGN (PER.35) | 5 of 10
[a7/1c54e7] NFC…AL:SAMTOOLS_INDEX (PER.35) | 5 of 5
[4e/1a6d29] NFC…AL:SAMTOOLS_STATS (PER.35) | 4 of 5
[98/9509b3] NFC…IAMOND_BLASTX (db6|PER.35) | 0 of 5
[-        ] NFC…:KRAKENTOOLS_KREPORT2KRONA -
[-        ] NFC…ON_KRONA:KAIJU_KAIJU2KRONA -
[-        ] NFC…ZATION_KRONA:KRONA_CLEANUP -
[-        ] NFC…N_KRONA:KRONA_KTIMPORTTEXT -
[-        ] NFC…KRONA:MEGAN_RMA2INFO_KRONA -
[-        ] NFC…VISUALIZATION_KRONA:GUNZIP -
[-        ] NFC…ONA:KRONA_KTIMPORTTAXONOMY -
[-        ] NFC…ON_PROFILES:TAXPASTA_MERGE -
[-        ] NFC…FILES:TAXPASTA_STANDARDISE -
[-        ] NFC…CKEN_COMBINEBRACKENOUTPUTS -
Plus 7 more processes waiting for tasks…


executor >  slurm (65)
[-        ] NFC…PROFILER:TAXPROFILER:UNTAR -
[c0/4b443c] NFC…AXPROFILER:FASTQC (NZL.56) | 10 of 10 ✔
[-        ] NFC…ORTREAD_FASTP:FASTP_SINGLE -
[f1/982368] NFC…ASTP:FASTP_PAIRED (NZL.56) | 10 of 10 ✔
[92/dee0dc] NFC…:FASTQC_PROCESSED (NZL.56) | 10 of 10 ✔
[51/aab3f4] NFC…ERING:BBMAP_BBDUK (NZL.56) | 10 of 10 ✔
[a7/de4489] NFC…VAL:BOWTIE2_ALIGN (PER.35) | 5 of 10
[a7/1c54e7] NFC…AL:SAMTOOLS_INDEX (PER.35) | 5 of 5
[4e/1a6d29] NFC…AL:SAMTOOLS_STATS (PER.35) | 4 of 5
[98/9509b3] NFC…IAMOND_BLASTX (db6|PER.35) | 0 of 5
[-        ] NFC…:KRAKENTOOLS_KREPORT2KRONA -
[-        ] NFC…ON_KRONA:KAIJU_KAIJU2KRONA -
[-        ] NFC…ZATION_KRONA:KRONA_CLEANUP -
[-        ] NFC…N_KRONA:KRONA_KTIMPORTTEXT -
[-        ] NFC…KRONA:MEGAN_RMA2INFO_KRONA -
[-        ] NFC…VISUALIZATION_KRONA:GUNZIP -
[-        ] NFC…ONA:KRONA_KTIMPORTTAXONOMY -
[-        ] NFC…ON_PROFILES:TAXPASTA_MERGE -
[-        ] NFC…FILES:TAXPASTA_STANDARDISE -
[-        ] NFC…CKEN_COMBINEBRACKENOUTPUTS -
Plus 7 more processes waiting for tasks…


executor >  slurm (65)
[-        ] NFC…PROFILER:TAXPROFILER:UNTAR -
[c0/4b443c] NFC…AXPROFILER:FASTQC (NZL.56) | 10 of 10 ✔
[-        ] NFC…ORTREAD_FASTP:FASTP_SINGLE -
[f1/982368] NFC…ASTP:FASTP_PAIRED (NZL.56) | 10 of 10 ✔
[92/dee0dc] NFC…:FASTQC_PROCESSED (NZL.56) | 10 of 10 ✔
[51/aab3f4] NFC…ERING:BBMAP_BBDUK (NZL.56) | 10 of 10 ✔
[a7/de4489] NFC…VAL:BOWTIE2_ALIGN (PER.35) | 5 of 10
[a7/1c54e7] NFC…AL:SAMTOOLS_INDEX (PER.35) | 5 of 5
[4e/1a6d29] NFC…AL:SAMTOOLS_STATS (PER.35) | 5 of 5
[98/9509b3] NFC…IAMOND_BLASTX (db6|PER.35) | 0 of 5
[-        ] NFC…:KRAKENTOOLS_KREPORT2KRONA -
[-        ] NFC…ON_KRONA:KAIJU_KAIJU2KRONA -
[-        ] NFC…ZATION_KRONA:KRONA_CLEANUP -
[-        ] NFC…N_KRONA:KRONA_KTIMPORTTEXT -
[-        ] NFC…KRONA:MEGAN_RMA2INFO_KRONA -
[-        ] NFC…VISUALIZATION_KRONA:GUNZIP -
[-        ] NFC…ONA:KRONA_KTIMPORTTAXONOMY -
[-        ] NFC…ON_PROFILES:TAXPASTA_MERGE -
[-        ] NFC…FILES:TAXPASTA_STANDARDISE -
[-        ] NFC…CKEN_COMBINEBRACKENOUTPUTS -
Plus 7 more processes waiting for tasks…

executor >  slurm (67)
[-        ] NFC…PROFILER:TAXPROFILER:UNTAR -
[c0/4b443c] NFC…AXPROFILER:FASTQC (NZL.56) | 10 of 10 ✔
[-        ] NFC…ORTREAD_FASTP:FASTP_SINGLE -
[f1/982368] NFC…ASTP:FASTP_PAIRED (NZL.56) | 10 of 10 ✔
[92/dee0dc] NFC…:FASTQC_PROCESSED (NZL.56) | 10 of 10 ✔
[51/aab3f4] NFC…ERING:BBMAP_BBDUK (NZL.56) | 10 of 10 ✔
[69/877042] NFC…VAL:BOWTIE2_ALIGN (NOR.34) | 6 of 10
[df/81ca4b] NFC…AL:SAMTOOLS_INDEX (NOR.34) | 5 of 6
[4e/1a6d29] NFC…AL:SAMTOOLS_STATS (PER.35) | 5 of 5
[84/0fb71d] NFC…IAMOND_BLASTX (db6|NOR.34) | 0 of 6
[-        ] NFC…:KRAKENTOOLS_KREPORT2KRONA -
[-        ] NFC…ON_KRONA:KAIJU_KAIJU2KRONA -
[-        ] NFC…ZATION_KRONA:KRONA_CLEANUP -
[-        ] NFC…N_KRONA:KRONA_KTIMPORTTEXT -
[-        ] NFC…KRONA:MEGAN_RMA2INFO_KRONA -
[-        ] NFC…VISUALIZATION_KRONA:GUNZIP -
[-        ] NFC…ONA:KRONA_KTIMPORTTAXONOMY -
[-        ] NFC…ON_PROFILES:TAXPASTA_MERGE -
[-        ] NFC…FILES:TAXPASTA_STANDARDISE -
[-        ] NFC…CKEN_COMBINEBRACKENOUTPUTS -
Plus 7 more processes waiting for tasks…
WARN: [nf-core/taxprofiler] DIAMOND does not accept paired-end files as input. Only read 1 will be used for profiling. Running DIAMOND for sample NOR.34 using only read 1.

executor >  slurm (67)
[-        ] NFC…PROFILER:TAXPROFILER:UNTAR -
[c0/4b443c] NFC…AXPROFILER:FASTQC (NZL.56) | 10 of 10 ✔
[-        ] NFC…ORTREAD_FASTP:FASTP_SINGLE -
[f1/982368] NFC…ASTP:FASTP_PAIRED (NZL.56) | 10 of 10 ✔
[92/dee0dc] NFC…:FASTQC_PROCESSED (NZL.56) | 10 of 10 ✔
[51/aab3f4] NFC…ERING:BBMAP_BBDUK (NZL.56) | 10 of 10 ✔
[69/877042] NFC…VAL:BOWTIE2_ALIGN (NOR.34) | 6 of 10
[df/81ca4b] NFC…AL:SAMTOOLS_INDEX (NOR.34) | 5 of 6
[4e/1a6d29] NFC…AL:SAMTOOLS_STATS (PER.35) | 5 of 5
[84/0fb71d] NFC…IAMOND_BLASTX (db6|NOR.34) | 0 of 6
[-        ] NFC…:KRAKENTOOLS_KREPORT2KRONA -
[-        ] NFC…ON_KRONA:KAIJU_KAIJU2KRONA -
[-        ] NFC…ZATION_KRONA:KRONA_CLEANUP -
[-        ] NFC…N_KRONA:KRONA_KTIMPORTTEXT -
[-        ] NFC…KRONA:MEGAN_RMA2INFO_KRONA -
[-        ] NFC…VISUALIZATION_KRONA:GUNZIP -
[-        ] NFC…ONA:KRONA_KTIMPORTTAXONOMY -
[-        ] NFC…ON_PROFILES:TAXPASTA_MERGE -
[-        ] NFC…FILES:TAXPASTA_STANDARDISE -
[-        ] NFC…CKEN_COMBINEBRACKENOUTPUTS -
Plus 7 more processes waiting for tasks…
WARN: [nf-core/taxprofiler] DIAMOND does not accept paired-end files as input. Only read 1 will be used for profiling. Running DIAMOND for sample NOR.34 using only read 1.

executor >  slurm (67)
[-        ] NFC…PROFILER:TAXPROFILER:UNTAR -
[c0/4b443c] NFC…AXPROFILER:FASTQC (NZL.56) | 10 of 10 ✔
[-        ] NFC…ORTREAD_FASTP:FASTP_SINGLE -
[f1/982368] NFC…ASTP:FASTP_PAIRED (NZL.56) | 10 of 10 ✔
[92/dee0dc] NFC…:FASTQC_PROCESSED (NZL.56) | 10 of 10 ✔
[51/aab3f4] NFC…ERING:BBMAP_BBDUK (NZL.56) | 10 of 10 ✔
[69/877042] NFC…VAL:BOWTIE2_ALIGN (NOR.34) | 6 of 10
[df/81ca4b] NFC…AL:SAMTOOLS_INDEX (NOR.34) | 6 of 6
[4e/1a6d29] NFC…AL:SAMTOOLS_STATS (PER.35) | 5 of 5
[84/0fb71d] NFC…IAMOND_BLASTX (db6|NOR.34) | 0 of 6
[-        ] NFC…:KRAKENTOOLS_KREPORT2KRONA -
[-        ] NFC…ON_KRONA:KAIJU_KAIJU2KRONA -
[-        ] NFC…ZATION_KRONA:KRONA_CLEANUP -
[-        ] NFC…N_KRONA:KRONA_KTIMPORTTEXT -
[-        ] NFC…KRONA:MEGAN_RMA2INFO_KRONA -
[-        ] NFC…VISUALIZATION_KRONA:GUNZIP -
[-        ] NFC…ONA:KRONA_KTIMPORTTAXONOMY -
[-        ] NFC…ON_PROFILES:TAXPASTA_MERGE -
[-        ] NFC…FILES:TAXPASTA_STANDARDISE -
[-        ] NFC…CKEN_COMBINEBRACKENOUTPUTS -
Plus 7 more processes waiting for tasks…


executor >  slurm (68)
[-        ] NFC…PROFILER:TAXPROFILER:UNTAR -
[c0/4b443c] NFC…AXPROFILER:FASTQC (NZL.56) | 10 of 10 ✔
[-        ] NFC…ORTREAD_FASTP:FASTP_SINGLE -
[f1/982368] NFC…ASTP:FASTP_PAIRED (NZL.56) | 10 of 10 ✔
[92/dee0dc] NFC…:FASTQC_PROCESSED (NZL.56) | 10 of 10 ✔
[51/aab3f4] NFC…ERING:BBMAP_BBDUK (NZL.56) | 10 of 10 ✔
[69/877042] NFC…VAL:BOWTIE2_ALIGN (NOR.34) | 6 of 10
[df/81ca4b] NFC…AL:SAMTOOLS_INDEX (NOR.34) | 6 of 6
[5b/67b4b1] NFC…AL:SAMTOOLS_STATS (NOR.34) | 5 of 6
[84/0fb71d] NFC…IAMOND_BLASTX (db6|NOR.34) | 0 of 6
[-        ] NFC…:KRAKENTOOLS_KREPORT2KRONA -
[-        ] NFC…ON_KRONA:KAIJU_KAIJU2KRONA -
[-        ] NFC…ZATION_KRONA:KRONA_CLEANUP -
[-        ] NFC…N_KRONA:KRONA_KTIMPORTTEXT -
[-        ] NFC…KRONA:MEGAN_RMA2INFO_KRONA -
[-        ] NFC…VISUALIZATION_KRONA:GUNZIP -
[-        ] NFC…ONA:KRONA_KTIMPORTTAXONOMY -
[-        ] NFC…ON_PROFILES:TAXPASTA_MERGE -
[-        ] NFC…FILES:TAXPASTA_STANDARDISE -
[-        ] NFC…CKEN_COMBINEBRACKENOUTPUTS -
Plus 7 more processes waiting for tasks…


executor >  slurm (68)
[-        ] NFC…PROFILER:TAXPROFILER:UNTAR -
[c0/4b443c] NFC…AXPROFILER:FASTQC (NZL.56) | 10 of 10 ✔
[-        ] NFC…ORTREAD_FASTP:FASTP_SINGLE -
[f1/982368] NFC…ASTP:FASTP_PAIRED (NZL.56) | 10 of 10 ✔
[92/dee0dc] NFC…:FASTQC_PROCESSED (NZL.56) | 10 of 10 ✔
[51/aab3f4] NFC…ERING:BBMAP_BBDUK (NZL.56) | 10 of 10 ✔
[69/877042] NFC…VAL:BOWTIE2_ALIGN (NOR.34) | 6 of 10
[df/81ca4b] NFC…AL:SAMTOOLS_INDEX (NOR.34) | 6 of 6
[5b/67b4b1] NFC…AL:SAMTOOLS_STATS (NOR.34) | 5 of 6
[84/0fb71d] NFC…IAMOND_BLASTX (db6|NOR.34) | 0 of 6
[-        ] NFC…:KRAKENTOOLS_KREPORT2KRONA -
[-        ] NFC…ON_KRONA:KAIJU_KAIJU2KRONA -
[-        ] NFC…ZATION_KRONA:KRONA_CLEANUP -
[-        ] NFC…N_KRONA:KRONA_KTIMPORTTEXT -
[-        ] NFC…KRONA:MEGAN_RMA2INFO_KRONA -
[-        ] NFC…VISUALIZATION_KRONA:GUNZIP -
[-        ] NFC…ONA:KRONA_KTIMPORTTAXONOMY -
[-        ] NFC…ON_PROFILES:TAXPASTA_MERGE -
[-        ] NFC…FILES:TAXPASTA_STANDARDISE -
[-        ] NFC…CKEN_COMBINEBRACKENOUTPUTS -
Plus 7 more processes waiting for tasks…

executor >  slurm (68)
[-        ] NFC…PROFILER:TAXPROFILER:UNTAR -
[c0/4b443c] NFC…AXPROFILER:FASTQC (NZL.56) | 10 of 10 ✔
[-        ] NFC…ORTREAD_FASTP:FASTP_SINGLE -
[f1/982368] NFC…ASTP:FASTP_PAIRED (NZL.56) | 10 of 10 ✔
[92/dee0dc] NFC…:FASTQC_PROCESSED (NZL.56) | 10 of 10 ✔
[51/aab3f4] NFC…ERING:BBMAP_BBDUK (NZL.56) | 10 of 10 ✔
[69/877042] NFC…VAL:BOWTIE2_ALIGN (NOR.34) | 6 of 10
[df/81ca4b] NFC…AL:SAMTOOLS_INDEX (NOR.34) | 6 of 6
[5b/67b4b1] NFC…AL:SAMTOOLS_STATS (NOR.34) | 6 of 6
[84/0fb71d] NFC…IAMOND_BLASTX (db6|NOR.34) | 0 of 6
[-        ] NFC…:KRAKENTOOLS_KREPORT2KRONA -
[-        ] NFC…ON_KRONA:KAIJU_KAIJU2KRONA -
[-        ] NFC…ZATION_KRONA:KRONA_CLEANUP -
[-        ] NFC…N_KRONA:KRONA_KTIMPORTTEXT -
[-        ] NFC…KRONA:MEGAN_RMA2INFO_KRONA -
[-        ] NFC…VISUALIZATION_KRONA:GUNZIP -
[-        ] NFC…ONA:KRONA_KTIMPORTTAXONOMY -
[-        ] NFC…ON_PROFILES:TAXPASTA_MERGE -
[-        ] NFC…FILES:TAXPASTA_STANDARDISE -
[-        ] NFC…CKEN_COMBINEBRACKENOUTPUTS -
Plus 7 more processes waiting for tasks…

executor >  slurm (69)
[-        ] NFC…PROFILER:TAXPROFILER:UNTAR -
[c0/4b443c] NFC…AXPROFILER:FASTQC (NZL.56) | 10 of 10 ✔
[-        ] NFC…ORTREAD_FASTP:FASTP_SINGLE -
[f1/982368] NFC…ASTP:FASTP_PAIRED (NZL.56) | 10 of 10 ✔
[92/dee0dc] NFC…:FASTQC_PROCESSED (NZL.56) | 10 of 10 ✔
[51/aab3f4] NFC…ERING:BBMAP_BBDUK (NZL.56) | 10 of 10 ✔
[44/de7e8f] NFC…OVAL:BOWTIE2_ALIGN (PAK.7) | 7 of 10
[52/960faf] NFC…VAL:SAMTOOLS_INDEX (PAK.7) | 6 of 7
[5b/67b4b1] NFC…AL:SAMTOOLS_STATS (NOR.34) | 6 of 6
[84/0fb71d] NFC…IAMOND_BLASTX (db6|NOR.34) | 0 of 7
[-        ] NFC…:KRAKENTOOLS_KREPORT2KRONA -
[-        ] NFC…ON_KRONA:KAIJU_KAIJU2KRONA -
[-        ] NFC…ZATION_KRONA:KRONA_CLEANUP -
[-        ] NFC…N_KRONA:KRONA_KTIMPORTTEXT -
[-        ] NFC…KRONA:MEGAN_RMA2INFO_KRONA -
[-        ] NFC…VISUALIZATION_KRONA:GUNZIP -
[-        ] NFC…ONA:KRONA_KTIMPORTTAXONOMY -
[-        ] NFC…ON_PROFILES:TAXPASTA_MERGE -
[-        ] NFC…FILES:TAXPASTA_STANDARDISE -
[-        ] NFC…CKEN_COMBINEBRACKENOUTPUTS -
Plus 7 more processes waiting for tasks…
WARN: [nf-core/taxprofiler] DIAMOND does not accept paired-end files as input. Only read 1 will be used for profiling. Running DIAMOND for sample PAK.7 using only read 1.

executor >  slurm (70)
[-        ] NFC…PROFILER:TAXPROFILER:UNTAR -
[c0/4b443c] NFC…AXPROFILER:FASTQC (NZL.56) | 10 of 10 ✔
[-        ] NFC…ORTREAD_FASTP:FASTP_SINGLE -
[f1/982368] NFC…ASTP:FASTP_PAIRED (NZL.56) | 10 of 10 ✔
[92/dee0dc] NFC…:FASTQC_PROCESSED (NZL.56) | 10 of 10 ✔
[51/aab3f4] NFC…ERING:BBMAP_BBDUK (NZL.56) | 10 of 10 ✔
[44/de7e8f] NFC…OVAL:BOWTIE2_ALIGN (PAK.7) | 7 of 10
[52/960faf] NFC…VAL:SAMTOOLS_INDEX (PAK.7) | 6 of 7
[5b/67b4b1] NFC…AL:SAMTOOLS_STATS (NOR.34) | 6 of 6
[49/2ffd66] NFC…DIAMOND_BLASTX (db6|PAK.7) | 0 of 7
[-        ] NFC…:KRAKENTOOLS_KREPORT2KRONA -
[-        ] NFC…ON_KRONA:KAIJU_KAIJU2KRONA -
[-        ] NFC…ZATION_KRONA:KRONA_CLEANUP -
[-        ] NFC…N_KRONA:KRONA_KTIMPORTTEXT -
[-        ] NFC…KRONA:MEGAN_RMA2INFO_KRONA -
[-        ] NFC…VISUALIZATION_KRONA:GUNZIP -
[-        ] NFC…ONA:KRONA_KTIMPORTTAXONOMY -
[-        ] NFC…ON_PROFILES:TAXPASTA_MERGE -
[-        ] NFC…FILES:TAXPASTA_STANDARDISE -
[-        ] NFC…CKEN_COMBINEBRACKENOUTPUTS -
Plus 7 more processes waiting for tasks…
WARN: [nf-core/taxprofiler] DIAMOND does not accept paired-end files as input. Only read 1 will be used for profiling. Running DIAMOND for sample PAK.7 using only read 1.

executor >  slurm (70)
[-        ] NFC…PROFILER:TAXPROFILER:UNTAR -
[c0/4b443c] NFC…AXPROFILER:FASTQC (NZL.56) | 10 of 10 ✔
[-        ] NFC…ORTREAD_FASTP:FASTP_SINGLE -
[f1/982368] NFC…ASTP:FASTP_PAIRED (NZL.56) | 10 of 10 ✔
[92/dee0dc] NFC…:FASTQC_PROCESSED (NZL.56) | 10 of 10 ✔
[51/aab3f4] NFC…ERING:BBMAP_BBDUK (NZL.56) | 10 of 10 ✔
[44/de7e8f] NFC…OVAL:BOWTIE2_ALIGN (PAK.7) | 7 of 10
[52/960faf] NFC…VAL:SAMTOOLS_INDEX (PAK.7) | 6 of 7
[5b/67b4b1] NFC…AL:SAMTOOLS_STATS (NOR.34) | 6 of 6
[49/2ffd66] NFC…DIAMOND_BLASTX (db6|PAK.7) | 0 of 7
[-        ] NFC…:KRAKENTOOLS_KREPORT2KRONA -
[-        ] NFC…ON_KRONA:KAIJU_KAIJU2KRONA -
[-        ] NFC…ZATION_KRONA:KRONA_CLEANUP -
[-        ] NFC…N_KRONA:KRONA_KTIMPORTTEXT -
[-        ] NFC…KRONA:MEGAN_RMA2INFO_KRONA -
[-        ] NFC…VISUALIZATION_KRONA:GUNZIP -
[-        ] NFC…ONA:KRONA_KTIMPORTTAXONOMY -
[-        ] NFC…ON_PROFILES:TAXPASTA_MERGE -
[-        ] NFC…FILES:TAXPASTA_STANDARDISE -
[-        ] NFC…CKEN_COMBINEBRACKENOUTPUTS -
Plus 7 more processes waiting for tasks…
WARN: [nf-core/taxprofiler] DIAMOND does not accept paired-end files as input. Only read 1 will be used for profiling. Running DIAMOND for sample PAK.7 using only read 1.

executor >  slurm (72)
[-        ] NFC…PROFILER:TAXPROFILER:UNTAR -
[c0/4b443c] NFC…AXPROFILER:FASTQC (NZL.56) | 10 of 10 ✔
[-        ] NFC…ORTREAD_FASTP:FASTP_SINGLE -
[f1/982368] NFC…ASTP:FASTP_PAIRED (NZL.56) | 10 of 10 ✔
[92/dee0dc] NFC…:FASTQC_PROCESSED (NZL.56) | 10 of 10 ✔
[51/aab3f4] NFC…ERING:BBMAP_BBDUK (NZL.56) | 10 of 10 ✔
[12/f4ce1f] NFC…VAL:BOWTIE2_ALIGN (NPL.33) | 8 of 10
[c8/c9bcf0] NFC…AL:SAMTOOLS_INDEX (NPL.33) | 6 of 8
[5b/67b4b1] NFC…AL:SAMTOOLS_STATS (NOR.34) | 6 of 6
[d1/31d1c3] NFC…IAMOND_BLASTX (db6|NPL.33) | 0 of 8
[-        ] NFC…:KRAKENTOOLS_KREPORT2KRONA -
[-        ] NFC…ON_KRONA:KAIJU_KAIJU2KRONA -
[-        ] NFC…ZATION_KRONA:KRONA_CLEANUP -
[-        ] NFC…N_KRONA:KRONA_KTIMPORTTEXT -
[-        ] NFC…KRONA:MEGAN_RMA2INFO_KRONA -
[-        ] NFC…VISUALIZATION_KRONA:GUNZIP -
[-        ] NFC…ONA:KRONA_KTIMPORTTAXONOMY -
[-        ] NFC…ON_PROFILES:TAXPASTA_MERGE -
[-        ] NFC…FILES:TAXPASTA_STANDARDISE -
[-        ] NFC…CKEN_COMBINEBRACKENOUTPUTS -
Plus 7 more processes waiting for tasks…
WARN: [nf-core/taxprofiler] DIAMOND does not accept paired-end files as input. Only read 1 will be used for profiling. Running DIAMOND for sample NPL.33 using only read 1.


executor >  slurm (72)
[-        ] NFC…PROFILER:TAXPROFILER:UNTAR -
[c0/4b443c] NFC…AXPROFILER:FASTQC (NZL.56) | 10 of 10 ✔
[-        ] NFC…ORTREAD_FASTP:FASTP_SINGLE -
[f1/982368] NFC…ASTP:FASTP_PAIRED (NZL.56) | 10 of 10 ✔
[92/dee0dc] NFC…:FASTQC_PROCESSED (NZL.56) | 10 of 10 ✔
[51/aab3f4] NFC…ERING:BBMAP_BBDUK (NZL.56) | 10 of 10 ✔
[12/f4ce1f] NFC…VAL:BOWTIE2_ALIGN (NPL.33) | 8 of 10
[c8/c9bcf0] NFC…AL:SAMTOOLS_INDEX (NPL.33) | 6 of 8
[5b/67b4b1] NFC…AL:SAMTOOLS_STATS (NOR.34) | 6 of 6
[d1/31d1c3] NFC…IAMOND_BLASTX (db6|NPL.33) | 0 of 8
[-        ] NFC…:KRAKENTOOLS_KREPORT2KRONA -
[-        ] NFC…ON_KRONA:KAIJU_KAIJU2KRONA -
[-        ] NFC…ZATION_KRONA:KRONA_CLEANUP -
[-        ] NFC…N_KRONA:KRONA_KTIMPORTTEXT -
[-        ] NFC…KRONA:MEGAN_RMA2INFO_KRONA -
[-        ] NFC…VISUALIZATION_KRONA:GUNZIP -
[-        ] NFC…ONA:KRONA_KTIMPORTTAXONOMY -
[-        ] NFC…ON_PROFILES:TAXPASTA_MERGE -
[-        ] NFC…FILES:TAXPASTA_STANDARDISE -
[-        ] NFC…CKEN_COMBINEBRACKENOUTPUTS -
Plus 7 more processes waiting for tasks…
WARN: [nf-core/taxprofiler] DIAMOND does not accept paired-end files as input. Only read 1 will be used for profiling. Running DIAMOND for sample NPL.33 using only read 1.


executor >  slurm (73)
[-        ] NFC…PROFILER:TAXPROFILER:UNTAR -
[c0/4b443c] NFC…AXPROFILER:FASTQC (NZL.56) | 10 of 10 ✔
[-        ] NFC…ORTREAD_FASTP:FASTP_SINGLE -
[f1/982368] NFC…ASTP:FASTP_PAIRED (NZL.56) | 10 of 10 ✔
[92/dee0dc] NFC…:FASTQC_PROCESSED (NZL.56) | 10 of 10 ✔
[51/aab3f4] NFC…ERING:BBMAP_BBDUK (NZL.56) | 10 of 10 ✔
[12/f4ce1f] NFC…VAL:BOWTIE2_ALIGN (NPL.33) | 8 of 10
[52/960faf] NFC…VAL:SAMTOOLS_INDEX (PAK.7) | 7 of 8
[82/1893b6] NFC…VAL:SAMTOOLS_STATS (PAK.7) | 6 of 7
[d1/31d1c3] NFC…IAMOND_BLASTX (db6|NPL.33) | 0 of 8
[-        ] NFC…:KRAKENTOOLS_KREPORT2KRONA -
[-        ] NFC…ON_KRONA:KAIJU_KAIJU2KRONA -
[-        ] NFC…ZATION_KRONA:KRONA_CLEANUP -
[-        ] NFC…N_KRONA:KRONA_KTIMPORTTEXT -
[-        ] NFC…KRONA:MEGAN_RMA2INFO_KRONA -
[-        ] NFC…VISUALIZATION_KRONA:GUNZIP -
[-        ] NFC…ONA:KRONA_KTIMPORTTAXONOMY -
[-        ] NFC…ON_PROFILES:TAXPASTA_MERGE -
[-        ] NFC…FILES:TAXPASTA_STANDARDISE -
[-        ] NFC…CKEN_COMBINEBRACKENOUTPUTS -
Plus 7 more processes waiting for tasks…


executor >  slurm (73)
[-        ] NFC…PROFILER:TAXPROFILER:UNTAR -
[c0/4b443c] NFC…AXPROFILER:FASTQC (NZL.56) | 10 of 10 ✔
[-        ] NFC…ORTREAD_FASTP:FASTP_SINGLE -
[f1/982368] NFC…ASTP:FASTP_PAIRED (NZL.56) | 10 of 10 ✔
[92/dee0dc] NFC…:FASTQC_PROCESSED (NZL.56) | 10 of 10 ✔
[51/aab3f4] NFC…ERING:BBMAP_BBDUK (NZL.56) | 10 of 10 ✔
[12/f4ce1f] NFC…VAL:BOWTIE2_ALIGN (NPL.33) | 8 of 10
[52/960faf] NFC…VAL:SAMTOOLS_INDEX (PAK.7) | 7 of 8
[82/1893b6] NFC…VAL:SAMTOOLS_STATS (PAK.7) | 6 of 7
[d1/31d1c3] NFC…IAMOND_BLASTX (db6|NPL.33) | 0 of 8
[-        ] NFC…:KRAKENTOOLS_KREPORT2KRONA -
[-        ] NFC…ON_KRONA:KAIJU_KAIJU2KRONA -
[-        ] NFC…ZATION_KRONA:KRONA_CLEANUP -
[-        ] NFC…N_KRONA:KRONA_KTIMPORTTEXT -
[-        ] NFC…KRONA:MEGAN_RMA2INFO_KRONA -
[-        ] NFC…VISUALIZATION_KRONA:GUNZIP -
[-        ] NFC…ONA:KRONA_KTIMPORTTAXONOMY -
[-        ] NFC…ON_PROFILES:TAXPASTA_MERGE -
[-        ] NFC…FILES:TAXPASTA_STANDARDISE -
[-        ] NFC…CKEN_COMBINEBRACKENOUTPUTS -
Plus 7 more processes waiting for tasks…


executor >  slurm (73)
[-        ] NFC…PROFILER:TAXPROFILER:UNTAR -
[c0/4b443c] NFC…AXPROFILER:FASTQC (NZL.56) | 10 of 10 ✔
[-        ] NFC…ORTREAD_FASTP:FASTP_SINGLE -
[f1/982368] NFC…ASTP:FASTP_PAIRED (NZL.56) | 10 of 10 ✔
[92/dee0dc] NFC…:FASTQC_PROCESSED (NZL.56) | 10 of 10 ✔
[51/aab3f4] NFC…ERING:BBMAP_BBDUK (NZL.56) | 10 of 10 ✔
[12/f4ce1f] NFC…VAL:BOWTIE2_ALIGN (NPL.33) | 8 of 10
[c8/c9bcf0] NFC…AL:SAMTOOLS_INDEX (NPL.33) | 8 of 8
[82/1893b6] NFC…VAL:SAMTOOLS_STATS (PAK.7) | 6 of 8
[d1/31d1c3] NFC…IAMOND_BLASTX (db6|NPL.33) | 0 of 8
[-        ] NFC…:KRAKENTOOLS_KREPORT2KRONA -
[-        ] NFC…ON_KRONA:KAIJU_KAIJU2KRONA -
[-        ] NFC…ZATION_KRONA:KRONA_CLEANUP -
[-        ] NFC…N_KRONA:KRONA_KTIMPORTTEXT -
[-        ] NFC…KRONA:MEGAN_RMA2INFO_KRONA -
[-        ] NFC…VISUALIZATION_KRONA:GUNZIP -
[-        ] NFC…ONA:KRONA_KTIMPORTTAXONOMY -
[-        ] NFC…ON_PROFILES:TAXPASTA_MERGE -
[-        ] NFC…FILES:TAXPASTA_STANDARDISE -
[-        ] NFC…CKEN_COMBINEBRACKENOUTPUTS -
Plus 7 more processes waiting for tasks…

executor >  slurm (74)
[-        ] NFC…PROFILER:TAXPROFILER:UNTAR -
[c0/4b443c] NFC…AXPROFILER:FASTQC (NZL.56) | 10 of 10 ✔
[-        ] NFC…ORTREAD_FASTP:FASTP_SINGLE -
[f1/982368] NFC…ASTP:FASTP_PAIRED (NZL.56) | 10 of 10 ✔
[92/dee0dc] NFC…:FASTQC_PROCESSED (NZL.56) | 10 of 10 ✔
[51/aab3f4] NFC…ERING:BBMAP_BBDUK (NZL.56) | 10 of 10 ✔
[12/f4ce1f] NFC…VAL:BOWTIE2_ALIGN (NPL.33) | 8 of 10
[c8/c9bcf0] NFC…AL:SAMTOOLS_INDEX (NPL.33) | 8 of 8
[56/6b9996] NFC…AL:SAMTOOLS_STATS (NPL.33) | 6 of 8
[d1/31d1c3] NFC…IAMOND_BLASTX (db6|NPL.33) | 0 of 8
[-        ] NFC…:KRAKENTOOLS_KREPORT2KRONA -
[-        ] NFC…ON_KRONA:KAIJU_KAIJU2KRONA -
[-        ] NFC…ZATION_KRONA:KRONA_CLEANUP -
[-        ] NFC…N_KRONA:KRONA_KTIMPORTTEXT -
[-        ] NFC…KRONA:MEGAN_RMA2INFO_KRONA -
[-        ] NFC…VISUALIZATION_KRONA:GUNZIP -
[-        ] NFC…ONA:KRONA_KTIMPORTTAXONOMY -
[-        ] NFC…ON_PROFILES:TAXPASTA_MERGE -
[-        ] NFC…FILES:TAXPASTA_STANDARDISE -
[-        ] NFC…CKEN_COMBINEBRACKENOUTPUTS -
Plus 7 more processes waiting for tasks…

executor >  slurm (74)
[-        ] NFC…PROFILER:TAXPROFILER:UNTAR -
[c0/4b443c] NFC…AXPROFILER:FASTQC (NZL.56) | 10 of 10 ✔
[-        ] NFC…ORTREAD_FASTP:FASTP_SINGLE -
[f1/982368] NFC…ASTP:FASTP_PAIRED (NZL.56) | 10 of 10 ✔
[92/dee0dc] NFC…:FASTQC_PROCESSED (NZL.56) | 10 of 10 ✔
[51/aab3f4] NFC…ERING:BBMAP_BBDUK (NZL.56) | 10 of 10 ✔
[12/f4ce1f] NFC…VAL:BOWTIE2_ALIGN (NPL.33) | 8 of 10
[c8/c9bcf0] NFC…AL:SAMTOOLS_INDEX (NPL.33) | 8 of 8
[56/6b9996] NFC…AL:SAMTOOLS_STATS (NPL.33) | 6 of 8
[d1/31d1c3] NFC…IAMOND_BLASTX (db6|NPL.33) | 0 of 8
[-        ] NFC…:KRAKENTOOLS_KREPORT2KRONA -
[-        ] NFC…ON_KRONA:KAIJU_KAIJU2KRONA -
[-        ] NFC…ZATION_KRONA:KRONA_CLEANUP -
[-        ] NFC…N_KRONA:KRONA_KTIMPORTTEXT -
[-        ] NFC…KRONA:MEGAN_RMA2INFO_KRONA -
[-        ] NFC…VISUALIZATION_KRONA:GUNZIP -
[-        ] NFC…ONA:KRONA_KTIMPORTTAXONOMY -
[-        ] NFC…ON_PROFILES:TAXPASTA_MERGE -
[-        ] NFC…FILES:TAXPASTA_STANDARDISE -
[-        ] NFC…CKEN_COMBINEBRACKENOUTPUTS -
Plus 7 more processes waiting for tasks…

executor >  slurm (74)
[-        ] NFC…PROFILER:TAXPROFILER:UNTAR -
[c0/4b443c] NFC…AXPROFILER:FASTQC (NZL.56) | 10 of 10 ✔
[-        ] NFC…ORTREAD_FASTP:FASTP_SINGLE -
[f1/982368] NFC…ASTP:FASTP_PAIRED (NZL.56) | 10 of 10 ✔
[92/dee0dc] NFC…:FASTQC_PROCESSED (NZL.56) | 10 of 10 ✔
[51/aab3f4] NFC…ERING:BBMAP_BBDUK (NZL.56) | 10 of 10 ✔
[12/f4ce1f] NFC…VAL:BOWTIE2_ALIGN (NPL.33) | 8 of 10
[c8/c9bcf0] NFC…AL:SAMTOOLS_INDEX (NPL.33) | 8 of 8
[82/1893b6] NFC…VAL:SAMTOOLS_STATS (PAK.7) | 7 of 8
[d1/31d1c3] NFC…IAMOND_BLASTX (db6|NPL.33) | 0 of 8
[-        ] NFC…:KRAKENTOOLS_KREPORT2KRONA -
[-        ] NFC…ON_KRONA:KAIJU_KAIJU2KRONA -
[-        ] NFC…ZATION_KRONA:KRONA_CLEANUP -
[-        ] NFC…N_KRONA:KRONA_KTIMPORTTEXT -
[-        ] NFC…KRONA:MEGAN_RMA2INFO_KRONA -
[-        ] NFC…VISUALIZATION_KRONA:GUNZIP -
[-        ] NFC…ONA:KRONA_KTIMPORTTAXONOMY -
[-        ] NFC…ON_PROFILES:TAXPASTA_MERGE -
[-        ] NFC…FILES:TAXPASTA_STANDARDISE -
[-        ] NFC…CKEN_COMBINEBRACKENOUTPUTS -
Plus 7 more processes waiting for tasks…

executor >  slurm (74)
[-        ] NFC…PROFILER:TAXPROFILER:UNTAR -
[c0/4b443c] NFC…AXPROFILER:FASTQC (NZL.56) | 10 of 10 ✔
[-        ] NFC…ORTREAD_FASTP:FASTP_SINGLE -
[f1/982368] NFC…ASTP:FASTP_PAIRED (NZL.56) | 10 of 10 ✔
[92/dee0dc] NFC…:FASTQC_PROCESSED (NZL.56) | 10 of 10 ✔
[51/aab3f4] NFC…ERING:BBMAP_BBDUK (NZL.56) | 10 of 10 ✔
[12/f4ce1f] NFC…VAL:BOWTIE2_ALIGN (NPL.33) | 8 of 10
[c8/c9bcf0] NFC…AL:SAMTOOLS_INDEX (NPL.33) | 8 of 8
[56/6b9996] NFC…AL:SAMTOOLS_STATS (NPL.33) | 8 of 8
[d1/31d1c3] NFC…IAMOND_BLASTX (db6|NPL.33) | 0 of 8
[-        ] NFC…:KRAKENTOOLS_KREPORT2KRONA -
[-        ] NFC…ON_KRONA:KAIJU_KAIJU2KRONA -
[-        ] NFC…ZATION_KRONA:KRONA_CLEANUP -
[-        ] NFC…N_KRONA:KRONA_KTIMPORTTEXT -
[-        ] NFC…KRONA:MEGAN_RMA2INFO_KRONA -
[-        ] NFC…VISUALIZATION_KRONA:GUNZIP -
[-        ] NFC…ONA:KRONA_KTIMPORTTAXONOMY -
[-        ] NFC…ON_PROFILES:TAXPASTA_MERGE -
[-        ] NFC…FILES:TAXPASTA_STANDARDISE -
[-        ] NFC…CKEN_COMBINEBRACKENOUTPUTS -
Plus 7 more processes waiting for tasks…

executor >  slurm (74)
[-        ] NFC…PROFILER:TAXPROFILER:UNTAR -
[c0/4b443c] NFC…AXPROFILER:FASTQC (NZL.56) | 10 of 10 ✔
[-        ] NFC…ORTREAD_FASTP:FASTP_SINGLE -
[f1/982368] NFC…ASTP:FASTP_PAIRED (NZL.56) | 10 of 10 ✔
[92/dee0dc] NFC…:FASTQC_PROCESSED (NZL.56) | 10 of 10 ✔
[51/aab3f4] NFC…ERING:BBMAP_BBDUK (NZL.56) | 10 of 10 ✔
[9f/4cfe7a] NFC…OVAL:BOWTIE2_ALIGN (SEN.8) | 9 of 10
[c8/c9bcf0] NFC…AL:SAMTOOLS_INDEX (NPL.33) | 8 of 8
[56/6b9996] NFC…AL:SAMTOOLS_STATS (NPL.33) | 8 of 8
[d1/31d1c3] NFC…IAMOND_BLASTX (db6|NPL.33) | 0 of 9
[-        ] NFC…:KRAKENTOOLS_KREPORT2KRONA -
[-        ] NFC…ON_KRONA:KAIJU_KAIJU2KRONA -
[-        ] NFC…ZATION_KRONA:KRONA_CLEANUP -
[-        ] NFC…N_KRONA:KRONA_KTIMPORTTEXT -
[-        ] NFC…KRONA:MEGAN_RMA2INFO_KRONA -
[-        ] NFC…VISUALIZATION_KRONA:GUNZIP -
[-        ] NFC…ONA:KRONA_KTIMPORTTAXONOMY -
[-        ] NFC…ON_PROFILES:TAXPASTA_MERGE -
[-        ] NFC…FILES:TAXPASTA_STANDARDISE -
[-        ] NFC…CKEN_COMBINEBRACKENOUTPUTS -
Plus 7 more processes waiting for tasks…
WARN: [nf-core/taxprofiler] DIAMOND does not accept paired-end files as input. Only read 1 will be used for profiling. Running DIAMOND for sample SEN.8 using only read 1.

executor >  slurm (76)
[-        ] NFC…PROFILER:TAXPROFILER:UNTAR -
[c0/4b443c] NFC…AXPROFILER:FASTQC (NZL.56) | 10 of 10 ✔
[-        ] NFC…ORTREAD_FASTP:FASTP_SINGLE -
[f1/982368] NFC…ASTP:FASTP_PAIRED (NZL.56) | 10 of 10 ✔
[92/dee0dc] NFC…:FASTQC_PROCESSED (NZL.56) | 10 of 10 ✔
[51/aab3f4] NFC…ERING:BBMAP_BBDUK (NZL.56) | 10 of 10 ✔
[9f/4cfe7a] NFC…OVAL:BOWTIE2_ALIGN (SEN.8) | 9 of 10
[9f/6f8260] NFC…VAL:SAMTOOLS_INDEX (SEN.8) | 8 of 9
[56/6b9996] NFC…AL:SAMTOOLS_STATS (NPL.33) | 8 of 8
[85/30ca96] NFC…DIAMOND_BLASTX (db6|SEN.8) | 0 of 9
[-        ] NFC…:KRAKENTOOLS_KREPORT2KRONA -
[-        ] NFC…ON_KRONA:KAIJU_KAIJU2KRONA -
[-        ] NFC…ZATION_KRONA:KRONA_CLEANUP -
[-        ] NFC…N_KRONA:KRONA_KTIMPORTTEXT -
[-        ] NFC…KRONA:MEGAN_RMA2INFO_KRONA -
[-        ] NFC…VISUALIZATION_KRONA:GUNZIP -
[-        ] NFC…ONA:KRONA_KTIMPORTTAXONOMY -
[-        ] NFC…ON_PROFILES:TAXPASTA_MERGE -
[-        ] NFC…FILES:TAXPASTA_STANDARDISE -
[-        ] NFC…CKEN_COMBINEBRACKENOUTPUTS -
Plus 7 more processes waiting for tasks…
WARN: [nf-core/taxprofiler] DIAMOND does not accept paired-end files as input. Only read 1 will be used for profiling. Running DIAMOND for sample SEN.8 using only read 1.

executor >  slurm (76)
[-        ] NFC…PROFILER:TAXPROFILER:UNTAR -
[c0/4b443c] NFC…AXPROFILER:FASTQC (NZL.56) | 10 of 10 ✔
[-        ] NFC…ORTREAD_FASTP:FASTP_SINGLE -
[f1/982368] NFC…ASTP:FASTP_PAIRED (NZL.56) | 10 of 10 ✔
[92/dee0dc] NFC…:FASTQC_PROCESSED (NZL.56) | 10 of 10 ✔
[51/aab3f4] NFC…ERING:BBMAP_BBDUK (NZL.56) | 10 of 10 ✔
[9f/4cfe7a] NFC…OVAL:BOWTIE2_ALIGN (SEN.8) | 9 of 10
[9f/6f8260] NFC…VAL:SAMTOOLS_INDEX (SEN.8) | 8 of 9
[56/6b9996] NFC…AL:SAMTOOLS_STATS (NPL.33) | 8 of 8
[85/30ca96] NFC…DIAMOND_BLASTX (db6|SEN.8) | 0 of 9
[-        ] NFC…:KRAKENTOOLS_KREPORT2KRONA -
[-        ] NFC…ON_KRONA:KAIJU_KAIJU2KRONA -
[-        ] NFC…ZATION_KRONA:KRONA_CLEANUP -
[-        ] NFC…N_KRONA:KRONA_KTIMPORTTEXT -
[-        ] NFC…KRONA:MEGAN_RMA2INFO_KRONA -
[-        ] NFC…VISUALIZATION_KRONA:GUNZIP -
[-        ] NFC…ONA:KRONA_KTIMPORTTAXONOMY -
[-        ] NFC…ON_PROFILES:TAXPASTA_MERGE -
[-        ] NFC…FILES:TAXPASTA_STANDARDISE -
[-        ] NFC…CKEN_COMBINEBRACKENOUTPUTS -
Plus 7 more processes waiting for tasks…
WARN: [nf-core/taxprofiler] DIAMOND does not accept paired-end files as input. Only read 1 will be used for profiling. Running DIAMOND for sample SEN.8 using only read 1.

executor >  slurm (77)
[-        ] NFC…PROFILER:TAXPROFILER:UNTAR -
[c0/4b443c] NFC…AXPROFILER:FASTQC (NZL.56) | 10 of 10 ✔
[-        ] NFC…ORTREAD_FASTP:FASTP_SINGLE -
[f1/982368] NFC…ASTP:FASTP_PAIRED (NZL.56) | 10 of 10 ✔
[92/dee0dc] NFC…:FASTQC_PROCESSED (NZL.56) | 10 of 10 ✔
[51/aab3f4] NFC…ERING:BBMAP_BBDUK (NZL.56) | 10 of 10 ✔
[a7/1fb206] NFC…VAL:BOWTIE2_ALIGN (NZL.56) | 10 of 10 ✔
[9f/6f8260] NFC…VAL:SAMTOOLS_INDEX (SEN.8) | 8 of 10
[56/6b9996] NFC…AL:SAMTOOLS_STATS (NPL.33) | 8 of 8
[b0/c99c0c] NFC…IAMOND_BLASTX (db6|NZL.56) | 0 of 10
[-        ] NFC…:KRAKENTOOLS_KREPORT2KRONA -
[-        ] NFC…ON_KRONA:KAIJU_KAIJU2KRONA -
[-        ] NFC…ZATION_KRONA:KRONA_CLEANUP -
[-        ] NFC…N_KRONA:KRONA_KTIMPORTTEXT -
[-        ] NFC…KRONA:MEGAN_RMA2INFO_KRONA -
[-        ] NFC…VISUALIZATION_KRONA:GUNZIP -
[-        ] NFC…ONA:KRONA_KTIMPORTTAXONOMY -
[-        ] NFC…ON_PROFILES:TAXPASTA_MERGE -
[-        ] NFC…FILES:TAXPASTA_STANDARDISE -
[-        ] NFC…CKEN_COMBINEBRACKENOUTPUTS -
Plus 7 more processes waiting for tasks…
WARN: [nf-core/taxprofiler] DIAMOND does not accept paired-end files as input. Only read 1 will be used for profiling. Running DIAMOND for sample NZL.56 using only read 1.


executor >  slurm (78)
[-        ] NFC…PROFILER:TAXPROFILER:UNTAR -
[c0/4b443c] NFC…AXPROFILER:FASTQC (NZL.56) | 10 of 10 ✔
[-        ] NFC…ORTREAD_FASTP:FASTP_SINGLE -
[f1/982368] NFC…ASTP:FASTP_PAIRED (NZL.56) | 10 of 10 ✔
[92/dee0dc] NFC…:FASTQC_PROCESSED (NZL.56) | 10 of 10 ✔
[51/aab3f4] NFC…ERING:BBMAP_BBDUK (NZL.56) | 10 of 10 ✔
[a7/1fb206] NFC…VAL:BOWTIE2_ALIGN (NZL.56) | 10 of 10 ✔
[eb/49d1df] NFC…AL:SAMTOOLS_INDEX (NZL.56) | 8 of 10
[56/6b9996] NFC…AL:SAMTOOLS_STATS (NPL.33) | 8 of 8
[b0/c99c0c] NFC…IAMOND_BLASTX (db6|NZL.56) | 0 of 10
[-        ] NFC…:KRAKENTOOLS_KREPORT2KRONA -
[-        ] NFC…ON_KRONA:KAIJU_KAIJU2KRONA -
[-        ] NFC…ZATION_KRONA:KRONA_CLEANUP -
[-        ] NFC…N_KRONA:KRONA_KTIMPORTTEXT -
[-        ] NFC…KRONA:MEGAN_RMA2INFO_KRONA -
[-        ] NFC…VISUALIZATION_KRONA:GUNZIP -
[-        ] NFC…ONA:KRONA_KTIMPORTTAXONOMY -
[-        ] NFC…ON_PROFILES:TAXPASTA_MERGE -
[-        ] NFC…FILES:TAXPASTA_STANDARDISE -
[-        ] NFC…CKEN_COMBINEBRACKENOUTPUTS -
Plus 7 more processes waiting for tasks…
WARN: [nf-core/taxprofiler] DIAMOND does not accept paired-end files as input. Only read 1 will be used for profiling. Running DIAMOND for sample NZL.56 using only read 1.


executor >  slurm (78)
[-        ] NFC…PROFILER:TAXPROFILER:UNTAR -
[c0/4b443c] NFC…AXPROFILER:FASTQC (NZL.56) | 10 of 10 ✔
[-        ] NFC…ORTREAD_FASTP:FASTP_SINGLE -
[f1/982368] NFC…ASTP:FASTP_PAIRED (NZL.56) | 10 of 10 ✔
[92/dee0dc] NFC…:FASTQC_PROCESSED (NZL.56) | 10 of 10 ✔
[51/aab3f4] NFC…ERING:BBMAP_BBDUK (NZL.56) | 10 of 10 ✔
[a7/1fb206] NFC…VAL:BOWTIE2_ALIGN (NZL.56) | 10 of 10 ✔
[eb/49d1df] NFC…AL:SAMTOOLS_INDEX (NZL.56) | 8 of 10
[56/6b9996] NFC…AL:SAMTOOLS_STATS (NPL.33) | 8 of 8
[b0/c99c0c] NFC…IAMOND_BLASTX (db6|NZL.56) | 0 of 10
[-        ] NFC…:KRAKENTOOLS_KREPORT2KRONA -
[-        ] NFC…ON_KRONA:KAIJU_KAIJU2KRONA -
[-        ] NFC…ZATION_KRONA:KRONA_CLEANUP -
[-        ] NFC…N_KRONA:KRONA_KTIMPORTTEXT -
[-        ] NFC…KRONA:MEGAN_RMA2INFO_KRONA -
[-        ] NFC…VISUALIZATION_KRONA:GUNZIP -
[-        ] NFC…ONA:KRONA_KTIMPORTTAXONOMY -
[-        ] NFC…ON_PROFILES:TAXPASTA_MERGE -
[-        ] NFC…FILES:TAXPASTA_STANDARDISE -
[-        ] NFC…CKEN_COMBINEBRACKENOUTPUTS -
Plus 7 more processes waiting for tasks…
WARN: [nf-core/taxprofiler] DIAMOND does not accept paired-end files as input. Only read 1 will be used for profiling. Running DIAMOND for sample NZL.56 using only read 1.

executor >  slurm (79)
[-        ] NFC…PROFILER:TAXPROFILER:UNTAR -
[c0/4b443c] NFC…AXPROFILER:FASTQC (NZL.56) | 10 of 10 ✔
[-        ] NFC…ORTREAD_FASTP:FASTP_SINGLE -
[f1/982368] NFC…ASTP:FASTP_PAIRED (NZL.56) | 10 of 10 ✔
[92/dee0dc] NFC…:FASTQC_PROCESSED (NZL.56) | 10 of 10 ✔
[51/aab3f4] NFC…ERING:BBMAP_BBDUK (NZL.56) | 10 of 10 ✔
[a7/1fb206] NFC…VAL:BOWTIE2_ALIGN (NZL.56) | 10 of 10 ✔
[9f/6f8260] NFC…VAL:SAMTOOLS_INDEX (SEN.8) | 9 of 10
[04/4d4f0e] NFC…VAL:SAMTOOLS_STATS (SEN.8) | 8 of 9
[b0/c99c0c] NFC…IAMOND_BLASTX (db6|NZL.56) | 0 of 10
[-        ] NFC…:KRAKENTOOLS_KREPORT2KRONA -
[-        ] NFC…ON_KRONA:KAIJU_KAIJU2KRONA -
[-        ] NFC…ZATION_KRONA:KRONA_CLEANUP -
[-        ] NFC…N_KRONA:KRONA_KTIMPORTTEXT -
[-        ] NFC…KRONA:MEGAN_RMA2INFO_KRONA -
[-        ] NFC…VISUALIZATION_KRONA:GUNZIP -
[-        ] NFC…ONA:KRONA_KTIMPORTTAXONOMY -
[-        ] NFC…ON_PROFILES:TAXPASTA_MERGE -
[-        ] NFC…FILES:TAXPASTA_STANDARDISE -
[-        ] NFC…CKEN_COMBINEBRACKENOUTPUTS -
Plus 7 more processes waiting for tasks…


executor >  slurm (79)
[-        ] NFC…PROFILER:TAXPROFILER:UNTAR -
[c0/4b443c] NFC…AXPROFILER:FASTQC (NZL.56) | 10 of 10 ✔
[-        ] NFC…ORTREAD_FASTP:FASTP_SINGLE -
[f1/982368] NFC…ASTP:FASTP_PAIRED (NZL.56) | 10 of 10 ✔
[92/dee0dc] NFC…:FASTQC_PROCESSED (NZL.56) | 10 of 10 ✔
[51/aab3f4] NFC…ERING:BBMAP_BBDUK (NZL.56) | 10 of 10 ✔
[a7/1fb206] NFC…VAL:BOWTIE2_ALIGN (NZL.56) | 10 of 10 ✔
[9f/6f8260] NFC…VAL:SAMTOOLS_INDEX (SEN.8) | 9 of 10
[04/4d4f0e] NFC…VAL:SAMTOOLS_STATS (SEN.8) | 8 of 9
[b0/c99c0c] NFC…IAMOND_BLASTX (db6|NZL.56) | 0 of 10
[-        ] NFC…:KRAKENTOOLS_KREPORT2KRONA -
[-        ] NFC…ON_KRONA:KAIJU_KAIJU2KRONA -
[-        ] NFC…ZATION_KRONA:KRONA_CLEANUP -
[-        ] NFC…N_KRONA:KRONA_KTIMPORTTEXT -
[-        ] NFC…KRONA:MEGAN_RMA2INFO_KRONA -
[-        ] NFC…VISUALIZATION_KRONA:GUNZIP -
[-        ] NFC…ONA:KRONA_KTIMPORTTAXONOMY -
[-        ] NFC…ON_PROFILES:TAXPASTA_MERGE -
[-        ] NFC…FILES:TAXPASTA_STANDARDISE -
[-        ] NFC…CKEN_COMBINEBRACKENOUTPUTS -
Plus 7 more processes waiting for tasks…


executor >  slurm (79)
[-        ] NFC…PROFILER:TAXPROFILER:UNTAR -
[c0/4b443c] NFC…AXPROFILER:FASTQC (NZL.56) | 10 of 10 ✔
[-        ] NFC…ORTREAD_FASTP:FASTP_SINGLE -
[f1/982368] NFC…ASTP:FASTP_PAIRED (NZL.56) | 10 of 10 ✔
[92/dee0dc] NFC…:FASTQC_PROCESSED (NZL.56) | 10 of 10 ✔
[51/aab3f4] NFC…ERING:BBMAP_BBDUK (NZL.56) | 10 of 10 ✔
[a7/1fb206] NFC…VAL:BOWTIE2_ALIGN (NZL.56) | 10 of 10 ✔
[eb/49d1df] NFC…AL:SAMTOOLS_INDEX (NZL.56) | 10 of 10 ✔
[04/4d4f0e] NFC…VAL:SAMTOOLS_STATS (SEN.8) | 8 of 9
[b0/c99c0c] NFC…IAMOND_BLASTX (db6|NZL.56) | 0 of 10
[-        ] NFC…:KRAKENTOOLS_KREPORT2KRONA -
[-        ] NFC…ON_KRONA:KAIJU_KAIJU2KRONA -
[-        ] NFC…ZATION_KRONA:KRONA_CLEANUP -
[-        ] NFC…N_KRONA:KRONA_KTIMPORTTEXT -
[-        ] NFC…KRONA:MEGAN_RMA2INFO_KRONA -
[-        ] NFC…VISUALIZATION_KRONA:GUNZIP -
[-        ] NFC…ONA:KRONA_KTIMPORTTAXONOMY -
[-        ] NFC…ON_PROFILES:TAXPASTA_MERGE -
[-        ] NFC…FILES:TAXPASTA_STANDARDISE -
[-        ] NFC…CKEN_COMBINEBRACKENOUTPUTS -
Plus 7 more processes waiting for tasks…

executor >  slurm (80)
[-        ] NFC…PROFILER:TAXPROFILER:UNTAR -
[c0/4b443c] NFC…AXPROFILER:FASTQC (NZL.56) | 10 of 10 ✔
[-        ] NFC…ORTREAD_FASTP:FASTP_SINGLE -
[f1/982368] NFC…ASTP:FASTP_PAIRED (NZL.56) | 10 of 10 ✔
[92/dee0dc] NFC…:FASTQC_PROCESSED (NZL.56) | 10 of 10 ✔
[51/aab3f4] NFC…ERING:BBMAP_BBDUK (NZL.56) | 10 of 10 ✔
[a7/1fb206] NFC…VAL:BOWTIE2_ALIGN (NZL.56) | 10 of 10 ✔
[eb/49d1df] NFC…AL:SAMTOOLS_INDEX (NZL.56) | 10 of 10 ✔
[a4/76058b] NFC…AL:SAMTOOLS_STATS (NZL.56) | 8 of 10
[b0/c99c0c] NFC…IAMOND_BLASTX (db6|NZL.56) | 0 of 10
[-        ] NFC…:KRAKENTOOLS_KREPORT2KRONA -
[-        ] NFC…ON_KRONA:KAIJU_KAIJU2KRONA -
[-        ] NFC…ZATION_KRONA:KRONA_CLEANUP -
[-        ] NFC…N_KRONA:KRONA_KTIMPORTTEXT -
[-        ] NFC…KRONA:MEGAN_RMA2INFO_KRONA -
[-        ] NFC…VISUALIZATION_KRONA:GUNZIP -
[-        ] NFC…ONA:KRONA_KTIMPORTTAXONOMY -
[-        ] NFC…ON_PROFILES:TAXPASTA_MERGE -
[-        ] NFC…FILES:TAXPASTA_STANDARDISE -
[-        ] NFC…CKEN_COMBINEBRACKENOUTPUTS -
Plus 7 more processes waiting for tasks…

executor >  slurm (80)
[-        ] NFC…PROFILER:TAXPROFILER:UNTAR -
[c0/4b443c] NFC…AXPROFILER:FASTQC (NZL.56) | 10 of 10 ✔
[-        ] NFC…ORTREAD_FASTP:FASTP_SINGLE -
[f1/982368] NFC…ASTP:FASTP_PAIRED (NZL.56) | 10 of 10 ✔
[92/dee0dc] NFC…:FASTQC_PROCESSED (NZL.56) | 10 of 10 ✔
[51/aab3f4] NFC…ERING:BBMAP_BBDUK (NZL.56) | 10 of 10 ✔
[a7/1fb206] NFC…VAL:BOWTIE2_ALIGN (NZL.56) | 10 of 10 ✔
[eb/49d1df] NFC…AL:SAMTOOLS_INDEX (NZL.56) | 10 of 10 ✔
[a4/76058b] NFC…AL:SAMTOOLS_STATS (NZL.56) | 8 of 10
[b0/c99c0c] NFC…IAMOND_BLASTX (db6|NZL.56) | 0 of 10
[-        ] NFC…:KRAKENTOOLS_KREPORT2KRONA -
[-        ] NFC…ON_KRONA:KAIJU_KAIJU2KRONA -
[-        ] NFC…ZATION_KRONA:KRONA_CLEANUP -
[-        ] NFC…N_KRONA:KRONA_KTIMPORTTEXT -
[-        ] NFC…KRONA:MEGAN_RMA2INFO_KRONA -
[-        ] NFC…VISUALIZATION_KRONA:GUNZIP -
[-        ] NFC…ONA:KRONA_KTIMPORTTAXONOMY -
[-        ] NFC…ON_PROFILES:TAXPASTA_MERGE -
[-        ] NFC…FILES:TAXPASTA_STANDARDISE -
[-        ] NFC…CKEN_COMBINEBRACKENOUTPUTS -
Plus 7 more processes waiting for tasks…

executor >  slurm (80)
[-        ] NFC…PROFILER:TAXPROFILER:UNTAR -
[c0/4b443c] NFC…AXPROFILER:FASTQC (NZL.56) | 10 of 10 ✔
[-        ] NFC…ORTREAD_FASTP:FASTP_SINGLE -
[f1/982368] NFC…ASTP:FASTP_PAIRED (NZL.56) | 10 of 10 ✔
[92/dee0dc] NFC…:FASTQC_PROCESSED (NZL.56) | 10 of 10 ✔
[51/aab3f4] NFC…ERING:BBMAP_BBDUK (NZL.56) | 10 of 10 ✔
[a7/1fb206] NFC…VAL:BOWTIE2_ALIGN (NZL.56) | 10 of 10 ✔
[eb/49d1df] NFC…AL:SAMTOOLS_INDEX (NZL.56) | 10 of 10 ✔
[04/4d4f0e] NFC…VAL:SAMTOOLS_STATS (SEN.8) | 9 of 10
[b0/c99c0c] NFC…IAMOND_BLASTX (db6|NZL.56) | 0 of 10
[-        ] NFC…:KRAKENTOOLS_KREPORT2KRONA -
[-        ] NFC…ON_KRONA:KAIJU_KAIJU2KRONA -
[-        ] NFC…ZATION_KRONA:KRONA_CLEANUP -
[-        ] NFC…N_KRONA:KRONA_KTIMPORTTEXT -
[-        ] NFC…KRONA:MEGAN_RMA2INFO_KRONA -
[-        ] NFC…VISUALIZATION_KRONA:GUNZIP -
[-        ] NFC…ONA:KRONA_KTIMPORTTAXONOMY -
[-        ] NFC…ON_PROFILES:TAXPASTA_MERGE -
[-        ] NFC…FILES:TAXPASTA_STANDARDISE -
[-        ] NFC…CKEN_COMBINEBRACKENOUTPUTS -
Plus 7 more processes waiting for tasks…

executor >  slurm (80)
[-        ] NFC…PROFILER:TAXPROFILER:UNTAR -
[c0/4b443c] NFC…AXPROFILER:FASTQC (NZL.56) | 10 of 10 ✔
[-        ] NFC…ORTREAD_FASTP:FASTP_SINGLE -
[f1/982368] NFC…ASTP:FASTP_PAIRED (NZL.56) | 10 of 10 ✔
[92/dee0dc] NFC…:FASTQC_PROCESSED (NZL.56) | 10 of 10 ✔
[51/aab3f4] NFC…ERING:BBMAP_BBDUK (NZL.56) | 10 of 10 ✔
[a7/1fb206] NFC…VAL:BOWTIE2_ALIGN (NZL.56) | 10 of 10 ✔
[eb/49d1df] NFC…AL:SAMTOOLS_INDEX (NZL.56) | 10 of 10 ✔
[a4/76058b] NFC…AL:SAMTOOLS_STATS (NZL.56) | 10 of 10 ✔
[b0/c99c0c] NFC…IAMOND_BLASTX (db6|NZL.56) | 0 of 10
[-        ] NFC…:KRAKENTOOLS_KREPORT2KRONA -
[-        ] NFC…ON_KRONA:KAIJU_KAIJU2KRONA -
[-        ] NFC…ZATION_KRONA:KRONA_CLEANUP -
[-        ] NFC…N_KRONA:KRONA_KTIMPORTTEXT -
[-        ] NFC…KRONA:MEGAN_RMA2INFO_KRONA -
[-        ] NFC…VISUALIZATION_KRONA:GUNZIP -
[-        ] NFC…ONA:KRONA_KTIMPORTTAXONOMY -
[-        ] NFC…ON_PROFILES:TAXPASTA_MERGE -
[-        ] NFC…FILES:TAXPASTA_STANDARDISE -
[-        ] NFC…CKEN_COMBINEBRACKENOUTPUTS -
Plus 7 more processes waiting for tasks…

executor >  slurm (80)
[-        ] NFC…PROFILER:TAXPROFILER:UNTAR -
[c0/4b443c] NFC…AXPROFILER:FASTQC (NZL.56) | 10 of 10 ✔
[-        ] NFC…ORTREAD_FASTP:FASTP_SINGLE -
[f1/982368] NFC…ASTP:FASTP_PAIRED (NZL.56) | 10 of 10 ✔
[92/dee0dc] NFC…:FASTQC_PROCESSED (NZL.56) | 10 of 10 ✔
[51/aab3f4] NFC…ERING:BBMAP_BBDUK (NZL.56) | 10 of 10 ✔
[a7/1fb206] NFC…VAL:BOWTIE2_ALIGN (NZL.56) | 10 of 10 ✔
[eb/49d1df] NFC…AL:SAMTOOLS_INDEX (NZL.56) | 10 of 10 ✔
[a4/76058b] NFC…AL:SAMTOOLS_STATS (NZL.56) | 10 of 10 ✔
[3b/0fd8f9] NFC…IAMOND_BLASTX (db6|NLD.43) | 1 of 10
[-        ] NFC…:KRAKENTOOLS_KREPORT2KRONA -
[-        ] NFC…ON_KRONA:KAIJU_KAIJU2KRONA -
[-        ] NFC…ZATION_KRONA:KRONA_CLEANUP -
[-        ] NFC…N_KRONA:KRONA_KTIMPORTTEXT -
[-        ] NFC…KRONA:MEGAN_RMA2INFO_KRONA -
[-        ] NFC…VISUALIZATION_KRONA:GUNZIP -
[-        ] NFC…ONA:KRONA_KTIMPORTTAXONOMY -
[-        ] NFC…ON_PROFILES:TAXPASTA_MERGE -
[-        ] NFC…FILES:TAXPASTA_STANDARDISE -
[-        ] NFC…CKEN_COMBINEBRACKENOUTPUTS -
Plus 7 more processes waiting for tasks…

executor >  slurm (80)
[-        ] NFC…PROFILER:TAXPROFILER:UNTAR -
[c0/4b443c] NFC…AXPROFILER:FASTQC (NZL.56) | 10 of 10 ✔
[-        ] NFC…ORTREAD_FASTP:FASTP_SINGLE -
[f1/982368] NFC…ASTP:FASTP_PAIRED (NZL.56) | 10 of 10 ✔
[92/dee0dc] NFC…:FASTQC_PROCESSED (NZL.56) | 10 of 10 ✔
[51/aab3f4] NFC…ERING:BBMAP_BBDUK (NZL.56) | 10 of 10 ✔
[a7/1fb206] NFC…VAL:BOWTIE2_ALIGN (NZL.56) | 10 of 10 ✔
[eb/49d1df] NFC…AL:SAMTOOLS_INDEX (NZL.56) | 10 of 10 ✔
[a4/76058b] NFC…AL:SAMTOOLS_STATS (NZL.56) | 10 of 10 ✔
[44/7e02b8] NFC…IAMOND_BLASTX (db6|MYS.54) | 2 of 10
[-        ] NFC…:KRAKENTOOLS_KREPORT2KRONA -
[-        ] NFC…ON_KRONA:KAIJU_KAIJU2KRONA -
[-        ] NFC…ZATION_KRONA:KRONA_CLEANUP -
[-        ] NFC…N_KRONA:KRONA_KTIMPORTTEXT -
[-        ] NFC…KRONA:MEGAN_RMA2INFO_KRONA -
[-        ] NFC…VISUALIZATION_KRONA:GUNZIP -
[-        ] NFC…ONA:KRONA_KTIMPORTTAXONOMY -
[-        ] NFC…ON_PROFILES:TAXPASTA_MERGE -
[-        ] NFC…FILES:TAXPASTA_STANDARDISE -
[-        ] NFC…CKEN_COMBINEBRACKENOUTPUTS -
Plus 7 more processes waiting for tasks…

executor >  slurm (80)
[-        ] NFC…PROFILER:TAXPROFILER:UNTAR -
[c0/4b443c] NFC…AXPROFILER:FASTQC (NZL.56) | 10 of 10 ✔
[-        ] NFC…ORTREAD_FASTP:FASTP_SINGLE -
[f1/982368] NFC…ASTP:FASTP_PAIRED (NZL.56) | 10 of 10 ✔
[92/dee0dc] NFC…:FASTQC_PROCESSED (NZL.56) | 10 of 10 ✔
[51/aab3f4] NFC…ERING:BBMAP_BBDUK (NZL.56) | 10 of 10 ✔
[a7/1fb206] NFC…VAL:BOWTIE2_ALIGN (NZL.56) | 10 of 10 ✔
[eb/49d1df] NFC…AL:SAMTOOLS_INDEX (NZL.56) | 10 of 10 ✔
[a4/76058b] NFC…AL:SAMTOOLS_STATS (NZL.56) | 10 of 10 ✔
[86/cb760b] NFC…IAMOND_BLASTX (db6|NGA.50) | 3 of 10
[-        ] NFC…:KRAKENTOOLS_KREPORT2KRONA -
[-        ] NFC…ON_KRONA:KAIJU_KAIJU2KRONA -
[-        ] NFC…ZATION_KRONA:KRONA_CLEANUP -
[-        ] NFC…N_KRONA:KRONA_KTIMPORTTEXT -
[-        ] NFC…KRONA:MEGAN_RMA2INFO_KRONA -
[-        ] NFC…VISUALIZATION_KRONA:GUNZIP -
[-        ] NFC…ONA:KRONA_KTIMPORTTAXONOMY -
[-        ] NFC…ON_PROFILES:TAXPASTA_MERGE -
[-        ] NFC…FILES:TAXPASTA_STANDARDISE -
[-        ] NFC…CKEN_COMBINEBRACKENOUTPUTS -
Plus 7 more processes waiting for tasks…

executor >  slurm (80)
[-        ] NFC…PROFILER:TAXPROFILER:UNTAR -
[c0/4b443c] NFC…AXPROFILER:FASTQC (NZL.56) | 10 of 10 ✔
[-        ] NFC…ORTREAD_FASTP:FASTP_SINGLE -
[f1/982368] NFC…ASTP:FASTP_PAIRED (NZL.56) | 10 of 10 ✔
[92/dee0dc] NFC…:FASTQC_PROCESSED (NZL.56) | 10 of 10 ✔
[51/aab3f4] NFC…ERING:BBMAP_BBDUK (NZL.56) | 10 of 10 ✔
[a7/1fb206] NFC…VAL:BOWTIE2_ALIGN (NZL.56) | 10 of 10 ✔
[eb/49d1df] NFC…AL:SAMTOOLS_INDEX (NZL.56) | 10 of 10 ✔
[a4/76058b] NFC…AL:SAMTOOLS_STATS (NZL.56) | 10 of 10 ✔
[d9/fc2946] NFC…IAMOND_BLASTX (db6|POL.36) | 4 of 10
[-        ] NFC…:KRAKENTOOLS_KREPORT2KRONA -
[-        ] NFC…ON_KRONA:KAIJU_KAIJU2KRONA -
[-        ] NFC…ZATION_KRONA:KRONA_CLEANUP -
[-        ] NFC…N_KRONA:KRONA_KTIMPORTTEXT -
[-        ] NFC…KRONA:MEGAN_RMA2INFO_KRONA -
[-        ] NFC…VISUALIZATION_KRONA:GUNZIP -
[-        ] NFC…ONA:KRONA_KTIMPORTTAXONOMY -
[-        ] NFC…ON_PROFILES:TAXPASTA_MERGE -
[-        ] NFC…FILES:TAXPASTA_STANDARDISE -
[-        ] NFC…CKEN_COMBINEBRACKENOUTPUTS -
Plus 7 more processes waiting for tasks…

executor >  slurm (80)
[-        ] NFC…PROFILER:TAXPROFILER:UNTAR -
[c0/4b443c] NFC…AXPROFILER:FASTQC (NZL.56) | 10 of 10 ✔
[-        ] NFC…ORTREAD_FASTP:FASTP_SINGLE -
[f1/982368] NFC…ASTP:FASTP_PAIRED (NZL.56) | 10 of 10 ✔
[92/dee0dc] NFC…:FASTQC_PROCESSED (NZL.56) | 10 of 10 ✔
[51/aab3f4] NFC…ERING:BBMAP_BBDUK (NZL.56) | 10 of 10 ✔
[a7/1fb206] NFC…VAL:BOWTIE2_ALIGN (NZL.56) | 10 of 10 ✔
[eb/49d1df] NFC…AL:SAMTOOLS_INDEX (NZL.56) | 10 of 10 ✔
[a4/76058b] NFC…AL:SAMTOOLS_STATS (NZL.56) | 10 of 10 ✔
[98/9509b3] NFC…IAMOND_BLASTX (db6|PER.35) | 5 of 10
[-        ] NFC…:KRAKENTOOLS_KREPORT2KRONA -
[-        ] NFC…ON_KRONA:KAIJU_KAIJU2KRONA -
[-        ] NFC…ZATION_KRONA:KRONA_CLEANUP -
[-        ] NFC…N_KRONA:KRONA_KTIMPORTTEXT -
[-        ] NFC…KRONA:MEGAN_RMA2INFO_KRONA -
[-        ] NFC…VISUALIZATION_KRONA:GUNZIP -
[-        ] NFC…ONA:KRONA_KTIMPORTTAXONOMY -
[-        ] NFC…ON_PROFILES:TAXPASTA_MERGE -
[-        ] NFC…FILES:TAXPASTA_STANDARDISE -
[-        ] NFC…CKEN_COMBINEBRACKENOUTPUTS -
Plus 7 more processes waiting for tasks…

executor >  slurm (80)
[-        ] NFC…PROFILER:TAXPROFILER:UNTAR -
[c0/4b443c] NFC…AXPROFILER:FASTQC (NZL.56) | 10 of 10 ✔
[-        ] NFC…ORTREAD_FASTP:FASTP_SINGLE -
[f1/982368] NFC…ASTP:FASTP_PAIRED (NZL.56) | 10 of 10 ✔
[92/dee0dc] NFC…:FASTQC_PROCESSED (NZL.56) | 10 of 10 ✔
[51/aab3f4] NFC…ERING:BBMAP_BBDUK (NZL.56) | 10 of 10 ✔
[a7/1fb206] NFC…VAL:BOWTIE2_ALIGN (NZL.56) | 10 of 10 ✔
[eb/49d1df] NFC…AL:SAMTOOLS_INDEX (NZL.56) | 10 of 10 ✔
[a4/76058b] NFC…AL:SAMTOOLS_STATS (NZL.56) | 10 of 10 ✔
[84/0fb71d] NFC…IAMOND_BLASTX (db6|NOR.34) | 6 of 10
[-        ] NFC…:KRAKENTOOLS_KREPORT2KRONA -
[-        ] NFC…ON_KRONA:KAIJU_KAIJU2KRONA -
[-        ] NFC…ZATION_KRONA:KRONA_CLEANUP -
[-        ] NFC…N_KRONA:KRONA_KTIMPORTTEXT -
[-        ] NFC…KRONA:MEGAN_RMA2INFO_KRONA -
[-        ] NFC…VISUALIZATION_KRONA:GUNZIP -
[-        ] NFC…ONA:KRONA_KTIMPORTTAXONOMY -
[-        ] NFC…ON_PROFILES:TAXPASTA_MERGE -
[-        ] NFC…FILES:TAXPASTA_STANDARDISE -
[-        ] NFC…CKEN_COMBINEBRACKENOUTPUTS -
Plus 7 more processes waiting for tasks…

executor >  slurm (80)
[-        ] NFC…PROFILER:TAXPROFILER:UNTAR -
[c0/4b443c] NFC…AXPROFILER:FASTQC (NZL.56) | 10 of 10 ✔
[-        ] NFC…ORTREAD_FASTP:FASTP_SINGLE -
[f1/982368] NFC…ASTP:FASTP_PAIRED (NZL.56) | 10 of 10 ✔
[92/dee0dc] NFC…:FASTQC_PROCESSED (NZL.56) | 10 of 10 ✔
[51/aab3f4] NFC…ERING:BBMAP_BBDUK (NZL.56) | 10 of 10 ✔
[a7/1fb206] NFC…VAL:BOWTIE2_ALIGN (NZL.56) | 10 of 10 ✔
[eb/49d1df] NFC…AL:SAMTOOLS_INDEX (NZL.56) | 10 of 10 ✔
[a4/76058b] NFC…AL:SAMTOOLS_STATS (NZL.56) | 10 of 10 ✔
[d1/31d1c3] NFC…IAMOND_BLASTX (db6|NPL.33) | 7 of 10
[-        ] NFC…:KRAKENTOOLS_KREPORT2KRONA -
[-        ] NFC…ON_KRONA:KAIJU_KAIJU2KRONA -
[-        ] NFC…ZATION_KRONA:KRONA_CLEANUP -
[-        ] NFC…N_KRONA:KRONA_KTIMPORTTEXT -
[-        ] NFC…KRONA:MEGAN_RMA2INFO_KRONA -
[-        ] NFC…VISUALIZATION_KRONA:GUNZIP -
[-        ] NFC…ONA:KRONA_KTIMPORTTAXONOMY -
[-        ] NFC…ON_PROFILES:TAXPASTA_MERGE -
[-        ] NFC…FILES:TAXPASTA_STANDARDISE -
[-        ] NFC…CKEN_COMBINEBRACKENOUTPUTS -
Plus 7 more processes waiting for tasks…

executor >  slurm (80)
[-        ] NFC…PROFILER:TAXPROFILER:UNTAR -
[c0/4b443c] NFC…AXPROFILER:FASTQC (NZL.56) | 10 of 10 ✔
[-        ] NFC…ORTREAD_FASTP:FASTP_SINGLE -
[f1/982368] NFC…ASTP:FASTP_PAIRED (NZL.56) | 10 of 10 ✔
[92/dee0dc] NFC…:FASTQC_PROCESSED (NZL.56) | 10 of 10 ✔
[51/aab3f4] NFC…ERING:BBMAP_BBDUK (NZL.56) | 10 of 10 ✔
[a7/1fb206] NFC…VAL:BOWTIE2_ALIGN (NZL.56) | 10 of 10 ✔
[eb/49d1df] NFC…AL:SAMTOOLS_INDEX (NZL.56) | 10 of 10 ✔
[a4/76058b] NFC…AL:SAMTOOLS_STATS (NZL.56) | 10 of 10 ✔
[49/2ffd66] NFC…DIAMOND_BLASTX (db6|PAK.7) | 8 of 10
[-        ] NFC…:KRAKENTOOLS_KREPORT2KRONA -
[-        ] NFC…ON_KRONA:KAIJU_KAIJU2KRONA -
[-        ] NFC…ZATION_KRONA:KRONA_CLEANUP -
[-        ] NFC…N_KRONA:KRONA_KTIMPORTTEXT -
[-        ] NFC…KRONA:MEGAN_RMA2INFO_KRONA -
[-        ] NFC…VISUALIZATION_KRONA:GUNZIP -
[-        ] NFC…ONA:KRONA_KTIMPORTTAXONOMY -
[-        ] NFC…ON_PROFILES:TAXPASTA_MERGE -
[-        ] NFC…FILES:TAXPASTA_STANDARDISE -
[-        ] NFC…CKEN_COMBINEBRACKENOUTPUTS -
Plus 7 more processes waiting for tasks…

executor >  slurm (80)
[-        ] NFC…PROFILER:TAXPROFILER:UNTAR -
[c0/4b443c] NFC…AXPROFILER:FASTQC (NZL.56) | 10 of 10 ✔
[-        ] NFC…ORTREAD_FASTP:FASTP_SINGLE -
[f1/982368] NFC…ASTP:FASTP_PAIRED (NZL.56) | 10 of 10 ✔
[92/dee0dc] NFC…:FASTQC_PROCESSED (NZL.56) | 10 of 10 ✔
[51/aab3f4] NFC…ERING:BBMAP_BBDUK (NZL.56) | 10 of 10 ✔
[a7/1fb206] NFC…VAL:BOWTIE2_ALIGN (NZL.56) | 10 of 10 ✔
[eb/49d1df] NFC…AL:SAMTOOLS_INDEX (NZL.56) | 10 of 10 ✔
[a4/76058b] NFC…AL:SAMTOOLS_STATS (NZL.56) | 10 of 10 ✔
[49/2ffd66] NFC…DIAMOND_BLASTX (db6|PAK.7) | 8 of 10
[-        ] NFC…:KRAKENTOOLS_KREPORT2KRONA -
[-        ] NFC…ON_KRONA:KAIJU_KAIJU2KRONA -
[-        ] NFC…ZATION_KRONA:KRONA_CLEANUP -
[-        ] NFC…N_KRONA:KRONA_KTIMPORTTEXT -
[-        ] NFC…KRONA:MEGAN_RMA2INFO_KRONA -
[-        ] NFC…VISUALIZATION_KRONA:GUNZIP -
[-        ] NFC…ONA:KRONA_KTIMPORTTAXONOMY -
[-        ] NFC…ON_PROFILES:TAXPASTA_MERGE -
[-        ] NFC…FILES:TAXPASTA_STANDARDISE -
[-        ] NFC…CKEN_COMBINEBRACKENOUTPUTS -
Plus 7 more processes waiting for tasks…
WARN: [SLURM] queue (long_idx) status cannot be fetched
- cmd executed: squeue --noheader -o %i %t -t all -p long_idx -u carmen.iborra
- exit status : 1
- output      :
  slurm_load_jobs error: Unable to contact slurm controller (connect failure)


executor >  slurm (80)
[-        ] NFC…PROFILER:TAXPROFILER:UNTAR -
[c0/4b443c] NFC…AXPROFILER:FASTQC (NZL.56) | 10 of 10 ✔
[-        ] NFC…ORTREAD_FASTP:FASTP_SINGLE -
[f1/982368] NFC…ASTP:FASTP_PAIRED (NZL.56) | 10 of 10 ✔
[92/dee0dc] NFC…:FASTQC_PROCESSED (NZL.56) | 10 of 10 ✔
[51/aab3f4] NFC…ERING:BBMAP_BBDUK (NZL.56) | 10 of 10 ✔
[a7/1fb206] NFC…VAL:BOWTIE2_ALIGN (NZL.56) | 10 of 10 ✔
[eb/49d1df] NFC…AL:SAMTOOLS_INDEX (NZL.56) | 10 of 10 ✔
[a4/76058b] NFC…AL:SAMTOOLS_STATS (NZL.56) | 10 of 10 ✔
[85/30ca96] NFC…DIAMOND_BLASTX (db6|SEN.8) | 9 of 10
[-        ] NFC…:KRAKENTOOLS_KREPORT2KRONA -
[-        ] NFC…ON_KRONA:KAIJU_KAIJU2KRONA -
[-        ] NFC…ZATION_KRONA:KRONA_CLEANUP -
[-        ] NFC…N_KRONA:KRONA_KTIMPORTTEXT -
[-        ] NFC…KRONA:MEGAN_RMA2INFO_KRONA -
[-        ] NFC…VISUALIZATION_KRONA:GUNZIP -
[-        ] NFC…ONA:KRONA_KTIMPORTTAXONOMY -
[-        ] NFC…ON_PROFILES:TAXPASTA_MERGE -
[-        ] NFC…FILES:TAXPASTA_STANDARDISE -
[-        ] NFC…CKEN_COMBINEBRACKENOUTPUTS -
Plus 7 more processes waiting for tasks…







executor >  slurm (80)
[-        ] NFC…PROFILER:TAXPROFILER:UNTAR -
[c0/4b443c] NFC…AXPROFILER:FASTQC (NZL.56) | 10 of 10 ✔
[-        ] NFC…ORTREAD_FASTP:FASTP_SINGLE -
[f1/982368] NFC…ASTP:FASTP_PAIRED (NZL.56) | 10 of 10 ✔
[92/dee0dc] NFC…:FASTQC_PROCESSED (NZL.56) | 10 of 10 ✔
[51/aab3f4] NFC…ERING:BBMAP_BBDUK (NZL.56) | 10 of 10 ✔
[a7/1fb206] NFC…VAL:BOWTIE2_ALIGN (NZL.56) | 10 of 10 ✔
[eb/49d1df] NFC…AL:SAMTOOLS_INDEX (NZL.56) | 10 of 10 ✔
[a4/76058b] NFC…AL:SAMTOOLS_STATS (NZL.56) | 10 of 10 ✔
[b0/c99c0c] NFC…IAMOND_BLASTX (db6|NZL.56) | 10 of 10 ✔
[-        ] NFC…:KRAKENTOOLS_KREPORT2KRONA -
[-        ] NFC…ON_KRONA:KAIJU_KAIJU2KRONA -
[-        ] NFC…ZATION_KRONA:KRONA_CLEANUP -
[-        ] NFC…N_KRONA:KRONA_KTIMPORTTEXT -
[-        ] NFC…KRONA:MEGAN_RMA2INFO_KRONA -
[-        ] NFC…VISUALIZATION_KRONA:GUNZIP -
[-        ] NFC…ONA:KRONA_KTIMPORTTAXONOMY -
[-        ] NFC…ON_PROFILES:TAXPASTA_MERGE -
[-        ] NFC…FILES:TAXPASTA_STANDARDISE -
[-        ] NFC…CKEN_COMBINEBRACKENOUTPUTS -
Plus 7 more processes waiting for tasks…







executor >  slurm (81)
[-        ] NFC…PROFILER:TAXPROFILER:UNTAR -
[c0/4b443c] NFC…AXPROFILER:FASTQC (NZL.56) | 10 of 10 ✔
[-        ] NFC…ORTREAD_FASTP:FASTP_SINGLE -
[f1/982368] NFC…ASTP:FASTP_PAIRED (NZL.56) | 10 of 10 ✔
[92/dee0dc] NFC…:FASTQC_PROCESSED (NZL.56) | 10 of 10 ✔
[51/aab3f4] NFC…ERING:BBMAP_BBDUK (NZL.56) | 10 of 10 ✔
[a7/1fb206] NFC…VAL:BOWTIE2_ALIGN (NZL.56) | 10 of 10 ✔
[eb/49d1df] NFC…AL:SAMTOOLS_INDEX (NZL.56) | 10 of 10 ✔
[a4/76058b] NFC…AL:SAMTOOLS_STATS (NZL.56) | 10 of 10 ✔
[b0/c99c0c] NFC…IAMOND_BLASTX (db6|NZL.56) | 10 of 10 ✔
[-        ] NFC…:KRAKENTOOLS_KREPORT2KRONA -
[-        ] NFC…ON_KRONA:KAIJU_KAIJU2KRONA -
[-        ] NFC…ZATION_KRONA:KRONA_CLEANUP -
[-        ] NFC…N_KRONA:KRONA_KTIMPORTTEXT -
[-        ] NFC…KRONA:MEGAN_RMA2INFO_KRONA -
[-        ] NFC…VISUALIZATION_KRONA:GUNZIP -
[-        ] NFC…ONA:KRONA_KTIMPORTTAXONOMY -
[23/06b47b] NFC…XPASTA_MERGE (diamond|db6) | 0 of 1
[-        ] NFC…FILES:TAXPASTA_STANDARDISE -
[-        ] NFC…CKEN_COMBINEBRACKENOUTPUTS -
Plus 7 more processes waiting for tasks…

executor >  slurm (81)
[-        ] NFC…PROFILER:TAXPROFILER:UNTAR -
[c0/4b443c] NFC…AXPROFILER:FASTQC (NZL.56) | 10 of 10 ✔
[-        ] NFC…ORTREAD_FASTP:FASTP_SINGLE -
[f1/982368] NFC…ASTP:FASTP_PAIRED (NZL.56) | 10 of 10 ✔
[92/dee0dc] NFC…:FASTQC_PROCESSED (NZL.56) | 10 of 10 ✔
[51/aab3f4] NFC…ERING:BBMAP_BBDUK (NZL.56) | 10 of 10 ✔
[a7/1fb206] NFC…VAL:BOWTIE2_ALIGN (NZL.56) | 10 of 10 ✔
[eb/49d1df] NFC…AL:SAMTOOLS_INDEX (NZL.56) | 10 of 10 ✔
[a4/76058b] NFC…AL:SAMTOOLS_STATS (NZL.56) | 10 of 10 ✔
[b0/c99c0c] NFC…IAMOND_BLASTX (db6|NZL.56) | 10 of 10 ✔
[-        ] NFC…:KRAKENTOOLS_KREPORT2KRONA -
[-        ] NFC…ON_KRONA:KAIJU_KAIJU2KRONA -
[-        ] NFC…ZATION_KRONA:KRONA_CLEANUP -
[-        ] NFC…N_KRONA:KRONA_KTIMPORTTEXT -
[-        ] NFC…KRONA:MEGAN_RMA2INFO_KRONA -
[-        ] NFC…VISUALIZATION_KRONA:GUNZIP -
[-        ] NFC…ONA:KRONA_KTIMPORTTAXONOMY -
[23/06b47b] NFC…XPASTA_MERGE (diamond|db6) | 0 of 1
[-        ] NFC…FILES:TAXPASTA_STANDARDISE -
[-        ] NFC…CKEN_COMBINEBRACKENOUTPUTS -
Plus 7 more processes waiting for tasks…

executor >  slurm (82)
[-        ] NFC…PROFILER:TAXPROFILER:UNTAR -
[c0/4b443c] NFC…AXPROFILER:FASTQC (NZL.56) | 10 of 10 ✔
[-        ] NFC…ORTREAD_FASTP:FASTP_SINGLE -
[f1/982368] NFC…ASTP:FASTP_PAIRED (NZL.56) | 10 of 10 ✔
[92/dee0dc] NFC…:FASTQC_PROCESSED (NZL.56) | 10 of 10 ✔
[51/aab3f4] NFC…ERING:BBMAP_BBDUK (NZL.56) | 10 of 10 ✔
[a7/1fb206] NFC…VAL:BOWTIE2_ALIGN (NZL.56) | 10 of 10 ✔
[eb/49d1df] NFC…AL:SAMTOOLS_INDEX (NZL.56) | 10 of 10 ✔
[a4/76058b] NFC…AL:SAMTOOLS_STATS (NZL.56) | 10 of 10 ✔
[b0/c99c0c] NFC…IAMOND_BLASTX (db6|NZL.56) | 10 of 10 ✔
[-        ] NFC…:KRAKENTOOLS_KREPORT2KRONA -
[-        ] NFC…ON_KRONA:KAIJU_KAIJU2KRONA -
[-        ] NFC…ZATION_KRONA:KRONA_CLEANUP -
[-        ] NFC…N_KRONA:KRONA_KTIMPORTTEXT -
[-        ] NFC…KRONA:MEGAN_RMA2INFO_KRONA -
[-        ] NFC…VISUALIZATION_KRONA:GUNZIP -
[-        ] NFC…ONA:KRONA_KTIMPORTTAXONOMY -
[23/06b47b] NFC…XPASTA_MERGE (diamond|db6) | 1 of 1 ✔
[-        ] NFC…FILES:TAXPASTA_STANDARDISE -
[-        ] NFC…CKEN_COMBINEBRACKENOUTPUTS -
[99/074071] NFC…OFILER:TAXPROFILER:MULTIQC | 0 of 1
Plus 6 more processes waiting for tasks…

executor >  slurm (82)
[-        ] NFC…PROFILER:TAXPROFILER:UNTAR -
[c0/4b443c] NFC…AXPROFILER:FASTQC (NZL.56) | 10 of 10 ✔
[-        ] NFC…ORTREAD_FASTP:FASTP_SINGLE -
[f1/982368] NFC…ASTP:FASTP_PAIRED (NZL.56) | 10 of 10 ✔
[92/dee0dc] NFC…:FASTQC_PROCESSED (NZL.56) | 10 of 10 ✔
[51/aab3f4] NFC…ERING:BBMAP_BBDUK (NZL.56) | 10 of 10 ✔
[a7/1fb206] NFC…VAL:BOWTIE2_ALIGN (NZL.56) | 10 of 10 ✔
[eb/49d1df] NFC…AL:SAMTOOLS_INDEX (NZL.56) | 10 of 10 ✔
[a4/76058b] NFC…AL:SAMTOOLS_STATS (NZL.56) | 10 of 10 ✔
[b0/c99c0c] NFC…IAMOND_BLASTX (db6|NZL.56) | 10 of 10 ✔
[-        ] NFC…:KRAKENTOOLS_KREPORT2KRONA -
[-        ] NFC…ON_KRONA:KAIJU_KAIJU2KRONA -
[-        ] NFC…ZATION_KRONA:KRONA_CLEANUP -
[-        ] NFC…N_KRONA:KRONA_KTIMPORTTEXT -
[-        ] NFC…KRONA:MEGAN_RMA2INFO_KRONA -
[-        ] NFC…VISUALIZATION_KRONA:GUNZIP -
[-        ] NFC…ONA:KRONA_KTIMPORTTAXONOMY -
[23/06b47b] NFC…XPASTA_MERGE (diamond|db6) | 1 of 1 ✔
[-        ] NFC…FILES:TAXPASTA_STANDARDISE -
[-        ] NFC…CKEN_COMBINEBRACKENOUTPUTS -
[99/074071] NFC…OFILER:TAXPROFILER:MULTIQC | 0 of 1
Plus 6 more processes waiting for tasks…

executor >  slurm (82)
[-        ] NFC…PROFILER:TAXPROFILER:UNTAR -
[c0/4b443c] NFC…AXPROFILER:FASTQC (NZL.56) | 10 of 10 ✔
[-        ] NFC…ORTREAD_FASTP:FASTP_SINGLE -
[f1/982368] NFC…ASTP:FASTP_PAIRED (NZL.56) | 10 of 10 ✔
[92/dee0dc] NFC…:FASTQC_PROCESSED (NZL.56) | 10 of 10 ✔
[51/aab3f4] NFC…ERING:BBMAP_BBDUK (NZL.56) | 10 of 10 ✔
[a7/1fb206] NFC…VAL:BOWTIE2_ALIGN (NZL.56) | 10 of 10 ✔
[eb/49d1df] NFC…AL:SAMTOOLS_INDEX (NZL.56) | 10 of 10 ✔
[a4/76058b] NFC…AL:SAMTOOLS_STATS (NZL.56) | 10 of 10 ✔
[b0/c99c0c] NFC…IAMOND_BLASTX (db6|NZL.56) | 10 of 10 ✔
[-        ] NFC…:KRAKENTOOLS_KREPORT2KRONA -
[-        ] NFC…ON_KRONA:KAIJU_KAIJU2KRONA -
[-        ] NFC…ZATION_KRONA:KRONA_CLEANUP -
[-        ] NFC…N_KRONA:KRONA_KTIMPORTTEXT -
[-        ] NFC…KRONA:MEGAN_RMA2INFO_KRONA -
[-        ] NFC…VISUALIZATION_KRONA:GUNZIP -
[-        ] NFC…ONA:KRONA_KTIMPORTTAXONOMY -
[23/06b47b] NFC…XPASTA_MERGE (diamond|db6) | 1 of 1 ✔
[-        ] NFC…FILES:TAXPASTA_STANDARDISE -
[-        ] NFC…CKEN_COMBINEBRACKENOUTPUTS -
[99/074071] NFC…OFILER:TAXPROFILER:MULTIQC | 1 of 1 ✔
Plus 6 more processes waiting for tasks…

executor >  slurm (82)
[-        ] NFC…PROFILER:TAXPROFILER:UNTAR -
[c0/4b443c] NFC…AXPROFILER:FASTQC (NZL.56) | 10 of 10 ✔
[-        ] NFC…ORTREAD_FASTP:FASTP_SINGLE -
[f1/982368] NFC…ASTP:FASTP_PAIRED (NZL.56) | 10 of 10 ✔
[92/dee0dc] NFC…:FASTQC_PROCESSED (NZL.56) | 10 of 10 ✔
[51/aab3f4] NFC…ERING:BBMAP_BBDUK (NZL.56) | 10 of 10 ✔
[a7/1fb206] NFC…VAL:BOWTIE2_ALIGN (NZL.56) | 10 of 10 ✔
[eb/49d1df] NFC…AL:SAMTOOLS_INDEX (NZL.56) | 10 of 10 ✔
[a4/76058b] NFC…AL:SAMTOOLS_STATS (NZL.56) | 10 of 10 ✔
[b0/c99c0c] NFC…IAMOND_BLASTX (db6|NZL.56) | 10 of 10 ✔
[-        ] NFC…:KRAKENTOOLS_KREPORT2KRONA -
[-        ] NFC…ON_KRONA:KAIJU_KAIJU2KRONA -
[-        ] NFC…ZATION_KRONA:KRONA_CLEANUP -
[-        ] NFC…N_KRONA:KRONA_KTIMPORTTEXT -
[-        ] NFC…KRONA:MEGAN_RMA2INFO_KRONA -
[-        ] NFC…VISUALIZATION_KRONA:GUNZIP -
[-        ] NFC…ONA:KRONA_KTIMPORTTAXONOMY -
[23/06b47b] NFC…XPASTA_MERGE (diamond|db6) | 1 of 1 ✔
[-        ] NFC…FILES:TAXPASTA_STANDARDISE -
[-        ] NFC…CKEN_COMBINEBRACKENOUTPUTS -
[99/074071] NFC…OFILER:TAXPROFILER:MULTIQC | 1 of 1 ✔
Plus 6 more processes waiting for tasks…
-[nf-core/taxprofiler] Pipeline completed successfully-

executor >  slurm (82)
[-        ] NFC…PROFILER:TAXPROFILER:UNTAR -
[c0/4b443c] NFC…AXPROFILER:FASTQC (NZL.56) | 10 of 10 ✔
[-        ] NFC…ORTREAD_FASTP:FASTP_SINGLE -
[f1/982368] NFC…ASTP:FASTP_PAIRED (NZL.56) | 10 of 10 ✔
[92/dee0dc] NFC…:FASTQC_PROCESSED (NZL.56) | 10 of 10 ✔
[51/aab3f4] NFC…ERING:BBMAP_BBDUK (NZL.56) | 10 of 10 ✔
[a7/1fb206] NFC…VAL:BOWTIE2_ALIGN (NZL.56) | 10 of 10 ✔
[eb/49d1df] NFC…AL:SAMTOOLS_INDEX (NZL.56) | 10 of 10 ✔
[a4/76058b] NFC…AL:SAMTOOLS_STATS (NZL.56) | 10 of 10 ✔
[b0/c99c0c] NFC…IAMOND_BLASTX (db6|NZL.56) | 10 of 10 ✔
[-        ] NFC…:KRAKENTOOLS_KREPORT2KRONA -
[-        ] NFC…ON_KRONA:KAIJU_KAIJU2KRONA -
[-        ] NFC…ZATION_KRONA:KRONA_CLEANUP -
[-        ] NFC…N_KRONA:KRONA_KTIMPORTTEXT -
[-        ] NFC…KRONA:MEGAN_RMA2INFO_KRONA -
[-        ] NFC…VISUALIZATION_KRONA:GUNZIP -
[-        ] NFC…ONA:KRONA_KTIMPORTTAXONOMY -
[23/06b47b] NFC…XPASTA_MERGE (diamond|db6) | 1 of 1 ✔
[-        ] NFC…FILES:TAXPASTA_STANDARDISE -
[-        ] NFC…CKEN_COMBINEBRACKENOUTPUTS -
[99/074071] NFC…OFILER:TAXPROFILER:MULTIQC | 1 of 1 ✔
Plus 6 more processes waiting for tasks…
-[nf-core/taxprofiler] Pipeline completed successfully-
Completed at: 17-Dec-2025 02:50:15
Duration    : 3d 5h 45m 24s
CPU hours   : 4'671.9
Succeeded   : 82


