[33mNextflow 25.10.2 is available - Please consider updating your version to it(B[m

 N E X T F L O W   ~  version 25.04.6

Launching `/data/ucct/bi/pipelines/nf-core-taxprofiler/nf-core-taxprofiler-1.2.4/main.nf` [maniac_borg] DSL2 - revision: bba6c867d1


------------------------------------------------------
                                        ,--./,-.
        ___     __   __   __   ___     /,-._.--~'
  |\ | |__  __ /  ` /  \ |__) |__         }  {
  | \| |       \__, \__/ |  \ |___     \`-._,-`-,
                                        `._,._,'
  nf-core/taxprofiler 1.2.4
------------------------------------------------------
Input/output options
  input                             : samplesheet.csv
  databases                         : ../../DOC/databasesheet.csv
  outdir                            : ./results
  multiqc_title                     : ERP015409

Preprocessing short-read QC options
  perform_shortread_qc              : true
  shortread_qc_minlength            : 50
  perform_shortread_complexityfilter: true
  shortread_complexityfilter_entropy: 0.5
  save_complexityfiltered_reads     : true

Preprocessing host removal options
  perform_shortread_hostremoval     : true
  hostremoval_reference             : /data/ucct/bi/references/eukaria/homo_sapiens/hg38/NCBI/genome/GCF_000001405.40_GRCh38.p14/GCF_000001405.40_GRCh38.p14_genomic.fna.gz
  shortread_hostremoval_index       : ../../REFERENCES/bowtie2/

Profiling options
  run_diamond                       : true
  kaiju_taxon_rank                  : genus
  ganon_report_rank                 : genus

Postprocessing and visualisation options
  run_profile_standardisation       : true
  run_krona                         : true
  krona_taxonomy_directory          : /data/ucct/bi/research/20250625_TFM_CIBORRA_IC-SM_T/REFERENCES/krona/taxonomy_db
  taxpasta_taxonomy_dir             : ../../REFERENCES/taxdump/2025-09-01_taxdump/
  taxpasta_add_name                 : true
  taxpasta_add_rank                 : true

Generic options
  trace_report_suffix               : 2026-01-07_23-11-18

Core Nextflow options
  runName                           : maniac_borg
  containerEngine                   : singularity
  launchDir                         : /data/ucct/bi/research/20250625_TFM_CIBORRA_IC-SM_T/ANALYSIS/20251121_ANALYSIS16_diamond1.1
  workDir                           : /data/ucct/bi/research/20250625_TFM_CIBORRA_IC-SM_T/ANALYSIS/20251121_ANALYSIS16_diamond1.1/work
  projectDir                        : /data/ucct/bi/pipelines/nf-core-taxprofiler/nf-core-taxprofiler-1.2.4
  userName                          : carmen.iborra
  profile                           : singularity
  configFiles                       : /data/ucct/bi/pipelines/nf-core-taxprofiler/nf-core-taxprofiler-1.2.4/nextflow.config, /data/ucct/bi/research/20250625_TFM_CIBORRA_IC-SM_T/ANALYSIS/20251121_ANALYSIS16_diamond1.1/../../DOC/taxprofiler.config

!! Only displaying parameters that differ from the pipeline defaults !!
------------------------------------------------------
* The pipeline
    https://doi.org/10.1101/2023.10.20.563221

* The nf-core framework
    https://doi.org/10.1038/s41587-020-0439-x

* Software dependencies
    https://github.com/nf-core/taxprofiler/blob/master/CITATIONS.md

WARN: The following invalid input values have been detected:

* --max_cpus: 32
* --max_time: 24.h
* --run_krona_combined: true
* --max_memory: 376 GB


[-        ] NFC…PROFILER:TAXPROFILER:UNTAR -
[-        ] NFC…ROFILER:TAXPROFILER:FASTQC -
[-        ] NFC…ORTREAD_FASTP:FASTP_SINGLE -
[-        ] NFC…ORTREAD_FASTP:FASTP_PAIRED -

[-        ] NFC…PROFILER:TAXPROFILER:UNTAR -
[-        ] NFC…ROFILER:TAXPROFILER:FASTQC -
[-        ] NFC…ORTREAD_FASTP:FASTP_SINGLE -
[-        ] NFC…ORTREAD_FASTP:FASTP_PAIRED -
[-        ] NFC…ROCESSING:FASTQC_PROCESSED -
[-        ] NFC…EXITYFILTERING:BBMAP_BBDUK -
[-        ] NFC…_HOSTREMOVAL:BOWTIE2_ALIGN -
[-        ] NFC…HOSTREMOVAL:SAMTOOLS_INDEX -
[-        ] NFC…HOSTREMOVAL:SAMTOOLS_STATS -
[-        ] NFC…R:PROFILING:DIAMOND_BLASTX -
[-        ] NFC…:KRAKENTOOLS_KREPORT2KRONA -
[-        ] NFC…ON_KRONA:KAIJU_KAIJU2KRONA -
[-        ] NFC…ZATION_KRONA:KRONA_CLEANUP -

[-        ] NFC…PROFILER:TAXPROFILER:UNTAR -
[-        ] NFC…ROFILER:TAXPROFILER:FASTQC -
[-        ] NFC…ORTREAD_FASTP:FASTP_SINGLE -
[-        ] NFC…ORTREAD_FASTP:FASTP_PAIRED -
[-        ] NFC…ROCESSING:FASTQC_PROCESSED -
[-        ] NFC…EXITYFILTERING:BBMAP_BBDUK -
[-        ] NFC…_HOSTREMOVAL:BOWTIE2_ALIGN -
[-        ] NFC…HOSTREMOVAL:SAMTOOLS_INDEX -
[-        ] NFC…HOSTREMOVAL:SAMTOOLS_STATS -
[-        ] NFC…R:PROFILING:DIAMOND_BLASTX -
[-        ] NFC…:KRAKENTOOLS_KREPORT2KRONA -
[-        ] NFC…ON_KRONA:KAIJU_KAIJU2KRONA -
[-        ] NFC…ZATION_KRONA:KRONA_CLEANUP -
[-        ] NFC…N_KRONA:KRONA_KTIMPORTTEXT -
[-        ] NFC…KRONA:MEGAN_RMA2INFO_KRONA -
[-        ] NFC…VISUALIZATION_KRONA:GUNZIP -
[-        ] NFC…ONA:KRONA_KTIMPORTTAXONOMY -
[-        ] NFC…ON_PROFILES:TAXPASTA_MERGE -
[-        ] NFC…FILES:TAXPASTA_STANDARDISE -
[-        ] NFC…CKEN_COMBINEBRACKENOUTPUTS -
Plus 4 more processes waiting for tasks…

[-        ] NFC…PROFILER:TAXPROFILER:UNTAR -
[-        ] NFC…ROFILER:TAXPROFILER:FASTQC -
[-        ] NFC…ORTREAD_FASTP:FASTP_SINGLE -
[-        ] NFC…ORTREAD_FASTP:FASTP_PAIRED -
[-        ] NFC…ROCESSING:FASTQC_PROCESSED -
[-        ] NFC…EXITYFILTERING:BBMAP_BBDUK -
[-        ] NFC…_HOSTREMOVAL:BOWTIE2_ALIGN -
[-        ] NFC…HOSTREMOVAL:SAMTOOLS_INDEX -
[-        ] NFC…HOSTREMOVAL:SAMTOOLS_STATS -
[-        ] NFC…R:PROFILING:DIAMOND_BLASTX -
[-        ] NFC…:KRAKENTOOLS_KREPORT2KRONA -
[-        ] NFC…ON_KRONA:KAIJU_KAIJU2KRONA -
[-        ] NFC…ZATION_KRONA:KRONA_CLEANUP -
[-        ] NFC…N_KRONA:KRONA_KTIMPORTTEXT -
[-        ] NFC…KRONA:MEGAN_RMA2INFO_KRONA -
[-        ] NFC…VISUALIZATION_KRONA:GUNZIP -
[-        ] NFC…ONA:KRONA_KTIMPORTTAXONOMY -
[-        ] NFC…ON_PROFILES:TAXPASTA_MERGE -
[-        ] NFC…FILES:TAXPASTA_STANDARDISE -
[-        ] NFC…CKEN_COMBINEBRACKENOUTPUTS -
Plus 7 more processes waiting for tasks…

[-        ] NFC…PROFILER:TAXPROFILER:UNTAR -
[-        ] NFC…ROFILER:TAXPROFILER:FASTQC -
[-        ] NFC…ORTREAD_FASTP:FASTP_SINGLE -
[-        ] NFC…ORTREAD_FASTP:FASTP_PAIRED | 0 of 1
[-        ] NFC…ROCESSING:FASTQC_PROCESSED -
[-        ] NFC…EXITYFILTERING:BBMAP_BBDUK -
[-        ] NFC…_HOSTREMOVAL:BOWTIE2_ALIGN -
[-        ] NFC…HOSTREMOVAL:SAMTOOLS_INDEX -
[-        ] NFC…HOSTREMOVAL:SAMTOOLS_STATS -
[-        ] NFC…R:PROFILING:DIAMOND_BLASTX -
[-        ] NFC…:KRAKENTOOLS_KREPORT2KRONA -
[-        ] NFC…ON_KRONA:KAIJU_KAIJU2KRONA -
[-        ] NFC…ZATION_KRONA:KRONA_CLEANUP -
[-        ] NFC…N_KRONA:KRONA_KTIMPORTTEXT -
[-        ] NFC…KRONA:MEGAN_RMA2INFO_KRONA -
[-        ] NFC…VISUALIZATION_KRONA:GUNZIP -
[-        ] NFC…ONA:KRONA_KTIMPORTTAXONOMY -
[-        ] NFC…ON_PROFILES:TAXPASTA_MERGE -
[-        ] NFC…FILES:TAXPASTA_STANDARDISE -
[-        ] NFC…CKEN_COMBINEBRACKENOUTPUTS -
Plus 7 more processes waiting for tasks…

executor >  slurm (6)
[-        ] NFC…PROFILER:TAXPROFILER:UNTAR -
[6f/aae598] NFC…AXPROFILER:FASTQC (AUS.18) | 0 of 10
[-        ] NFC…ORTREAD_FASTP:FASTP_SINGLE -
[1e/cf98f5] NFC…ASTP:FASTP_PAIRED (AUS.18) | 0 of 10
[-        ] NFC…ROCESSING:FASTQC_PROCESSED -
[-        ] NFC…EXITYFILTERING:BBMAP_BBDUK -
[-        ] NFC…_HOSTREMOVAL:BOWTIE2_ALIGN -
[-        ] NFC…HOSTREMOVAL:SAMTOOLS_INDEX -
[-        ] NFC…HOSTREMOVAL:SAMTOOLS_STATS -
[-        ] NFC…R:PROFILING:DIAMOND_BLASTX -
[-        ] NFC…:KRAKENTOOLS_KREPORT2KRONA -
[-        ] NFC…ON_KRONA:KAIJU_KAIJU2KRONA -
[-        ] NFC…ZATION_KRONA:KRONA_CLEANUP -
[-        ] NFC…N_KRONA:KRONA_KTIMPORTTEXT -
[-        ] NFC…KRONA:MEGAN_RMA2INFO_KRONA -
[-        ] NFC…VISUALIZATION_KRONA:GUNZIP -
[-        ] NFC…ONA:KRONA_KTIMPORTTAXONOMY -
[-        ] NFC…ON_PROFILES:TAXPASTA_MERGE -
[-        ] NFC…FILES:TAXPASTA_STANDARDISE -
[-        ] NFC…CKEN_COMBINEBRACKENOUTPUTS -
Plus 7 more processes waiting for tasks…

executor >  slurm (16)
[-        ] NFC…PROFILER:TAXPROFILER:UNTAR -
[10/fa177a] NFC…AXPROFILER:FASTQC (BWA.19) | 0 of 10
[-        ] NFC…ORTREAD_FASTP:FASTP_SINGLE -
[d0/6b0b2d] NFC…STP:FASTP_PAIRED (BRA.53a) | 0 of 10
[-        ] NFC…ROCESSING:FASTQC_PROCESSED -
[-        ] NFC…EXITYFILTERING:BBMAP_BBDUK -
[-        ] NFC…_HOSTREMOVAL:BOWTIE2_ALIGN -
[-        ] NFC…HOSTREMOVAL:SAMTOOLS_INDEX -
[-        ] NFC…HOSTREMOVAL:SAMTOOLS_STATS -
[-        ] NFC…R:PROFILING:DIAMOND_BLASTX -
[-        ] NFC…:KRAKENTOOLS_KREPORT2KRONA -
[-        ] NFC…ON_KRONA:KAIJU_KAIJU2KRONA -
[-        ] NFC…ZATION_KRONA:KRONA_CLEANUP -
[-        ] NFC…N_KRONA:KRONA_KTIMPORTTEXT -
[-        ] NFC…KRONA:MEGAN_RMA2INFO_KRONA -
[-        ] NFC…VISUALIZATION_KRONA:GUNZIP -
[-        ] NFC…ONA:KRONA_KTIMPORTTAXONOMY -
[-        ] NFC…ON_PROFILES:TAXPASTA_MERGE -
[-        ] NFC…FILES:TAXPASTA_STANDARDISE -
[-        ] NFC…CKEN_COMBINEBRACKENOUTPUTS -
Plus 7 more processes waiting for tasks…

executor >  slurm (20)
[-        ] NFC…PROFILER:TAXPROFILER:UNTAR -
[80/568e07] NFC…XPROFILER:FASTQC (CAN.22a) | 0 of 10
[-        ] NFC…ORTREAD_FASTP:FASTP_SINGLE -
[34/2dd0e6] NFC…STP:FASTP_PAIRED (CAN.22a) | 0 of 10
[-        ] NFC…ROCESSING:FASTQC_PROCESSED -
[-        ] NFC…EXITYFILTERING:BBMAP_BBDUK -
[-        ] NFC…_HOSTREMOVAL:BOWTIE2_ALIGN -
[-        ] NFC…HOSTREMOVAL:SAMTOOLS_INDEX -
[-        ] NFC…HOSTREMOVAL:SAMTOOLS_STATS -
[-        ] NFC…R:PROFILING:DIAMOND_BLASTX -
[-        ] NFC…:KRAKENTOOLS_KREPORT2KRONA -
[-        ] NFC…ON_KRONA:KAIJU_KAIJU2KRONA -
[-        ] NFC…ZATION_KRONA:KRONA_CLEANUP -
[-        ] NFC…N_KRONA:KRONA_KTIMPORTTEXT -
[-        ] NFC…KRONA:MEGAN_RMA2INFO_KRONA -
[-        ] NFC…VISUALIZATION_KRONA:GUNZIP -
[-        ] NFC…ONA:KRONA_KTIMPORTTAXONOMY -
[-        ] NFC…ON_PROFILES:TAXPASTA_MERGE -
[-        ] NFC…FILES:TAXPASTA_STANDARDISE -
[-        ] NFC…CKEN_COMBINEBRACKENOUTPUTS -
Plus 7 more processes waiting for tasks…

executor >  slurm (20)
[-        ] NFC…PROFILER:TAXPROFILER:UNTAR -
[80/568e07] NFC…XPROFILER:FASTQC (CAN.22a) | 0 of 10
[-        ] NFC…ORTREAD_FASTP:FASTP_SINGLE -
[34/2dd0e6] NFC…STP:FASTP_PAIRED (CAN.22a) | 0 of 10
[-        ] NFC…ROCESSING:FASTQC_PROCESSED -
[-        ] NFC…EXITYFILTERING:BBMAP_BBDUK -
[-        ] NFC…_HOSTREMOVAL:BOWTIE2_ALIGN -
[-        ] NFC…HOSTREMOVAL:SAMTOOLS_INDEX -
[-        ] NFC…HOSTREMOVAL:SAMTOOLS_STATS -
[-        ] NFC…R:PROFILING:DIAMOND_BLASTX -
[-        ] NFC…:KRAKENTOOLS_KREPORT2KRONA -
[-        ] NFC…ON_KRONA:KAIJU_KAIJU2KRONA -
[-        ] NFC…ZATION_KRONA:KRONA_CLEANUP -
[-        ] NFC…N_KRONA:KRONA_KTIMPORTTEXT -
[-        ] NFC…KRONA:MEGAN_RMA2INFO_KRONA -
[-        ] NFC…VISUALIZATION_KRONA:GUNZIP -
[-        ] NFC…ONA:KRONA_KTIMPORTTAXONOMY -
[-        ] NFC…ON_PROFILES:TAXPASTA_MERGE -
[-        ] NFC…FILES:TAXPASTA_STANDARDISE -
[-        ] NFC…CKEN_COMBINEBRACKENOUTPUTS -
Plus 7 more processes waiting for tasks…

executor >  slurm (20)
[-        ] NFC…PROFILER:TAXPROFILER:UNTAR -
[80/568e07] NFC…XPROFILER:FASTQC (CAN.22a) | 0 of 10
[-        ] NFC…ORTREAD_FASTP:FASTP_SINGLE -
[34/2dd0e6] NFC…STP:FASTP_PAIRED (CAN.22a) | 0 of 10
[-        ] NFC…ROCESSING:FASTQC_PROCESSED -
[-        ] NFC…EXITYFILTERING:BBMAP_BBDUK -
[-        ] NFC…_HOSTREMOVAL:BOWTIE2_ALIGN -
[-        ] NFC…HOSTREMOVAL:SAMTOOLS_INDEX -
[-        ] NFC…HOSTREMOVAL:SAMTOOLS_STATS -
[-        ] NFC…R:PROFILING:DIAMOND_BLASTX -
[-        ] NFC…:KRAKENTOOLS_KREPORT2KRONA -
[-        ] NFC…ON_KRONA:KAIJU_KAIJU2KRONA -
[-        ] NFC…ZATION_KRONA:KRONA_CLEANUP -
[-        ] NFC…N_KRONA:KRONA_KTIMPORTTEXT -
[-        ] NFC…KRONA:MEGAN_RMA2INFO_KRONA -
[-        ] NFC…VISUALIZATION_KRONA:GUNZIP -
[-        ] NFC…ONA:KRONA_KTIMPORTTAXONOMY -
[-        ] NFC…ON_PROFILES:TAXPASTA_MERGE -
[-        ] NFC…FILES:TAXPASTA_STANDARDISE -
[-        ] NFC…CKEN_COMBINEBRACKENOUTPUTS -
Plus 7 more processes waiting for tasks…

executor >  slurm (20)
[-        ] NFC…PROFILER:TAXPROFILER:UNTAR -
[80/568e07] NFC…XPROFILER:FASTQC (CAN.22a) | 1 of 10
[-        ] NFC…ORTREAD_FASTP:FASTP_SINGLE -
[4b/cf1cc2] NFC…ASTP:FASTP_PAIRED (CAN.22) | 1 of 10
[-        ] NFC…ROCESSING:FASTQC_PROCESSED | 0 of 1
[-        ] NFC…EXITYFILTERING:BBMAP_BBDUK -
[-        ] NFC…_HOSTREMOVAL:BOWTIE2_ALIGN -
[-        ] NFC…HOSTREMOVAL:SAMTOOLS_INDEX -
[-        ] NFC…HOSTREMOVAL:SAMTOOLS_STATS -
[-        ] NFC…R:PROFILING:DIAMOND_BLASTX -
[-        ] NFC…:KRAKENTOOLS_KREPORT2KRONA -
[-        ] NFC…ON_KRONA:KAIJU_KAIJU2KRONA -
[-        ] NFC…ZATION_KRONA:KRONA_CLEANUP -
[-        ] NFC…N_KRONA:KRONA_KTIMPORTTEXT -
[-        ] NFC…KRONA:MEGAN_RMA2INFO_KRONA -
[-        ] NFC…VISUALIZATION_KRONA:GUNZIP -
[-        ] NFC…ONA:KRONA_KTIMPORTTAXONOMY -
[-        ] NFC…ON_PROFILES:TAXPASTA_MERGE -
[-        ] NFC…FILES:TAXPASTA_STANDARDISE -
[-        ] NFC…CKEN_COMBINEBRACKENOUTPUTS -
Plus 7 more processes waiting for tasks…

executor >  slurm (21)
[-        ] NFC…PROFILER:TAXPROFILER:UNTAR -
[e4/f1a239] NFC…AXPROFILER:FASTQC (CAN.22) | 2 of 10
[-        ] NFC…ORTREAD_FASTP:FASTP_SINGLE -
[4b/cf1cc2] NFC…ASTP:FASTP_PAIRED (CAN.22) | 1 of 10
[7c/d23af2] NFC…:FASTQC_PROCESSED (CAN.22) | 0 of 2
[-        ] NFC…EXITYFILTERING:BBMAP_BBDUK | 0 of 2
[-        ] NFC…_HOSTREMOVAL:BOWTIE2_ALIGN -
[-        ] NFC…HOSTREMOVAL:SAMTOOLS_INDEX -
[-        ] NFC…HOSTREMOVAL:SAMTOOLS_STATS -
[-        ] NFC…R:PROFILING:DIAMOND_BLASTX -
[-        ] NFC…:KRAKENTOOLS_KREPORT2KRONA -
[-        ] NFC…ON_KRONA:KAIJU_KAIJU2KRONA -
[-        ] NFC…ZATION_KRONA:KRONA_CLEANUP -
[-        ] NFC…N_KRONA:KRONA_KTIMPORTTEXT -
[-        ] NFC…KRONA:MEGAN_RMA2INFO_KRONA -
[-        ] NFC…VISUALIZATION_KRONA:GUNZIP -
[-        ] NFC…ONA:KRONA_KTIMPORTTAXONOMY -
[-        ] NFC…ON_PROFILES:TAXPASTA_MERGE -
[-        ] NFC…FILES:TAXPASTA_STANDARDISE -
[-        ] NFC…CKEN_COMBINEBRACKENOUTPUTS -
Plus 7 more processes waiting for tasks…

executor >  slurm (21)
[-        ] NFC…PROFILER:TAXPROFILER:UNTAR -
[e4/f1a239] NFC…AXPROFILER:FASTQC (CAN.22) | 2 of 10
[-        ] NFC…ORTREAD_FASTP:FASTP_SINGLE -
[34/2dd0e6] NFC…STP:FASTP_PAIRED (CAN.22a) | 2 of 10
[7c/d23af2] NFC…:FASTQC_PROCESSED (CAN.22) | 0 of 2
[-        ] NFC…EXITYFILTERING:BBMAP_BBDUK | 0 of 2
[-        ] NFC…_HOSTREMOVAL:BOWTIE2_ALIGN -
[-        ] NFC…HOSTREMOVAL:SAMTOOLS_INDEX -
[-        ] NFC…HOSTREMOVAL:SAMTOOLS_STATS -
[-        ] NFC…R:PROFILING:DIAMOND_BLASTX -
[-        ] NFC…:KRAKENTOOLS_KREPORT2KRONA -
[-        ] NFC…ON_KRONA:KAIJU_KAIJU2KRONA -
[-        ] NFC…ZATION_KRONA:KRONA_CLEANUP -
[-        ] NFC…N_KRONA:KRONA_KTIMPORTTEXT -
[-        ] NFC…KRONA:MEGAN_RMA2INFO_KRONA -
[-        ] NFC…VISUALIZATION_KRONA:GUNZIP -
[-        ] NFC…ONA:KRONA_KTIMPORTTAXONOMY -
[-        ] NFC…ON_PROFILES:TAXPASTA_MERGE -
[-        ] NFC…FILES:TAXPASTA_STANDARDISE -
[-        ] NFC…CKEN_COMBINEBRACKENOUTPUTS -
Plus 7 more processes waiting for tasks…

executor >  slurm (24)
[-        ] NFC…PROFILER:TAXPROFILER:UNTAR -
[e4/f1a239] NFC…AXPROFILER:FASTQC (CAN.22) | 2 of 10
[-        ] NFC…ORTREAD_FASTP:FASTP_SINGLE -
[34/2dd0e6] NFC…STP:FASTP_PAIRED (CAN.22a) | 2 of 10
[55/4cb462] NFC…FASTQC_PROCESSED (CAN.22a) | 0 of 2
[6a/878336] NFC…RING:BBMAP_BBDUK (CAN.22a) | 0 of 2
[-        ] NFC…_HOSTREMOVAL:BOWTIE2_ALIGN -
[-        ] NFC…HOSTREMOVAL:SAMTOOLS_INDEX -
[-        ] NFC…HOSTREMOVAL:SAMTOOLS_STATS -
[-        ] NFC…R:PROFILING:DIAMOND_BLASTX -
[-        ] NFC…:KRAKENTOOLS_KREPORT2KRONA -
[-        ] NFC…ON_KRONA:KAIJU_KAIJU2KRONA -
[-        ] NFC…ZATION_KRONA:KRONA_CLEANUP -
[-        ] NFC…N_KRONA:KRONA_KTIMPORTTEXT -
[-        ] NFC…KRONA:MEGAN_RMA2INFO_KRONA -
[-        ] NFC…VISUALIZATION_KRONA:GUNZIP -
[-        ] NFC…ONA:KRONA_KTIMPORTTAXONOMY -
[-        ] NFC…ON_PROFILES:TAXPASTA_MERGE -
[-        ] NFC…FILES:TAXPASTA_STANDARDISE -
[-        ] NFC…CKEN_COMBINEBRACKENOUTPUTS -
Plus 7 more processes waiting for tasks…

executor >  slurm (24)
[-        ] NFC…PROFILER:TAXPROFILER:UNTAR -
[e4/f1a239] NFC…AXPROFILER:FASTQC (CAN.22) | 2 of 10
[-        ] NFC…ORTREAD_FASTP:FASTP_SINGLE -
[34/2dd0e6] NFC…STP:FASTP_PAIRED (CAN.22a) | 2 of 10
[55/4cb462] NFC…FASTQC_PROCESSED (CAN.22a) | 0 of 2
[6a/878336] NFC…RING:BBMAP_BBDUK (CAN.22a) | 0 of 2
[-        ] NFC…_HOSTREMOVAL:BOWTIE2_ALIGN -
[-        ] NFC…HOSTREMOVAL:SAMTOOLS_INDEX -
[-        ] NFC…HOSTREMOVAL:SAMTOOLS_STATS -
[-        ] NFC…R:PROFILING:DIAMOND_BLASTX -
[-        ] NFC…:KRAKENTOOLS_KREPORT2KRONA -
[-        ] NFC…ON_KRONA:KAIJU_KAIJU2KRONA -
[-        ] NFC…ZATION_KRONA:KRONA_CLEANUP -
[-        ] NFC…N_KRONA:KRONA_KTIMPORTTEXT -
[-        ] NFC…KRONA:MEGAN_RMA2INFO_KRONA -
[-        ] NFC…VISUALIZATION_KRONA:GUNZIP -
[-        ] NFC…ONA:KRONA_KTIMPORTTAXONOMY -
[-        ] NFC…ON_PROFILES:TAXPASTA_MERGE -
[-        ] NFC…FILES:TAXPASTA_STANDARDISE -
[-        ] NFC…CKEN_COMBINEBRACKENOUTPUTS -
Plus 7 more processes waiting for tasks…

executor >  slurm (25)
[-        ] NFC…PROFILER:TAXPROFILER:UNTAR -
[e4/f1a239] NFC…AXPROFILER:FASTQC (CAN.22) | 2 of 10
[-        ] NFC…ORTREAD_FASTP:FASTP_SINGLE -
[cb/c0eb6e] NFC…STP:FASTP_PAIRED (AUS.18a) | 3 of 10
[2f/e44fd8] NFC…FASTQC_PROCESSED (AUS.18a) | 0 of 3
[6a/878336] NFC…RING:BBMAP_BBDUK (CAN.22a) | 0 of 3
[-        ] NFC…_HOSTREMOVAL:BOWTIE2_ALIGN -
[-        ] NFC…HOSTREMOVAL:SAMTOOLS_INDEX -
[-        ] NFC…HOSTREMOVAL:SAMTOOLS_STATS -
[-        ] NFC…R:PROFILING:DIAMOND_BLASTX -
[-        ] NFC…:KRAKENTOOLS_KREPORT2KRONA -
[-        ] NFC…ON_KRONA:KAIJU_KAIJU2KRONA -
[-        ] NFC…ZATION_KRONA:KRONA_CLEANUP -
[-        ] NFC…N_KRONA:KRONA_KTIMPORTTEXT -
[-        ] NFC…KRONA:MEGAN_RMA2INFO_KRONA -
[-        ] NFC…VISUALIZATION_KRONA:GUNZIP -
[-        ] NFC…ONA:KRONA_KTIMPORTTAXONOMY -
[-        ] NFC…ON_PROFILES:TAXPASTA_MERGE -
[-        ] NFC…FILES:TAXPASTA_STANDARDISE -
[-        ] NFC…CKEN_COMBINEBRACKENOUTPUTS -
Plus 7 more processes waiting for tasks…

executor >  slurm (26)
[-        ] NFC…PROFILER:TAXPROFILER:UNTAR -
[e4/f1a239] NFC…AXPROFILER:FASTQC (CAN.22) | 2 of 10
[-        ] NFC…ORTREAD_FASTP:FASTP_SINGLE -
[cb/c0eb6e] NFC…STP:FASTP_PAIRED (AUS.18a) | 3 of 10
[2f/e44fd8] NFC…FASTQC_PROCESSED (AUS.18a) | 0 of 3
[6e/bc2239] NFC…RING:BBMAP_BBDUK (AUS.18a) | 0 of 3
[-        ] NFC…_HOSTREMOVAL:BOWTIE2_ALIGN -
[-        ] NFC…HOSTREMOVAL:SAMTOOLS_INDEX -
[-        ] NFC…HOSTREMOVAL:SAMTOOLS_STATS -
[-        ] NFC…R:PROFILING:DIAMOND_BLASTX -
[-        ] NFC…:KRAKENTOOLS_KREPORT2KRONA -
[-        ] NFC…ON_KRONA:KAIJU_KAIJU2KRONA -
[-        ] NFC…ZATION_KRONA:KRONA_CLEANUP -
[-        ] NFC…N_KRONA:KRONA_KTIMPORTTEXT -
[-        ] NFC…KRONA:MEGAN_RMA2INFO_KRONA -
[-        ] NFC…VISUALIZATION_KRONA:GUNZIP -
[-        ] NFC…ONA:KRONA_KTIMPORTTAXONOMY -
[-        ] NFC…ON_PROFILES:TAXPASTA_MERGE -
[-        ] NFC…FILES:TAXPASTA_STANDARDISE -
[-        ] NFC…CKEN_COMBINEBRACKENOUTPUTS -
Plus 7 more processes waiting for tasks…

executor >  slurm (26)
[-        ] NFC…PROFILER:TAXPROFILER:UNTAR -
[e4/f1a239] NFC…AXPROFILER:FASTQC (CAN.22) | 2 of 10
[-        ] NFC…ORTREAD_FASTP:FASTP_SINGLE -
[cb/c0eb6e] NFC…STP:FASTP_PAIRED (AUS.18a) | 3 of 10
[2f/e44fd8] NFC…FASTQC_PROCESSED (AUS.18a) | 0 of 3
[6e/bc2239] NFC…RING:BBMAP_BBDUK (AUS.18a) | 0 of 3
[-        ] NFC…_HOSTREMOVAL:BOWTIE2_ALIGN -
[-        ] NFC…HOSTREMOVAL:SAMTOOLS_INDEX -
[-        ] NFC…HOSTREMOVAL:SAMTOOLS_STATS -
[-        ] NFC…R:PROFILING:DIAMOND_BLASTX -
[-        ] NFC…:KRAKENTOOLS_KREPORT2KRONA -
[-        ] NFC…ON_KRONA:KAIJU_KAIJU2KRONA -
[-        ] NFC…ZATION_KRONA:KRONA_CLEANUP -
[-        ] NFC…N_KRONA:KRONA_KTIMPORTTEXT -
[-        ] NFC…KRONA:MEGAN_RMA2INFO_KRONA -
[-        ] NFC…VISUALIZATION_KRONA:GUNZIP -
[-        ] NFC…ONA:KRONA_KTIMPORTTAXONOMY -
[-        ] NFC…ON_PROFILES:TAXPASTA_MERGE -
[-        ] NFC…FILES:TAXPASTA_STANDARDISE -
[-        ] NFC…CKEN_COMBINEBRACKENOUTPUTS -
Plus 7 more processes waiting for tasks…

executor >  slurm (26)
[-        ] NFC…PROFILER:TAXPROFILER:UNTAR -
[7b/9d1c79] NFC…XPROFILER:FASTQC (AUS.18a) | 3 of 10
[-        ] NFC…ORTREAD_FASTP:FASTP_SINGLE -
[cb/c0eb6e] NFC…STP:FASTP_PAIRED (AUS.18a) | 3 of 10
[2f/e44fd8] NFC…FASTQC_PROCESSED (AUS.18a) | 0 of 3
[6e/bc2239] NFC…RING:BBMAP_BBDUK (AUS.18a) | 0 of 3
[-        ] NFC…_HOSTREMOVAL:BOWTIE2_ALIGN -
[-        ] NFC…HOSTREMOVAL:SAMTOOLS_INDEX -
[-        ] NFC…HOSTREMOVAL:SAMTOOLS_STATS -
[-        ] NFC…R:PROFILING:DIAMOND_BLASTX -
[-        ] NFC…:KRAKENTOOLS_KREPORT2KRONA -
[-        ] NFC…ON_KRONA:KAIJU_KAIJU2KRONA -
[-        ] NFC…ZATION_KRONA:KRONA_CLEANUP -
[-        ] NFC…N_KRONA:KRONA_KTIMPORTTEXT -
[-        ] NFC…KRONA:MEGAN_RMA2INFO_KRONA -
[-        ] NFC…VISUALIZATION_KRONA:GUNZIP -
[-        ] NFC…ONA:KRONA_KTIMPORTTAXONOMY -
[-        ] NFC…ON_PROFILES:TAXPASTA_MERGE -
[-        ] NFC…FILES:TAXPASTA_STANDARDISE -
[-        ] NFC…CKEN_COMBINEBRACKENOUTPUTS -
Plus 7 more processes waiting for tasks…

executor >  slurm (26)
[-        ] NFC…PROFILER:TAXPROFILER:UNTAR -
[7b/9d1c79] NFC…XPROFILER:FASTQC (AUS.18a) | 3 of 10
[-        ] NFC…ORTREAD_FASTP:FASTP_SINGLE -
[cb/c0eb6e] NFC…STP:FASTP_PAIRED (AUS.18a) | 3 of 10
[55/4cb462] NFC…FASTQC_PROCESSED (CAN.22a) | 1 of 3
[6e/bc2239] NFC…RING:BBMAP_BBDUK (AUS.18a) | 0 of 3
[-        ] NFC…_HOSTREMOVAL:BOWTIE2_ALIGN -
[-        ] NFC…HOSTREMOVAL:SAMTOOLS_INDEX -
[-        ] NFC…HOSTREMOVAL:SAMTOOLS_STATS -
[-        ] NFC…R:PROFILING:DIAMOND_BLASTX -
[-        ] NFC…:KRAKENTOOLS_KREPORT2KRONA -
[-        ] NFC…ON_KRONA:KAIJU_KAIJU2KRONA -
[-        ] NFC…ZATION_KRONA:KRONA_CLEANUP -
[-        ] NFC…N_KRONA:KRONA_KTIMPORTTEXT -
[-        ] NFC…KRONA:MEGAN_RMA2INFO_KRONA -
[-        ] NFC…VISUALIZATION_KRONA:GUNZIP -
[-        ] NFC…ONA:KRONA_KTIMPORTTAXONOMY -
[-        ] NFC…ON_PROFILES:TAXPASTA_MERGE -
[-        ] NFC…FILES:TAXPASTA_STANDARDISE -
[-        ] NFC…CKEN_COMBINEBRACKENOUTPUTS -
Plus 7 more processes waiting for tasks…

executor >  slurm (26)
[-        ] NFC…PROFILER:TAXPROFILER:UNTAR -
[7b/9d1c79] NFC…XPROFILER:FASTQC (AUS.18a) | 3 of 10
[-        ] NFC…ORTREAD_FASTP:FASTP_SINGLE -
[cb/c0eb6e] NFC…STP:FASTP_PAIRED (AUS.18a) | 3 of 10
[7c/d23af2] NFC…:FASTQC_PROCESSED (CAN.22) | 2 of 3
[6e/bc2239] NFC…RING:BBMAP_BBDUK (AUS.18a) | 0 of 3
[-        ] NFC…_HOSTREMOVAL:BOWTIE2_ALIGN -
[-        ] NFC…HOSTREMOVAL:SAMTOOLS_INDEX -
[-        ] NFC…HOSTREMOVAL:SAMTOOLS_STATS -
[-        ] NFC…R:PROFILING:DIAMOND_BLASTX -
[-        ] NFC…:KRAKENTOOLS_KREPORT2KRONA -
[-        ] NFC…ON_KRONA:KAIJU_KAIJU2KRONA -
[-        ] NFC…ZATION_KRONA:KRONA_CLEANUP -
[-        ] NFC…N_KRONA:KRONA_KTIMPORTTEXT -
[-        ] NFC…KRONA:MEGAN_RMA2INFO_KRONA -
[-        ] NFC…VISUALIZATION_KRONA:GUNZIP -
[-        ] NFC…ONA:KRONA_KTIMPORTTAXONOMY -
[-        ] NFC…ON_PROFILES:TAXPASTA_MERGE -
[-        ] NFC…FILES:TAXPASTA_STANDARDISE -
[-        ] NFC…CKEN_COMBINEBRACKENOUTPUTS -
Plus 7 more processes waiting for tasks…

executor >  slurm (26)
[-        ] NFC…PROFILER:TAXPROFILER:UNTAR -
[7b/9d1c79] NFC…XPROFILER:FASTQC (AUS.18a) | 3 of 10
[-        ] NFC…ORTREAD_FASTP:FASTP_SINGLE -
[cb/c0eb6e] NFC…STP:FASTP_PAIRED (AUS.18a) | 3 of 10
[7c/d23af2] NFC…:FASTQC_PROCESSED (CAN.22) | 2 of 3
[6e/bc2239] NFC…RING:BBMAP_BBDUK (AUS.18a) | 1 of 3
[-        ] NFC…_HOSTREMOVAL:BOWTIE2_ALIGN -
[-        ] NFC…HOSTREMOVAL:SAMTOOLS_INDEX -
[-        ] NFC…HOSTREMOVAL:SAMTOOLS_STATS -
[-        ] NFC…R:PROFILING:DIAMOND_BLASTX -
[-        ] NFC…:KRAKENTOOLS_KREPORT2KRONA -
[-        ] NFC…ON_KRONA:KAIJU_KAIJU2KRONA -
[-        ] NFC…ZATION_KRONA:KRONA_CLEANUP -
[-        ] NFC…N_KRONA:KRONA_KTIMPORTTEXT -
[-        ] NFC…KRONA:MEGAN_RMA2INFO_KRONA -
[-        ] NFC…VISUALIZATION_KRONA:GUNZIP -
[-        ] NFC…ONA:KRONA_KTIMPORTTAXONOMY -
[-        ] NFC…ON_PROFILES:TAXPASTA_MERGE -
[-        ] NFC…FILES:TAXPASTA_STANDARDISE -
[-        ] NFC…CKEN_COMBINEBRACKENOUTPUTS -
Plus 7 more processes waiting for tasks…

executor >  slurm (27)
[-        ] NFC…PROFILER:TAXPROFILER:UNTAR -
[7b/9d1c79] NFC…XPROFILER:FASTQC (AUS.18a) | 3 of 10
[-        ] NFC…ORTREAD_FASTP:FASTP_SINGLE -
[cb/c0eb6e] NFC…STP:FASTP_PAIRED (AUS.18a) | 3 of 10
[2f/e44fd8] NFC…FASTQC_PROCESSED (AUS.18a) | 3 of 3
[6e/bc2239] NFC…RING:BBMAP_BBDUK (AUS.18a) | 1 of 3
[a1/091f59] NFC…AL:BOWTIE2_ALIGN (AUS.18a) | 0 of 1
[-        ] NFC…HOSTREMOVAL:SAMTOOLS_INDEX -
[-        ] NFC…HOSTREMOVAL:SAMTOOLS_STATS -
[-        ] NFC…R:PROFILING:DIAMOND_BLASTX -
[-        ] NFC…:KRAKENTOOLS_KREPORT2KRONA -
[-        ] NFC…ON_KRONA:KAIJU_KAIJU2KRONA -
[-        ] NFC…ZATION_KRONA:KRONA_CLEANUP -
[-        ] NFC…N_KRONA:KRONA_KTIMPORTTEXT -
[-        ] NFC…KRONA:MEGAN_RMA2INFO_KRONA -
[-        ] NFC…VISUALIZATION_KRONA:GUNZIP -
[-        ] NFC…ONA:KRONA_KTIMPORTTAXONOMY -
[-        ] NFC…ON_PROFILES:TAXPASTA_MERGE -
[-        ] NFC…FILES:TAXPASTA_STANDARDISE -
[-        ] NFC…CKEN_COMBINEBRACKENOUTPUTS -
Plus 7 more processes waiting for tasks…

executor >  slurm (27)
[-        ] NFC…PROFILER:TAXPROFILER:UNTAR -
[7b/9d1c79] NFC…XPROFILER:FASTQC (AUS.18a) | 3 of 10
[-        ] NFC…ORTREAD_FASTP:FASTP_SINGLE -
[cb/c0eb6e] NFC…STP:FASTP_PAIRED (AUS.18a) | 3 of 10
[2f/e44fd8] NFC…FASTQC_PROCESSED (AUS.18a) | 3 of 3
[6e/bc2239] NFC…RING:BBMAP_BBDUK (AUS.18a) | 1 of 3
[a1/091f59] NFC…AL:BOWTIE2_ALIGN (AUS.18a) | 0 of 1
[-        ] NFC…HOSTREMOVAL:SAMTOOLS_INDEX -
[-        ] NFC…HOSTREMOVAL:SAMTOOLS_STATS -
[-        ] NFC…R:PROFILING:DIAMOND_BLASTX -
[-        ] NFC…:KRAKENTOOLS_KREPORT2KRONA -
[-        ] NFC…ON_KRONA:KAIJU_KAIJU2KRONA -
[-        ] NFC…ZATION_KRONA:KRONA_CLEANUP -
[-        ] NFC…N_KRONA:KRONA_KTIMPORTTEXT -
[-        ] NFC…KRONA:MEGAN_RMA2INFO_KRONA -
[-        ] NFC…VISUALIZATION_KRONA:GUNZIP -
[-        ] NFC…ONA:KRONA_KTIMPORTTAXONOMY -
[-        ] NFC…ON_PROFILES:TAXPASTA_MERGE -
[-        ] NFC…FILES:TAXPASTA_STANDARDISE -
[-        ] NFC…CKEN_COMBINEBRACKENOUTPUTS -
Plus 7 more processes waiting for tasks…

executor >  slurm (27)
[-        ] NFC…PROFILER:TAXPROFILER:UNTAR -
[7b/9d1c79] NFC…XPROFILER:FASTQC (AUS.18a) | 3 of 10
[-        ] NFC…ORTREAD_FASTP:FASTP_SINGLE -
[cb/c0eb6e] NFC…STP:FASTP_PAIRED (AUS.18a) | 3 of 10
[2f/e44fd8] NFC…FASTQC_PROCESSED (AUS.18a) | 3 of 3
[25/7f6bff] NFC…ERING:BBMAP_BBDUK (CAN.22) | 2 of 3
[a1/091f59] NFC…AL:BOWTIE2_ALIGN (AUS.18a) | 0 of 2
[-        ] NFC…HOSTREMOVAL:SAMTOOLS_INDEX -
[-        ] NFC…HOSTREMOVAL:SAMTOOLS_STATS -
[-        ] NFC…R:PROFILING:DIAMOND_BLASTX -
[-        ] NFC…:KRAKENTOOLS_KREPORT2KRONA -
[-        ] NFC…ON_KRONA:KAIJU_KAIJU2KRONA -
[-        ] NFC…ZATION_KRONA:KRONA_CLEANUP -
[-        ] NFC…N_KRONA:KRONA_KTIMPORTTEXT -
[-        ] NFC…KRONA:MEGAN_RMA2INFO_KRONA -
[-        ] NFC…VISUALIZATION_KRONA:GUNZIP -
[-        ] NFC…ONA:KRONA_KTIMPORTTAXONOMY -
[-        ] NFC…ON_PROFILES:TAXPASTA_MERGE -
[-        ] NFC…FILES:TAXPASTA_STANDARDISE -
[-        ] NFC…CKEN_COMBINEBRACKENOUTPUTS -
Plus 7 more processes waiting for tasks…

executor >  slurm (28)
[-        ] NFC…PROFILER:TAXPROFILER:UNTAR -
[7b/9d1c79] NFC…XPROFILER:FASTQC (AUS.18a) | 3 of 10
[-        ] NFC…ORTREAD_FASTP:FASTP_SINGLE -
[cb/c0eb6e] NFC…STP:FASTP_PAIRED (AUS.18a) | 3 of 10
[2f/e44fd8] NFC…FASTQC_PROCESSED (AUS.18a) | 3 of 3
[25/7f6bff] NFC…ERING:BBMAP_BBDUK (CAN.22) | 2 of 3
[f7/680c03] NFC…VAL:BOWTIE2_ALIGN (CAN.22) | 0 of 2
[-        ] NFC…HOSTREMOVAL:SAMTOOLS_INDEX -
[-        ] NFC…HOSTREMOVAL:SAMTOOLS_STATS -
[-        ] NFC…R:PROFILING:DIAMOND_BLASTX -
[-        ] NFC…:KRAKENTOOLS_KREPORT2KRONA -
[-        ] NFC…ON_KRONA:KAIJU_KAIJU2KRONA -
[-        ] NFC…ZATION_KRONA:KRONA_CLEANUP -
[-        ] NFC…N_KRONA:KRONA_KTIMPORTTEXT -
[-        ] NFC…KRONA:MEGAN_RMA2INFO_KRONA -
[-        ] NFC…VISUALIZATION_KRONA:GUNZIP -
[-        ] NFC…ONA:KRONA_KTIMPORTTAXONOMY -
[-        ] NFC…ON_PROFILES:TAXPASTA_MERGE -
[-        ] NFC…FILES:TAXPASTA_STANDARDISE -
[-        ] NFC…CKEN_COMBINEBRACKENOUTPUTS -
Plus 7 more processes waiting for tasks…

executor >  slurm (28)
[-        ] NFC…PROFILER:TAXPROFILER:UNTAR -
[7b/9d1c79] NFC…XPROFILER:FASTQC (AUS.18a) | 3 of 10
[-        ] NFC…ORTREAD_FASTP:FASTP_SINGLE -
[cb/c0eb6e] NFC…STP:FASTP_PAIRED (AUS.18a) | 3 of 10
[2f/e44fd8] NFC…FASTQC_PROCESSED (AUS.18a) | 3 of 3
[25/7f6bff] NFC…ERING:BBMAP_BBDUK (CAN.22) | 2 of 3
[f7/680c03] NFC…VAL:BOWTIE2_ALIGN (CAN.22) | 0 of 2
[-        ] NFC…HOSTREMOVAL:SAMTOOLS_INDEX -
[-        ] NFC…HOSTREMOVAL:SAMTOOLS_STATS -
[-        ] NFC…R:PROFILING:DIAMOND_BLASTX -
[-        ] NFC…:KRAKENTOOLS_KREPORT2KRONA -
[-        ] NFC…ON_KRONA:KAIJU_KAIJU2KRONA -
[-        ] NFC…ZATION_KRONA:KRONA_CLEANUP -
[-        ] NFC…N_KRONA:KRONA_KTIMPORTTEXT -
[-        ] NFC…KRONA:MEGAN_RMA2INFO_KRONA -
[-        ] NFC…VISUALIZATION_KRONA:GUNZIP -
[-        ] NFC…ONA:KRONA_KTIMPORTTAXONOMY -
[-        ] NFC…ON_PROFILES:TAXPASTA_MERGE -
[-        ] NFC…FILES:TAXPASTA_STANDARDISE -
[-        ] NFC…CKEN_COMBINEBRACKENOUTPUTS -
Plus 7 more processes waiting for tasks…

executor >  slurm (29)
[-        ] NFC…PROFILER:TAXPROFILER:UNTAR -
[7b/9d1c79] NFC…XPROFILER:FASTQC (AUS.18a) | 3 of 10
[-        ] NFC…ORTREAD_FASTP:FASTP_SINGLE -
[cb/c0eb6e] NFC…STP:FASTP_PAIRED (AUS.18a) | 3 of 10
[2f/e44fd8] NFC…FASTQC_PROCESSED (AUS.18a) | 3 of 3
[6a/878336] NFC…RING:BBMAP_BBDUK (CAN.22a) | 3 of 3
[fe/b61243] NFC…AL:BOWTIE2_ALIGN (CAN.22a) | 0 of 3
[-        ] NFC…HOSTREMOVAL:SAMTOOLS_INDEX -
[-        ] NFC…HOSTREMOVAL:SAMTOOLS_STATS -
[-        ] NFC…R:PROFILING:DIAMOND_BLASTX -
[-        ] NFC…:KRAKENTOOLS_KREPORT2KRONA -
[-        ] NFC…ON_KRONA:KAIJU_KAIJU2KRONA -
[-        ] NFC…ZATION_KRONA:KRONA_CLEANUP -
[-        ] NFC…N_KRONA:KRONA_KTIMPORTTEXT -
[-        ] NFC…KRONA:MEGAN_RMA2INFO_KRONA -
[-        ] NFC…VISUALIZATION_KRONA:GUNZIP -
[-        ] NFC…ONA:KRONA_KTIMPORTTAXONOMY -
[-        ] NFC…ON_PROFILES:TAXPASTA_MERGE -
[-        ] NFC…FILES:TAXPASTA_STANDARDISE -
[-        ] NFC…CKEN_COMBINEBRACKENOUTPUTS -
Plus 7 more processes waiting for tasks…

executor >  slurm (29)
[-        ] NFC…PROFILER:TAXPROFILER:UNTAR -
[7b/9d1c79] NFC…XPROFILER:FASTQC (AUS.18a) | 3 of 10
[-        ] NFC…ORTREAD_FASTP:FASTP_SINGLE -
[cb/c0eb6e] NFC…STP:FASTP_PAIRED (AUS.18a) | 3 of 10
[2f/e44fd8] NFC…FASTQC_PROCESSED (AUS.18a) | 3 of 3
[6a/878336] NFC…RING:BBMAP_BBDUK (CAN.22a) | 3 of 3
[fe/b61243] NFC…AL:BOWTIE2_ALIGN (CAN.22a) | 0 of 3
[-        ] NFC…HOSTREMOVAL:SAMTOOLS_INDEX -
[-        ] NFC…HOSTREMOVAL:SAMTOOLS_STATS -
[-        ] NFC…R:PROFILING:DIAMOND_BLASTX -
[-        ] NFC…:KRAKENTOOLS_KREPORT2KRONA -
[-        ] NFC…ON_KRONA:KAIJU_KAIJU2KRONA -
[-        ] NFC…ZATION_KRONA:KRONA_CLEANUP -
[-        ] NFC…N_KRONA:KRONA_KTIMPORTTEXT -
[-        ] NFC…KRONA:MEGAN_RMA2INFO_KRONA -
[-        ] NFC…VISUALIZATION_KRONA:GUNZIP -
[-        ] NFC…ONA:KRONA_KTIMPORTTAXONOMY -
[-        ] NFC…ON_PROFILES:TAXPASTA_MERGE -
[-        ] NFC…FILES:TAXPASTA_STANDARDISE -
[-        ] NFC…CKEN_COMBINEBRACKENOUTPUTS -
Plus 7 more processes waiting for tasks…

executor >  slurm (31)
[-        ] NFC…PROFILER:TAXPROFILER:UNTAR -
[48/d80ff5] NFC…AXPROFILER:FASTQC (BRA.53) | 7 of 10
[-        ] NFC…ORTREAD_FASTP:FASTP_SINGLE -
[f4/b57eb4] NFC…ASTP:FASTP_PAIRED (AUT.70) | 4 of 10
[15/9717c9] NFC…:FASTQC_PROCESSED (AUT.70) | 3 of 4
[85/22e3e4] NFC…ERING:BBMAP_BBDUK (AUT.70) | 3 of 4
[fe/b61243] NFC…AL:BOWTIE2_ALIGN (CAN.22a) | 0 of 3
[-        ] NFC…HOSTREMOVAL:SAMTOOLS_INDEX -
[-        ] NFC…HOSTREMOVAL:SAMTOOLS_STATS -
[-        ] NFC…R:PROFILING:DIAMOND_BLASTX -
[-        ] NFC…:KRAKENTOOLS_KREPORT2KRONA -
[-        ] NFC…ON_KRONA:KAIJU_KAIJU2KRONA -
[-        ] NFC…ZATION_KRONA:KRONA_CLEANUP -
[-        ] NFC…N_KRONA:KRONA_KTIMPORTTEXT -
[-        ] NFC…KRONA:MEGAN_RMA2INFO_KRONA -
[-        ] NFC…VISUALIZATION_KRONA:GUNZIP -
[-        ] NFC…ONA:KRONA_KTIMPORTTAXONOMY -
[-        ] NFC…ON_PROFILES:TAXPASTA_MERGE -
[-        ] NFC…FILES:TAXPASTA_STANDARDISE -
[-        ] NFC…CKEN_COMBINEBRACKENOUTPUTS -
Plus 7 more processes waiting for tasks…

executor >  slurm (31)
[-        ] NFC…PROFILER:TAXPROFILER:UNTAR -
[48/d80ff5] NFC…AXPROFILER:FASTQC (BRA.53) | 7 of 10
[-        ] NFC…ORTREAD_FASTP:FASTP_SINGLE -
[f4/b57eb4] NFC…ASTP:FASTP_PAIRED (AUT.70) | 4 of 10
[15/9717c9] NFC…:FASTQC_PROCESSED (AUT.70) | 3 of 4
[85/22e3e4] NFC…ERING:BBMAP_BBDUK (AUT.70) | 3 of 4
[fe/b61243] NFC…AL:BOWTIE2_ALIGN (CAN.22a) | 0 of 3
[-        ] NFC…HOSTREMOVAL:SAMTOOLS_INDEX -
[-        ] NFC…HOSTREMOVAL:SAMTOOLS_STATS -
[-        ] NFC…R:PROFILING:DIAMOND_BLASTX -
[-        ] NFC…:KRAKENTOOLS_KREPORT2KRONA -
[-        ] NFC…ON_KRONA:KAIJU_KAIJU2KRONA -
[-        ] NFC…ZATION_KRONA:KRONA_CLEANUP -
[-        ] NFC…N_KRONA:KRONA_KTIMPORTTEXT -
[-        ] NFC…KRONA:MEGAN_RMA2INFO_KRONA -
[-        ] NFC…VISUALIZATION_KRONA:GUNZIP -
[-        ] NFC…ONA:KRONA_KTIMPORTTAXONOMY -
[-        ] NFC…ON_PROFILES:TAXPASTA_MERGE -
[-        ] NFC…FILES:TAXPASTA_STANDARDISE -
[-        ] NFC…CKEN_COMBINEBRACKENOUTPUTS -
Plus 7 more processes waiting for tasks…

executor >  slurm (33)
[-        ] NFC…PROFILER:TAXPROFILER:UNTAR -
[6f/aae598] NFC…AXPROFILER:FASTQC (AUS.18) | 8 of 10
[-        ] NFC…ORTREAD_FASTP:FASTP_SINGLE -
[f1/3c60a9] NFC…ASTP:FASTP_PAIRED (BRA.53) | 6 of 10
[15/9717c9] NFC…:FASTQC_PROCESSED (AUT.70) | 3 of 6
[aa/36cff8] NFC…ERING:BBMAP_BBDUK (BRA.53) | 3 of 6
[fe/b61243] NFC…AL:BOWTIE2_ALIGN (CAN.22a) | 0 of 3
[-        ] NFC…HOSTREMOVAL:SAMTOOLS_INDEX -
[-        ] NFC…HOSTREMOVAL:SAMTOOLS_STATS -
[-        ] NFC…R:PROFILING:DIAMOND_BLASTX -
[-        ] NFC…:KRAKENTOOLS_KREPORT2KRONA -
[-        ] NFC…ON_KRONA:KAIJU_KAIJU2KRONA -
[-        ] NFC…ZATION_KRONA:KRONA_CLEANUP -
[-        ] NFC…N_KRONA:KRONA_KTIMPORTTEXT -
[-        ] NFC…KRONA:MEGAN_RMA2INFO_KRONA -
[-        ] NFC…VISUALIZATION_KRONA:GUNZIP -
[-        ] NFC…ONA:KRONA_KTIMPORTTAXONOMY -
[-        ] NFC…ON_PROFILES:TAXPASTA_MERGE -
[-        ] NFC…FILES:TAXPASTA_STANDARDISE -
[-        ] NFC…CKEN_COMBINEBRACKENOUTPUTS -
Plus 7 more processes waiting for tasks…

executor >  slurm (38)
[-        ] NFC…PROFILER:TAXPROFILER:UNTAR -
[6f/aae598] NFC…AXPROFILER:FASTQC (AUS.18) | 8 of 10
[-        ] NFC…ORTREAD_FASTP:FASTP_SINGLE -
[25/60745d] NFC…ASTP:FASTP_PAIRED (BGR.66) | 7 of 10
[31/478656] NFC…:FASTQC_PROCESSED (BGR.66) | 3 of 8
[a4/f56443] NFC…ERING:BBMAP_BBDUK (BWA.19) | 3 of 8
[fe/b61243] NFC…AL:BOWTIE2_ALIGN (CAN.22a) | 0 of 3
[-        ] NFC…HOSTREMOVAL:SAMTOOLS_INDEX -
[-        ] NFC…HOSTREMOVAL:SAMTOOLS_STATS -
[-        ] NFC…R:PROFILING:DIAMOND_BLASTX -
[-        ] NFC…:KRAKENTOOLS_KREPORT2KRONA -
[-        ] NFC…ON_KRONA:KAIJU_KAIJU2KRONA -
[-        ] NFC…ZATION_KRONA:KRONA_CLEANUP -
[-        ] NFC…N_KRONA:KRONA_KTIMPORTTEXT -
[-        ] NFC…KRONA:MEGAN_RMA2INFO_KRONA -
[-        ] NFC…VISUALIZATION_KRONA:GUNZIP -
[-        ] NFC…ONA:KRONA_KTIMPORTTAXONOMY -
[-        ] NFC…ON_PROFILES:TAXPASTA_MERGE -
[-        ] NFC…FILES:TAXPASTA_STANDARDISE -
[-        ] NFC…CKEN_COMBINEBRACKENOUTPUTS -
Plus 7 more processes waiting for tasks…

executor >  slurm (39)
[-        ] NFC…PROFILER:TAXPROFILER:UNTAR -
[6f/aae598] NFC…AXPROFILER:FASTQC (AUS.18) | 8 of 10
[-        ] NFC…ORTREAD_FASTP:FASTP_SINGLE -
[17/345396] NFC…ASTP:FASTP_PAIRED (BWA.19) | 8 of 10
[96/512d9d] NFC…:FASTQC_PROCESSED (BWA.19) | 3 of 8
[a4/f56443] NFC…ERING:BBMAP_BBDUK (BWA.19) | 3 of 8
[fe/b61243] NFC…AL:BOWTIE2_ALIGN (CAN.22a) | 0 of 3
[-        ] NFC…HOSTREMOVAL:SAMTOOLS_INDEX -
[-        ] NFC…HOSTREMOVAL:SAMTOOLS_STATS -
[-        ] NFC…R:PROFILING:DIAMOND_BLASTX -
[-        ] NFC…:KRAKENTOOLS_KREPORT2KRONA -
[-        ] NFC…ON_KRONA:KAIJU_KAIJU2KRONA -
[-        ] NFC…ZATION_KRONA:KRONA_CLEANUP -
[-        ] NFC…N_KRONA:KRONA_KTIMPORTTEXT -
[-        ] NFC…KRONA:MEGAN_RMA2INFO_KRONA -
[-        ] NFC…VISUALIZATION_KRONA:GUNZIP -
[-        ] NFC…ONA:KRONA_KTIMPORTTAXONOMY -
[-        ] NFC…ON_PROFILES:TAXPASTA_MERGE -
[-        ] NFC…FILES:TAXPASTA_STANDARDISE -
[-        ] NFC…CKEN_COMBINEBRACKENOUTPUTS -
Plus 7 more processes waiting for tasks…

executor >  slurm (39)
[-        ] NFC…PROFILER:TAXPROFILER:UNTAR -
[6f/aae598] NFC…AXPROFILER:FASTQC (AUS.18) | 8 of 10
[-        ] NFC…ORTREAD_FASTP:FASTP_SINGLE -
[17/345396] NFC…ASTP:FASTP_PAIRED (BWA.19) | 8 of 10
[96/512d9d] NFC…:FASTQC_PROCESSED (BWA.19) | 3 of 8
[a4/f56443] NFC…ERING:BBMAP_BBDUK (BWA.19) | 3 of 8
[fe/b61243] NFC…AL:BOWTIE2_ALIGN (CAN.22a) | 0 of 3
[-        ] NFC…HOSTREMOVAL:SAMTOOLS_INDEX -
[-        ] NFC…HOSTREMOVAL:SAMTOOLS_STATS -
[-        ] NFC…R:PROFILING:DIAMOND_BLASTX -
[-        ] NFC…:KRAKENTOOLS_KREPORT2KRONA -
[-        ] NFC…ON_KRONA:KAIJU_KAIJU2KRONA -
[-        ] NFC…ZATION_KRONA:KRONA_CLEANUP -
[-        ] NFC…N_KRONA:KRONA_KTIMPORTTEXT -
[-        ] NFC…KRONA:MEGAN_RMA2INFO_KRONA -
[-        ] NFC…VISUALIZATION_KRONA:GUNZIP -
[-        ] NFC…ONA:KRONA_KTIMPORTTAXONOMY -
[-        ] NFC…ON_PROFILES:TAXPASTA_MERGE -
[-        ] NFC…FILES:TAXPASTA_STANDARDISE -
[-        ] NFC…CKEN_COMBINEBRACKENOUTPUTS -
Plus 7 more processes waiting for tasks…

executor >  slurm (39)
[-        ] NFC…PROFILER:TAXPROFILER:UNTAR -
[65/2d4036] NFC…XPROFILER:FASTQC (BRA.53a) | 9 of 10
[-        ] NFC…ORTREAD_FASTP:FASTP_SINGLE -
[17/345396] NFC…ASTP:FASTP_PAIRED (BWA.19) | 8 of 10
[96/512d9d] NFC…:FASTQC_PROCESSED (BWA.19) | 3 of 8
[a4/f56443] NFC…ERING:BBMAP_BBDUK (BWA.19) | 3 of 8
[fe/b61243] NFC…AL:BOWTIE2_ALIGN (CAN.22a) | 0 of 3
[-        ] NFC…HOSTREMOVAL:SAMTOOLS_INDEX -
[-        ] NFC…HOSTREMOVAL:SAMTOOLS_STATS -
[-        ] NFC…R:PROFILING:DIAMOND_BLASTX -
[-        ] NFC…:KRAKENTOOLS_KREPORT2KRONA -
[-        ] NFC…ON_KRONA:KAIJU_KAIJU2KRONA -
[-        ] NFC…ZATION_KRONA:KRONA_CLEANUP -
[-        ] NFC…N_KRONA:KRONA_KTIMPORTTEXT -
[-        ] NFC…KRONA:MEGAN_RMA2INFO_KRONA -
[-        ] NFC…VISUALIZATION_KRONA:GUNZIP -
[-        ] NFC…ONA:KRONA_KTIMPORTTAXONOMY -
[-        ] NFC…ON_PROFILES:TAXPASTA_MERGE -
[-        ] NFC…FILES:TAXPASTA_STANDARDISE -
[-        ] NFC…CKEN_COMBINEBRACKENOUTPUTS -
Plus 7 more processes waiting for tasks…

executor >  slurm (40)
[-        ] NFC…PROFILER:TAXPROFILER:UNTAR -
[65/2d4036] NFC…XPROFILER:FASTQC (BRA.53a) | 9 of 10
[-        ] NFC…ORTREAD_FASTP:FASTP_SINGLE -
[d0/6b0b2d] NFC…STP:FASTP_PAIRED (BRA.53a) | 9 of 10
[b4/36318e] NFC…FASTQC_PROCESSED (BRA.53a) | 3 of 9
[a4/f56443] NFC…ERING:BBMAP_BBDUK (BWA.19) | 3 of 9
[fe/b61243] NFC…AL:BOWTIE2_ALIGN (CAN.22a) | 0 of 3
[-        ] NFC…HOSTREMOVAL:SAMTOOLS_INDEX -
[-        ] NFC…HOSTREMOVAL:SAMTOOLS_STATS -
[-        ] NFC…R:PROFILING:DIAMOND_BLASTX -
[-        ] NFC…:KRAKENTOOLS_KREPORT2KRONA -
[-        ] NFC…ON_KRONA:KAIJU_KAIJU2KRONA -
[-        ] NFC…ZATION_KRONA:KRONA_CLEANUP -
[-        ] NFC…N_KRONA:KRONA_KTIMPORTTEXT -
[-        ] NFC…KRONA:MEGAN_RMA2INFO_KRONA -
[-        ] NFC…VISUALIZATION_KRONA:GUNZIP -
[-        ] NFC…ONA:KRONA_KTIMPORTTAXONOMY -
[-        ] NFC…ON_PROFILES:TAXPASTA_MERGE -
[-        ] NFC…FILES:TAXPASTA_STANDARDISE -
[-        ] NFC…CKEN_COMBINEBRACKENOUTPUTS -
Plus 7 more processes waiting for tasks…

executor >  slurm (41)
[-        ] NFC…PROFILER:TAXPROFILER:UNTAR -
[65/2d4036] NFC…XPROFILER:FASTQC (BRA.53a) | 9 of 10
[-        ] NFC…ORTREAD_FASTP:FASTP_SINGLE -
[d0/6b0b2d] NFC…STP:FASTP_PAIRED (BRA.53a) | 9 of 10
[b4/36318e] NFC…FASTQC_PROCESSED (BRA.53a) | 3 of 9
[c6/964509] NFC…RING:BBMAP_BBDUK (BRA.53a) | 3 of 9
[fe/b61243] NFC…AL:BOWTIE2_ALIGN (CAN.22a) | 0 of 3
[-        ] NFC…HOSTREMOVAL:SAMTOOLS_INDEX -
[-        ] NFC…HOSTREMOVAL:SAMTOOLS_STATS -
[-        ] NFC…R:PROFILING:DIAMOND_BLASTX -
[-        ] NFC…:KRAKENTOOLS_KREPORT2KRONA -
[-        ] NFC…ON_KRONA:KAIJU_KAIJU2KRONA -
[-        ] NFC…ZATION_KRONA:KRONA_CLEANUP -
[-        ] NFC…N_KRONA:KRONA_KTIMPORTTEXT -
[-        ] NFC…KRONA:MEGAN_RMA2INFO_KRONA -
[-        ] NFC…VISUALIZATION_KRONA:GUNZIP -
[-        ] NFC…ONA:KRONA_KTIMPORTTAXONOMY -
[-        ] NFC…ON_PROFILES:TAXPASTA_MERGE -
[-        ] NFC…FILES:TAXPASTA_STANDARDISE -
[-        ] NFC…CKEN_COMBINEBRACKENOUTPUTS -
Plus 7 more processes waiting for tasks…

executor >  slurm (41)
[-        ] NFC…PROFILER:TAXPROFILER:UNTAR -
[65/2d4036] NFC…XPROFILER:FASTQC (BRA.53a) | 9 of 10
[-        ] NFC…ORTREAD_FASTP:FASTP_SINGLE -
[d0/6b0b2d] NFC…STP:FASTP_PAIRED (BRA.53a) | 9 of 10
[b4/36318e] NFC…FASTQC_PROCESSED (BRA.53a) | 3 of 9
[c6/964509] NFC…RING:BBMAP_BBDUK (BRA.53a) | 3 of 9
[fe/b61243] NFC…AL:BOWTIE2_ALIGN (CAN.22a) | 0 of 3
[-        ] NFC…HOSTREMOVAL:SAMTOOLS_INDEX -
[-        ] NFC…HOSTREMOVAL:SAMTOOLS_STATS -
[-        ] NFC…R:PROFILING:DIAMOND_BLASTX -
[-        ] NFC…:KRAKENTOOLS_KREPORT2KRONA -
[-        ] NFC…ON_KRONA:KAIJU_KAIJU2KRONA -
[-        ] NFC…ZATION_KRONA:KRONA_CLEANUP -
[-        ] NFC…N_KRONA:KRONA_KTIMPORTTEXT -
[-        ] NFC…KRONA:MEGAN_RMA2INFO_KRONA -
[-        ] NFC…VISUALIZATION_KRONA:GUNZIP -
[-        ] NFC…ONA:KRONA_KTIMPORTTAXONOMY -
[-        ] NFC…ON_PROFILES:TAXPASTA_MERGE -
[-        ] NFC…FILES:TAXPASTA_STANDARDISE -
[-        ] NFC…CKEN_COMBINEBRACKENOUTPUTS -
Plus 7 more processes waiting for tasks…

executor >  slurm (41)
[-        ] NFC…PROFILER:TAXPROFILER:UNTAR -
[65/2d4036] NFC…XPROFILER:FASTQC (BRA.53a) | 9 of 10
[-        ] NFC…ORTREAD_FASTP:FASTP_SINGLE -
[d0/6b0b2d] NFC…STP:FASTP_PAIRED (BRA.53a) | 9 of 10
[b4/36318e] NFC…FASTQC_PROCESSED (BRA.53a) | 3 of 9
[85/22e3e4] NFC…ERING:BBMAP_BBDUK (AUT.70) | 4 of 9
[fe/b61243] NFC…AL:BOWTIE2_ALIGN (CAN.22a) | 0 of 4
[-        ] NFC…HOSTREMOVAL:SAMTOOLS_INDEX -
[-        ] NFC…HOSTREMOVAL:SAMTOOLS_STATS -
[-        ] NFC…R:PROFILING:DIAMOND_BLASTX -
[-        ] NFC…:KRAKENTOOLS_KREPORT2KRONA -
[-        ] NFC…ON_KRONA:KAIJU_KAIJU2KRONA -
[-        ] NFC…ZATION_KRONA:KRONA_CLEANUP -
[-        ] NFC…N_KRONA:KRONA_KTIMPORTTEXT -
[-        ] NFC…KRONA:MEGAN_RMA2INFO_KRONA -
[-        ] NFC…VISUALIZATION_KRONA:GUNZIP -
[-        ] NFC…ONA:KRONA_KTIMPORTTAXONOMY -
[-        ] NFC…ON_PROFILES:TAXPASTA_MERGE -
[-        ] NFC…FILES:TAXPASTA_STANDARDISE -
[-        ] NFC…CKEN_COMBINEBRACKENOUTPUTS -
Plus 7 more processes waiting for tasks…

executor >  slurm (42)
[-        ] NFC…PROFILER:TAXPROFILER:UNTAR -
[65/2d4036] NFC…XPROFILER:FASTQC (BRA.53a) | 9 of 10
[-        ] NFC…ORTREAD_FASTP:FASTP_SINGLE -
[d0/6b0b2d] NFC…STP:FASTP_PAIRED (BRA.53a) | 9 of 10
[b4/36318e] NFC…FASTQC_PROCESSED (BRA.53a) | 3 of 9
[85/22e3e4] NFC…ERING:BBMAP_BBDUK (AUT.70) | 4 of 9
[53/16822d] NFC…VAL:BOWTIE2_ALIGN (AUT.70) | 0 of 4
[-        ] NFC…HOSTREMOVAL:SAMTOOLS_INDEX -
[-        ] NFC…HOSTREMOVAL:SAMTOOLS_STATS -
[-        ] NFC…R:PROFILING:DIAMOND_BLASTX -
[-        ] NFC…:KRAKENTOOLS_KREPORT2KRONA -
[-        ] NFC…ON_KRONA:KAIJU_KAIJU2KRONA -
[-        ] NFC…ZATION_KRONA:KRONA_CLEANUP -
[-        ] NFC…N_KRONA:KRONA_KTIMPORTTEXT -
[-        ] NFC…KRONA:MEGAN_RMA2INFO_KRONA -
[-        ] NFC…VISUALIZATION_KRONA:GUNZIP -
[-        ] NFC…ONA:KRONA_KTIMPORTTAXONOMY -
[-        ] NFC…ON_PROFILES:TAXPASTA_MERGE -
[-        ] NFC…FILES:TAXPASTA_STANDARDISE -
[-        ] NFC…CKEN_COMBINEBRACKENOUTPUTS -
Plus 7 more processes waiting for tasks…

executor >  slurm (42)
[-        ] NFC…PROFILER:TAXPROFILER:UNTAR -
[65/2d4036] NFC…XPROFILER:FASTQC (BRA.53a) | 9 of 10
[-        ] NFC…ORTREAD_FASTP:FASTP_SINGLE -
[d0/6b0b2d] NFC…STP:FASTP_PAIRED (BRA.53a) | 9 of 10
[15/9717c9] NFC…:FASTQC_PROCESSED (AUT.70) | 4 of 9
[85/22e3e4] NFC…ERING:BBMAP_BBDUK (AUT.70) | 4 of 9
[53/16822d] NFC…VAL:BOWTIE2_ALIGN (AUT.70) | 0 of 4
[-        ] NFC…HOSTREMOVAL:SAMTOOLS_INDEX -
[-        ] NFC…HOSTREMOVAL:SAMTOOLS_STATS -
[-        ] NFC…R:PROFILING:DIAMOND_BLASTX -
[-        ] NFC…:KRAKENTOOLS_KREPORT2KRONA -
[-        ] NFC…ON_KRONA:KAIJU_KAIJU2KRONA -
[-        ] NFC…ZATION_KRONA:KRONA_CLEANUP -
[-        ] NFC…N_KRONA:KRONA_KTIMPORTTEXT -
[-        ] NFC…KRONA:MEGAN_RMA2INFO_KRONA -
[-        ] NFC…VISUALIZATION_KRONA:GUNZIP -
[-        ] NFC…ONA:KRONA_KTIMPORTTAXONOMY -
[-        ] NFC…ON_PROFILES:TAXPASTA_MERGE -
[-        ] NFC…FILES:TAXPASTA_STANDARDISE -
[-        ] NFC…CKEN_COMBINEBRACKENOUTPUTS -
Plus 7 more processes waiting for tasks…

executor >  slurm (42)
[-        ] NFC…PROFILER:TAXPROFILER:UNTAR -
[65/2d4036] NFC…XPROFILER:FASTQC (BRA.53a) | 9 of 10
[-        ] NFC…ORTREAD_FASTP:FASTP_SINGLE -
[d0/6b0b2d] NFC…STP:FASTP_PAIRED (BRA.53a) | 9 of 10
[15/9717c9] NFC…:FASTQC_PROCESSED (AUT.70) | 4 of 9
[c8/f724fb] NFC…ERING:BBMAP_BBDUK (AUS.18) | 5 of 9
[53/16822d] NFC…VAL:BOWTIE2_ALIGN (AUT.70) | 0 of 4
[-        ] NFC…HOSTREMOVAL:SAMTOOLS_INDEX -
[-        ] NFC…HOSTREMOVAL:SAMTOOLS_STATS -
[-        ] NFC…R:PROFILING:DIAMOND_BLASTX -
[-        ] NFC…:KRAKENTOOLS_KREPORT2KRONA -
[-        ] NFC…ON_KRONA:KAIJU_KAIJU2KRONA -
[-        ] NFC…ZATION_KRONA:KRONA_CLEANUP -
[-        ] NFC…N_KRONA:KRONA_KTIMPORTTEXT -
[-        ] NFC…KRONA:MEGAN_RMA2INFO_KRONA -
[-        ] NFC…VISUALIZATION_KRONA:GUNZIP -
[-        ] NFC…ONA:KRONA_KTIMPORTTAXONOMY -
[-        ] NFC…ON_PROFILES:TAXPASTA_MERGE -
[-        ] NFC…FILES:TAXPASTA_STANDARDISE -
[-        ] NFC…CKEN_COMBINEBRACKENOUTPUTS -
Plus 7 more processes waiting for tasks…

executor >  slurm (43)
[-        ] NFC…PROFILER:TAXPROFILER:UNTAR -
[65/2d4036] NFC…XPROFILER:FASTQC (BRA.53a) | 9 of 10
[-        ] NFC…ORTREAD_FASTP:FASTP_SINGLE -
[d0/6b0b2d] NFC…STP:FASTP_PAIRED (BRA.53a) | 9 of 10
[b8/08d912] NFC…:FASTQC_PROCESSED (AUS.18) | 5 of 9
[c8/f724fb] NFC…ERING:BBMAP_BBDUK (AUS.18) | 5 of 9
[69/f8bdfe] NFC…VAL:BOWTIE2_ALIGN (AUS.18) | 0 of 5
[-        ] NFC…HOSTREMOVAL:SAMTOOLS_INDEX -
[-        ] NFC…HOSTREMOVAL:SAMTOOLS_STATS -
[-        ] NFC…R:PROFILING:DIAMOND_BLASTX -
[-        ] NFC…:KRAKENTOOLS_KREPORT2KRONA -
[-        ] NFC…ON_KRONA:KAIJU_KAIJU2KRONA -
[-        ] NFC…ZATION_KRONA:KRONA_CLEANUP -
[-        ] NFC…N_KRONA:KRONA_KTIMPORTTEXT -
[-        ] NFC…KRONA:MEGAN_RMA2INFO_KRONA -
[-        ] NFC…VISUALIZATION_KRONA:GUNZIP -
[-        ] NFC…ONA:KRONA_KTIMPORTTAXONOMY -
[-        ] NFC…ON_PROFILES:TAXPASTA_MERGE -
[-        ] NFC…FILES:TAXPASTA_STANDARDISE -
[-        ] NFC…CKEN_COMBINEBRACKENOUTPUTS -
Plus 7 more processes waiting for tasks…

executor >  slurm (43)
[-        ] NFC…PROFILER:TAXPROFILER:UNTAR -
[65/2d4036] NFC…XPROFILER:FASTQC (BRA.53a) | 9 of 10
[-        ] NFC…ORTREAD_FASTP:FASTP_SINGLE -
[d0/6b0b2d] NFC…STP:FASTP_PAIRED (BRA.53a) | 9 of 10
[96/512d9d] NFC…:FASTQC_PROCESSED (BWA.19) | 6 of 9
[c8/f724fb] NFC…ERING:BBMAP_BBDUK (AUS.18) | 5 of 9
[69/f8bdfe] NFC…VAL:BOWTIE2_ALIGN (AUS.18) | 0 of 5
[-        ] NFC…HOSTREMOVAL:SAMTOOLS_INDEX -
[-        ] NFC…HOSTREMOVAL:SAMTOOLS_STATS -
[-        ] NFC…R:PROFILING:DIAMOND_BLASTX -
[-        ] NFC…:KRAKENTOOLS_KREPORT2KRONA -
[-        ] NFC…ON_KRONA:KAIJU_KAIJU2KRONA -
[-        ] NFC…ZATION_KRONA:KRONA_CLEANUP -
[-        ] NFC…N_KRONA:KRONA_KTIMPORTTEXT -
[-        ] NFC…KRONA:MEGAN_RMA2INFO_KRONA -
[-        ] NFC…VISUALIZATION_KRONA:GUNZIP -
[-        ] NFC…ONA:KRONA_KTIMPORTTAXONOMY -
[-        ] NFC…ON_PROFILES:TAXPASTA_MERGE -
[-        ] NFC…FILES:TAXPASTA_STANDARDISE -
[-        ] NFC…CKEN_COMBINEBRACKENOUTPUTS -
Plus 7 more processes waiting for tasks…

executor >  slurm (44)
[-        ] NFC…PROFILER:TAXPROFILER:UNTAR -
[65/2d4036] NFC…XPROFILER:FASTQC (BRA.53a) | 9 of 10
[-        ] NFC…ORTREAD_FASTP:FASTP_SINGLE -
[d0/6b0b2d] NFC…STP:FASTP_PAIRED (BRA.53a) | 9 of 10
[96/512d9d] NFC…:FASTQC_PROCESSED (BWA.19) | 6 of 9
[a4/f56443] NFC…ERING:BBMAP_BBDUK (BWA.19) | 6 of 9
[f1/25e203] NFC…VAL:BOWTIE2_ALIGN (BWA.19) | 0 of 6
[-        ] NFC…HOSTREMOVAL:SAMTOOLS_INDEX -
[-        ] NFC…HOSTREMOVAL:SAMTOOLS_STATS -
[-        ] NFC…R:PROFILING:DIAMOND_BLASTX -
[-        ] NFC…:KRAKENTOOLS_KREPORT2KRONA -
[-        ] NFC…ON_KRONA:KAIJU_KAIJU2KRONA -
[-        ] NFC…ZATION_KRONA:KRONA_CLEANUP -
[-        ] NFC…N_KRONA:KRONA_KTIMPORTTEXT -
[-        ] NFC…KRONA:MEGAN_RMA2INFO_KRONA -
[-        ] NFC…VISUALIZATION_KRONA:GUNZIP -
[-        ] NFC…ONA:KRONA_KTIMPORTTAXONOMY -
[-        ] NFC…ON_PROFILES:TAXPASTA_MERGE -
[-        ] NFC…FILES:TAXPASTA_STANDARDISE -
[-        ] NFC…CKEN_COMBINEBRACKENOUTPUTS -
Plus 7 more processes waiting for tasks…

executor >  slurm (44)
[-        ] NFC…PROFILER:TAXPROFILER:UNTAR -
[65/2d4036] NFC…XPROFILER:FASTQC (BRA.53a) | 9 of 10
[-        ] NFC…ORTREAD_FASTP:FASTP_SINGLE -
[d0/6b0b2d] NFC…STP:FASTP_PAIRED (BRA.53a) | 9 of 10
[96/512d9d] NFC…:FASTQC_PROCESSED (BWA.19) | 6 of 9
[a4/f56443] NFC…ERING:BBMAP_BBDUK (BWA.19) | 6 of 9
[f1/25e203] NFC…VAL:BOWTIE2_ALIGN (BWA.19) | 0 of 6
[-        ] NFC…HOSTREMOVAL:SAMTOOLS_INDEX -
[-        ] NFC…HOSTREMOVAL:SAMTOOLS_STATS -
[-        ] NFC…R:PROFILING:DIAMOND_BLASTX -
[-        ] NFC…:KRAKENTOOLS_KREPORT2KRONA -
[-        ] NFC…ON_KRONA:KAIJU_KAIJU2KRONA -
[-        ] NFC…ZATION_KRONA:KRONA_CLEANUP -
[-        ] NFC…N_KRONA:KRONA_KTIMPORTTEXT -
[-        ] NFC…KRONA:MEGAN_RMA2INFO_KRONA -
[-        ] NFC…VISUALIZATION_KRONA:GUNZIP -
[-        ] NFC…ONA:KRONA_KTIMPORTTAXONOMY -
[-        ] NFC…ON_PROFILES:TAXPASTA_MERGE -
[-        ] NFC…FILES:TAXPASTA_STANDARDISE -
[-        ] NFC…CKEN_COMBINEBRACKENOUTPUTS -
Plus 7 more processes waiting for tasks…

executor >  slurm (44)
[-        ] NFC…PROFILER:TAXPROFILER:UNTAR -
[65/2d4036] NFC…XPROFILER:FASTQC (BRA.53a) | 9 of 10
[-        ] NFC…ORTREAD_FASTP:FASTP_SINGLE -
[d0/6b0b2d] NFC…STP:FASTP_PAIRED (BRA.53a) | 9 of 10
[c1/b71d0f] NFC…:FASTQC_PROCESSED (BRA.53) | 7 of 9
[aa/36cff8] NFC…ERING:BBMAP_BBDUK (BRA.53) | 7 of 9
[f1/25e203] NFC…VAL:BOWTIE2_ALIGN (BWA.19) | 0 of 7
[-        ] NFC…HOSTREMOVAL:SAMTOOLS_INDEX -
[-        ] NFC…HOSTREMOVAL:SAMTOOLS_STATS -
[-        ] NFC…R:PROFILING:DIAMOND_BLASTX -
[-        ] NFC…:KRAKENTOOLS_KREPORT2KRONA -
[-        ] NFC…ON_KRONA:KAIJU_KAIJU2KRONA -
[-        ] NFC…ZATION_KRONA:KRONA_CLEANUP -
[-        ] NFC…N_KRONA:KRONA_KTIMPORTTEXT -
[-        ] NFC…KRONA:MEGAN_RMA2INFO_KRONA -
[-        ] NFC…VISUALIZATION_KRONA:GUNZIP -
[-        ] NFC…ONA:KRONA_KTIMPORTTAXONOMY -
[-        ] NFC…ON_PROFILES:TAXPASTA_MERGE -
[-        ] NFC…FILES:TAXPASTA_STANDARDISE -
[-        ] NFC…CKEN_COMBINEBRACKENOUTPUTS -
Plus 7 more processes waiting for tasks…

executor >  slurm (45)
[-        ] NFC…PROFILER:TAXPROFILER:UNTAR -
[65/2d4036] NFC…XPROFILER:FASTQC (BRA.53a) | 9 of 10
[-        ] NFC…ORTREAD_FASTP:FASTP_SINGLE -
[d0/6b0b2d] NFC…STP:FASTP_PAIRED (BRA.53a) | 9 of 10
[c1/b71d0f] NFC…:FASTQC_PROCESSED (BRA.53) | 7 of 9
[aa/36cff8] NFC…ERING:BBMAP_BBDUK (BRA.53) | 7 of 9
[e3/9a2a73] NFC…VAL:BOWTIE2_ALIGN (BRA.53) | 0 of 7
[-        ] NFC…HOSTREMOVAL:SAMTOOLS_INDEX -
[-        ] NFC…HOSTREMOVAL:SAMTOOLS_STATS -
[-        ] NFC…R:PROFILING:DIAMOND_BLASTX -
[-        ] NFC…:KRAKENTOOLS_KREPORT2KRONA -
[-        ] NFC…ON_KRONA:KAIJU_KAIJU2KRONA -
[-        ] NFC…ZATION_KRONA:KRONA_CLEANUP -
[-        ] NFC…N_KRONA:KRONA_KTIMPORTTEXT -
[-        ] NFC…KRONA:MEGAN_RMA2INFO_KRONA -
[-        ] NFC…VISUALIZATION_KRONA:GUNZIP -
[-        ] NFC…ONA:KRONA_KTIMPORTTAXONOMY -
[-        ] NFC…ON_PROFILES:TAXPASTA_MERGE -
[-        ] NFC…FILES:TAXPASTA_STANDARDISE -
[-        ] NFC…CKEN_COMBINEBRACKENOUTPUTS -
Plus 7 more processes waiting for tasks…

executor >  slurm (45)
[-        ] NFC…PROFILER:TAXPROFILER:UNTAR -
[65/2d4036] NFC…XPROFILER:FASTQC (BRA.53a) | 9 of 10
[-        ] NFC…ORTREAD_FASTP:FASTP_SINGLE -
[d0/6b0b2d] NFC…STP:FASTP_PAIRED (BRA.53a) | 9 of 10
[c1/b71d0f] NFC…:FASTQC_PROCESSED (BRA.53) | 7 of 9
[aa/36cff8] NFC…ERING:BBMAP_BBDUK (BRA.53) | 7 of 9
[e3/9a2a73] NFC…VAL:BOWTIE2_ALIGN (BRA.53) | 0 of 7
[-        ] NFC…HOSTREMOVAL:SAMTOOLS_INDEX -
[-        ] NFC…HOSTREMOVAL:SAMTOOLS_STATS -
[-        ] NFC…R:PROFILING:DIAMOND_BLASTX -
[-        ] NFC…:KRAKENTOOLS_KREPORT2KRONA -
[-        ] NFC…ON_KRONA:KAIJU_KAIJU2KRONA -
[-        ] NFC…ZATION_KRONA:KRONA_CLEANUP -
[-        ] NFC…N_KRONA:KRONA_KTIMPORTTEXT -
[-        ] NFC…KRONA:MEGAN_RMA2INFO_KRONA -
[-        ] NFC…VISUALIZATION_KRONA:GUNZIP -
[-        ] NFC…ONA:KRONA_KTIMPORTTAXONOMY -
[-        ] NFC…ON_PROFILES:TAXPASTA_MERGE -
[-        ] NFC…FILES:TAXPASTA_STANDARDISE -
[-        ] NFC…CKEN_COMBINEBRACKENOUTPUTS -
Plus 7 more processes waiting for tasks…

executor >  slurm (45)
[-        ] NFC…PROFILER:TAXPROFILER:UNTAR -
[65/2d4036] NFC…XPROFILER:FASTQC (BRA.53a) | 9 of 10
[-        ] NFC…ORTREAD_FASTP:FASTP_SINGLE -
[d0/6b0b2d] NFC…STP:FASTP_PAIRED (BRA.53a) | 9 of 10
[c1/b71d0f] NFC…:FASTQC_PROCESSED (BRA.53) | 7 of 9
[ca/ae83a2] NFC…ERING:BBMAP_BBDUK (BGR.66) | 8 of 9
[e3/9a2a73] NFC…VAL:BOWTIE2_ALIGN (BRA.53) | 0 of 8
[-        ] NFC…HOSTREMOVAL:SAMTOOLS_INDEX -
[-        ] NFC…HOSTREMOVAL:SAMTOOLS_STATS -
[-        ] NFC…R:PROFILING:DIAMOND_BLASTX -
[-        ] NFC…:KRAKENTOOLS_KREPORT2KRONA -
[-        ] NFC…ON_KRONA:KAIJU_KAIJU2KRONA -
[-        ] NFC…ZATION_KRONA:KRONA_CLEANUP -
[-        ] NFC…N_KRONA:KRONA_KTIMPORTTEXT -
[-        ] NFC…KRONA:MEGAN_RMA2INFO_KRONA -
[-        ] NFC…VISUALIZATION_KRONA:GUNZIP -
[-        ] NFC…ONA:KRONA_KTIMPORTTAXONOMY -
[-        ] NFC…ON_PROFILES:TAXPASTA_MERGE -
[-        ] NFC…FILES:TAXPASTA_STANDARDISE -
[-        ] NFC…CKEN_COMBINEBRACKENOUTPUTS -
Plus 7 more processes waiting for tasks…

executor >  slurm (46)
[-        ] NFC…PROFILER:TAXPROFILER:UNTAR -
[65/2d4036] NFC…XPROFILER:FASTQC (BRA.53a) | 9 of 10
[-        ] NFC…ORTREAD_FASTP:FASTP_SINGLE -
[d0/6b0b2d] NFC…STP:FASTP_PAIRED (BRA.53a) | 9 of 10
[31/478656] NFC…:FASTQC_PROCESSED (BGR.66) | 8 of 9
[ca/ae83a2] NFC…ERING:BBMAP_BBDUK (BGR.66) | 8 of 9
[c7/be6dce] NFC…VAL:BOWTIE2_ALIGN (BGR.66) | 0 of 8
[-        ] NFC…HOSTREMOVAL:SAMTOOLS_INDEX -
[-        ] NFC…HOSTREMOVAL:SAMTOOLS_STATS -
[-        ] NFC…R:PROFILING:DIAMOND_BLASTX -
[-        ] NFC…:KRAKENTOOLS_KREPORT2KRONA -
[-        ] NFC…ON_KRONA:KAIJU_KAIJU2KRONA -
[-        ] NFC…ZATION_KRONA:KRONA_CLEANUP -
[-        ] NFC…N_KRONA:KRONA_KTIMPORTTEXT -
[-        ] NFC…KRONA:MEGAN_RMA2INFO_KRONA -
[-        ] NFC…VISUALIZATION_KRONA:GUNZIP -
[-        ] NFC…ONA:KRONA_KTIMPORTTAXONOMY -
[-        ] NFC…ON_PROFILES:TAXPASTA_MERGE -
[-        ] NFC…FILES:TAXPASTA_STANDARDISE -
[-        ] NFC…CKEN_COMBINEBRACKENOUTPUTS -
Plus 7 more processes waiting for tasks…

executor >  slurm (46)
[-        ] NFC…PROFILER:TAXPROFILER:UNTAR -
[65/2d4036] NFC…XPROFILER:FASTQC (BRA.53a) | 9 of 10
[-        ] NFC…ORTREAD_FASTP:FASTP_SINGLE -
[d0/6b0b2d] NFC…STP:FASTP_PAIRED (BRA.53a) | 9 of 10
[31/478656] NFC…:FASTQC_PROCESSED (BGR.66) | 8 of 9
[ca/ae83a2] NFC…ERING:BBMAP_BBDUK (BGR.66) | 8 of 9
[c7/be6dce] NFC…VAL:BOWTIE2_ALIGN (BGR.66) | 0 of 8
[-        ] NFC…HOSTREMOVAL:SAMTOOLS_INDEX -
[-        ] NFC…HOSTREMOVAL:SAMTOOLS_STATS -
[-        ] NFC…R:PROFILING:DIAMOND_BLASTX -
[-        ] NFC…:KRAKENTOOLS_KREPORT2KRONA -
[-        ] NFC…ON_KRONA:KAIJU_KAIJU2KRONA -
[-        ] NFC…ZATION_KRONA:KRONA_CLEANUP -
[-        ] NFC…N_KRONA:KRONA_KTIMPORTTEXT -
[-        ] NFC…KRONA:MEGAN_RMA2INFO_KRONA -
[-        ] NFC…VISUALIZATION_KRONA:GUNZIP -
[-        ] NFC…ONA:KRONA_KTIMPORTTAXONOMY -
[-        ] NFC…ON_PROFILES:TAXPASTA_MERGE -
[-        ] NFC…FILES:TAXPASTA_STANDARDISE -
[-        ] NFC…CKEN_COMBINEBRACKENOUTPUTS -
Plus 7 more processes waiting for tasks…

executor >  slurm (46)
[-        ] NFC…PROFILER:TAXPROFILER:UNTAR -
[65/2d4036] NFC…XPROFILER:FASTQC (BRA.53a) | 9 of 10
[-        ] NFC…ORTREAD_FASTP:FASTP_SINGLE -
[d0/6b0b2d] NFC…STP:FASTP_PAIRED (BRA.53a) | 9 of 10
[31/478656] NFC…:FASTQC_PROCESSED (BGR.66) | 8 of 9
[ca/ae83a2] NFC…ERING:BBMAP_BBDUK (BGR.66) | 8 of 9
[a1/091f59] NFC…AL:BOWTIE2_ALIGN (AUS.18a) | 1 of 8
[-        ] NFC…HOSTREMOVAL:SAMTOOLS_INDEX -
[-        ] NFC…HOSTREMOVAL:SAMTOOLS_STATS -
[-        ] NFC…R:PROFILING:DIAMOND_BLASTX -
[-        ] NFC…:KRAKENTOOLS_KREPORT2KRONA -
[-        ] NFC…ON_KRONA:KAIJU_KAIJU2KRONA -
[-        ] NFC…ZATION_KRONA:KRONA_CLEANUP -
[-        ] NFC…N_KRONA:KRONA_KTIMPORTTEXT -
[-        ] NFC…KRONA:MEGAN_RMA2INFO_KRONA -
[-        ] NFC…VISUALIZATION_KRONA:GUNZIP -
[-        ] NFC…ONA:KRONA_KTIMPORTTAXONOMY -
[-        ] NFC…ON_PROFILES:TAXPASTA_MERGE -
[-        ] NFC…FILES:TAXPASTA_STANDARDISE -
[-        ] NFC…CKEN_COMBINEBRACKENOUTPUTS -
Plus 7 more processes waiting for tasks…
WARN: [nf-core/taxprofiler] DIAMOND does not accept paired-end files as input. Only read 1 will be used for profiling. Running DIAMOND for sample AUS.18a using only read 1.

executor >  slurm (48)
[-        ] NFC…PROFILER:TAXPROFILER:UNTAR -
[65/2d4036] NFC…XPROFILER:FASTQC (BRA.53a) | 9 of 10
[-        ] NFC…ORTREAD_FASTP:FASTP_SINGLE -
[d0/6b0b2d] NFC…STP:FASTP_PAIRED (BRA.53a) | 9 of 10
[31/478656] NFC…:FASTQC_PROCESSED (BGR.66) | 8 of 9
[ca/ae83a2] NFC…ERING:BBMAP_BBDUK (BGR.66) | 8 of 9
[a1/091f59] NFC…AL:BOWTIE2_ALIGN (AUS.18a) | 1 of 8
[28/da060c] NFC…L:SAMTOOLS_INDEX (AUS.18a) | 0 of 1
[-        ] NFC…HOSTREMOVAL:SAMTOOLS_STATS -
[9d/c8dde4] NFC…AMOND_BLASTX (db6|AUS.18a) | 0 of 1
[-        ] NFC…:KRAKENTOOLS_KREPORT2KRONA -
[-        ] NFC…ON_KRONA:KAIJU_KAIJU2KRONA -
[-        ] NFC…ZATION_KRONA:KRONA_CLEANUP -
[-        ] NFC…N_KRONA:KRONA_KTIMPORTTEXT -
[-        ] NFC…KRONA:MEGAN_RMA2INFO_KRONA -
[-        ] NFC…VISUALIZATION_KRONA:GUNZIP -
[-        ] NFC…ONA:KRONA_KTIMPORTTAXONOMY -
[-        ] NFC…ON_PROFILES:TAXPASTA_MERGE -
[-        ] NFC…FILES:TAXPASTA_STANDARDISE -
[-        ] NFC…CKEN_COMBINEBRACKENOUTPUTS -
Plus 7 more processes waiting for tasks…
WARN: [nf-core/taxprofiler] DIAMOND does not accept paired-end files as input. Only read 1 will be used for profiling. Running DIAMOND for sample AUS.18a using only read 1.

executor >  slurm (48)
[-        ] NFC…PROFILER:TAXPROFILER:UNTAR -
[65/2d4036] NFC…XPROFILER:FASTQC (BRA.53a) | 9 of 10
[-        ] NFC…ORTREAD_FASTP:FASTP_SINGLE -
[d0/6b0b2d] NFC…STP:FASTP_PAIRED (BRA.53a) | 9 of 10
[31/478656] NFC…:FASTQC_PROCESSED (BGR.66) | 8 of 9
[ca/ae83a2] NFC…ERING:BBMAP_BBDUK (BGR.66) | 8 of 9
[a1/091f59] NFC…AL:BOWTIE2_ALIGN (AUS.18a) | 1 of 8
[28/da060c] NFC…L:SAMTOOLS_INDEX (AUS.18a) | 0 of 1
[-        ] NFC…HOSTREMOVAL:SAMTOOLS_STATS -
[9d/c8dde4] NFC…AMOND_BLASTX (db6|AUS.18a) | 0 of 1
[-        ] NFC…:KRAKENTOOLS_KREPORT2KRONA -
[-        ] NFC…ON_KRONA:KAIJU_KAIJU2KRONA -
[-        ] NFC…ZATION_KRONA:KRONA_CLEANUP -
[-        ] NFC…N_KRONA:KRONA_KTIMPORTTEXT -
[-        ] NFC…KRONA:MEGAN_RMA2INFO_KRONA -
[-        ] NFC…VISUALIZATION_KRONA:GUNZIP -
[-        ] NFC…ONA:KRONA_KTIMPORTTAXONOMY -
[-        ] NFC…ON_PROFILES:TAXPASTA_MERGE -
[-        ] NFC…FILES:TAXPASTA_STANDARDISE -
[-        ] NFC…CKEN_COMBINEBRACKENOUTPUTS -
Plus 7 more processes waiting for tasks…
WARN: [nf-core/taxprofiler] DIAMOND does not accept paired-end files as input. Only read 1 will be used for profiling. Running DIAMOND for sample AUS.18a using only read 1.

executor >  slurm (50)
[-        ] NFC…PROFILER:TAXPROFILER:UNTAR -
[fc/52146e] NFC…AXPROFILER:FASTQC (ALB.17) | 10 of 10 ✔
[-        ] NFC…ORTREAD_FASTP:FASTP_SINGLE -
[ff/f1e2c6] NFC…ASTP:FASTP_PAIRED (ALB.17) | 10 of 10 ✔
[ab/bcc249] NFC…:FASTQC_PROCESSED (ALB.17) | 8 of 10
[b3/41c43d] NFC…ERING:BBMAP_BBDUK (ALB.17) | 8 of 10
[a1/091f59] NFC…AL:BOWTIE2_ALIGN (AUS.18a) | 1 of 8
[28/da060c] NFC…L:SAMTOOLS_INDEX (AUS.18a) | 0 of 1
[-        ] NFC…HOSTREMOVAL:SAMTOOLS_STATS -
[9d/c8dde4] NFC…AMOND_BLASTX (db6|AUS.18a) | 0 of 1
[-        ] NFC…:KRAKENTOOLS_KREPORT2KRONA -
[-        ] NFC…ON_KRONA:KAIJU_KAIJU2KRONA -
[-        ] NFC…ZATION_KRONA:KRONA_CLEANUP -
[-        ] NFC…N_KRONA:KRONA_KTIMPORTTEXT -
[-        ] NFC…KRONA:MEGAN_RMA2INFO_KRONA -
[-        ] NFC…VISUALIZATION_KRONA:GUNZIP -
[-        ] NFC…ONA:KRONA_KTIMPORTTAXONOMY -
[-        ] NFC…ON_PROFILES:TAXPASTA_MERGE -
[-        ] NFC…FILES:TAXPASTA_STANDARDISE -
[-        ] NFC…CKEN_COMBINEBRACKENOUTPUTS -
Plus 7 more processes waiting for tasks…
WARN: [nf-core/taxprofiler] DIAMOND does not accept paired-end files as input. Only read 1 will be used for profiling. Running DIAMOND for sample AUS.18a using only read 1.

executor >  slurm (50)
[-        ] NFC…PROFILER:TAXPROFILER:UNTAR -
[fc/52146e] NFC…AXPROFILER:FASTQC (ALB.17) | 10 of 10 ✔
[-        ] NFC…ORTREAD_FASTP:FASTP_SINGLE -
[ff/f1e2c6] NFC…ASTP:FASTP_PAIRED (ALB.17) | 10 of 10 ✔
[ab/bcc249] NFC…:FASTQC_PROCESSED (ALB.17) | 8 of 10
[b3/41c43d] NFC…ERING:BBMAP_BBDUK (ALB.17) | 8 of 10
[a1/091f59] NFC…AL:BOWTIE2_ALIGN (AUS.18a) | 1 of 8
[28/da060c] NFC…L:SAMTOOLS_INDEX (AUS.18a) | 0 of 1
[-        ] NFC…HOSTREMOVAL:SAMTOOLS_STATS -
[9d/c8dde4] NFC…AMOND_BLASTX (db6|AUS.18a) | 0 of 1
[-        ] NFC…:KRAKENTOOLS_KREPORT2KRONA -
[-        ] NFC…ON_KRONA:KAIJU_KAIJU2KRONA -
[-        ] NFC…ZATION_KRONA:KRONA_CLEANUP -
[-        ] NFC…N_KRONA:KRONA_KTIMPORTTEXT -
[-        ] NFC…KRONA:MEGAN_RMA2INFO_KRONA -
[-        ] NFC…VISUALIZATION_KRONA:GUNZIP -
[-        ] NFC…ONA:KRONA_KTIMPORTTAXONOMY -
[-        ] NFC…ON_PROFILES:TAXPASTA_MERGE -
[-        ] NFC…FILES:TAXPASTA_STANDARDISE -
[-        ] NFC…CKEN_COMBINEBRACKENOUTPUTS -
Plus 7 more processes waiting for tasks…
WARN: [nf-core/taxprofiler] DIAMOND does not accept paired-end files as input. Only read 1 will be used for profiling. Running DIAMOND for sample AUS.18a using only read 1.

executor >  slurm (51)
[-        ] NFC…PROFILER:TAXPROFILER:UNTAR -
[fc/52146e] NFC…AXPROFILER:FASTQC (ALB.17) | 10 of 10 ✔
[-        ] NFC…ORTREAD_FASTP:FASTP_SINGLE -
[ff/f1e2c6] NFC…ASTP:FASTP_PAIRED (ALB.17) | 10 of 10 ✔
[ab/bcc249] NFC…:FASTQC_PROCESSED (ALB.17) | 8 of 10
[b3/41c43d] NFC…ERING:BBMAP_BBDUK (ALB.17) | 8 of 10
[a1/091f59] NFC…AL:BOWTIE2_ALIGN (AUS.18a) | 1 of 8
[28/da060c] NFC…L:SAMTOOLS_INDEX (AUS.18a) | 1 of 1
[73/195674] NFC…L:SAMTOOLS_STATS (AUS.18a) | 0 of 1
[9d/c8dde4] NFC…AMOND_BLASTX (db6|AUS.18a) | 0 of 1
[-        ] NFC…:KRAKENTOOLS_KREPORT2KRONA -
[-        ] NFC…ON_KRONA:KAIJU_KAIJU2KRONA -
[-        ] NFC…ZATION_KRONA:KRONA_CLEANUP -
[-        ] NFC…N_KRONA:KRONA_KTIMPORTTEXT -
[-        ] NFC…KRONA:MEGAN_RMA2INFO_KRONA -
[-        ] NFC…VISUALIZATION_KRONA:GUNZIP -
[-        ] NFC…ONA:KRONA_KTIMPORTTAXONOMY -
[-        ] NFC…ON_PROFILES:TAXPASTA_MERGE -
[-        ] NFC…FILES:TAXPASTA_STANDARDISE -
[-        ] NFC…CKEN_COMBINEBRACKENOUTPUTS -
Plus 7 more processes waiting for tasks…


executor >  slurm (51)
[-        ] NFC…PROFILER:TAXPROFILER:UNTAR -
[fc/52146e] NFC…AXPROFILER:FASTQC (ALB.17) | 10 of 10 ✔
[-        ] NFC…ORTREAD_FASTP:FASTP_SINGLE -
[ff/f1e2c6] NFC…ASTP:FASTP_PAIRED (ALB.17) | 10 of 10 ✔
[ab/bcc249] NFC…:FASTQC_PROCESSED (ALB.17) | 8 of 10
[b3/41c43d] NFC…ERING:BBMAP_BBDUK (ALB.17) | 8 of 10
[a1/091f59] NFC…AL:BOWTIE2_ALIGN (AUS.18a) | 1 of 8
[28/da060c] NFC…L:SAMTOOLS_INDEX (AUS.18a) | 1 of 1
[73/195674] NFC…L:SAMTOOLS_STATS (AUS.18a) | 0 of 1
[9d/c8dde4] NFC…AMOND_BLASTX (db6|AUS.18a) | 0 of 1
[-        ] NFC…:KRAKENTOOLS_KREPORT2KRONA -
[-        ] NFC…ON_KRONA:KAIJU_KAIJU2KRONA -
[-        ] NFC…ZATION_KRONA:KRONA_CLEANUP -
[-        ] NFC…N_KRONA:KRONA_KTIMPORTTEXT -
[-        ] NFC…KRONA:MEGAN_RMA2INFO_KRONA -
[-        ] NFC…VISUALIZATION_KRONA:GUNZIP -
[-        ] NFC…ONA:KRONA_KTIMPORTTAXONOMY -
[-        ] NFC…ON_PROFILES:TAXPASTA_MERGE -
[-        ] NFC…FILES:TAXPASTA_STANDARDISE -
[-        ] NFC…CKEN_COMBINEBRACKENOUTPUTS -
Plus 7 more processes waiting for tasks…


executor >  slurm (52)
[-        ] NFC…PROFILER:TAXPROFILER:UNTAR -
[fc/52146e] NFC…AXPROFILER:FASTQC (ALB.17) | 10 of 10 ✔
[-        ] NFC…ORTREAD_FASTP:FASTP_SINGLE -
[ff/f1e2c6] NFC…ASTP:FASTP_PAIRED (ALB.17) | 10 of 10 ✔
[ab/bcc249] NFC…:FASTQC_PROCESSED (ALB.17) | 8 of 10
[c6/964509] NFC…RING:BBMAP_BBDUK (BRA.53a) | 9 of 10
[97/c41c84] NFC…AL:BOWTIE2_ALIGN (BRA.53a) | 1 of 9
[28/da060c] NFC…L:SAMTOOLS_INDEX (AUS.18a) | 1 of 1
[73/195674] NFC…L:SAMTOOLS_STATS (AUS.18a) | 0 of 1
[9d/c8dde4] NFC…AMOND_BLASTX (db6|AUS.18a) | 0 of 1
[-        ] NFC…:KRAKENTOOLS_KREPORT2KRONA -
[-        ] NFC…ON_KRONA:KAIJU_KAIJU2KRONA -
[-        ] NFC…ZATION_KRONA:KRONA_CLEANUP -
[-        ] NFC…N_KRONA:KRONA_KTIMPORTTEXT -
[-        ] NFC…KRONA:MEGAN_RMA2INFO_KRONA -
[-        ] NFC…VISUALIZATION_KRONA:GUNZIP -
[-        ] NFC…ONA:KRONA_KTIMPORTTAXONOMY -
[-        ] NFC…ON_PROFILES:TAXPASTA_MERGE -
[-        ] NFC…FILES:TAXPASTA_STANDARDISE -
[-        ] NFC…CKEN_COMBINEBRACKENOUTPUTS -
Plus 7 more processes waiting for tasks…

executor >  slurm (52)
[-        ] NFC…PROFILER:TAXPROFILER:UNTAR -
[fc/52146e] NFC…AXPROFILER:FASTQC (ALB.17) | 10 of 10 ✔
[-        ] NFC…ORTREAD_FASTP:FASTP_SINGLE -
[ff/f1e2c6] NFC…ASTP:FASTP_PAIRED (ALB.17) | 10 of 10 ✔
[ab/bcc249] NFC…:FASTQC_PROCESSED (ALB.17) | 8 of 10
[c6/964509] NFC…RING:BBMAP_BBDUK (BRA.53a) | 9 of 10
[97/c41c84] NFC…AL:BOWTIE2_ALIGN (BRA.53a) | 1 of 9
[28/da060c] NFC…L:SAMTOOLS_INDEX (AUS.18a) | 1 of 1
[73/195674] NFC…L:SAMTOOLS_STATS (AUS.18a) | 0 of 1
[9d/c8dde4] NFC…AMOND_BLASTX (db6|AUS.18a) | 0 of 1
[-        ] NFC…:KRAKENTOOLS_KREPORT2KRONA -
[-        ] NFC…ON_KRONA:KAIJU_KAIJU2KRONA -
[-        ] NFC…ZATION_KRONA:KRONA_CLEANUP -
[-        ] NFC…N_KRONA:KRONA_KTIMPORTTEXT -
[-        ] NFC…KRONA:MEGAN_RMA2INFO_KRONA -
[-        ] NFC…VISUALIZATION_KRONA:GUNZIP -
[-        ] NFC…ONA:KRONA_KTIMPORTTAXONOMY -
[-        ] NFC…ON_PROFILES:TAXPASTA_MERGE -
[-        ] NFC…FILES:TAXPASTA_STANDARDISE -
[-        ] NFC…CKEN_COMBINEBRACKENOUTPUTS -
Plus 7 more processes waiting for tasks…

executor >  slurm (52)
[-        ] NFC…PROFILER:TAXPROFILER:UNTAR -
[fc/52146e] NFC…AXPROFILER:FASTQC (ALB.17) | 10 of 10 ✔
[-        ] NFC…ORTREAD_FASTP:FASTP_SINGLE -
[ff/f1e2c6] NFC…ASTP:FASTP_PAIRED (ALB.17) | 10 of 10 ✔
[ab/bcc249] NFC…:FASTQC_PROCESSED (ALB.17) | 8 of 10
[c6/964509] NFC…RING:BBMAP_BBDUK (BRA.53a) | 9 of 10
[97/c41c84] NFC…AL:BOWTIE2_ALIGN (BRA.53a) | 1 of 9
[28/da060c] NFC…L:SAMTOOLS_INDEX (AUS.18a) | 1 of 1
[73/195674] NFC…L:SAMTOOLS_STATS (AUS.18a) | 1 of 1
[9d/c8dde4] NFC…AMOND_BLASTX (db6|AUS.18a) | 0 of 1
[-        ] NFC…:KRAKENTOOLS_KREPORT2KRONA -
[-        ] NFC…ON_KRONA:KAIJU_KAIJU2KRONA -
[-        ] NFC…ZATION_KRONA:KRONA_CLEANUP -
[-        ] NFC…N_KRONA:KRONA_KTIMPORTTEXT -
[-        ] NFC…KRONA:MEGAN_RMA2INFO_KRONA -
[-        ] NFC…VISUALIZATION_KRONA:GUNZIP -
[-        ] NFC…ONA:KRONA_KTIMPORTTAXONOMY -
[-        ] NFC…ON_PROFILES:TAXPASTA_MERGE -
[-        ] NFC…FILES:TAXPASTA_STANDARDISE -
[-        ] NFC…CKEN_COMBINEBRACKENOUTPUTS -
Plus 7 more processes waiting for tasks…

executor >  slurm (52)
[-        ] NFC…PROFILER:TAXPROFILER:UNTAR -
[fc/52146e] NFC…AXPROFILER:FASTQC (ALB.17) | 10 of 10 ✔
[-        ] NFC…ORTREAD_FASTP:FASTP_SINGLE -
[ff/f1e2c6] NFC…ASTP:FASTP_PAIRED (ALB.17) | 10 of 10 ✔
[b4/36318e] NFC…FASTQC_PROCESSED (BRA.53a) | 9 of 10
[c6/964509] NFC…RING:BBMAP_BBDUK (BRA.53a) | 9 of 10
[97/c41c84] NFC…AL:BOWTIE2_ALIGN (BRA.53a) | 1 of 9
[28/da060c] NFC…L:SAMTOOLS_INDEX (AUS.18a) | 1 of 1
[73/195674] NFC…L:SAMTOOLS_STATS (AUS.18a) | 1 of 1
[9d/c8dde4] NFC…AMOND_BLASTX (db6|AUS.18a) | 0 of 1
[-        ] NFC…:KRAKENTOOLS_KREPORT2KRONA -
[-        ] NFC…ON_KRONA:KAIJU_KAIJU2KRONA -
[-        ] NFC…ZATION_KRONA:KRONA_CLEANUP -
[-        ] NFC…N_KRONA:KRONA_KTIMPORTTEXT -
[-        ] NFC…KRONA:MEGAN_RMA2INFO_KRONA -
[-        ] NFC…VISUALIZATION_KRONA:GUNZIP -
[-        ] NFC…ONA:KRONA_KTIMPORTTAXONOMY -
[-        ] NFC…ON_PROFILES:TAXPASTA_MERGE -
[-        ] NFC…FILES:TAXPASTA_STANDARDISE -
[-        ] NFC…CKEN_COMBINEBRACKENOUTPUTS -
Plus 7 more processes waiting for tasks…

executor >  slurm (54)
[-        ] NFC…PROFILER:TAXPROFILER:UNTAR -
[fc/52146e] NFC…AXPROFILER:FASTQC (ALB.17) | 10 of 10 ✔
[-        ] NFC…ORTREAD_FASTP:FASTP_SINGLE -
[ff/f1e2c6] NFC…ASTP:FASTP_PAIRED (ALB.17) | 10 of 10 ✔
[b4/36318e] NFC…FASTQC_PROCESSED (BRA.53a) | 9 of 10
[c6/964509] NFC…RING:BBMAP_BBDUK (BRA.53a) | 9 of 10
[fe/b61243] NFC…AL:BOWTIE2_ALIGN (CAN.22a) | 2 of 9
[ab/ed771e] NFC…L:SAMTOOLS_INDEX (CAN.22a) | 1 of 2
[73/195674] NFC…L:SAMTOOLS_STATS (AUS.18a) | 1 of 1
[e5/1c5986] NFC…AMOND_BLASTX (db6|CAN.22a) | 0 of 2
[-        ] NFC…:KRAKENTOOLS_KREPORT2KRONA -
[-        ] NFC…ON_KRONA:KAIJU_KAIJU2KRONA -
[-        ] NFC…ZATION_KRONA:KRONA_CLEANUP -
[-        ] NFC…N_KRONA:KRONA_KTIMPORTTEXT -
[-        ] NFC…KRONA:MEGAN_RMA2INFO_KRONA -
[-        ] NFC…VISUALIZATION_KRONA:GUNZIP -
[-        ] NFC…ONA:KRONA_KTIMPORTTAXONOMY -
[-        ] NFC…ON_PROFILES:TAXPASTA_MERGE -
[-        ] NFC…FILES:TAXPASTA_STANDARDISE -
[-        ] NFC…CKEN_COMBINEBRACKENOUTPUTS -
Plus 7 more processes waiting for tasks…
WARN: [nf-core/taxprofiler] DIAMOND does not accept paired-end files as input. Only read 1 will be used for profiling. Running DIAMOND for sample CAN.22a using only read 1.

executor >  slurm (54)
[-        ] NFC…PROFILER:TAXPROFILER:UNTAR -
[fc/52146e] NFC…AXPROFILER:FASTQC (ALB.17) | 10 of 10 ✔
[-        ] NFC…ORTREAD_FASTP:FASTP_SINGLE -
[ff/f1e2c6] NFC…ASTP:FASTP_PAIRED (ALB.17) | 10 of 10 ✔
[b4/36318e] NFC…FASTQC_PROCESSED (BRA.53a) | 9 of 10
[c6/964509] NFC…RING:BBMAP_BBDUK (BRA.53a) | 9 of 10
[fe/b61243] NFC…AL:BOWTIE2_ALIGN (CAN.22a) | 2 of 9
[ab/ed771e] NFC…L:SAMTOOLS_INDEX (CAN.22a) | 1 of 2
[73/195674] NFC…L:SAMTOOLS_STATS (AUS.18a) | 1 of 1
[e5/1c5986] NFC…AMOND_BLASTX (db6|CAN.22a) | 0 of 2
[-        ] NFC…:KRAKENTOOLS_KREPORT2KRONA -
[-        ] NFC…ON_KRONA:KAIJU_KAIJU2KRONA -
[-        ] NFC…ZATION_KRONA:KRONA_CLEANUP -
[-        ] NFC…N_KRONA:KRONA_KTIMPORTTEXT -
[-        ] NFC…KRONA:MEGAN_RMA2INFO_KRONA -
[-        ] NFC…VISUALIZATION_KRONA:GUNZIP -
[-        ] NFC…ONA:KRONA_KTIMPORTTAXONOMY -
[-        ] NFC…ON_PROFILES:TAXPASTA_MERGE -
[-        ] NFC…FILES:TAXPASTA_STANDARDISE -
[-        ] NFC…CKEN_COMBINEBRACKENOUTPUTS -
Plus 7 more processes waiting for tasks…
WARN: [nf-core/taxprofiler] DIAMOND does not accept paired-end files as input. Only read 1 will be used for profiling. Running DIAMOND for sample CAN.22a using only read 1.

executor >  slurm (54)
[-        ] NFC…PROFILER:TAXPROFILER:UNTAR -
[fc/52146e] NFC…AXPROFILER:FASTQC (ALB.17) | 10 of 10 ✔
[-        ] NFC…ORTREAD_FASTP:FASTP_SINGLE -
[ff/f1e2c6] NFC…ASTP:FASTP_PAIRED (ALB.17) | 10 of 10 ✔
[b4/36318e] NFC…FASTQC_PROCESSED (BRA.53a) | 9 of 10
[c6/964509] NFC…RING:BBMAP_BBDUK (BRA.53a) | 9 of 10
[fe/b61243] NFC…AL:BOWTIE2_ALIGN (CAN.22a) | 2 of 9
[ab/ed771e] NFC…L:SAMTOOLS_INDEX (CAN.22a) | 2 of 2
[73/195674] NFC…L:SAMTOOLS_STATS (AUS.18a) | 1 of 1
[e5/1c5986] NFC…AMOND_BLASTX (db6|CAN.22a) | 0 of 2
[-        ] NFC…:KRAKENTOOLS_KREPORT2KRONA -
[-        ] NFC…ON_KRONA:KAIJU_KAIJU2KRONA -
[-        ] NFC…ZATION_KRONA:KRONA_CLEANUP -
[-        ] NFC…N_KRONA:KRONA_KTIMPORTTEXT -
[-        ] NFC…KRONA:MEGAN_RMA2INFO_KRONA -
[-        ] NFC…VISUALIZATION_KRONA:GUNZIP -
[-        ] NFC…ONA:KRONA_KTIMPORTTAXONOMY -
[-        ] NFC…ON_PROFILES:TAXPASTA_MERGE -
[-        ] NFC…FILES:TAXPASTA_STANDARDISE -
[-        ] NFC…CKEN_COMBINEBRACKENOUTPUTS -
Plus 7 more processes waiting for tasks…
WARN: [nf-core/taxprofiler] DIAMOND does not accept paired-end files as input. Only read 1 will be used for profiling. Running DIAMOND for sample CAN.22a using only read 1.

executor >  slurm (55)
[-        ] NFC…PROFILER:TAXPROFILER:UNTAR -
[fc/52146e] NFC…AXPROFILER:FASTQC (ALB.17) | 10 of 10 ✔
[-        ] NFC…ORTREAD_FASTP:FASTP_SINGLE -
[ff/f1e2c6] NFC…ASTP:FASTP_PAIRED (ALB.17) | 10 of 10 ✔
[b4/36318e] NFC…FASTQC_PROCESSED (BRA.53a) | 9 of 10
[c6/964509] NFC…RING:BBMAP_BBDUK (BRA.53a) | 9 of 10
[fe/b61243] NFC…AL:BOWTIE2_ALIGN (CAN.22a) | 2 of 9
[ab/ed771e] NFC…L:SAMTOOLS_INDEX (CAN.22a) | 2 of 2
[0b/ef33b7] NFC…L:SAMTOOLS_STATS (CAN.22a) | 1 of 2
[e5/1c5986] NFC…AMOND_BLASTX (db6|CAN.22a) | 0 of 2
[-        ] NFC…:KRAKENTOOLS_KREPORT2KRONA -
[-        ] NFC…ON_KRONA:KAIJU_KAIJU2KRONA -
[-        ] NFC…ZATION_KRONA:KRONA_CLEANUP -
[-        ] NFC…N_KRONA:KRONA_KTIMPORTTEXT -
[-        ] NFC…KRONA:MEGAN_RMA2INFO_KRONA -
[-        ] NFC…VISUALIZATION_KRONA:GUNZIP -
[-        ] NFC…ONA:KRONA_KTIMPORTTAXONOMY -
[-        ] NFC…ON_PROFILES:TAXPASTA_MERGE -
[-        ] NFC…FILES:TAXPASTA_STANDARDISE -
[-        ] NFC…CKEN_COMBINEBRACKENOUTPUTS -
Plus 7 more processes waiting for tasks…
WARN: [nf-core/taxprofiler] DIAMOND does not accept paired-end files as input. Only read 1 will be used for profiling. Running DIAMOND for sample CAN.22a using only read 1.

executor >  slurm (55)
[-        ] NFC…PROFILER:TAXPROFILER:UNTAR -
[fc/52146e] NFC…AXPROFILER:FASTQC (ALB.17) | 10 of 10 ✔
[-        ] NFC…ORTREAD_FASTP:FASTP_SINGLE -
[ff/f1e2c6] NFC…ASTP:FASTP_PAIRED (ALB.17) | 10 of 10 ✔
[b4/36318e] NFC…FASTQC_PROCESSED (BRA.53a) | 9 of 10
[c6/964509] NFC…RING:BBMAP_BBDUK (BRA.53a) | 9 of 10
[fe/b61243] NFC…AL:BOWTIE2_ALIGN (CAN.22a) | 2 of 9
[ab/ed771e] NFC…L:SAMTOOLS_INDEX (CAN.22a) | 2 of 2
[0b/ef33b7] NFC…L:SAMTOOLS_STATS (CAN.22a) | 1 of 2
[e5/1c5986] NFC…AMOND_BLASTX (db6|CAN.22a) | 0 of 2
[-        ] NFC…:KRAKENTOOLS_KREPORT2KRONA -
[-        ] NFC…ON_KRONA:KAIJU_KAIJU2KRONA -
[-        ] NFC…ZATION_KRONA:KRONA_CLEANUP -
[-        ] NFC…N_KRONA:KRONA_KTIMPORTTEXT -
[-        ] NFC…KRONA:MEGAN_RMA2INFO_KRONA -
[-        ] NFC…VISUALIZATION_KRONA:GUNZIP -
[-        ] NFC…ONA:KRONA_KTIMPORTTAXONOMY -
[-        ] NFC…ON_PROFILES:TAXPASTA_MERGE -
[-        ] NFC…FILES:TAXPASTA_STANDARDISE -
[-        ] NFC…CKEN_COMBINEBRACKENOUTPUTS -
Plus 7 more processes waiting for tasks…
WARN: [nf-core/taxprofiler] DIAMOND does not accept paired-end files as input. Only read 1 will be used for profiling. Running DIAMOND for sample CAN.22a using only read 1.

executor >  slurm (55)
[-        ] NFC…PROFILER:TAXPROFILER:UNTAR -
[fc/52146e] NFC…AXPROFILER:FASTQC (ALB.17) | 10 of 10 ✔
[-        ] NFC…ORTREAD_FASTP:FASTP_SINGLE -
[ff/f1e2c6] NFC…ASTP:FASTP_PAIRED (ALB.17) | 10 of 10 ✔
[b4/36318e] NFC…FASTQC_PROCESSED (BRA.53a) | 9 of 10
[c6/964509] NFC…RING:BBMAP_BBDUK (BRA.53a) | 9 of 10
[fe/b61243] NFC…AL:BOWTIE2_ALIGN (CAN.22a) | 2 of 9
[ab/ed771e] NFC…L:SAMTOOLS_INDEX (CAN.22a) | 2 of 2
[0b/ef33b7] NFC…L:SAMTOOLS_STATS (CAN.22a) | 2 of 2
[e5/1c5986] NFC…AMOND_BLASTX (db6|CAN.22a) | 0 of 2
[-        ] NFC…:KRAKENTOOLS_KREPORT2KRONA -
[-        ] NFC…ON_KRONA:KAIJU_KAIJU2KRONA -
[-        ] NFC…ZATION_KRONA:KRONA_CLEANUP -
[-        ] NFC…N_KRONA:KRONA_KTIMPORTTEXT -
[-        ] NFC…KRONA:MEGAN_RMA2INFO_KRONA -
[-        ] NFC…VISUALIZATION_KRONA:GUNZIP -
[-        ] NFC…ONA:KRONA_KTIMPORTTAXONOMY -
[-        ] NFC…ON_PROFILES:TAXPASTA_MERGE -
[-        ] NFC…FILES:TAXPASTA_STANDARDISE -
[-        ] NFC…CKEN_COMBINEBRACKENOUTPUTS -
Plus 7 more processes waiting for tasks…
WARN: [nf-core/taxprofiler] DIAMOND does not accept paired-end files as input. Only read 1 will be used for profiling. Running DIAMOND for sample CAN.22a using only read 1.

executor >  slurm (56)
[-        ] NFC…PROFILER:TAXPROFILER:UNTAR -
[fc/52146e] NFC…AXPROFILER:FASTQC (ALB.17) | 10 of 10 ✔
[-        ] NFC…ORTREAD_FASTP:FASTP_SINGLE -
[ff/f1e2c6] NFC…ASTP:FASTP_PAIRED (ALB.17) | 10 of 10 ✔
[b4/36318e] NFC…FASTQC_PROCESSED (BRA.53a) | 9 of 10
[b3/41c43d] NFC…ERING:BBMAP_BBDUK (ALB.17) | 10 of 10 ✔
[6b/935f2f] NFC…VAL:BOWTIE2_ALIGN (ALB.17) | 2 of 10
[ab/ed771e] NFC…L:SAMTOOLS_INDEX (CAN.22a) | 2 of 2
[0b/ef33b7] NFC…L:SAMTOOLS_STATS (CAN.22a) | 2 of 2
[e5/1c5986] NFC…AMOND_BLASTX (db6|CAN.22a) | 0 of 2
[-        ] NFC…:KRAKENTOOLS_KREPORT2KRONA -
[-        ] NFC…ON_KRONA:KAIJU_KAIJU2KRONA -
[-        ] NFC…ZATION_KRONA:KRONA_CLEANUP -
[-        ] NFC…N_KRONA:KRONA_KTIMPORTTEXT -
[-        ] NFC…KRONA:MEGAN_RMA2INFO_KRONA -
[-        ] NFC…VISUALIZATION_KRONA:GUNZIP -
[-        ] NFC…ONA:KRONA_KTIMPORTTAXONOMY -
[-        ] NFC…ON_PROFILES:TAXPASTA_MERGE -
[-        ] NFC…FILES:TAXPASTA_STANDARDISE -
[-        ] NFC…CKEN_COMBINEBRACKENOUTPUTS -
Plus 7 more processes waiting for tasks…


executor >  slurm (56)
[-        ] NFC…PROFILER:TAXPROFILER:UNTAR -
[fc/52146e] NFC…AXPROFILER:FASTQC (ALB.17) | 10 of 10 ✔
[-        ] NFC…ORTREAD_FASTP:FASTP_SINGLE -
[ff/f1e2c6] NFC…ASTP:FASTP_PAIRED (ALB.17) | 10 of 10 ✔
[b4/36318e] NFC…FASTQC_PROCESSED (BRA.53a) | 9 of 10
[b3/41c43d] NFC…ERING:BBMAP_BBDUK (ALB.17) | 10 of 10 ✔
[6b/935f2f] NFC…VAL:BOWTIE2_ALIGN (ALB.17) | 2 of 10
[ab/ed771e] NFC…L:SAMTOOLS_INDEX (CAN.22a) | 2 of 2
[0b/ef33b7] NFC…L:SAMTOOLS_STATS (CAN.22a) | 2 of 2
[e5/1c5986] NFC…AMOND_BLASTX (db6|CAN.22a) | 0 of 2
[-        ] NFC…:KRAKENTOOLS_KREPORT2KRONA -
[-        ] NFC…ON_KRONA:KAIJU_KAIJU2KRONA -
[-        ] NFC…ZATION_KRONA:KRONA_CLEANUP -
[-        ] NFC…N_KRONA:KRONA_KTIMPORTTEXT -
[-        ] NFC…KRONA:MEGAN_RMA2INFO_KRONA -
[-        ] NFC…VISUALIZATION_KRONA:GUNZIP -
[-        ] NFC…ONA:KRONA_KTIMPORTTAXONOMY -
[-        ] NFC…ON_PROFILES:TAXPASTA_MERGE -
[-        ] NFC…FILES:TAXPASTA_STANDARDISE -
[-        ] NFC…CKEN_COMBINEBRACKENOUTPUTS -
Plus 7 more processes waiting for tasks…


executor >  slurm (56)
[-        ] NFC…PROFILER:TAXPROFILER:UNTAR -
[fc/52146e] NFC…AXPROFILER:FASTQC (ALB.17) | 10 of 10 ✔
[-        ] NFC…ORTREAD_FASTP:FASTP_SINGLE -
[ff/f1e2c6] NFC…ASTP:FASTP_PAIRED (ALB.17) | 10 of 10 ✔
[b4/36318e] NFC…FASTQC_PROCESSED (BRA.53a) | 9 of 10
[b3/41c43d] NFC…ERING:BBMAP_BBDUK (ALB.17) | 10 of 10 ✔
[f7/680c03] NFC…VAL:BOWTIE2_ALIGN (CAN.22) | 3 of 10
[ab/ed771e] NFC…L:SAMTOOLS_INDEX (CAN.22a) | 2 of 3
[0b/ef33b7] NFC…L:SAMTOOLS_STATS (CAN.22a) | 2 of 2
[e5/1c5986] NFC…AMOND_BLASTX (db6|CAN.22a) | 0 of 3
[-        ] NFC…:KRAKENTOOLS_KREPORT2KRONA -
[-        ] NFC…ON_KRONA:KAIJU_KAIJU2KRONA -
[-        ] NFC…ZATION_KRONA:KRONA_CLEANUP -
[-        ] NFC…N_KRONA:KRONA_KTIMPORTTEXT -
[-        ] NFC…KRONA:MEGAN_RMA2INFO_KRONA -
[-        ] NFC…VISUALIZATION_KRONA:GUNZIP -
[-        ] NFC…ONA:KRONA_KTIMPORTTAXONOMY -
[-        ] NFC…ON_PROFILES:TAXPASTA_MERGE -
[-        ] NFC…FILES:TAXPASTA_STANDARDISE -
[-        ] NFC…CKEN_COMBINEBRACKENOUTPUTS -
Plus 7 more processes waiting for tasks…
WARN: [nf-core/taxprofiler] DIAMOND does not accept paired-end files as input. Only read 1 will be used for profiling. Running DIAMOND for sample CAN.22 using only read 1.

executor >  slurm (58)
[-        ] NFC…PROFILER:TAXPROFILER:UNTAR -
[fc/52146e] NFC…AXPROFILER:FASTQC (ALB.17) | 10 of 10 ✔
[-        ] NFC…ORTREAD_FASTP:FASTP_SINGLE -
[ff/f1e2c6] NFC…ASTP:FASTP_PAIRED (ALB.17) | 10 of 10 ✔
[b4/36318e] NFC…FASTQC_PROCESSED (BRA.53a) | 9 of 10
[b3/41c43d] NFC…ERING:BBMAP_BBDUK (ALB.17) | 10 of 10 ✔
[f7/680c03] NFC…VAL:BOWTIE2_ALIGN (CAN.22) | 3 of 10
[37/d9ca50] NFC…AL:SAMTOOLS_INDEX (CAN.22) | 2 of 3
[0b/ef33b7] NFC…L:SAMTOOLS_STATS (CAN.22a) | 2 of 2
[af/7415c2] NFC…IAMOND_BLASTX (db6|CAN.22) | 0 of 3
[-        ] NFC…:KRAKENTOOLS_KREPORT2KRONA -
[-        ] NFC…ON_KRONA:KAIJU_KAIJU2KRONA -
[-        ] NFC…ZATION_KRONA:KRONA_CLEANUP -
[-        ] NFC…N_KRONA:KRONA_KTIMPORTTEXT -
[-        ] NFC…KRONA:MEGAN_RMA2INFO_KRONA -
[-        ] NFC…VISUALIZATION_KRONA:GUNZIP -
[-        ] NFC…ONA:KRONA_KTIMPORTTAXONOMY -
[-        ] NFC…ON_PROFILES:TAXPASTA_MERGE -
[-        ] NFC…FILES:TAXPASTA_STANDARDISE -
[-        ] NFC…CKEN_COMBINEBRACKENOUTPUTS -
Plus 7 more processes waiting for tasks…
WARN: [nf-core/taxprofiler] DIAMOND does not accept paired-end files as input. Only read 1 will be used for profiling. Running DIAMOND for sample CAN.22 using only read 1.

executor >  slurm (58)
[-        ] NFC…PROFILER:TAXPROFILER:UNTAR -
[fc/52146e] NFC…AXPROFILER:FASTQC (ALB.17) | 10 of 10 ✔
[-        ] NFC…ORTREAD_FASTP:FASTP_SINGLE -
[ff/f1e2c6] NFC…ASTP:FASTP_PAIRED (ALB.17) | 10 of 10 ✔
[b4/36318e] NFC…FASTQC_PROCESSED (BRA.53a) | 9 of 10
[b3/41c43d] NFC…ERING:BBMAP_BBDUK (ALB.17) | 10 of 10 ✔
[f7/680c03] NFC…VAL:BOWTIE2_ALIGN (CAN.22) | 3 of 10
[37/d9ca50] NFC…AL:SAMTOOLS_INDEX (CAN.22) | 2 of 3
[0b/ef33b7] NFC…L:SAMTOOLS_STATS (CAN.22a) | 2 of 2
[af/7415c2] NFC…IAMOND_BLASTX (db6|CAN.22) | 0 of 3
[-        ] NFC…:KRAKENTOOLS_KREPORT2KRONA -
[-        ] NFC…ON_KRONA:KAIJU_KAIJU2KRONA -
[-        ] NFC…ZATION_KRONA:KRONA_CLEANUP -
[-        ] NFC…N_KRONA:KRONA_KTIMPORTTEXT -
[-        ] NFC…KRONA:MEGAN_RMA2INFO_KRONA -
[-        ] NFC…VISUALIZATION_KRONA:GUNZIP -
[-        ] NFC…ONA:KRONA_KTIMPORTTAXONOMY -
[-        ] NFC…ON_PROFILES:TAXPASTA_MERGE -
[-        ] NFC…FILES:TAXPASTA_STANDARDISE -
[-        ] NFC…CKEN_COMBINEBRACKENOUTPUTS -
Plus 7 more processes waiting for tasks…
WARN: [nf-core/taxprofiler] DIAMOND does not accept paired-end files as input. Only read 1 will be used for profiling. Running DIAMOND for sample CAN.22 using only read 1.

executor >  slurm (58)
[-        ] NFC…PROFILER:TAXPROFILER:UNTAR -
[fc/52146e] NFC…AXPROFILER:FASTQC (ALB.17) | 10 of 10 ✔
[-        ] NFC…ORTREAD_FASTP:FASTP_SINGLE -
[ff/f1e2c6] NFC…ASTP:FASTP_PAIRED (ALB.17) | 10 of 10 ✔
[ab/bcc249] NFC…:FASTQC_PROCESSED (ALB.17) | 10 of 10 ✔
[b3/41c43d] NFC…ERING:BBMAP_BBDUK (ALB.17) | 10 of 10 ✔
[f7/680c03] NFC…VAL:BOWTIE2_ALIGN (CAN.22) | 3 of 10
[37/d9ca50] NFC…AL:SAMTOOLS_INDEX (CAN.22) | 2 of 3
[0b/ef33b7] NFC…L:SAMTOOLS_STATS (CAN.22a) | 2 of 2
[af/7415c2] NFC…IAMOND_BLASTX (db6|CAN.22) | 0 of 3
[-        ] NFC…:KRAKENTOOLS_KREPORT2KRONA -
[-        ] NFC…ON_KRONA:KAIJU_KAIJU2KRONA -
[-        ] NFC…ZATION_KRONA:KRONA_CLEANUP -
[-        ] NFC…N_KRONA:KRONA_KTIMPORTTEXT -
[-        ] NFC…KRONA:MEGAN_RMA2INFO_KRONA -
[-        ] NFC…VISUALIZATION_KRONA:GUNZIP -
[-        ] NFC…ONA:KRONA_KTIMPORTTAXONOMY -
[-        ] NFC…ON_PROFILES:TAXPASTA_MERGE -
[-        ] NFC…FILES:TAXPASTA_STANDARDISE -
[-        ] NFC…CKEN_COMBINEBRACKENOUTPUTS -
Plus 7 more processes waiting for tasks…
WARN: [nf-core/taxprofiler] DIAMOND does not accept paired-end files as input. Only read 1 will be used for profiling. Running DIAMOND for sample CAN.22 using only read 1.

executor >  slurm (59)
[-        ] NFC…PROFILER:TAXPROFILER:UNTAR -
[fc/52146e] NFC…AXPROFILER:FASTQC (ALB.17) | 10 of 10 ✔
[-        ] NFC…ORTREAD_FASTP:FASTP_SINGLE -
[ff/f1e2c6] NFC…ASTP:FASTP_PAIRED (ALB.17) | 10 of 10 ✔
[ab/bcc249] NFC…:FASTQC_PROCESSED (ALB.17) | 10 of 10 ✔
[b3/41c43d] NFC…ERING:BBMAP_BBDUK (ALB.17) | 10 of 10 ✔
[f7/680c03] NFC…VAL:BOWTIE2_ALIGN (CAN.22) | 3 of 10
[37/d9ca50] NFC…AL:SAMTOOLS_INDEX (CAN.22) | 3 of 3
[2a/9a14e6] NFC…AL:SAMTOOLS_STATS (CAN.22) | 2 of 3
[af/7415c2] NFC…IAMOND_BLASTX (db6|CAN.22) | 0 of 3
[-        ] NFC…:KRAKENTOOLS_KREPORT2KRONA -
[-        ] NFC…ON_KRONA:KAIJU_KAIJU2KRONA -
[-        ] NFC…ZATION_KRONA:KRONA_CLEANUP -
[-        ] NFC…N_KRONA:KRONA_KTIMPORTTEXT -
[-        ] NFC…KRONA:MEGAN_RMA2INFO_KRONA -
[-        ] NFC…VISUALIZATION_KRONA:GUNZIP -
[-        ] NFC…ONA:KRONA_KTIMPORTTAXONOMY -
[-        ] NFC…ON_PROFILES:TAXPASTA_MERGE -
[-        ] NFC…FILES:TAXPASTA_STANDARDISE -
[-        ] NFC…CKEN_COMBINEBRACKENOUTPUTS -
Plus 7 more processes waiting for tasks…


executor >  slurm (59)
[-        ] NFC…PROFILER:TAXPROFILER:UNTAR -
[fc/52146e] NFC…AXPROFILER:FASTQC (ALB.17) | 10 of 10 ✔
[-        ] NFC…ORTREAD_FASTP:FASTP_SINGLE -
[ff/f1e2c6] NFC…ASTP:FASTP_PAIRED (ALB.17) | 10 of 10 ✔
[ab/bcc249] NFC…:FASTQC_PROCESSED (ALB.17) | 10 of 10 ✔
[b3/41c43d] NFC…ERING:BBMAP_BBDUK (ALB.17) | 10 of 10 ✔
[f7/680c03] NFC…VAL:BOWTIE2_ALIGN (CAN.22) | 3 of 10
[37/d9ca50] NFC…AL:SAMTOOLS_INDEX (CAN.22) | 3 of 3
[2a/9a14e6] NFC…AL:SAMTOOLS_STATS (CAN.22) | 2 of 3
[af/7415c2] NFC…IAMOND_BLASTX (db6|CAN.22) | 0 of 3
[-        ] NFC…:KRAKENTOOLS_KREPORT2KRONA -
[-        ] NFC…ON_KRONA:KAIJU_KAIJU2KRONA -
[-        ] NFC…ZATION_KRONA:KRONA_CLEANUP -
[-        ] NFC…N_KRONA:KRONA_KTIMPORTTEXT -
[-        ] NFC…KRONA:MEGAN_RMA2INFO_KRONA -
[-        ] NFC…VISUALIZATION_KRONA:GUNZIP -
[-        ] NFC…ONA:KRONA_KTIMPORTTAXONOMY -
[-        ] NFC…ON_PROFILES:TAXPASTA_MERGE -
[-        ] NFC…FILES:TAXPASTA_STANDARDISE -
[-        ] NFC…CKEN_COMBINEBRACKENOUTPUTS -
Plus 7 more processes waiting for tasks…


executor >  slurm (59)
[-        ] NFC…PROFILER:TAXPROFILER:UNTAR -
[fc/52146e] NFC…AXPROFILER:FASTQC (ALB.17) | 10 of 10 ✔
[-        ] NFC…ORTREAD_FASTP:FASTP_SINGLE -
[ff/f1e2c6] NFC…ASTP:FASTP_PAIRED (ALB.17) | 10 of 10 ✔
[ab/bcc249] NFC…:FASTQC_PROCESSED (ALB.17) | 10 of 10 ✔
[b3/41c43d] NFC…ERING:BBMAP_BBDUK (ALB.17) | 10 of 10 ✔
[f7/680c03] NFC…VAL:BOWTIE2_ALIGN (CAN.22) | 3 of 10
[37/d9ca50] NFC…AL:SAMTOOLS_INDEX (CAN.22) | 3 of 3
[2a/9a14e6] NFC…AL:SAMTOOLS_STATS (CAN.22) | 3 of 3
[af/7415c2] NFC…IAMOND_BLASTX (db6|CAN.22) | 0 of 3
[-        ] NFC…:KRAKENTOOLS_KREPORT2KRONA -
[-        ] NFC…ON_KRONA:KAIJU_KAIJU2KRONA -
[-        ] NFC…ZATION_KRONA:KRONA_CLEANUP -
[-        ] NFC…N_KRONA:KRONA_KTIMPORTTEXT -
[-        ] NFC…KRONA:MEGAN_RMA2INFO_KRONA -
[-        ] NFC…VISUALIZATION_KRONA:GUNZIP -
[-        ] NFC…ONA:KRONA_KTIMPORTTAXONOMY -
[-        ] NFC…ON_PROFILES:TAXPASTA_MERGE -
[-        ] NFC…FILES:TAXPASTA_STANDARDISE -
[-        ] NFC…CKEN_COMBINEBRACKENOUTPUTS -
Plus 7 more processes waiting for tasks…

executor >  slurm (61)
[-        ] NFC…PROFILER:TAXPROFILER:UNTAR -
[fc/52146e] NFC…AXPROFILER:FASTQC (ALB.17) | 10 of 10 ✔
[-        ] NFC…ORTREAD_FASTP:FASTP_SINGLE -
[ff/f1e2c6] NFC…ASTP:FASTP_PAIRED (ALB.17) | 10 of 10 ✔
[ab/bcc249] NFC…:FASTQC_PROCESSED (ALB.17) | 10 of 10 ✔
[b3/41c43d] NFC…ERING:BBMAP_BBDUK (ALB.17) | 10 of 10 ✔
[69/f8bdfe] NFC…VAL:BOWTIE2_ALIGN (AUS.18) | 4 of 10
[04/252f1b] NFC…AL:SAMTOOLS_INDEX (AUS.18) | 3 of 4
[2a/9a14e6] NFC…AL:SAMTOOLS_STATS (CAN.22) | 3 of 3
[81/36f8df] NFC…IAMOND_BLASTX (db6|AUS.18) | 0 of 4
[-        ] NFC…:KRAKENTOOLS_KREPORT2KRONA -
[-        ] NFC…ON_KRONA:KAIJU_KAIJU2KRONA -
[-        ] NFC…ZATION_KRONA:KRONA_CLEANUP -
[-        ] NFC…N_KRONA:KRONA_KTIMPORTTEXT -
[-        ] NFC…KRONA:MEGAN_RMA2INFO_KRONA -
[-        ] NFC…VISUALIZATION_KRONA:GUNZIP -
[-        ] NFC…ONA:KRONA_KTIMPORTTAXONOMY -
[-        ] NFC…ON_PROFILES:TAXPASTA_MERGE -
[-        ] NFC…FILES:TAXPASTA_STANDARDISE -
[-        ] NFC…CKEN_COMBINEBRACKENOUTPUTS -
Plus 7 more processes waiting for tasks…
WARN: [nf-core/taxprofiler] DIAMOND does not accept paired-end files as input. Only read 1 will be used for profiling. Running DIAMOND for sample AUS.18 using only read 1.

executor >  slurm (61)
[-        ] NFC…PROFILER:TAXPROFILER:UNTAR -
[fc/52146e] NFC…AXPROFILER:FASTQC (ALB.17) | 10 of 10 ✔
[-        ] NFC…ORTREAD_FASTP:FASTP_SINGLE -
[ff/f1e2c6] NFC…ASTP:FASTP_PAIRED (ALB.17) | 10 of 10 ✔
[ab/bcc249] NFC…:FASTQC_PROCESSED (ALB.17) | 10 of 10 ✔
[b3/41c43d] NFC…ERING:BBMAP_BBDUK (ALB.17) | 10 of 10 ✔
[69/f8bdfe] NFC…VAL:BOWTIE2_ALIGN (AUS.18) | 4 of 10
[04/252f1b] NFC…AL:SAMTOOLS_INDEX (AUS.18) | 3 of 4
[2a/9a14e6] NFC…AL:SAMTOOLS_STATS (CAN.22) | 3 of 3
[81/36f8df] NFC…IAMOND_BLASTX (db6|AUS.18) | 0 of 4
[-        ] NFC…:KRAKENTOOLS_KREPORT2KRONA -
[-        ] NFC…ON_KRONA:KAIJU_KAIJU2KRONA -
[-        ] NFC…ZATION_KRONA:KRONA_CLEANUP -
[-        ] NFC…N_KRONA:KRONA_KTIMPORTTEXT -
[-        ] NFC…KRONA:MEGAN_RMA2INFO_KRONA -
[-        ] NFC…VISUALIZATION_KRONA:GUNZIP -
[-        ] NFC…ONA:KRONA_KTIMPORTTAXONOMY -
[-        ] NFC…ON_PROFILES:TAXPASTA_MERGE -
[-        ] NFC…FILES:TAXPASTA_STANDARDISE -
[-        ] NFC…CKEN_COMBINEBRACKENOUTPUTS -
Plus 7 more processes waiting for tasks…
WARN: [nf-core/taxprofiler] DIAMOND does not accept paired-end files as input. Only read 1 will be used for profiling. Running DIAMOND for sample AUS.18 using only read 1.

executor >  slurm (62)
[-        ] NFC…PROFILER:TAXPROFILER:UNTAR -
[fc/52146e] NFC…AXPROFILER:FASTQC (ALB.17) | 10 of 10 ✔
[-        ] NFC…ORTREAD_FASTP:FASTP_SINGLE -
[ff/f1e2c6] NFC…ASTP:FASTP_PAIRED (ALB.17) | 10 of 10 ✔
[ab/bcc249] NFC…:FASTQC_PROCESSED (ALB.17) | 10 of 10 ✔
[b3/41c43d] NFC…ERING:BBMAP_BBDUK (ALB.17) | 10 of 10 ✔
[69/f8bdfe] NFC…VAL:BOWTIE2_ALIGN (AUS.18) | 4 of 10
[04/252f1b] NFC…AL:SAMTOOLS_INDEX (AUS.18) | 4 of 4
[ad/29c87a] NFC…AL:SAMTOOLS_STATS (AUS.18) | 3 of 4
[81/36f8df] NFC…IAMOND_BLASTX (db6|AUS.18) | 0 of 4
[-        ] NFC…:KRAKENTOOLS_KREPORT2KRONA -
[-        ] NFC…ON_KRONA:KAIJU_KAIJU2KRONA -
[-        ] NFC…ZATION_KRONA:KRONA_CLEANUP -
[-        ] NFC…N_KRONA:KRONA_KTIMPORTTEXT -
[-        ] NFC…KRONA:MEGAN_RMA2INFO_KRONA -
[-        ] NFC…VISUALIZATION_KRONA:GUNZIP -
[-        ] NFC…ONA:KRONA_KTIMPORTTAXONOMY -
[-        ] NFC…ON_PROFILES:TAXPASTA_MERGE -
[-        ] NFC…FILES:TAXPASTA_STANDARDISE -
[-        ] NFC…CKEN_COMBINEBRACKENOUTPUTS -
Plus 7 more processes waiting for tasks…


executor >  slurm (62)
[-        ] NFC…PROFILER:TAXPROFILER:UNTAR -
[fc/52146e] NFC…AXPROFILER:FASTQC (ALB.17) | 10 of 10 ✔
[-        ] NFC…ORTREAD_FASTP:FASTP_SINGLE -
[ff/f1e2c6] NFC…ASTP:FASTP_PAIRED (ALB.17) | 10 of 10 ✔
[ab/bcc249] NFC…:FASTQC_PROCESSED (ALB.17) | 10 of 10 ✔
[b3/41c43d] NFC…ERING:BBMAP_BBDUK (ALB.17) | 10 of 10 ✔
[69/f8bdfe] NFC…VAL:BOWTIE2_ALIGN (AUS.18) | 4 of 10
[04/252f1b] NFC…AL:SAMTOOLS_INDEX (AUS.18) | 4 of 4
[ad/29c87a] NFC…AL:SAMTOOLS_STATS (AUS.18) | 3 of 4
[81/36f8df] NFC…IAMOND_BLASTX (db6|AUS.18) | 0 of 4
[-        ] NFC…:KRAKENTOOLS_KREPORT2KRONA -
[-        ] NFC…ON_KRONA:KAIJU_KAIJU2KRONA -
[-        ] NFC…ZATION_KRONA:KRONA_CLEANUP -
[-        ] NFC…N_KRONA:KRONA_KTIMPORTTEXT -
[-        ] NFC…KRONA:MEGAN_RMA2INFO_KRONA -
[-        ] NFC…VISUALIZATION_KRONA:GUNZIP -
[-        ] NFC…ONA:KRONA_KTIMPORTTAXONOMY -
[-        ] NFC…ON_PROFILES:TAXPASTA_MERGE -
[-        ] NFC…FILES:TAXPASTA_STANDARDISE -
[-        ] NFC…CKEN_COMBINEBRACKENOUTPUTS -
Plus 7 more processes waiting for tasks…


executor >  slurm (62)
[-        ] NFC…PROFILER:TAXPROFILER:UNTAR -
[fc/52146e] NFC…AXPROFILER:FASTQC (ALB.17) | 10 of 10 ✔
[-        ] NFC…ORTREAD_FASTP:FASTP_SINGLE -
[ff/f1e2c6] NFC…ASTP:FASTP_PAIRED (ALB.17) | 10 of 10 ✔
[ab/bcc249] NFC…:FASTQC_PROCESSED (ALB.17) | 10 of 10 ✔
[b3/41c43d] NFC…ERING:BBMAP_BBDUK (ALB.17) | 10 of 10 ✔
[69/f8bdfe] NFC…VAL:BOWTIE2_ALIGN (AUS.18) | 4 of 10
[04/252f1b] NFC…AL:SAMTOOLS_INDEX (AUS.18) | 4 of 4
[ad/29c87a] NFC…AL:SAMTOOLS_STATS (AUS.18) | 4 of 4
[81/36f8df] NFC…IAMOND_BLASTX (db6|AUS.18) | 0 of 4
[-        ] NFC…:KRAKENTOOLS_KREPORT2KRONA -
[-        ] NFC…ON_KRONA:KAIJU_KAIJU2KRONA -
[-        ] NFC…ZATION_KRONA:KRONA_CLEANUP -
[-        ] NFC…N_KRONA:KRONA_KTIMPORTTEXT -
[-        ] NFC…KRONA:MEGAN_RMA2INFO_KRONA -
[-        ] NFC…VISUALIZATION_KRONA:GUNZIP -
[-        ] NFC…ONA:KRONA_KTIMPORTTAXONOMY -
[-        ] NFC…ON_PROFILES:TAXPASTA_MERGE -
[-        ] NFC…FILES:TAXPASTA_STANDARDISE -
[-        ] NFC…CKEN_COMBINEBRACKENOUTPUTS -
Plus 7 more processes waiting for tasks…

executor >  slurm (64)
[-        ] NFC…PROFILER:TAXPROFILER:UNTAR -
[fc/52146e] NFC…AXPROFILER:FASTQC (ALB.17) | 10 of 10 ✔
[-        ] NFC…ORTREAD_FASTP:FASTP_SINGLE -
[ff/f1e2c6] NFC…ASTP:FASTP_PAIRED (ALB.17) | 10 of 10 ✔
[ab/bcc249] NFC…:FASTQC_PROCESSED (ALB.17) | 10 of 10 ✔
[b3/41c43d] NFC…ERING:BBMAP_BBDUK (ALB.17) | 10 of 10 ✔
[53/16822d] NFC…VAL:BOWTIE2_ALIGN (AUT.70) | 5 of 10
[03/f928ca] NFC…AL:SAMTOOLS_INDEX (AUT.70) | 4 of 5
[ad/29c87a] NFC…AL:SAMTOOLS_STATS (AUS.18) | 4 of 4
[c5/86c941] NFC…IAMOND_BLASTX (db6|AUT.70) | 0 of 5
[-        ] NFC…:KRAKENTOOLS_KREPORT2KRONA -
[-        ] NFC…ON_KRONA:KAIJU_KAIJU2KRONA -
[-        ] NFC…ZATION_KRONA:KRONA_CLEANUP -
[-        ] NFC…N_KRONA:KRONA_KTIMPORTTEXT -
[-        ] NFC…KRONA:MEGAN_RMA2INFO_KRONA -
[-        ] NFC…VISUALIZATION_KRONA:GUNZIP -
[-        ] NFC…ONA:KRONA_KTIMPORTTAXONOMY -
[-        ] NFC…ON_PROFILES:TAXPASTA_MERGE -
[-        ] NFC…FILES:TAXPASTA_STANDARDISE -
[-        ] NFC…CKEN_COMBINEBRACKENOUTPUTS -
Plus 7 more processes waiting for tasks…
WARN: [nf-core/taxprofiler] DIAMOND does not accept paired-end files as input. Only read 1 will be used for profiling. Running DIAMOND for sample AUT.70 using only read 1.

executor >  slurm (64)
[-        ] NFC…PROFILER:TAXPROFILER:UNTAR -
[fc/52146e] NFC…AXPROFILER:FASTQC (ALB.17) | 10 of 10 ✔
[-        ] NFC…ORTREAD_FASTP:FASTP_SINGLE -
[ff/f1e2c6] NFC…ASTP:FASTP_PAIRED (ALB.17) | 10 of 10 ✔
[ab/bcc249] NFC…:FASTQC_PROCESSED (ALB.17) | 10 of 10 ✔
[b3/41c43d] NFC…ERING:BBMAP_BBDUK (ALB.17) | 10 of 10 ✔
[53/16822d] NFC…VAL:BOWTIE2_ALIGN (AUT.70) | 5 of 10
[03/f928ca] NFC…AL:SAMTOOLS_INDEX (AUT.70) | 4 of 5
[ad/29c87a] NFC…AL:SAMTOOLS_STATS (AUS.18) | 4 of 4
[c5/86c941] NFC…IAMOND_BLASTX (db6|AUT.70) | 0 of 5
[-        ] NFC…:KRAKENTOOLS_KREPORT2KRONA -
[-        ] NFC…ON_KRONA:KAIJU_KAIJU2KRONA -
[-        ] NFC…ZATION_KRONA:KRONA_CLEANUP -
[-        ] NFC…N_KRONA:KRONA_KTIMPORTTEXT -
[-        ] NFC…KRONA:MEGAN_RMA2INFO_KRONA -
[-        ] NFC…VISUALIZATION_KRONA:GUNZIP -
[-        ] NFC…ONA:KRONA_KTIMPORTTAXONOMY -
[-        ] NFC…ON_PROFILES:TAXPASTA_MERGE -
[-        ] NFC…FILES:TAXPASTA_STANDARDISE -
[-        ] NFC…CKEN_COMBINEBRACKENOUTPUTS -
Plus 7 more processes waiting for tasks…
WARN: [nf-core/taxprofiler] DIAMOND does not accept paired-end files as input. Only read 1 will be used for profiling. Running DIAMOND for sample AUT.70 using only read 1.

executor >  slurm (65)
[-        ] NFC…PROFILER:TAXPROFILER:UNTAR -
[fc/52146e] NFC…AXPROFILER:FASTQC (ALB.17) | 10 of 10 ✔
[-        ] NFC…ORTREAD_FASTP:FASTP_SINGLE -
[ff/f1e2c6] NFC…ASTP:FASTP_PAIRED (ALB.17) | 10 of 10 ✔
[ab/bcc249] NFC…:FASTQC_PROCESSED (ALB.17) | 10 of 10 ✔
[b3/41c43d] NFC…ERING:BBMAP_BBDUK (ALB.17) | 10 of 10 ✔
[53/16822d] NFC…VAL:BOWTIE2_ALIGN (AUT.70) | 5 of 10
[03/f928ca] NFC…AL:SAMTOOLS_INDEX (AUT.70) | 5 of 5
[02/f1c830] NFC…AL:SAMTOOLS_STATS (AUT.70) | 4 of 5
[c5/86c941] NFC…IAMOND_BLASTX (db6|AUT.70) | 0 of 5
[-        ] NFC…:KRAKENTOOLS_KREPORT2KRONA -
[-        ] NFC…ON_KRONA:KAIJU_KAIJU2KRONA -
[-        ] NFC…ZATION_KRONA:KRONA_CLEANUP -
[-        ] NFC…N_KRONA:KRONA_KTIMPORTTEXT -
[-        ] NFC…KRONA:MEGAN_RMA2INFO_KRONA -
[-        ] NFC…VISUALIZATION_KRONA:GUNZIP -
[-        ] NFC…ONA:KRONA_KTIMPORTTAXONOMY -
[-        ] NFC…ON_PROFILES:TAXPASTA_MERGE -
[-        ] NFC…FILES:TAXPASTA_STANDARDISE -
[-        ] NFC…CKEN_COMBINEBRACKENOUTPUTS -
Plus 7 more processes waiting for tasks…


executor >  slurm (65)
[-        ] NFC…PROFILER:TAXPROFILER:UNTAR -
[fc/52146e] NFC…AXPROFILER:FASTQC (ALB.17) | 10 of 10 ✔
[-        ] NFC…ORTREAD_FASTP:FASTP_SINGLE -
[ff/f1e2c6] NFC…ASTP:FASTP_PAIRED (ALB.17) | 10 of 10 ✔
[ab/bcc249] NFC…:FASTQC_PROCESSED (ALB.17) | 10 of 10 ✔
[b3/41c43d] NFC…ERING:BBMAP_BBDUK (ALB.17) | 10 of 10 ✔
[53/16822d] NFC…VAL:BOWTIE2_ALIGN (AUT.70) | 5 of 10
[03/f928ca] NFC…AL:SAMTOOLS_INDEX (AUT.70) | 5 of 5
[02/f1c830] NFC…AL:SAMTOOLS_STATS (AUT.70) | 4 of 5
[c5/86c941] NFC…IAMOND_BLASTX (db6|AUT.70) | 0 of 5
[-        ] NFC…:KRAKENTOOLS_KREPORT2KRONA -
[-        ] NFC…ON_KRONA:KAIJU_KAIJU2KRONA -
[-        ] NFC…ZATION_KRONA:KRONA_CLEANUP -
[-        ] NFC…N_KRONA:KRONA_KTIMPORTTEXT -
[-        ] NFC…KRONA:MEGAN_RMA2INFO_KRONA -
[-        ] NFC…VISUALIZATION_KRONA:GUNZIP -
[-        ] NFC…ONA:KRONA_KTIMPORTTAXONOMY -
[-        ] NFC…ON_PROFILES:TAXPASTA_MERGE -
[-        ] NFC…FILES:TAXPASTA_STANDARDISE -
[-        ] NFC…CKEN_COMBINEBRACKENOUTPUTS -
Plus 7 more processes waiting for tasks…


executor >  slurm (65)
[-        ] NFC…PROFILER:TAXPROFILER:UNTAR -
[fc/52146e] NFC…AXPROFILER:FASTQC (ALB.17) | 10 of 10 ✔
[-        ] NFC…ORTREAD_FASTP:FASTP_SINGLE -
[ff/f1e2c6] NFC…ASTP:FASTP_PAIRED (ALB.17) | 10 of 10 ✔
[ab/bcc249] NFC…:FASTQC_PROCESSED (ALB.17) | 10 of 10 ✔
[b3/41c43d] NFC…ERING:BBMAP_BBDUK (ALB.17) | 10 of 10 ✔
[53/16822d] NFC…VAL:BOWTIE2_ALIGN (AUT.70) | 5 of 10
[03/f928ca] NFC…AL:SAMTOOLS_INDEX (AUT.70) | 5 of 5
[02/f1c830] NFC…AL:SAMTOOLS_STATS (AUT.70) | 4 of 5
[c5/86c941] NFC…IAMOND_BLASTX (db6|AUT.70) | 0 of 5
[-        ] NFC…:KRAKENTOOLS_KREPORT2KRONA -
[-        ] NFC…ON_KRONA:KAIJU_KAIJU2KRONA -
[-        ] NFC…ZATION_KRONA:KRONA_CLEANUP -
[-        ] NFC…N_KRONA:KRONA_KTIMPORTTEXT -
[-        ] NFC…KRONA:MEGAN_RMA2INFO_KRONA -
[-        ] NFC…VISUALIZATION_KRONA:GUNZIP -
[-        ] NFC…ONA:KRONA_KTIMPORTTAXONOMY -
[-        ] NFC…ON_PROFILES:TAXPASTA_MERGE -
[-        ] NFC…FILES:TAXPASTA_STANDARDISE -
[-        ] NFC…CKEN_COMBINEBRACKENOUTPUTS -
Plus 7 more processes waiting for tasks…
WARN: [nf-core/taxprofiler] DIAMOND does not accept paired-end files as input. Only read 1 will be used for profiling. Running DIAMOND for sample BWA.19 using only read 1.

executor >  slurm (67)
[-        ] NFC…PROFILER:TAXPROFILER:UNTAR -
[fc/52146e] NFC…AXPROFILER:FASTQC (ALB.17) | 10 of 10 ✔
[-        ] NFC…ORTREAD_FASTP:FASTP_SINGLE -
[ff/f1e2c6] NFC…ASTP:FASTP_PAIRED (ALB.17) | 10 of 10 ✔
[ab/bcc249] NFC…:FASTQC_PROCESSED (ALB.17) | 10 of 10 ✔
[b3/41c43d] NFC…ERING:BBMAP_BBDUK (ALB.17) | 10 of 10 ✔
[f1/25e203] NFC…VAL:BOWTIE2_ALIGN (BWA.19) | 6 of 10
[e5/d8d9c1] NFC…AL:SAMTOOLS_INDEX (BWA.19) | 5 of 6
[02/f1c830] NFC…AL:SAMTOOLS_STATS (AUT.70) | 4 of 5
[35/64a4cf] NFC…IAMOND_BLASTX (db6|BWA.19) | 0 of 6
[-        ] NFC…:KRAKENTOOLS_KREPORT2KRONA -
[-        ] NFC…ON_KRONA:KAIJU_KAIJU2KRONA -
[-        ] NFC…ZATION_KRONA:KRONA_CLEANUP -
[-        ] NFC…N_KRONA:KRONA_KTIMPORTTEXT -
[-        ] NFC…KRONA:MEGAN_RMA2INFO_KRONA -
[-        ] NFC…VISUALIZATION_KRONA:GUNZIP -
[-        ] NFC…ONA:KRONA_KTIMPORTTAXONOMY -
[-        ] NFC…ON_PROFILES:TAXPASTA_MERGE -
[-        ] NFC…FILES:TAXPASTA_STANDARDISE -
[-        ] NFC…CKEN_COMBINEBRACKENOUTPUTS -
Plus 7 more processes waiting for tasks…
WARN: [nf-core/taxprofiler] DIAMOND does not accept paired-end files as input. Only read 1 will be used for profiling. Running DIAMOND for sample BWA.19 using only read 1.

executor >  slurm (67)
[-        ] NFC…PROFILER:TAXPROFILER:UNTAR -
[fc/52146e] NFC…AXPROFILER:FASTQC (ALB.17) | 10 of 10 ✔
[-        ] NFC…ORTREAD_FASTP:FASTP_SINGLE -
[ff/f1e2c6] NFC…ASTP:FASTP_PAIRED (ALB.17) | 10 of 10 ✔
[ab/bcc249] NFC…:FASTQC_PROCESSED (ALB.17) | 10 of 10 ✔
[b3/41c43d] NFC…ERING:BBMAP_BBDUK (ALB.17) | 10 of 10 ✔
[f1/25e203] NFC…VAL:BOWTIE2_ALIGN (BWA.19) | 6 of 10
[e5/d8d9c1] NFC…AL:SAMTOOLS_INDEX (BWA.19) | 5 of 6
[02/f1c830] NFC…AL:SAMTOOLS_STATS (AUT.70) | 4 of 5
[35/64a4cf] NFC…IAMOND_BLASTX (db6|BWA.19) | 0 of 6
[-        ] NFC…:KRAKENTOOLS_KREPORT2KRONA -
[-        ] NFC…ON_KRONA:KAIJU_KAIJU2KRONA -
[-        ] NFC…ZATION_KRONA:KRONA_CLEANUP -
[-        ] NFC…N_KRONA:KRONA_KTIMPORTTEXT -
[-        ] NFC…KRONA:MEGAN_RMA2INFO_KRONA -
[-        ] NFC…VISUALIZATION_KRONA:GUNZIP -
[-        ] NFC…ONA:KRONA_KTIMPORTTAXONOMY -
[-        ] NFC…ON_PROFILES:TAXPASTA_MERGE -
[-        ] NFC…FILES:TAXPASTA_STANDARDISE -
[-        ] NFC…CKEN_COMBINEBRACKENOUTPUTS -
Plus 7 more processes waiting for tasks…
WARN: [nf-core/taxprofiler] DIAMOND does not accept paired-end files as input. Only read 1 will be used for profiling. Running DIAMOND for sample BWA.19 using only read 1.

executor >  slurm (67)
[-        ] NFC…PROFILER:TAXPROFILER:UNTAR -
[fc/52146e] NFC…AXPROFILER:FASTQC (ALB.17) | 10 of 10 ✔
[-        ] NFC…ORTREAD_FASTP:FASTP_SINGLE -
[ff/f1e2c6] NFC…ASTP:FASTP_PAIRED (ALB.17) | 10 of 10 ✔
[ab/bcc249] NFC…:FASTQC_PROCESSED (ALB.17) | 10 of 10 ✔
[b3/41c43d] NFC…ERING:BBMAP_BBDUK (ALB.17) | 10 of 10 ✔
[f1/25e203] NFC…VAL:BOWTIE2_ALIGN (BWA.19) | 6 of 10
[e5/d8d9c1] NFC…AL:SAMTOOLS_INDEX (BWA.19) | 5 of 6
[02/f1c830] NFC…AL:SAMTOOLS_STATS (AUT.70) | 5 of 5
[35/64a4cf] NFC…IAMOND_BLASTX (db6|BWA.19) | 0 of 6
[-        ] NFC…:KRAKENTOOLS_KREPORT2KRONA -
[-        ] NFC…ON_KRONA:KAIJU_KAIJU2KRONA -
[-        ] NFC…ZATION_KRONA:KRONA_CLEANUP -
[-        ] NFC…N_KRONA:KRONA_KTIMPORTTEXT -
[-        ] NFC…KRONA:MEGAN_RMA2INFO_KRONA -
[-        ] NFC…VISUALIZATION_KRONA:GUNZIP -
[-        ] NFC…ONA:KRONA_KTIMPORTTAXONOMY -
[-        ] NFC…ON_PROFILES:TAXPASTA_MERGE -
[-        ] NFC…FILES:TAXPASTA_STANDARDISE -
[-        ] NFC…CKEN_COMBINEBRACKENOUTPUTS -
Plus 7 more processes waiting for tasks…
WARN: [nf-core/taxprofiler] DIAMOND does not accept paired-end files as input. Only read 1 will be used for profiling. Running DIAMOND for sample BWA.19 using only read 1.

executor >  slurm (68)
[-        ] NFC…PROFILER:TAXPROFILER:UNTAR -
[fc/52146e] NFC…AXPROFILER:FASTQC (ALB.17) | 10 of 10 ✔
[-        ] NFC…ORTREAD_FASTP:FASTP_SINGLE -
[ff/f1e2c6] NFC…ASTP:FASTP_PAIRED (ALB.17) | 10 of 10 ✔
[ab/bcc249] NFC…:FASTQC_PROCESSED (ALB.17) | 10 of 10 ✔
[b3/41c43d] NFC…ERING:BBMAP_BBDUK (ALB.17) | 10 of 10 ✔
[f1/25e203] NFC…VAL:BOWTIE2_ALIGN (BWA.19) | 6 of 10
[e5/d8d9c1] NFC…AL:SAMTOOLS_INDEX (BWA.19) | 6 of 6
[63/0bb11f] NFC…AL:SAMTOOLS_STATS (BWA.19) | 5 of 6
[35/64a4cf] NFC…IAMOND_BLASTX (db6|BWA.19) | 0 of 6
[-        ] NFC…:KRAKENTOOLS_KREPORT2KRONA -
[-        ] NFC…ON_KRONA:KAIJU_KAIJU2KRONA -
[-        ] NFC…ZATION_KRONA:KRONA_CLEANUP -
[-        ] NFC…N_KRONA:KRONA_KTIMPORTTEXT -
[-        ] NFC…KRONA:MEGAN_RMA2INFO_KRONA -
[-        ] NFC…VISUALIZATION_KRONA:GUNZIP -
[-        ] NFC…ONA:KRONA_KTIMPORTTAXONOMY -
[-        ] NFC…ON_PROFILES:TAXPASTA_MERGE -
[-        ] NFC…FILES:TAXPASTA_STANDARDISE -
[-        ] NFC…CKEN_COMBINEBRACKENOUTPUTS -
Plus 7 more processes waiting for tasks…


executor >  slurm (68)
[-        ] NFC…PROFILER:TAXPROFILER:UNTAR -
[fc/52146e] NFC…AXPROFILER:FASTQC (ALB.17) | 10 of 10 ✔
[-        ] NFC…ORTREAD_FASTP:FASTP_SINGLE -
[ff/f1e2c6] NFC…ASTP:FASTP_PAIRED (ALB.17) | 10 of 10 ✔
[ab/bcc249] NFC…:FASTQC_PROCESSED (ALB.17) | 10 of 10 ✔
[b3/41c43d] NFC…ERING:BBMAP_BBDUK (ALB.17) | 10 of 10 ✔
[f1/25e203] NFC…VAL:BOWTIE2_ALIGN (BWA.19) | 6 of 10
[e5/d8d9c1] NFC…AL:SAMTOOLS_INDEX (BWA.19) | 6 of 6
[63/0bb11f] NFC…AL:SAMTOOLS_STATS (BWA.19) | 5 of 6
[35/64a4cf] NFC…IAMOND_BLASTX (db6|BWA.19) | 0 of 6
[-        ] NFC…:KRAKENTOOLS_KREPORT2KRONA -
[-        ] NFC…ON_KRONA:KAIJU_KAIJU2KRONA -
[-        ] NFC…ZATION_KRONA:KRONA_CLEANUP -
[-        ] NFC…N_KRONA:KRONA_KTIMPORTTEXT -
[-        ] NFC…KRONA:MEGAN_RMA2INFO_KRONA -
[-        ] NFC…VISUALIZATION_KRONA:GUNZIP -
[-        ] NFC…ONA:KRONA_KTIMPORTTAXONOMY -
[-        ] NFC…ON_PROFILES:TAXPASTA_MERGE -
[-        ] NFC…FILES:TAXPASTA_STANDARDISE -
[-        ] NFC…CKEN_COMBINEBRACKENOUTPUTS -
Plus 7 more processes waiting for tasks…


executor >  slurm (70)
[-        ] NFC…PROFILER:TAXPROFILER:UNTAR -
[fc/52146e] NFC…AXPROFILER:FASTQC (ALB.17) | 10 of 10 ✔
[-        ] NFC…ORTREAD_FASTP:FASTP_SINGLE -
[ff/f1e2c6] NFC…ASTP:FASTP_PAIRED (ALB.17) | 10 of 10 ✔
[ab/bcc249] NFC…:FASTQC_PROCESSED (ALB.17) | 10 of 10 ✔
[b3/41c43d] NFC…ERING:BBMAP_BBDUK (ALB.17) | 10 of 10 ✔
[e3/9a2a73] NFC…VAL:BOWTIE2_ALIGN (BRA.53) | 7 of 10
[3d/6a0ad9] NFC…AL:SAMTOOLS_INDEX (BRA.53) | 6 of 7
[63/0bb11f] NFC…AL:SAMTOOLS_STATS (BWA.19) | 5 of 6
[4d/204291] NFC…IAMOND_BLASTX (db6|BRA.53) | 0 of 7
[-        ] NFC…:KRAKENTOOLS_KREPORT2KRONA -
[-        ] NFC…ON_KRONA:KAIJU_KAIJU2KRONA -
[-        ] NFC…ZATION_KRONA:KRONA_CLEANUP -
[-        ] NFC…N_KRONA:KRONA_KTIMPORTTEXT -
[-        ] NFC…KRONA:MEGAN_RMA2INFO_KRONA -
[-        ] NFC…VISUALIZATION_KRONA:GUNZIP -
[-        ] NFC…ONA:KRONA_KTIMPORTTAXONOMY -
[-        ] NFC…ON_PROFILES:TAXPASTA_MERGE -
[-        ] NFC…FILES:TAXPASTA_STANDARDISE -
[-        ] NFC…CKEN_COMBINEBRACKENOUTPUTS -
Plus 7 more processes waiting for tasks…
WARN: [nf-core/taxprofiler] DIAMOND does not accept paired-end files as input. Only read 1 will be used for profiling. Running DIAMOND for sample BRA.53 using only read 1.

executor >  slurm (70)
[-        ] NFC…PROFILER:TAXPROFILER:UNTAR -
[fc/52146e] NFC…AXPROFILER:FASTQC (ALB.17) | 10 of 10 ✔
[-        ] NFC…ORTREAD_FASTP:FASTP_SINGLE -
[ff/f1e2c6] NFC…ASTP:FASTP_PAIRED (ALB.17) | 10 of 10 ✔
[ab/bcc249] NFC…:FASTQC_PROCESSED (ALB.17) | 10 of 10 ✔
[b3/41c43d] NFC…ERING:BBMAP_BBDUK (ALB.17) | 10 of 10 ✔
[e3/9a2a73] NFC…VAL:BOWTIE2_ALIGN (BRA.53) | 7 of 10
[3d/6a0ad9] NFC…AL:SAMTOOLS_INDEX (BRA.53) | 6 of 7
[63/0bb11f] NFC…AL:SAMTOOLS_STATS (BWA.19) | 5 of 6
[4d/204291] NFC…IAMOND_BLASTX (db6|BRA.53) | 0 of 7
[-        ] NFC…:KRAKENTOOLS_KREPORT2KRONA -
[-        ] NFC…ON_KRONA:KAIJU_KAIJU2KRONA -
[-        ] NFC…ZATION_KRONA:KRONA_CLEANUP -
[-        ] NFC…N_KRONA:KRONA_KTIMPORTTEXT -
[-        ] NFC…KRONA:MEGAN_RMA2INFO_KRONA -
[-        ] NFC…VISUALIZATION_KRONA:GUNZIP -
[-        ] NFC…ONA:KRONA_KTIMPORTTAXONOMY -
[-        ] NFC…ON_PROFILES:TAXPASTA_MERGE -
[-        ] NFC…FILES:TAXPASTA_STANDARDISE -
[-        ] NFC…CKEN_COMBINEBRACKENOUTPUTS -
Plus 7 more processes waiting for tasks…
WARN: [nf-core/taxprofiler] DIAMOND does not accept paired-end files as input. Only read 1 will be used for profiling. Running DIAMOND for sample BRA.53 using only read 1.

executor >  slurm (70)
[-        ] NFC…PROFILER:TAXPROFILER:UNTAR -
[fc/52146e] NFC…AXPROFILER:FASTQC (ALB.17) | 10 of 10 ✔
[-        ] NFC…ORTREAD_FASTP:FASTP_SINGLE -
[ff/f1e2c6] NFC…ASTP:FASTP_PAIRED (ALB.17) | 10 of 10 ✔
[ab/bcc249] NFC…:FASTQC_PROCESSED (ALB.17) | 10 of 10 ✔
[b3/41c43d] NFC…ERING:BBMAP_BBDUK (ALB.17) | 10 of 10 ✔
[e3/9a2a73] NFC…VAL:BOWTIE2_ALIGN (BRA.53) | 7 of 10
[3d/6a0ad9] NFC…AL:SAMTOOLS_INDEX (BRA.53) | 6 of 7
[63/0bb11f] NFC…AL:SAMTOOLS_STATS (BWA.19) | 6 of 6
[4d/204291] NFC…IAMOND_BLASTX (db6|BRA.53) | 0 of 7
[-        ] NFC…:KRAKENTOOLS_KREPORT2KRONA -
[-        ] NFC…ON_KRONA:KAIJU_KAIJU2KRONA -
[-        ] NFC…ZATION_KRONA:KRONA_CLEANUP -
[-        ] NFC…N_KRONA:KRONA_KTIMPORTTEXT -
[-        ] NFC…KRONA:MEGAN_RMA2INFO_KRONA -
[-        ] NFC…VISUALIZATION_KRONA:GUNZIP -
[-        ] NFC…ONA:KRONA_KTIMPORTTAXONOMY -
[-        ] NFC…ON_PROFILES:TAXPASTA_MERGE -
[-        ] NFC…FILES:TAXPASTA_STANDARDISE -
[-        ] NFC…CKEN_COMBINEBRACKENOUTPUTS -
Plus 7 more processes waiting for tasks…
WARN: [nf-core/taxprofiler] DIAMOND does not accept paired-end files as input. Only read 1 will be used for profiling. Running DIAMOND for sample BRA.53 using only read 1.

executor >  slurm (71)
[-        ] NFC…PROFILER:TAXPROFILER:UNTAR -
[fc/52146e] NFC…AXPROFILER:FASTQC (ALB.17) | 10 of 10 ✔
[-        ] NFC…ORTREAD_FASTP:FASTP_SINGLE -
[ff/f1e2c6] NFC…ASTP:FASTP_PAIRED (ALB.17) | 10 of 10 ✔
[ab/bcc249] NFC…:FASTQC_PROCESSED (ALB.17) | 10 of 10 ✔
[b3/41c43d] NFC…ERING:BBMAP_BBDUK (ALB.17) | 10 of 10 ✔
[e3/9a2a73] NFC…VAL:BOWTIE2_ALIGN (BRA.53) | 7 of 10
[3d/6a0ad9] NFC…AL:SAMTOOLS_INDEX (BRA.53) | 7 of 7
[d1/56df1d] NFC…AL:SAMTOOLS_STATS (BRA.53) | 6 of 7
[4d/204291] NFC…IAMOND_BLASTX (db6|BRA.53) | 0 of 7
[-        ] NFC…:KRAKENTOOLS_KREPORT2KRONA -
[-        ] NFC…ON_KRONA:KAIJU_KAIJU2KRONA -
[-        ] NFC…ZATION_KRONA:KRONA_CLEANUP -
[-        ] NFC…N_KRONA:KRONA_KTIMPORTTEXT -
[-        ] NFC…KRONA:MEGAN_RMA2INFO_KRONA -
[-        ] NFC…VISUALIZATION_KRONA:GUNZIP -
[-        ] NFC…ONA:KRONA_KTIMPORTTAXONOMY -
[-        ] NFC…ON_PROFILES:TAXPASTA_MERGE -
[-        ] NFC…FILES:TAXPASTA_STANDARDISE -
[-        ] NFC…CKEN_COMBINEBRACKENOUTPUTS -
Plus 7 more processes waiting for tasks…


executor >  slurm (71)
[-        ] NFC…PROFILER:TAXPROFILER:UNTAR -
[fc/52146e] NFC…AXPROFILER:FASTQC (ALB.17) | 10 of 10 ✔
[-        ] NFC…ORTREAD_FASTP:FASTP_SINGLE -
[ff/f1e2c6] NFC…ASTP:FASTP_PAIRED (ALB.17) | 10 of 10 ✔
[ab/bcc249] NFC…:FASTQC_PROCESSED (ALB.17) | 10 of 10 ✔
[b3/41c43d] NFC…ERING:BBMAP_BBDUK (ALB.17) | 10 of 10 ✔
[e3/9a2a73] NFC…VAL:BOWTIE2_ALIGN (BRA.53) | 7 of 10
[3d/6a0ad9] NFC…AL:SAMTOOLS_INDEX (BRA.53) | 7 of 7
[d1/56df1d] NFC…AL:SAMTOOLS_STATS (BRA.53) | 6 of 7
[4d/204291] NFC…IAMOND_BLASTX (db6|BRA.53) | 0 of 7
[-        ] NFC…:KRAKENTOOLS_KREPORT2KRONA -
[-        ] NFC…ON_KRONA:KAIJU_KAIJU2KRONA -
[-        ] NFC…ZATION_KRONA:KRONA_CLEANUP -
[-        ] NFC…N_KRONA:KRONA_KTIMPORTTEXT -
[-        ] NFC…KRONA:MEGAN_RMA2INFO_KRONA -
[-        ] NFC…VISUALIZATION_KRONA:GUNZIP -
[-        ] NFC…ONA:KRONA_KTIMPORTTAXONOMY -
[-        ] NFC…ON_PROFILES:TAXPASTA_MERGE -
[-        ] NFC…FILES:TAXPASTA_STANDARDISE -
[-        ] NFC…CKEN_COMBINEBRACKENOUTPUTS -
Plus 7 more processes waiting for tasks…


executor >  slurm (73)
[-        ] NFC…PROFILER:TAXPROFILER:UNTAR -
[fc/52146e] NFC…AXPROFILER:FASTQC (ALB.17) | 10 of 10 ✔
[-        ] NFC…ORTREAD_FASTP:FASTP_SINGLE -
[ff/f1e2c6] NFC…ASTP:FASTP_PAIRED (ALB.17) | 10 of 10 ✔
[ab/bcc249] NFC…:FASTQC_PROCESSED (ALB.17) | 10 of 10 ✔
[b3/41c43d] NFC…ERING:BBMAP_BBDUK (ALB.17) | 10 of 10 ✔
[c7/be6dce] NFC…VAL:BOWTIE2_ALIGN (BGR.66) | 8 of 10
[ae/06c44a] NFC…AL:SAMTOOLS_INDEX (BGR.66) | 7 of 8
[d1/56df1d] NFC…AL:SAMTOOLS_STATS (BRA.53) | 6 of 7
[36/92ff1e] NFC…IAMOND_BLASTX (db6|BGR.66) | 0 of 8
[-        ] NFC…:KRAKENTOOLS_KREPORT2KRONA -
[-        ] NFC…ON_KRONA:KAIJU_KAIJU2KRONA -
[-        ] NFC…ZATION_KRONA:KRONA_CLEANUP -
[-        ] NFC…N_KRONA:KRONA_KTIMPORTTEXT -
[-        ] NFC…KRONA:MEGAN_RMA2INFO_KRONA -
[-        ] NFC…VISUALIZATION_KRONA:GUNZIP -
[-        ] NFC…ONA:KRONA_KTIMPORTTAXONOMY -
[-        ] NFC…ON_PROFILES:TAXPASTA_MERGE -
[-        ] NFC…FILES:TAXPASTA_STANDARDISE -
[-        ] NFC…CKEN_COMBINEBRACKENOUTPUTS -
Plus 7 more processes waiting for tasks…
WARN: [nf-core/taxprofiler] DIAMOND does not accept paired-end files as input. Only read 1 will be used for profiling. Running DIAMOND for sample BGR.66 using only read 1.

executor >  slurm (73)
[-        ] NFC…PROFILER:TAXPROFILER:UNTAR -
[fc/52146e] NFC…AXPROFILER:FASTQC (ALB.17) | 10 of 10 ✔
[-        ] NFC…ORTREAD_FASTP:FASTP_SINGLE -
[ff/f1e2c6] NFC…ASTP:FASTP_PAIRED (ALB.17) | 10 of 10 ✔
[ab/bcc249] NFC…:FASTQC_PROCESSED (ALB.17) | 10 of 10 ✔
[b3/41c43d] NFC…ERING:BBMAP_BBDUK (ALB.17) | 10 of 10 ✔
[c7/be6dce] NFC…VAL:BOWTIE2_ALIGN (BGR.66) | 8 of 10
[ae/06c44a] NFC…AL:SAMTOOLS_INDEX (BGR.66) | 7 of 8
[d1/56df1d] NFC…AL:SAMTOOLS_STATS (BRA.53) | 6 of 7
[36/92ff1e] NFC…IAMOND_BLASTX (db6|BGR.66) | 0 of 8
[-        ] NFC…:KRAKENTOOLS_KREPORT2KRONA -
[-        ] NFC…ON_KRONA:KAIJU_KAIJU2KRONA -
[-        ] NFC…ZATION_KRONA:KRONA_CLEANUP -
[-        ] NFC…N_KRONA:KRONA_KTIMPORTTEXT -
[-        ] NFC…KRONA:MEGAN_RMA2INFO_KRONA -
[-        ] NFC…VISUALIZATION_KRONA:GUNZIP -
[-        ] NFC…ONA:KRONA_KTIMPORTTAXONOMY -
[-        ] NFC…ON_PROFILES:TAXPASTA_MERGE -
[-        ] NFC…FILES:TAXPASTA_STANDARDISE -
[-        ] NFC…CKEN_COMBINEBRACKENOUTPUTS -
Plus 7 more processes waiting for tasks…
WARN: [nf-core/taxprofiler] DIAMOND does not accept paired-end files as input. Only read 1 will be used for profiling. Running DIAMOND for sample BGR.66 using only read 1.

executor >  slurm (73)
[-        ] NFC…PROFILER:TAXPROFILER:UNTAR -
[fc/52146e] NFC…AXPROFILER:FASTQC (ALB.17) | 10 of 10 ✔
[-        ] NFC…ORTREAD_FASTP:FASTP_SINGLE -
[ff/f1e2c6] NFC…ASTP:FASTP_PAIRED (ALB.17) | 10 of 10 ✔
[ab/bcc249] NFC…:FASTQC_PROCESSED (ALB.17) | 10 of 10 ✔
[b3/41c43d] NFC…ERING:BBMAP_BBDUK (ALB.17) | 10 of 10 ✔
[c7/be6dce] NFC…VAL:BOWTIE2_ALIGN (BGR.66) | 8 of 10
[ae/06c44a] NFC…AL:SAMTOOLS_INDEX (BGR.66) | 7 of 8
[d1/56df1d] NFC…AL:SAMTOOLS_STATS (BRA.53) | 7 of 7
[36/92ff1e] NFC…IAMOND_BLASTX (db6|BGR.66) | 0 of 8
[-        ] NFC…:KRAKENTOOLS_KREPORT2KRONA -
[-        ] NFC…ON_KRONA:KAIJU_KAIJU2KRONA -
[-        ] NFC…ZATION_KRONA:KRONA_CLEANUP -
[-        ] NFC…N_KRONA:KRONA_KTIMPORTTEXT -
[-        ] NFC…KRONA:MEGAN_RMA2INFO_KRONA -
[-        ] NFC…VISUALIZATION_KRONA:GUNZIP -
[-        ] NFC…ONA:KRONA_KTIMPORTTAXONOMY -
[-        ] NFC…ON_PROFILES:TAXPASTA_MERGE -
[-        ] NFC…FILES:TAXPASTA_STANDARDISE -
[-        ] NFC…CKEN_COMBINEBRACKENOUTPUTS -
Plus 7 more processes waiting for tasks…


executor >  slurm (74)
[-        ] NFC…PROFILER:TAXPROFILER:UNTAR -
[fc/52146e] NFC…AXPROFILER:FASTQC (ALB.17) | 10 of 10 ✔
[-        ] NFC…ORTREAD_FASTP:FASTP_SINGLE -
[ff/f1e2c6] NFC…ASTP:FASTP_PAIRED (ALB.17) | 10 of 10 ✔
[ab/bcc249] NFC…:FASTQC_PROCESSED (ALB.17) | 10 of 10 ✔
[b3/41c43d] NFC…ERING:BBMAP_BBDUK (ALB.17) | 10 of 10 ✔
[c7/be6dce] NFC…VAL:BOWTIE2_ALIGN (BGR.66) | 8 of 10
[ae/06c44a] NFC…AL:SAMTOOLS_INDEX (BGR.66) | 8 of 8
[64/11c2df] NFC…AL:SAMTOOLS_STATS (BGR.66) | 7 of 8
[36/92ff1e] NFC…IAMOND_BLASTX (db6|BGR.66) | 0 of 8
[-        ] NFC…:KRAKENTOOLS_KREPORT2KRONA -
[-        ] NFC…ON_KRONA:KAIJU_KAIJU2KRONA -
[-        ] NFC…ZATION_KRONA:KRONA_CLEANUP -
[-        ] NFC…N_KRONA:KRONA_KTIMPORTTEXT -
[-        ] NFC…KRONA:MEGAN_RMA2INFO_KRONA -
[-        ] NFC…VISUALIZATION_KRONA:GUNZIP -
[-        ] NFC…ONA:KRONA_KTIMPORTTAXONOMY -
[-        ] NFC…ON_PROFILES:TAXPASTA_MERGE -
[-        ] NFC…FILES:TAXPASTA_STANDARDISE -
[-        ] NFC…CKEN_COMBINEBRACKENOUTPUTS -
Plus 7 more processes waiting for tasks…


executor >  slurm (74)
[-        ] NFC…PROFILER:TAXPROFILER:UNTAR -
[fc/52146e] NFC…AXPROFILER:FASTQC (ALB.17) | 10 of 10 ✔
[-        ] NFC…ORTREAD_FASTP:FASTP_SINGLE -
[ff/f1e2c6] NFC…ASTP:FASTP_PAIRED (ALB.17) | 10 of 10 ✔
[ab/bcc249] NFC…:FASTQC_PROCESSED (ALB.17) | 10 of 10 ✔
[b3/41c43d] NFC…ERING:BBMAP_BBDUK (ALB.17) | 10 of 10 ✔
[c7/be6dce] NFC…VAL:BOWTIE2_ALIGN (BGR.66) | 8 of 10
[ae/06c44a] NFC…AL:SAMTOOLS_INDEX (BGR.66) | 8 of 8
[64/11c2df] NFC…AL:SAMTOOLS_STATS (BGR.66) | 7 of 8
[36/92ff1e] NFC…IAMOND_BLASTX (db6|BGR.66) | 0 of 8
[-        ] NFC…:KRAKENTOOLS_KREPORT2KRONA -
[-        ] NFC…ON_KRONA:KAIJU_KAIJU2KRONA -
[-        ] NFC…ZATION_KRONA:KRONA_CLEANUP -
[-        ] NFC…N_KRONA:KRONA_KTIMPORTTEXT -
[-        ] NFC…KRONA:MEGAN_RMA2INFO_KRONA -
[-        ] NFC…VISUALIZATION_KRONA:GUNZIP -
[-        ] NFC…ONA:KRONA_KTIMPORTTAXONOMY -
[-        ] NFC…ON_PROFILES:TAXPASTA_MERGE -
[-        ] NFC…FILES:TAXPASTA_STANDARDISE -
[-        ] NFC…CKEN_COMBINEBRACKENOUTPUTS -
Plus 7 more processes waiting for tasks…

executor >  slurm (74)
[-        ] NFC…PROFILER:TAXPROFILER:UNTAR -
[fc/52146e] NFC…AXPROFILER:FASTQC (ALB.17) | 10 of 10 ✔
[-        ] NFC…ORTREAD_FASTP:FASTP_SINGLE -
[ff/f1e2c6] NFC…ASTP:FASTP_PAIRED (ALB.17) | 10 of 10 ✔
[ab/bcc249] NFC…:FASTQC_PROCESSED (ALB.17) | 10 of 10 ✔
[b3/41c43d] NFC…ERING:BBMAP_BBDUK (ALB.17) | 10 of 10 ✔
[c7/be6dce] NFC…VAL:BOWTIE2_ALIGN (BGR.66) | 8 of 10
[ae/06c44a] NFC…AL:SAMTOOLS_INDEX (BGR.66) | 8 of 8
[64/11c2df] NFC…AL:SAMTOOLS_STATS (BGR.66) | 8 of 8
[36/92ff1e] NFC…IAMOND_BLASTX (db6|BGR.66) | 0 of 8
[-        ] NFC…:KRAKENTOOLS_KREPORT2KRONA -
[-        ] NFC…ON_KRONA:KAIJU_KAIJU2KRONA -
[-        ] NFC…ZATION_KRONA:KRONA_CLEANUP -
[-        ] NFC…N_KRONA:KRONA_KTIMPORTTEXT -
[-        ] NFC…KRONA:MEGAN_RMA2INFO_KRONA -
[-        ] NFC…VISUALIZATION_KRONA:GUNZIP -
[-        ] NFC…ONA:KRONA_KTIMPORTTAXONOMY -
[-        ] NFC…ON_PROFILES:TAXPASTA_MERGE -
[-        ] NFC…FILES:TAXPASTA_STANDARDISE -
[-        ] NFC…CKEN_COMBINEBRACKENOUTPUTS -
Plus 7 more processes waiting for tasks…

executor >  slurm (74)
[-        ] NFC…PROFILER:TAXPROFILER:UNTAR -
[fc/52146e] NFC…AXPROFILER:FASTQC (ALB.17) | 10 of 10 ✔
[-        ] NFC…ORTREAD_FASTP:FASTP_SINGLE -
[ff/f1e2c6] NFC…ASTP:FASTP_PAIRED (ALB.17) | 10 of 10 ✔
[ab/bcc249] NFC…:FASTQC_PROCESSED (ALB.17) | 10 of 10 ✔
[b3/41c43d] NFC…ERING:BBMAP_BBDUK (ALB.17) | 10 of 10 ✔
[c7/be6dce] NFC…VAL:BOWTIE2_ALIGN (BGR.66) | 8 of 10
[ae/06c44a] NFC…AL:SAMTOOLS_INDEX (BGR.66) | 8 of 8
[64/11c2df] NFC…AL:SAMTOOLS_STATS (BGR.66) | 8 of 8
[36/92ff1e] NFC…IAMOND_BLASTX (db6|BGR.66) | 0 of 8
[-        ] NFC…:KRAKENTOOLS_KREPORT2KRONA -
[-        ] NFC…ON_KRONA:KAIJU_KAIJU2KRONA -
[-        ] NFC…ZATION_KRONA:KRONA_CLEANUP -
[-        ] NFC…N_KRONA:KRONA_KTIMPORTTEXT -
[-        ] NFC…KRONA:MEGAN_RMA2INFO_KRONA -
[-        ] NFC…VISUALIZATION_KRONA:GUNZIP -
[-        ] NFC…ONA:KRONA_KTIMPORTTAXONOMY -
[-        ] NFC…ON_PROFILES:TAXPASTA_MERGE -
[-        ] NFC…FILES:TAXPASTA_STANDARDISE -
[-        ] NFC…CKEN_COMBINEBRACKENOUTPUTS -
Plus 7 more processes waiting for tasks…
WARN: [nf-core/taxprofiler] DIAMOND does not accept paired-end files as input. Only read 1 will be used for profiling. Running DIAMOND for sample BRA.53a using only read 1.

executor >  slurm (76)
[-        ] NFC…PROFILER:TAXPROFILER:UNTAR -
[fc/52146e] NFC…AXPROFILER:FASTQC (ALB.17) | 10 of 10 ✔
[-        ] NFC…ORTREAD_FASTP:FASTP_SINGLE -
[ff/f1e2c6] NFC…ASTP:FASTP_PAIRED (ALB.17) | 10 of 10 ✔
[ab/bcc249] NFC…:FASTQC_PROCESSED (ALB.17) | 10 of 10 ✔
[b3/41c43d] NFC…ERING:BBMAP_BBDUK (ALB.17) | 10 of 10 ✔
[97/c41c84] NFC…AL:BOWTIE2_ALIGN (BRA.53a) | 9 of 10
[b0/de55e9] NFC…L:SAMTOOLS_INDEX (BRA.53a) | 8 of 9
[64/11c2df] NFC…AL:SAMTOOLS_STATS (BGR.66) | 8 of 8
[7f/b892ea] NFC…AMOND_BLASTX (db6|BRA.53a) | 0 of 9
[-        ] NFC…:KRAKENTOOLS_KREPORT2KRONA -
[-        ] NFC…ON_KRONA:KAIJU_KAIJU2KRONA -
[-        ] NFC…ZATION_KRONA:KRONA_CLEANUP -
[-        ] NFC…N_KRONA:KRONA_KTIMPORTTEXT -
[-        ] NFC…KRONA:MEGAN_RMA2INFO_KRONA -
[-        ] NFC…VISUALIZATION_KRONA:GUNZIP -
[-        ] NFC…ONA:KRONA_KTIMPORTTAXONOMY -
[-        ] NFC…ON_PROFILES:TAXPASTA_MERGE -
[-        ] NFC…FILES:TAXPASTA_STANDARDISE -
[-        ] NFC…CKEN_COMBINEBRACKENOUTPUTS -
Plus 7 more processes waiting for tasks…
WARN: [nf-core/taxprofiler] DIAMOND does not accept paired-end files as input. Only read 1 will be used for profiling. Running DIAMOND for sample BRA.53a using only read 1.

executor >  slurm (76)
[-        ] NFC…PROFILER:TAXPROFILER:UNTAR -
[fc/52146e] NFC…AXPROFILER:FASTQC (ALB.17) | 10 of 10 ✔
[-        ] NFC…ORTREAD_FASTP:FASTP_SINGLE -
[ff/f1e2c6] NFC…ASTP:FASTP_PAIRED (ALB.17) | 10 of 10 ✔
[ab/bcc249] NFC…:FASTQC_PROCESSED (ALB.17) | 10 of 10 ✔
[b3/41c43d] NFC…ERING:BBMAP_BBDUK (ALB.17) | 10 of 10 ✔
[97/c41c84] NFC…AL:BOWTIE2_ALIGN (BRA.53a) | 9 of 10
[b0/de55e9] NFC…L:SAMTOOLS_INDEX (BRA.53a) | 8 of 9
[64/11c2df] NFC…AL:SAMTOOLS_STATS (BGR.66) | 8 of 8
[7f/b892ea] NFC…AMOND_BLASTX (db6|BRA.53a) | 0 of 9
[-        ] NFC…:KRAKENTOOLS_KREPORT2KRONA -
[-        ] NFC…ON_KRONA:KAIJU_KAIJU2KRONA -
[-        ] NFC…ZATION_KRONA:KRONA_CLEANUP -
[-        ] NFC…N_KRONA:KRONA_KTIMPORTTEXT -
[-        ] NFC…KRONA:MEGAN_RMA2INFO_KRONA -
[-        ] NFC…VISUALIZATION_KRONA:GUNZIP -
[-        ] NFC…ONA:KRONA_KTIMPORTTAXONOMY -
[-        ] NFC…ON_PROFILES:TAXPASTA_MERGE -
[-        ] NFC…FILES:TAXPASTA_STANDARDISE -
[-        ] NFC…CKEN_COMBINEBRACKENOUTPUTS -
Plus 7 more processes waiting for tasks…
WARN: [nf-core/taxprofiler] DIAMOND does not accept paired-end files as input. Only read 1 will be used for profiling. Running DIAMOND for sample BRA.53a using only read 1.

executor >  slurm (76)
[-        ] NFC…PROFILER:TAXPROFILER:UNTAR -
[fc/52146e] NFC…AXPROFILER:FASTQC (ALB.17) | 10 of 10 ✔
[-        ] NFC…ORTREAD_FASTP:FASTP_SINGLE -
[ff/f1e2c6] NFC…ASTP:FASTP_PAIRED (ALB.17) | 10 of 10 ✔
[ab/bcc249] NFC…:FASTQC_PROCESSED (ALB.17) | 10 of 10 ✔
[b3/41c43d] NFC…ERING:BBMAP_BBDUK (ALB.17) | 10 of 10 ✔
[97/c41c84] NFC…AL:BOWTIE2_ALIGN (BRA.53a) | 9 of 10
[b0/de55e9] NFC…L:SAMTOOLS_INDEX (BRA.53a) | 8 of 9
[64/11c2df] NFC…AL:SAMTOOLS_STATS (BGR.66) | 8 of 9
[7f/b892ea] NFC…AMOND_BLASTX (db6|BRA.53a) | 0 of 9
[-        ] NFC…:KRAKENTOOLS_KREPORT2KRONA -
[-        ] NFC…ON_KRONA:KAIJU_KAIJU2KRONA -
[-        ] NFC…ZATION_KRONA:KRONA_CLEANUP -
[-        ] NFC…N_KRONA:KRONA_KTIMPORTTEXT -
[-        ] NFC…KRONA:MEGAN_RMA2INFO_KRONA -
[-        ] NFC…VISUALIZATION_KRONA:GUNZIP -
[-        ] NFC…ONA:KRONA_KTIMPORTTAXONOMY -
[-        ] NFC…ON_PROFILES:TAXPASTA_MERGE -
[-        ] NFC…FILES:TAXPASTA_STANDARDISE -
[-        ] NFC…CKEN_COMBINEBRACKENOUTPUTS -
Plus 7 more processes waiting for tasks…


executor >  slurm (77)
[-        ] NFC…PROFILER:TAXPROFILER:UNTAR -
[fc/52146e] NFC…AXPROFILER:FASTQC (ALB.17) | 10 of 10 ✔
[-        ] NFC…ORTREAD_FASTP:FASTP_SINGLE -
[ff/f1e2c6] NFC…ASTP:FASTP_PAIRED (ALB.17) | 10 of 10 ✔
[ab/bcc249] NFC…:FASTQC_PROCESSED (ALB.17) | 10 of 10 ✔
[b3/41c43d] NFC…ERING:BBMAP_BBDUK (ALB.17) | 10 of 10 ✔
[97/c41c84] NFC…AL:BOWTIE2_ALIGN (BRA.53a) | 9 of 10
[b0/de55e9] NFC…L:SAMTOOLS_INDEX (BRA.53a) | 9 of 9
[47/675fbe] NFC…L:SAMTOOLS_STATS (BRA.53a) | 8 of 9
[7f/b892ea] NFC…AMOND_BLASTX (db6|BRA.53a) | 0 of 9
[-        ] NFC…:KRAKENTOOLS_KREPORT2KRONA -
[-        ] NFC…ON_KRONA:KAIJU_KAIJU2KRONA -
[-        ] NFC…ZATION_KRONA:KRONA_CLEANUP -
[-        ] NFC…N_KRONA:KRONA_KTIMPORTTEXT -
[-        ] NFC…KRONA:MEGAN_RMA2INFO_KRONA -
[-        ] NFC…VISUALIZATION_KRONA:GUNZIP -
[-        ] NFC…ONA:KRONA_KTIMPORTTAXONOMY -
[-        ] NFC…ON_PROFILES:TAXPASTA_MERGE -
[-        ] NFC…FILES:TAXPASTA_STANDARDISE -
[-        ] NFC…CKEN_COMBINEBRACKENOUTPUTS -
Plus 7 more processes waiting for tasks…


executor >  slurm (77)
[-        ] NFC…PROFILER:TAXPROFILER:UNTAR -
[fc/52146e] NFC…AXPROFILER:FASTQC (ALB.17) | 10 of 10 ✔
[-        ] NFC…ORTREAD_FASTP:FASTP_SINGLE -
[ff/f1e2c6] NFC…ASTP:FASTP_PAIRED (ALB.17) | 10 of 10 ✔
[ab/bcc249] NFC…:FASTQC_PROCESSED (ALB.17) | 10 of 10 ✔
[b3/41c43d] NFC…ERING:BBMAP_BBDUK (ALB.17) | 10 of 10 ✔
[97/c41c84] NFC…AL:BOWTIE2_ALIGN (BRA.53a) | 9 of 10
[b0/de55e9] NFC…L:SAMTOOLS_INDEX (BRA.53a) | 9 of 9
[47/675fbe] NFC…L:SAMTOOLS_STATS (BRA.53a) | 8 of 9
[7f/b892ea] NFC…AMOND_BLASTX (db6|BRA.53a) | 0 of 9
[-        ] NFC…:KRAKENTOOLS_KREPORT2KRONA -
[-        ] NFC…ON_KRONA:KAIJU_KAIJU2KRONA -
[-        ] NFC…ZATION_KRONA:KRONA_CLEANUP -
[-        ] NFC…N_KRONA:KRONA_KTIMPORTTEXT -
[-        ] NFC…KRONA:MEGAN_RMA2INFO_KRONA -
[-        ] NFC…VISUALIZATION_KRONA:GUNZIP -
[-        ] NFC…ONA:KRONA_KTIMPORTTAXONOMY -
[-        ] NFC…ON_PROFILES:TAXPASTA_MERGE -
[-        ] NFC…FILES:TAXPASTA_STANDARDISE -
[-        ] NFC…CKEN_COMBINEBRACKENOUTPUTS -
Plus 7 more processes waiting for tasks…

executor >  slurm (79)
[-        ] NFC…PROFILER:TAXPROFILER:UNTAR -
[fc/52146e] NFC…AXPROFILER:FASTQC (ALB.17) | 10 of 10 ✔
[-        ] NFC…ORTREAD_FASTP:FASTP_SINGLE -
[ff/f1e2c6] NFC…ASTP:FASTP_PAIRED (ALB.17) | 10 of 10 ✔
[ab/bcc249] NFC…:FASTQC_PROCESSED (ALB.17) | 10 of 10 ✔
[b3/41c43d] NFC…ERING:BBMAP_BBDUK (ALB.17) | 10 of 10 ✔
[97/c41c84] NFC…AL:BOWTIE2_ALIGN (BRA.53a) | 9 of 10 ✔
[b2/217f38] NFC…AL:SAMTOOLS_INDEX (ALB.17) | 9 of 10
[47/675fbe] NFC…L:SAMTOOLS_STATS (BRA.53a) | 8 of 9
[0c/93bae5] NFC…IAMOND_BLASTX (db6|ALB.17) | 0 of 10
[-        ] NFC…:KRAKENTOOLS_KREPORT2KRONA -
[-        ] NFC…ON_KRONA:KAIJU_KAIJU2KRONA -
[-        ] NFC…ZATION_KRONA:KRONA_CLEANUP -
[-        ] NFC…N_KRONA:KRONA_KTIMPORTTEXT -
[-        ] NFC…KRONA:MEGAN_RMA2INFO_KRONA -
[-        ] NFC…VISUALIZATION_KRONA:GUNZIP -
[-        ] NFC…ONA:KRONA_KTIMPORTTAXONOMY -
[-        ] NFC…ON_PROFILES:TAXPASTA_MERGE -
[-        ] NFC…FILES:TAXPASTA_STANDARDISE -
[-        ] NFC…CKEN_COMBINEBRACKENOUTPUTS -
Plus 7 more processes waiting for tasks…
WARN: [nf-core/taxprofiler] DIAMOND does not accept paired-end files as input. Only read 1 will be used for profiling. Running DIAMOND for sample ALB.17 using only read 1.

executor >  slurm (79)
[-        ] NFC…PROFILER:TAXPROFILER:UNTAR -
[fc/52146e] NFC…AXPROFILER:FASTQC (ALB.17) | 10 of 10 ✔
[-        ] NFC…ORTREAD_FASTP:FASTP_SINGLE -
[ff/f1e2c6] NFC…ASTP:FASTP_PAIRED (ALB.17) | 10 of 10 ✔
[ab/bcc249] NFC…:FASTQC_PROCESSED (ALB.17) | 10 of 10 ✔
[b3/41c43d] NFC…ERING:BBMAP_BBDUK (ALB.17) | 10 of 10 ✔
[6b/935f2f] NFC…VAL:BOWTIE2_ALIGN (ALB.17) | 10 of 10 ✔
[b2/217f38] NFC…AL:SAMTOOLS_INDEX (ALB.17) | 9 of 10
[47/675fbe] NFC…L:SAMTOOLS_STATS (BRA.53a) | 8 of 9
[0c/93bae5] NFC…IAMOND_BLASTX (db6|ALB.17) | 0 of 10
[-        ] NFC…:KRAKENTOOLS_KREPORT2KRONA -
[-        ] NFC…ON_KRONA:KAIJU_KAIJU2KRONA -
[-        ] NFC…ZATION_KRONA:KRONA_CLEANUP -
[-        ] NFC…N_KRONA:KRONA_KTIMPORTTEXT -
[-        ] NFC…KRONA:MEGAN_RMA2INFO_KRONA -
[-        ] NFC…VISUALIZATION_KRONA:GUNZIP -
[-        ] NFC…ONA:KRONA_KTIMPORTTAXONOMY -
[-        ] NFC…ON_PROFILES:TAXPASTA_MERGE -
[-        ] NFC…FILES:TAXPASTA_STANDARDISE -
[-        ] NFC…CKEN_COMBINEBRACKENOUTPUTS -
Plus 7 more processes waiting for tasks…
WARN: [nf-core/taxprofiler] DIAMOND does not accept paired-end files as input. Only read 1 will be used for profiling. Running DIAMOND for sample ALB.17 using only read 1.

executor >  slurm (79)
[-        ] NFC…PROFILER:TAXPROFILER:UNTAR -
[fc/52146e] NFC…AXPROFILER:FASTQC (ALB.17) | 10 of 10 ✔
[-        ] NFC…ORTREAD_FASTP:FASTP_SINGLE -
[ff/f1e2c6] NFC…ASTP:FASTP_PAIRED (ALB.17) | 10 of 10 ✔
[ab/bcc249] NFC…:FASTQC_PROCESSED (ALB.17) | 10 of 10 ✔
[b3/41c43d] NFC…ERING:BBMAP_BBDUK (ALB.17) | 10 of 10 ✔
[6b/935f2f] NFC…VAL:BOWTIE2_ALIGN (ALB.17) | 10 of 10 ✔
[b2/217f38] NFC…AL:SAMTOOLS_INDEX (ALB.17) | 9 of 10
[47/675fbe] NFC…L:SAMTOOLS_STATS (BRA.53a) | 8 of 9
[0c/93bae5] NFC…IAMOND_BLASTX (db6|ALB.17) | 0 of 10
[-        ] NFC…:KRAKENTOOLS_KREPORT2KRONA -
[-        ] NFC…ON_KRONA:KAIJU_KAIJU2KRONA -
[-        ] NFC…ZATION_KRONA:KRONA_CLEANUP -
[-        ] NFC…N_KRONA:KRONA_KTIMPORTTEXT -
[-        ] NFC…KRONA:MEGAN_RMA2INFO_KRONA -
[-        ] NFC…VISUALIZATION_KRONA:GUNZIP -
[-        ] NFC…ONA:KRONA_KTIMPORTTAXONOMY -
[-        ] NFC…ON_PROFILES:TAXPASTA_MERGE -
[-        ] NFC…FILES:TAXPASTA_STANDARDISE -
[-        ] NFC…CKEN_COMBINEBRACKENOUTPUTS -
Plus 7 more processes waiting for tasks…
WARN: [nf-core/taxprofiler] DIAMOND does not accept paired-end files as input. Only read 1 will be used for profiling. Running DIAMOND for sample ALB.17 using only read 1.

executor >  slurm (79)
[-        ] NFC…PROFILER:TAXPROFILER:UNTAR -
[fc/52146e] NFC…AXPROFILER:FASTQC (ALB.17) | 10 of 10 ✔
[-        ] NFC…ORTREAD_FASTP:FASTP_SINGLE -
[ff/f1e2c6] NFC…ASTP:FASTP_PAIRED (ALB.17) | 10 of 10 ✔
[ab/bcc249] NFC…:FASTQC_PROCESSED (ALB.17) | 10 of 10 ✔
[b3/41c43d] NFC…ERING:BBMAP_BBDUK (ALB.17) | 10 of 10 ✔
[6b/935f2f] NFC…VAL:BOWTIE2_ALIGN (ALB.17) | 10 of 10 ✔
[b2/217f38] NFC…AL:SAMTOOLS_INDEX (ALB.17) | 9 of 10
[47/675fbe] NFC…L:SAMTOOLS_STATS (BRA.53a) | 9 of 9
[0c/93bae5] NFC…IAMOND_BLASTX (db6|ALB.17) | 0 of 10
[-        ] NFC…:KRAKENTOOLS_KREPORT2KRONA -
[-        ] NFC…ON_KRONA:KAIJU_KAIJU2KRONA -
[-        ] NFC…ZATION_KRONA:KRONA_CLEANUP -
[-        ] NFC…N_KRONA:KRONA_KTIMPORTTEXT -
[-        ] NFC…KRONA:MEGAN_RMA2INFO_KRONA -
[-        ] NFC…VISUALIZATION_KRONA:GUNZIP -
[-        ] NFC…ONA:KRONA_KTIMPORTTAXONOMY -
[-        ] NFC…ON_PROFILES:TAXPASTA_MERGE -
[-        ] NFC…FILES:TAXPASTA_STANDARDISE -
[-        ] NFC…CKEN_COMBINEBRACKENOUTPUTS -
Plus 7 more processes waiting for tasks…


executor >  slurm (79)
[-        ] NFC…PROFILER:TAXPROFILER:UNTAR -
[fc/52146e] NFC…AXPROFILER:FASTQC (ALB.17) | 10 of 10 ✔
[-        ] NFC…ORTREAD_FASTP:FASTP_SINGLE -
[ff/f1e2c6] NFC…ASTP:FASTP_PAIRED (ALB.17) | 10 of 10 ✔
[ab/bcc249] NFC…:FASTQC_PROCESSED (ALB.17) | 10 of 10 ✔
[b3/41c43d] NFC…ERING:BBMAP_BBDUK (ALB.17) | 10 of 10 ✔
[6b/935f2f] NFC…VAL:BOWTIE2_ALIGN (ALB.17) | 10 of 10 ✔
[b2/217f38] NFC…AL:SAMTOOLS_INDEX (ALB.17) | 9 of 10 ✔
[47/675fbe] NFC…L:SAMTOOLS_STATS (BRA.53a) | 9 of 9
[0c/93bae5] NFC…IAMOND_BLASTX (db6|ALB.17) | 0 of 10
[-        ] NFC…:KRAKENTOOLS_KREPORT2KRONA -
[-        ] NFC…ON_KRONA:KAIJU_KAIJU2KRONA -
[-        ] NFC…ZATION_KRONA:KRONA_CLEANUP -
[-        ] NFC…N_KRONA:KRONA_KTIMPORTTEXT -
[-        ] NFC…KRONA:MEGAN_RMA2INFO_KRONA -
[-        ] NFC…VISUALIZATION_KRONA:GUNZIP -
[-        ] NFC…ONA:KRONA_KTIMPORTTAXONOMY -
[-        ] NFC…ON_PROFILES:TAXPASTA_MERGE -
[-        ] NFC…FILES:TAXPASTA_STANDARDISE -
[-        ] NFC…CKEN_COMBINEBRACKENOUTPUTS -
Plus 7 more processes waiting for tasks…


executor >  slurm (80)
[-        ] NFC…PROFILER:TAXPROFILER:UNTAR -
[fc/52146e] NFC…AXPROFILER:FASTQC (ALB.17) | 10 of 10 ✔
[-        ] NFC…ORTREAD_FASTP:FASTP_SINGLE -
[ff/f1e2c6] NFC…ASTP:FASTP_PAIRED (ALB.17) | 10 of 10 ✔
[ab/bcc249] NFC…:FASTQC_PROCESSED (ALB.17) | 10 of 10 ✔
[b3/41c43d] NFC…ERING:BBMAP_BBDUK (ALB.17) | 10 of 10 ✔
[6b/935f2f] NFC…VAL:BOWTIE2_ALIGN (ALB.17) | 10 of 10 ✔
[b2/217f38] NFC…AL:SAMTOOLS_INDEX (ALB.17) | 10 of 10 ✔
[9c/e1f6f9] NFC…AL:SAMTOOLS_STATS (ALB.17) | 9 of 10
[0c/93bae5] NFC…IAMOND_BLASTX (db6|ALB.17) | 0 of 10
[-        ] NFC…:KRAKENTOOLS_KREPORT2KRONA -
[-        ] NFC…ON_KRONA:KAIJU_KAIJU2KRONA -
[-        ] NFC…ZATION_KRONA:KRONA_CLEANUP -
[-        ] NFC…N_KRONA:KRONA_KTIMPORTTEXT -
[-        ] NFC…KRONA:MEGAN_RMA2INFO_KRONA -
[-        ] NFC…VISUALIZATION_KRONA:GUNZIP -
[-        ] NFC…ONA:KRONA_KTIMPORTTAXONOMY -
[-        ] NFC…ON_PROFILES:TAXPASTA_MERGE -
[-        ] NFC…FILES:TAXPASTA_STANDARDISE -
[-        ] NFC…CKEN_COMBINEBRACKENOUTPUTS -
Plus 7 more processes waiting for tasks…

executor >  slurm (80)
[-        ] NFC…PROFILER:TAXPROFILER:UNTAR -
[fc/52146e] NFC…AXPROFILER:FASTQC (ALB.17) | 10 of 10 ✔
[-        ] NFC…ORTREAD_FASTP:FASTP_SINGLE -
[ff/f1e2c6] NFC…ASTP:FASTP_PAIRED (ALB.17) | 10 of 10 ✔
[ab/bcc249] NFC…:FASTQC_PROCESSED (ALB.17) | 10 of 10 ✔
[b3/41c43d] NFC…ERING:BBMAP_BBDUK (ALB.17) | 10 of 10 ✔
[6b/935f2f] NFC…VAL:BOWTIE2_ALIGN (ALB.17) | 10 of 10 ✔
[b2/217f38] NFC…AL:SAMTOOLS_INDEX (ALB.17) | 10 of 10 ✔
[9c/e1f6f9] NFC…AL:SAMTOOLS_STATS (ALB.17) | 9 of 10
[0c/93bae5] NFC…IAMOND_BLASTX (db6|ALB.17) | 0 of 10
[-        ] NFC…:KRAKENTOOLS_KREPORT2KRONA -
[-        ] NFC…ON_KRONA:KAIJU_KAIJU2KRONA -
[-        ] NFC…ZATION_KRONA:KRONA_CLEANUP -
[-        ] NFC…N_KRONA:KRONA_KTIMPORTTEXT -
[-        ] NFC…KRONA:MEGAN_RMA2INFO_KRONA -
[-        ] NFC…VISUALIZATION_KRONA:GUNZIP -
[-        ] NFC…ONA:KRONA_KTIMPORTTAXONOMY -
[-        ] NFC…ON_PROFILES:TAXPASTA_MERGE -
[-        ] NFC…FILES:TAXPASTA_STANDARDISE -
[-        ] NFC…CKEN_COMBINEBRACKENOUTPUTS -
Plus 7 more processes waiting for tasks…

executor >  slurm (80)
[-        ] NFC…PROFILER:TAXPROFILER:UNTAR -
[fc/52146e] NFC…AXPROFILER:FASTQC (ALB.17) | 10 of 10 ✔
[-        ] NFC…ORTREAD_FASTP:FASTP_SINGLE -
[ff/f1e2c6] NFC…ASTP:FASTP_PAIRED (ALB.17) | 10 of 10 ✔
[ab/bcc249] NFC…:FASTQC_PROCESSED (ALB.17) | 10 of 10 ✔
[b3/41c43d] NFC…ERING:BBMAP_BBDUK (ALB.17) | 10 of 10 ✔
[6b/935f2f] NFC…VAL:BOWTIE2_ALIGN (ALB.17) | 10 of 10 ✔
[b2/217f38] NFC…AL:SAMTOOLS_INDEX (ALB.17) | 10 of 10 ✔
[9c/e1f6f9] NFC…AL:SAMTOOLS_STATS (ALB.17) | 10 of 10 ✔
[0c/93bae5] NFC…IAMOND_BLASTX (db6|ALB.17) | 0 of 10
[-        ] NFC…:KRAKENTOOLS_KREPORT2KRONA -
[-        ] NFC…ON_KRONA:KAIJU_KAIJU2KRONA -
[-        ] NFC…ZATION_KRONA:KRONA_CLEANUP -
[-        ] NFC…N_KRONA:KRONA_KTIMPORTTEXT -
[-        ] NFC…KRONA:MEGAN_RMA2INFO_KRONA -
[-        ] NFC…VISUALIZATION_KRONA:GUNZIP -
[-        ] NFC…ONA:KRONA_KTIMPORTTAXONOMY -
[-        ] NFC…ON_PROFILES:TAXPASTA_MERGE -
[-        ] NFC…FILES:TAXPASTA_STANDARDISE -
[-        ] NFC…CKEN_COMBINEBRACKENOUTPUTS -
Plus 7 more processes waiting for tasks…

executor >  slurm (80)
[-        ] NFC…PROFILER:TAXPROFILER:UNTAR -
[fc/52146e] NFC…AXPROFILER:FASTQC (ALB.17) | 10 of 10 ✔
[-        ] NFC…ORTREAD_FASTP:FASTP_SINGLE -
[ff/f1e2c6] NFC…ASTP:FASTP_PAIRED (ALB.17) | 10 of 10 ✔
[ab/bcc249] NFC…:FASTQC_PROCESSED (ALB.17) | 10 of 10 ✔
[b3/41c43d] NFC…ERING:BBMAP_BBDUK (ALB.17) | 10 of 10 ✔
[6b/935f2f] NFC…VAL:BOWTIE2_ALIGN (ALB.17) | 10 of 10 ✔
[b2/217f38] NFC…AL:SAMTOOLS_INDEX (ALB.17) | 10 of 10 ✔
[9c/e1f6f9] NFC…AL:SAMTOOLS_STATS (ALB.17) | 10 of 10 ✔
[e5/1c5986] NFC…AMOND_BLASTX (db6|CAN.22a) | 1 of 10
[-        ] NFC…:KRAKENTOOLS_KREPORT2KRONA -
[-        ] NFC…ON_KRONA:KAIJU_KAIJU2KRONA -
[-        ] NFC…ZATION_KRONA:KRONA_CLEANUP -
[-        ] NFC…N_KRONA:KRONA_KTIMPORTTEXT -
[-        ] NFC…KRONA:MEGAN_RMA2INFO_KRONA -
[-        ] NFC…VISUALIZATION_KRONA:GUNZIP -
[-        ] NFC…ONA:KRONA_KTIMPORTTAXONOMY -
[-        ] NFC…ON_PROFILES:TAXPASTA_MERGE -
[-        ] NFC…FILES:TAXPASTA_STANDARDISE -
[-        ] NFC…CKEN_COMBINEBRACKENOUTPUTS -
Plus 7 more processes waiting for tasks…

executor >  slurm (80)
[-        ] NFC…PROFILER:TAXPROFILER:UNTAR -
[fc/52146e] NFC…AXPROFILER:FASTQC (ALB.17) | 10 of 10 ✔
[-        ] NFC…ORTREAD_FASTP:FASTP_SINGLE -
[ff/f1e2c6] NFC…ASTP:FASTP_PAIRED (ALB.17) | 10 of 10 ✔
[ab/bcc249] NFC…:FASTQC_PROCESSED (ALB.17) | 10 of 10 ✔
[b3/41c43d] NFC…ERING:BBMAP_BBDUK (ALB.17) | 10 of 10 ✔
[6b/935f2f] NFC…VAL:BOWTIE2_ALIGN (ALB.17) | 10 of 10 ✔
[b2/217f38] NFC…AL:SAMTOOLS_INDEX (ALB.17) | 10 of 10 ✔
[9c/e1f6f9] NFC…AL:SAMTOOLS_STATS (ALB.17) | 10 of 10 ✔
[af/7415c2] NFC…IAMOND_BLASTX (db6|CAN.22) | 2 of 10
[-        ] NFC…:KRAKENTOOLS_KREPORT2KRONA -
[-        ] NFC…ON_KRONA:KAIJU_KAIJU2KRONA -
[-        ] NFC…ZATION_KRONA:KRONA_CLEANUP -
[-        ] NFC…N_KRONA:KRONA_KTIMPORTTEXT -
[-        ] NFC…KRONA:MEGAN_RMA2INFO_KRONA -
[-        ] NFC…VISUALIZATION_KRONA:GUNZIP -
[-        ] NFC…ONA:KRONA_KTIMPORTTAXONOMY -
[-        ] NFC…ON_PROFILES:TAXPASTA_MERGE -
[-        ] NFC…FILES:TAXPASTA_STANDARDISE -
[-        ] NFC…CKEN_COMBINEBRACKENOUTPUTS -
Plus 7 more processes waiting for tasks…

executor >  slurm (80)
[-        ] NFC…PROFILER:TAXPROFILER:UNTAR -
[fc/52146e] NFC…AXPROFILER:FASTQC (ALB.17) | 10 of 10 ✔
[-        ] NFC…ORTREAD_FASTP:FASTP_SINGLE -
[ff/f1e2c6] NFC…ASTP:FASTP_PAIRED (ALB.17) | 10 of 10 ✔
[ab/bcc249] NFC…:FASTQC_PROCESSED (ALB.17) | 10 of 10 ✔
[b3/41c43d] NFC…ERING:BBMAP_BBDUK (ALB.17) | 10 of 10 ✔
[6b/935f2f] NFC…VAL:BOWTIE2_ALIGN (ALB.17) | 10 of 10 ✔
[b2/217f38] NFC…AL:SAMTOOLS_INDEX (ALB.17) | 10 of 10 ✔
[9c/e1f6f9] NFC…AL:SAMTOOLS_STATS (ALB.17) | 10 of 10 ✔
[9d/c8dde4] NFC…AMOND_BLASTX (db6|AUS.18a) | 3 of 10
[-        ] NFC…:KRAKENTOOLS_KREPORT2KRONA -
[-        ] NFC…ON_KRONA:KAIJU_KAIJU2KRONA -
[-        ] NFC…ZATION_KRONA:KRONA_CLEANUP -
[-        ] NFC…N_KRONA:KRONA_KTIMPORTTEXT -
[-        ] NFC…KRONA:MEGAN_RMA2INFO_KRONA -
[-        ] NFC…VISUALIZATION_KRONA:GUNZIP -
[-        ] NFC…ONA:KRONA_KTIMPORTTAXONOMY -
[-        ] NFC…ON_PROFILES:TAXPASTA_MERGE -
[-        ] NFC…FILES:TAXPASTA_STANDARDISE -
[-        ] NFC…CKEN_COMBINEBRACKENOUTPUTS -
Plus 7 more processes waiting for tasks…

executor >  slurm (80)
[-        ] NFC…PROFILER:TAXPROFILER:UNTAR -
[fc/52146e] NFC…AXPROFILER:FASTQC (ALB.17) | 10 of 10 ✔
[-        ] NFC…ORTREAD_FASTP:FASTP_SINGLE -
[ff/f1e2c6] NFC…ASTP:FASTP_PAIRED (ALB.17) | 10 of 10 ✔
[ab/bcc249] NFC…:FASTQC_PROCESSED (ALB.17) | 10 of 10 ✔
[b3/41c43d] NFC…ERING:BBMAP_BBDUK (ALB.17) | 10 of 10 ✔
[6b/935f2f] NFC…VAL:BOWTIE2_ALIGN (ALB.17) | 10 of 10 ✔
[b2/217f38] NFC…AL:SAMTOOLS_INDEX (ALB.17) | 10 of 10 ✔
[9c/e1f6f9] NFC…AL:SAMTOOLS_STATS (ALB.17) | 10 of 10 ✔
[81/36f8df] NFC…IAMOND_BLASTX (db6|AUS.18) | 4 of 10
[-        ] NFC…:KRAKENTOOLS_KREPORT2KRONA -
[-        ] NFC…ON_KRONA:KAIJU_KAIJU2KRONA -
[-        ] NFC…ZATION_KRONA:KRONA_CLEANUP -
[-        ] NFC…N_KRONA:KRONA_KTIMPORTTEXT -
[-        ] NFC…KRONA:MEGAN_RMA2INFO_KRONA -
[-        ] NFC…VISUALIZATION_KRONA:GUNZIP -
[-        ] NFC…ONA:KRONA_KTIMPORTTAXONOMY -
[-        ] NFC…ON_PROFILES:TAXPASTA_MERGE -
[-        ] NFC…FILES:TAXPASTA_STANDARDISE -
[-        ] NFC…CKEN_COMBINEBRACKENOUTPUTS -
Plus 7 more processes waiting for tasks…

executor >  slurm (80)
[-        ] NFC…PROFILER:TAXPROFILER:UNTAR -
[fc/52146e] NFC…AXPROFILER:FASTQC (ALB.17) | 10 of 10 ✔
[-        ] NFC…ORTREAD_FASTP:FASTP_SINGLE -
[ff/f1e2c6] NFC…ASTP:FASTP_PAIRED (ALB.17) | 10 of 10 ✔
[ab/bcc249] NFC…:FASTQC_PROCESSED (ALB.17) | 10 of 10 ✔
[b3/41c43d] NFC…ERING:BBMAP_BBDUK (ALB.17) | 10 of 10 ✔
[6b/935f2f] NFC…VAL:BOWTIE2_ALIGN (ALB.17) | 10 of 10 ✔
[b2/217f38] NFC…AL:SAMTOOLS_INDEX (ALB.17) | 10 of 10 ✔
[9c/e1f6f9] NFC…AL:SAMTOOLS_STATS (ALB.17) | 10 of 10 ✔
[c5/86c941] NFC…IAMOND_BLASTX (db6|AUT.70) | 5 of 10
[-        ] NFC…:KRAKENTOOLS_KREPORT2KRONA -
[-        ] NFC…ON_KRONA:KAIJU_KAIJU2KRONA -
[-        ] NFC…ZATION_KRONA:KRONA_CLEANUP -
[-        ] NFC…N_KRONA:KRONA_KTIMPORTTEXT -
[-        ] NFC…KRONA:MEGAN_RMA2INFO_KRONA -
[-        ] NFC…VISUALIZATION_KRONA:GUNZIP -
[-        ] NFC…ONA:KRONA_KTIMPORTTAXONOMY -
[-        ] NFC…ON_PROFILES:TAXPASTA_MERGE -
[-        ] NFC…FILES:TAXPASTA_STANDARDISE -
[-        ] NFC…CKEN_COMBINEBRACKENOUTPUTS -
Plus 7 more processes waiting for tasks…

executor >  slurm (80)
[-        ] NFC…PROFILER:TAXPROFILER:UNTAR -
[fc/52146e] NFC…AXPROFILER:FASTQC (ALB.17) | 10 of 10 ✔
[-        ] NFC…ORTREAD_FASTP:FASTP_SINGLE -
[ff/f1e2c6] NFC…ASTP:FASTP_PAIRED (ALB.17) | 10 of 10 ✔
[ab/bcc249] NFC…:FASTQC_PROCESSED (ALB.17) | 10 of 10 ✔
[b3/41c43d] NFC…ERING:BBMAP_BBDUK (ALB.17) | 10 of 10 ✔
[6b/935f2f] NFC…VAL:BOWTIE2_ALIGN (ALB.17) | 10 of 10 ✔
[b2/217f38] NFC…AL:SAMTOOLS_INDEX (ALB.17) | 10 of 10 ✔
[9c/e1f6f9] NFC…AL:SAMTOOLS_STATS (ALB.17) | 10 of 10 ✔
[35/64a4cf] NFC…IAMOND_BLASTX (db6|BWA.19) | 6 of 10
[-        ] NFC…:KRAKENTOOLS_KREPORT2KRONA -
[-        ] NFC…ON_KRONA:KAIJU_KAIJU2KRONA -
[-        ] NFC…ZATION_KRONA:KRONA_CLEANUP -
[-        ] NFC…N_KRONA:KRONA_KTIMPORTTEXT -
[-        ] NFC…KRONA:MEGAN_RMA2INFO_KRONA -
[-        ] NFC…VISUALIZATION_KRONA:GUNZIP -
[-        ] NFC…ONA:KRONA_KTIMPORTTAXONOMY -
[-        ] NFC…ON_PROFILES:TAXPASTA_MERGE -
[-        ] NFC…FILES:TAXPASTA_STANDARDISE -
[-        ] NFC…CKEN_COMBINEBRACKENOUTPUTS -
Plus 7 more processes waiting for tasks…

executor >  slurm (80)
[-        ] NFC…PROFILER:TAXPROFILER:UNTAR -
[fc/52146e] NFC…AXPROFILER:FASTQC (ALB.17) | 10 of 10 ✔
[-        ] NFC…ORTREAD_FASTP:FASTP_SINGLE -
[ff/f1e2c6] NFC…ASTP:FASTP_PAIRED (ALB.17) | 10 of 10 ✔
[ab/bcc249] NFC…:FASTQC_PROCESSED (ALB.17) | 10 of 10 ✔
[b3/41c43d] NFC…ERING:BBMAP_BBDUK (ALB.17) | 10 of 10 ✔
[6b/935f2f] NFC…VAL:BOWTIE2_ALIGN (ALB.17) | 10 of 10 ✔
[b2/217f38] NFC…AL:SAMTOOLS_INDEX (ALB.17) | 10 of 10 ✔
[9c/e1f6f9] NFC…AL:SAMTOOLS_STATS (ALB.17) | 10 of 10 ✔
[4d/204291] NFC…IAMOND_BLASTX (db6|BRA.53) | 7 of 10
[-        ] NFC…:KRAKENTOOLS_KREPORT2KRONA -
[-        ] NFC…ON_KRONA:KAIJU_KAIJU2KRONA -
[-        ] NFC…ZATION_KRONA:KRONA_CLEANUP -
[-        ] NFC…N_KRONA:KRONA_KTIMPORTTEXT -
[-        ] NFC…KRONA:MEGAN_RMA2INFO_KRONA -
[-        ] NFC…VISUALIZATION_KRONA:GUNZIP -
[-        ] NFC…ONA:KRONA_KTIMPORTTAXONOMY -
[-        ] NFC…ON_PROFILES:TAXPASTA_MERGE -
[-        ] NFC…FILES:TAXPASTA_STANDARDISE -
[-        ] NFC…CKEN_COMBINEBRACKENOUTPUTS -
Plus 7 more processes waiting for tasks…

executor >  slurm (80)
[-        ] NFC…PROFILER:TAXPROFILER:UNTAR -
[fc/52146e] NFC…AXPROFILER:FASTQC (ALB.17) | 10 of 10 ✔
[-        ] NFC…ORTREAD_FASTP:FASTP_SINGLE -
[ff/f1e2c6] NFC…ASTP:FASTP_PAIRED (ALB.17) | 10 of 10 ✔
[ab/bcc249] NFC…:FASTQC_PROCESSED (ALB.17) | 10 of 10 ✔
[b3/41c43d] NFC…ERING:BBMAP_BBDUK (ALB.17) | 10 of 10 ✔
[6b/935f2f] NFC…VAL:BOWTIE2_ALIGN (ALB.17) | 10 of 10 ✔
[b2/217f38] NFC…AL:SAMTOOLS_INDEX (ALB.17) | 10 of 10 ✔
[9c/e1f6f9] NFC…AL:SAMTOOLS_STATS (ALB.17) | 10 of 10 ✔
[36/92ff1e] NFC…IAMOND_BLASTX (db6|BGR.66) | 8 of 10
[-        ] NFC…:KRAKENTOOLS_KREPORT2KRONA -
[-        ] NFC…ON_KRONA:KAIJU_KAIJU2KRONA -
[-        ] NFC…ZATION_KRONA:KRONA_CLEANUP -
[-        ] NFC…N_KRONA:KRONA_KTIMPORTTEXT -
[-        ] NFC…KRONA:MEGAN_RMA2INFO_KRONA -
[-        ] NFC…VISUALIZATION_KRONA:GUNZIP -
[-        ] NFC…ONA:KRONA_KTIMPORTTAXONOMY -
[-        ] NFC…ON_PROFILES:TAXPASTA_MERGE -
[-        ] NFC…FILES:TAXPASTA_STANDARDISE -
[-        ] NFC…CKEN_COMBINEBRACKENOUTPUTS -
Plus 7 more processes waiting for tasks…

executor >  slurm (80)
[-        ] NFC…PROFILER:TAXPROFILER:UNTAR -
[fc/52146e] NFC…AXPROFILER:FASTQC (ALB.17) | 10 of 10 ✔
[-        ] NFC…ORTREAD_FASTP:FASTP_SINGLE -
[ff/f1e2c6] NFC…ASTP:FASTP_PAIRED (ALB.17) | 10 of 10 ✔
[ab/bcc249] NFC…:FASTQC_PROCESSED (ALB.17) | 10 of 10 ✔
[b3/41c43d] NFC…ERING:BBMAP_BBDUK (ALB.17) | 10 of 10 ✔
[6b/935f2f] NFC…VAL:BOWTIE2_ALIGN (ALB.17) | 10 of 10 ✔
[b2/217f38] NFC…AL:SAMTOOLS_INDEX (ALB.17) | 10 of 10 ✔
[9c/e1f6f9] NFC…AL:SAMTOOLS_STATS (ALB.17) | 10 of 10 ✔
[7f/b892ea] NFC…AMOND_BLASTX (db6|BRA.53a) | 9 of 10
[-        ] NFC…:KRAKENTOOLS_KREPORT2KRONA -
[-        ] NFC…ON_KRONA:KAIJU_KAIJU2KRONA -
[-        ] NFC…ZATION_KRONA:KRONA_CLEANUP -
[-        ] NFC…N_KRONA:KRONA_KTIMPORTTEXT -
[-        ] NFC…KRONA:MEGAN_RMA2INFO_KRONA -
[-        ] NFC…VISUALIZATION_KRONA:GUNZIP -
[-        ] NFC…ONA:KRONA_KTIMPORTTAXONOMY -
[-        ] NFC…ON_PROFILES:TAXPASTA_MERGE -
[-        ] NFC…FILES:TAXPASTA_STANDARDISE -
[-        ] NFC…CKEN_COMBINEBRACKENOUTPUTS -
Plus 7 more processes waiting for tasks…

executor >  slurm (80)
[-        ] NFC…PROFILER:TAXPROFILER:UNTAR -
[fc/52146e] NFC…AXPROFILER:FASTQC (ALB.17) | 10 of 10 ✔
[-        ] NFC…ORTREAD_FASTP:FASTP_SINGLE -
[ff/f1e2c6] NFC…ASTP:FASTP_PAIRED (ALB.17) | 10 of 10 ✔
[ab/bcc249] NFC…:FASTQC_PROCESSED (ALB.17) | 10 of 10 ✔
[b3/41c43d] NFC…ERING:BBMAP_BBDUK (ALB.17) | 10 of 10 ✔
[6b/935f2f] NFC…VAL:BOWTIE2_ALIGN (ALB.17) | 10 of 10 ✔
[b2/217f38] NFC…AL:SAMTOOLS_INDEX (ALB.17) | 10 of 10 ✔
[9c/e1f6f9] NFC…AL:SAMTOOLS_STATS (ALB.17) | 10 of 10 ✔
[0c/93bae5] NFC…IAMOND_BLASTX (db6|ALB.17) | 10 of 10 ✔
[-        ] NFC…:KRAKENTOOLS_KREPORT2KRONA -
[-        ] NFC…ON_KRONA:KAIJU_KAIJU2KRONA -
[-        ] NFC…ZATION_KRONA:KRONA_CLEANUP -
[-        ] NFC…N_KRONA:KRONA_KTIMPORTTEXT -
[-        ] NFC…KRONA:MEGAN_RMA2INFO_KRONA -
[-        ] NFC…VISUALIZATION_KRONA:GUNZIP -
[-        ] NFC…ONA:KRONA_KTIMPORTTAXONOMY -
[-        ] NFC…ON_PROFILES:TAXPASTA_MERGE -
[-        ] NFC…FILES:TAXPASTA_STANDARDISE -
[-        ] NFC…CKEN_COMBINEBRACKENOUTPUTS -
Plus 7 more processes waiting for tasks…

executor >  slurm (81)
[-        ] NFC…PROFILER:TAXPROFILER:UNTAR -
[fc/52146e] NFC…AXPROFILER:FASTQC (ALB.17) | 10 of 10 ✔
[-        ] NFC…ORTREAD_FASTP:FASTP_SINGLE -
[ff/f1e2c6] NFC…ASTP:FASTP_PAIRED (ALB.17) | 10 of 10 ✔
[ab/bcc249] NFC…:FASTQC_PROCESSED (ALB.17) | 10 of 10 ✔
[b3/41c43d] NFC…ERING:BBMAP_BBDUK (ALB.17) | 10 of 10 ✔
[6b/935f2f] NFC…VAL:BOWTIE2_ALIGN (ALB.17) | 10 of 10 ✔
[b2/217f38] NFC…AL:SAMTOOLS_INDEX (ALB.17) | 10 of 10 ✔
[9c/e1f6f9] NFC…AL:SAMTOOLS_STATS (ALB.17) | 10 of 10 ✔
[0c/93bae5] NFC…IAMOND_BLASTX (db6|ALB.17) | 10 of 10 ✔
[-        ] NFC…:KRAKENTOOLS_KREPORT2KRONA -
[-        ] NFC…ON_KRONA:KAIJU_KAIJU2KRONA -
[-        ] NFC…ZATION_KRONA:KRONA_CLEANUP -
[-        ] NFC…N_KRONA:KRONA_KTIMPORTTEXT -
[-        ] NFC…KRONA:MEGAN_RMA2INFO_KRONA -
[-        ] NFC…VISUALIZATION_KRONA:GUNZIP -
[-        ] NFC…ONA:KRONA_KTIMPORTTAXONOMY -
[74/da8a87] NFC…XPASTA_MERGE (diamond|db6) | 0 of 1
[-        ] NFC…FILES:TAXPASTA_STANDARDISE -
[-        ] NFC…CKEN_COMBINEBRACKENOUTPUTS -
Plus 7 more processes waiting for tasks…

executor >  slurm (81)
[-        ] NFC…PROFILER:TAXPROFILER:UNTAR -
[fc/52146e] NFC…AXPROFILER:FASTQC (ALB.17) | 10 of 10 ✔
[-        ] NFC…ORTREAD_FASTP:FASTP_SINGLE -
[ff/f1e2c6] NFC…ASTP:FASTP_PAIRED (ALB.17) | 10 of 10 ✔
[ab/bcc249] NFC…:FASTQC_PROCESSED (ALB.17) | 10 of 10 ✔
[b3/41c43d] NFC…ERING:BBMAP_BBDUK (ALB.17) | 10 of 10 ✔
[6b/935f2f] NFC…VAL:BOWTIE2_ALIGN (ALB.17) | 10 of 10 ✔
[b2/217f38] NFC…AL:SAMTOOLS_INDEX (ALB.17) | 10 of 10 ✔
[9c/e1f6f9] NFC…AL:SAMTOOLS_STATS (ALB.17) | 10 of 10 ✔
[0c/93bae5] NFC…IAMOND_BLASTX (db6|ALB.17) | 10 of 10 ✔
[-        ] NFC…:KRAKENTOOLS_KREPORT2KRONA -
[-        ] NFC…ON_KRONA:KAIJU_KAIJU2KRONA -
[-        ] NFC…ZATION_KRONA:KRONA_CLEANUP -
[-        ] NFC…N_KRONA:KRONA_KTIMPORTTEXT -
[-        ] NFC…KRONA:MEGAN_RMA2INFO_KRONA -
[-        ] NFC…VISUALIZATION_KRONA:GUNZIP -
[-        ] NFC…ONA:KRONA_KTIMPORTTAXONOMY -
[74/da8a87] NFC…XPASTA_MERGE (diamond|db6) | 0 of 1
[-        ] NFC…FILES:TAXPASTA_STANDARDISE -
[-        ] NFC…CKEN_COMBINEBRACKENOUTPUTS -
Plus 7 more processes waiting for tasks…

executor >  slurm (81)
[-        ] NFC…PROFILER:TAXPROFILER:UNTAR -
[fc/52146e] NFC…AXPROFILER:FASTQC (ALB.17) | 10 of 10 ✔
[-        ] NFC…ORTREAD_FASTP:FASTP_SINGLE -
[ff/f1e2c6] NFC…ASTP:FASTP_PAIRED (ALB.17) | 10 of 10 ✔
[ab/bcc249] NFC…:FASTQC_PROCESSED (ALB.17) | 10 of 10 ✔
[b3/41c43d] NFC…ERING:BBMAP_BBDUK (ALB.17) | 10 of 10 ✔
[6b/935f2f] NFC…VAL:BOWTIE2_ALIGN (ALB.17) | 10 of 10 ✔
[b2/217f38] NFC…AL:SAMTOOLS_INDEX (ALB.17) | 10 of 10 ✔
[9c/e1f6f9] NFC…AL:SAMTOOLS_STATS (ALB.17) | 10 of 10 ✔
[0c/93bae5] NFC…IAMOND_BLASTX (db6|ALB.17) | 10 of 10 ✔
[-        ] NFC…:KRAKENTOOLS_KREPORT2KRONA -
[-        ] NFC…ON_KRONA:KAIJU_KAIJU2KRONA -
[-        ] NFC…ZATION_KRONA:KRONA_CLEANUP -
[-        ] NFC…N_KRONA:KRONA_KTIMPORTTEXT -
[-        ] NFC…KRONA:MEGAN_RMA2INFO_KRONA -
[-        ] NFC…VISUALIZATION_KRONA:GUNZIP -
[-        ] NFC…ONA:KRONA_KTIMPORTTAXONOMY -
[74/da8a87] NFC…XPASTA_MERGE (diamond|db6) | 1 of 1 ✔
[-        ] NFC…FILES:TAXPASTA_STANDARDISE -
[-        ] NFC…CKEN_COMBINEBRACKENOUTPUTS -
Plus 7 more processes waiting for tasks…

executor >  slurm (82)
[-        ] NFC…PROFILER:TAXPROFILER:UNTAR -
[fc/52146e] NFC…AXPROFILER:FASTQC (ALB.17) | 10 of 10 ✔
[-        ] NFC…ORTREAD_FASTP:FASTP_SINGLE -
[ff/f1e2c6] NFC…ASTP:FASTP_PAIRED (ALB.17) | 10 of 10 ✔
[ab/bcc249] NFC…:FASTQC_PROCESSED (ALB.17) | 10 of 10 ✔
[b3/41c43d] NFC…ERING:BBMAP_BBDUK (ALB.17) | 10 of 10 ✔
[6b/935f2f] NFC…VAL:BOWTIE2_ALIGN (ALB.17) | 10 of 10 ✔
[b2/217f38] NFC…AL:SAMTOOLS_INDEX (ALB.17) | 10 of 10 ✔
[9c/e1f6f9] NFC…AL:SAMTOOLS_STATS (ALB.17) | 10 of 10 ✔
[0c/93bae5] NFC…IAMOND_BLASTX (db6|ALB.17) | 10 of 10 ✔
[-        ] NFC…:KRAKENTOOLS_KREPORT2KRONA -
[-        ] NFC…ON_KRONA:KAIJU_KAIJU2KRONA -
[-        ] NFC…ZATION_KRONA:KRONA_CLEANUP -
[-        ] NFC…N_KRONA:KRONA_KTIMPORTTEXT -
[-        ] NFC…KRONA:MEGAN_RMA2INFO_KRONA -
[-        ] NFC…VISUALIZATION_KRONA:GUNZIP -
[-        ] NFC…ONA:KRONA_KTIMPORTTAXONOMY -
[74/da8a87] NFC…XPASTA_MERGE (diamond|db6) | 1 of 1 ✔
[-        ] NFC…FILES:TAXPASTA_STANDARDISE -
[-        ] NFC…CKEN_COMBINEBRACKENOUTPUTS -
[09/c303b6] NFC…OFILER:TAXPROFILER:MULTIQC | 0 of 1
Plus 6 more processes waiting for tasks…

executor >  slurm (82)
[-        ] NFC…PROFILER:TAXPROFILER:UNTAR -
[fc/52146e] NFC…AXPROFILER:FASTQC (ALB.17) | 10 of 10 ✔
[-        ] NFC…ORTREAD_FASTP:FASTP_SINGLE -
[ff/f1e2c6] NFC…ASTP:FASTP_PAIRED (ALB.17) | 10 of 10 ✔
[ab/bcc249] NFC…:FASTQC_PROCESSED (ALB.17) | 10 of 10 ✔
[b3/41c43d] NFC…ERING:BBMAP_BBDUK (ALB.17) | 10 of 10 ✔
[6b/935f2f] NFC…VAL:BOWTIE2_ALIGN (ALB.17) | 10 of 10 ✔
[b2/217f38] NFC…AL:SAMTOOLS_INDEX (ALB.17) | 10 of 10 ✔
[9c/e1f6f9] NFC…AL:SAMTOOLS_STATS (ALB.17) | 10 of 10 ✔
[0c/93bae5] NFC…IAMOND_BLASTX (db6|ALB.17) | 10 of 10 ✔
[-        ] NFC…:KRAKENTOOLS_KREPORT2KRONA -
[-        ] NFC…ON_KRONA:KAIJU_KAIJU2KRONA -
[-        ] NFC…ZATION_KRONA:KRONA_CLEANUP -
[-        ] NFC…N_KRONA:KRONA_KTIMPORTTEXT -
[-        ] NFC…KRONA:MEGAN_RMA2INFO_KRONA -
[-        ] NFC…VISUALIZATION_KRONA:GUNZIP -
[-        ] NFC…ONA:KRONA_KTIMPORTTAXONOMY -
[74/da8a87] NFC…XPASTA_MERGE (diamond|db6) | 1 of 1 ✔
[-        ] NFC…FILES:TAXPASTA_STANDARDISE -
[-        ] NFC…CKEN_COMBINEBRACKENOUTPUTS -
[09/c303b6] NFC…OFILER:TAXPROFILER:MULTIQC | 0 of 1
Plus 6 more processes waiting for tasks…

executor >  slurm (82)
[-        ] NFC…PROFILER:TAXPROFILER:UNTAR -
[fc/52146e] NFC…AXPROFILER:FASTQC (ALB.17) | 10 of 10 ✔
[-        ] NFC…ORTREAD_FASTP:FASTP_SINGLE -
[ff/f1e2c6] NFC…ASTP:FASTP_PAIRED (ALB.17) | 10 of 10 ✔
[ab/bcc249] NFC…:FASTQC_PROCESSED (ALB.17) | 10 of 10 ✔
[b3/41c43d] NFC…ERING:BBMAP_BBDUK (ALB.17) | 10 of 10 ✔
[6b/935f2f] NFC…VAL:BOWTIE2_ALIGN (ALB.17) | 10 of 10 ✔
[b2/217f38] NFC…AL:SAMTOOLS_INDEX (ALB.17) | 10 of 10 ✔
[9c/e1f6f9] NFC…AL:SAMTOOLS_STATS (ALB.17) | 10 of 10 ✔
[0c/93bae5] NFC…IAMOND_BLASTX (db6|ALB.17) | 10 of 10 ✔
[-        ] NFC…:KRAKENTOOLS_KREPORT2KRONA -
[-        ] NFC…ON_KRONA:KAIJU_KAIJU2KRONA -
[-        ] NFC…ZATION_KRONA:KRONA_CLEANUP -
[-        ] NFC…N_KRONA:KRONA_KTIMPORTTEXT -
[-        ] NFC…KRONA:MEGAN_RMA2INFO_KRONA -
[-        ] NFC…VISUALIZATION_KRONA:GUNZIP -
[-        ] NFC…ONA:KRONA_KTIMPORTTAXONOMY -
[74/da8a87] NFC…XPASTA_MERGE (diamond|db6) | 1 of 1 ✔
[-        ] NFC…FILES:TAXPASTA_STANDARDISE -
[-        ] NFC…CKEN_COMBINEBRACKENOUTPUTS -
[09/c303b6] NFC…OFILER:TAXPROFILER:MULTIQC | 1 of 1 ✔
Plus 6 more processes waiting for tasks…

executor >  slurm (82)
[-        ] NFC…PROFILER:TAXPROFILER:UNTAR -
[fc/52146e] NFC…AXPROFILER:FASTQC (ALB.17) | 10 of 10 ✔
[-        ] NFC…ORTREAD_FASTP:FASTP_SINGLE -
[ff/f1e2c6] NFC…ASTP:FASTP_PAIRED (ALB.17) | 10 of 10 ✔
[ab/bcc249] NFC…:FASTQC_PROCESSED (ALB.17) | 10 of 10 ✔
[b3/41c43d] NFC…ERING:BBMAP_BBDUK (ALB.17) | 10 of 10 ✔
[6b/935f2f] NFC…VAL:BOWTIE2_ALIGN (ALB.17) | 10 of 10 ✔
[b2/217f38] NFC…AL:SAMTOOLS_INDEX (ALB.17) | 10 of 10 ✔
[9c/e1f6f9] NFC…AL:SAMTOOLS_STATS (ALB.17) | 10 of 10 ✔
[0c/93bae5] NFC…IAMOND_BLASTX (db6|ALB.17) | 10 of 10 ✔
[-        ] NFC…:KRAKENTOOLS_KREPORT2KRONA -
[-        ] NFC…ON_KRONA:KAIJU_KAIJU2KRONA -
[-        ] NFC…ZATION_KRONA:KRONA_CLEANUP -
[-        ] NFC…N_KRONA:KRONA_KTIMPORTTEXT -
[-        ] NFC…KRONA:MEGAN_RMA2INFO_KRONA -
[-        ] NFC…VISUALIZATION_KRONA:GUNZIP -
[-        ] NFC…ONA:KRONA_KTIMPORTTAXONOMY -
[74/da8a87] NFC…XPASTA_MERGE (diamond|db6) | 1 of 1 ✔
[-        ] NFC…FILES:TAXPASTA_STANDARDISE -
[-        ] NFC…CKEN_COMBINEBRACKENOUTPUTS -
[09/c303b6] NFC…OFILER:TAXPROFILER:MULTIQC | 1 of 1 ✔
Plus 6 more processes waiting for tasks…
-[nf-core/taxprofiler] Pipeline completed successfully-

executor >  slurm (82)
[-        ] NFC…PROFILER:TAXPROFILER:UNTAR -
[fc/52146e] NFC…AXPROFILER:FASTQC (ALB.17) | 10 of 10 ✔
[-        ] NFC…ORTREAD_FASTP:FASTP_SINGLE -
[ff/f1e2c6] NFC…ASTP:FASTP_PAIRED (ALB.17) | 10 of 10 ✔
[ab/bcc249] NFC…:FASTQC_PROCESSED (ALB.17) | 10 of 10 ✔
[b3/41c43d] NFC…ERING:BBMAP_BBDUK (ALB.17) | 10 of 10 ✔
[6b/935f2f] NFC…VAL:BOWTIE2_ALIGN (ALB.17) | 10 of 10 ✔
[b2/217f38] NFC…AL:SAMTOOLS_INDEX (ALB.17) | 10 of 10 ✔
[9c/e1f6f9] NFC…AL:SAMTOOLS_STATS (ALB.17) | 10 of 10 ✔
[0c/93bae5] NFC…IAMOND_BLASTX (db6|ALB.17) | 10 of 10 ✔
[-        ] NFC…:KRAKENTOOLS_KREPORT2KRONA -
[-        ] NFC…ON_KRONA:KAIJU_KAIJU2KRONA -
[-        ] NFC…ZATION_KRONA:KRONA_CLEANUP -
[-        ] NFC…N_KRONA:KRONA_KTIMPORTTEXT -
[-        ] NFC…KRONA:MEGAN_RMA2INFO_KRONA -
[-        ] NFC…VISUALIZATION_KRONA:GUNZIP -
[-        ] NFC…ONA:KRONA_KTIMPORTTAXONOMY -
[74/da8a87] NFC…XPASTA_MERGE (diamond|db6) | 1 of 1 ✔
[-        ] NFC…FILES:TAXPASTA_STANDARDISE -
[-        ] NFC…CKEN_COMBINEBRACKENOUTPUTS -
[09/c303b6] NFC…OFILER:TAXPROFILER:MULTIQC | 1 of 1 ✔
Plus 6 more processes waiting for tasks…
-[nf-core/taxprofiler] Pipeline completed successfully-
Completed at: 09-Jan-2026 13:58:37
Duration    : 1d 14h 47m 17s
CPU hours   : 2'576.5
Succeeded   : 82


