[33mNextflow 25.10.2 is available - Please consider updating your version to it(B[m

 N E X T F L O W   ~  version 25.04.6

WARN: It appears you have never run this project before -- Option `-resume` is ignored
Launching `/data/ucct/bi/pipelines/nf-core-taxprofiler/nf-core-taxprofiler-1.2.4/main.nf` [kickass_jepsen] DSL2 - revision: bba6c867d1


------------------------------------------------------
                                        ,--./,-.
        ___     __   __   __   ___     /,-._.--~'
  |\ | |__  __ /  ` /  \ |__) |__         }  {
  | \| |       \__, \__/ |  \ |___     \`-._,-`-,
                                        `._,._,'
  nf-core/taxprofiler 1.2.4
------------------------------------------------------
Input/output options
  input                             : samplesheet.csv
  databases                         : ../../DOC/databasesheet.csv
  outdir                            : ./results
  multiqc_title                     : ERP015409

Preprocessing short-read QC options
  perform_shortread_qc              : true
  shortread_qc_minlength            : 50
  perform_shortread_complexityfilter: true
  shortread_complexityfilter_entropy: 0.5
  save_complexityfiltered_reads     : true

Preprocessing host removal options
  perform_shortread_hostremoval     : true
  hostremoval_reference             : /data/ucct/bi/references/eukaria/homo_sapiens/hg38/NCBI/genome/GCF_000001405.40_GRCh38.p14/GCF_000001405.40_GRCh38.p14_genomic.fna.gz
  shortread_hostremoval_index       : ../../REFERENCES/bowtie2/

Profiling options
  run_diamond                       : true
  kaiju_taxon_rank                  : genus
  ganon_report_rank                 : genus

Postprocessing and visualisation options
  run_profile_standardisation       : true
  run_krona                         : true
  krona_taxonomy_directory          : /data/ucct/bi/research/20250625_TFM_CIBORRA_IC-SM_T/REFERENCES/krona/taxonomy_db
  taxpasta_taxonomy_dir             : ../../REFERENCES/taxdump/2025-09-01_taxdump/
  taxpasta_add_name                 : true
  taxpasta_add_rank                 : true

Generic options
  trace_report_suffix               : 2025-12-05_13-38-47

Core Nextflow options
  runName                           : kickass_jepsen
  containerEngine                   : singularity
  launchDir                         : /data/ucct/bi/research/20250625_TFM_CIBORRA_IC-SM_T/ANALYSIS/20251205_ANALYSIS19_diamond2
  workDir                           : /data/ucct/bi/research/20250625_TFM_CIBORRA_IC-SM_T/ANALYSIS/20251205_ANALYSIS19_diamond2/work
  projectDir                        : /data/ucct/bi/pipelines/nf-core-taxprofiler/nf-core-taxprofiler-1.2.4
  userName                          : carmen.iborra
  profile                           : singularity
  configFiles                       : /data/ucct/bi/pipelines/nf-core-taxprofiler/nf-core-taxprofiler-1.2.4/nextflow.config, /data/ucct/bi/research/20250625_TFM_CIBORRA_IC-SM_T/ANALYSIS/20251205_ANALYSIS19_diamond2/../../DOC/taxprofiler.config

!! Only displaying parameters that differ from the pipeline defaults !!
------------------------------------------------------
* The pipeline
    https://doi.org/10.1101/2023.10.20.563221

* The nf-core framework
    https://doi.org/10.1038/s41587-020-0439-x

* Software dependencies
    https://github.com/nf-core/taxprofiler/blob/master/CITATIONS.md

WARN: The following invalid input values have been detected:

* --max_cpus: 32
* --max_time: 24.h
* --run_krona_combined: true
* --max_memory: 376 GB


[-        ] NFC…PROFILER:TAXPROFILER:UNTAR -
[-        ] NFC…ROFILER:TAXPROFILER:FASTQC -
[-        ] NFC…ORTREAD_FASTP:FASTP_SINGLE -
[-        ] NFC…ORTREAD_FASTP:FASTP_PAIRED -
[-        ] NFC…ROCESSING:FASTQC_PROCESSED -
[-        ] NFC…EXITYFILTERING:BBMAP_BBDUK -
[-        ] NFC…_HOSTREMOVAL:BOWTIE2_ALIGN -
[-        ] NFC…HOSTREMOVAL:SAMTOOLS_INDEX -

[-        ] NFC…PROFILER:TAXPROFILER:UNTAR -
[-        ] NFC…ROFILER:TAXPROFILER:FASTQC -
[-        ] NFC…ORTREAD_FASTP:FASTP_SINGLE -
[-        ] NFC…ORTREAD_FASTP:FASTP_PAIRED -
[-        ] NFC…ROCESSING:FASTQC_PROCESSED -
[-        ] NFC…EXITYFILTERING:BBMAP_BBDUK -
[-        ] NFC…_HOSTREMOVAL:BOWTIE2_ALIGN -
[-        ] NFC…HOSTREMOVAL:SAMTOOLS_INDEX -
[-        ] NFC…HOSTREMOVAL:SAMTOOLS_STATS -
[-        ] NFC…R:PROFILING:DIAMOND_BLASTX -
[-        ] NFC…:KRAKENTOOLS_KREPORT2KRONA -
[-        ] NFC…ON_KRONA:KAIJU_KAIJU2KRONA -
[-        ] NFC…ZATION_KRONA:KRONA_CLEANUP -
[-        ] NFC…N_KRONA:KRONA_KTIMPORTTEXT -
[-        ] NFC…KRONA:MEGAN_RMA2INFO_KRONA -
[-        ] NFC…VISUALIZATION_KRONA:GUNZIP -
[-        ] NFC…ONA:KRONA_KTIMPORTTAXONOMY -

[-        ] NFC…PROFILER:TAXPROFILER:UNTAR -
[-        ] NFC…ROFILER:TAXPROFILER:FASTQC -
[-        ] NFC…ORTREAD_FASTP:FASTP_SINGLE -
[-        ] NFC…ORTREAD_FASTP:FASTP_PAIRED -
[-        ] NFC…ROCESSING:FASTQC_PROCESSED -
[-        ] NFC…EXITYFILTERING:BBMAP_BBDUK -
[-        ] NFC…_HOSTREMOVAL:BOWTIE2_ALIGN -
[-        ] NFC…HOSTREMOVAL:SAMTOOLS_INDEX -
[-        ] NFC…HOSTREMOVAL:SAMTOOLS_STATS -
[-        ] NFC…R:PROFILING:DIAMOND_BLASTX -
[-        ] NFC…:KRAKENTOOLS_KREPORT2KRONA -
[-        ] NFC…ON_KRONA:KAIJU_KAIJU2KRONA -
[-        ] NFC…ZATION_KRONA:KRONA_CLEANUP -
[-        ] NFC…N_KRONA:KRONA_KTIMPORTTEXT -
[-        ] NFC…KRONA:MEGAN_RMA2INFO_KRONA -
[-        ] NFC…VISUALIZATION_KRONA:GUNZIP -
[-        ] NFC…ONA:KRONA_KTIMPORTTAXONOMY -
[-        ] NFC…ON_PROFILES:TAXPASTA_MERGE -
[-        ] NFC…FILES:TAXPASTA_STANDARDISE -
[-        ] NFC…CKEN_COMBINEBRACKENOUTPUTS -
Plus 6 more processes waiting for tasks…

[-        ] NFC…PROFILER:TAXPROFILER:UNTAR -
[-        ] NFC…ROFILER:TAXPROFILER:FASTQC -
[-        ] NFC…ORTREAD_FASTP:FASTP_SINGLE -
[-        ] NFC…ORTREAD_FASTP:FASTP_PAIRED -
[-        ] NFC…ROCESSING:FASTQC_PROCESSED -
[-        ] NFC…EXITYFILTERING:BBMAP_BBDUK -
[-        ] NFC…_HOSTREMOVAL:BOWTIE2_ALIGN -
[-        ] NFC…HOSTREMOVAL:SAMTOOLS_INDEX -
[-        ] NFC…HOSTREMOVAL:SAMTOOLS_STATS -
[-        ] NFC…R:PROFILING:DIAMOND_BLASTX -
[-        ] NFC…:KRAKENTOOLS_KREPORT2KRONA -
[-        ] NFC…ON_KRONA:KAIJU_KAIJU2KRONA -
[-        ] NFC…ZATION_KRONA:KRONA_CLEANUP -
[-        ] NFC…N_KRONA:KRONA_KTIMPORTTEXT -
[-        ] NFC…KRONA:MEGAN_RMA2INFO_KRONA -
[-        ] NFC…VISUALIZATION_KRONA:GUNZIP -
[-        ] NFC…ONA:KRONA_KTIMPORTTAXONOMY -
[-        ] NFC…ON_PROFILES:TAXPASTA_MERGE -
[-        ] NFC…FILES:TAXPASTA_STANDARDISE -
[-        ] NFC…CKEN_COMBINEBRACKENOUTPUTS -
Plus 7 more processes waiting for tasks…

executor >  slurm (2)
[-        ] NFC…PROFILER:TAXPROFILER:UNTAR -
[5b/99f444] NFC…AXPROFILER:FASTQC (HRV.68) | 0 of 10
[-        ] NFC…ORTREAD_FASTP:FASTP_SINGLE -
[56/2355f2] NFC…FASTP:FASTP_PAIRED (GHA.4) | 0 of 10
[-        ] NFC…ROCESSING:FASTQC_PROCESSED -
[-        ] NFC…EXITYFILTERING:BBMAP_BBDUK -
[-        ] NFC…_HOSTREMOVAL:BOWTIE2_ALIGN -
[-        ] NFC…HOSTREMOVAL:SAMTOOLS_INDEX -
[-        ] NFC…HOSTREMOVAL:SAMTOOLS_STATS -
[-        ] NFC…R:PROFILING:DIAMOND_BLASTX -
[-        ] NFC…:KRAKENTOOLS_KREPORT2KRONA -
[-        ] NFC…ON_KRONA:KAIJU_KAIJU2KRONA -
[-        ] NFC…ZATION_KRONA:KRONA_CLEANUP -
[-        ] NFC…N_KRONA:KRONA_KTIMPORTTEXT -
[-        ] NFC…KRONA:MEGAN_RMA2INFO_KRONA -
[-        ] NFC…VISUALIZATION_KRONA:GUNZIP -
[-        ] NFC…ONA:KRONA_KTIMPORTTAXONOMY -
[-        ] NFC…ON_PROFILES:TAXPASTA_MERGE -
[-        ] NFC…FILES:TAXPASTA_STANDARDISE -
[-        ] NFC…CKEN_COMBINEBRACKENOUTPUTS -
Plus 7 more processes waiting for tasks…

executor >  slurm (12)
[-        ] NFC…PROFILER:TAXPROFILER:UNTAR -
[38/2c2d85] NFC…AXPROFILER:FASTQC (IRL.69) | 0 of 10
[-        ] NFC…ORTREAD_FASTP:FASTP_SINGLE -
[ac/fb114f] NFC…ASTP:FASTP_PAIRED (IRL.69) | 0 of 10
[-        ] NFC…ROCESSING:FASTQC_PROCESSED -
[-        ] NFC…EXITYFILTERING:BBMAP_BBDUK -
[-        ] NFC…_HOSTREMOVAL:BOWTIE2_ALIGN -
[-        ] NFC…HOSTREMOVAL:SAMTOOLS_INDEX -
[-        ] NFC…HOSTREMOVAL:SAMTOOLS_STATS -
[-        ] NFC…R:PROFILING:DIAMOND_BLASTX -
[-        ] NFC…:KRAKENTOOLS_KREPORT2KRONA -
[-        ] NFC…ON_KRONA:KAIJU_KAIJU2KRONA -
[-        ] NFC…ZATION_KRONA:KRONA_CLEANUP -
[-        ] NFC…N_KRONA:KRONA_KTIMPORTTEXT -
[-        ] NFC…KRONA:MEGAN_RMA2INFO_KRONA -
[-        ] NFC…VISUALIZATION_KRONA:GUNZIP -
[-        ] NFC…ONA:KRONA_KTIMPORTTAXONOMY -
[-        ] NFC…ON_PROFILES:TAXPASTA_MERGE -
[-        ] NFC…FILES:TAXPASTA_STANDARDISE -
[-        ] NFC…CKEN_COMBINEBRACKENOUTPUTS -
Plus 7 more processes waiting for tasks…

executor >  slurm (20)
[-        ] NFC…PROFILER:TAXPROFILER:UNTAR -
[f7/89bef6] NFC…AXPROFILER:FASTQC (ISR.29) | 0 of 10
[-        ] NFC…ORTREAD_FASTP:FASTP_SINGLE -
[8a/7b91b5] NFC…ASTP:FASTP_PAIRED (ISL.28) | 0 of 10
[-        ] NFC…ROCESSING:FASTQC_PROCESSED -
[-        ] NFC…EXITYFILTERING:BBMAP_BBDUK -
[-        ] NFC…_HOSTREMOVAL:BOWTIE2_ALIGN -
[-        ] NFC…HOSTREMOVAL:SAMTOOLS_INDEX -
[-        ] NFC…HOSTREMOVAL:SAMTOOLS_STATS -
[-        ] NFC…R:PROFILING:DIAMOND_BLASTX -
[-        ] NFC…:KRAKENTOOLS_KREPORT2KRONA -
[-        ] NFC…ON_KRONA:KAIJU_KAIJU2KRONA -
[-        ] NFC…ZATION_KRONA:KRONA_CLEANUP -
[-        ] NFC…N_KRONA:KRONA_KTIMPORTTEXT -
[-        ] NFC…KRONA:MEGAN_RMA2INFO_KRONA -
[-        ] NFC…VISUALIZATION_KRONA:GUNZIP -
[-        ] NFC…ONA:KRONA_KTIMPORTTAXONOMY -
[-        ] NFC…ON_PROFILES:TAXPASTA_MERGE -
[-        ] NFC…FILES:TAXPASTA_STANDARDISE -
[-        ] NFC…CKEN_COMBINEBRACKENOUTPUTS -
Plus 7 more processes waiting for tasks…

executor >  slurm (20)
[-        ] NFC…PROFILER:TAXPROFILER:UNTAR -
[f7/89bef6] NFC…AXPROFILER:FASTQC (ISR.29) | 0 of 10
[-        ] NFC…ORTREAD_FASTP:FASTP_SINGLE -
[8a/7b91b5] NFC…ASTP:FASTP_PAIRED (ISL.28) | 0 of 10
[-        ] NFC…ROCESSING:FASTQC_PROCESSED -
[-        ] NFC…EXITYFILTERING:BBMAP_BBDUK -
[-        ] NFC…_HOSTREMOVAL:BOWTIE2_ALIGN -
[-        ] NFC…HOSTREMOVAL:SAMTOOLS_INDEX -
[-        ] NFC…HOSTREMOVAL:SAMTOOLS_STATS -
[-        ] NFC…R:PROFILING:DIAMOND_BLASTX -
[-        ] NFC…:KRAKENTOOLS_KREPORT2KRONA -
[-        ] NFC…ON_KRONA:KAIJU_KAIJU2KRONA -
[-        ] NFC…ZATION_KRONA:KRONA_CLEANUP -
[-        ] NFC…N_KRONA:KRONA_KTIMPORTTEXT -
[-        ] NFC…KRONA:MEGAN_RMA2INFO_KRONA -
[-        ] NFC…VISUALIZATION_KRONA:GUNZIP -
[-        ] NFC…ONA:KRONA_KTIMPORTTAXONOMY -
[-        ] NFC…ON_PROFILES:TAXPASTA_MERGE -
[-        ] NFC…FILES:TAXPASTA_STANDARDISE -
[-        ] NFC…CKEN_COMBINEBRACKENOUTPUTS -
Plus 7 more processes waiting for tasks…

executor >  slurm (20)
[-        ] NFC…PROFILER:TAXPROFILER:UNTAR -
[f7/89bef6] NFC…AXPROFILER:FASTQC (ISR.29) | 0 of 10
[-        ] NFC…ORTREAD_FASTP:FASTP_SINGLE -
[8a/7b91b5] NFC…ASTP:FASTP_PAIRED (ISL.28) | 0 of 10
[-        ] NFC…ROCESSING:FASTQC_PROCESSED -
[-        ] NFC…EXITYFILTERING:BBMAP_BBDUK -
[-        ] NFC…_HOSTREMOVAL:BOWTIE2_ALIGN -
[-        ] NFC…HOSTREMOVAL:SAMTOOLS_INDEX -
[-        ] NFC…HOSTREMOVAL:SAMTOOLS_STATS -
[-        ] NFC…R:PROFILING:DIAMOND_BLASTX -
[-        ] NFC…:KRAKENTOOLS_KREPORT2KRONA -
[-        ] NFC…ON_KRONA:KAIJU_KAIJU2KRONA -
[-        ] NFC…ZATION_KRONA:KRONA_CLEANUP -
[-        ] NFC…N_KRONA:KRONA_KTIMPORTTEXT -
[-        ] NFC…KRONA:MEGAN_RMA2INFO_KRONA -
[-        ] NFC…VISUALIZATION_KRONA:GUNZIP -
[-        ] NFC…ONA:KRONA_KTIMPORTTAXONOMY -
[-        ] NFC…ON_PROFILES:TAXPASTA_MERGE -
[-        ] NFC…FILES:TAXPASTA_STANDARDISE -
[-        ] NFC…CKEN_COMBINEBRACKENOUTPUTS -
Plus 7 more processes waiting for tasks…

executor >  slurm (20)
[-        ] NFC…PROFILER:TAXPROFILER:UNTAR -
[f7/89bef6] NFC…AXPROFILER:FASTQC (ISR.29) | 0 of 10
[-        ] NFC…ORTREAD_FASTP:FASTP_SINGLE -
[8a/7b91b5] NFC…ASTP:FASTP_PAIRED (ISL.28) | 0 of 10
[-        ] NFC…ROCESSING:FASTQC_PROCESSED | 0 of 1
[-        ] NFC…EXITYFILTERING:BBMAP_BBDUK | 0 of 1
[-        ] NFC…_HOSTREMOVAL:BOWTIE2_ALIGN -
[-        ] NFC…HOSTREMOVAL:SAMTOOLS_INDEX -
[-        ] NFC…HOSTREMOVAL:SAMTOOLS_STATS -
[-        ] NFC…R:PROFILING:DIAMOND_BLASTX -
[-        ] NFC…:KRAKENTOOLS_KREPORT2KRONA -
[-        ] NFC…ON_KRONA:KAIJU_KAIJU2KRONA -
[-        ] NFC…ZATION_KRONA:KRONA_CLEANUP -
[-        ] NFC…N_KRONA:KRONA_KTIMPORTTEXT -
[-        ] NFC…KRONA:MEGAN_RMA2INFO_KRONA -
[-        ] NFC…VISUALIZATION_KRONA:GUNZIP -
[-        ] NFC…ONA:KRONA_KTIMPORTTAXONOMY -
[-        ] NFC…ON_PROFILES:TAXPASTA_MERGE -
[-        ] NFC…FILES:TAXPASTA_STANDARDISE -
[-        ] NFC…CKEN_COMBINEBRACKENOUTPUTS -
Plus 7 more processes waiting for tasks…

executor >  slurm (22)
[-        ] NFC…PROFILER:TAXPROFILER:UNTAR -
[f7/89bef6] NFC…AXPROFILER:FASTQC (ISR.29) | 0 of 10
[-        ] NFC…ORTREAD_FASTP:FASTP_SINGLE -
[78/8739b3] NFC…ASTP:FASTP_PAIRED (HUN.61) | 1 of 10
[1f/6f1e9a] NFC…:FASTQC_PROCESSED (HUN.61) | 0 of 1
[62/d0dc72] NFC…ERING:BBMAP_BBDUK (HUN.61) | 0 of 1
[-        ] NFC…_HOSTREMOVAL:BOWTIE2_ALIGN -
[-        ] NFC…HOSTREMOVAL:SAMTOOLS_INDEX -
[-        ] NFC…HOSTREMOVAL:SAMTOOLS_STATS -
[-        ] NFC…R:PROFILING:DIAMOND_BLASTX -
[-        ] NFC…:KRAKENTOOLS_KREPORT2KRONA -
[-        ] NFC…ON_KRONA:KAIJU_KAIJU2KRONA -
[-        ] NFC…ZATION_KRONA:KRONA_CLEANUP -
[-        ] NFC…N_KRONA:KRONA_KTIMPORTTEXT -
[-        ] NFC…KRONA:MEGAN_RMA2INFO_KRONA -
[-        ] NFC…VISUALIZATION_KRONA:GUNZIP -
[-        ] NFC…ONA:KRONA_KTIMPORTTAXONOMY -
[-        ] NFC…ON_PROFILES:TAXPASTA_MERGE -
[-        ] NFC…FILES:TAXPASTA_STANDARDISE -
[-        ] NFC…CKEN_COMBINEBRACKENOUTPUTS -
Plus 7 more processes waiting for tasks…

executor >  slurm (22)
[-        ] NFC…PROFILER:TAXPROFILER:UNTAR -
[f7/89bef6] NFC…AXPROFILER:FASTQC (ISR.29) | 0 of 10
[-        ] NFC…ORTREAD_FASTP:FASTP_SINGLE -
[78/8739b3] NFC…ASTP:FASTP_PAIRED (HUN.61) | 1 of 10
[1f/6f1e9a] NFC…:FASTQC_PROCESSED (HUN.61) | 0 of 1
[62/d0dc72] NFC…ERING:BBMAP_BBDUK (HUN.61) | 0 of 1
[-        ] NFC…_HOSTREMOVAL:BOWTIE2_ALIGN -
[-        ] NFC…HOSTREMOVAL:SAMTOOLS_INDEX -
[-        ] NFC…HOSTREMOVAL:SAMTOOLS_STATS -
[-        ] NFC…R:PROFILING:DIAMOND_BLASTX -
[-        ] NFC…:KRAKENTOOLS_KREPORT2KRONA -
[-        ] NFC…ON_KRONA:KAIJU_KAIJU2KRONA -
[-        ] NFC…ZATION_KRONA:KRONA_CLEANUP -
[-        ] NFC…N_KRONA:KRONA_KTIMPORTTEXT -
[-        ] NFC…KRONA:MEGAN_RMA2INFO_KRONA -
[-        ] NFC…VISUALIZATION_KRONA:GUNZIP -
[-        ] NFC…ONA:KRONA_KTIMPORTTAXONOMY -
[-        ] NFC…ON_PROFILES:TAXPASTA_MERGE -
[-        ] NFC…FILES:TAXPASTA_STANDARDISE -
[-        ] NFC…CKEN_COMBINEBRACKENOUTPUTS -
Plus 7 more processes waiting for tasks…

executor >  slurm (24)
[-        ] NFC…PROFILER:TAXPROFILER:UNTAR -
[f7/89bef6] NFC…AXPROFILER:FASTQC (ISR.29) | 0 of 10
[-        ] NFC…ORTREAD_FASTP:FASTP_SINGLE -
[cf/93b417] NFC…ASTP:FASTP_PAIRED (ISR.29) | 2 of 10
[66/cb9447] NFC…:FASTQC_PROCESSED (ISR.29) | 0 of 2
[48/73147c] NFC…ERING:BBMAP_BBDUK (ISR.29) | 0 of 2
[-        ] NFC…_HOSTREMOVAL:BOWTIE2_ALIGN -
[-        ] NFC…HOSTREMOVAL:SAMTOOLS_INDEX -
[-        ] NFC…HOSTREMOVAL:SAMTOOLS_STATS -
[-        ] NFC…R:PROFILING:DIAMOND_BLASTX -
[-        ] NFC…:KRAKENTOOLS_KREPORT2KRONA -
[-        ] NFC…ON_KRONA:KAIJU_KAIJU2KRONA -
[-        ] NFC…ZATION_KRONA:KRONA_CLEANUP -
[-        ] NFC…N_KRONA:KRONA_KTIMPORTTEXT -
[-        ] NFC…KRONA:MEGAN_RMA2INFO_KRONA -
[-        ] NFC…VISUALIZATION_KRONA:GUNZIP -
[-        ] NFC…ONA:KRONA_KTIMPORTTAXONOMY -
[-        ] NFC…ON_PROFILES:TAXPASTA_MERGE -
[-        ] NFC…FILES:TAXPASTA_STANDARDISE -
[-        ] NFC…CKEN_COMBINEBRACKENOUTPUTS -
Plus 7 more processes waiting for tasks…

executor >  slurm (24)
[-        ] NFC…PROFILER:TAXPROFILER:UNTAR -
[f7/89bef6] NFC…AXPROFILER:FASTQC (ISR.29) | 0 of 10
[-        ] NFC…ORTREAD_FASTP:FASTP_SINGLE -
[cf/93b417] NFC…ASTP:FASTP_PAIRED (ISR.29) | 2 of 10
[66/cb9447] NFC…:FASTQC_PROCESSED (ISR.29) | 0 of 2
[48/73147c] NFC…ERING:BBMAP_BBDUK (ISR.29) | 0 of 2
[-        ] NFC…_HOSTREMOVAL:BOWTIE2_ALIGN -
[-        ] NFC…HOSTREMOVAL:SAMTOOLS_INDEX -
[-        ] NFC…HOSTREMOVAL:SAMTOOLS_STATS -
[-        ] NFC…R:PROFILING:DIAMOND_BLASTX -
[-        ] NFC…:KRAKENTOOLS_KREPORT2KRONA -
[-        ] NFC…ON_KRONA:KAIJU_KAIJU2KRONA -
[-        ] NFC…ZATION_KRONA:KRONA_CLEANUP -
[-        ] NFC…N_KRONA:KRONA_KTIMPORTTEXT -
[-        ] NFC…KRONA:MEGAN_RMA2INFO_KRONA -
[-        ] NFC…VISUALIZATION_KRONA:GUNZIP -
[-        ] NFC…ONA:KRONA_KTIMPORTTAXONOMY -
[-        ] NFC…ON_PROFILES:TAXPASTA_MERGE -
[-        ] NFC…FILES:TAXPASTA_STANDARDISE -
[-        ] NFC…CKEN_COMBINEBRACKENOUTPUTS -
Plus 7 more processes waiting for tasks…

executor >  slurm (24)
[-        ] NFC…PROFILER:TAXPROFILER:UNTAR -
[f7/89bef6] NFC…AXPROFILER:FASTQC (ISR.29) | 2 of 10
[-        ] NFC…ORTREAD_FASTP:FASTP_SINGLE -
[cf/93b417] NFC…ASTP:FASTP_PAIRED (ISR.29) | 2 of 10
[66/cb9447] NFC…:FASTQC_PROCESSED (ISR.29) | 0 of 2
[48/73147c] NFC…ERING:BBMAP_BBDUK (ISR.29) | 0 of 2
[-        ] NFC…_HOSTREMOVAL:BOWTIE2_ALIGN -
[-        ] NFC…HOSTREMOVAL:SAMTOOLS_INDEX -
[-        ] NFC…HOSTREMOVAL:SAMTOOLS_STATS -
[-        ] NFC…R:PROFILING:DIAMOND_BLASTX -
[-        ] NFC…:KRAKENTOOLS_KREPORT2KRONA -
[-        ] NFC…ON_KRONA:KAIJU_KAIJU2KRONA -
[-        ] NFC…ZATION_KRONA:KRONA_CLEANUP -
[-        ] NFC…N_KRONA:KRONA_KTIMPORTTEXT -
[-        ] NFC…KRONA:MEGAN_RMA2INFO_KRONA -
[-        ] NFC…VISUALIZATION_KRONA:GUNZIP -
[-        ] NFC…ONA:KRONA_KTIMPORTTAXONOMY -
[-        ] NFC…ON_PROFILES:TAXPASTA_MERGE -
[-        ] NFC…FILES:TAXPASTA_STANDARDISE -
[-        ] NFC…CKEN_COMBINEBRACKENOUTPUTS -
Plus 7 more processes waiting for tasks…

executor >  slurm (25)
[-        ] NFC…PROFILER:TAXPROFILER:UNTAR -
[f7/89bef6] NFC…AXPROFILER:FASTQC (ISR.29) | 2 of 10
[-        ] NFC…ORTREAD_FASTP:FASTP_SINGLE -
[cf/93b417] NFC…ASTP:FASTP_PAIRED (ISR.29) | 2 of 10
[66/cb9447] NFC…:FASTQC_PROCESSED (ISR.29) | 0 of 2
[62/d0dc72] NFC…ERING:BBMAP_BBDUK (HUN.61) | 1 of 2
[ed/ca777c] NFC…VAL:BOWTIE2_ALIGN (HUN.61) | 0 of 1
[-        ] NFC…HOSTREMOVAL:SAMTOOLS_INDEX -
[-        ] NFC…HOSTREMOVAL:SAMTOOLS_STATS -
[-        ] NFC…R:PROFILING:DIAMOND_BLASTX -
[-        ] NFC…:KRAKENTOOLS_KREPORT2KRONA -
[-        ] NFC…ON_KRONA:KAIJU_KAIJU2KRONA -
[-        ] NFC…ZATION_KRONA:KRONA_CLEANUP -
[-        ] NFC…N_KRONA:KRONA_KTIMPORTTEXT -
[-        ] NFC…KRONA:MEGAN_RMA2INFO_KRONA -
[-        ] NFC…VISUALIZATION_KRONA:GUNZIP -
[-        ] NFC…ONA:KRONA_KTIMPORTTAXONOMY -
[-        ] NFC…ON_PROFILES:TAXPASTA_MERGE -
[-        ] NFC…FILES:TAXPASTA_STANDARDISE -
[-        ] NFC…CKEN_COMBINEBRACKENOUTPUTS -
Plus 7 more processes waiting for tasks…

executor >  slurm (25)
[-        ] NFC…PROFILER:TAXPROFILER:UNTAR -
[f7/89bef6] NFC…AXPROFILER:FASTQC (ISR.29) | 2 of 10
[-        ] NFC…ORTREAD_FASTP:FASTP_SINGLE -
[cf/93b417] NFC…ASTP:FASTP_PAIRED (ISR.29) | 2 of 10
[66/cb9447] NFC…:FASTQC_PROCESSED (ISR.29) | 0 of 2
[62/d0dc72] NFC…ERING:BBMAP_BBDUK (HUN.61) | 1 of 2
[ed/ca777c] NFC…VAL:BOWTIE2_ALIGN (HUN.61) | 0 of 1
[-        ] NFC…HOSTREMOVAL:SAMTOOLS_INDEX -
[-        ] NFC…HOSTREMOVAL:SAMTOOLS_STATS -
[-        ] NFC…R:PROFILING:DIAMOND_BLASTX -
[-        ] NFC…:KRAKENTOOLS_KREPORT2KRONA -
[-        ] NFC…ON_KRONA:KAIJU_KAIJU2KRONA -
[-        ] NFC…ZATION_KRONA:KRONA_CLEANUP -
[-        ] NFC…N_KRONA:KRONA_KTIMPORTTEXT -
[-        ] NFC…KRONA:MEGAN_RMA2INFO_KRONA -
[-        ] NFC…VISUALIZATION_KRONA:GUNZIP -
[-        ] NFC…ONA:KRONA_KTIMPORTTAXONOMY -
[-        ] NFC…ON_PROFILES:TAXPASTA_MERGE -
[-        ] NFC…FILES:TAXPASTA_STANDARDISE -
[-        ] NFC…CKEN_COMBINEBRACKENOUTPUTS -
Plus 7 more processes waiting for tasks…

executor >  slurm (25)
[-        ] NFC…PROFILER:TAXPROFILER:UNTAR -
[5b/99f444] NFC…AXPROFILER:FASTQC (HRV.68) | 3 of 10
[-        ] NFC…ORTREAD_FASTP:FASTP_SINGLE -
[72/d7f764] NFC…ASTP:FASTP_PAIRED (HRV.68) | 3 of 10
[66/cb9447] NFC…:FASTQC_PROCESSED (ISR.29) | 0 of 2
[62/d0dc72] NFC…ERING:BBMAP_BBDUK (HUN.61) | 1 of 3
[ed/ca777c] NFC…VAL:BOWTIE2_ALIGN (HUN.61) | 0 of 1
[-        ] NFC…HOSTREMOVAL:SAMTOOLS_INDEX -
[-        ] NFC…HOSTREMOVAL:SAMTOOLS_STATS -
[-        ] NFC…R:PROFILING:DIAMOND_BLASTX -
[-        ] NFC…:KRAKENTOOLS_KREPORT2KRONA -
[-        ] NFC…ON_KRONA:KAIJU_KAIJU2KRONA -
[-        ] NFC…ZATION_KRONA:KRONA_CLEANUP -
[-        ] NFC…N_KRONA:KRONA_KTIMPORTTEXT -
[-        ] NFC…KRONA:MEGAN_RMA2INFO_KRONA -
[-        ] NFC…VISUALIZATION_KRONA:GUNZIP -
[-        ] NFC…ONA:KRONA_KTIMPORTTAXONOMY -
[-        ] NFC…ON_PROFILES:TAXPASTA_MERGE -
[-        ] NFC…FILES:TAXPASTA_STANDARDISE -
[-        ] NFC…CKEN_COMBINEBRACKENOUTPUTS -
Plus 7 more processes waiting for tasks…

executor >  slurm (27)
[-        ] NFC…PROFILER:TAXPROFILER:UNTAR -
[5b/99f444] NFC…AXPROFILER:FASTQC (HRV.68) | 3 of 10
[-        ] NFC…ORTREAD_FASTP:FASTP_SINGLE -
[72/d7f764] NFC…ASTP:FASTP_PAIRED (HRV.68) | 3 of 10
[54/3c652a] NFC…:FASTQC_PROCESSED (HRV.68) | 0 of 3
[7e/97b124] NFC…ERING:BBMAP_BBDUK (HRV.68) | 1 of 3
[ed/ca777c] NFC…VAL:BOWTIE2_ALIGN (HUN.61) | 0 of 1
[-        ] NFC…HOSTREMOVAL:SAMTOOLS_INDEX -
[-        ] NFC…HOSTREMOVAL:SAMTOOLS_STATS -
[-        ] NFC…R:PROFILING:DIAMOND_BLASTX -
[-        ] NFC…:KRAKENTOOLS_KREPORT2KRONA -
[-        ] NFC…ON_KRONA:KAIJU_KAIJU2KRONA -
[-        ] NFC…ZATION_KRONA:KRONA_CLEANUP -
[-        ] NFC…N_KRONA:KRONA_KTIMPORTTEXT -
[-        ] NFC…KRONA:MEGAN_RMA2INFO_KRONA -
[-        ] NFC…VISUALIZATION_KRONA:GUNZIP -
[-        ] NFC…ONA:KRONA_KTIMPORTTAXONOMY -
[-        ] NFC…ON_PROFILES:TAXPASTA_MERGE -
[-        ] NFC…FILES:TAXPASTA_STANDARDISE -
[-        ] NFC…CKEN_COMBINEBRACKENOUTPUTS -
Plus 7 more processes waiting for tasks…

executor >  slurm (27)
[-        ] NFC…PROFILER:TAXPROFILER:UNTAR -
[5b/99f444] NFC…AXPROFILER:FASTQC (HRV.68) | 3 of 10
[-        ] NFC…ORTREAD_FASTP:FASTP_SINGLE -
[72/d7f764] NFC…ASTP:FASTP_PAIRED (HRV.68) | 3 of 10
[54/3c652a] NFC…:FASTQC_PROCESSED (HRV.68) | 0 of 3
[7e/97b124] NFC…ERING:BBMAP_BBDUK (HRV.68) | 1 of 3
[ed/ca777c] NFC…VAL:BOWTIE2_ALIGN (HUN.61) | 0 of 1
[-        ] NFC…HOSTREMOVAL:SAMTOOLS_INDEX -
[-        ] NFC…HOSTREMOVAL:SAMTOOLS_STATS -
[-        ] NFC…R:PROFILING:DIAMOND_BLASTX -
[-        ] NFC…:KRAKENTOOLS_KREPORT2KRONA -
[-        ] NFC…ON_KRONA:KAIJU_KAIJU2KRONA -
[-        ] NFC…ZATION_KRONA:KRONA_CLEANUP -
[-        ] NFC…N_KRONA:KRONA_KTIMPORTTEXT -
[-        ] NFC…KRONA:MEGAN_RMA2INFO_KRONA -
[-        ] NFC…VISUALIZATION_KRONA:GUNZIP -
[-        ] NFC…ONA:KRONA_KTIMPORTTAXONOMY -
[-        ] NFC…ON_PROFILES:TAXPASTA_MERGE -
[-        ] NFC…FILES:TAXPASTA_STANDARDISE -
[-        ] NFC…CKEN_COMBINEBRACKENOUTPUTS -
Plus 7 more processes waiting for tasks…

executor >  slurm (29)
[-        ] NFC…PROFILER:TAXPROFILER:UNTAR -
[5b/99f444] NFC…AXPROFILER:FASTQC (HRV.68) | 3 of 10
[-        ] NFC…ORTREAD_FASTP:FASTP_SINGLE -
[8a/7b91b5] NFC…ASTP:FASTP_PAIRED (ISL.28) | 4 of 10
[d9/b5fc77] NFC…:FASTQC_PROCESSED (ISL.28) | 1 of 4
[d7/e34641] NFC…ERING:BBMAP_BBDUK (ISL.28) | 1 of 4
[ed/ca777c] NFC…VAL:BOWTIE2_ALIGN (HUN.61) | 0 of 1
[-        ] NFC…HOSTREMOVAL:SAMTOOLS_INDEX -
[-        ] NFC…HOSTREMOVAL:SAMTOOLS_STATS -
[-        ] NFC…R:PROFILING:DIAMOND_BLASTX -
[-        ] NFC…:KRAKENTOOLS_KREPORT2KRONA -
[-        ] NFC…ON_KRONA:KAIJU_KAIJU2KRONA -
[-        ] NFC…ZATION_KRONA:KRONA_CLEANUP -
[-        ] NFC…N_KRONA:KRONA_KTIMPORTTEXT -
[-        ] NFC…KRONA:MEGAN_RMA2INFO_KRONA -
[-        ] NFC…VISUALIZATION_KRONA:GUNZIP -
[-        ] NFC…ONA:KRONA_KTIMPORTTAXONOMY -
[-        ] NFC…ON_PROFILES:TAXPASTA_MERGE -
[-        ] NFC…FILES:TAXPASTA_STANDARDISE -
[-        ] NFC…CKEN_COMBINEBRACKENOUTPUTS -
Plus 7 more processes waiting for tasks…

executor >  slurm (30)
[-        ] NFC…PROFILER:TAXPROFILER:UNTAR -
[5b/99f444] NFC…AXPROFILER:FASTQC (HRV.68) | 3 of 10
[-        ] NFC…ORTREAD_FASTP:FASTP_SINGLE -
[8a/7b91b5] NFC…ASTP:FASTP_PAIRED (ISL.28) | 4 of 10
[d9/b5fc77] NFC…:FASTQC_PROCESSED (ISL.28) | 1 of 4
[48/73147c] NFC…ERING:BBMAP_BBDUK (ISR.29) | 2 of 4
[4e/7f7794] NFC…VAL:BOWTIE2_ALIGN (ISR.29) | 0 of 2
[-        ] NFC…HOSTREMOVAL:SAMTOOLS_INDEX -
[-        ] NFC…HOSTREMOVAL:SAMTOOLS_STATS -
[-        ] NFC…R:PROFILING:DIAMOND_BLASTX -
[-        ] NFC…:KRAKENTOOLS_KREPORT2KRONA -
[-        ] NFC…ON_KRONA:KAIJU_KAIJU2KRONA -
[-        ] NFC…ZATION_KRONA:KRONA_CLEANUP -
[-        ] NFC…N_KRONA:KRONA_KTIMPORTTEXT -
[-        ] NFC…KRONA:MEGAN_RMA2INFO_KRONA -
[-        ] NFC…VISUALIZATION_KRONA:GUNZIP -
[-        ] NFC…ONA:KRONA_KTIMPORTTAXONOMY -
[-        ] NFC…ON_PROFILES:TAXPASTA_MERGE -
[-        ] NFC…FILES:TAXPASTA_STANDARDISE -
[-        ] NFC…CKEN_COMBINEBRACKENOUTPUTS -
Plus 7 more processes waiting for tasks…

executor >  slurm (30)
[-        ] NFC…PROFILER:TAXPROFILER:UNTAR -
[5b/99f444] NFC…AXPROFILER:FASTQC (HRV.68) | 3 of 10
[-        ] NFC…ORTREAD_FASTP:FASTP_SINGLE -
[8a/7b91b5] NFC…ASTP:FASTP_PAIRED (ISL.28) | 4 of 10
[d9/b5fc77] NFC…:FASTQC_PROCESSED (ISL.28) | 1 of 4
[48/73147c] NFC…ERING:BBMAP_BBDUK (ISR.29) | 2 of 4
[4e/7f7794] NFC…VAL:BOWTIE2_ALIGN (ISR.29) | 0 of 2
[-        ] NFC…HOSTREMOVAL:SAMTOOLS_INDEX -
[-        ] NFC…HOSTREMOVAL:SAMTOOLS_STATS -
[-        ] NFC…R:PROFILING:DIAMOND_BLASTX -
[-        ] NFC…:KRAKENTOOLS_KREPORT2KRONA -
[-        ] NFC…ON_KRONA:KAIJU_KAIJU2KRONA -
[-        ] NFC…ZATION_KRONA:KRONA_CLEANUP -
[-        ] NFC…N_KRONA:KRONA_KTIMPORTTEXT -
[-        ] NFC…KRONA:MEGAN_RMA2INFO_KRONA -
[-        ] NFC…VISUALIZATION_KRONA:GUNZIP -
[-        ] NFC…ONA:KRONA_KTIMPORTTAXONOMY -
[-        ] NFC…ON_PROFILES:TAXPASTA_MERGE -
[-        ] NFC…FILES:TAXPASTA_STANDARDISE -
[-        ] NFC…CKEN_COMBINEBRACKENOUTPUTS -
Plus 7 more processes waiting for tasks…

executor >  slurm (30)
[-        ] NFC…PROFILER:TAXPROFILER:UNTAR -
[5b/99f444] NFC…AXPROFILER:FASTQC (HRV.68) | 3 of 10
[-        ] NFC…ORTREAD_FASTP:FASTP_SINGLE -
[cb/d99e26] NFC…ASTP:FASTP_PAIRED (FIN.25) | 5 of 10
[d9/b5fc77] NFC…:FASTQC_PROCESSED (ISL.28) | 1 of 5
[48/73147c] NFC…ERING:BBMAP_BBDUK (ISR.29) | 2 of 5
[4e/7f7794] NFC…VAL:BOWTIE2_ALIGN (ISR.29) | 0 of 2
[-        ] NFC…HOSTREMOVAL:SAMTOOLS_INDEX -
[-        ] NFC…HOSTREMOVAL:SAMTOOLS_STATS -
[-        ] NFC…R:PROFILING:DIAMOND_BLASTX -
[-        ] NFC…:KRAKENTOOLS_KREPORT2KRONA -
[-        ] NFC…ON_KRONA:KAIJU_KAIJU2KRONA -
[-        ] NFC…ZATION_KRONA:KRONA_CLEANUP -
[-        ] NFC…N_KRONA:KRONA_KTIMPORTTEXT -
[-        ] NFC…KRONA:MEGAN_RMA2INFO_KRONA -
[-        ] NFC…VISUALIZATION_KRONA:GUNZIP -
[-        ] NFC…ONA:KRONA_KTIMPORTTAXONOMY -
[-        ] NFC…ON_PROFILES:TAXPASTA_MERGE -
[-        ] NFC…FILES:TAXPASTA_STANDARDISE -
[-        ] NFC…CKEN_COMBINEBRACKENOUTPUTS -
Plus 7 more processes waiting for tasks…

executor >  slurm (32)
[-        ] NFC…PROFILER:TAXPROFILER:UNTAR -
[5b/99f444] NFC…AXPROFILER:FASTQC (HRV.68) | 3 of 10
[-        ] NFC…ORTREAD_FASTP:FASTP_SINGLE -
[cb/d99e26] NFC…ASTP:FASTP_PAIRED (FIN.25) | 5 of 10
[c6/a1f2d7] NFC…:FASTQC_PROCESSED (FIN.25) | 1 of 5
[f0/65997e] NFC…ERING:BBMAP_BBDUK (FIN.25) | 2 of 5
[4e/7f7794] NFC…VAL:BOWTIE2_ALIGN (ISR.29) | 0 of 2
[-        ] NFC…HOSTREMOVAL:SAMTOOLS_INDEX -
[-        ] NFC…HOSTREMOVAL:SAMTOOLS_STATS -
[-        ] NFC…R:PROFILING:DIAMOND_BLASTX -
[-        ] NFC…:KRAKENTOOLS_KREPORT2KRONA -
[-        ] NFC…ON_KRONA:KAIJU_KAIJU2KRONA -
[-        ] NFC…ZATION_KRONA:KRONA_CLEANUP -
[-        ] NFC…N_KRONA:KRONA_KTIMPORTTEXT -
[-        ] NFC…KRONA:MEGAN_RMA2INFO_KRONA -
[-        ] NFC…VISUALIZATION_KRONA:GUNZIP -
[-        ] NFC…ONA:KRONA_KTIMPORTTAXONOMY -
[-        ] NFC…ON_PROFILES:TAXPASTA_MERGE -
[-        ] NFC…FILES:TAXPASTA_STANDARDISE -
[-        ] NFC…CKEN_COMBINEBRACKENOUTPUTS -
Plus 7 more processes waiting for tasks…

executor >  slurm (32)
[-        ] NFC…PROFILER:TAXPROFILER:UNTAR -
[3d/184173] NFC…AXPROFILER:FASTQC (FIN.25) | 4 of 10
[-        ] NFC…ORTREAD_FASTP:FASTP_SINGLE -
[cb/d99e26] NFC…ASTP:FASTP_PAIRED (FIN.25) | 5 of 10
[c6/a1f2d7] NFC…:FASTQC_PROCESSED (FIN.25) | 1 of 5
[f0/65997e] NFC…ERING:BBMAP_BBDUK (FIN.25) | 2 of 5
[4e/7f7794] NFC…VAL:BOWTIE2_ALIGN (ISR.29) | 0 of 2
[-        ] NFC…HOSTREMOVAL:SAMTOOLS_INDEX -
[-        ] NFC…HOSTREMOVAL:SAMTOOLS_STATS -
[-        ] NFC…R:PROFILING:DIAMOND_BLASTX -
[-        ] NFC…:KRAKENTOOLS_KREPORT2KRONA -
[-        ] NFC…ON_KRONA:KAIJU_KAIJU2KRONA -
[-        ] NFC…ZATION_KRONA:KRONA_CLEANUP -
[-        ] NFC…N_KRONA:KRONA_KTIMPORTTEXT -
[-        ] NFC…KRONA:MEGAN_RMA2INFO_KRONA -
[-        ] NFC…VISUALIZATION_KRONA:GUNZIP -
[-        ] NFC…ONA:KRONA_KTIMPORTTAXONOMY -
[-        ] NFC…ON_PROFILES:TAXPASTA_MERGE -
[-        ] NFC…FILES:TAXPASTA_STANDARDISE -
[-        ] NFC…CKEN_COMBINEBRACKENOUTPUTS -
Plus 7 more processes waiting for tasks…

executor >  slurm (32)
[-        ] NFC…PROFILER:TAXPROFILER:UNTAR -
[3d/184173] NFC…AXPROFILER:FASTQC (FIN.25) | 4 of 10
[-        ] NFC…ORTREAD_FASTP:FASTP_SINGLE -
[cb/d99e26] NFC…ASTP:FASTP_PAIRED (FIN.25) | 5 of 10
[66/cb9447] NFC…:FASTQC_PROCESSED (ISR.29) | 2 of 5
[f0/65997e] NFC…ERING:BBMAP_BBDUK (FIN.25) | 2 of 5
[4e/7f7794] NFC…VAL:BOWTIE2_ALIGN (ISR.29) | 0 of 2
[-        ] NFC…HOSTREMOVAL:SAMTOOLS_INDEX -
[-        ] NFC…HOSTREMOVAL:SAMTOOLS_STATS -
[-        ] NFC…R:PROFILING:DIAMOND_BLASTX -
[-        ] NFC…:KRAKENTOOLS_KREPORT2KRONA -
[-        ] NFC…ON_KRONA:KAIJU_KAIJU2KRONA -
[-        ] NFC…ZATION_KRONA:KRONA_CLEANUP -
[-        ] NFC…N_KRONA:KRONA_KTIMPORTTEXT -
[-        ] NFC…KRONA:MEGAN_RMA2INFO_KRONA -
[-        ] NFC…VISUALIZATION_KRONA:GUNZIP -
[-        ] NFC…ONA:KRONA_KTIMPORTTAXONOMY -
[-        ] NFC…ON_PROFILES:TAXPASTA_MERGE -
[-        ] NFC…FILES:TAXPASTA_STANDARDISE -
[-        ] NFC…CKEN_COMBINEBRACKENOUTPUTS -
Plus 7 more processes waiting for tasks…

executor >  slurm (34)
[-        ] NFC…PROFILER:TAXPROFILER:UNTAR -
[3d/184173] NFC…AXPROFILER:FASTQC (FIN.25) | 4 of 10
[-        ] NFC…ORTREAD_FASTP:FASTP_SINGLE -
[ac/fb114f] NFC…ASTP:FASTP_PAIRED (IRL.69) | 6 of 10
[0f/c4e4ca] NFC…:FASTQC_PROCESSED (IRL.69) | 2 of 7
[b1/9eed59] NFC…ERING:BBMAP_BBDUK (IRL.69) | 2 of 7
[4e/7f7794] NFC…VAL:BOWTIE2_ALIGN (ISR.29) | 0 of 2
[-        ] NFC…HOSTREMOVAL:SAMTOOLS_INDEX -
[-        ] NFC…HOSTREMOVAL:SAMTOOLS_STATS -
[-        ] NFC…R:PROFILING:DIAMOND_BLASTX -
[-        ] NFC…:KRAKENTOOLS_KREPORT2KRONA -
[-        ] NFC…ON_KRONA:KAIJU_KAIJU2KRONA -
[-        ] NFC…ZATION_KRONA:KRONA_CLEANUP -
[-        ] NFC…N_KRONA:KRONA_KTIMPORTTEXT -
[-        ] NFC…KRONA:MEGAN_RMA2INFO_KRONA -
[-        ] NFC…VISUALIZATION_KRONA:GUNZIP -
[-        ] NFC…ONA:KRONA_KTIMPORTTAXONOMY -
[-        ] NFC…ON_PROFILES:TAXPASTA_MERGE -
[-        ] NFC…FILES:TAXPASTA_STANDARDISE -
[-        ] NFC…CKEN_COMBINEBRACKENOUTPUTS -
Plus 7 more processes waiting for tasks…

executor >  slurm (36)
[-        ] NFC…PROFILER:TAXPROFILER:UNTAR -
[7c/234a6e] NFC…AXPROFILER:FASTQC (IRN.12) | 5 of 10
[-        ] NFC…ORTREAD_FASTP:FASTP_SINGLE -
[d0/025ef8] NFC…ASTP:FASTP_PAIRED (IRN.12) | 7 of 10
[a7/13f52b] NFC…:FASTQC_PROCESSED (IRN.12) | 2 of 7
[9d/a43653] NFC…ERING:BBMAP_BBDUK (IRN.12) | 2 of 7
[4e/7f7794] NFC…VAL:BOWTIE2_ALIGN (ISR.29) | 0 of 2
[-        ] NFC…HOSTREMOVAL:SAMTOOLS_INDEX -
[-        ] NFC…HOSTREMOVAL:SAMTOOLS_STATS -
[-        ] NFC…R:PROFILING:DIAMOND_BLASTX -
[-        ] NFC…:KRAKENTOOLS_KREPORT2KRONA -
[-        ] NFC…ON_KRONA:KAIJU_KAIJU2KRONA -
[-        ] NFC…ZATION_KRONA:KRONA_CLEANUP -
[-        ] NFC…N_KRONA:KRONA_KTIMPORTTEXT -
[-        ] NFC…KRONA:MEGAN_RMA2INFO_KRONA -
[-        ] NFC…VISUALIZATION_KRONA:GUNZIP -
[-        ] NFC…ONA:KRONA_KTIMPORTTAXONOMY -
[-        ] NFC…ON_PROFILES:TAXPASTA_MERGE -
[-        ] NFC…FILES:TAXPASTA_STANDARDISE -
[-        ] NFC…CKEN_COMBINEBRACKENOUTPUTS -
Plus 7 more processes waiting for tasks…

executor >  slurm (36)
[-        ] NFC…PROFILER:TAXPROFILER:UNTAR -
[7c/234a6e] NFC…AXPROFILER:FASTQC (IRN.12) | 5 of 10
[-        ] NFC…ORTREAD_FASTP:FASTP_SINGLE -
[d0/025ef8] NFC…ASTP:FASTP_PAIRED (IRN.12) | 7 of 10
[a7/13f52b] NFC…:FASTQC_PROCESSED (IRN.12) | 2 of 7
[9d/a43653] NFC…ERING:BBMAP_BBDUK (IRN.12) | 2 of 7
[4e/7f7794] NFC…VAL:BOWTIE2_ALIGN (ISR.29) | 0 of 2
[-        ] NFC…HOSTREMOVAL:SAMTOOLS_INDEX -
[-        ] NFC…HOSTREMOVAL:SAMTOOLS_STATS -
[-        ] NFC…R:PROFILING:DIAMOND_BLASTX -
[-        ] NFC…:KRAKENTOOLS_KREPORT2KRONA -
[-        ] NFC…ON_KRONA:KAIJU_KAIJU2KRONA -
[-        ] NFC…ZATION_KRONA:KRONA_CLEANUP -
[-        ] NFC…N_KRONA:KRONA_KTIMPORTTEXT -
[-        ] NFC…KRONA:MEGAN_RMA2INFO_KRONA -
[-        ] NFC…VISUALIZATION_KRONA:GUNZIP -
[-        ] NFC…ONA:KRONA_KTIMPORTTAXONOMY -
[-        ] NFC…ON_PROFILES:TAXPASTA_MERGE -
[-        ] NFC…FILES:TAXPASTA_STANDARDISE -
[-        ] NFC…CKEN_COMBINEBRACKENOUTPUTS -
Plus 7 more processes waiting for tasks…

executor >  slurm (36)
[-        ] NFC…PROFILER:TAXPROFILER:UNTAR -
[71/a5fdf3] NFC…AXPROFILER:FASTQC (ISL.28) | 6 of 10
[-        ] NFC…ORTREAD_FASTP:FASTP_SINGLE -
[d0/025ef8] NFC…ASTP:FASTP_PAIRED (IRN.12) | 7 of 10
[a7/13f52b] NFC…:FASTQC_PROCESSED (IRN.12) | 2 of 7
[9d/a43653] NFC…ERING:BBMAP_BBDUK (IRN.12) | 2 of 7
[4e/7f7794] NFC…VAL:BOWTIE2_ALIGN (ISR.29) | 0 of 2
[-        ] NFC…HOSTREMOVAL:SAMTOOLS_INDEX -
[-        ] NFC…HOSTREMOVAL:SAMTOOLS_STATS -
[-        ] NFC…R:PROFILING:DIAMOND_BLASTX -
[-        ] NFC…:KRAKENTOOLS_KREPORT2KRONA -
[-        ] NFC…ON_KRONA:KAIJU_KAIJU2KRONA -
[-        ] NFC…ZATION_KRONA:KRONA_CLEANUP -
[-        ] NFC…N_KRONA:KRONA_KTIMPORTTEXT -
[-        ] NFC…KRONA:MEGAN_RMA2INFO_KRONA -
[-        ] NFC…VISUALIZATION_KRONA:GUNZIP -
[-        ] NFC…ONA:KRONA_KTIMPORTTAXONOMY -
[-        ] NFC…ON_PROFILES:TAXPASTA_MERGE -
[-        ] NFC…FILES:TAXPASTA_STANDARDISE -
[-        ] NFC…CKEN_COMBINEBRACKENOUTPUTS -
Plus 7 more processes waiting for tasks…

executor >  slurm (36)
[-        ] NFC…PROFILER:TAXPROFILER:UNTAR -
[38/2c2d85] NFC…AXPROFILER:FASTQC (IRL.69) | 7 of 10
[-        ] NFC…ORTREAD_FASTP:FASTP_SINGLE -
[d0/025ef8] NFC…ASTP:FASTP_PAIRED (IRN.12) | 7 of 10
[a7/13f52b] NFC…:FASTQC_PROCESSED (IRN.12) | 2 of 7
[9d/a43653] NFC…ERING:BBMAP_BBDUK (IRN.12) | 2 of 7
[4e/7f7794] NFC…VAL:BOWTIE2_ALIGN (ISR.29) | 0 of 2
[-        ] NFC…HOSTREMOVAL:SAMTOOLS_INDEX -
[-        ] NFC…HOSTREMOVAL:SAMTOOLS_STATS -
[-        ] NFC…R:PROFILING:DIAMOND_BLASTX -
[-        ] NFC…:KRAKENTOOLS_KREPORT2KRONA -
[-        ] NFC…ON_KRONA:KAIJU_KAIJU2KRONA -
[-        ] NFC…ZATION_KRONA:KRONA_CLEANUP -
[-        ] NFC…N_KRONA:KRONA_KTIMPORTTEXT -
[-        ] NFC…KRONA:MEGAN_RMA2INFO_KRONA -
[-        ] NFC…VISUALIZATION_KRONA:GUNZIP -
[-        ] NFC…ONA:KRONA_KTIMPORTTAXONOMY -
[-        ] NFC…ON_PROFILES:TAXPASTA_MERGE -
[-        ] NFC…FILES:TAXPASTA_STANDARDISE -
[-        ] NFC…CKEN_COMBINEBRACKENOUTPUTS -
Plus 7 more processes waiting for tasks…

executor >  slurm (36)
[-        ] NFC…PROFILER:TAXPROFILER:UNTAR -
[38/2c2d85] NFC…AXPROFILER:FASTQC (IRL.69) | 7 of 10
[-        ] NFC…ORTREAD_FASTP:FASTP_SINGLE -
[d0/025ef8] NFC…ASTP:FASTP_PAIRED (IRN.12) | 7 of 10
[54/3c652a] NFC…:FASTQC_PROCESSED (HRV.68) | 3 of 7
[9d/a43653] NFC…ERING:BBMAP_BBDUK (IRN.12) | 2 of 7
[4e/7f7794] NFC…VAL:BOWTIE2_ALIGN (ISR.29) | 0 of 2
[-        ] NFC…HOSTREMOVAL:SAMTOOLS_INDEX -
[-        ] NFC…HOSTREMOVAL:SAMTOOLS_STATS -
[-        ] NFC…R:PROFILING:DIAMOND_BLASTX -
[-        ] NFC…:KRAKENTOOLS_KREPORT2KRONA -
[-        ] NFC…ON_KRONA:KAIJU_KAIJU2KRONA -
[-        ] NFC…ZATION_KRONA:KRONA_CLEANUP -
[-        ] NFC…N_KRONA:KRONA_KTIMPORTTEXT -
[-        ] NFC…KRONA:MEGAN_RMA2INFO_KRONA -
[-        ] NFC…VISUALIZATION_KRONA:GUNZIP -
[-        ] NFC…ONA:KRONA_KTIMPORTTAXONOMY -
[-        ] NFC…ON_PROFILES:TAXPASTA_MERGE -
[-        ] NFC…FILES:TAXPASTA_STANDARDISE -
[-        ] NFC…CKEN_COMBINEBRACKENOUTPUTS -
Plus 7 more processes waiting for tasks…

executor >  slurm (36)
[-        ] NFC…PROFILER:TAXPROFILER:UNTAR -
[38/2c2d85] NFC…AXPROFILER:FASTQC (IRL.69) | 7 of 10
[-        ] NFC…ORTREAD_FASTP:FASTP_SINGLE -
[d0/025ef8] NFC…ASTP:FASTP_PAIRED (IRN.12) | 7 of 10
[d9/b5fc77] NFC…:FASTQC_PROCESSED (ISL.28) | 4 of 7
[9d/a43653] NFC…ERING:BBMAP_BBDUK (IRN.12) | 2 of 7
[4e/7f7794] NFC…VAL:BOWTIE2_ALIGN (ISR.29) | 0 of 2
[-        ] NFC…HOSTREMOVAL:SAMTOOLS_INDEX -
[-        ] NFC…HOSTREMOVAL:SAMTOOLS_STATS -
[-        ] NFC…R:PROFILING:DIAMOND_BLASTX -
[-        ] NFC…:KRAKENTOOLS_KREPORT2KRONA -
[-        ] NFC…ON_KRONA:KAIJU_KAIJU2KRONA -
[-        ] NFC…ZATION_KRONA:KRONA_CLEANUP -
[-        ] NFC…N_KRONA:KRONA_KTIMPORTTEXT -
[-        ] NFC…KRONA:MEGAN_RMA2INFO_KRONA -
[-        ] NFC…VISUALIZATION_KRONA:GUNZIP -
[-        ] NFC…ONA:KRONA_KTIMPORTTAXONOMY -
[-        ] NFC…ON_PROFILES:TAXPASTA_MERGE -
[-        ] NFC…FILES:TAXPASTA_STANDARDISE -
[-        ] NFC…CKEN_COMBINEBRACKENOUTPUTS -
Plus 7 more processes waiting for tasks…

executor >  slurm (36)
[-        ] NFC…PROFILER:TAXPROFILER:UNTAR -
[38/2c2d85] NFC…AXPROFILER:FASTQC (IRL.69) | 7 of 10
[-        ] NFC…ORTREAD_FASTP:FASTP_SINGLE -
[d0/025ef8] NFC…ASTP:FASTP_PAIRED (IRN.12) | 7 of 10
[d9/b5fc77] NFC…:FASTQC_PROCESSED (ISL.28) | 4 of 7
[7e/97b124] NFC…ERING:BBMAP_BBDUK (HRV.68) | 3 of 7
[4e/7f7794] NFC…VAL:BOWTIE2_ALIGN (ISR.29) | 0 of 2
[-        ] NFC…HOSTREMOVAL:SAMTOOLS_INDEX -
[-        ] NFC…HOSTREMOVAL:SAMTOOLS_STATS -
[-        ] NFC…R:PROFILING:DIAMOND_BLASTX -
[-        ] NFC…:KRAKENTOOLS_KREPORT2KRONA -
[-        ] NFC…ON_KRONA:KAIJU_KAIJU2KRONA -
[-        ] NFC…ZATION_KRONA:KRONA_CLEANUP -
[-        ] NFC…N_KRONA:KRONA_KTIMPORTTEXT -
[-        ] NFC…KRONA:MEGAN_RMA2INFO_KRONA -
[-        ] NFC…VISUALIZATION_KRONA:GUNZIP -
[-        ] NFC…ONA:KRONA_KTIMPORTTAXONOMY -
[-        ] NFC…ON_PROFILES:TAXPASTA_MERGE -
[-        ] NFC…FILES:TAXPASTA_STANDARDISE -
[-        ] NFC…CKEN_COMBINEBRACKENOUTPUTS -
Plus 7 more processes waiting for tasks…

executor >  slurm (38)
[-        ] NFC…PROFILER:TAXPROFILER:UNTAR -
[38/2c2d85] NFC…AXPROFILER:FASTQC (IRL.69) | 7 of 10
[-        ] NFC…ORTREAD_FASTP:FASTP_SINGLE -
[d0/025ef8] NFC…ASTP:FASTP_PAIRED (IRN.12) | 7 of 10
[d9/b5fc77] NFC…:FASTQC_PROCESSED (ISL.28) | 4 of 7
[d7/e34641] NFC…ERING:BBMAP_BBDUK (ISL.28) | 4 of 7
[bb/15bf82] NFC…VAL:BOWTIE2_ALIGN (ISL.28) | 0 of 4
[-        ] NFC…HOSTREMOVAL:SAMTOOLS_INDEX -
[-        ] NFC…HOSTREMOVAL:SAMTOOLS_STATS -
[-        ] NFC…R:PROFILING:DIAMOND_BLASTX -
[-        ] NFC…:KRAKENTOOLS_KREPORT2KRONA -
[-        ] NFC…ON_KRONA:KAIJU_KAIJU2KRONA -
[-        ] NFC…ZATION_KRONA:KRONA_CLEANUP -
[-        ] NFC…N_KRONA:KRONA_KTIMPORTTEXT -
[-        ] NFC…KRONA:MEGAN_RMA2INFO_KRONA -
[-        ] NFC…VISUALIZATION_KRONA:GUNZIP -
[-        ] NFC…ONA:KRONA_KTIMPORTTAXONOMY -
[-        ] NFC…ON_PROFILES:TAXPASTA_MERGE -
[-        ] NFC…FILES:TAXPASTA_STANDARDISE -
[-        ] NFC…CKEN_COMBINEBRACKENOUTPUTS -
Plus 7 more processes waiting for tasks…

executor >  slurm (39)
[-        ] NFC…PROFILER:TAXPROFILER:UNTAR -
[38/2c2d85] NFC…AXPROFILER:FASTQC (IRL.69) | 7 of 10
[-        ] NFC…ORTREAD_FASTP:FASTP_SINGLE -
[d0/025ef8] NFC…ASTP:FASTP_PAIRED (IRN.12) | 7 of 10
[d9/b5fc77] NFC…:FASTQC_PROCESSED (ISL.28) | 4 of 7
[f0/65997e] NFC…ERING:BBMAP_BBDUK (FIN.25) | 5 of 7
[18/f4cef2] NFC…VAL:BOWTIE2_ALIGN (FIN.25) | 0 of 5
[-        ] NFC…HOSTREMOVAL:SAMTOOLS_INDEX -
[-        ] NFC…HOSTREMOVAL:SAMTOOLS_STATS -
[-        ] NFC…R:PROFILING:DIAMOND_BLASTX -
[-        ] NFC…:KRAKENTOOLS_KREPORT2KRONA -
[-        ] NFC…ON_KRONA:KAIJU_KAIJU2KRONA -
[-        ] NFC…ZATION_KRONA:KRONA_CLEANUP -
[-        ] NFC…N_KRONA:KRONA_KTIMPORTTEXT -
[-        ] NFC…KRONA:MEGAN_RMA2INFO_KRONA -
[-        ] NFC…VISUALIZATION_KRONA:GUNZIP -
[-        ] NFC…ONA:KRONA_KTIMPORTTAXONOMY -
[-        ] NFC…ON_PROFILES:TAXPASTA_MERGE -
[-        ] NFC…FILES:TAXPASTA_STANDARDISE -
[-        ] NFC…CKEN_COMBINEBRACKENOUTPUTS -
Plus 7 more processes waiting for tasks…

executor >  slurm (39)
[-        ] NFC…PROFILER:TAXPROFILER:UNTAR -
[38/2c2d85] NFC…AXPROFILER:FASTQC (IRL.69) | 7 of 10
[-        ] NFC…ORTREAD_FASTP:FASTP_SINGLE -
[d0/025ef8] NFC…ASTP:FASTP_PAIRED (IRN.12) | 7 of 10
[d9/b5fc77] NFC…:FASTQC_PROCESSED (ISL.28) | 4 of 7
[f0/65997e] NFC…ERING:BBMAP_BBDUK (FIN.25) | 5 of 7
[18/f4cef2] NFC…VAL:BOWTIE2_ALIGN (FIN.25) | 0 of 5
[-        ] NFC…HOSTREMOVAL:SAMTOOLS_INDEX -
[-        ] NFC…HOSTREMOVAL:SAMTOOLS_STATS -
[-        ] NFC…R:PROFILING:DIAMOND_BLASTX -
[-        ] NFC…:KRAKENTOOLS_KREPORT2KRONA -
[-        ] NFC…ON_KRONA:KAIJU_KAIJU2KRONA -
[-        ] NFC…ZATION_KRONA:KRONA_CLEANUP -
[-        ] NFC…N_KRONA:KRONA_KTIMPORTTEXT -
[-        ] NFC…KRONA:MEGAN_RMA2INFO_KRONA -
[-        ] NFC…VISUALIZATION_KRONA:GUNZIP -
[-        ] NFC…ONA:KRONA_KTIMPORTTAXONOMY -
[-        ] NFC…ON_PROFILES:TAXPASTA_MERGE -
[-        ] NFC…FILES:TAXPASTA_STANDARDISE -
[-        ] NFC…CKEN_COMBINEBRACKENOUTPUTS -
Plus 7 more processes waiting for tasks…

executor >  slurm (39)
[-        ] NFC…PROFILER:TAXPROFILER:UNTAR -
[38/2c2d85] NFC…AXPROFILER:FASTQC (IRL.69) | 7 of 10
[-        ] NFC…ORTREAD_FASTP:FASTP_SINGLE -
[d0/025ef8] NFC…ASTP:FASTP_PAIRED (IRN.12) | 7 of 10
[c6/a1f2d7] NFC…:FASTQC_PROCESSED (FIN.25) | 5 of 7
[f0/65997e] NFC…ERING:BBMAP_BBDUK (FIN.25) | 5 of 7
[18/f4cef2] NFC…VAL:BOWTIE2_ALIGN (FIN.25) | 0 of 5
[-        ] NFC…HOSTREMOVAL:SAMTOOLS_INDEX -
[-        ] NFC…HOSTREMOVAL:SAMTOOLS_STATS -
[-        ] NFC…R:PROFILING:DIAMOND_BLASTX -
[-        ] NFC…:KRAKENTOOLS_KREPORT2KRONA -
[-        ] NFC…ON_KRONA:KAIJU_KAIJU2KRONA -
[-        ] NFC…ZATION_KRONA:KRONA_CLEANUP -
[-        ] NFC…N_KRONA:KRONA_KTIMPORTTEXT -
[-        ] NFC…KRONA:MEGAN_RMA2INFO_KRONA -
[-        ] NFC…VISUALIZATION_KRONA:GUNZIP -
[-        ] NFC…ONA:KRONA_KTIMPORTTAXONOMY -
[-        ] NFC…ON_PROFILES:TAXPASTA_MERGE -
[-        ] NFC…FILES:TAXPASTA_STANDARDISE -
[-        ] NFC…CKEN_COMBINEBRACKENOUTPUTS -
Plus 7 more processes waiting for tasks…

executor >  slurm (39)
[-        ] NFC…PROFILER:TAXPROFILER:UNTAR -
[38/2c2d85] NFC…AXPROFILER:FASTQC (IRL.69) | 7 of 10
[-        ] NFC…ORTREAD_FASTP:FASTP_SINGLE -
[d0/025ef8] NFC…ASTP:FASTP_PAIRED (IRN.12) | 7 of 10
[a7/13f52b] NFC…:FASTQC_PROCESSED (IRN.12) | 6 of 7
[f0/65997e] NFC…ERING:BBMAP_BBDUK (FIN.25) | 5 of 7
[18/f4cef2] NFC…VAL:BOWTIE2_ALIGN (FIN.25) | 0 of 5
[-        ] NFC…HOSTREMOVAL:SAMTOOLS_INDEX -
[-        ] NFC…HOSTREMOVAL:SAMTOOLS_STATS -
[-        ] NFC…R:PROFILING:DIAMOND_BLASTX -
[-        ] NFC…:KRAKENTOOLS_KREPORT2KRONA -
[-        ] NFC…ON_KRONA:KAIJU_KAIJU2KRONA -
[-        ] NFC…ZATION_KRONA:KRONA_CLEANUP -
[-        ] NFC…N_KRONA:KRONA_KTIMPORTTEXT -
[-        ] NFC…KRONA:MEGAN_RMA2INFO_KRONA -
[-        ] NFC…VISUALIZATION_KRONA:GUNZIP -
[-        ] NFC…ONA:KRONA_KTIMPORTTAXONOMY -
[-        ] NFC…ON_PROFILES:TAXPASTA_MERGE -
[-        ] NFC…FILES:TAXPASTA_STANDARDISE -
[-        ] NFC…CKEN_COMBINEBRACKENOUTPUTS -
Plus 7 more processes waiting for tasks…

executor >  slurm (39)
[-        ] NFC…PROFILER:TAXPROFILER:UNTAR -
[38/2c2d85] NFC…AXPROFILER:FASTQC (IRL.69) | 7 of 10
[-        ] NFC…ORTREAD_FASTP:FASTP_SINGLE -
[d0/025ef8] NFC…ASTP:FASTP_PAIRED (IRN.12) | 7 of 10
[a7/13f52b] NFC…:FASTQC_PROCESSED (IRN.12) | 6 of 7
[9d/a43653] NFC…ERING:BBMAP_BBDUK (IRN.12) | 6 of 7
[18/f4cef2] NFC…VAL:BOWTIE2_ALIGN (FIN.25) | 0 of 5
[-        ] NFC…HOSTREMOVAL:SAMTOOLS_INDEX -
[-        ] NFC…HOSTREMOVAL:SAMTOOLS_STATS -
[-        ] NFC…R:PROFILING:DIAMOND_BLASTX -
[-        ] NFC…:KRAKENTOOLS_KREPORT2KRONA -
[-        ] NFC…ON_KRONA:KAIJU_KAIJU2KRONA -
[-        ] NFC…ZATION_KRONA:KRONA_CLEANUP -
[-        ] NFC…N_KRONA:KRONA_KTIMPORTTEXT -
[-        ] NFC…KRONA:MEGAN_RMA2INFO_KRONA -
[-        ] NFC…VISUALIZATION_KRONA:GUNZIP -
[-        ] NFC…ONA:KRONA_KTIMPORTTAXONOMY -
[-        ] NFC…ON_PROFILES:TAXPASTA_MERGE -
[-        ] NFC…FILES:TAXPASTA_STANDARDISE -
[-        ] NFC…CKEN_COMBINEBRACKENOUTPUTS -
Plus 7 more processes waiting for tasks…

executor >  slurm (40)
[-        ] NFC…PROFILER:TAXPROFILER:UNTAR -
[38/2c2d85] NFC…AXPROFILER:FASTQC (IRL.69) | 7 of 10
[-        ] NFC…ORTREAD_FASTP:FASTP_SINGLE -
[d0/025ef8] NFC…ASTP:FASTP_PAIRED (IRN.12) | 7 of 10
[a7/13f52b] NFC…:FASTQC_PROCESSED (IRN.12) | 6 of 7
[9d/a43653] NFC…ERING:BBMAP_BBDUK (IRN.12) | 6 of 7
[2a/c15141] NFC…VAL:BOWTIE2_ALIGN (IRN.12) | 0 of 6
[-        ] NFC…HOSTREMOVAL:SAMTOOLS_INDEX -
[-        ] NFC…HOSTREMOVAL:SAMTOOLS_STATS -
[-        ] NFC…R:PROFILING:DIAMOND_BLASTX -
[-        ] NFC…:KRAKENTOOLS_KREPORT2KRONA -
[-        ] NFC…ON_KRONA:KAIJU_KAIJU2KRONA -
[-        ] NFC…ZATION_KRONA:KRONA_CLEANUP -
[-        ] NFC…N_KRONA:KRONA_KTIMPORTTEXT -
[-        ] NFC…KRONA:MEGAN_RMA2INFO_KRONA -
[-        ] NFC…VISUALIZATION_KRONA:GUNZIP -
[-        ] NFC…ONA:KRONA_KTIMPORTTAXONOMY -
[-        ] NFC…ON_PROFILES:TAXPASTA_MERGE -
[-        ] NFC…FILES:TAXPASTA_STANDARDISE -
[-        ] NFC…CKEN_COMBINEBRACKENOUTPUTS -
Plus 7 more processes waiting for tasks…

executor >  slurm (40)
[-        ] NFC…PROFILER:TAXPROFILER:UNTAR -
[38/2c2d85] NFC…AXPROFILER:FASTQC (IRL.69) | 7 of 10
[-        ] NFC…ORTREAD_FASTP:FASTP_SINGLE -
[d0/025ef8] NFC…ASTP:FASTP_PAIRED (IRN.12) | 7 of 10
[a7/13f52b] NFC…:FASTQC_PROCESSED (IRN.12) | 6 of 7
[9d/a43653] NFC…ERING:BBMAP_BBDUK (IRN.12) | 6 of 7
[2a/c15141] NFC…VAL:BOWTIE2_ALIGN (IRN.12) | 0 of 6
[-        ] NFC…HOSTREMOVAL:SAMTOOLS_INDEX -
[-        ] NFC…HOSTREMOVAL:SAMTOOLS_STATS -
[-        ] NFC…R:PROFILING:DIAMOND_BLASTX -
[-        ] NFC…:KRAKENTOOLS_KREPORT2KRONA -
[-        ] NFC…ON_KRONA:KAIJU_KAIJU2KRONA -
[-        ] NFC…ZATION_KRONA:KRONA_CLEANUP -
[-        ] NFC…N_KRONA:KRONA_KTIMPORTTEXT -
[-        ] NFC…KRONA:MEGAN_RMA2INFO_KRONA -
[-        ] NFC…VISUALIZATION_KRONA:GUNZIP -
[-        ] NFC…ONA:KRONA_KTIMPORTTAXONOMY -
[-        ] NFC…ON_PROFILES:TAXPASTA_MERGE -
[-        ] NFC…FILES:TAXPASTA_STANDARDISE -
[-        ] NFC…CKEN_COMBINEBRACKENOUTPUTS -
Plus 7 more processes waiting for tasks…

executor >  slurm (40)
[-        ] NFC…PROFILER:TAXPROFILER:UNTAR -
[38/2c2d85] NFC…AXPROFILER:FASTQC (IRL.69) | 7 of 10
[-        ] NFC…ORTREAD_FASTP:FASTP_SINGLE -
[d0/025ef8] NFC…ASTP:FASTP_PAIRED (IRN.12) | 7 of 10
[0f/c4e4ca] NFC…:FASTQC_PROCESSED (IRL.69) | 7 of 7
[b1/9eed59] NFC…ERING:BBMAP_BBDUK (IRL.69) | 7 of 7
[2a/c15141] NFC…VAL:BOWTIE2_ALIGN (IRN.12) | 0 of 6
[-        ] NFC…HOSTREMOVAL:SAMTOOLS_INDEX -
[-        ] NFC…HOSTREMOVAL:SAMTOOLS_STATS -
[-        ] NFC…R:PROFILING:DIAMOND_BLASTX -
[-        ] NFC…:KRAKENTOOLS_KREPORT2KRONA -
[-        ] NFC…ON_KRONA:KAIJU_KAIJU2KRONA -
[-        ] NFC…ZATION_KRONA:KRONA_CLEANUP -
[-        ] NFC…N_KRONA:KRONA_KTIMPORTTEXT -
[-        ] NFC…KRONA:MEGAN_RMA2INFO_KRONA -
[-        ] NFC…VISUALIZATION_KRONA:GUNZIP -
[-        ] NFC…ONA:KRONA_KTIMPORTTAXONOMY -
[-        ] NFC…ON_PROFILES:TAXPASTA_MERGE -
[-        ] NFC…FILES:TAXPASTA_STANDARDISE -
[-        ] NFC…CKEN_COMBINEBRACKENOUTPUTS -
Plus 7 more processes waiting for tasks…

executor >  slurm (41)
[-        ] NFC…PROFILER:TAXPROFILER:UNTAR -
[38/2c2d85] NFC…AXPROFILER:FASTQC (IRL.69) | 7 of 10
[-        ] NFC…ORTREAD_FASTP:FASTP_SINGLE -
[d0/025ef8] NFC…ASTP:FASTP_PAIRED (IRN.12) | 7 of 10
[0f/c4e4ca] NFC…:FASTQC_PROCESSED (IRL.69) | 7 of 7
[b1/9eed59] NFC…ERING:BBMAP_BBDUK (IRL.69) | 7 of 7
[33/9c2417] NFC…VAL:BOWTIE2_ALIGN (IRL.69) | 0 of 7
[-        ] NFC…HOSTREMOVAL:SAMTOOLS_INDEX -
[-        ] NFC…HOSTREMOVAL:SAMTOOLS_STATS -
[-        ] NFC…R:PROFILING:DIAMOND_BLASTX -
[-        ] NFC…:KRAKENTOOLS_KREPORT2KRONA -
[-        ] NFC…ON_KRONA:KAIJU_KAIJU2KRONA -
[-        ] NFC…ZATION_KRONA:KRONA_CLEANUP -
[-        ] NFC…N_KRONA:KRONA_KTIMPORTTEXT -
[-        ] NFC…KRONA:MEGAN_RMA2INFO_KRONA -
[-        ] NFC…VISUALIZATION_KRONA:GUNZIP -
[-        ] NFC…ONA:KRONA_KTIMPORTTAXONOMY -
[-        ] NFC…ON_PROFILES:TAXPASTA_MERGE -
[-        ] NFC…FILES:TAXPASTA_STANDARDISE -
[-        ] NFC…CKEN_COMBINEBRACKENOUTPUTS -
Plus 7 more processes waiting for tasks…

executor >  slurm (41)
[-        ] NFC…PROFILER:TAXPROFILER:UNTAR -
[38/2c2d85] NFC…AXPROFILER:FASTQC (IRL.69) | 7 of 10
[-        ] NFC…ORTREAD_FASTP:FASTP_SINGLE -
[d0/025ef8] NFC…ASTP:FASTP_PAIRED (IRN.12) | 7 of 10
[0f/c4e4ca] NFC…:FASTQC_PROCESSED (IRL.69) | 7 of 7
[b1/9eed59] NFC…ERING:BBMAP_BBDUK (IRL.69) | 7 of 7
[33/9c2417] NFC…VAL:BOWTIE2_ALIGN (IRL.69) | 0 of 7
[-        ] NFC…HOSTREMOVAL:SAMTOOLS_INDEX -
[-        ] NFC…HOSTREMOVAL:SAMTOOLS_STATS -
[-        ] NFC…R:PROFILING:DIAMOND_BLASTX -
[-        ] NFC…:KRAKENTOOLS_KREPORT2KRONA -
[-        ] NFC…ON_KRONA:KAIJU_KAIJU2KRONA -
[-        ] NFC…ZATION_KRONA:KRONA_CLEANUP -
[-        ] NFC…N_KRONA:KRONA_KTIMPORTTEXT -
[-        ] NFC…KRONA:MEGAN_RMA2INFO_KRONA -
[-        ] NFC…VISUALIZATION_KRONA:GUNZIP -
[-        ] NFC…ONA:KRONA_KTIMPORTTAXONOMY -
[-        ] NFC…ON_PROFILES:TAXPASTA_MERGE -
[-        ] NFC…FILES:TAXPASTA_STANDARDISE -
[-        ] NFC…CKEN_COMBINEBRACKENOUTPUTS -
Plus 7 more processes waiting for tasks…

executor >  slurm (41)
[-        ] NFC…PROFILER:TAXPROFILER:UNTAR -
[59/1c0b8e] NFC…AXPROFILER:FASTQC (GEO.59) | 8 of 10
[-        ] NFC…ORTREAD_FASTP:FASTP_SINGLE -
[d0/025ef8] NFC…ASTP:FASTP_PAIRED (IRN.12) | 7 of 10
[0f/c4e4ca] NFC…:FASTQC_PROCESSED (IRL.69) | 7 of 7
[b1/9eed59] NFC…ERING:BBMAP_BBDUK (IRL.69) | 7 of 7
[33/9c2417] NFC…VAL:BOWTIE2_ALIGN (IRL.69) | 0 of 7
[-        ] NFC…HOSTREMOVAL:SAMTOOLS_INDEX -
[-        ] NFC…HOSTREMOVAL:SAMTOOLS_STATS -
[-        ] NFC…R:PROFILING:DIAMOND_BLASTX -
[-        ] NFC…:KRAKENTOOLS_KREPORT2KRONA -
[-        ] NFC…ON_KRONA:KAIJU_KAIJU2KRONA -
[-        ] NFC…ZATION_KRONA:KRONA_CLEANUP -
[-        ] NFC…N_KRONA:KRONA_KTIMPORTTEXT -
[-        ] NFC…KRONA:MEGAN_RMA2INFO_KRONA -
[-        ] NFC…VISUALIZATION_KRONA:GUNZIP -
[-        ] NFC…ONA:KRONA_KTIMPORTTAXONOMY -
[-        ] NFC…ON_PROFILES:TAXPASTA_MERGE -
[-        ] NFC…FILES:TAXPASTA_STANDARDISE -
[-        ] NFC…CKEN_COMBINEBRACKENOUTPUTS -
Plus 7 more processes waiting for tasks…

executor >  slurm (42)
[-        ] NFC…PROFILER:TAXPROFILER:UNTAR -
[59/1c0b8e] NFC…AXPROFILER:FASTQC (GEO.59) | 8 of 10
[-        ] NFC…ORTREAD_FASTP:FASTP_SINGLE -
[8b/07438a] NFC…ASTP:FASTP_PAIRED (GEO.59) | 8 of 10
[0f/c4e4ca] NFC…:FASTQC_PROCESSED (IRL.69) | 7 of 8
[45/51bd6c] NFC…ERING:BBMAP_BBDUK (GEO.59) | 7 of 8
[33/9c2417] NFC…VAL:BOWTIE2_ALIGN (IRL.69) | 0 of 7
[-        ] NFC…HOSTREMOVAL:SAMTOOLS_INDEX -
[-        ] NFC…HOSTREMOVAL:SAMTOOLS_STATS -
[-        ] NFC…R:PROFILING:DIAMOND_BLASTX -
[-        ] NFC…:KRAKENTOOLS_KREPORT2KRONA -
[-        ] NFC…ON_KRONA:KAIJU_KAIJU2KRONA -
[-        ] NFC…ZATION_KRONA:KRONA_CLEANUP -
[-        ] NFC…N_KRONA:KRONA_KTIMPORTTEXT -
[-        ] NFC…KRONA:MEGAN_RMA2INFO_KRONA -
[-        ] NFC…VISUALIZATION_KRONA:GUNZIP -
[-        ] NFC…ONA:KRONA_KTIMPORTTAXONOMY -
[-        ] NFC…ON_PROFILES:TAXPASTA_MERGE -
[-        ] NFC…FILES:TAXPASTA_STANDARDISE -
[-        ] NFC…CKEN_COMBINEBRACKENOUTPUTS -
Plus 7 more processes waiting for tasks…

executor >  slurm (43)
[-        ] NFC…PROFILER:TAXPROFILER:UNTAR -
[41/b575aa] NFC…AXPROFILER:FASTQC (IND.11) | 9 of 10
[-        ] NFC…ORTREAD_FASTP:FASTP_SINGLE -
[8b/07438a] NFC…ASTP:FASTP_PAIRED (GEO.59) | 8 of 10
[c1/74eea7] NFC…:FASTQC_PROCESSED (GEO.59) | 7 of 8
[45/51bd6c] NFC…ERING:BBMAP_BBDUK (GEO.59) | 7 of 8
[33/9c2417] NFC…VAL:BOWTIE2_ALIGN (IRL.69) | 0 of 7
[-        ] NFC…HOSTREMOVAL:SAMTOOLS_INDEX -
[-        ] NFC…HOSTREMOVAL:SAMTOOLS_STATS -
[-        ] NFC…R:PROFILING:DIAMOND_BLASTX -
[-        ] NFC…:KRAKENTOOLS_KREPORT2KRONA -
[-        ] NFC…ON_KRONA:KAIJU_KAIJU2KRONA -
[-        ] NFC…ZATION_KRONA:KRONA_CLEANUP -
[-        ] NFC…N_KRONA:KRONA_KTIMPORTTEXT -
[-        ] NFC…KRONA:MEGAN_RMA2INFO_KRONA -
[-        ] NFC…VISUALIZATION_KRONA:GUNZIP -
[-        ] NFC…ONA:KRONA_KTIMPORTTAXONOMY -
[-        ] NFC…ON_PROFILES:TAXPASTA_MERGE -
[-        ] NFC…FILES:TAXPASTA_STANDARDISE -
[-        ] NFC…CKEN_COMBINEBRACKENOUTPUTS -
Plus 7 more processes waiting for tasks…

executor >  slurm (43)
[-        ] NFC…PROFILER:TAXPROFILER:UNTAR -
[41/b575aa] NFC…AXPROFILER:FASTQC (IND.11) | 9 of 10
[-        ] NFC…ORTREAD_FASTP:FASTP_SINGLE -
[86/4d5fd5] NFC…ASTP:FASTP_PAIRED (IND.11) | 9 of 10
[c1/74eea7] NFC…:FASTQC_PROCESSED (GEO.59) | 7 of 9
[45/51bd6c] NFC…ERING:BBMAP_BBDUK (GEO.59) | 7 of 9
[33/9c2417] NFC…VAL:BOWTIE2_ALIGN (IRL.69) | 0 of 7
[-        ] NFC…HOSTREMOVAL:SAMTOOLS_INDEX -
[-        ] NFC…HOSTREMOVAL:SAMTOOLS_STATS -
[-        ] NFC…R:PROFILING:DIAMOND_BLASTX -
[-        ] NFC…:KRAKENTOOLS_KREPORT2KRONA -
[-        ] NFC…ON_KRONA:KAIJU_KAIJU2KRONA -
[-        ] NFC…ZATION_KRONA:KRONA_CLEANUP -
[-        ] NFC…N_KRONA:KRONA_KTIMPORTTEXT -
[-        ] NFC…KRONA:MEGAN_RMA2INFO_KRONA -
[-        ] NFC…VISUALIZATION_KRONA:GUNZIP -
[-        ] NFC…ONA:KRONA_KTIMPORTTAXONOMY -
[-        ] NFC…ON_PROFILES:TAXPASTA_MERGE -
[-        ] NFC…FILES:TAXPASTA_STANDARDISE -
[-        ] NFC…CKEN_COMBINEBRACKENOUTPUTS -
Plus 7 more processes waiting for tasks…

executor >  slurm (45)
[-        ] NFC…PROFILER:TAXPROFILER:UNTAR -
[41/b575aa] NFC…AXPROFILER:FASTQC (IND.11) | 9 of 10
[-        ] NFC…ORTREAD_FASTP:FASTP_SINGLE -
[86/4d5fd5] NFC…ASTP:FASTP_PAIRED (IND.11) | 9 of 10
[60/0a702a] NFC…:FASTQC_PROCESSED (IND.11) | 7 of 9
[9e/f006a5] NFC…ERING:BBMAP_BBDUK (IND.11) | 7 of 9
[33/9c2417] NFC…VAL:BOWTIE2_ALIGN (IRL.69) | 0 of 7
[-        ] NFC…HOSTREMOVAL:SAMTOOLS_INDEX -
[-        ] NFC…HOSTREMOVAL:SAMTOOLS_STATS -
[-        ] NFC…R:PROFILING:DIAMOND_BLASTX -
[-        ] NFC…:KRAKENTOOLS_KREPORT2KRONA -
[-        ] NFC…ON_KRONA:KAIJU_KAIJU2KRONA -
[-        ] NFC…ZATION_KRONA:KRONA_CLEANUP -
[-        ] NFC…N_KRONA:KRONA_KTIMPORTTEXT -
[-        ] NFC…KRONA:MEGAN_RMA2INFO_KRONA -
[-        ] NFC…VISUALIZATION_KRONA:GUNZIP -
[-        ] NFC…ONA:KRONA_KTIMPORTTAXONOMY -
[-        ] NFC…ON_PROFILES:TAXPASTA_MERGE -
[-        ] NFC…FILES:TAXPASTA_STANDARDISE -
[-        ] NFC…CKEN_COMBINEBRACKENOUTPUTS -
Plus 7 more processes waiting for tasks…

executor >  slurm (45)
[-        ] NFC…PROFILER:TAXPROFILER:UNTAR -
[41/b575aa] NFC…AXPROFILER:FASTQC (IND.11) | 9 of 10
[-        ] NFC…ORTREAD_FASTP:FASTP_SINGLE -
[86/4d5fd5] NFC…ASTP:FASTP_PAIRED (IND.11) | 9 of 10
[60/0a702a] NFC…:FASTQC_PROCESSED (IND.11) | 7 of 9
[9e/f006a5] NFC…ERING:BBMAP_BBDUK (IND.11) | 7 of 9
[33/9c2417] NFC…VAL:BOWTIE2_ALIGN (IRL.69) | 0 of 7
[-        ] NFC…HOSTREMOVAL:SAMTOOLS_INDEX -
[-        ] NFC…HOSTREMOVAL:SAMTOOLS_STATS -
[-        ] NFC…R:PROFILING:DIAMOND_BLASTX -
[-        ] NFC…:KRAKENTOOLS_KREPORT2KRONA -
[-        ] NFC…ON_KRONA:KAIJU_KAIJU2KRONA -
[-        ] NFC…ZATION_KRONA:KRONA_CLEANUP -
[-        ] NFC…N_KRONA:KRONA_KTIMPORTTEXT -
[-        ] NFC…KRONA:MEGAN_RMA2INFO_KRONA -
[-        ] NFC…VISUALIZATION_KRONA:GUNZIP -
[-        ] NFC…ONA:KRONA_KTIMPORTTAXONOMY -
[-        ] NFC…ON_PROFILES:TAXPASTA_MERGE -
[-        ] NFC…FILES:TAXPASTA_STANDARDISE -
[-        ] NFC…CKEN_COMBINEBRACKENOUTPUTS -
Plus 7 more processes waiting for tasks…

executor >  slurm (46)
[-        ] NFC…PROFILER:TAXPROFILER:UNTAR -
[41/b575aa] NFC…AXPROFILER:FASTQC (IND.11) | 9 of 10
[-        ] NFC…ORTREAD_FASTP:FASTP_SINGLE -
[86/4d5fd5] NFC…ASTP:FASTP_PAIRED (IND.11) | 9 of 10
[60/0a702a] NFC…:FASTQC_PROCESSED (IND.11) | 7 of 9
[45/51bd6c] NFC…ERING:BBMAP_BBDUK (GEO.59) | 8 of 9
[83/8a95c9] NFC…VAL:BOWTIE2_ALIGN (GEO.59) | 0 of 8
[-        ] NFC…HOSTREMOVAL:SAMTOOLS_INDEX -
[-        ] NFC…HOSTREMOVAL:SAMTOOLS_STATS -
[-        ] NFC…R:PROFILING:DIAMOND_BLASTX -
[-        ] NFC…:KRAKENTOOLS_KREPORT2KRONA -
[-        ] NFC…ON_KRONA:KAIJU_KAIJU2KRONA -
[-        ] NFC…ZATION_KRONA:KRONA_CLEANUP -
[-        ] NFC…N_KRONA:KRONA_KTIMPORTTEXT -
[-        ] NFC…KRONA:MEGAN_RMA2INFO_KRONA -
[-        ] NFC…VISUALIZATION_KRONA:GUNZIP -
[-        ] NFC…ONA:KRONA_KTIMPORTTAXONOMY -
[-        ] NFC…ON_PROFILES:TAXPASTA_MERGE -
[-        ] NFC…FILES:TAXPASTA_STANDARDISE -
[-        ] NFC…CKEN_COMBINEBRACKENOUTPUTS -
Plus 7 more processes waiting for tasks…

executor >  slurm (46)
[-        ] NFC…PROFILER:TAXPROFILER:UNTAR -
[41/b575aa] NFC…AXPROFILER:FASTQC (IND.11) | 9 of 10
[-        ] NFC…ORTREAD_FASTP:FASTP_SINGLE -
[86/4d5fd5] NFC…ASTP:FASTP_PAIRED (IND.11) | 9 of 10
[60/0a702a] NFC…:FASTQC_PROCESSED (IND.11) | 7 of 9
[45/51bd6c] NFC…ERING:BBMAP_BBDUK (GEO.59) | 8 of 9
[83/8a95c9] NFC…VAL:BOWTIE2_ALIGN (GEO.59) | 0 of 8
[-        ] NFC…HOSTREMOVAL:SAMTOOLS_INDEX -
[-        ] NFC…HOSTREMOVAL:SAMTOOLS_STATS -
[-        ] NFC…R:PROFILING:DIAMOND_BLASTX -
[-        ] NFC…:KRAKENTOOLS_KREPORT2KRONA -
[-        ] NFC…ON_KRONA:KAIJU_KAIJU2KRONA -
[-        ] NFC…ZATION_KRONA:KRONA_CLEANUP -
[-        ] NFC…N_KRONA:KRONA_KTIMPORTTEXT -
[-        ] NFC…KRONA:MEGAN_RMA2INFO_KRONA -
[-        ] NFC…VISUALIZATION_KRONA:GUNZIP -
[-        ] NFC…ONA:KRONA_KTIMPORTTAXONOMY -
[-        ] NFC…ON_PROFILES:TAXPASTA_MERGE -
[-        ] NFC…FILES:TAXPASTA_STANDARDISE -
[-        ] NFC…CKEN_COMBINEBRACKENOUTPUTS -
Plus 7 more processes waiting for tasks…

executor >  slurm (48)
[-        ] NFC…PROFILER:TAXPROFILER:UNTAR -
[41/b575aa] NFC…AXPROFILER:FASTQC (IND.11) | 9 of 10
[-        ] NFC…ORTREAD_FASTP:FASTP_SINGLE -
[56/2355f2] NFC…FASTP:FASTP_PAIRED (GHA.4) | 10 of 10 ✔
[15/4d8f96] NFC…G:FASTQC_PROCESSED (GHA.4) | 7 of 10
[1d/449e77] NFC…TERING:BBMAP_BBDUK (GHA.4) | 8 of 10
[83/8a95c9] NFC…VAL:BOWTIE2_ALIGN (GEO.59) | 0 of 8
[-        ] NFC…HOSTREMOVAL:SAMTOOLS_INDEX -
[-        ] NFC…HOSTREMOVAL:SAMTOOLS_STATS -
[-        ] NFC…R:PROFILING:DIAMOND_BLASTX -
[-        ] NFC…:KRAKENTOOLS_KREPORT2KRONA -
[-        ] NFC…ON_KRONA:KAIJU_KAIJU2KRONA -
[-        ] NFC…ZATION_KRONA:KRONA_CLEANUP -
[-        ] NFC…N_KRONA:KRONA_KTIMPORTTEXT -
[-        ] NFC…KRONA:MEGAN_RMA2INFO_KRONA -
[-        ] NFC…VISUALIZATION_KRONA:GUNZIP -
[-        ] NFC…ONA:KRONA_KTIMPORTTAXONOMY -
[-        ] NFC…ON_PROFILES:TAXPASTA_MERGE -
[-        ] NFC…FILES:TAXPASTA_STANDARDISE -
[-        ] NFC…CKEN_COMBINEBRACKENOUTPUTS -
Plus 7 more processes waiting for tasks…

executor >  slurm (48)
[-        ] NFC…PROFILER:TAXPROFILER:UNTAR -
[41/b575aa] NFC…AXPROFILER:FASTQC (IND.11) | 9 of 10
[-        ] NFC…ORTREAD_FASTP:FASTP_SINGLE -
[56/2355f2] NFC…FASTP:FASTP_PAIRED (GHA.4) | 10 of 10 ✔
[15/4d8f96] NFC…G:FASTQC_PROCESSED (GHA.4) | 7 of 10
[1d/449e77] NFC…TERING:BBMAP_BBDUK (GHA.4) | 8 of 10
[83/8a95c9] NFC…VAL:BOWTIE2_ALIGN (GEO.59) | 0 of 8
[-        ] NFC…HOSTREMOVAL:SAMTOOLS_INDEX | 0 of 1
[-        ] NFC…HOSTREMOVAL:SAMTOOLS_STATS -
[-        ] NFC…R:PROFILING:DIAMOND_BLASTX -
[-        ] NFC…:KRAKENTOOLS_KREPORT2KRONA -
[-        ] NFC…ON_KRONA:KAIJU_KAIJU2KRONA -
[-        ] NFC…ZATION_KRONA:KRONA_CLEANUP -
[-        ] NFC…N_KRONA:KRONA_KTIMPORTTEXT -
[-        ] NFC…KRONA:MEGAN_RMA2INFO_KRONA -
[-        ] NFC…VISUALIZATION_KRONA:GUNZIP -
[-        ] NFC…ONA:KRONA_KTIMPORTTAXONOMY -
[-        ] NFC…ON_PROFILES:TAXPASTA_MERGE -
[-        ] NFC…FILES:TAXPASTA_STANDARDISE -
[-        ] NFC…CKEN_COMBINEBRACKENOUTPUTS -
Plus 7 more processes waiting for tasks…
WARN: [nf-core/taxprofiler] DIAMOND does not accept paired-end files as input. Only read 1 will be used for profiling. Running DIAMOND for sample HUN.61 using only read 1.

executor >  slurm (49)
[-        ] NFC…PROFILER:TAXPROFILER:UNTAR -
[41/b575aa] NFC…AXPROFILER:FASTQC (IND.11) | 9 of 10
[-        ] NFC…ORTREAD_FASTP:FASTP_SINGLE -
[56/2355f2] NFC…FASTP:FASTP_PAIRED (GHA.4) | 10 of 10 ✔
[15/4d8f96] NFC…G:FASTQC_PROCESSED (GHA.4) | 7 of 10
[1d/449e77] NFC…TERING:BBMAP_BBDUK (GHA.4) | 8 of 10
[ed/ca777c] NFC…VAL:BOWTIE2_ALIGN (HUN.61) | 1 of 8
[be/0ac83f] NFC…AL:SAMTOOLS_INDEX (HUN.61) | 0 of 1
[-        ] NFC…HOSTREMOVAL:SAMTOOLS_STATS -
[-        ] NFC…R:PROFILING:DIAMOND_BLASTX -
[-        ] NFC…:KRAKENTOOLS_KREPORT2KRONA -
[-        ] NFC…ON_KRONA:KAIJU_KAIJU2KRONA -
[-        ] NFC…ZATION_KRONA:KRONA_CLEANUP -
[-        ] NFC…N_KRONA:KRONA_KTIMPORTTEXT -
[-        ] NFC…KRONA:MEGAN_RMA2INFO_KRONA -
[-        ] NFC…VISUALIZATION_KRONA:GUNZIP -
[-        ] NFC…ONA:KRONA_KTIMPORTTAXONOMY -
[-        ] NFC…ON_PROFILES:TAXPASTA_MERGE -
[-        ] NFC…FILES:TAXPASTA_STANDARDISE -
[-        ] NFC…CKEN_COMBINEBRACKENOUTPUTS -
Plus 7 more processes waiting for tasks…
WARN: [nf-core/taxprofiler] DIAMOND does not accept paired-end files as input. Only read 1 will be used for profiling. Running DIAMOND for sample HUN.61 using only read 1.

executor >  slurm (49)
[-        ] NFC…PROFILER:TAXPROFILER:UNTAR -
[41/b575aa] NFC…AXPROFILER:FASTQC (IND.11) | 9 of 10
[-        ] NFC…ORTREAD_FASTP:FASTP_SINGLE -
[56/2355f2] NFC…FASTP:FASTP_PAIRED (GHA.4) | 10 of 10 ✔
[15/4d8f96] NFC…G:FASTQC_PROCESSED (GHA.4) | 7 of 10
[1d/449e77] NFC…TERING:BBMAP_BBDUK (GHA.4) | 8 of 10
[ed/ca777c] NFC…VAL:BOWTIE2_ALIGN (HUN.61) | 1 of 8
[be/0ac83f] NFC…AL:SAMTOOLS_INDEX (HUN.61) | 0 of 1
[-        ] NFC…HOSTREMOVAL:SAMTOOLS_STATS -
[-        ] NFC…R:PROFILING:DIAMOND_BLASTX | 0 of 1
[-        ] NFC…:KRAKENTOOLS_KREPORT2KRONA -
[-        ] NFC…ON_KRONA:KAIJU_KAIJU2KRONA -
[-        ] NFC…ZATION_KRONA:KRONA_CLEANUP -
[-        ] NFC…N_KRONA:KRONA_KTIMPORTTEXT -
[-        ] NFC…KRONA:MEGAN_RMA2INFO_KRONA -
[-        ] NFC…VISUALIZATION_KRONA:GUNZIP -
[-        ] NFC…ONA:KRONA_KTIMPORTTAXONOMY -
[-        ] NFC…ON_PROFILES:TAXPASTA_MERGE -
[-        ] NFC…FILES:TAXPASTA_STANDARDISE -
[-        ] NFC…CKEN_COMBINEBRACKENOUTPUTS -
Plus 7 more processes waiting for tasks…
WARN: [nf-core/taxprofiler] DIAMOND does not accept paired-end files as input. Only read 1 will be used for profiling. Running DIAMOND for sample HUN.61 using only read 1.

executor >  slurm (50)
[-        ] NFC…PROFILER:TAXPROFILER:UNTAR -
[41/b575aa] NFC…AXPROFILER:FASTQC (IND.11) | 9 of 10
[-        ] NFC…ORTREAD_FASTP:FASTP_SINGLE -
[56/2355f2] NFC…FASTP:FASTP_PAIRED (GHA.4) | 10 of 10 ✔
[15/4d8f96] NFC…G:FASTQC_PROCESSED (GHA.4) | 7 of 10
[1d/449e77] NFC…TERING:BBMAP_BBDUK (GHA.4) | 8 of 10
[ed/ca777c] NFC…VAL:BOWTIE2_ALIGN (HUN.61) | 1 of 8
[be/0ac83f] NFC…AL:SAMTOOLS_INDEX (HUN.61) | 0 of 1
[-        ] NFC…HOSTREMOVAL:SAMTOOLS_STATS -
[54/97b26e] NFC…IAMOND_BLASTX (db6|HUN.61) | 0 of 1
[-        ] NFC…:KRAKENTOOLS_KREPORT2KRONA -
[-        ] NFC…ON_KRONA:KAIJU_KAIJU2KRONA -
[-        ] NFC…ZATION_KRONA:KRONA_CLEANUP -
[-        ] NFC…N_KRONA:KRONA_KTIMPORTTEXT -
[-        ] NFC…KRONA:MEGAN_RMA2INFO_KRONA -
[-        ] NFC…VISUALIZATION_KRONA:GUNZIP -
[-        ] NFC…ONA:KRONA_KTIMPORTTAXONOMY -
[-        ] NFC…ON_PROFILES:TAXPASTA_MERGE -
[-        ] NFC…FILES:TAXPASTA_STANDARDISE -
[-        ] NFC…CKEN_COMBINEBRACKENOUTPUTS -
Plus 7 more processes waiting for tasks…
WARN: [nf-core/taxprofiler] DIAMOND does not accept paired-end files as input. Only read 1 will be used for profiling. Running DIAMOND for sample HUN.61 using only read 1.

executor >  slurm (50)
[-        ] NFC…PROFILER:TAXPROFILER:UNTAR -
[41/b575aa] NFC…AXPROFILER:FASTQC (IND.11) | 9 of 10
[-        ] NFC…ORTREAD_FASTP:FASTP_SINGLE -
[56/2355f2] NFC…FASTP:FASTP_PAIRED (GHA.4) | 10 of 10 ✔
[15/4d8f96] NFC…G:FASTQC_PROCESSED (GHA.4) | 7 of 10
[1d/449e77] NFC…TERING:BBMAP_BBDUK (GHA.4) | 8 of 10
[ed/ca777c] NFC…VAL:BOWTIE2_ALIGN (HUN.61) | 1 of 8
[be/0ac83f] NFC…AL:SAMTOOLS_INDEX (HUN.61) | 0 of 1
[-        ] NFC…HOSTREMOVAL:SAMTOOLS_STATS -
[54/97b26e] NFC…IAMOND_BLASTX (db6|HUN.61) | 0 of 1
[-        ] NFC…:KRAKENTOOLS_KREPORT2KRONA -
[-        ] NFC…ON_KRONA:KAIJU_KAIJU2KRONA -
[-        ] NFC…ZATION_KRONA:KRONA_CLEANUP -
[-        ] NFC…N_KRONA:KRONA_KTIMPORTTEXT -
[-        ] NFC…KRONA:MEGAN_RMA2INFO_KRONA -
[-        ] NFC…VISUALIZATION_KRONA:GUNZIP -
[-        ] NFC…ONA:KRONA_KTIMPORTTAXONOMY -
[-        ] NFC…ON_PROFILES:TAXPASTA_MERGE -
[-        ] NFC…FILES:TAXPASTA_STANDARDISE -
[-        ] NFC…CKEN_COMBINEBRACKENOUTPUTS -
Plus 7 more processes waiting for tasks…
WARN: [nf-core/taxprofiler] DIAMOND does not accept paired-end files as input. Only read 1 will be used for profiling. Running DIAMOND for sample HUN.61 using only read 1.

executor >  slurm (50)
[-        ] NFC…PROFILER:TAXPROFILER:UNTAR -
[96/b51c19] NFC…TAXPROFILER:FASTQC (GHA.4) | 10 of 10 ✔
[-        ] NFC…ORTREAD_FASTP:FASTP_SINGLE -
[56/2355f2] NFC…FASTP:FASTP_PAIRED (GHA.4) | 10 of 10 ✔
[15/4d8f96] NFC…G:FASTQC_PROCESSED (GHA.4) | 7 of 10
[1d/449e77] NFC…TERING:BBMAP_BBDUK (GHA.4) | 8 of 10
[ed/ca777c] NFC…VAL:BOWTIE2_ALIGN (HUN.61) | 1 of 8
[be/0ac83f] NFC…AL:SAMTOOLS_INDEX (HUN.61) | 0 of 1
[-        ] NFC…HOSTREMOVAL:SAMTOOLS_STATS -
[54/97b26e] NFC…IAMOND_BLASTX (db6|HUN.61) | 0 of 1
[-        ] NFC…:KRAKENTOOLS_KREPORT2KRONA -
[-        ] NFC…ON_KRONA:KAIJU_KAIJU2KRONA -
[-        ] NFC…ZATION_KRONA:KRONA_CLEANUP -
[-        ] NFC…N_KRONA:KRONA_KTIMPORTTEXT -
[-        ] NFC…KRONA:MEGAN_RMA2INFO_KRONA -
[-        ] NFC…VISUALIZATION_KRONA:GUNZIP -
[-        ] NFC…ONA:KRONA_KTIMPORTTAXONOMY -
[-        ] NFC…ON_PROFILES:TAXPASTA_MERGE -
[-        ] NFC…FILES:TAXPASTA_STANDARDISE -
[-        ] NFC…CKEN_COMBINEBRACKENOUTPUTS -
Plus 7 more processes waiting for tasks…
WARN: [nf-core/taxprofiler] DIAMOND does not accept paired-end files as input. Only read 1 will be used for profiling. Running DIAMOND for sample HUN.61 using only read 1.

executor >  slurm (50)
[-        ] NFC…PROFILER:TAXPROFILER:UNTAR -
[96/b51c19] NFC…TAXPROFILER:FASTQC (GHA.4) | 10 of 10 ✔
[-        ] NFC…ORTREAD_FASTP:FASTP_SINGLE -
[56/2355f2] NFC…FASTP:FASTP_PAIRED (GHA.4) | 10 of 10 ✔
[15/4d8f96] NFC…G:FASTQC_PROCESSED (GHA.4) | 7 of 10
[1d/449e77] NFC…TERING:BBMAP_BBDUK (GHA.4) | 8 of 10
[ed/ca777c] NFC…VAL:BOWTIE2_ALIGN (HUN.61) | 1 of 8
[be/0ac83f] NFC…AL:SAMTOOLS_INDEX (HUN.61) | 1 of 1
[-        ] NFC…HOSTREMOVAL:SAMTOOLS_STATS | 0 of 1
[54/97b26e] NFC…IAMOND_BLASTX (db6|HUN.61) | 0 of 1
[-        ] NFC…:KRAKENTOOLS_KREPORT2KRONA -
[-        ] NFC…ON_KRONA:KAIJU_KAIJU2KRONA -
[-        ] NFC…ZATION_KRONA:KRONA_CLEANUP -
[-        ] NFC…N_KRONA:KRONA_KTIMPORTTEXT -
[-        ] NFC…KRONA:MEGAN_RMA2INFO_KRONA -
[-        ] NFC…VISUALIZATION_KRONA:GUNZIP -
[-        ] NFC…ONA:KRONA_KTIMPORTTAXONOMY -
[-        ] NFC…ON_PROFILES:TAXPASTA_MERGE -
[-        ] NFC…FILES:TAXPASTA_STANDARDISE -
[-        ] NFC…CKEN_COMBINEBRACKENOUTPUTS -
Plus 7 more processes waiting for tasks…


executor >  slurm (51)
[-        ] NFC…PROFILER:TAXPROFILER:UNTAR -
[96/b51c19] NFC…TAXPROFILER:FASTQC (GHA.4) | 10 of 10 ✔
[-        ] NFC…ORTREAD_FASTP:FASTP_SINGLE -
[56/2355f2] NFC…FASTP:FASTP_PAIRED (GHA.4) | 10 of 10 ✔
[c1/74eea7] NFC…:FASTQC_PROCESSED (GEO.59) | 8 of 10
[1d/449e77] NFC…TERING:BBMAP_BBDUK (GHA.4) | 8 of 10
[ed/ca777c] NFC…VAL:BOWTIE2_ALIGN (HUN.61) | 1 of 8
[be/0ac83f] NFC…AL:SAMTOOLS_INDEX (HUN.61) | 1 of 1
[1e/acf6d9] NFC…AL:SAMTOOLS_STATS (HUN.61) | 0 of 1
[54/97b26e] NFC…IAMOND_BLASTX (db6|HUN.61) | 0 of 1
[-        ] NFC…:KRAKENTOOLS_KREPORT2KRONA -
[-        ] NFC…ON_KRONA:KAIJU_KAIJU2KRONA -
[-        ] NFC…ZATION_KRONA:KRONA_CLEANUP -
[-        ] NFC…N_KRONA:KRONA_KTIMPORTTEXT -
[-        ] NFC…KRONA:MEGAN_RMA2INFO_KRONA -
[-        ] NFC…VISUALIZATION_KRONA:GUNZIP -
[-        ] NFC…ONA:KRONA_KTIMPORTTAXONOMY -
[-        ] NFC…ON_PROFILES:TAXPASTA_MERGE -
[-        ] NFC…FILES:TAXPASTA_STANDARDISE -
[-        ] NFC…CKEN_COMBINEBRACKENOUTPUTS -
Plus 7 more processes waiting for tasks…


executor >  slurm (51)
[-        ] NFC…PROFILER:TAXPROFILER:UNTAR -
[96/b51c19] NFC…TAXPROFILER:FASTQC (GHA.4) | 10 of 10 ✔
[-        ] NFC…ORTREAD_FASTP:FASTP_SINGLE -
[56/2355f2] NFC…FASTP:FASTP_PAIRED (GHA.4) | 10 of 10 ✔
[c1/74eea7] NFC…:FASTQC_PROCESSED (GEO.59) | 8 of 10
[1d/449e77] NFC…TERING:BBMAP_BBDUK (GHA.4) | 8 of 10
[ed/ca777c] NFC…VAL:BOWTIE2_ALIGN (HUN.61) | 1 of 8
[be/0ac83f] NFC…AL:SAMTOOLS_INDEX (HUN.61) | 1 of 1
[1e/acf6d9] NFC…AL:SAMTOOLS_STATS (HUN.61) | 0 of 1
[54/97b26e] NFC…IAMOND_BLASTX (db6|HUN.61) | 0 of 1
[-        ] NFC…:KRAKENTOOLS_KREPORT2KRONA -
[-        ] NFC…ON_KRONA:KAIJU_KAIJU2KRONA -
[-        ] NFC…ZATION_KRONA:KRONA_CLEANUP -
[-        ] NFC…N_KRONA:KRONA_KTIMPORTTEXT -
[-        ] NFC…KRONA:MEGAN_RMA2INFO_KRONA -
[-        ] NFC…VISUALIZATION_KRONA:GUNZIP -
[-        ] NFC…ONA:KRONA_KTIMPORTTAXONOMY -
[-        ] NFC…ON_PROFILES:TAXPASTA_MERGE -
[-        ] NFC…FILES:TAXPASTA_STANDARDISE -
[-        ] NFC…CKEN_COMBINEBRACKENOUTPUTS -
Plus 7 more processes waiting for tasks…

executor >  slurm (51)
[-        ] NFC…PROFILER:TAXPROFILER:UNTAR -
[96/b51c19] NFC…TAXPROFILER:FASTQC (GHA.4) | 10 of 10 ✔
[-        ] NFC…ORTREAD_FASTP:FASTP_SINGLE -
[56/2355f2] NFC…FASTP:FASTP_PAIRED (GHA.4) | 10 of 10 ✔
[c1/74eea7] NFC…:FASTQC_PROCESSED (GEO.59) | 8 of 10
[9e/f006a5] NFC…ERING:BBMAP_BBDUK (IND.11) | 9 of 10
[ed/ca777c] NFC…VAL:BOWTIE2_ALIGN (HUN.61) | 1 of 8
[be/0ac83f] NFC…AL:SAMTOOLS_INDEX (HUN.61) | 1 of 1
[1e/acf6d9] NFC…AL:SAMTOOLS_STATS (HUN.61) | 0 of 1
[54/97b26e] NFC…IAMOND_BLASTX (db6|HUN.61) | 0 of 1
[-        ] NFC…:KRAKENTOOLS_KREPORT2KRONA -
[-        ] NFC…ON_KRONA:KAIJU_KAIJU2KRONA -
[-        ] NFC…ZATION_KRONA:KRONA_CLEANUP -
[-        ] NFC…N_KRONA:KRONA_KTIMPORTTEXT -
[-        ] NFC…KRONA:MEGAN_RMA2INFO_KRONA -
[-        ] NFC…VISUALIZATION_KRONA:GUNZIP -
[-        ] NFC…ONA:KRONA_KTIMPORTTAXONOMY -
[-        ] NFC…ON_PROFILES:TAXPASTA_MERGE -
[-        ] NFC…FILES:TAXPASTA_STANDARDISE -
[-        ] NFC…CKEN_COMBINEBRACKENOUTPUTS -
Plus 7 more processes waiting for tasks…

executor >  slurm (52)
[-        ] NFC…PROFILER:TAXPROFILER:UNTAR -
[96/b51c19] NFC…TAXPROFILER:FASTQC (GHA.4) | 10 of 10 ✔
[-        ] NFC…ORTREAD_FASTP:FASTP_SINGLE -
[56/2355f2] NFC…FASTP:FASTP_PAIRED (GHA.4) | 10 of 10 ✔
[c1/74eea7] NFC…:FASTQC_PROCESSED (GEO.59) | 8 of 10
[9e/f006a5] NFC…ERING:BBMAP_BBDUK (IND.11) | 9 of 10
[8b/02bc6e] NFC…VAL:BOWTIE2_ALIGN (IND.11) | 1 of 9
[be/0ac83f] NFC…AL:SAMTOOLS_INDEX (HUN.61) | 1 of 1
[1e/acf6d9] NFC…AL:SAMTOOLS_STATS (HUN.61) | 0 of 1
[54/97b26e] NFC…IAMOND_BLASTX (db6|HUN.61) | 0 of 1
[-        ] NFC…:KRAKENTOOLS_KREPORT2KRONA -
[-        ] NFC…ON_KRONA:KAIJU_KAIJU2KRONA -
[-        ] NFC…ZATION_KRONA:KRONA_CLEANUP -
[-        ] NFC…N_KRONA:KRONA_KTIMPORTTEXT -
[-        ] NFC…KRONA:MEGAN_RMA2INFO_KRONA -
[-        ] NFC…VISUALIZATION_KRONA:GUNZIP -
[-        ] NFC…ONA:KRONA_KTIMPORTTAXONOMY -
[-        ] NFC…ON_PROFILES:TAXPASTA_MERGE -
[-        ] NFC…FILES:TAXPASTA_STANDARDISE -
[-        ] NFC…CKEN_COMBINEBRACKENOUTPUTS -
Plus 7 more processes waiting for tasks…

executor >  slurm (52)
[-        ] NFC…PROFILER:TAXPROFILER:UNTAR -
[96/b51c19] NFC…TAXPROFILER:FASTQC (GHA.4) | 10 of 10 ✔
[-        ] NFC…ORTREAD_FASTP:FASTP_SINGLE -
[56/2355f2] NFC…FASTP:FASTP_PAIRED (GHA.4) | 10 of 10 ✔
[c1/74eea7] NFC…:FASTQC_PROCESSED (GEO.59) | 8 of 10
[9e/f006a5] NFC…ERING:BBMAP_BBDUK (IND.11) | 9 of 10
[8b/02bc6e] NFC…VAL:BOWTIE2_ALIGN (IND.11) | 1 of 9
[be/0ac83f] NFC…AL:SAMTOOLS_INDEX (HUN.61) | 1 of 1
[1e/acf6d9] NFC…AL:SAMTOOLS_STATS (HUN.61) | 0 of 1
[54/97b26e] NFC…IAMOND_BLASTX (db6|HUN.61) | 0 of 1
[-        ] NFC…:KRAKENTOOLS_KREPORT2KRONA -
[-        ] NFC…ON_KRONA:KAIJU_KAIJU2KRONA -
[-        ] NFC…ZATION_KRONA:KRONA_CLEANUP -
[-        ] NFC…N_KRONA:KRONA_KTIMPORTTEXT -
[-        ] NFC…KRONA:MEGAN_RMA2INFO_KRONA -
[-        ] NFC…VISUALIZATION_KRONA:GUNZIP -
[-        ] NFC…ONA:KRONA_KTIMPORTTAXONOMY -
[-        ] NFC…ON_PROFILES:TAXPASTA_MERGE -
[-        ] NFC…FILES:TAXPASTA_STANDARDISE -
[-        ] NFC…CKEN_COMBINEBRACKENOUTPUTS -
Plus 7 more processes waiting for tasks…

executor >  slurm (52)
[-        ] NFC…PROFILER:TAXPROFILER:UNTAR -
[96/b51c19] NFC…TAXPROFILER:FASTQC (GHA.4) | 10 of 10 ✔
[-        ] NFC…ORTREAD_FASTP:FASTP_SINGLE -
[56/2355f2] NFC…FASTP:FASTP_PAIRED (GHA.4) | 10 of 10 ✔
[c1/74eea7] NFC…:FASTQC_PROCESSED (GEO.59) | 8 of 10
[9e/f006a5] NFC…ERING:BBMAP_BBDUK (IND.11) | 9 of 10
[8b/02bc6e] NFC…VAL:BOWTIE2_ALIGN (IND.11) | 1 of 9
[be/0ac83f] NFC…AL:SAMTOOLS_INDEX (HUN.61) | 1 of 1
[1e/acf6d9] NFC…AL:SAMTOOLS_STATS (HUN.61) | 1 of 1
[54/97b26e] NFC…IAMOND_BLASTX (db6|HUN.61) | 0 of 1
[-        ] NFC…:KRAKENTOOLS_KREPORT2KRONA -
[-        ] NFC…ON_KRONA:KAIJU_KAIJU2KRONA -
[-        ] NFC…ZATION_KRONA:KRONA_CLEANUP -
[-        ] NFC…N_KRONA:KRONA_KTIMPORTTEXT -
[-        ] NFC…KRONA:MEGAN_RMA2INFO_KRONA -
[-        ] NFC…VISUALIZATION_KRONA:GUNZIP -
[-        ] NFC…ONA:KRONA_KTIMPORTTAXONOMY -
[-        ] NFC…ON_PROFILES:TAXPASTA_MERGE -
[-        ] NFC…FILES:TAXPASTA_STANDARDISE -
[-        ] NFC…CKEN_COMBINEBRACKENOUTPUTS -
Plus 7 more processes waiting for tasks…

executor >  slurm (52)
[-        ] NFC…PROFILER:TAXPROFILER:UNTAR -
[96/b51c19] NFC…TAXPROFILER:FASTQC (GHA.4) | 10 of 10 ✔
[-        ] NFC…ORTREAD_FASTP:FASTP_SINGLE -
[56/2355f2] NFC…FASTP:FASTP_PAIRED (GHA.4) | 10 of 10 ✔
[c1/74eea7] NFC…:FASTQC_PROCESSED (GEO.59) | 8 of 10
[9e/f006a5] NFC…ERING:BBMAP_BBDUK (IND.11) | 9 of 10
[4e/7f7794] NFC…VAL:BOWTIE2_ALIGN (ISR.29) | 2 of 9
[be/0ac83f] NFC…AL:SAMTOOLS_INDEX (HUN.61) | 1 of 1
[1e/acf6d9] NFC…AL:SAMTOOLS_STATS (HUN.61) | 1 of 1
[54/97b26e] NFC…IAMOND_BLASTX (db6|HUN.61) | 0 of 1
[-        ] NFC…:KRAKENTOOLS_KREPORT2KRONA -
[-        ] NFC…ON_KRONA:KAIJU_KAIJU2KRONA -
[-        ] NFC…ZATION_KRONA:KRONA_CLEANUP -
[-        ] NFC…N_KRONA:KRONA_KTIMPORTTEXT -
[-        ] NFC…KRONA:MEGAN_RMA2INFO_KRONA -
[-        ] NFC…VISUALIZATION_KRONA:GUNZIP -
[-        ] NFC…ONA:KRONA_KTIMPORTTAXONOMY -
[-        ] NFC…ON_PROFILES:TAXPASTA_MERGE -
[-        ] NFC…FILES:TAXPASTA_STANDARDISE -
[-        ] NFC…CKEN_COMBINEBRACKENOUTPUTS -
Plus 7 more processes waiting for tasks…
WARN: [nf-core/taxprofiler] DIAMOND does not accept paired-end files as input. Only read 1 will be used for profiling. Running DIAMOND for sample ISR.29 using only read 1.

executor >  slurm (54)
[-        ] NFC…PROFILER:TAXPROFILER:UNTAR -
[96/b51c19] NFC…TAXPROFILER:FASTQC (GHA.4) | 10 of 10 ✔
[-        ] NFC…ORTREAD_FASTP:FASTP_SINGLE -
[56/2355f2] NFC…FASTP:FASTP_PAIRED (GHA.4) | 10 of 10 ✔
[c1/74eea7] NFC…:FASTQC_PROCESSED (GEO.59) | 8 of 10
[9e/f006a5] NFC…ERING:BBMAP_BBDUK (IND.11) | 9 of 10
[4e/7f7794] NFC…VAL:BOWTIE2_ALIGN (ISR.29) | 2 of 9
[2c/f900d2] NFC…AL:SAMTOOLS_INDEX (ISR.29) | 1 of 2
[1e/acf6d9] NFC…AL:SAMTOOLS_STATS (HUN.61) | 1 of 1
[a4/230db5] NFC…IAMOND_BLASTX (db6|ISR.29) | 0 of 2
[-        ] NFC…:KRAKENTOOLS_KREPORT2KRONA -
[-        ] NFC…ON_KRONA:KAIJU_KAIJU2KRONA -
[-        ] NFC…ZATION_KRONA:KRONA_CLEANUP -
[-        ] NFC…N_KRONA:KRONA_KTIMPORTTEXT -
[-        ] NFC…KRONA:MEGAN_RMA2INFO_KRONA -
[-        ] NFC…VISUALIZATION_KRONA:GUNZIP -
[-        ] NFC…ONA:KRONA_KTIMPORTTAXONOMY -
[-        ] NFC…ON_PROFILES:TAXPASTA_MERGE -
[-        ] NFC…FILES:TAXPASTA_STANDARDISE -
[-        ] NFC…CKEN_COMBINEBRACKENOUTPUTS -
Plus 7 more processes waiting for tasks…
WARN: [nf-core/taxprofiler] DIAMOND does not accept paired-end files as input. Only read 1 will be used for profiling. Running DIAMOND for sample ISR.29 using only read 1.

executor >  slurm (54)
[-        ] NFC…PROFILER:TAXPROFILER:UNTAR -
[96/b51c19] NFC…TAXPROFILER:FASTQC (GHA.4) | 10 of 10 ✔
[-        ] NFC…ORTREAD_FASTP:FASTP_SINGLE -
[56/2355f2] NFC…FASTP:FASTP_PAIRED (GHA.4) | 10 of 10 ✔
[c1/74eea7] NFC…:FASTQC_PROCESSED (GEO.59) | 8 of 10
[9e/f006a5] NFC…ERING:BBMAP_BBDUK (IND.11) | 9 of 10
[4e/7f7794] NFC…VAL:BOWTIE2_ALIGN (ISR.29) | 2 of 9
[2c/f900d2] NFC…AL:SAMTOOLS_INDEX (ISR.29) | 1 of 2
[1e/acf6d9] NFC…AL:SAMTOOLS_STATS (HUN.61) | 1 of 1
[a4/230db5] NFC…IAMOND_BLASTX (db6|ISR.29) | 0 of 2
[-        ] NFC…:KRAKENTOOLS_KREPORT2KRONA -
[-        ] NFC…ON_KRONA:KAIJU_KAIJU2KRONA -
[-        ] NFC…ZATION_KRONA:KRONA_CLEANUP -
[-        ] NFC…N_KRONA:KRONA_KTIMPORTTEXT -
[-        ] NFC…KRONA:MEGAN_RMA2INFO_KRONA -
[-        ] NFC…VISUALIZATION_KRONA:GUNZIP -
[-        ] NFC…ONA:KRONA_KTIMPORTTAXONOMY -
[-        ] NFC…ON_PROFILES:TAXPASTA_MERGE -
[-        ] NFC…FILES:TAXPASTA_STANDARDISE -
[-        ] NFC…CKEN_COMBINEBRACKENOUTPUTS -
Plus 7 more processes waiting for tasks…
WARN: [nf-core/taxprofiler] DIAMOND does not accept paired-end files as input. Only read 1 will be used for profiling. Running DIAMOND for sample ISR.29 using only read 1.

executor >  slurm (54)
[-        ] NFC…PROFILER:TAXPROFILER:UNTAR -
[96/b51c19] NFC…TAXPROFILER:FASTQC (GHA.4) | 10 of 10 ✔
[-        ] NFC…ORTREAD_FASTP:FASTP_SINGLE -
[56/2355f2] NFC…FASTP:FASTP_PAIRED (GHA.4) | 10 of 10 ✔
[c1/74eea7] NFC…:FASTQC_PROCESSED (GEO.59) | 8 of 10
[9e/f006a5] NFC…ERING:BBMAP_BBDUK (IND.11) | 9 of 10
[4e/7f7794] NFC…VAL:BOWTIE2_ALIGN (ISR.29) | 2 of 9
[2c/f900d2] NFC…AL:SAMTOOLS_INDEX (ISR.29) | 2 of 2
[1e/acf6d9] NFC…AL:SAMTOOLS_STATS (HUN.61) | 1 of 2
[a4/230db5] NFC…IAMOND_BLASTX (db6|ISR.29) | 0 of 2
[-        ] NFC…:KRAKENTOOLS_KREPORT2KRONA -
[-        ] NFC…ON_KRONA:KAIJU_KAIJU2KRONA -
[-        ] NFC…ZATION_KRONA:KRONA_CLEANUP -
[-        ] NFC…N_KRONA:KRONA_KTIMPORTTEXT -
[-        ] NFC…KRONA:MEGAN_RMA2INFO_KRONA -
[-        ] NFC…VISUALIZATION_KRONA:GUNZIP -
[-        ] NFC…ONA:KRONA_KTIMPORTTAXONOMY -
[-        ] NFC…ON_PROFILES:TAXPASTA_MERGE -
[-        ] NFC…FILES:TAXPASTA_STANDARDISE -
[-        ] NFC…CKEN_COMBINEBRACKENOUTPUTS -
Plus 7 more processes waiting for tasks…


executor >  slurm (55)
[-        ] NFC…PROFILER:TAXPROFILER:UNTAR -
[96/b51c19] NFC…TAXPROFILER:FASTQC (GHA.4) | 10 of 10 ✔
[-        ] NFC…ORTREAD_FASTP:FASTP_SINGLE -
[56/2355f2] NFC…FASTP:FASTP_PAIRED (GHA.4) | 10 of 10 ✔
[c1/74eea7] NFC…:FASTQC_PROCESSED (GEO.59) | 8 of 10
[9e/f006a5] NFC…ERING:BBMAP_BBDUK (IND.11) | 9 of 10
[4e/7f7794] NFC…VAL:BOWTIE2_ALIGN (ISR.29) | 2 of 9
[2c/f900d2] NFC…AL:SAMTOOLS_INDEX (ISR.29) | 2 of 2
[7f/a641d6] NFC…AL:SAMTOOLS_STATS (ISR.29) | 1 of 2
[a4/230db5] NFC…IAMOND_BLASTX (db6|ISR.29) | 0 of 2
[-        ] NFC…:KRAKENTOOLS_KREPORT2KRONA -
[-        ] NFC…ON_KRONA:KAIJU_KAIJU2KRONA -
[-        ] NFC…ZATION_KRONA:KRONA_CLEANUP -
[-        ] NFC…N_KRONA:KRONA_KTIMPORTTEXT -
[-        ] NFC…KRONA:MEGAN_RMA2INFO_KRONA -
[-        ] NFC…VISUALIZATION_KRONA:GUNZIP -
[-        ] NFC…ONA:KRONA_KTIMPORTTAXONOMY -
[-        ] NFC…ON_PROFILES:TAXPASTA_MERGE -
[-        ] NFC…FILES:TAXPASTA_STANDARDISE -
[-        ] NFC…CKEN_COMBINEBRACKENOUTPUTS -
Plus 7 more processes waiting for tasks…


executor >  slurm (55)
[-        ] NFC…PROFILER:TAXPROFILER:UNTAR -
[96/b51c19] NFC…TAXPROFILER:FASTQC (GHA.4) | 10 of 10 ✔
[-        ] NFC…ORTREAD_FASTP:FASTP_SINGLE -
[56/2355f2] NFC…FASTP:FASTP_PAIRED (GHA.4) | 10 of 10 ✔
[c1/74eea7] NFC…:FASTQC_PROCESSED (GEO.59) | 8 of 10
[9e/f006a5] NFC…ERING:BBMAP_BBDUK (IND.11) | 9 of 10
[4e/7f7794] NFC…VAL:BOWTIE2_ALIGN (ISR.29) | 2 of 9
[2c/f900d2] NFC…AL:SAMTOOLS_INDEX (ISR.29) | 2 of 2
[7f/a641d6] NFC…AL:SAMTOOLS_STATS (ISR.29) | 1 of 2
[a4/230db5] NFC…IAMOND_BLASTX (db6|ISR.29) | 0 of 2
[-        ] NFC…:KRAKENTOOLS_KREPORT2KRONA -
[-        ] NFC…ON_KRONA:KAIJU_KAIJU2KRONA -
[-        ] NFC…ZATION_KRONA:KRONA_CLEANUP -
[-        ] NFC…N_KRONA:KRONA_KTIMPORTTEXT -
[-        ] NFC…KRONA:MEGAN_RMA2INFO_KRONA -
[-        ] NFC…VISUALIZATION_KRONA:GUNZIP -
[-        ] NFC…ONA:KRONA_KTIMPORTTAXONOMY -
[-        ] NFC…ON_PROFILES:TAXPASTA_MERGE -
[-        ] NFC…FILES:TAXPASTA_STANDARDISE -
[-        ] NFC…CKEN_COMBINEBRACKENOUTPUTS -
Plus 7 more processes waiting for tasks…

executor >  slurm (55)
[-        ] NFC…PROFILER:TAXPROFILER:UNTAR -
[96/b51c19] NFC…TAXPROFILER:FASTQC (GHA.4) | 10 of 10 ✔
[-        ] NFC…ORTREAD_FASTP:FASTP_SINGLE -
[56/2355f2] NFC…FASTP:FASTP_PAIRED (GHA.4) | 10 of 10 ✔
[c1/74eea7] NFC…:FASTQC_PROCESSED (GEO.59) | 8 of 10
[9e/f006a5] NFC…ERING:BBMAP_BBDUK (IND.11) | 9 of 10
[4e/7f7794] NFC…VAL:BOWTIE2_ALIGN (ISR.29) | 2 of 9
[2c/f900d2] NFC…AL:SAMTOOLS_INDEX (ISR.29) | 2 of 2
[7f/a641d6] NFC…AL:SAMTOOLS_STATS (ISR.29) | 2 of 2
[a4/230db5] NFC…IAMOND_BLASTX (db6|ISR.29) | 0 of 2
[-        ] NFC…:KRAKENTOOLS_KREPORT2KRONA -
[-        ] NFC…ON_KRONA:KAIJU_KAIJU2KRONA -
[-        ] NFC…ZATION_KRONA:KRONA_CLEANUP -
[-        ] NFC…N_KRONA:KRONA_KTIMPORTTEXT -
[-        ] NFC…KRONA:MEGAN_RMA2INFO_KRONA -
[-        ] NFC…VISUALIZATION_KRONA:GUNZIP -
[-        ] NFC…ONA:KRONA_KTIMPORTTAXONOMY -
[-        ] NFC…ON_PROFILES:TAXPASTA_MERGE -
[-        ] NFC…FILES:TAXPASTA_STANDARDISE -
[-        ] NFC…CKEN_COMBINEBRACKENOUTPUTS -
Plus 7 more processes waiting for tasks…

executor >  slurm (55)
[-        ] NFC…PROFILER:TAXPROFILER:UNTAR -
[96/b51c19] NFC…TAXPROFILER:FASTQC (GHA.4) | 10 of 10 ✔
[-        ] NFC…ORTREAD_FASTP:FASTP_SINGLE -
[56/2355f2] NFC…FASTP:FASTP_PAIRED (GHA.4) | 10 of 10 ✔
[60/0a702a] NFC…:FASTQC_PROCESSED (IND.11) | 9 of 10
[9e/f006a5] NFC…ERING:BBMAP_BBDUK (IND.11) | 9 of 10
[4e/7f7794] NFC…VAL:BOWTIE2_ALIGN (ISR.29) | 2 of 9
[2c/f900d2] NFC…AL:SAMTOOLS_INDEX (ISR.29) | 2 of 2
[7f/a641d6] NFC…AL:SAMTOOLS_STATS (ISR.29) | 2 of 2
[a4/230db5] NFC…IAMOND_BLASTX (db6|ISR.29) | 0 of 2
[-        ] NFC…:KRAKENTOOLS_KREPORT2KRONA -
[-        ] NFC…ON_KRONA:KAIJU_KAIJU2KRONA -
[-        ] NFC…ZATION_KRONA:KRONA_CLEANUP -
[-        ] NFC…N_KRONA:KRONA_KTIMPORTTEXT -
[-        ] NFC…KRONA:MEGAN_RMA2INFO_KRONA -
[-        ] NFC…VISUALIZATION_KRONA:GUNZIP -
[-        ] NFC…ONA:KRONA_KTIMPORTTAXONOMY -
[-        ] NFC…ON_PROFILES:TAXPASTA_MERGE -
[-        ] NFC…FILES:TAXPASTA_STANDARDISE -
[-        ] NFC…CKEN_COMBINEBRACKENOUTPUTS -
Plus 7 more processes waiting for tasks…

executor >  slurm (56)
[-        ] NFC…PROFILER:TAXPROFILER:UNTAR -
[96/b51c19] NFC…TAXPROFILER:FASTQC (GHA.4) | 10 of 10 ✔
[-        ] NFC…ORTREAD_FASTP:FASTP_SINGLE -
[56/2355f2] NFC…FASTP:FASTP_PAIRED (GHA.4) | 10 of 10 ✔
[60/0a702a] NFC…:FASTQC_PROCESSED (IND.11) | 9 of 10
[1d/449e77] NFC…TERING:BBMAP_BBDUK (GHA.4) | 10 of 10 ✔
[d9/06973b] NFC…OVAL:BOWTIE2_ALIGN (GHA.4) | 2 of 10
[2c/f900d2] NFC…AL:SAMTOOLS_INDEX (ISR.29) | 2 of 2
[7f/a641d6] NFC…AL:SAMTOOLS_STATS (ISR.29) | 2 of 2
[a4/230db5] NFC…IAMOND_BLASTX (db6|ISR.29) | 0 of 2
[-        ] NFC…:KRAKENTOOLS_KREPORT2KRONA -
[-        ] NFC…ON_KRONA:KAIJU_KAIJU2KRONA -
[-        ] NFC…ZATION_KRONA:KRONA_CLEANUP -
[-        ] NFC…N_KRONA:KRONA_KTIMPORTTEXT -
[-        ] NFC…KRONA:MEGAN_RMA2INFO_KRONA -
[-        ] NFC…VISUALIZATION_KRONA:GUNZIP -
[-        ] NFC…ONA:KRONA_KTIMPORTTAXONOMY -
[-        ] NFC…ON_PROFILES:TAXPASTA_MERGE -
[-        ] NFC…FILES:TAXPASTA_STANDARDISE -
[-        ] NFC…CKEN_COMBINEBRACKENOUTPUTS -
Plus 7 more processes waiting for tasks…

executor >  slurm (56)
[-        ] NFC…PROFILER:TAXPROFILER:UNTAR -
[96/b51c19] NFC…TAXPROFILER:FASTQC (GHA.4) | 10 of 10 ✔
[-        ] NFC…ORTREAD_FASTP:FASTP_SINGLE -
[56/2355f2] NFC…FASTP:FASTP_PAIRED (GHA.4) | 10 of 10 ✔
[60/0a702a] NFC…:FASTQC_PROCESSED (IND.11) | 9 of 10
[1d/449e77] NFC…TERING:BBMAP_BBDUK (GHA.4) | 10 of 10 ✔
[d9/06973b] NFC…OVAL:BOWTIE2_ALIGN (GHA.4) | 2 of 10
[2c/f900d2] NFC…AL:SAMTOOLS_INDEX (ISR.29) | 2 of 2
[7f/a641d6] NFC…AL:SAMTOOLS_STATS (ISR.29) | 2 of 2
[a4/230db5] NFC…IAMOND_BLASTX (db6|ISR.29) | 0 of 2
[-        ] NFC…:KRAKENTOOLS_KREPORT2KRONA -
[-        ] NFC…ON_KRONA:KAIJU_KAIJU2KRONA -
[-        ] NFC…ZATION_KRONA:KRONA_CLEANUP -
[-        ] NFC…N_KRONA:KRONA_KTIMPORTTEXT -
[-        ] NFC…KRONA:MEGAN_RMA2INFO_KRONA -
[-        ] NFC…VISUALIZATION_KRONA:GUNZIP -
[-        ] NFC…ONA:KRONA_KTIMPORTTAXONOMY -
[-        ] NFC…ON_PROFILES:TAXPASTA_MERGE -
[-        ] NFC…FILES:TAXPASTA_STANDARDISE -
[-        ] NFC…CKEN_COMBINEBRACKENOUTPUTS -
Plus 7 more processes waiting for tasks…

executor >  slurm (56)
[-        ] NFC…PROFILER:TAXPROFILER:UNTAR -
[96/b51c19] NFC…TAXPROFILER:FASTQC (GHA.4) | 10 of 10 ✔
[-        ] NFC…ORTREAD_FASTP:FASTP_SINGLE -
[56/2355f2] NFC…FASTP:FASTP_PAIRED (GHA.4) | 10 of 10 ✔
[15/4d8f96] NFC…G:FASTQC_PROCESSED (GHA.4) | 10 of 10 ✔
[1d/449e77] NFC…TERING:BBMAP_BBDUK (GHA.4) | 10 of 10 ✔
[d9/06973b] NFC…OVAL:BOWTIE2_ALIGN (GHA.4) | 2 of 10
[2c/f900d2] NFC…AL:SAMTOOLS_INDEX (ISR.29) | 2 of 2
[7f/a641d6] NFC…AL:SAMTOOLS_STATS (ISR.29) | 2 of 2
[a4/230db5] NFC…IAMOND_BLASTX (db6|ISR.29) | 0 of 2
[-        ] NFC…:KRAKENTOOLS_KREPORT2KRONA -
[-        ] NFC…ON_KRONA:KAIJU_KAIJU2KRONA -
[-        ] NFC…ZATION_KRONA:KRONA_CLEANUP -
[-        ] NFC…N_KRONA:KRONA_KTIMPORTTEXT -
[-        ] NFC…KRONA:MEGAN_RMA2INFO_KRONA -
[-        ] NFC…VISUALIZATION_KRONA:GUNZIP -
[-        ] NFC…ONA:KRONA_KTIMPORTTAXONOMY -
[-        ] NFC…ON_PROFILES:TAXPASTA_MERGE -
[-        ] NFC…FILES:TAXPASTA_STANDARDISE -
[-        ] NFC…CKEN_COMBINEBRACKENOUTPUTS -
Plus 7 more processes waiting for tasks…

executor >  slurm (58)
[-        ] NFC…PROFILER:TAXPROFILER:UNTAR -
[96/b51c19] NFC…TAXPROFILER:FASTQC (GHA.4) | 10 of 10 ✔
[-        ] NFC…ORTREAD_FASTP:FASTP_SINGLE -
[56/2355f2] NFC…FASTP:FASTP_PAIRED (GHA.4) | 10 of 10 ✔
[15/4d8f96] NFC…G:FASTQC_PROCESSED (GHA.4) | 10 of 10 ✔
[1d/449e77] NFC…TERING:BBMAP_BBDUK (GHA.4) | 10 of 10 ✔
[0a/deaa59] NFC…VAL:BOWTIE2_ALIGN (HRV.68) | 3 of 10
[b4/f65a6f] NFC…AL:SAMTOOLS_INDEX (HRV.68) | 2 of 3
[7f/a641d6] NFC…AL:SAMTOOLS_STATS (ISR.29) | 2 of 2
[21/7547b0] NFC…IAMOND_BLASTX (db6|HRV.68) | 0 of 3
[-        ] NFC…:KRAKENTOOLS_KREPORT2KRONA -
[-        ] NFC…ON_KRONA:KAIJU_KAIJU2KRONA -
[-        ] NFC…ZATION_KRONA:KRONA_CLEANUP -
[-        ] NFC…N_KRONA:KRONA_KTIMPORTTEXT -
[-        ] NFC…KRONA:MEGAN_RMA2INFO_KRONA -
[-        ] NFC…VISUALIZATION_KRONA:GUNZIP -
[-        ] NFC…ONA:KRONA_KTIMPORTTAXONOMY -
[-        ] NFC…ON_PROFILES:TAXPASTA_MERGE -
[-        ] NFC…FILES:TAXPASTA_STANDARDISE -
[-        ] NFC…CKEN_COMBINEBRACKENOUTPUTS -
Plus 7 more processes waiting for tasks…
WARN: [nf-core/taxprofiler] DIAMOND does not accept paired-end files as input. Only read 1 will be used for profiling. Running DIAMOND for sample HRV.68 using only read 1.

executor >  slurm (58)
[-        ] NFC…PROFILER:TAXPROFILER:UNTAR -
[96/b51c19] NFC…TAXPROFILER:FASTQC (GHA.4) | 10 of 10 ✔
[-        ] NFC…ORTREAD_FASTP:FASTP_SINGLE -
[56/2355f2] NFC…FASTP:FASTP_PAIRED (GHA.4) | 10 of 10 ✔
[15/4d8f96] NFC…G:FASTQC_PROCESSED (GHA.4) | 10 of 10 ✔
[1d/449e77] NFC…TERING:BBMAP_BBDUK (GHA.4) | 10 of 10 ✔
[0a/deaa59] NFC…VAL:BOWTIE2_ALIGN (HRV.68) | 3 of 10
[b4/f65a6f] NFC…AL:SAMTOOLS_INDEX (HRV.68) | 2 of 3
[7f/a641d6] NFC…AL:SAMTOOLS_STATS (ISR.29) | 2 of 2
[21/7547b0] NFC…IAMOND_BLASTX (db6|HRV.68) | 0 of 3
[-        ] NFC…:KRAKENTOOLS_KREPORT2KRONA -
[-        ] NFC…ON_KRONA:KAIJU_KAIJU2KRONA -
[-        ] NFC…ZATION_KRONA:KRONA_CLEANUP -
[-        ] NFC…N_KRONA:KRONA_KTIMPORTTEXT -
[-        ] NFC…KRONA:MEGAN_RMA2INFO_KRONA -
[-        ] NFC…VISUALIZATION_KRONA:GUNZIP -
[-        ] NFC…ONA:KRONA_KTIMPORTTAXONOMY -
[-        ] NFC…ON_PROFILES:TAXPASTA_MERGE -
[-        ] NFC…FILES:TAXPASTA_STANDARDISE -
[-        ] NFC…CKEN_COMBINEBRACKENOUTPUTS -
Plus 7 more processes waiting for tasks…
WARN: [nf-core/taxprofiler] DIAMOND does not accept paired-end files as input. Only read 1 will be used for profiling. Running DIAMOND for sample HRV.68 using only read 1.

executor >  slurm (59)
[-        ] NFC…PROFILER:TAXPROFILER:UNTAR -
[96/b51c19] NFC…TAXPROFILER:FASTQC (GHA.4) | 10 of 10 ✔
[-        ] NFC…ORTREAD_FASTP:FASTP_SINGLE -
[56/2355f2] NFC…FASTP:FASTP_PAIRED (GHA.4) | 10 of 10 ✔
[15/4d8f96] NFC…G:FASTQC_PROCESSED (GHA.4) | 10 of 10 ✔
[1d/449e77] NFC…TERING:BBMAP_BBDUK (GHA.4) | 10 of 10 ✔
[0a/deaa59] NFC…VAL:BOWTIE2_ALIGN (HRV.68) | 3 of 10
[b4/f65a6f] NFC…AL:SAMTOOLS_INDEX (HRV.68) | 3 of 3
[cf/85a4c5] NFC…AL:SAMTOOLS_STATS (HRV.68) | 2 of 3
[21/7547b0] NFC…IAMOND_BLASTX (db6|HRV.68) | 0 of 3
[-        ] NFC…:KRAKENTOOLS_KREPORT2KRONA -
[-        ] NFC…ON_KRONA:KAIJU_KAIJU2KRONA -
[-        ] NFC…ZATION_KRONA:KRONA_CLEANUP -
[-        ] NFC…N_KRONA:KRONA_KTIMPORTTEXT -
[-        ] NFC…KRONA:MEGAN_RMA2INFO_KRONA -
[-        ] NFC…VISUALIZATION_KRONA:GUNZIP -
[-        ] NFC…ONA:KRONA_KTIMPORTTAXONOMY -
[-        ] NFC…ON_PROFILES:TAXPASTA_MERGE -
[-        ] NFC…FILES:TAXPASTA_STANDARDISE -
[-        ] NFC…CKEN_COMBINEBRACKENOUTPUTS -
Plus 7 more processes waiting for tasks…


executor >  slurm (59)
[-        ] NFC…PROFILER:TAXPROFILER:UNTAR -
[96/b51c19] NFC…TAXPROFILER:FASTQC (GHA.4) | 10 of 10 ✔
[-        ] NFC…ORTREAD_FASTP:FASTP_SINGLE -
[56/2355f2] NFC…FASTP:FASTP_PAIRED (GHA.4) | 10 of 10 ✔
[15/4d8f96] NFC…G:FASTQC_PROCESSED (GHA.4) | 10 of 10 ✔
[1d/449e77] NFC…TERING:BBMAP_BBDUK (GHA.4) | 10 of 10 ✔
[0a/deaa59] NFC…VAL:BOWTIE2_ALIGN (HRV.68) | 3 of 10
[b4/f65a6f] NFC…AL:SAMTOOLS_INDEX (HRV.68) | 3 of 3
[cf/85a4c5] NFC…AL:SAMTOOLS_STATS (HRV.68) | 2 of 3
[21/7547b0] NFC…IAMOND_BLASTX (db6|HRV.68) | 0 of 3
[-        ] NFC…:KRAKENTOOLS_KREPORT2KRONA -
[-        ] NFC…ON_KRONA:KAIJU_KAIJU2KRONA -
[-        ] NFC…ZATION_KRONA:KRONA_CLEANUP -
[-        ] NFC…N_KRONA:KRONA_KTIMPORTTEXT -
[-        ] NFC…KRONA:MEGAN_RMA2INFO_KRONA -
[-        ] NFC…VISUALIZATION_KRONA:GUNZIP -
[-        ] NFC…ONA:KRONA_KTIMPORTTAXONOMY -
[-        ] NFC…ON_PROFILES:TAXPASTA_MERGE -
[-        ] NFC…FILES:TAXPASTA_STANDARDISE -
[-        ] NFC…CKEN_COMBINEBRACKENOUTPUTS -
Plus 7 more processes waiting for tasks…


executor >  slurm (59)
[-        ] NFC…PROFILER:TAXPROFILER:UNTAR -
[96/b51c19] NFC…TAXPROFILER:FASTQC (GHA.4) | 10 of 10 ✔
[-        ] NFC…ORTREAD_FASTP:FASTP_SINGLE -
[56/2355f2] NFC…FASTP:FASTP_PAIRED (GHA.4) | 10 of 10 ✔
[15/4d8f96] NFC…G:FASTQC_PROCESSED (GHA.4) | 10 of 10 ✔
[1d/449e77] NFC…TERING:BBMAP_BBDUK (GHA.4) | 10 of 10 ✔
[0a/deaa59] NFC…VAL:BOWTIE2_ALIGN (HRV.68) | 3 of 10
[b4/f65a6f] NFC…AL:SAMTOOLS_INDEX (HRV.68) | 3 of 3
[cf/85a4c5] NFC…AL:SAMTOOLS_STATS (HRV.68) | 3 of 3
[21/7547b0] NFC…IAMOND_BLASTX (db6|HRV.68) | 0 of 3
[-        ] NFC…:KRAKENTOOLS_KREPORT2KRONA -
[-        ] NFC…ON_KRONA:KAIJU_KAIJU2KRONA -
[-        ] NFC…ZATION_KRONA:KRONA_CLEANUP -
[-        ] NFC…N_KRONA:KRONA_KTIMPORTTEXT -
[-        ] NFC…KRONA:MEGAN_RMA2INFO_KRONA -
[-        ] NFC…VISUALIZATION_KRONA:GUNZIP -
[-        ] NFC…ONA:KRONA_KTIMPORTTAXONOMY -
[-        ] NFC…ON_PROFILES:TAXPASTA_MERGE -
[-        ] NFC…FILES:TAXPASTA_STANDARDISE -
[-        ] NFC…CKEN_COMBINEBRACKENOUTPUTS -
Plus 7 more processes waiting for tasks…

executor >  slurm (61)
[-        ] NFC…PROFILER:TAXPROFILER:UNTAR -
[96/b51c19] NFC…TAXPROFILER:FASTQC (GHA.4) | 10 of 10 ✔
[-        ] NFC…ORTREAD_FASTP:FASTP_SINGLE -
[56/2355f2] NFC…FASTP:FASTP_PAIRED (GHA.4) | 10 of 10 ✔
[15/4d8f96] NFC…G:FASTQC_PROCESSED (GHA.4) | 10 of 10 ✔
[1d/449e77] NFC…TERING:BBMAP_BBDUK (GHA.4) | 10 of 10 ✔
[18/f4cef2] NFC…VAL:BOWTIE2_ALIGN (FIN.25) | 4 of 10
[14/87037c] NFC…AL:SAMTOOLS_INDEX (FIN.25) | 3 of 4
[cf/85a4c5] NFC…AL:SAMTOOLS_STATS (HRV.68) | 3 of 3
[0f/43092e] NFC…IAMOND_BLASTX (db6|FIN.25) | 0 of 4
[-        ] NFC…:KRAKENTOOLS_KREPORT2KRONA -
[-        ] NFC…ON_KRONA:KAIJU_KAIJU2KRONA -
[-        ] NFC…ZATION_KRONA:KRONA_CLEANUP -
[-        ] NFC…N_KRONA:KRONA_KTIMPORTTEXT -
[-        ] NFC…KRONA:MEGAN_RMA2INFO_KRONA -
[-        ] NFC…VISUALIZATION_KRONA:GUNZIP -
[-        ] NFC…ONA:KRONA_KTIMPORTTAXONOMY -
[-        ] NFC…ON_PROFILES:TAXPASTA_MERGE -
[-        ] NFC…FILES:TAXPASTA_STANDARDISE -
[-        ] NFC…CKEN_COMBINEBRACKENOUTPUTS -
Plus 7 more processes waiting for tasks…
WARN: [nf-core/taxprofiler] DIAMOND does not accept paired-end files as input. Only read 1 will be used for profiling. Running DIAMOND for sample FIN.25 using only read 1.

executor >  slurm (61)
[-        ] NFC…PROFILER:TAXPROFILER:UNTAR -
[96/b51c19] NFC…TAXPROFILER:FASTQC (GHA.4) | 10 of 10 ✔
[-        ] NFC…ORTREAD_FASTP:FASTP_SINGLE -
[56/2355f2] NFC…FASTP:FASTP_PAIRED (GHA.4) | 10 of 10 ✔
[15/4d8f96] NFC…G:FASTQC_PROCESSED (GHA.4) | 10 of 10 ✔
[1d/449e77] NFC…TERING:BBMAP_BBDUK (GHA.4) | 10 of 10 ✔
[18/f4cef2] NFC…VAL:BOWTIE2_ALIGN (FIN.25) | 4 of 10
[14/87037c] NFC…AL:SAMTOOLS_INDEX (FIN.25) | 3 of 4
[cf/85a4c5] NFC…AL:SAMTOOLS_STATS (HRV.68) | 3 of 3
[0f/43092e] NFC…IAMOND_BLASTX (db6|FIN.25) | 0 of 4
[-        ] NFC…:KRAKENTOOLS_KREPORT2KRONA -
[-        ] NFC…ON_KRONA:KAIJU_KAIJU2KRONA -
[-        ] NFC…ZATION_KRONA:KRONA_CLEANUP -
[-        ] NFC…N_KRONA:KRONA_KTIMPORTTEXT -
[-        ] NFC…KRONA:MEGAN_RMA2INFO_KRONA -
[-        ] NFC…VISUALIZATION_KRONA:GUNZIP -
[-        ] NFC…ONA:KRONA_KTIMPORTTAXONOMY -
[-        ] NFC…ON_PROFILES:TAXPASTA_MERGE -
[-        ] NFC…FILES:TAXPASTA_STANDARDISE -
[-        ] NFC…CKEN_COMBINEBRACKENOUTPUTS -
Plus 7 more processes waiting for tasks…
WARN: [nf-core/taxprofiler] DIAMOND does not accept paired-end files as input. Only read 1 will be used for profiling. Running DIAMOND for sample FIN.25 using only read 1.

executor >  slurm (62)
[-        ] NFC…PROFILER:TAXPROFILER:UNTAR -
[96/b51c19] NFC…TAXPROFILER:FASTQC (GHA.4) | 10 of 10 ✔
[-        ] NFC…ORTREAD_FASTP:FASTP_SINGLE -
[56/2355f2] NFC…FASTP:FASTP_PAIRED (GHA.4) | 10 of 10 ✔
[15/4d8f96] NFC…G:FASTQC_PROCESSED (GHA.4) | 10 of 10 ✔
[1d/449e77] NFC…TERING:BBMAP_BBDUK (GHA.4) | 10 of 10 ✔
[18/f4cef2] NFC…VAL:BOWTIE2_ALIGN (FIN.25) | 4 of 10
[14/87037c] NFC…AL:SAMTOOLS_INDEX (FIN.25) | 4 of 4
[c6/78626a] NFC…AL:SAMTOOLS_STATS (FIN.25) | 3 of 4
[0f/43092e] NFC…IAMOND_BLASTX (db6|FIN.25) | 0 of 4
[-        ] NFC…:KRAKENTOOLS_KREPORT2KRONA -
[-        ] NFC…ON_KRONA:KAIJU_KAIJU2KRONA -
[-        ] NFC…ZATION_KRONA:KRONA_CLEANUP -
[-        ] NFC…N_KRONA:KRONA_KTIMPORTTEXT -
[-        ] NFC…KRONA:MEGAN_RMA2INFO_KRONA -
[-        ] NFC…VISUALIZATION_KRONA:GUNZIP -
[-        ] NFC…ONA:KRONA_KTIMPORTTAXONOMY -
[-        ] NFC…ON_PROFILES:TAXPASTA_MERGE -
[-        ] NFC…FILES:TAXPASTA_STANDARDISE -
[-        ] NFC…CKEN_COMBINEBRACKENOUTPUTS -
Plus 7 more processes waiting for tasks…


executor >  slurm (62)
[-        ] NFC…PROFILER:TAXPROFILER:UNTAR -
[96/b51c19] NFC…TAXPROFILER:FASTQC (GHA.4) | 10 of 10 ✔
[-        ] NFC…ORTREAD_FASTP:FASTP_SINGLE -
[56/2355f2] NFC…FASTP:FASTP_PAIRED (GHA.4) | 10 of 10 ✔
[15/4d8f96] NFC…G:FASTQC_PROCESSED (GHA.4) | 10 of 10 ✔
[1d/449e77] NFC…TERING:BBMAP_BBDUK (GHA.4) | 10 of 10 ✔
[18/f4cef2] NFC…VAL:BOWTIE2_ALIGN (FIN.25) | 4 of 10
[14/87037c] NFC…AL:SAMTOOLS_INDEX (FIN.25) | 4 of 4
[c6/78626a] NFC…AL:SAMTOOLS_STATS (FIN.25) | 3 of 4
[0f/43092e] NFC…IAMOND_BLASTX (db6|FIN.25) | 0 of 4
[-        ] NFC…:KRAKENTOOLS_KREPORT2KRONA -
[-        ] NFC…ON_KRONA:KAIJU_KAIJU2KRONA -
[-        ] NFC…ZATION_KRONA:KRONA_CLEANUP -
[-        ] NFC…N_KRONA:KRONA_KTIMPORTTEXT -
[-        ] NFC…KRONA:MEGAN_RMA2INFO_KRONA -
[-        ] NFC…VISUALIZATION_KRONA:GUNZIP -
[-        ] NFC…ONA:KRONA_KTIMPORTTAXONOMY -
[-        ] NFC…ON_PROFILES:TAXPASTA_MERGE -
[-        ] NFC…FILES:TAXPASTA_STANDARDISE -
[-        ] NFC…CKEN_COMBINEBRACKENOUTPUTS -
Plus 7 more processes waiting for tasks…


executor >  slurm (64)
[-        ] NFC…PROFILER:TAXPROFILER:UNTAR -
[96/b51c19] NFC…TAXPROFILER:FASTQC (GHA.4) | 10 of 10 ✔
[-        ] NFC…ORTREAD_FASTP:FASTP_SINGLE -
[56/2355f2] NFC…FASTP:FASTP_PAIRED (GHA.4) | 10 of 10 ✔
[15/4d8f96] NFC…G:FASTQC_PROCESSED (GHA.4) | 10 of 10 ✔
[1d/449e77] NFC…TERING:BBMAP_BBDUK (GHA.4) | 10 of 10 ✔
[bb/15bf82] NFC…VAL:BOWTIE2_ALIGN (ISL.28) | 5 of 10
[40/9d3a70] NFC…AL:SAMTOOLS_INDEX (ISL.28) | 4 of 5
[c6/78626a] NFC…AL:SAMTOOLS_STATS (FIN.25) | 3 of 4
[4c/4bf72b] NFC…IAMOND_BLASTX (db6|ISL.28) | 0 of 5
[-        ] NFC…:KRAKENTOOLS_KREPORT2KRONA -
[-        ] NFC…ON_KRONA:KAIJU_KAIJU2KRONA -
[-        ] NFC…ZATION_KRONA:KRONA_CLEANUP -
[-        ] NFC…N_KRONA:KRONA_KTIMPORTTEXT -
[-        ] NFC…KRONA:MEGAN_RMA2INFO_KRONA -
[-        ] NFC…VISUALIZATION_KRONA:GUNZIP -
[-        ] NFC…ONA:KRONA_KTIMPORTTAXONOMY -
[-        ] NFC…ON_PROFILES:TAXPASTA_MERGE -
[-        ] NFC…FILES:TAXPASTA_STANDARDISE -
[-        ] NFC…CKEN_COMBINEBRACKENOUTPUTS -
Plus 7 more processes waiting for tasks…
WARN: [nf-core/taxprofiler] DIAMOND does not accept paired-end files as input. Only read 1 will be used for profiling. Running DIAMOND for sample ISL.28 using only read 1.

executor >  slurm (64)
[-        ] NFC…PROFILER:TAXPROFILER:UNTAR -
[96/b51c19] NFC…TAXPROFILER:FASTQC (GHA.4) | 10 of 10 ✔
[-        ] NFC…ORTREAD_FASTP:FASTP_SINGLE -
[56/2355f2] NFC…FASTP:FASTP_PAIRED (GHA.4) | 10 of 10 ✔
[15/4d8f96] NFC…G:FASTQC_PROCESSED (GHA.4) | 10 of 10 ✔
[1d/449e77] NFC…TERING:BBMAP_BBDUK (GHA.4) | 10 of 10 ✔
[bb/15bf82] NFC…VAL:BOWTIE2_ALIGN (ISL.28) | 5 of 10
[40/9d3a70] NFC…AL:SAMTOOLS_INDEX (ISL.28) | 4 of 5
[c6/78626a] NFC…AL:SAMTOOLS_STATS (FIN.25) | 3 of 4
[4c/4bf72b] NFC…IAMOND_BLASTX (db6|ISL.28) | 0 of 5
[-        ] NFC…:KRAKENTOOLS_KREPORT2KRONA -
[-        ] NFC…ON_KRONA:KAIJU_KAIJU2KRONA -
[-        ] NFC…ZATION_KRONA:KRONA_CLEANUP -
[-        ] NFC…N_KRONA:KRONA_KTIMPORTTEXT -
[-        ] NFC…KRONA:MEGAN_RMA2INFO_KRONA -
[-        ] NFC…VISUALIZATION_KRONA:GUNZIP -
[-        ] NFC…ONA:KRONA_KTIMPORTTAXONOMY -
[-        ] NFC…ON_PROFILES:TAXPASTA_MERGE -
[-        ] NFC…FILES:TAXPASTA_STANDARDISE -
[-        ] NFC…CKEN_COMBINEBRACKENOUTPUTS -
Plus 7 more processes waiting for tasks…
WARN: [nf-core/taxprofiler] DIAMOND does not accept paired-end files as input. Only read 1 will be used for profiling. Running DIAMOND for sample ISL.28 using only read 1.

executor >  slurm (64)
[-        ] NFC…PROFILER:TAXPROFILER:UNTAR -
[96/b51c19] NFC…TAXPROFILER:FASTQC (GHA.4) | 10 of 10 ✔
[-        ] NFC…ORTREAD_FASTP:FASTP_SINGLE -
[56/2355f2] NFC…FASTP:FASTP_PAIRED (GHA.4) | 10 of 10 ✔
[15/4d8f96] NFC…G:FASTQC_PROCESSED (GHA.4) | 10 of 10 ✔
[1d/449e77] NFC…TERING:BBMAP_BBDUK (GHA.4) | 10 of 10 ✔
[bb/15bf82] NFC…VAL:BOWTIE2_ALIGN (ISL.28) | 5 of 10
[40/9d3a70] NFC…AL:SAMTOOLS_INDEX (ISL.28) | 4 of 5
[c6/78626a] NFC…AL:SAMTOOLS_STATS (FIN.25) | 3 of 4
[4c/4bf72b] NFC…IAMOND_BLASTX (db6|ISL.28) | 0 of 5
[-        ] NFC…:KRAKENTOOLS_KREPORT2KRONA -
[-        ] NFC…ON_KRONA:KAIJU_KAIJU2KRONA -
[-        ] NFC…ZATION_KRONA:KRONA_CLEANUP -
[-        ] NFC…N_KRONA:KRONA_KTIMPORTTEXT -
[-        ] NFC…KRONA:MEGAN_RMA2INFO_KRONA -
[-        ] NFC…VISUALIZATION_KRONA:GUNZIP -
[-        ] NFC…ONA:KRONA_KTIMPORTTAXONOMY -
[-        ] NFC…ON_PROFILES:TAXPASTA_MERGE -
[-        ] NFC…FILES:TAXPASTA_STANDARDISE -
[-        ] NFC…CKEN_COMBINEBRACKENOUTPUTS -
Plus 7 more processes waiting for tasks…
WARN: [nf-core/taxprofiler] DIAMOND does not accept paired-end files as input. Only read 1 will be used for profiling. Running DIAMOND for sample IRN.12 using only read 1.


executor >  slurm (66)
[-        ] NFC…PROFILER:TAXPROFILER:UNTAR -
[96/b51c19] NFC…TAXPROFILER:FASTQC (GHA.4) | 10 of 10 ✔
[-        ] NFC…ORTREAD_FASTP:FASTP_SINGLE -
[56/2355f2] NFC…FASTP:FASTP_PAIRED (GHA.4) | 10 of 10 ✔
[15/4d8f96] NFC…G:FASTQC_PROCESSED (GHA.4) | 10 of 10 ✔
[1d/449e77] NFC…TERING:BBMAP_BBDUK (GHA.4) | 10 of 10 ✔
[2a/c15141] NFC…VAL:BOWTIE2_ALIGN (IRN.12) | 6 of 10
[c4/437d28] NFC…AL:SAMTOOLS_INDEX (IRN.12) | 4 of 6
[c6/78626a] NFC…AL:SAMTOOLS_STATS (FIN.25) | 3 of 4
[d8/2a92c3] NFC…IAMOND_BLASTX (db6|IRN.12) | 0 of 6
[-        ] NFC…:KRAKENTOOLS_KREPORT2KRONA -
[-        ] NFC…ON_KRONA:KAIJU_KAIJU2KRONA -
[-        ] NFC…ZATION_KRONA:KRONA_CLEANUP -
[-        ] NFC…N_KRONA:KRONA_KTIMPORTTEXT -
[-        ] NFC…KRONA:MEGAN_RMA2INFO_KRONA -
[-        ] NFC…VISUALIZATION_KRONA:GUNZIP -
[-        ] NFC…ONA:KRONA_KTIMPORTTAXONOMY -
[-        ] NFC…ON_PROFILES:TAXPASTA_MERGE -
[-        ] NFC…FILES:TAXPASTA_STANDARDISE -
[-        ] NFC…CKEN_COMBINEBRACKENOUTPUTS -
Plus 7 more processes waiting for tasks…
WARN: [nf-core/taxprofiler] DIAMOND does not accept paired-end files as input. Only read 1 will be used for profiling. Running DIAMOND for sample IRN.12 using only read 1.


executor >  slurm (66)
[-        ] NFC…PROFILER:TAXPROFILER:UNTAR -
[96/b51c19] NFC…TAXPROFILER:FASTQC (GHA.4) | 10 of 10 ✔
[-        ] NFC…ORTREAD_FASTP:FASTP_SINGLE -
[56/2355f2] NFC…FASTP:FASTP_PAIRED (GHA.4) | 10 of 10 ✔
[15/4d8f96] NFC…G:FASTQC_PROCESSED (GHA.4) | 10 of 10 ✔
[1d/449e77] NFC…TERING:BBMAP_BBDUK (GHA.4) | 10 of 10 ✔
[2a/c15141] NFC…VAL:BOWTIE2_ALIGN (IRN.12) | 6 of 10
[c4/437d28] NFC…AL:SAMTOOLS_INDEX (IRN.12) | 4 of 6
[c6/78626a] NFC…AL:SAMTOOLS_STATS (FIN.25) | 3 of 4
[d8/2a92c3] NFC…IAMOND_BLASTX (db6|IRN.12) | 0 of 6
[-        ] NFC…:KRAKENTOOLS_KREPORT2KRONA -
[-        ] NFC…ON_KRONA:KAIJU_KAIJU2KRONA -
[-        ] NFC…ZATION_KRONA:KRONA_CLEANUP -
[-        ] NFC…N_KRONA:KRONA_KTIMPORTTEXT -
[-        ] NFC…KRONA:MEGAN_RMA2INFO_KRONA -
[-        ] NFC…VISUALIZATION_KRONA:GUNZIP -
[-        ] NFC…ONA:KRONA_KTIMPORTTAXONOMY -
[-        ] NFC…ON_PROFILES:TAXPASTA_MERGE -
[-        ] NFC…FILES:TAXPASTA_STANDARDISE -
[-        ] NFC…CKEN_COMBINEBRACKENOUTPUTS -
Plus 7 more processes waiting for tasks…
WARN: [nf-core/taxprofiler] DIAMOND does not accept paired-end files as input. Only read 1 will be used for profiling. Running DIAMOND for sample IRN.12 using only read 1.

executor >  slurm (66)
[-        ] NFC…PROFILER:TAXPROFILER:UNTAR -
[96/b51c19] NFC…TAXPROFILER:FASTQC (GHA.4) | 10 of 10 ✔
[-        ] NFC…ORTREAD_FASTP:FASTP_SINGLE -
[56/2355f2] NFC…FASTP:FASTP_PAIRED (GHA.4) | 10 of 10 ✔
[15/4d8f96] NFC…G:FASTQC_PROCESSED (GHA.4) | 10 of 10 ✔
[1d/449e77] NFC…TERING:BBMAP_BBDUK (GHA.4) | 10 of 10 ✔
[2a/c15141] NFC…VAL:BOWTIE2_ALIGN (IRN.12) | 6 of 10
[c4/437d28] NFC…AL:SAMTOOLS_INDEX (IRN.12) | 4 of 6
[c6/78626a] NFC…AL:SAMTOOLS_STATS (FIN.25) | 4 of 4
[d8/2a92c3] NFC…IAMOND_BLASTX (db6|IRN.12) | 0 of 6
[-        ] NFC…:KRAKENTOOLS_KREPORT2KRONA -
[-        ] NFC…ON_KRONA:KAIJU_KAIJU2KRONA -
[-        ] NFC…ZATION_KRONA:KRONA_CLEANUP -
[-        ] NFC…N_KRONA:KRONA_KTIMPORTTEXT -
[-        ] NFC…KRONA:MEGAN_RMA2INFO_KRONA -
[-        ] NFC…VISUALIZATION_KRONA:GUNZIP -
[-        ] NFC…ONA:KRONA_KTIMPORTTAXONOMY -
[-        ] NFC…ON_PROFILES:TAXPASTA_MERGE -
[-        ] NFC…FILES:TAXPASTA_STANDARDISE -
[-        ] NFC…CKEN_COMBINEBRACKENOUTPUTS -
Plus 7 more processes waiting for tasks…


executor >  slurm (66)
[-        ] NFC…PROFILER:TAXPROFILER:UNTAR -
[96/b51c19] NFC…TAXPROFILER:FASTQC (GHA.4) | 10 of 10 ✔
[-        ] NFC…ORTREAD_FASTP:FASTP_SINGLE -
[56/2355f2] NFC…FASTP:FASTP_PAIRED (GHA.4) | 10 of 10 ✔
[15/4d8f96] NFC…G:FASTQC_PROCESSED (GHA.4) | 10 of 10 ✔
[1d/449e77] NFC…TERING:BBMAP_BBDUK (GHA.4) | 10 of 10 ✔
[2a/c15141] NFC…VAL:BOWTIE2_ALIGN (IRN.12) | 6 of 10
[40/9d3a70] NFC…AL:SAMTOOLS_INDEX (ISL.28) | 5 of 6
[c6/78626a] NFC…AL:SAMTOOLS_STATS (FIN.25) | 4 of 4
[d8/2a92c3] NFC…IAMOND_BLASTX (db6|IRN.12) | 0 of 6
[-        ] NFC…:KRAKENTOOLS_KREPORT2KRONA -
[-        ] NFC…ON_KRONA:KAIJU_KAIJU2KRONA -
[-        ] NFC…ZATION_KRONA:KRONA_CLEANUP -
[-        ] NFC…N_KRONA:KRONA_KTIMPORTTEXT -
[-        ] NFC…KRONA:MEGAN_RMA2INFO_KRONA -
[-        ] NFC…VISUALIZATION_KRONA:GUNZIP -
[-        ] NFC…ONA:KRONA_KTIMPORTTAXONOMY -
[-        ] NFC…ON_PROFILES:TAXPASTA_MERGE -
[-        ] NFC…FILES:TAXPASTA_STANDARDISE -
[-        ] NFC…CKEN_COMBINEBRACKENOUTPUTS -
Plus 7 more processes waiting for tasks…


executor >  slurm (67)
[-        ] NFC…PROFILER:TAXPROFILER:UNTAR -
[96/b51c19] NFC…TAXPROFILER:FASTQC (GHA.4) | 10 of 10 ✔
[-        ] NFC…ORTREAD_FASTP:FASTP_SINGLE -
[56/2355f2] NFC…FASTP:FASTP_PAIRED (GHA.4) | 10 of 10 ✔
[15/4d8f96] NFC…G:FASTQC_PROCESSED (GHA.4) | 10 of 10 ✔
[1d/449e77] NFC…TERING:BBMAP_BBDUK (GHA.4) | 10 of 10 ✔
[2a/c15141] NFC…VAL:BOWTIE2_ALIGN (IRN.12) | 6 of 10
[40/9d3a70] NFC…AL:SAMTOOLS_INDEX (ISL.28) | 5 of 6
[08/d64aae] NFC…AL:SAMTOOLS_STATS (ISL.28) | 4 of 5
[d8/2a92c3] NFC…IAMOND_BLASTX (db6|IRN.12) | 0 of 6
[-        ] NFC…:KRAKENTOOLS_KREPORT2KRONA -
[-        ] NFC…ON_KRONA:KAIJU_KAIJU2KRONA -
[-        ] NFC…ZATION_KRONA:KRONA_CLEANUP -
[-        ] NFC…N_KRONA:KRONA_KTIMPORTTEXT -
[-        ] NFC…KRONA:MEGAN_RMA2INFO_KRONA -
[-        ] NFC…VISUALIZATION_KRONA:GUNZIP -
[-        ] NFC…ONA:KRONA_KTIMPORTTAXONOMY -
[-        ] NFC…ON_PROFILES:TAXPASTA_MERGE -
[-        ] NFC…FILES:TAXPASTA_STANDARDISE -
[-        ] NFC…CKEN_COMBINEBRACKENOUTPUTS -
Plus 7 more processes waiting for tasks…

executor >  slurm (67)
[-        ] NFC…PROFILER:TAXPROFILER:UNTAR -
[96/b51c19] NFC…TAXPROFILER:FASTQC (GHA.4) | 10 of 10 ✔
[-        ] NFC…ORTREAD_FASTP:FASTP_SINGLE -
[56/2355f2] NFC…FASTP:FASTP_PAIRED (GHA.4) | 10 of 10 ✔
[15/4d8f96] NFC…G:FASTQC_PROCESSED (GHA.4) | 10 of 10 ✔
[1d/449e77] NFC…TERING:BBMAP_BBDUK (GHA.4) | 10 of 10 ✔
[2a/c15141] NFC…VAL:BOWTIE2_ALIGN (IRN.12) | 6 of 10
[40/9d3a70] NFC…AL:SAMTOOLS_INDEX (ISL.28) | 5 of 6
[08/d64aae] NFC…AL:SAMTOOLS_STATS (ISL.28) | 4 of 5
[d8/2a92c3] NFC…IAMOND_BLASTX (db6|IRN.12) | 0 of 6
[-        ] NFC…:KRAKENTOOLS_KREPORT2KRONA -
[-        ] NFC…ON_KRONA:KAIJU_KAIJU2KRONA -
[-        ] NFC…ZATION_KRONA:KRONA_CLEANUP -
[-        ] NFC…N_KRONA:KRONA_KTIMPORTTEXT -
[-        ] NFC…KRONA:MEGAN_RMA2INFO_KRONA -
[-        ] NFC…VISUALIZATION_KRONA:GUNZIP -
[-        ] NFC…ONA:KRONA_KTIMPORTTAXONOMY -
[-        ] NFC…ON_PROFILES:TAXPASTA_MERGE -
[-        ] NFC…FILES:TAXPASTA_STANDARDISE -
[-        ] NFC…CKEN_COMBINEBRACKENOUTPUTS -
Plus 7 more processes waiting for tasks…

executor >  slurm (67)
[-        ] NFC…PROFILER:TAXPROFILER:UNTAR -
[96/b51c19] NFC…TAXPROFILER:FASTQC (GHA.4) | 10 of 10 ✔
[-        ] NFC…ORTREAD_FASTP:FASTP_SINGLE -
[56/2355f2] NFC…FASTP:FASTP_PAIRED (GHA.4) | 10 of 10 ✔
[15/4d8f96] NFC…G:FASTQC_PROCESSED (GHA.4) | 10 of 10 ✔
[1d/449e77] NFC…TERING:BBMAP_BBDUK (GHA.4) | 10 of 10 ✔
[2a/c15141] NFC…VAL:BOWTIE2_ALIGN (IRN.12) | 6 of 10
[40/9d3a70] NFC…AL:SAMTOOLS_INDEX (ISL.28) | 5 of 6
[08/d64aae] NFC…AL:SAMTOOLS_STATS (ISL.28) | 4 of 5
[d8/2a92c3] NFC…IAMOND_BLASTX (db6|IRN.12) | 0 of 6
[-        ] NFC…:KRAKENTOOLS_KREPORT2KRONA -
[-        ] NFC…ON_KRONA:KAIJU_KAIJU2KRONA -
[-        ] NFC…ZATION_KRONA:KRONA_CLEANUP -
[-        ] NFC…N_KRONA:KRONA_KTIMPORTTEXT -
[-        ] NFC…KRONA:MEGAN_RMA2INFO_KRONA -
[-        ] NFC…VISUALIZATION_KRONA:GUNZIP -
[-        ] NFC…ONA:KRONA_KTIMPORTTAXONOMY -
[-        ] NFC…ON_PROFILES:TAXPASTA_MERGE -
[-        ] NFC…FILES:TAXPASTA_STANDARDISE -
[-        ] NFC…CKEN_COMBINEBRACKENOUTPUTS -
Plus 7 more processes waiting for tasks…
WARN: [nf-core/taxprofiler] DIAMOND does not accept paired-end files as input. Only read 1 will be used for profiling. Running DIAMOND for sample GEO.59 using only read 1.

executor >  slurm (68)
[-        ] NFC…PROFILER:TAXPROFILER:UNTAR -
[96/b51c19] NFC…TAXPROFILER:FASTQC (GHA.4) | 10 of 10 ✔
[-        ] NFC…ORTREAD_FASTP:FASTP_SINGLE -
[56/2355f2] NFC…FASTP:FASTP_PAIRED (GHA.4) | 10 of 10 ✔
[15/4d8f96] NFC…G:FASTQC_PROCESSED (GHA.4) | 10 of 10 ✔
[1d/449e77] NFC…TERING:BBMAP_BBDUK (GHA.4) | 10 of 10 ✔
[83/8a95c9] NFC…VAL:BOWTIE2_ALIGN (GEO.59) | 7 of 10
[ad/8a980a] NFC…AL:SAMTOOLS_INDEX (GEO.59) | 5 of 7
[08/d64aae] NFC…AL:SAMTOOLS_STATS (ISL.28) | 4 of 5
[d8/2a92c3] NFC…IAMOND_BLASTX (db6|IRN.12) | 0 of 7
[-        ] NFC…:KRAKENTOOLS_KREPORT2KRONA -
[-        ] NFC…ON_KRONA:KAIJU_KAIJU2KRONA -
[-        ] NFC…ZATION_KRONA:KRONA_CLEANUP -
[-        ] NFC…N_KRONA:KRONA_KTIMPORTTEXT -
[-        ] NFC…KRONA:MEGAN_RMA2INFO_KRONA -
[-        ] NFC…VISUALIZATION_KRONA:GUNZIP -
[-        ] NFC…ONA:KRONA_KTIMPORTTAXONOMY -
[-        ] NFC…ON_PROFILES:TAXPASTA_MERGE -
[-        ] NFC…FILES:TAXPASTA_STANDARDISE -
[-        ] NFC…CKEN_COMBINEBRACKENOUTPUTS -
Plus 7 more processes waiting for tasks…
WARN: [nf-core/taxprofiler] DIAMOND does not accept paired-end files as input. Only read 1 will be used for profiling. Running DIAMOND for sample GEO.59 using only read 1.

executor >  slurm (69)
[-        ] NFC…PROFILER:TAXPROFILER:UNTAR -
[96/b51c19] NFC…TAXPROFILER:FASTQC (GHA.4) | 10 of 10 ✔
[-        ] NFC…ORTREAD_FASTP:FASTP_SINGLE -
[56/2355f2] NFC…FASTP:FASTP_PAIRED (GHA.4) | 10 of 10 ✔
[15/4d8f96] NFC…G:FASTQC_PROCESSED (GHA.4) | 10 of 10 ✔
[1d/449e77] NFC…TERING:BBMAP_BBDUK (GHA.4) | 10 of 10 ✔
[83/8a95c9] NFC…VAL:BOWTIE2_ALIGN (GEO.59) | 7 of 10
[ad/8a980a] NFC…AL:SAMTOOLS_INDEX (GEO.59) | 5 of 7
[08/d64aae] NFC…AL:SAMTOOLS_STATS (ISL.28) | 4 of 5
[d1/95afe0] NFC…IAMOND_BLASTX (db6|GEO.59) | 0 of 7
[-        ] NFC…:KRAKENTOOLS_KREPORT2KRONA -
[-        ] NFC…ON_KRONA:KAIJU_KAIJU2KRONA -
[-        ] NFC…ZATION_KRONA:KRONA_CLEANUP -
[-        ] NFC…N_KRONA:KRONA_KTIMPORTTEXT -
[-        ] NFC…KRONA:MEGAN_RMA2INFO_KRONA -
[-        ] NFC…VISUALIZATION_KRONA:GUNZIP -
[-        ] NFC…ONA:KRONA_KTIMPORTTAXONOMY -
[-        ] NFC…ON_PROFILES:TAXPASTA_MERGE -
[-        ] NFC…FILES:TAXPASTA_STANDARDISE -
[-        ] NFC…CKEN_COMBINEBRACKENOUTPUTS -
Plus 7 more processes waiting for tasks…
WARN: [nf-core/taxprofiler] DIAMOND does not accept paired-end files as input. Only read 1 will be used for profiling. Running DIAMOND for sample GEO.59 using only read 1.

executor >  slurm (69)
[-        ] NFC…PROFILER:TAXPROFILER:UNTAR -
[96/b51c19] NFC…TAXPROFILER:FASTQC (GHA.4) | 10 of 10 ✔
[-        ] NFC…ORTREAD_FASTP:FASTP_SINGLE -
[56/2355f2] NFC…FASTP:FASTP_PAIRED (GHA.4) | 10 of 10 ✔
[15/4d8f96] NFC…G:FASTQC_PROCESSED (GHA.4) | 10 of 10 ✔
[1d/449e77] NFC…TERING:BBMAP_BBDUK (GHA.4) | 10 of 10 ✔
[83/8a95c9] NFC…VAL:BOWTIE2_ALIGN (GEO.59) | 7 of 10
[ad/8a980a] NFC…AL:SAMTOOLS_INDEX (GEO.59) | 5 of 7
[08/d64aae] NFC…AL:SAMTOOLS_STATS (ISL.28) | 4 of 5
[d1/95afe0] NFC…IAMOND_BLASTX (db6|GEO.59) | 0 of 7
[-        ] NFC…:KRAKENTOOLS_KREPORT2KRONA -
[-        ] NFC…ON_KRONA:KAIJU_KAIJU2KRONA -
[-        ] NFC…ZATION_KRONA:KRONA_CLEANUP -
[-        ] NFC…N_KRONA:KRONA_KTIMPORTTEXT -
[-        ] NFC…KRONA:MEGAN_RMA2INFO_KRONA -
[-        ] NFC…VISUALIZATION_KRONA:GUNZIP -
[-        ] NFC…ONA:KRONA_KTIMPORTTAXONOMY -
[-        ] NFC…ON_PROFILES:TAXPASTA_MERGE -
[-        ] NFC…FILES:TAXPASTA_STANDARDISE -
[-        ] NFC…CKEN_COMBINEBRACKENOUTPUTS -
Plus 7 more processes waiting for tasks…
WARN: [nf-core/taxprofiler] DIAMOND does not accept paired-end files as input. Only read 1 will be used for profiling. Running DIAMOND for sample GEO.59 using only read 1.

executor >  slurm (69)
[-        ] NFC…PROFILER:TAXPROFILER:UNTAR -
[96/b51c19] NFC…TAXPROFILER:FASTQC (GHA.4) | 10 of 10 ✔
[-        ] NFC…ORTREAD_FASTP:FASTP_SINGLE -
[56/2355f2] NFC…FASTP:FASTP_PAIRED (GHA.4) | 10 of 10 ✔
[15/4d8f96] NFC…G:FASTQC_PROCESSED (GHA.4) | 10 of 10 ✔
[1d/449e77] NFC…TERING:BBMAP_BBDUK (GHA.4) | 10 of 10 ✔
[83/8a95c9] NFC…VAL:BOWTIE2_ALIGN (GEO.59) | 7 of 10
[ad/8a980a] NFC…AL:SAMTOOLS_INDEX (GEO.59) | 5 of 7
[08/d64aae] NFC…AL:SAMTOOLS_STATS (ISL.28) | 4 of 5
[d1/95afe0] NFC…IAMOND_BLASTX (db6|GEO.59) | 0 of 7
[-        ] NFC…:KRAKENTOOLS_KREPORT2KRONA -
[-        ] NFC…ON_KRONA:KAIJU_KAIJU2KRONA -
[-        ] NFC…ZATION_KRONA:KRONA_CLEANUP -
[-        ] NFC…N_KRONA:KRONA_KTIMPORTTEXT -
[-        ] NFC…KRONA:MEGAN_RMA2INFO_KRONA -
[-        ] NFC…VISUALIZATION_KRONA:GUNZIP -
[-        ] NFC…ONA:KRONA_KTIMPORTTAXONOMY -
[-        ] NFC…ON_PROFILES:TAXPASTA_MERGE -
[-        ] NFC…FILES:TAXPASTA_STANDARDISE -
[-        ] NFC…CKEN_COMBINEBRACKENOUTPUTS -
Plus 7 more processes waiting for tasks…
WARN: [nf-core/taxprofiler] DIAMOND does not accept paired-end files as input. Only read 1 will be used for profiling. Running DIAMOND for sample GEO.59 using only read 1.

executor >  slurm (69)
[-        ] NFC…PROFILER:TAXPROFILER:UNTAR -
[96/b51c19] NFC…TAXPROFILER:FASTQC (GHA.4) | 10 of 10 ✔
[-        ] NFC…ORTREAD_FASTP:FASTP_SINGLE -
[56/2355f2] NFC…FASTP:FASTP_PAIRED (GHA.4) | 10 of 10 ✔
[15/4d8f96] NFC…G:FASTQC_PROCESSED (GHA.4) | 10 of 10 ✔
[1d/449e77] NFC…TERING:BBMAP_BBDUK (GHA.4) | 10 of 10 ✔
[83/8a95c9] NFC…VAL:BOWTIE2_ALIGN (GEO.59) | 7 of 10
[c4/437d28] NFC…AL:SAMTOOLS_INDEX (IRN.12) | 6 of 7
[08/d64aae] NFC…AL:SAMTOOLS_STATS (ISL.28) | 4 of 5
[d1/95afe0] NFC…IAMOND_BLASTX (db6|GEO.59) | 0 of 7
[-        ] NFC…:KRAKENTOOLS_KREPORT2KRONA -
[-        ] NFC…ON_KRONA:KAIJU_KAIJU2KRONA -
[-        ] NFC…ZATION_KRONA:KRONA_CLEANUP -
[-        ] NFC…N_KRONA:KRONA_KTIMPORTTEXT -
[-        ] NFC…KRONA:MEGAN_RMA2INFO_KRONA -
[-        ] NFC…VISUALIZATION_KRONA:GUNZIP -
[-        ] NFC…ONA:KRONA_KTIMPORTTAXONOMY -
[-        ] NFC…ON_PROFILES:TAXPASTA_MERGE -
[-        ] NFC…FILES:TAXPASTA_STANDARDISE -
[-        ] NFC…CKEN_COMBINEBRACKENOUTPUTS -
Plus 7 more processes waiting for tasks…


executor >  slurm (70)
[-        ] NFC…PROFILER:TAXPROFILER:UNTAR -
[96/b51c19] NFC…TAXPROFILER:FASTQC (GHA.4) | 10 of 10 ✔
[-        ] NFC…ORTREAD_FASTP:FASTP_SINGLE -
[56/2355f2] NFC…FASTP:FASTP_PAIRED (GHA.4) | 10 of 10 ✔
[15/4d8f96] NFC…G:FASTQC_PROCESSED (GHA.4) | 10 of 10 ✔
[1d/449e77] NFC…TERING:BBMAP_BBDUK (GHA.4) | 10 of 10 ✔
[83/8a95c9] NFC…VAL:BOWTIE2_ALIGN (GEO.59) | 7 of 10
[c4/437d28] NFC…AL:SAMTOOLS_INDEX (IRN.12) | 6 of 7
[3d/2a7e46] NFC…AL:SAMTOOLS_STATS (IRN.12) | 4 of 6
[d1/95afe0] NFC…IAMOND_BLASTX (db6|GEO.59) | 0 of 7
[-        ] NFC…:KRAKENTOOLS_KREPORT2KRONA -
[-        ] NFC…ON_KRONA:KAIJU_KAIJU2KRONA -
[-        ] NFC…ZATION_KRONA:KRONA_CLEANUP -
[-        ] NFC…N_KRONA:KRONA_KTIMPORTTEXT -
[-        ] NFC…KRONA:MEGAN_RMA2INFO_KRONA -
[-        ] NFC…VISUALIZATION_KRONA:GUNZIP -
[-        ] NFC…ONA:KRONA_KTIMPORTTAXONOMY -
[-        ] NFC…ON_PROFILES:TAXPASTA_MERGE -
[-        ] NFC…FILES:TAXPASTA_STANDARDISE -
[-        ] NFC…CKEN_COMBINEBRACKENOUTPUTS -
Plus 7 more processes waiting for tasks…


executor >  slurm (70)
[-        ] NFC…PROFILER:TAXPROFILER:UNTAR -
[96/b51c19] NFC…TAXPROFILER:FASTQC (GHA.4) | 10 of 10 ✔
[-        ] NFC…ORTREAD_FASTP:FASTP_SINGLE -
[56/2355f2] NFC…FASTP:FASTP_PAIRED (GHA.4) | 10 of 10 ✔
[15/4d8f96] NFC…G:FASTQC_PROCESSED (GHA.4) | 10 of 10 ✔
[1d/449e77] NFC…TERING:BBMAP_BBDUK (GHA.4) | 10 of 10 ✔
[83/8a95c9] NFC…VAL:BOWTIE2_ALIGN (GEO.59) | 7 of 10
[c4/437d28] NFC…AL:SAMTOOLS_INDEX (IRN.12) | 6 of 7
[3d/2a7e46] NFC…AL:SAMTOOLS_STATS (IRN.12) | 4 of 6
[d1/95afe0] NFC…IAMOND_BLASTX (db6|GEO.59) | 0 of 7
[-        ] NFC…:KRAKENTOOLS_KREPORT2KRONA -
[-        ] NFC…ON_KRONA:KAIJU_KAIJU2KRONA -
[-        ] NFC…ZATION_KRONA:KRONA_CLEANUP -
[-        ] NFC…N_KRONA:KRONA_KTIMPORTTEXT -
[-        ] NFC…KRONA:MEGAN_RMA2INFO_KRONA -
[-        ] NFC…VISUALIZATION_KRONA:GUNZIP -
[-        ] NFC…ONA:KRONA_KTIMPORTTAXONOMY -
[-        ] NFC…ON_PROFILES:TAXPASTA_MERGE -
[-        ] NFC…FILES:TAXPASTA_STANDARDISE -
[-        ] NFC…CKEN_COMBINEBRACKENOUTPUTS -
Plus 7 more processes waiting for tasks…

executor >  slurm (70)
[-        ] NFC…PROFILER:TAXPROFILER:UNTAR -
[96/b51c19] NFC…TAXPROFILER:FASTQC (GHA.4) | 10 of 10 ✔
[-        ] NFC…ORTREAD_FASTP:FASTP_SINGLE -
[56/2355f2] NFC…FASTP:FASTP_PAIRED (GHA.4) | 10 of 10 ✔
[15/4d8f96] NFC…G:FASTQC_PROCESSED (GHA.4) | 10 of 10 ✔
[1d/449e77] NFC…TERING:BBMAP_BBDUK (GHA.4) | 10 of 10 ✔
[83/8a95c9] NFC…VAL:BOWTIE2_ALIGN (GEO.59) | 7 of 10
[ad/8a980a] NFC…AL:SAMTOOLS_INDEX (GEO.59) | 7 of 7
[3d/2a7e46] NFC…AL:SAMTOOLS_STATS (IRN.12) | 4 of 7
[d1/95afe0] NFC…IAMOND_BLASTX (db6|GEO.59) | 0 of 7
[-        ] NFC…:KRAKENTOOLS_KREPORT2KRONA -
[-        ] NFC…ON_KRONA:KAIJU_KAIJU2KRONA -
[-        ] NFC…ZATION_KRONA:KRONA_CLEANUP -
[-        ] NFC…N_KRONA:KRONA_KTIMPORTTEXT -
[-        ] NFC…KRONA:MEGAN_RMA2INFO_KRONA -
[-        ] NFC…VISUALIZATION_KRONA:GUNZIP -
[-        ] NFC…ONA:KRONA_KTIMPORTTAXONOMY -
[-        ] NFC…ON_PROFILES:TAXPASTA_MERGE -
[-        ] NFC…FILES:TAXPASTA_STANDARDISE -
[-        ] NFC…CKEN_COMBINEBRACKENOUTPUTS -
Plus 7 more processes waiting for tasks…

executor >  slurm (71)
[-        ] NFC…PROFILER:TAXPROFILER:UNTAR -
[96/b51c19] NFC…TAXPROFILER:FASTQC (GHA.4) | 10 of 10 ✔
[-        ] NFC…ORTREAD_FASTP:FASTP_SINGLE -
[56/2355f2] NFC…FASTP:FASTP_PAIRED (GHA.4) | 10 of 10 ✔
[15/4d8f96] NFC…G:FASTQC_PROCESSED (GHA.4) | 10 of 10 ✔
[1d/449e77] NFC…TERING:BBMAP_BBDUK (GHA.4) | 10 of 10 ✔
[83/8a95c9] NFC…VAL:BOWTIE2_ALIGN (GEO.59) | 7 of 10
[ad/8a980a] NFC…AL:SAMTOOLS_INDEX (GEO.59) | 7 of 7
[65/5ef2df] NFC…AL:SAMTOOLS_STATS (GEO.59) | 4 of 7
[d1/95afe0] NFC…IAMOND_BLASTX (db6|GEO.59) | 0 of 7
[-        ] NFC…:KRAKENTOOLS_KREPORT2KRONA -
[-        ] NFC…ON_KRONA:KAIJU_KAIJU2KRONA -
[-        ] NFC…ZATION_KRONA:KRONA_CLEANUP -
[-        ] NFC…N_KRONA:KRONA_KTIMPORTTEXT -
[-        ] NFC…KRONA:MEGAN_RMA2INFO_KRONA -
[-        ] NFC…VISUALIZATION_KRONA:GUNZIP -
[-        ] NFC…ONA:KRONA_KTIMPORTTAXONOMY -
[-        ] NFC…ON_PROFILES:TAXPASTA_MERGE -
[-        ] NFC…FILES:TAXPASTA_STANDARDISE -
[-        ] NFC…CKEN_COMBINEBRACKENOUTPUTS -
Plus 7 more processes waiting for tasks…

executor >  slurm (71)
[-        ] NFC…PROFILER:TAXPROFILER:UNTAR -
[96/b51c19] NFC…TAXPROFILER:FASTQC (GHA.4) | 10 of 10 ✔
[-        ] NFC…ORTREAD_FASTP:FASTP_SINGLE -
[56/2355f2] NFC…FASTP:FASTP_PAIRED (GHA.4) | 10 of 10 ✔
[15/4d8f96] NFC…G:FASTQC_PROCESSED (GHA.4) | 10 of 10 ✔
[1d/449e77] NFC…TERING:BBMAP_BBDUK (GHA.4) | 10 of 10 ✔
[83/8a95c9] NFC…VAL:BOWTIE2_ALIGN (GEO.59) | 7 of 10
[ad/8a980a] NFC…AL:SAMTOOLS_INDEX (GEO.59) | 7 of 7
[65/5ef2df] NFC…AL:SAMTOOLS_STATS (GEO.59) | 4 of 7
[d1/95afe0] NFC…IAMOND_BLASTX (db6|GEO.59) | 0 of 7
[-        ] NFC…:KRAKENTOOLS_KREPORT2KRONA -
[-        ] NFC…ON_KRONA:KAIJU_KAIJU2KRONA -
[-        ] NFC…ZATION_KRONA:KRONA_CLEANUP -
[-        ] NFC…N_KRONA:KRONA_KTIMPORTTEXT -
[-        ] NFC…KRONA:MEGAN_RMA2INFO_KRONA -
[-        ] NFC…VISUALIZATION_KRONA:GUNZIP -
[-        ] NFC…ONA:KRONA_KTIMPORTTAXONOMY -
[-        ] NFC…ON_PROFILES:TAXPASTA_MERGE -
[-        ] NFC…FILES:TAXPASTA_STANDARDISE -
[-        ] NFC…CKEN_COMBINEBRACKENOUTPUTS -
Plus 7 more processes waiting for tasks…

executor >  slurm (71)
[-        ] NFC…PROFILER:TAXPROFILER:UNTAR -
[96/b51c19] NFC…TAXPROFILER:FASTQC (GHA.4) | 10 of 10 ✔
[-        ] NFC…ORTREAD_FASTP:FASTP_SINGLE -
[56/2355f2] NFC…FASTP:FASTP_PAIRED (GHA.4) | 10 of 10 ✔
[15/4d8f96] NFC…G:FASTQC_PROCESSED (GHA.4) | 10 of 10 ✔
[1d/449e77] NFC…TERING:BBMAP_BBDUK (GHA.4) | 10 of 10 ✔
[83/8a95c9] NFC…VAL:BOWTIE2_ALIGN (GEO.59) | 7 of 10
[ad/8a980a] NFC…AL:SAMTOOLS_INDEX (GEO.59) | 7 of 7
[08/d64aae] NFC…AL:SAMTOOLS_STATS (ISL.28) | 5 of 7
[d1/95afe0] NFC…IAMOND_BLASTX (db6|GEO.59) | 0 of 7
[-        ] NFC…:KRAKENTOOLS_KREPORT2KRONA -
[-        ] NFC…ON_KRONA:KAIJU_KAIJU2KRONA -
[-        ] NFC…ZATION_KRONA:KRONA_CLEANUP -
[-        ] NFC…N_KRONA:KRONA_KTIMPORTTEXT -
[-        ] NFC…KRONA:MEGAN_RMA2INFO_KRONA -
[-        ] NFC…VISUALIZATION_KRONA:GUNZIP -
[-        ] NFC…ONA:KRONA_KTIMPORTTAXONOMY -
[-        ] NFC…ON_PROFILES:TAXPASTA_MERGE -
[-        ] NFC…FILES:TAXPASTA_STANDARDISE -
[-        ] NFC…CKEN_COMBINEBRACKENOUTPUTS -
Plus 7 more processes waiting for tasks…

executor >  slurm (71)
[-        ] NFC…PROFILER:TAXPROFILER:UNTAR -
[96/b51c19] NFC…TAXPROFILER:FASTQC (GHA.4) | 10 of 10 ✔
[-        ] NFC…ORTREAD_FASTP:FASTP_SINGLE -
[56/2355f2] NFC…FASTP:FASTP_PAIRED (GHA.4) | 10 of 10 ✔
[15/4d8f96] NFC…G:FASTQC_PROCESSED (GHA.4) | 10 of 10 ✔
[1d/449e77] NFC…TERING:BBMAP_BBDUK (GHA.4) | 10 of 10 ✔
[83/8a95c9] NFC…VAL:BOWTIE2_ALIGN (GEO.59) | 7 of 10
[ad/8a980a] NFC…AL:SAMTOOLS_INDEX (GEO.59) | 7 of 7
[3d/2a7e46] NFC…AL:SAMTOOLS_STATS (IRN.12) | 6 of 7
[d1/95afe0] NFC…IAMOND_BLASTX (db6|GEO.59) | 0 of 7
[-        ] NFC…:KRAKENTOOLS_KREPORT2KRONA -
[-        ] NFC…ON_KRONA:KAIJU_KAIJU2KRONA -
[-        ] NFC…ZATION_KRONA:KRONA_CLEANUP -
[-        ] NFC…N_KRONA:KRONA_KTIMPORTTEXT -
[-        ] NFC…KRONA:MEGAN_RMA2INFO_KRONA -
[-        ] NFC…VISUALIZATION_KRONA:GUNZIP -
[-        ] NFC…ONA:KRONA_KTIMPORTTAXONOMY -
[-        ] NFC…ON_PROFILES:TAXPASTA_MERGE -
[-        ] NFC…FILES:TAXPASTA_STANDARDISE -
[-        ] NFC…CKEN_COMBINEBRACKENOUTPUTS -
Plus 7 more processes waiting for tasks…

executor >  slurm (71)
[-        ] NFC…PROFILER:TAXPROFILER:UNTAR -
[96/b51c19] NFC…TAXPROFILER:FASTQC (GHA.4) | 10 of 10 ✔
[-        ] NFC…ORTREAD_FASTP:FASTP_SINGLE -
[56/2355f2] NFC…FASTP:FASTP_PAIRED (GHA.4) | 10 of 10 ✔
[15/4d8f96] NFC…G:FASTQC_PROCESSED (GHA.4) | 10 of 10 ✔
[1d/449e77] NFC…TERING:BBMAP_BBDUK (GHA.4) | 10 of 10 ✔
[83/8a95c9] NFC…VAL:BOWTIE2_ALIGN (GEO.59) | 7 of 10
[ad/8a980a] NFC…AL:SAMTOOLS_INDEX (GEO.59) | 7 of 7
[65/5ef2df] NFC…AL:SAMTOOLS_STATS (GEO.59) | 7 of 7
[d1/95afe0] NFC…IAMOND_BLASTX (db6|GEO.59) | 0 of 7
[-        ] NFC…:KRAKENTOOLS_KREPORT2KRONA -
[-        ] NFC…ON_KRONA:KAIJU_KAIJU2KRONA -
[-        ] NFC…ZATION_KRONA:KRONA_CLEANUP -
[-        ] NFC…N_KRONA:KRONA_KTIMPORTTEXT -
[-        ] NFC…KRONA:MEGAN_RMA2INFO_KRONA -
[-        ] NFC…VISUALIZATION_KRONA:GUNZIP -
[-        ] NFC…ONA:KRONA_KTIMPORTTAXONOMY -
[-        ] NFC…ON_PROFILES:TAXPASTA_MERGE -
[-        ] NFC…FILES:TAXPASTA_STANDARDISE -
[-        ] NFC…CKEN_COMBINEBRACKENOUTPUTS -
Plus 7 more processes waiting for tasks…

executor >  slurm (73)
[-        ] NFC…PROFILER:TAXPROFILER:UNTAR -
[96/b51c19] NFC…TAXPROFILER:FASTQC (GHA.4) | 10 of 10 ✔
[-        ] NFC…ORTREAD_FASTP:FASTP_SINGLE -
[56/2355f2] NFC…FASTP:FASTP_PAIRED (GHA.4) | 10 of 10 ✔
[15/4d8f96] NFC…G:FASTQC_PROCESSED (GHA.4) | 10 of 10 ✔
[1d/449e77] NFC…TERING:BBMAP_BBDUK (GHA.4) | 10 of 10 ✔
[33/9c2417] NFC…VAL:BOWTIE2_ALIGN (IRL.69) | 8 of 10
[b0/f3ffa6] NFC…AL:SAMTOOLS_INDEX (IRL.69) | 7 of 8
[65/5ef2df] NFC…AL:SAMTOOLS_STATS (GEO.59) | 7 of 7
[f3/729d53] NFC…IAMOND_BLASTX (db6|IRL.69) | 0 of 8
[-        ] NFC…:KRAKENTOOLS_KREPORT2KRONA -
[-        ] NFC…ON_KRONA:KAIJU_KAIJU2KRONA -
[-        ] NFC…ZATION_KRONA:KRONA_CLEANUP -
[-        ] NFC…N_KRONA:KRONA_KTIMPORTTEXT -
[-        ] NFC…KRONA:MEGAN_RMA2INFO_KRONA -
[-        ] NFC…VISUALIZATION_KRONA:GUNZIP -
[-        ] NFC…ONA:KRONA_KTIMPORTTAXONOMY -
[-        ] NFC…ON_PROFILES:TAXPASTA_MERGE -
[-        ] NFC…FILES:TAXPASTA_STANDARDISE -
[-        ] NFC…CKEN_COMBINEBRACKENOUTPUTS -
Plus 7 more processes waiting for tasks…
WARN: [nf-core/taxprofiler] DIAMOND does not accept paired-end files as input. Only read 1 will be used for profiling. Running DIAMOND for sample IRL.69 using only read 1.

executor >  slurm (73)
[-        ] NFC…PROFILER:TAXPROFILER:UNTAR -
[96/b51c19] NFC…TAXPROFILER:FASTQC (GHA.4) | 10 of 10 ✔
[-        ] NFC…ORTREAD_FASTP:FASTP_SINGLE -
[56/2355f2] NFC…FASTP:FASTP_PAIRED (GHA.4) | 10 of 10 ✔
[15/4d8f96] NFC…G:FASTQC_PROCESSED (GHA.4) | 10 of 10 ✔
[1d/449e77] NFC…TERING:BBMAP_BBDUK (GHA.4) | 10 of 10 ✔
[33/9c2417] NFC…VAL:BOWTIE2_ALIGN (IRL.69) | 8 of 10
[b0/f3ffa6] NFC…AL:SAMTOOLS_INDEX (IRL.69) | 7 of 8
[65/5ef2df] NFC…AL:SAMTOOLS_STATS (GEO.59) | 7 of 7
[f3/729d53] NFC…IAMOND_BLASTX (db6|IRL.69) | 0 of 8
[-        ] NFC…:KRAKENTOOLS_KREPORT2KRONA -
[-        ] NFC…ON_KRONA:KAIJU_KAIJU2KRONA -
[-        ] NFC…ZATION_KRONA:KRONA_CLEANUP -
[-        ] NFC…N_KRONA:KRONA_KTIMPORTTEXT -
[-        ] NFC…KRONA:MEGAN_RMA2INFO_KRONA -
[-        ] NFC…VISUALIZATION_KRONA:GUNZIP -
[-        ] NFC…ONA:KRONA_KTIMPORTTAXONOMY -
[-        ] NFC…ON_PROFILES:TAXPASTA_MERGE -
[-        ] NFC…FILES:TAXPASTA_STANDARDISE -
[-        ] NFC…CKEN_COMBINEBRACKENOUTPUTS -
Plus 7 more processes waiting for tasks…
WARN: [nf-core/taxprofiler] DIAMOND does not accept paired-end files as input. Only read 1 will be used for profiling. Running DIAMOND for sample IRL.69 using only read 1.

executor >  slurm (73)
[-        ] NFC…PROFILER:TAXPROFILER:UNTAR -
[96/b51c19] NFC…TAXPROFILER:FASTQC (GHA.4) | 10 of 10 ✔
[-        ] NFC…ORTREAD_FASTP:FASTP_SINGLE -
[56/2355f2] NFC…FASTP:FASTP_PAIRED (GHA.4) | 10 of 10 ✔
[15/4d8f96] NFC…G:FASTQC_PROCESSED (GHA.4) | 10 of 10 ✔
[1d/449e77] NFC…TERING:BBMAP_BBDUK (GHA.4) | 10 of 10 ✔
[33/9c2417] NFC…VAL:BOWTIE2_ALIGN (IRL.69) | 8 of 10
[b0/f3ffa6] NFC…AL:SAMTOOLS_INDEX (IRL.69) | 8 of 8
[65/5ef2df] NFC…AL:SAMTOOLS_STATS (GEO.59) | 7 of 8
[f3/729d53] NFC…IAMOND_BLASTX (db6|IRL.69) | 0 of 8
[-        ] NFC…:KRAKENTOOLS_KREPORT2KRONA -
[-        ] NFC…ON_KRONA:KAIJU_KAIJU2KRONA -
[-        ] NFC…ZATION_KRONA:KRONA_CLEANUP -
[-        ] NFC…N_KRONA:KRONA_KTIMPORTTEXT -
[-        ] NFC…KRONA:MEGAN_RMA2INFO_KRONA -
[-        ] NFC…VISUALIZATION_KRONA:GUNZIP -
[-        ] NFC…ONA:KRONA_KTIMPORTTAXONOMY -
[-        ] NFC…ON_PROFILES:TAXPASTA_MERGE -
[-        ] NFC…FILES:TAXPASTA_STANDARDISE -
[-        ] NFC…CKEN_COMBINEBRACKENOUTPUTS -
Plus 7 more processes waiting for tasks…


executor >  slurm (74)
[-        ] NFC…PROFILER:TAXPROFILER:UNTAR -
[96/b51c19] NFC…TAXPROFILER:FASTQC (GHA.4) | 10 of 10 ✔
[-        ] NFC…ORTREAD_FASTP:FASTP_SINGLE -
[56/2355f2] NFC…FASTP:FASTP_PAIRED (GHA.4) | 10 of 10 ✔
[15/4d8f96] NFC…G:FASTQC_PROCESSED (GHA.4) | 10 of 10 ✔
[1d/449e77] NFC…TERING:BBMAP_BBDUK (GHA.4) | 10 of 10 ✔
[33/9c2417] NFC…VAL:BOWTIE2_ALIGN (IRL.69) | 8 of 10
[b0/f3ffa6] NFC…AL:SAMTOOLS_INDEX (IRL.69) | 8 of 8
[57/c77b76] NFC…AL:SAMTOOLS_STATS (IRL.69) | 7 of 8
[f3/729d53] NFC…IAMOND_BLASTX (db6|IRL.69) | 0 of 8
[-        ] NFC…:KRAKENTOOLS_KREPORT2KRONA -
[-        ] NFC…ON_KRONA:KAIJU_KAIJU2KRONA -
[-        ] NFC…ZATION_KRONA:KRONA_CLEANUP -
[-        ] NFC…N_KRONA:KRONA_KTIMPORTTEXT -
[-        ] NFC…KRONA:MEGAN_RMA2INFO_KRONA -
[-        ] NFC…VISUALIZATION_KRONA:GUNZIP -
[-        ] NFC…ONA:KRONA_KTIMPORTTAXONOMY -
[-        ] NFC…ON_PROFILES:TAXPASTA_MERGE -
[-        ] NFC…FILES:TAXPASTA_STANDARDISE -
[-        ] NFC…CKEN_COMBINEBRACKENOUTPUTS -
Plus 7 more processes waiting for tasks…


executor >  slurm (74)
[-        ] NFC…PROFILER:TAXPROFILER:UNTAR -
[96/b51c19] NFC…TAXPROFILER:FASTQC (GHA.4) | 10 of 10 ✔
[-        ] NFC…ORTREAD_FASTP:FASTP_SINGLE -
[56/2355f2] NFC…FASTP:FASTP_PAIRED (GHA.4) | 10 of 10 ✔
[15/4d8f96] NFC…G:FASTQC_PROCESSED (GHA.4) | 10 of 10 ✔
[1d/449e77] NFC…TERING:BBMAP_BBDUK (GHA.4) | 10 of 10 ✔
[33/9c2417] NFC…VAL:BOWTIE2_ALIGN (IRL.69) | 8 of 10
[b0/f3ffa6] NFC…AL:SAMTOOLS_INDEX (IRL.69) | 8 of 8
[57/c77b76] NFC…AL:SAMTOOLS_STATS (IRL.69) | 7 of 8
[f3/729d53] NFC…IAMOND_BLASTX (db6|IRL.69) | 0 of 8
[-        ] NFC…:KRAKENTOOLS_KREPORT2KRONA -
[-        ] NFC…ON_KRONA:KAIJU_KAIJU2KRONA -
[-        ] NFC…ZATION_KRONA:KRONA_CLEANUP -
[-        ] NFC…N_KRONA:KRONA_KTIMPORTTEXT -
[-        ] NFC…KRONA:MEGAN_RMA2INFO_KRONA -
[-        ] NFC…VISUALIZATION_KRONA:GUNZIP -
[-        ] NFC…ONA:KRONA_KTIMPORTTAXONOMY -
[-        ] NFC…ON_PROFILES:TAXPASTA_MERGE -
[-        ] NFC…FILES:TAXPASTA_STANDARDISE -
[-        ] NFC…CKEN_COMBINEBRACKENOUTPUTS -
Plus 7 more processes waiting for tasks…

executor >  slurm (74)
[-        ] NFC…PROFILER:TAXPROFILER:UNTAR -
[96/b51c19] NFC…TAXPROFILER:FASTQC (GHA.4) | 10 of 10 ✔
[-        ] NFC…ORTREAD_FASTP:FASTP_SINGLE -
[56/2355f2] NFC…FASTP:FASTP_PAIRED (GHA.4) | 10 of 10 ✔
[15/4d8f96] NFC…G:FASTQC_PROCESSED (GHA.4) | 10 of 10 ✔
[1d/449e77] NFC…TERING:BBMAP_BBDUK (GHA.4) | 10 of 10 ✔
[33/9c2417] NFC…VAL:BOWTIE2_ALIGN (IRL.69) | 8 of 10
[b0/f3ffa6] NFC…AL:SAMTOOLS_INDEX (IRL.69) | 8 of 8
[57/c77b76] NFC…AL:SAMTOOLS_STATS (IRL.69) | 8 of 8
[f3/729d53] NFC…IAMOND_BLASTX (db6|IRL.69) | 0 of 8
[-        ] NFC…:KRAKENTOOLS_KREPORT2KRONA -
[-        ] NFC…ON_KRONA:KAIJU_KAIJU2KRONA -
[-        ] NFC…ZATION_KRONA:KRONA_CLEANUP -
[-        ] NFC…N_KRONA:KRONA_KTIMPORTTEXT -
[-        ] NFC…KRONA:MEGAN_RMA2INFO_KRONA -
[-        ] NFC…VISUALIZATION_KRONA:GUNZIP -
[-        ] NFC…ONA:KRONA_KTIMPORTTAXONOMY -
[-        ] NFC…ON_PROFILES:TAXPASTA_MERGE -
[-        ] NFC…FILES:TAXPASTA_STANDARDISE -
[-        ] NFC…CKEN_COMBINEBRACKENOUTPUTS -
Plus 7 more processes waiting for tasks…

executor >  slurm (74)
[-        ] NFC…PROFILER:TAXPROFILER:UNTAR -
[96/b51c19] NFC…TAXPROFILER:FASTQC (GHA.4) | 10 of 10 ✔
[-        ] NFC…ORTREAD_FASTP:FASTP_SINGLE -
[56/2355f2] NFC…FASTP:FASTP_PAIRED (GHA.4) | 10 of 10 ✔
[15/4d8f96] NFC…G:FASTQC_PROCESSED (GHA.4) | 10 of 10 ✔
[1d/449e77] NFC…TERING:BBMAP_BBDUK (GHA.4) | 10 of 10 ✔
[33/9c2417] NFC…VAL:BOWTIE2_ALIGN (IRL.69) | 8 of 10
[b0/f3ffa6] NFC…AL:SAMTOOLS_INDEX (IRL.69) | 8 of 8
[57/c77b76] NFC…AL:SAMTOOLS_STATS (IRL.69) | 8 of 8
[f3/729d53] NFC…IAMOND_BLASTX (db6|IRL.69) | 0 of 8
[-        ] NFC…:KRAKENTOOLS_KREPORT2KRONA -
[-        ] NFC…ON_KRONA:KAIJU_KAIJU2KRONA -
[-        ] NFC…ZATION_KRONA:KRONA_CLEANUP -
[-        ] NFC…N_KRONA:KRONA_KTIMPORTTEXT -
[-        ] NFC…KRONA:MEGAN_RMA2INFO_KRONA -
[-        ] NFC…VISUALIZATION_KRONA:GUNZIP -
[-        ] NFC…ONA:KRONA_KTIMPORTTAXONOMY -
[-        ] NFC…ON_PROFILES:TAXPASTA_MERGE -
[-        ] NFC…FILES:TAXPASTA_STANDARDISE -
[-        ] NFC…CKEN_COMBINEBRACKENOUTPUTS -
Plus 7 more processes waiting for tasks…
WARN: [nf-core/taxprofiler] DIAMOND does not accept paired-end files as input. Only read 1 will be used for profiling. Running DIAMOND for sample IND.11 using only read 1.

executor >  slurm (76)
[-        ] NFC…PROFILER:TAXPROFILER:UNTAR -
[96/b51c19] NFC…TAXPROFILER:FASTQC (GHA.4) | 10 of 10 ✔
[-        ] NFC…ORTREAD_FASTP:FASTP_SINGLE -
[56/2355f2] NFC…FASTP:FASTP_PAIRED (GHA.4) | 10 of 10 ✔
[15/4d8f96] NFC…G:FASTQC_PROCESSED (GHA.4) | 10 of 10 ✔
[1d/449e77] NFC…TERING:BBMAP_BBDUK (GHA.4) | 10 of 10 ✔
[8b/02bc6e] NFC…VAL:BOWTIE2_ALIGN (IND.11) | 9 of 10
[d4/3e386b] NFC…AL:SAMTOOLS_INDEX (IND.11) | 8 of 9
[57/c77b76] NFC…AL:SAMTOOLS_STATS (IRL.69) | 8 of 8
[c9/c1d84f] NFC…IAMOND_BLASTX (db6|IND.11) | 0 of 9
[-        ] NFC…:KRAKENTOOLS_KREPORT2KRONA -
[-        ] NFC…ON_KRONA:KAIJU_KAIJU2KRONA -
[-        ] NFC…ZATION_KRONA:KRONA_CLEANUP -
[-        ] NFC…N_KRONA:KRONA_KTIMPORTTEXT -
[-        ] NFC…KRONA:MEGAN_RMA2INFO_KRONA -
[-        ] NFC…VISUALIZATION_KRONA:GUNZIP -
[-        ] NFC…ONA:KRONA_KTIMPORTTAXONOMY -
[-        ] NFC…ON_PROFILES:TAXPASTA_MERGE -
[-        ] NFC…FILES:TAXPASTA_STANDARDISE -
[-        ] NFC…CKEN_COMBINEBRACKENOUTPUTS -
Plus 7 more processes waiting for tasks…
WARN: [nf-core/taxprofiler] DIAMOND does not accept paired-end files as input. Only read 1 will be used for profiling. Running DIAMOND for sample IND.11 using only read 1.

executor >  slurm (76)
[-        ] NFC…PROFILER:TAXPROFILER:UNTAR -
[96/b51c19] NFC…TAXPROFILER:FASTQC (GHA.4) | 10 of 10 ✔
[-        ] NFC…ORTREAD_FASTP:FASTP_SINGLE -
[56/2355f2] NFC…FASTP:FASTP_PAIRED (GHA.4) | 10 of 10 ✔
[15/4d8f96] NFC…G:FASTQC_PROCESSED (GHA.4) | 10 of 10 ✔
[1d/449e77] NFC…TERING:BBMAP_BBDUK (GHA.4) | 10 of 10 ✔
[8b/02bc6e] NFC…VAL:BOWTIE2_ALIGN (IND.11) | 9 of 10
[d4/3e386b] NFC…AL:SAMTOOLS_INDEX (IND.11) | 8 of 9
[57/c77b76] NFC…AL:SAMTOOLS_STATS (IRL.69) | 8 of 8
[c9/c1d84f] NFC…IAMOND_BLASTX (db6|IND.11) | 0 of 9
[-        ] NFC…:KRAKENTOOLS_KREPORT2KRONA -
[-        ] NFC…ON_KRONA:KAIJU_KAIJU2KRONA -
[-        ] NFC…ZATION_KRONA:KRONA_CLEANUP -
[-        ] NFC…N_KRONA:KRONA_KTIMPORTTEXT -
[-        ] NFC…KRONA:MEGAN_RMA2INFO_KRONA -
[-        ] NFC…VISUALIZATION_KRONA:GUNZIP -
[-        ] NFC…ONA:KRONA_KTIMPORTTAXONOMY -
[-        ] NFC…ON_PROFILES:TAXPASTA_MERGE -
[-        ] NFC…FILES:TAXPASTA_STANDARDISE -
[-        ] NFC…CKEN_COMBINEBRACKENOUTPUTS -
Plus 7 more processes waiting for tasks…
WARN: [nf-core/taxprofiler] DIAMOND does not accept paired-end files as input. Only read 1 will be used for profiling. Running DIAMOND for sample IND.11 using only read 1.

executor >  slurm (76)
[-        ] NFC…PROFILER:TAXPROFILER:UNTAR -
[96/b51c19] NFC…TAXPROFILER:FASTQC (GHA.4) | 10 of 10 ✔
[-        ] NFC…ORTREAD_FASTP:FASTP_SINGLE -
[56/2355f2] NFC…FASTP:FASTP_PAIRED (GHA.4) | 10 of 10 ✔
[15/4d8f96] NFC…G:FASTQC_PROCESSED (GHA.4) | 10 of 10 ✔
[1d/449e77] NFC…TERING:BBMAP_BBDUK (GHA.4) | 10 of 10 ✔
[8b/02bc6e] NFC…VAL:BOWTIE2_ALIGN (IND.11) | 9 of 10
[d4/3e386b] NFC…AL:SAMTOOLS_INDEX (IND.11) | 9 of 9
[57/c77b76] NFC…AL:SAMTOOLS_STATS (IRL.69) | 8 of 8
[c9/c1d84f] NFC…IAMOND_BLASTX (db6|IND.11) | 0 of 9
[-        ] NFC…:KRAKENTOOLS_KREPORT2KRONA -
[-        ] NFC…ON_KRONA:KAIJU_KAIJU2KRONA -
[-        ] NFC…ZATION_KRONA:KRONA_CLEANUP -
[-        ] NFC…N_KRONA:KRONA_KTIMPORTTEXT -
[-        ] NFC…KRONA:MEGAN_RMA2INFO_KRONA -
[-        ] NFC…VISUALIZATION_KRONA:GUNZIP -
[-        ] NFC…ONA:KRONA_KTIMPORTTAXONOMY -
[-        ] NFC…ON_PROFILES:TAXPASTA_MERGE -
[-        ] NFC…FILES:TAXPASTA_STANDARDISE -
[-        ] NFC…CKEN_COMBINEBRACKENOUTPUTS -
Plus 7 more processes waiting for tasks…


executor >  slurm (77)
[-        ] NFC…PROFILER:TAXPROFILER:UNTAR -
[96/b51c19] NFC…TAXPROFILER:FASTQC (GHA.4) | 10 of 10 ✔
[-        ] NFC…ORTREAD_FASTP:FASTP_SINGLE -
[56/2355f2] NFC…FASTP:FASTP_PAIRED (GHA.4) | 10 of 10 ✔
[15/4d8f96] NFC…G:FASTQC_PROCESSED (GHA.4) | 10 of 10 ✔
[1d/449e77] NFC…TERING:BBMAP_BBDUK (GHA.4) | 10 of 10 ✔
[8b/02bc6e] NFC…VAL:BOWTIE2_ALIGN (IND.11) | 9 of 10
[d4/3e386b] NFC…AL:SAMTOOLS_INDEX (IND.11) | 9 of 9
[47/b62326] NFC…AL:SAMTOOLS_STATS (IND.11) | 8 of 9
[c9/c1d84f] NFC…IAMOND_BLASTX (db6|IND.11) | 0 of 9
[-        ] NFC…:KRAKENTOOLS_KREPORT2KRONA -
[-        ] NFC…ON_KRONA:KAIJU_KAIJU2KRONA -
[-        ] NFC…ZATION_KRONA:KRONA_CLEANUP -
[-        ] NFC…N_KRONA:KRONA_KTIMPORTTEXT -
[-        ] NFC…KRONA:MEGAN_RMA2INFO_KRONA -
[-        ] NFC…VISUALIZATION_KRONA:GUNZIP -
[-        ] NFC…ONA:KRONA_KTIMPORTTAXONOMY -
[-        ] NFC…ON_PROFILES:TAXPASTA_MERGE -
[-        ] NFC…FILES:TAXPASTA_STANDARDISE -
[-        ] NFC…CKEN_COMBINEBRACKENOUTPUTS -
Plus 7 more processes waiting for tasks…


executor >  slurm (77)
[-        ] NFC…PROFILER:TAXPROFILER:UNTAR -
[96/b51c19] NFC…TAXPROFILER:FASTQC (GHA.4) | 10 of 10 ✔
[-        ] NFC…ORTREAD_FASTP:FASTP_SINGLE -
[56/2355f2] NFC…FASTP:FASTP_PAIRED (GHA.4) | 10 of 10 ✔
[15/4d8f96] NFC…G:FASTQC_PROCESSED (GHA.4) | 10 of 10 ✔
[1d/449e77] NFC…TERING:BBMAP_BBDUK (GHA.4) | 10 of 10 ✔
[8b/02bc6e] NFC…VAL:BOWTIE2_ALIGN (IND.11) | 9 of 10
[d4/3e386b] NFC…AL:SAMTOOLS_INDEX (IND.11) | 9 of 9
[47/b62326] NFC…AL:SAMTOOLS_STATS (IND.11) | 8 of 9
[c9/c1d84f] NFC…IAMOND_BLASTX (db6|IND.11) | 0 of 9
[-        ] NFC…:KRAKENTOOLS_KREPORT2KRONA -
[-        ] NFC…ON_KRONA:KAIJU_KAIJU2KRONA -
[-        ] NFC…ZATION_KRONA:KRONA_CLEANUP -
[-        ] NFC…N_KRONA:KRONA_KTIMPORTTEXT -
[-        ] NFC…KRONA:MEGAN_RMA2INFO_KRONA -
[-        ] NFC…VISUALIZATION_KRONA:GUNZIP -
[-        ] NFC…ONA:KRONA_KTIMPORTTAXONOMY -
[-        ] NFC…ON_PROFILES:TAXPASTA_MERGE -
[-        ] NFC…FILES:TAXPASTA_STANDARDISE -
[-        ] NFC…CKEN_COMBINEBRACKENOUTPUTS -
Plus 7 more processes waiting for tasks…

executor >  slurm (77)
[-        ] NFC…PROFILER:TAXPROFILER:UNTAR -
[96/b51c19] NFC…TAXPROFILER:FASTQC (GHA.4) | 10 of 10 ✔
[-        ] NFC…ORTREAD_FASTP:FASTP_SINGLE -
[56/2355f2] NFC…FASTP:FASTP_PAIRED (GHA.4) | 10 of 10 ✔
[15/4d8f96] NFC…G:FASTQC_PROCESSED (GHA.4) | 10 of 10 ✔
[1d/449e77] NFC…TERING:BBMAP_BBDUK (GHA.4) | 10 of 10 ✔
[8b/02bc6e] NFC…VAL:BOWTIE2_ALIGN (IND.11) | 9 of 10 ✔
[d4/3e386b] NFC…AL:SAMTOOLS_INDEX (IND.11) | 9 of 9
[47/b62326] NFC…AL:SAMTOOLS_STATS (IND.11) | 8 of 9
[c9/c1d84f] NFC…IAMOND_BLASTX (db6|IND.11) | 0 of 9
[-        ] NFC…:KRAKENTOOLS_KREPORT2KRONA -
[-        ] NFC…ON_KRONA:KAIJU_KAIJU2KRONA -
[-        ] NFC…ZATION_KRONA:KRONA_CLEANUP -
[-        ] NFC…N_KRONA:KRONA_KTIMPORTTEXT -
[-        ] NFC…KRONA:MEGAN_RMA2INFO_KRONA -
[-        ] NFC…VISUALIZATION_KRONA:GUNZIP -
[-        ] NFC…ONA:KRONA_KTIMPORTTAXONOMY -
[-        ] NFC…ON_PROFILES:TAXPASTA_MERGE -
[-        ] NFC…FILES:TAXPASTA_STANDARDISE -
[-        ] NFC…CKEN_COMBINEBRACKENOUTPUTS -
Plus 7 more processes waiting for tasks…
WARN: [nf-core/taxprofiler] DIAMOND does not accept paired-end files as input. Only read 1 will be used for profiling. Running DIAMOND for sample GHA.4 using only read 1.

executor >  slurm (79)
[-        ] NFC…PROFILER:TAXPROFILER:UNTAR -
[96/b51c19] NFC…TAXPROFILER:FASTQC (GHA.4) | 10 of 10 ✔
[-        ] NFC…ORTREAD_FASTP:FASTP_SINGLE -
[56/2355f2] NFC…FASTP:FASTP_PAIRED (GHA.4) | 10 of 10 ✔
[15/4d8f96] NFC…G:FASTQC_PROCESSED (GHA.4) | 10 of 10 ✔
[1d/449e77] NFC…TERING:BBMAP_BBDUK (GHA.4) | 10 of 10 ✔
[d9/06973b] NFC…OVAL:BOWTIE2_ALIGN (GHA.4) | 10 of 10 ✔
[72/931405] NFC…VAL:SAMTOOLS_INDEX (GHA.4) | 9 of 10
[47/b62326] NFC…AL:SAMTOOLS_STATS (IND.11) | 8 of 9
[1a/ea39b2] NFC…DIAMOND_BLASTX (db6|GHA.4) | 0 of 10
[-        ] NFC…:KRAKENTOOLS_KREPORT2KRONA -
[-        ] NFC…ON_KRONA:KAIJU_KAIJU2KRONA -
[-        ] NFC…ZATION_KRONA:KRONA_CLEANUP -
[-        ] NFC…N_KRONA:KRONA_KTIMPORTTEXT -
[-        ] NFC…KRONA:MEGAN_RMA2INFO_KRONA -
[-        ] NFC…VISUALIZATION_KRONA:GUNZIP -
[-        ] NFC…ONA:KRONA_KTIMPORTTAXONOMY -
[-        ] NFC…ON_PROFILES:TAXPASTA_MERGE -
[-        ] NFC…FILES:TAXPASTA_STANDARDISE -
[-        ] NFC…CKEN_COMBINEBRACKENOUTPUTS -
Plus 7 more processes waiting for tasks…
WARN: [nf-core/taxprofiler] DIAMOND does not accept paired-end files as input. Only read 1 will be used for profiling. Running DIAMOND for sample GHA.4 using only read 1.

executor >  slurm (79)
[-        ] NFC…PROFILER:TAXPROFILER:UNTAR -
[96/b51c19] NFC…TAXPROFILER:FASTQC (GHA.4) | 10 of 10 ✔
[-        ] NFC…ORTREAD_FASTP:FASTP_SINGLE -
[56/2355f2] NFC…FASTP:FASTP_PAIRED (GHA.4) | 10 of 10 ✔
[15/4d8f96] NFC…G:FASTQC_PROCESSED (GHA.4) | 10 of 10 ✔
[1d/449e77] NFC…TERING:BBMAP_BBDUK (GHA.4) | 10 of 10 ✔
[d9/06973b] NFC…OVAL:BOWTIE2_ALIGN (GHA.4) | 10 of 10 ✔
[72/931405] NFC…VAL:SAMTOOLS_INDEX (GHA.4) | 9 of 10
[47/b62326] NFC…AL:SAMTOOLS_STATS (IND.11) | 8 of 9
[1a/ea39b2] NFC…DIAMOND_BLASTX (db6|GHA.4) | 0 of 10
[-        ] NFC…:KRAKENTOOLS_KREPORT2KRONA -
[-        ] NFC…ON_KRONA:KAIJU_KAIJU2KRONA -
[-        ] NFC…ZATION_KRONA:KRONA_CLEANUP -
[-        ] NFC…N_KRONA:KRONA_KTIMPORTTEXT -
[-        ] NFC…KRONA:MEGAN_RMA2INFO_KRONA -
[-        ] NFC…VISUALIZATION_KRONA:GUNZIP -
[-        ] NFC…ONA:KRONA_KTIMPORTTAXONOMY -
[-        ] NFC…ON_PROFILES:TAXPASTA_MERGE -
[-        ] NFC…FILES:TAXPASTA_STANDARDISE -
[-        ] NFC…CKEN_COMBINEBRACKENOUTPUTS -
Plus 7 more processes waiting for tasks…
WARN: [nf-core/taxprofiler] DIAMOND does not accept paired-end files as input. Only read 1 will be used for profiling. Running DIAMOND for sample GHA.4 using only read 1.

executor >  slurm (79)
[-        ] NFC…PROFILER:TAXPROFILER:UNTAR -
[96/b51c19] NFC…TAXPROFILER:FASTQC (GHA.4) | 10 of 10 ✔
[-        ] NFC…ORTREAD_FASTP:FASTP_SINGLE -
[56/2355f2] NFC…FASTP:FASTP_PAIRED (GHA.4) | 10 of 10 ✔
[15/4d8f96] NFC…G:FASTQC_PROCESSED (GHA.4) | 10 of 10 ✔
[1d/449e77] NFC…TERING:BBMAP_BBDUK (GHA.4) | 10 of 10 ✔
[d9/06973b] NFC…OVAL:BOWTIE2_ALIGN (GHA.4) | 10 of 10 ✔
[72/931405] NFC…VAL:SAMTOOLS_INDEX (GHA.4) | 9 of 10
[47/b62326] NFC…AL:SAMTOOLS_STATS (IND.11) | 9 of 9
[1a/ea39b2] NFC…DIAMOND_BLASTX (db6|GHA.4) | 0 of 10
[-        ] NFC…:KRAKENTOOLS_KREPORT2KRONA -
[-        ] NFC…ON_KRONA:KAIJU_KAIJU2KRONA -
[-        ] NFC…ZATION_KRONA:KRONA_CLEANUP -
[-        ] NFC…N_KRONA:KRONA_KTIMPORTTEXT -
[-        ] NFC…KRONA:MEGAN_RMA2INFO_KRONA -
[-        ] NFC…VISUALIZATION_KRONA:GUNZIP -
[-        ] NFC…ONA:KRONA_KTIMPORTTAXONOMY -
[-        ] NFC…ON_PROFILES:TAXPASTA_MERGE -
[-        ] NFC…FILES:TAXPASTA_STANDARDISE -
[-        ] NFC…CKEN_COMBINEBRACKENOUTPUTS -
Plus 7 more processes waiting for tasks…


executor >  slurm (80)
[-        ] NFC…PROFILER:TAXPROFILER:UNTAR -
[96/b51c19] NFC…TAXPROFILER:FASTQC (GHA.4) | 10 of 10 ✔
[-        ] NFC…ORTREAD_FASTP:FASTP_SINGLE -
[56/2355f2] NFC…FASTP:FASTP_PAIRED (GHA.4) | 10 of 10 ✔
[15/4d8f96] NFC…G:FASTQC_PROCESSED (GHA.4) | 10 of 10 ✔
[1d/449e77] NFC…TERING:BBMAP_BBDUK (GHA.4) | 10 of 10 ✔
[d9/06973b] NFC…OVAL:BOWTIE2_ALIGN (GHA.4) | 10 of 10 ✔
[72/931405] NFC…VAL:SAMTOOLS_INDEX (GHA.4) | 10 of 10 ✔
[80/270d0f] NFC…VAL:SAMTOOLS_STATS (GHA.4) | 9 of 10
[1a/ea39b2] NFC…DIAMOND_BLASTX (db6|GHA.4) | 0 of 10
[-        ] NFC…:KRAKENTOOLS_KREPORT2KRONA -
[-        ] NFC…ON_KRONA:KAIJU_KAIJU2KRONA -
[-        ] NFC…ZATION_KRONA:KRONA_CLEANUP -
[-        ] NFC…N_KRONA:KRONA_KTIMPORTTEXT -
[-        ] NFC…KRONA:MEGAN_RMA2INFO_KRONA -
[-        ] NFC…VISUALIZATION_KRONA:GUNZIP -
[-        ] NFC…ONA:KRONA_KTIMPORTTAXONOMY -
[-        ] NFC…ON_PROFILES:TAXPASTA_MERGE -
[-        ] NFC…FILES:TAXPASTA_STANDARDISE -
[-        ] NFC…CKEN_COMBINEBRACKENOUTPUTS -
Plus 7 more processes waiting for tasks…


executor >  slurm (80)
[-        ] NFC…PROFILER:TAXPROFILER:UNTAR -
[96/b51c19] NFC…TAXPROFILER:FASTQC (GHA.4) | 10 of 10 ✔
[-        ] NFC…ORTREAD_FASTP:FASTP_SINGLE -
[56/2355f2] NFC…FASTP:FASTP_PAIRED (GHA.4) | 10 of 10 ✔
[15/4d8f96] NFC…G:FASTQC_PROCESSED (GHA.4) | 10 of 10 ✔
[1d/449e77] NFC…TERING:BBMAP_BBDUK (GHA.4) | 10 of 10 ✔
[d9/06973b] NFC…OVAL:BOWTIE2_ALIGN (GHA.4) | 10 of 10 ✔
[72/931405] NFC…VAL:SAMTOOLS_INDEX (GHA.4) | 10 of 10 ✔
[80/270d0f] NFC…VAL:SAMTOOLS_STATS (GHA.4) | 9 of 10
[1a/ea39b2] NFC…DIAMOND_BLASTX (db6|GHA.4) | 0 of 10
[-        ] NFC…:KRAKENTOOLS_KREPORT2KRONA -
[-        ] NFC…ON_KRONA:KAIJU_KAIJU2KRONA -
[-        ] NFC…ZATION_KRONA:KRONA_CLEANUP -
[-        ] NFC…N_KRONA:KRONA_KTIMPORTTEXT -
[-        ] NFC…KRONA:MEGAN_RMA2INFO_KRONA -
[-        ] NFC…VISUALIZATION_KRONA:GUNZIP -
[-        ] NFC…ONA:KRONA_KTIMPORTTAXONOMY -
[-        ] NFC…ON_PROFILES:TAXPASTA_MERGE -
[-        ] NFC…FILES:TAXPASTA_STANDARDISE -
[-        ] NFC…CKEN_COMBINEBRACKENOUTPUTS -
Plus 7 more processes waiting for tasks…

executor >  slurm (80)
[-        ] NFC…PROFILER:TAXPROFILER:UNTAR -
[96/b51c19] NFC…TAXPROFILER:FASTQC (GHA.4) | 10 of 10 ✔
[-        ] NFC…ORTREAD_FASTP:FASTP_SINGLE -
[56/2355f2] NFC…FASTP:FASTP_PAIRED (GHA.4) | 10 of 10 ✔
[15/4d8f96] NFC…G:FASTQC_PROCESSED (GHA.4) | 10 of 10 ✔
[1d/449e77] NFC…TERING:BBMAP_BBDUK (GHA.4) | 10 of 10 ✔
[d9/06973b] NFC…OVAL:BOWTIE2_ALIGN (GHA.4) | 10 of 10 ✔
[72/931405] NFC…VAL:SAMTOOLS_INDEX (GHA.4) | 10 of 10 ✔
[80/270d0f] NFC…VAL:SAMTOOLS_STATS (GHA.4) | 10 of 10 ✔
[1a/ea39b2] NFC…DIAMOND_BLASTX (db6|GHA.4) | 0 of 10
[-        ] NFC…:KRAKENTOOLS_KREPORT2KRONA -
[-        ] NFC…ON_KRONA:KAIJU_KAIJU2KRONA -
[-        ] NFC…ZATION_KRONA:KRONA_CLEANUP -
[-        ] NFC…N_KRONA:KRONA_KTIMPORTTEXT -
[-        ] NFC…KRONA:MEGAN_RMA2INFO_KRONA -
[-        ] NFC…VISUALIZATION_KRONA:GUNZIP -
[-        ] NFC…ONA:KRONA_KTIMPORTTAXONOMY -
[-        ] NFC…ON_PROFILES:TAXPASTA_MERGE -
[-        ] NFC…FILES:TAXPASTA_STANDARDISE -
[-        ] NFC…CKEN_COMBINEBRACKENOUTPUTS -
Plus 7 more processes waiting for tasks…

executor >  slurm (80)
[-        ] NFC…PROFILER:TAXPROFILER:UNTAR -
[96/b51c19] NFC…TAXPROFILER:FASTQC (GHA.4) | 10 of 10 ✔
[-        ] NFC…ORTREAD_FASTP:FASTP_SINGLE -
[56/2355f2] NFC…FASTP:FASTP_PAIRED (GHA.4) | 10 of 10 ✔
[15/4d8f96] NFC…G:FASTQC_PROCESSED (GHA.4) | 10 of 10 ✔
[1d/449e77] NFC…TERING:BBMAP_BBDUK (GHA.4) | 10 of 10 ✔
[d9/06973b] NFC…OVAL:BOWTIE2_ALIGN (GHA.4) | 10 of 10 ✔
[72/931405] NFC…VAL:SAMTOOLS_INDEX (GHA.4) | 10 of 10 ✔
[80/270d0f] NFC…VAL:SAMTOOLS_STATS (GHA.4) | 10 of 10 ✔
[a4/230db5] NFC…IAMOND_BLASTX (db6|ISR.29) | 1 of 10
[-        ] NFC…:KRAKENTOOLS_KREPORT2KRONA -
[-        ] NFC…ON_KRONA:KAIJU_KAIJU2KRONA -
[-        ] NFC…ZATION_KRONA:KRONA_CLEANUP -
[-        ] NFC…N_KRONA:KRONA_KTIMPORTTEXT -
[-        ] NFC…KRONA:MEGAN_RMA2INFO_KRONA -
[-        ] NFC…VISUALIZATION_KRONA:GUNZIP -
[-        ] NFC…ONA:KRONA_KTIMPORTTAXONOMY -
[-        ] NFC…ON_PROFILES:TAXPASTA_MERGE -
[-        ] NFC…FILES:TAXPASTA_STANDARDISE -
[-        ] NFC…CKEN_COMBINEBRACKENOUTPUTS -
Plus 7 more processes waiting for tasks…

executor >  slurm (80)
[-        ] NFC…PROFILER:TAXPROFILER:UNTAR -
[96/b51c19] NFC…TAXPROFILER:FASTQC (GHA.4) | 10 of 10 ✔
[-        ] NFC…ORTREAD_FASTP:FASTP_SINGLE -
[56/2355f2] NFC…FASTP:FASTP_PAIRED (GHA.4) | 10 of 10 ✔
[15/4d8f96] NFC…G:FASTQC_PROCESSED (GHA.4) | 10 of 10 ✔
[1d/449e77] NFC…TERING:BBMAP_BBDUK (GHA.4) | 10 of 10 ✔
[d9/06973b] NFC…OVAL:BOWTIE2_ALIGN (GHA.4) | 10 of 10 ✔
[72/931405] NFC…VAL:SAMTOOLS_INDEX (GHA.4) | 10 of 10 ✔
[80/270d0f] NFC…VAL:SAMTOOLS_STATS (GHA.4) | 10 of 10 ✔
[54/97b26e] NFC…IAMOND_BLASTX (db6|HUN.61) | 2 of 10
[-        ] NFC…:KRAKENTOOLS_KREPORT2KRONA -
[-        ] NFC…ON_KRONA:KAIJU_KAIJU2KRONA -
[-        ] NFC…ZATION_KRONA:KRONA_CLEANUP -
[-        ] NFC…N_KRONA:KRONA_KTIMPORTTEXT -
[-        ] NFC…KRONA:MEGAN_RMA2INFO_KRONA -
[-        ] NFC…VISUALIZATION_KRONA:GUNZIP -
[-        ] NFC…ONA:KRONA_KTIMPORTTAXONOMY -
[-        ] NFC…ON_PROFILES:TAXPASTA_MERGE -
[-        ] NFC…FILES:TAXPASTA_STANDARDISE -
[-        ] NFC…CKEN_COMBINEBRACKENOUTPUTS -
Plus 7 more processes waiting for tasks…

executor >  slurm (80)
[-        ] NFC…PROFILER:TAXPROFILER:UNTAR -
[96/b51c19] NFC…TAXPROFILER:FASTQC (GHA.4) | 10 of 10 ✔
[-        ] NFC…ORTREAD_FASTP:FASTP_SINGLE -
[56/2355f2] NFC…FASTP:FASTP_PAIRED (GHA.4) | 10 of 10 ✔
[15/4d8f96] NFC…G:FASTQC_PROCESSED (GHA.4) | 10 of 10 ✔
[1d/449e77] NFC…TERING:BBMAP_BBDUK (GHA.4) | 10 of 10 ✔
[d9/06973b] NFC…OVAL:BOWTIE2_ALIGN (GHA.4) | 10 of 10 ✔
[72/931405] NFC…VAL:SAMTOOLS_INDEX (GHA.4) | 10 of 10 ✔
[80/270d0f] NFC…VAL:SAMTOOLS_STATS (GHA.4) | 10 of 10 ✔
[21/7547b0] NFC…IAMOND_BLASTX (db6|HRV.68) | 3 of 10
[-        ] NFC…:KRAKENTOOLS_KREPORT2KRONA -
[-        ] NFC…ON_KRONA:KAIJU_KAIJU2KRONA -
[-        ] NFC…ZATION_KRONA:KRONA_CLEANUP -
[-        ] NFC…N_KRONA:KRONA_KTIMPORTTEXT -
[-        ] NFC…KRONA:MEGAN_RMA2INFO_KRONA -
[-        ] NFC…VISUALIZATION_KRONA:GUNZIP -
[-        ] NFC…ONA:KRONA_KTIMPORTTAXONOMY -
[-        ] NFC…ON_PROFILES:TAXPASTA_MERGE -
[-        ] NFC…FILES:TAXPASTA_STANDARDISE -
[-        ] NFC…CKEN_COMBINEBRACKENOUTPUTS -
Plus 7 more processes waiting for tasks…

executor >  slurm (80)
[-        ] NFC…PROFILER:TAXPROFILER:UNTAR -
[96/b51c19] NFC…TAXPROFILER:FASTQC (GHA.4) | 10 of 10 ✔
[-        ] NFC…ORTREAD_FASTP:FASTP_SINGLE -
[56/2355f2] NFC…FASTP:FASTP_PAIRED (GHA.4) | 10 of 10 ✔
[15/4d8f96] NFC…G:FASTQC_PROCESSED (GHA.4) | 10 of 10 ✔
[1d/449e77] NFC…TERING:BBMAP_BBDUK (GHA.4) | 10 of 10 ✔
[d9/06973b] NFC…OVAL:BOWTIE2_ALIGN (GHA.4) | 10 of 10 ✔
[72/931405] NFC…VAL:SAMTOOLS_INDEX (GHA.4) | 10 of 10 ✔
[80/270d0f] NFC…VAL:SAMTOOLS_STATS (GHA.4) | 10 of 10 ✔
[0f/43092e] NFC…IAMOND_BLASTX (db6|FIN.25) | 4 of 10
[-        ] NFC…:KRAKENTOOLS_KREPORT2KRONA -
[-        ] NFC…ON_KRONA:KAIJU_KAIJU2KRONA -
[-        ] NFC…ZATION_KRONA:KRONA_CLEANUP -
[-        ] NFC…N_KRONA:KRONA_KTIMPORTTEXT -
[-        ] NFC…KRONA:MEGAN_RMA2INFO_KRONA -
[-        ] NFC…VISUALIZATION_KRONA:GUNZIP -
[-        ] NFC…ONA:KRONA_KTIMPORTTAXONOMY -
[-        ] NFC…ON_PROFILES:TAXPASTA_MERGE -
[-        ] NFC…FILES:TAXPASTA_STANDARDISE -
[-        ] NFC…CKEN_COMBINEBRACKENOUTPUTS -
Plus 7 more processes waiting for tasks…

executor >  slurm (80)
[-        ] NFC…PROFILER:TAXPROFILER:UNTAR -
[96/b51c19] NFC…TAXPROFILER:FASTQC (GHA.4) | 10 of 10 ✔
[-        ] NFC…ORTREAD_FASTP:FASTP_SINGLE -
[56/2355f2] NFC…FASTP:FASTP_PAIRED (GHA.4) | 10 of 10 ✔
[15/4d8f96] NFC…G:FASTQC_PROCESSED (GHA.4) | 10 of 10 ✔
[1d/449e77] NFC…TERING:BBMAP_BBDUK (GHA.4) | 10 of 10 ✔
[d9/06973b] NFC…OVAL:BOWTIE2_ALIGN (GHA.4) | 10 of 10 ✔
[72/931405] NFC…VAL:SAMTOOLS_INDEX (GHA.4) | 10 of 10 ✔
[80/270d0f] NFC…VAL:SAMTOOLS_STATS (GHA.4) | 10 of 10 ✔
[d8/2a92c3] NFC…IAMOND_BLASTX (db6|IRN.12) | 5 of 10
[-        ] NFC…:KRAKENTOOLS_KREPORT2KRONA -
[-        ] NFC…ON_KRONA:KAIJU_KAIJU2KRONA -
[-        ] NFC…ZATION_KRONA:KRONA_CLEANUP -
[-        ] NFC…N_KRONA:KRONA_KTIMPORTTEXT -
[-        ] NFC…KRONA:MEGAN_RMA2INFO_KRONA -
[-        ] NFC…VISUALIZATION_KRONA:GUNZIP -
[-        ] NFC…ONA:KRONA_KTIMPORTTAXONOMY -
[-        ] NFC…ON_PROFILES:TAXPASTA_MERGE -
[-        ] NFC…FILES:TAXPASTA_STANDARDISE -
[-        ] NFC…CKEN_COMBINEBRACKENOUTPUTS -
Plus 7 more processes waiting for tasks…

executor >  slurm (80)
[-        ] NFC…PROFILER:TAXPROFILER:UNTAR -
[96/b51c19] NFC…TAXPROFILER:FASTQC (GHA.4) | 10 of 10 ✔
[-        ] NFC…ORTREAD_FASTP:FASTP_SINGLE -
[56/2355f2] NFC…FASTP:FASTP_PAIRED (GHA.4) | 10 of 10 ✔
[15/4d8f96] NFC…G:FASTQC_PROCESSED (GHA.4) | 10 of 10 ✔
[1d/449e77] NFC…TERING:BBMAP_BBDUK (GHA.4) | 10 of 10 ✔
[d9/06973b] NFC…OVAL:BOWTIE2_ALIGN (GHA.4) | 10 of 10 ✔
[72/931405] NFC…VAL:SAMTOOLS_INDEX (GHA.4) | 10 of 10 ✔
[80/270d0f] NFC…VAL:SAMTOOLS_STATS (GHA.4) | 10 of 10 ✔
[4c/4bf72b] NFC…IAMOND_BLASTX (db6|ISL.28) | 6 of 10
[-        ] NFC…:KRAKENTOOLS_KREPORT2KRONA -
[-        ] NFC…ON_KRONA:KAIJU_KAIJU2KRONA -
[-        ] NFC…ZATION_KRONA:KRONA_CLEANUP -
[-        ] NFC…N_KRONA:KRONA_KTIMPORTTEXT -
[-        ] NFC…KRONA:MEGAN_RMA2INFO_KRONA -
[-        ] NFC…VISUALIZATION_KRONA:GUNZIP -
[-        ] NFC…ONA:KRONA_KTIMPORTTAXONOMY -
[-        ] NFC…ON_PROFILES:TAXPASTA_MERGE -
[-        ] NFC…FILES:TAXPASTA_STANDARDISE -
[-        ] NFC…CKEN_COMBINEBRACKENOUTPUTS -
Plus 7 more processes waiting for tasks…

executor >  slurm (80)
[-        ] NFC…PROFILER:TAXPROFILER:UNTAR -
[96/b51c19] NFC…TAXPROFILER:FASTQC (GHA.4) | 10 of 10 ✔
[-        ] NFC…ORTREAD_FASTP:FASTP_SINGLE -
[56/2355f2] NFC…FASTP:FASTP_PAIRED (GHA.4) | 10 of 10 ✔
[15/4d8f96] NFC…G:FASTQC_PROCESSED (GHA.4) | 10 of 10 ✔
[1d/449e77] NFC…TERING:BBMAP_BBDUK (GHA.4) | 10 of 10 ✔
[d9/06973b] NFC…OVAL:BOWTIE2_ALIGN (GHA.4) | 10 of 10 ✔
[72/931405] NFC…VAL:SAMTOOLS_INDEX (GHA.4) | 10 of 10 ✔
[80/270d0f] NFC…VAL:SAMTOOLS_STATS (GHA.4) | 10 of 10 ✔
[d1/95afe0] NFC…IAMOND_BLASTX (db6|GEO.59) | 7 of 10
[-        ] NFC…:KRAKENTOOLS_KREPORT2KRONA -
[-        ] NFC…ON_KRONA:KAIJU_KAIJU2KRONA -
[-        ] NFC…ZATION_KRONA:KRONA_CLEANUP -
[-        ] NFC…N_KRONA:KRONA_KTIMPORTTEXT -
[-        ] NFC…KRONA:MEGAN_RMA2INFO_KRONA -
[-        ] NFC…VISUALIZATION_KRONA:GUNZIP -
[-        ] NFC…ONA:KRONA_KTIMPORTTAXONOMY -
[-        ] NFC…ON_PROFILES:TAXPASTA_MERGE -
[-        ] NFC…FILES:TAXPASTA_STANDARDISE -
[-        ] NFC…CKEN_COMBINEBRACKENOUTPUTS -
Plus 7 more processes waiting for tasks…

executor >  slurm (80)
[-        ] NFC…PROFILER:TAXPROFILER:UNTAR -
[96/b51c19] NFC…TAXPROFILER:FASTQC (GHA.4) | 10 of 10 ✔
[-        ] NFC…ORTREAD_FASTP:FASTP_SINGLE -
[56/2355f2] NFC…FASTP:FASTP_PAIRED (GHA.4) | 10 of 10 ✔
[15/4d8f96] NFC…G:FASTQC_PROCESSED (GHA.4) | 10 of 10 ✔
[1d/449e77] NFC…TERING:BBMAP_BBDUK (GHA.4) | 10 of 10 ✔
[d9/06973b] NFC…OVAL:BOWTIE2_ALIGN (GHA.4) | 10 of 10 ✔
[72/931405] NFC…VAL:SAMTOOLS_INDEX (GHA.4) | 10 of 10 ✔
[80/270d0f] NFC…VAL:SAMTOOLS_STATS (GHA.4) | 10 of 10 ✔
[f3/729d53] NFC…IAMOND_BLASTX (db6|IRL.69) | 8 of 10
[-        ] NFC…:KRAKENTOOLS_KREPORT2KRONA -
[-        ] NFC…ON_KRONA:KAIJU_KAIJU2KRONA -
[-        ] NFC…ZATION_KRONA:KRONA_CLEANUP -
[-        ] NFC…N_KRONA:KRONA_KTIMPORTTEXT -
[-        ] NFC…KRONA:MEGAN_RMA2INFO_KRONA -
[-        ] NFC…VISUALIZATION_KRONA:GUNZIP -
[-        ] NFC…ONA:KRONA_KTIMPORTTAXONOMY -
[-        ] NFC…ON_PROFILES:TAXPASTA_MERGE -
[-        ] NFC…FILES:TAXPASTA_STANDARDISE -
[-        ] NFC…CKEN_COMBINEBRACKENOUTPUTS -
Plus 7 more processes waiting for tasks…

executor >  slurm (80)
[-        ] NFC…PROFILER:TAXPROFILER:UNTAR -
[96/b51c19] NFC…TAXPROFILER:FASTQC (GHA.4) | 10 of 10 ✔
[-        ] NFC…ORTREAD_FASTP:FASTP_SINGLE -
[56/2355f2] NFC…FASTP:FASTP_PAIRED (GHA.4) | 10 of 10 ✔
[15/4d8f96] NFC…G:FASTQC_PROCESSED (GHA.4) | 10 of 10 ✔
[1d/449e77] NFC…TERING:BBMAP_BBDUK (GHA.4) | 10 of 10 ✔
[d9/06973b] NFC…OVAL:BOWTIE2_ALIGN (GHA.4) | 10 of 10 ✔
[72/931405] NFC…VAL:SAMTOOLS_INDEX (GHA.4) | 10 of 10 ✔
[80/270d0f] NFC…VAL:SAMTOOLS_STATS (GHA.4) | 10 of 10 ✔
[c9/c1d84f] NFC…IAMOND_BLASTX (db6|IND.11) | 9 of 10
[-        ] NFC…:KRAKENTOOLS_KREPORT2KRONA -
[-        ] NFC…ON_KRONA:KAIJU_KAIJU2KRONA -
[-        ] NFC…ZATION_KRONA:KRONA_CLEANUP -
[-        ] NFC…N_KRONA:KRONA_KTIMPORTTEXT -
[-        ] NFC…KRONA:MEGAN_RMA2INFO_KRONA -
[-        ] NFC…VISUALIZATION_KRONA:GUNZIP -
[-        ] NFC…ONA:KRONA_KTIMPORTTAXONOMY -
[-        ] NFC…ON_PROFILES:TAXPASTA_MERGE -
[-        ] NFC…FILES:TAXPASTA_STANDARDISE -
[-        ] NFC…CKEN_COMBINEBRACKENOUTPUTS -
Plus 7 more processes waiting for tasks…

executor >  slurm (80)
[-        ] NFC…PROFILER:TAXPROFILER:UNTAR -
[96/b51c19] NFC…TAXPROFILER:FASTQC (GHA.4) | 10 of 10 ✔
[-        ] NFC…ORTREAD_FASTP:FASTP_SINGLE -
[56/2355f2] NFC…FASTP:FASTP_PAIRED (GHA.4) | 10 of 10 ✔
[15/4d8f96] NFC…G:FASTQC_PROCESSED (GHA.4) | 10 of 10 ✔
[1d/449e77] NFC…TERING:BBMAP_BBDUK (GHA.4) | 10 of 10 ✔
[d9/06973b] NFC…OVAL:BOWTIE2_ALIGN (GHA.4) | 10 of 10 ✔
[72/931405] NFC…VAL:SAMTOOLS_INDEX (GHA.4) | 10 of 10 ✔
[80/270d0f] NFC…VAL:SAMTOOLS_STATS (GHA.4) | 10 of 10 ✔
[1a/ea39b2] NFC…DIAMOND_BLASTX (db6|GHA.4) | 10 of 10 ✔
[-        ] NFC…:KRAKENTOOLS_KREPORT2KRONA -
[-        ] NFC…ON_KRONA:KAIJU_KAIJU2KRONA -
[-        ] NFC…ZATION_KRONA:KRONA_CLEANUP -
[-        ] NFC…N_KRONA:KRONA_KTIMPORTTEXT -
[-        ] NFC…KRONA:MEGAN_RMA2INFO_KRONA -
[-        ] NFC…VISUALIZATION_KRONA:GUNZIP -
[-        ] NFC…ONA:KRONA_KTIMPORTTAXONOMY -
[-        ] NFC…ON_PROFILES:TAXPASTA_MERGE -
[-        ] NFC…FILES:TAXPASTA_STANDARDISE -
[-        ] NFC…CKEN_COMBINEBRACKENOUTPUTS -
Plus 7 more processes waiting for tasks…

executor >  slurm (81)
[-        ] NFC…PROFILER:TAXPROFILER:UNTAR -
[96/b51c19] NFC…TAXPROFILER:FASTQC (GHA.4) | 10 of 10 ✔
[-        ] NFC…ORTREAD_FASTP:FASTP_SINGLE -
[56/2355f2] NFC…FASTP:FASTP_PAIRED (GHA.4) | 10 of 10 ✔
[15/4d8f96] NFC…G:FASTQC_PROCESSED (GHA.4) | 10 of 10 ✔
[1d/449e77] NFC…TERING:BBMAP_BBDUK (GHA.4) | 10 of 10 ✔
[d9/06973b] NFC…OVAL:BOWTIE2_ALIGN (GHA.4) | 10 of 10 ✔
[72/931405] NFC…VAL:SAMTOOLS_INDEX (GHA.4) | 10 of 10 ✔
[80/270d0f] NFC…VAL:SAMTOOLS_STATS (GHA.4) | 10 of 10 ✔
[1a/ea39b2] NFC…DIAMOND_BLASTX (db6|GHA.4) | 10 of 10 ✔
[-        ] NFC…:KRAKENTOOLS_KREPORT2KRONA -
[-        ] NFC…ON_KRONA:KAIJU_KAIJU2KRONA -
[-        ] NFC…ZATION_KRONA:KRONA_CLEANUP -
[-        ] NFC…N_KRONA:KRONA_KTIMPORTTEXT -
[-        ] NFC…KRONA:MEGAN_RMA2INFO_KRONA -
[-        ] NFC…VISUALIZATION_KRONA:GUNZIP -
[-        ] NFC…ONA:KRONA_KTIMPORTTAXONOMY -
[64/42cde9] NFC…XPASTA_MERGE (diamond|db6) | 0 of 1
[-        ] NFC…FILES:TAXPASTA_STANDARDISE -
[-        ] NFC…CKEN_COMBINEBRACKENOUTPUTS -
Plus 7 more processes waiting for tasks…

executor >  slurm (81)
[-        ] NFC…PROFILER:TAXPROFILER:UNTAR -
[96/b51c19] NFC…TAXPROFILER:FASTQC (GHA.4) | 10 of 10 ✔
[-        ] NFC…ORTREAD_FASTP:FASTP_SINGLE -
[56/2355f2] NFC…FASTP:FASTP_PAIRED (GHA.4) | 10 of 10 ✔
[15/4d8f96] NFC…G:FASTQC_PROCESSED (GHA.4) | 10 of 10 ✔
[1d/449e77] NFC…TERING:BBMAP_BBDUK (GHA.4) | 10 of 10 ✔
[d9/06973b] NFC…OVAL:BOWTIE2_ALIGN (GHA.4) | 10 of 10 ✔
[72/931405] NFC…VAL:SAMTOOLS_INDEX (GHA.4) | 10 of 10 ✔
[80/270d0f] NFC…VAL:SAMTOOLS_STATS (GHA.4) | 10 of 10 ✔
[1a/ea39b2] NFC…DIAMOND_BLASTX (db6|GHA.4) | 10 of 10 ✔
[-        ] NFC…:KRAKENTOOLS_KREPORT2KRONA -
[-        ] NFC…ON_KRONA:KAIJU_KAIJU2KRONA -
[-        ] NFC…ZATION_KRONA:KRONA_CLEANUP -
[-        ] NFC…N_KRONA:KRONA_KTIMPORTTEXT -
[-        ] NFC…KRONA:MEGAN_RMA2INFO_KRONA -
[-        ] NFC…VISUALIZATION_KRONA:GUNZIP -
[-        ] NFC…ONA:KRONA_KTIMPORTTAXONOMY -
[64/42cde9] NFC…XPASTA_MERGE (diamond|db6) | 0 of 1
[-        ] NFC…FILES:TAXPASTA_STANDARDISE -
[-        ] NFC…CKEN_COMBINEBRACKENOUTPUTS -
Plus 7 more processes waiting for tasks…

executor >  slurm (81)
[-        ] NFC…PROFILER:TAXPROFILER:UNTAR -
[96/b51c19] NFC…TAXPROFILER:FASTQC (GHA.4) | 10 of 10 ✔
[-        ] NFC…ORTREAD_FASTP:FASTP_SINGLE -
[56/2355f2] NFC…FASTP:FASTP_PAIRED (GHA.4) | 10 of 10 ✔
[15/4d8f96] NFC…G:FASTQC_PROCESSED (GHA.4) | 10 of 10 ✔
[1d/449e77] NFC…TERING:BBMAP_BBDUK (GHA.4) | 10 of 10 ✔
[d9/06973b] NFC…OVAL:BOWTIE2_ALIGN (GHA.4) | 10 of 10 ✔
[72/931405] NFC…VAL:SAMTOOLS_INDEX (GHA.4) | 10 of 10 ✔
[80/270d0f] NFC…VAL:SAMTOOLS_STATS (GHA.4) | 10 of 10 ✔
[1a/ea39b2] NFC…DIAMOND_BLASTX (db6|GHA.4) | 10 of 10 ✔
[-        ] NFC…:KRAKENTOOLS_KREPORT2KRONA -
[-        ] NFC…ON_KRONA:KAIJU_KAIJU2KRONA -
[-        ] NFC…ZATION_KRONA:KRONA_CLEANUP -
[-        ] NFC…N_KRONA:KRONA_KTIMPORTTEXT -
[-        ] NFC…KRONA:MEGAN_RMA2INFO_KRONA -
[-        ] NFC…VISUALIZATION_KRONA:GUNZIP -
[-        ] NFC…ONA:KRONA_KTIMPORTTAXONOMY -
[64/42cde9] NFC…XPASTA_MERGE (diamond|db6) | 1 of 1 ✔
[-        ] NFC…FILES:TAXPASTA_STANDARDISE -
[-        ] NFC…CKEN_COMBINEBRACKENOUTPUTS -
Plus 7 more processes waiting for tasks…

executor >  slurm (82)
[-        ] NFC…PROFILER:TAXPROFILER:UNTAR -
[96/b51c19] NFC…TAXPROFILER:FASTQC (GHA.4) | 10 of 10 ✔
[-        ] NFC…ORTREAD_FASTP:FASTP_SINGLE -
[56/2355f2] NFC…FASTP:FASTP_PAIRED (GHA.4) | 10 of 10 ✔
[15/4d8f96] NFC…G:FASTQC_PROCESSED (GHA.4) | 10 of 10 ✔
[1d/449e77] NFC…TERING:BBMAP_BBDUK (GHA.4) | 10 of 10 ✔
[d9/06973b] NFC…OVAL:BOWTIE2_ALIGN (GHA.4) | 10 of 10 ✔
[72/931405] NFC…VAL:SAMTOOLS_INDEX (GHA.4) | 10 of 10 ✔
[80/270d0f] NFC…VAL:SAMTOOLS_STATS (GHA.4) | 10 of 10 ✔
[1a/ea39b2] NFC…DIAMOND_BLASTX (db6|GHA.4) | 10 of 10 ✔
[-        ] NFC…:KRAKENTOOLS_KREPORT2KRONA -
[-        ] NFC…ON_KRONA:KAIJU_KAIJU2KRONA -
[-        ] NFC…ZATION_KRONA:KRONA_CLEANUP -
[-        ] NFC…N_KRONA:KRONA_KTIMPORTTEXT -
[-        ] NFC…KRONA:MEGAN_RMA2INFO_KRONA -
[-        ] NFC…VISUALIZATION_KRONA:GUNZIP -
[-        ] NFC…ONA:KRONA_KTIMPORTTAXONOMY -
[64/42cde9] NFC…XPASTA_MERGE (diamond|db6) | 1 of 1 ✔
[-        ] NFC…FILES:TAXPASTA_STANDARDISE -
[-        ] NFC…CKEN_COMBINEBRACKENOUTPUTS -
[c8/ce290e] NFC…OFILER:TAXPROFILER:MULTIQC | 0 of 1
Plus 6 more processes waiting for tasks…

executor >  slurm (82)
[-        ] NFC…PROFILER:TAXPROFILER:UNTAR -
[96/b51c19] NFC…TAXPROFILER:FASTQC (GHA.4) | 10 of 10 ✔
[-        ] NFC…ORTREAD_FASTP:FASTP_SINGLE -
[56/2355f2] NFC…FASTP:FASTP_PAIRED (GHA.4) | 10 of 10 ✔
[15/4d8f96] NFC…G:FASTQC_PROCESSED (GHA.4) | 10 of 10 ✔
[1d/449e77] NFC…TERING:BBMAP_BBDUK (GHA.4) | 10 of 10 ✔
[d9/06973b] NFC…OVAL:BOWTIE2_ALIGN (GHA.4) | 10 of 10 ✔
[72/931405] NFC…VAL:SAMTOOLS_INDEX (GHA.4) | 10 of 10 ✔
[80/270d0f] NFC…VAL:SAMTOOLS_STATS (GHA.4) | 10 of 10 ✔
[1a/ea39b2] NFC…DIAMOND_BLASTX (db6|GHA.4) | 10 of 10 ✔
[-        ] NFC…:KRAKENTOOLS_KREPORT2KRONA -
[-        ] NFC…ON_KRONA:KAIJU_KAIJU2KRONA -
[-        ] NFC…ZATION_KRONA:KRONA_CLEANUP -
[-        ] NFC…N_KRONA:KRONA_KTIMPORTTEXT -
[-        ] NFC…KRONA:MEGAN_RMA2INFO_KRONA -
[-        ] NFC…VISUALIZATION_KRONA:GUNZIP -
[-        ] NFC…ONA:KRONA_KTIMPORTTAXONOMY -
[64/42cde9] NFC…XPASTA_MERGE (diamond|db6) | 1 of 1 ✔
[-        ] NFC…FILES:TAXPASTA_STANDARDISE -
[-        ] NFC…CKEN_COMBINEBRACKENOUTPUTS -
[c8/ce290e] NFC…OFILER:TAXPROFILER:MULTIQC | 0 of 1
Plus 6 more processes waiting for tasks…

executor >  slurm (82)
[-        ] NFC…PROFILER:TAXPROFILER:UNTAR -
[96/b51c19] NFC…TAXPROFILER:FASTQC (GHA.4) | 10 of 10 ✔
[-        ] NFC…ORTREAD_FASTP:FASTP_SINGLE -
[56/2355f2] NFC…FASTP:FASTP_PAIRED (GHA.4) | 10 of 10 ✔
[15/4d8f96] NFC…G:FASTQC_PROCESSED (GHA.4) | 10 of 10 ✔
[1d/449e77] NFC…TERING:BBMAP_BBDUK (GHA.4) | 10 of 10 ✔
[d9/06973b] NFC…OVAL:BOWTIE2_ALIGN (GHA.4) | 10 of 10 ✔
[72/931405] NFC…VAL:SAMTOOLS_INDEX (GHA.4) | 10 of 10 ✔
[80/270d0f] NFC…VAL:SAMTOOLS_STATS (GHA.4) | 10 of 10 ✔
[1a/ea39b2] NFC…DIAMOND_BLASTX (db6|GHA.4) | 10 of 10 ✔
[-        ] NFC…:KRAKENTOOLS_KREPORT2KRONA -
[-        ] NFC…ON_KRONA:KAIJU_KAIJU2KRONA -
[-        ] NFC…ZATION_KRONA:KRONA_CLEANUP -
[-        ] NFC…N_KRONA:KRONA_KTIMPORTTEXT -
[-        ] NFC…KRONA:MEGAN_RMA2INFO_KRONA -
[-        ] NFC…VISUALIZATION_KRONA:GUNZIP -
[-        ] NFC…ONA:KRONA_KTIMPORTTAXONOMY -
[64/42cde9] NFC…XPASTA_MERGE (diamond|db6) | 1 of 1 ✔
[-        ] NFC…FILES:TAXPASTA_STANDARDISE -
[-        ] NFC…CKEN_COMBINEBRACKENOUTPUTS -
[c8/ce290e] NFC…OFILER:TAXPROFILER:MULTIQC | 1 of 1 ✔
Plus 6 more processes waiting for tasks…

executor >  slurm (82)
[-        ] NFC…PROFILER:TAXPROFILER:UNTAR -
[96/b51c19] NFC…TAXPROFILER:FASTQC (GHA.4) | 10 of 10 ✔
[-        ] NFC…ORTREAD_FASTP:FASTP_SINGLE -
[56/2355f2] NFC…FASTP:FASTP_PAIRED (GHA.4) | 10 of 10 ✔
[15/4d8f96] NFC…G:FASTQC_PROCESSED (GHA.4) | 10 of 10 ✔
[1d/449e77] NFC…TERING:BBMAP_BBDUK (GHA.4) | 10 of 10 ✔
[d9/06973b] NFC…OVAL:BOWTIE2_ALIGN (GHA.4) | 10 of 10 ✔
[72/931405] NFC…VAL:SAMTOOLS_INDEX (GHA.4) | 10 of 10 ✔
[80/270d0f] NFC…VAL:SAMTOOLS_STATS (GHA.4) | 10 of 10 ✔
[1a/ea39b2] NFC…DIAMOND_BLASTX (db6|GHA.4) | 10 of 10 ✔
[-        ] NFC…:KRAKENTOOLS_KREPORT2KRONA -
[-        ] NFC…ON_KRONA:KAIJU_KAIJU2KRONA -
[-        ] NFC…ZATION_KRONA:KRONA_CLEANUP -
[-        ] NFC…N_KRONA:KRONA_KTIMPORTTEXT -
[-        ] NFC…KRONA:MEGAN_RMA2INFO_KRONA -
[-        ] NFC…VISUALIZATION_KRONA:GUNZIP -
[-        ] NFC…ONA:KRONA_KTIMPORTTAXONOMY -
[64/42cde9] NFC…XPASTA_MERGE (diamond|db6) | 1 of 1 ✔
[-        ] NFC…FILES:TAXPASTA_STANDARDISE -
[-        ] NFC…CKEN_COMBINEBRACKENOUTPUTS -
[c8/ce290e] NFC…OFILER:TAXPROFILER:MULTIQC | 1 of 1 ✔
Plus 6 more processes waiting for tasks…
-[nf-core/taxprofiler] Pipeline completed successfully-

executor >  slurm (82)
[-        ] NFC…PROFILER:TAXPROFILER:UNTAR -
[96/b51c19] NFC…TAXPROFILER:FASTQC (GHA.4) | 10 of 10 ✔
[-        ] NFC…ORTREAD_FASTP:FASTP_SINGLE -
[56/2355f2] NFC…FASTP:FASTP_PAIRED (GHA.4) | 10 of 10 ✔
[15/4d8f96] NFC…G:FASTQC_PROCESSED (GHA.4) | 10 of 10 ✔
[1d/449e77] NFC…TERING:BBMAP_BBDUK (GHA.4) | 10 of 10 ✔
[d9/06973b] NFC…OVAL:BOWTIE2_ALIGN (GHA.4) | 10 of 10 ✔
[72/931405] NFC…VAL:SAMTOOLS_INDEX (GHA.4) | 10 of 10 ✔
[80/270d0f] NFC…VAL:SAMTOOLS_STATS (GHA.4) | 10 of 10 ✔
[1a/ea39b2] NFC…DIAMOND_BLASTX (db6|GHA.4) | 10 of 10 ✔
[-        ] NFC…:KRAKENTOOLS_KREPORT2KRONA -
[-        ] NFC…ON_KRONA:KAIJU_KAIJU2KRONA -
[-        ] NFC…ZATION_KRONA:KRONA_CLEANUP -
[-        ] NFC…N_KRONA:KRONA_KTIMPORTTEXT -
[-        ] NFC…KRONA:MEGAN_RMA2INFO_KRONA -
[-        ] NFC…VISUALIZATION_KRONA:GUNZIP -
[-        ] NFC…ONA:KRONA_KTIMPORTTAXONOMY -
[64/42cde9] NFC…XPASTA_MERGE (diamond|db6) | 1 of 1 ✔
[-        ] NFC…FILES:TAXPASTA_STANDARDISE -
[-        ] NFC…CKEN_COMBINEBRACKENOUTPUTS -
[c8/ce290e] NFC…OFILER:TAXPROFILER:MULTIQC | 1 of 1 ✔
Plus 6 more processes waiting for tasks…
-[nf-core/taxprofiler] Pipeline completed successfully-
Completed at: 07-Dec-2025 17:57:13
Duration    : 2d 4h 18m 24s
CPU hours   : 3'226.7
Succeeded   : 82


